intersect_bp,f_orig_query,f_match,f_unique_to_query,f_unique_weighted,average_abund,median_abund,std_abund,match_filename,match_name,match_md5,f_match_orig,unique_intersect_bp,gather_result_rank,remaining_bp,query_filename,query_name,query_md5,query_bp,ksize,moltype,scaled,query_n_hashes,query_abundance,query_containment_ani,match_containment_ani,average_containment_ani,max_containment_ani,n_unique_weighted_found,sum_weighted_found,total_weighted_hashes
4286000,0.008603177916770377,0.6601971657424522,0.008603177916770377,0.013328210231925321,12.342277181521231,6.0,82.2359586089213,signatures/514bdd6aa640f40cc6414be0e11ec2f6.sig.gz,"GCF_001314995.1 Bacteroides ovatus strain=ATCC 8483, ASM131499v1",514bdd6aa640f40cc6414be0e11ec2f6,0.6601971657424522,4286000,0,493902000,/nfs3_ib/nfs-ip34/home/def-ilafores/analysis/MethodsComparison/Feces_RA/preproc/SRR5091502/SRR5091502_unmatched_2.fastq,SRR5091502,0ff6e9e70ddf33d9c9c42baf7a71b92d,498188000,31,DNA,1000,498188,true,0.8577803509354219,0.9866952128643213,0.9222377818998716,0.9866952128643213,52899,52899,3968950
4126000,0.008282014018804146,0.8236,0.008265955823905834,0.09857216644200607,95.00437105390967,104.0,67.27396800098555,signatures/960cc77fc7b96d595712107aaa1524b5.sig.gz,"GCF_000012825.1 Bacteroides vulgatus ATCC 8482 strain=ATCC 8482, ASM1282v1",960cc77fc7b96d595712107aaa1524b5,0.8252,4118000,1,489784000,/nfs3_ib/nfs-ip34/home/def-ilafores/analysis/MethodsComparison/Feces_RA/preproc/SRR5091502/SRR5091502_unmatched_2.fastq,SRR5091502,0ff6e9e70ddf33d9c9c42baf7a71b92d,498188000,31,DNA,1000,498188,true,0.8567282654643492,0.9938214405509055,0.9252748530076274,0.9938214405509055,391228,444127,3968950
4101000,0.008231832159746924,0.6854310199966392,0.008187672123776567,0.011168193098930447,10.866879137043393,4.0,44.141053842371406,signatures/ddc3bbfa80864ba686c6a00380ae271a.sig.gz,"GCF_000172175.1 Bacteroides intestinalis DSM 17393 strain=DSM 17393, ASM17217v1",ddc3bbfa80864ba686c6a00380ae271a,0.6891278776676188,4079000,2,485705000,/nfs3_ib/nfs-ip34/home/def-ilafores/analysis/MethodsComparison/Feces_RA/preproc/SRR5091502/SRR5091502_unmatched_2.fastq,SRR5091502,0ff6e9e70ddf33d9c9c42baf7a71b92d,498188000,31,DNA,1000,498188,true,0.8565603198472974,0.9880612448951187,0.922310782371208,0.9880612448951187,44326,488453,3968950
3897000,0.00782234818983998,0.83429076447194,0.007579467992003019,0.006802302876075536,7.14989406779661,6.0,5.899295238485047,signatures/47030cb09435e5a03e1ce6a49f0753a5.sig.gz,"GCF_002222615.2 Bacteroides caccae strain=ATCC 43185, ASM222261v2",47030cb09435e5a03e1ce6a49f0753a5,0.8610251878038002,3776000,3,481929000,/nfs3_ib/nfs-ip34/home/def-ilafores/analysis/MethodsComparison/Feces_RA/preproc/SRR5091502/SRR5091502_unmatched_2.fastq,SRR5091502,0ff6e9e70ddf33d9c9c42baf7a71b92d,498188000,31,DNA,1000,498188,true,0.8551516414057335,0.9951848071378412,0.9251682242717874,0.9951848071378412,26998,515451,3968950
3803000,0.00763366439978482,0.7243305721440956,0.007547351602206396,0.007030070925559657,7.4207446808510635,4.0,30.823814630600456,signatures/364f6db3e1881c45e824633d261d9452.sig.gz,"GCF_000381365.1 Bacteroides salyersiae WAL 10018 = DSM 18765 = JCM 12988 strain=DSM 18765, Bact_saly_DSM_18765_V1",364f6db3e1881c45e824633d261d9452,0.7326141398574456,3760000,4,478169000,/nfs3_ib/nfs-ip34/home/def-ilafores/analysis/MethodsComparison/Feces_RA/preproc/SRR5091502/SRR5091502_unmatched_2.fastq,SRR5091502,0ff6e9e70ddf33d9c9c42baf7a71b92d,498188000,31,DNA,1000,498188,true,0.8544783561293048,0.9900135497934984,0.9222459529614015,0.9900135497934984,27902,543353,3968950
3727000,0.007481111548250861,0.7956847203874945,0.007254289545312212,0.05427959535897404,59.610680686220256,52.0,42.33182235868649,signatures/2fc80b3803e2d9af5d93edb14dd1cc3b.sig.gz,GCF_025147485.1 Bacteroides uniformis strain=ATCC 8492 ASM2514748v1,2fc80b3803e2d9af5d93edb14dd1cc3b,0.8205636283575517,3614000,5,474555000,/nfs3_ib/nfs-ip34/home/def-ilafores/analysis/MethodsComparison/Feces_RA/preproc/SRR5091502/SRR5091502_unmatched_2.fastq,SRR5091502,0ff6e9e70ddf33d9c9c42baf7a71b92d,498188000,31,DNA,1000,498188,true,0.8539221172549233,0.9936408275007443,0.9237814723778338,0.9936408275007443,215433,758786,3968950
3486000,0.006997358426939227,0.7131019036954087,0.006391161569527969,0.022495370312047267,28.041143216080403,24.0,53.8727143361955,signatures/a65db27ac6f6490cca7eeb016c93eea7.sig.gz,"GCF_000382445.1 Bacteroides massiliensis B84634 = Timone 84634 = DSM 17679 = JCM 13223 strain=DSM 17679, Bact_mass_DSM_17679_V1",a65db27ac6f6490cca7eeb016c93eea7,0.7807390817469205,3184000,6,471371000,/nfs3_ib/nfs-ip34/home/def-ilafores/analysis/MethodsComparison/Feces_RA/preproc/SRR5091502/SRR5091502_unmatched_2.fastq,SRR5091502,0ff6e9e70ddf33d9c9c42baf7a71b92d,498188000,31,DNA,1000,498188,true,0.8520826960550918,0.9920474589075257,0.9220650774813087,0.9920474589075257,89283,848069,3968950
3150000,0.006322914241210145,0.7306972391202621,0.006268717833428345,0.004131319366583101,5.250400256163945,3.0,19.72427768013575,signatures/b37a0141517537faad74a6d2ac4d5c41.sig.gz,"GCF_000190535.1 Odoribacter splanchnicus DSM 20712 strain=DSM 220712, ASM19053v1",b37a0141517537faad74a6d2ac4d5c41,0.7370145063172672,3123000,7,468248000,/nfs3_ib/nfs-ip34/home/def-ilafores/analysis/MethodsComparison/Feces_RA/preproc/SRR5091502/SRR5091502_unmatched_2.fastq,SRR5091502,0ff6e9e70ddf33d9c9c42baf7a71b92d,498188000,31,DNA,1000,498188,true,0.8493014158964177,0.9902048140970624,0.9197531149967401,0.9902048140970624,16397,864466,3968950
3352000,0.006728383662392511,0.4903174603174603,0.006200470505110521,0.0030557200267073157,3.9261897054062804,2.0,12.517170741463094,signatures/df098e390010d8add7b59e4ff0574d30.sig.gz,"GCF_000011065.1 Bacteroides thetaiotaomicron VPI-5482 strain=VPI-5482, ASM1106v1",df098e390010d8add7b59e4ff0574d30,0.532063492063492,3089000,8,465159000,/nfs3_ib/nfs-ip34/home/def-ilafores/analysis/MethodsComparison/Feces_RA/preproc/SRR5091502/SRR5091502_unmatched_2.fastq,SRR5091502,0ff6e9e70ddf33d9c9c42baf7a71b92d,498188000,31,DNA,1000,498188,true,0.8510059660652767,0.9798511611922116,0.9154285636287441,0.9798511611922116,12128,876594,3968950
2939000,0.005899379350767181,0.6734989148782252,0.005606317293872996,0.006655412640622835,9.457572502685284,7.0,34.733640562596804,signatures/9216287e15b5df82656d9407b3ab0a7c.sig.gz,GCF_025146565.1 Bacteroides eggerthii strain=DSM 20697 ASM2514656v1,9216287e15b5df82656d9407b3ab0a7c,0.7087050880154329,2793000,9,462366000,/nfs3_ib/nfs-ip34/home/def-ilafores/analysis/MethodsComparison/Feces_RA/preproc/SRR5091502/SRR5091502_unmatched_2.fastq,SRR5091502,0ff6e9e70ddf33d9c9c42baf7a71b92d,498188000,31,DNA,1000,498188,true,0.8474040329800322,0.9889544934662368,0.9181792632231345,0.9889544934662368,26415,903009,3968950
3251000,0.006525648951801328,0.5453476983349658,0.0055882518246123955,0.016731881228032604,23.853448275862068,10.0,252.15188262909493,signatures/20d3ad2db691676c0843017fd7066d73.sig.gz,"GCF_009193325.2 Bacteroides sp. HF-5287 strain=HF-5287, ASM919332v2",20d3ad2db691676c0843017fd7066d73,0.6368266405484819,2784000,10,459582000,/nfs3_ib/nfs-ip34/home/def-ilafores/analysis/MethodsComparison/Feces_RA/preproc/SRR5091502/SRR5091502_unmatched_2.fastq,SRR5091502,0ff6e9e70ddf33d9c9c42baf7a71b92d,498188000,31,DNA,1000,498188,true,0.8501665049814691,0.9855487330282929,0.917857619004881,0.9855487330282929,66408,969417,3968950
3334000,0.006692252723871309,0.41796461515197336,0.005548106337366617,0.0024925987981708007,3.579232995658466,3.0,3.934873580164683,signatures/4e1788a417277623d5d9145c388358e7.sig.gz,GCF_028539415.1 Bacteroides cellulosilyticus DSM 14838 strain=DSM 14838 ASM2853941v1,4e1788a417277623d5d9145c388358e7,0.5041584757296235,2764000,11,456818000,/nfs3_ib/nfs-ip34/home/def-ilafores/analysis/MethodsComparison/Feces_RA/preproc/SRR5091502/SRR5091502_unmatched_2.fastq,SRR5091502,0ff6e9e70ddf33d9c9c42baf7a71b92d,498188000,31,DNA,1000,498188,true,0.8508581674473837,0.9781498427499484,0.9145040050986661,0.9781498427499484,9893,979310,3968950
2770000,0.00556014998354035,0.5604102564102564,0.005483873557773371,0.0030252333740661886,4.394948755490483,3.0,7.585357375896533,signatures/5feebdfe795727335c87e462e7a7cc14.sig.gz,"GCF_000012845.1 Parabacteroides distasonis ATCC 8503 strain=ATCC 8503, ASM1284v1",5feebdfe795727335c87e462e7a7cc14,0.5682051282051283,2732000,12,454086000,/nfs3_ib/nfs-ip34/home/def-ilafores/analysis/MethodsComparison/Feces_RA/preproc/SRR5091502/SRR5091502_unmatched_2.fastq,SRR5091502,0ff6e9e70ddf33d9c9c42baf7a71b92d,498188000,31,DNA,1000,498188,true,0.8457867067648949,0.9819306385695028,0.9138586726671989,0.9819306385695028,12007,991317,3968950
2801000,0.005622375488771307,0.7,0.00546580808851277,0.0883067309993827,128.71281674623577,142.0,70.65807198924068,signatures/0af939165079e9d7e74d2ed29256e457.sig.gz,"GCF_003437535.1 Bacteroides plebeius strain=TF10-3AC, ASM343753v1",0af939165079e9d7e74d2ed29256e457,0.7200514138817481,2723000,13,451363000,/nfs3_ib/nfs-ip34/home/def-ilafores/analysis/MethodsComparison/Feces_RA/preproc/SRR5091502/SRR5091502_unmatched_2.fastq,SRR5091502,0ff6e9e70ddf33d9c9c42baf7a71b92d,498188000,31,DNA,1000,498188,true,0.8460904035078232,0.9894613231407294,0.9177758633242763,0.9894613231407294,350485,1341802,3968950
2808000,0.00563642640930733,0.7445934848070079,0.005459786265425904,0.0057768427417830915,8.429411764705883,5.0,17.435031156229257,signatures/00191848f4049b7a1cb875559983f7c7.sig.gz,GCF_025145845.1 Alistipes shahii WAL 8301 strain=WAL 8301 ASM2514584v1,00191848f4049b7a1cb875559983f7c7,0.7686832740213523,2720000,14,448643000,/nfs3_ib/nfs-ip34/home/def-ilafores/analysis/MethodsComparison/Feces_RA/preproc/SRR5091502/SRR5091502_unmatched_2.fastq,SRR5091502,0ff6e9e70ddf33d9c9c42baf7a71b92d,498188000,31,DNA,1000,498188,true,0.8461585298984587,0.9915495762407166,0.9188540530695877,0.9915495762407166,22928,1364730,3968950
2526000,0.00507037503914185,0.6219211822660099,0.005068367764779561,0.00896937477166505,14.098613861386138,11.0,22.40944324595036,signatures/659be16e24434afee44065c0476f013e.sig.gz,GCF_025567015.1 Waltera acetigignens strain=f_CXY ASM2556701v1,659be16e24434afee44065c0476f013e,0.6221674876847291,2525000,15,446118000,/nfs3_ib/nfs-ip34/home/def-ilafores/analysis/MethodsComparison/Feces_RA/preproc/SRR5091502/SRR5091502_unmatched_2.fastq,SRR5091502,0ff6e9e70ddf33d9c9c42baf7a71b92d,498188000,31,DNA,1000,498188,true,0.8432746304505677,0.9848086369811336,0.9140416337158507,0.9848086369811336,35599,1400329,3968950
2602000,0.005222927890675809,0.5576438230575292,0.004883698523448979,0.0034981544237140806,5.706535141800247,5.0,6.350382640109949,signatures/a8c995daf67b413b45a7f31c15f510d6.sig.gz,GCF_025151215.1 Parabacteroides merdae ATCC 43184 strain=ATCC 43184 ASM2515121v1,a8c995daf67b413b45a7f31c15f510d6,0.5963786385514555,2433000,16,443685000,/nfs3_ib/nfs-ip34/home/def-ilafores/analysis/MethodsComparison/Feces_RA/preproc/SRR5091502/SRR5091502_unmatched_2.fastq,SRR5091502,0ff6e9e70ddf33d9c9c42baf7a71b92d,498188000,31,DNA,1000,498188,true,0.8440813867663594,0.9834647012858744,0.9137730440261169,0.9834647012858744,13884,1414213,3968950
2713000,0.005445735344889881,0.6239733059548255,0.004879683974724401,0.016488995830131394,26.920608802961745,26.0,27.859668301189654,signatures/0878062848e44bf823b15b8a5d1eba75.sig.gz,GCF_025147325.1 Bacteroides stercoris ATCC 43183 strain=ATCC 43183 ASM2514732v1,0878062848e44bf823b15b8a5d1eba75,0.6963552361396304,2431000,17,441254000,/nfs3_ib/nfs-ip34/home/def-ilafores/analysis/MethodsComparison/Feces_RA/preproc/SRR5091502/SRR5091502_unmatched_2.fastq,SRR5091502,0ff6e9e70ddf33d9c9c42baf7a71b92d,498188000,31,DNA,1000,498188,true,0.8452196118202303,0.9883938336401588,0.9168067227301946,0.9883938336401588,65444,1479657,3968950
2335000,0.0046869856359446635,0.707635009310987,0.004576585546018772,0.004894241550032125,8.519736842105264,7.0,9.457131158829792,signatures/56a187d0b325a22e72d7369e11bd76b9.sig.gz,"GCF_006542665.1 Alistipes communis strain=5CBH24, Acom_1.0",56a187d0b325a22e72d7369e11bd76b9,0.7247051520794537,2280000,18,438974000,/nfs3_ib/nfs-ip34/home/def-ilafores/analysis/MethodsComparison/Feces_RA/preproc/SRR5091502/SRR5091502_unmatched_2.fastq,SRR5091502,0ff6e9e70ddf33d9c9c42baf7a71b92d,498188000,31,DNA,1000,498188,true,0.8411385475662266,0.989666969499834,0.9154027585330303,0.989666969499834,19425,1499082,3968950
2264000,0.004544469156222149,0.7158227848101266,0.0045404546074975715,0.004322049912445357,7.583554376657825,6.0,12.78205576973531,signatures/b6d8d2dfdb7d6c7ed581d206bd3f104c.sig.gz,"GCF_003477605.1 Clostridium sp. AF37-5 strain=AF37-5, ASM347760v1",b6d8d2dfdb7d6c7ed581d206bd3f104c,0.7164556962025317,2262000,19,436712000,/nfs3_ib/nfs-ip34/home/def-ilafores/analysis/MethodsComparison/Feces_RA/preproc/SRR5091502/SRR5091502_unmatched_2.fastq,SRR5091502,0ff6e9e70ddf33d9c9c42baf7a71b92d,498188000,31,DNA,1000,498188,true,0.8403011166239641,0.9893015474254603,0.9148013320247121,0.9893015474254603,17154,1516236,3968950
2298000,0.004612716484539973,0.6515415939499709,0.004496294571527215,0.009853739654064678,17.459375,8.0,39.06934256141,signatures/1275c6492572d77c9e61dd4c70260ff4.sig.gz,"GCF_000296465.1 Barnesiella intestinihominis YIT 11860 strain=YIT 11860, Barn_inte_YIT_11860_V1",1275c6492572d77c9e61dd4c70260ff4,0.6684118673647469,2240000,20,434472000,/nfs3_ib/nfs-ip34/home/def-ilafores/analysis/MethodsComparison/Feces_RA/preproc/SRR5091502/SRR5091502_unmatched_2.fastq,SRR5091502,0ff6e9e70ddf33d9c9c42baf7a71b92d,498188000,31,DNA,1000,498188,true,0.84070526360306,0.9870888880795663,0.9138970758413132,0.9870888880795663,39109,1555345,3968950
2224000,0.004464178181730592,0.9000404694455686,0.004464178181730592,0.0046387583617833435,8.278327338129497,8.0,4.458981487653678,signatures/4f67be0f727fda42c2baa38b6f3b835d.sig.gz,"GCA_900544375.1 uncultured Ruminococcaceae bacterium, UMGS668",4f67be0f727fda42c2baa38b6f3b835d,0.9000404694455686,2224000,21,432248000,/nfs3_ib/nfs-ip34/home/def-ilafores/analysis/MethodsComparison/Feces_RA/preproc/SRR5091502/SRR5091502_unmatched_2.fastq,SRR5091502,0ff6e9e70ddf33d9c9c42baf7a71b92d,498188000,31,DNA,1000,498188,true,0.8398180611295768,0.9966084883857417,0.9182132747576592,0.9966084883857417,18411,1573756,3968950
2268000,0.004552498253671305,0.538746298124383,0.0043818799328767455,0.003959737462049156,7.199267063673843,3.0,13.886892069011427,signatures/2297ea50ecdd1c8050ea75a720bbf9de.sig.gz,"GCF_000174195.1 Roseburia inulinivorans DSM 16841 strain=DSM 16841, ASM17419v1",2297ea50ecdd1c8050ea75a720bbf9de,0.5597235932872655,2183000,22,430065000,/nfs3_ib/nfs-ip34/home/def-ilafores/analysis/MethodsComparison/Feces_RA/preproc/SRR5091502/SRR5091502_unmatched_2.fastq,SRR5091502,0ff6e9e70ddf33d9c9c42baf7a71b92d,498188000,31,DNA,1000,498188,true,0.84034896705017,0.9814543778601168,0.9109016724551434,0.9814543778601168,15716,1589472,3968950
3539000,0.007103743968140542,0.3711304347826087,0.004283523489124587,0.0026339460058705704,4.898781630740394,3.0,7.125075406373192,signatures/c08f8e47dd318b08d89c36c36e6da9e1.sig.gz,"GCF_000210075.1 Bacteroides xylanisolvens XB1A strain=XB1A, ASM21007v1",c08f8e47dd318b08d89c36c36e6da9e1,0.6154782608695653,2134000,23,427931000,/nfs3_ib/nfs-ip34/home/def-ilafores/analysis/MethodsComparison/Feces_RA/preproc/SRR5091502/SRR5091502_unmatched_2.fastq,SRR5091502,0ff6e9e70ddf33d9c9c42baf7a71b92d,498188000,31,DNA,1000,498188,true,0.852497548381163,0.9844652939553081,0.9184814211682355,0.9844652939553081,10454,1599926,3968950
2229000,0.004474214553542037,0.5023820867079561,0.0042333416300673644,0.003485304677559556,6.559032716927454,5.0,9.02569695441396,signatures/cd255e017b4d3015ea771faa413a355b.sig.gz,"GCF_000233955.1 Paraprevotella clara YIT 11840 strain=YIT 11840, ASM23395v1",cd255e017b4d3015ea771faa413a355b,0.5309671272034302,2109000,24,425822000,/nfs3_ib/nfs-ip34/home/def-ilafores/analysis/MethodsComparison/Feces_RA/preproc/SRR5091502/SRR5091502_unmatched_2.fastq,SRR5091502,0ff6e9e70ddf33d9c9c42baf7a71b92d,498188000,31,DNA,1000,498188,true,0.8398789007834195,0.979785964816762,0.9098324328000907,0.979785964816762,13833,1613759,3968950
2108000,0.004231334355705075,0.45141133376427495,0.004205239788995319,0.0016901195530303985,3.201909307875895,2.0,9.672774882120219,signatures/d4b0f7a75de0de86779fc9973ed01479.sig.gz,GCF_025148635.1 Butyricimonas virosa strain=DSM 23226 ASM2514863v1,d4b0f7a75de0de86779fc9973ed01479,0.4542124542124542,2095000,25,423727000,/nfs3_ib/nfs-ip34/home/def-ilafores/analysis/MethodsComparison/Feces_RA/preproc/SRR5091502/SRR5091502_unmatched_2.fastq,SRR5091502,0ff6e9e70ddf33d9c9c42baf7a71b92d,498188000,31,DNA,1000,498188,true,0.8383681155167643,0.9748635667234786,0.9066158411201215,0.9748635667234786,6708,1620467,3968950
2092000,0.004199217965908452,0.6048269845885432,0.004175130673560985,0.001742274405069351,3.324519230769231,2.0,5.215175227494884,signatures/2648477d04c51d508c027ea6c27bf3b2.sig.gz,"GCF_009494135.1 Prevotella copri strain=iAK278, ASM949413v1",2648477d04c51d508c027ea6c27bf3b2,0.6083163710380924,2080000,26,421647000,/nfs3_ib/nfs-ip34/home/def-ilafores/analysis/MethodsComparison/Feces_RA/preproc/SRR5091502/SRR5091502_unmatched_2.fastq,SRR5091502,0ff6e9e70ddf33d9c9c42baf7a71b92d,498188000,31,DNA,1000,498188,true,0.8381620893039654,0.984093663944789,0.9111278766243772,0.984093663944789,6915,1627382,3968950
2076000,0.0041671015761118296,0.7409789210432297,0.0041630870273872515,0.0025855704909358897,4.9479267116682735,4.0,4.333292440796479,signatures/f2cda40e88295e685c6c31e39bd0803d.sig.gz,"GCA_000436535.1 Eubacterium sp. CAG:252, MGS252",f2cda40e88295e685c6c31e39bd0803d,0.7416934619506966,2074000,27,419573000,/nfs3_ib/nfs-ip34/home/def-ilafores/analysis/MethodsComparison/Feces_RA/preproc/SRR5091502/SRR5091502_unmatched_2.fastq,SRR5091502,0ff6e9e70ddf33d9c9c42baf7a71b92d,498188000,31,DNA,1000,498188,true,0.8379545325153451,0.9904069789381332,0.9141807557267392,0.9904069789381332,10262,1637644,3968950
2057000,0.004128963363228339,0.6726786907147628,0.004042650565649915,0.005956235276332531,11.737835153922543,10.0,8.255285597636565,signatures/26a39e5fdeb7c2d1c6b61c8b390b7046.sig.gz,"GCF_020564355.1 Lachnospira pectinoschiza strain=SL.1.13, ASM2056435v1",26a39e5fdeb7c2d1c6b61c8b390b7046,0.6870407481629927,2014000,28,417559000,/nfs3_ib/nfs-ip34/home/def-ilafores/analysis/MethodsComparison/Feces_RA/preproc/SRR5091502/SRR5091502_unmatched_2.fastq,SRR5091502,0ff6e9e70ddf33d9c9c42baf7a71b92d,498188000,31,DNA,1000,498188,true,0.8377060386859432,0.9879645710488077,0.9128353048673754,0.9879645710488077,23640,1661284,3968950
2012000,0.004038636016925338,0.44287915474356154,0.004038636016925338,0.001298328273220877,2.5611332007952288,2.0,1.9526554046668936,signatures/aa387c39ac911f35b9a9d7259ce43062.sig.gz,"GCF_000701705.1 Bilophila wadsworthia ATCC 49260 strain=ATCC 49260, ASM70170v1",aa387c39ac911f35b9a9d7259ce43062,0.44287915474356154,2012000,29,415547000,/nfs3_ib/nfs-ip34/home/def-ilafores/analysis/MethodsComparison/Feces_RA/preproc/SRR5091502/SRR5091502_unmatched_2.fastq,SRR5091502,0ff6e9e70ddf33d9c9c42baf7a71b92d,498188000,31,DNA,1000,498188,true,0.8371085254265686,0.974069279030258,0.9055889022284133,0.974069279030258,5153,1666437,3968950
2107000,0.004229327081342786,0.5967115097159941,0.0040065196271287145,0.009481097015583466,18.852705410821642,18.0,11.296706548950324,signatures/2761b9bfb8ee41b7d2e36ef75953884e.sig.gz,"GCF_001406815.1 Roseburia faecis strain=M72, M72",2761b9bfb8ee41b7d2e36ef75953884e,0.6298953662182362,1996000,30,413551000,/nfs3_ib/nfs-ip34/home/def-ilafores/analysis/MethodsComparison/Feces_RA/preproc/SRR5091502/SRR5091502_unmatched_2.fastq,SRR5091502,0ff6e9e70ddf33d9c9c42baf7a71b92d,498188000,31,DNA,1000,498188,true,0.8383552832860198,0.9852008719357632,0.9117780776108915,0.9852008719357632,37630,1704067,3968950
1948000,0.003910170457738845,0.6297509829619922,0.0038579813243193335,0.005915166479799444,12.214880332986473,7.0,19.880551920223308,signatures/58b144de4acaed89ce9d8071641d7213.sig.gz,"GCF_023347255.1 Faecalibacterium sp. I4384 strain=I4384, ASM2334725v1",58b144de4acaed89ce9d8071641d7213,0.6382699868938401,1922000,31,411629000,/nfs3_ib/nfs-ip34/home/def-ilafores/analysis/MethodsComparison/Feces_RA/preproc/SRR5091502/SRR5091502_unmatched_2.fastq,SRR5091502,0ff6e9e70ddf33d9c9c42baf7a71b92d,498188000,31,DNA,1000,498188,true,0.8362360639592981,0.9856207093932019,0.91092838667625,0.9856207093932019,23477,1727544,3968950
1990000,0.003994475980954981,0.7337461300309598,0.003805792190899821,0.03254941483263835,68.13660337552743,66.0,32.03475515483192,signatures/db9feafdd9d3e3f2fb5caf52a730ce6a.sig.gz,"GCF_000154465.1 Alistipes putredinis DSM 17216 strain=DSM 17216, ASM15446v1",db9feafdd9d3e3f2fb5caf52a730ce6a,0.7701238390092879,1896000,32,409733000,/nfs3_ib/nfs-ip34/home/def-ilafores/analysis/MethodsComparison/Feces_RA/preproc/SRR5091502/SRR5091502_unmatched_2.fastq,SRR5091502,0ff6e9e70ddf33d9c9c42baf7a71b92d,498188000,31,DNA,1000,498188,true,0.8368116850144307,0.9916094649078012,0.914210574961116,0.9916094649078012,129187,1856731,3968950
1891000,0.003795755819088376,0.8449508489722967,0.003795755819088376,0.0030824273422441705,6.469592808038075,6.0,4.396948703215764,signatures/d6ec1bf8f193a3a0129b996a97606afd.sig.gz,"GCF_003269275.1 Phascolarctobacterium faecium DSM 14760 strain=DSM 14760, ASM326927v1",d6ec1bf8f193a3a0129b996a97606afd,0.8449508489722967,1891000,33,407842000,/nfs3_ib/nfs-ip34/home/def-ilafores/analysis/MethodsComparison/Feces_RA/preproc/SRR5091502/SRR5091502_unmatched_2.fastq,SRR5091502,0ff6e9e70ddf33d9c9c42baf7a71b92d,498188000,31,DNA,1000,498188,true,0.8354353491720051,0.9945800053251097,0.9150076772485574,0.9945800053251097,12234,1868965,3968950
2143000,0.004301588958385188,0.4480550284629981,0.0037917412703637986,0.0020851862583302887,4.381154049761779,2.0,9.623939212901426,signatures/e869cf0b15c41500b90acfad5f73aa6d.sig.gz,"GCF_900537995.1 Roseburia intestinalis L1-82 strain=L1-82, Roseburia intestinalis strain L1-82",e869cf0b15c41500b90acfad5f73aa6d,0.5083017077798861,1889000,34,405953000,/nfs3_ib/nfs-ip34/home/def-ilafores/analysis/MethodsComparison/Feces_RA/preproc/SRR5091502/SRR5091502_unmatched_2.fastq,SRR5091502,0ff6e9e70ddf33d9c9c42baf7a71b92d,498188000,31,DNA,1000,498188,true,0.8388135718735336,0.9784081251135125,0.908610848493523,0.9784081251135125,8276,1877241,3968950
1942000,0.003898126811565112,0.6321331521739131,0.0037355375882197083,0.002907318056412905,6.200429876410532,5.0,5.9975025993651805,signatures/37519ff08fa08b5bc2ed2e92c46c0d51.sig.gz,"GCF_014337155.1 Wujia chipingensis strain=NSJ-4, ASM1433715v1",37519ff08fa08b5bc2ed2e92c46c0d51,0.6596467391304348,1861000,35,404092000,/nfs3_ib/nfs-ip34/home/def-ilafores/analysis/MethodsComparison/Feces_RA/preproc/SRR5091502/SRR5091502_unmatched_2.fastq,SRR5091502,0ff6e9e70ddf33d9c9c42baf7a71b92d,498188000,31,DNA,1000,498188,true,0.8361528535649514,0.9866686654420744,0.9114107595035129,0.9866686654420744,11539,1888780,3968950
1861000,0.0037355375882197083,0.5386233844304178,0.0035970356572217715,0.0024903311959082377,5.515625,4.0,9.251072648352155,signatures/a0e45b07597836dbbf25c50a48739743.sig.gz,"GCA_020687125.1 Oscillospiraceae bacterium CLA-AA-H269 strain=CLA-AA-H269, ASM2068712v1",a0e45b07597836dbbf25c50a48739743,0.5593627892996694,1792000,36,402300000,/nfs3_ib/nfs-ip34/home/def-ilafores/analysis/MethodsComparison/Feces_RA/preproc/SRR5091502/SRR5091502_unmatched_2.fastq,SRR5091502,0ff6e9e70ddf33d9c9c42baf7a71b92d,498188000,31,DNA,1000,498188,true,0.835004488538511,0.9814339632244212,0.9082192258814661,0.9814339632244212,9884,1898664,3968950
1897000,0.00380779946526211,0.6373038516405135,0.003586999285410327,0.007624686629965104,16.93452714045887,16.0,7.779823375179131,signatures/7ab97adfe1aa84492d9fd6e33d09a40b.sig.gz,"GCF_014287955.1 Lachnospira sp. NSJ-43 strain=NSJ-43, ASM1428795v1",7ab97adfe1aa84492d9fd6e33d09a40b,0.6765335235378032,1787000,37,400513000,/nfs3_ib/nfs-ip34/home/def-ilafores/analysis/MethodsComparison/Feces_RA/preproc/SRR5091502/SRR5091502_unmatched_2.fastq,SRR5091502,0ff6e9e70ddf33d9c9c42baf7a71b92d,498188000,31,DNA,1000,498188,true,0.8355207269765551,0.9874735280343654,0.9114971275054602,0.9874735280343654,30262,1928926,3968950
1925000,0.0038640031474062,0.5457616707616708,0.0035669265417874376,0.0020340392295191425,4.54305008441193,4.0,6.011570005177369,signatures/475be866757b5ae72a1570438ae17b63.sig.gz,"GCF_003478335.1 Clostridium sp. AM49-4BH strain=AM49-4BH, ASM347833v1",475be866757b5ae72a1570438ae17b63,0.5912162162162162,1777000,38,398736000,/nfs3_ib/nfs-ip34/home/def-ilafores/analysis/MethodsComparison/Feces_RA/preproc/SRR5091502/SRR5091502_unmatched_2.fastq,SRR5091502,0ff6e9e70ddf33d9c9c42baf7a71b92d,498188000,31,DNA,1000,498188,true,0.8359157326085159,0.9831889267640824,0.9095523296862992,0.9831889267640824,8073,1936999,3968950
1935000,0.0038840758910290893,0.5918576804652754,0.003472584646759858,0.004224039103541239,9.690751445086706,7.0,9.06927583521501,signatures/df3b4f1c13844c81b29c16b0c900e1c5.sig.gz,GCA_025757845.1 Oscillospiraceae bacterium ASM2575784v1,df3b4f1c13844c81b29c16b0c900e1c5,0.6619911050290798,1730000,39,397006000,/nfs3_ib/nfs-ip34/home/def-ilafores/analysis/MethodsComparison/Feces_RA/preproc/SRR5091502/SRR5091502_unmatched_2.fastq,SRR5091502,0ff6e9e70ddf33d9c9c42baf7a71b92d,498188000,31,DNA,1000,498188,true,0.8360554597461564,0.9867815872632808,0.9114185235047185,0.9867815872632808,16765,1953764,3968950
1725000,0.003462548274948413,0.7057613168724279,0.003442475531325524,0.002601947618387735,6.021574344023324,5.0,3.931053149290758,signatures/4a7e38e0e3592b1aa463e455740ac3a1.sig.gz,"GCA_004000625.1 Candidatus Cibiobacter qucibialis, ASM400062v1",4a7e38e0e3592b1aa463e455740ac3a1,0.7098765432098766,1715000,40,395291000,/nfs3_ib/nfs-ip34/home/def-ilafores/analysis/MethodsComparison/Feces_RA/preproc/SRR5091502/SRR5091502_unmatched_2.fastq,SRR5091502,0ff6e9e70ddf33d9c9c42baf7a71b92d,498188000,31,DNA,1000,498188,true,0.8329629263040956,0.9890071833970241,0.9109850548505598,0.9890071833970241,10327,1964091,3968950
1786000,0.0035849920110480383,0.4718232044198895,0.0034284246107895012,0.001231056072764837,2.860655737704918,2.0,3.5486610650428956,signatures/74059216b7cd65a7ff314267c1b83b8e.sig.gz,"GCF_005121165.3 Dysosmobacter welbionis strain=J115, ASM512116v3",74059216b7cd65a7ff314267c1b83b8e,0.49337016574585635,1708000,41,393583000,/nfs3_ib/nfs-ip34/home/def-ilafores/analysis/MethodsComparison/Feces_RA/preproc/SRR5091502/SRR5091502_unmatched_2.fastq,SRR5091502,0ff6e9e70ddf33d9c9c42baf7a71b92d,498188000,31,DNA,1000,498188,true,0.8338972129277653,0.9774675556554067,0.905682384291586,0.9774675556554067,4886,1968977,3968950
1823000,0.003659261162452729,0.5075346594333936,0.0033802500260945666,0.004749366961035034,11.193586698337292,10.0,8.83367325055608,signatures/c7f0f63b1e20051e05be14074e3f6057.sig.gz,GCF_000020605.1 Agathobacter rectalis ATCC 33656 strain=ATCC 33656 ASM2060v1,c7f0f63b1e20051e05be14074e3f6057,0.5494273658830621,1684000,42,391899000,/nfs3_ib/nfs-ip34/home/def-ilafores/analysis/MethodsComparison/Feces_RA/preproc/SRR5091502/SRR5091502_unmatched_2.fastq,SRR5091502,0ff6e9e70ddf33d9c9c42baf7a71b92d,498188000,31,DNA,1000,498188,true,0.8344489784035489,0.9808667419689641,0.9076578601862565,0.9808667419689641,18850,1987827,3968950
1851000,0.003715464844596819,0.4584257206208426,0.003320031795225899,0.002550044722155734,6.119105199516324,5.0,6.789437003321031,signatures/48227f0b50ffcdb8b37511d627bd1277.sig.gz,"GCF_014297285.1 Dysosmobacter sp. BX15 strain=BX15, ASM1429728v1",48227f0b50ffcdb8b37511d627bd1277,0.5130266075388027,1654000,43,390245000,/nfs3_ib/nfs-ip34/home/def-ilafores/analysis/MethodsComparison/Feces_RA/preproc/SRR5091502/SRR5091502_unmatched_2.fastq,SRR5091502,0ff6e9e70ddf33d9c9c42baf7a71b92d,498188000,31,DNA,1000,498188,true,0.8348593734890207,0.9787001927866258,0.9067797831378233,0.9787001927866258,10121,1997948,3968950
1787000,0.003586999285410327,0.5446009389671361,0.0032598135643572305,0.013344587359377165,32.61330049261084,33.0,14.49603208638851,signatures/202b4a96ab763ae8b9d9aa34459e999a.sig.gz,"GCF_009680455.1 Lachnospira eligens strain=BIOML-A1, ASM968045v1",202b4a96ab763ae8b9d9aa34459e999a,0.5992622401073106,1624000,44,388621000,/nfs3_ib/nfs-ip34/home/def-ilafores/analysis/MethodsComparison/Feces_RA/preproc/SRR5091502/SRR5091502_unmatched_2.fastq,SRR5091502,0ff6e9e70ddf33d9c9c42baf7a71b92d,498188000,31,DNA,1000,498188,true,0.8339122703885313,0.9836177382017468,0.9087650042951391,0.9836177382017468,52964,2050912,3968950
1680000,0.003372220928645411,0.4168180638463535,0.00322368262583603,0.0010116025649101147,2.5,2.0,2.0669823270226932,signatures/2de6b86d95365c349243cb609e5c2a62.sig.gz,"GCF_000239295.1 Flavonifractor plautii ATCC 29863 strain=ATCC 29863, ASM23929v1",2de6b86d95365c349243cb609e5c2a62,0.4360238774980535,1606000,45,387015000,/nfs3_ib/nfs-ip34/home/def-ilafores/analysis/MethodsComparison/Feces_RA/preproc/SRR5091502/SRR5091502_unmatched_2.fastq,SRR5091502,0ff6e9e70ddf33d9c9c42baf7a71b92d,498188000,31,DNA,1000,498188,true,0.8322529734446591,0.973579227502823,0.902916100473741,0.973579227502823,4015,2054927,3968950
1899000,0.003811814013986688,0.4301421292571735,0.003219668077111452,0.006400433363987957,15.837281795511222,15.0,7.00999155768363,signatures/f22e85c6befcb1bccc2db3184aa9ec05.sig.gz,GCF_025145285.1 Alistipes onderdonkii strain=DSM 19147 ASM2514528v1,f22e85c6befcb1bccc2db3184aa9ec05,0.5092518101367659,1604000,46,385411000,/nfs3_ib/nfs-ip34/home/def-ilafores/analysis/MethodsComparison/Feces_RA/preproc/SRR5091502/SRR5091502_unmatched_2.fastq,SRR5091502,0ff6e9e70ddf33d9c9c42baf7a71b92d,498188000,31,DNA,1000,498188,true,0.8355491281800226,0.9784670657328335,0.907008096956428,0.9784670657328335,25403,2080330,3968950
1600000,0.0032116389796622963,0.7478952291861553,0.0032096317053000073,0.001815089633278323,4.505315822388993,4.0,4.535986661583662,signatures/c5df505dd06ebc4c265f01d9e2dc2f2f.sig.gz,"GCF_007164725.1 Dialister hominis strain=5BBH33, ASM716472v1",c5df505dd06ebc4c265f01d9e2dc2f2f,0.7483629560336763,1599000,47,383812000,/nfs3_ib/nfs-ip34/home/def-ilafores/analysis/MethodsComparison/Feces_RA/preproc/SRR5091502/SRR5091502_unmatched_2.fastq,SRR5091502,0ff6e9e70ddf33d9c9c42baf7a71b92d,498188000,31,DNA,1000,498188,true,0.8309441404852405,0.9906930261913331,0.9108185833382868,0.9906930261913331,7204,2087534,3968950
1837000,0.0036873630035247737,0.540503744043567,0.003187551687314829,0.003524609783443984,8.80919395465995,6.0,9.144556465586838,signatures/c7d4730d7ef725fd5e285130d735d8de.sig.gz,"GCF_020687245.1 Faecalibacterium longum CLA-AA-H243 strain=CLA-AA-H243, ASM2068724v1",c7d4730d7ef725fd5e285130d735d8de,0.6252552756977535,1588000,48,382224000,/nfs3_ib/nfs-ip34/home/def-ilafores/analysis/MethodsComparison/Feces_RA/preproc/SRR5091502/SRR5091502_unmatched_2.fastq,SRR5091502,0ff6e9e70ddf33d9c9c42baf7a71b92d,498188000,31,DNA,1000,498188,true,0.8346549326482644,0.9849659227857389,0.9098104277170016,0.9849659227857389,13989,2101523,3968950
1683000,0.0033782427517322776,0.34896182183523106,0.0031373698282576054,0.0012789276760856146,3.2476007677543186,2.0,4.247702966084892,signatures/20e22b7a195404638366fe78b372a400.sig.gz,GCF_025148125.1 Blautia wexlerae DSM 19850 strain=DSM 19850 ASM2514812v1,20e22b7a195404638366fe78b372a400,0.37575351640991295,1563000,49,380661000,/nfs3_ib/nfs-ip34/home/def-ilafores/analysis/MethodsComparison/Feces_RA/preproc/SRR5091502/SRR5091502_unmatched_2.fastq,SRR5091502,0ff6e9e70ddf33d9c9c42baf7a71b92d,498188000,31,DNA,1000,498188,true,0.832300872909061,0.9689183819985858,0.9006096274538233,0.9689183819985858,5076,2106599,3968950
1656000,0.0033240463439504764,0.5675477239353891,0.003103246164098694,0.0014958616258708222,3.8402328589909445,3.0,3.6176884613623073,signatures/9c0f681bd333e145d102b5d5db8faa88.sig.gz,"GCF_014384965.1 Jutongia hominis strain=BX3, ASM1438496v1",9c0f681bd333e145d102b5d5db8faa88,0.6079295154185022,1546000,50,379115000,/nfs3_ib/nfs-ip34/home/def-ilafores/analysis/MethodsComparison/Feces_RA/preproc/SRR5091502/SRR5091502_unmatched_2.fastq,SRR5091502,0ff6e9e70ddf33d9c9c42baf7a71b92d,498188000,31,DNA,1000,498188,true,0.8318667705147428,0.9840734696904573,0.9079701201026,0.9840734696904573,5937,2112536,3968950
1924000,0.003861995873043911,0.2977926685061096,0.003032991561418581,0.001821640484259061,4.784910655195235,2.0,19.269675170587934,signatures/50fa5e3a2a6551604f70fcf8a3712902.sig.gz,"GCF_900155865.1 Bacteroides bouchesdurhonensis strain=Marseille-P2653, PRJEB18812",50fa5e3a2a6551604f70fcf8a3712902,0.37918801734331886,1511000,51,377604000,/nfs3_ib/nfs-ip34/home/def-ilafores/analysis/MethodsComparison/Feces_RA/preproc/SRR5091502/SRR5091502_unmatched_2.fastq,SRR5091502,0ff6e9e70ddf33d9c9c42baf7a71b92d,498188000,31,DNA,1000,498188,true,0.835901721281808,0.9692028101306663,0.9025522657062371,0.9692028101306663,7230,2119766,3968950
1513000,0.003037006110143159,0.5556826849733029,0.0029245987458549785,0.0011023066554126406,3.002745367192862,2.0,2.6192871316297515,signatures/f688e4f928dd46c9b090e97a39a1952a.sig.gz,GCF_025152405.1 [Ruminococcus] lactaris ATCC 29176 strain=ATCC 29176 ASM2515240v1,f688e4f928dd46c9b090e97a39a1952a,0.5770404271548436,1457000,52,376147000,/nfs3_ib/nfs-ip34/home/def-ilafores/analysis/MethodsComparison/Feces_RA/preproc/SRR5091502/SRR5091502_unmatched_2.fastq,SRR5091502,0ff6e9e70ddf33d9c9c42baf7a71b92d,498188000,31,DNA,1000,498188,true,0.8294468647047211,0.9824195030117194,0.9059331838582203,0.9824195030117194,4375,2124141,3968950
1465000,0.0029406569407532898,0.4779894875164258,0.0029205841971304005,0.01232593003187241,33.62268041237113,33.0,14.539668490914728,signatures/245cce7c17ed189565ed35f57884004e.sig.gz,GCF_025567495.1 Hominimerdicola aceti strain=Sanger_31 ASM2556749v1,245cce7c17ed189565ed35f57884004e,0.48127463863337716,1455000,53,374692000,/nfs3_ib/nfs-ip34/home/def-ilafores/analysis/MethodsComparison/Feces_RA/preproc/SRR5091502/SRR5091502_unmatched_2.fastq,SRR5091502,0ff6e9e70ddf33d9c9c42baf7a71b92d,498188000,31,DNA,1000,498188,true,0.8285847099624772,0.9766852120818619,0.9026349610221696,0.9766852120818619,48921,2173062,3968950
1503000,0.0030169333665202693,0.49099558273870203,0.002900511453507511,0.0014124642537698888,3.879584775086505,3.0,2.8307564067769357,signatures/5a0b5e0a07aed23520f18cb9b671cee1.sig.gz,GCF_025567345.1 Coprococcus ammoniilyticus strain=H1_22 ASM2556734v1,5a0b5e0a07aed23520f18cb9b671cee1,0.5107033639143731,1445000,54,373247000,/nfs3_ib/nfs-ip34/home/def-ilafores/analysis/MethodsComparison/Feces_RA/preproc/SRR5091502/SRR5091502_unmatched_2.fastq,SRR5091502,0ff6e9e70ddf33d9c9c42baf7a71b92d,498188000,31,DNA,1000,498188,true,0.8292694536507235,0.9785569092592906,0.903913181455007,0.9785569092592906,5606,2178668,3968950
1439000,0.0028884678073337776,0.5327656423546835,0.0028884678073337776,0.0018423008604290807,5.081306462821404,4.0,3.5031492973038927,signatures/f3a90d4e5528864a5bcc8434b0d0c3b1.sig.gz,"GCF_000020225.1 Akkermansia muciniphila ATCC BAA-835 strain=ATCC BAA-835, ASM2022v1",f3a90d4e5528864a5bcc8434b0d0c3b1,0.5327656423546835,1439000,55,371808000,/nfs3_ib/nfs-ip34/home/def-ilafores/analysis/MethodsComparison/Feces_RA/preproc/SRR5091502/SRR5091502_unmatched_2.fastq,SRR5091502,0ff6e9e70ddf33d9c9c42baf7a71b92d,498188000,31,DNA,1000,498188,true,0.8281062251795702,0.9798928469661872,0.9039995360728788,0.9798928469661872,7312,2185980,3968950
1498000,0.0030068969947088246,0.48337950138504154,0.0028021550097553534,0.0014988850955542398,4.261461318051576,3.0,3.773832256332214,signatures/f264b62f2a1798cf106db911e66dcf25.sig.gz,GCF_025150745.1 Eubacterium ventriosum strain=ATCC 27560 ASM2515074v1,f264b62f2a1798cf106db911e66dcf25,0.5186980609418282,1396000,56,370412000,/nfs3_ib/nfs-ip34/home/def-ilafores/analysis/MethodsComparison/Feces_RA/preproc/SRR5091502/SRR5091502_unmatched_2.fastq,SRR5091502,0ff6e9e70ddf33d9c9c42baf7a71b92d,498188000,31,DNA,1000,498188,true,0.8291803193134624,0.9790473529770842,0.9041138361452733,0.9790473529770842,5949,2191929,3968950
1424000,0.0028583586918994436,0.4467265725288832,0.0027941259123061978,0.0010655211075977274,3.0380747126436782,2.0,2.560052032324954,signatures/bff3e8a1ff2f46748997b855d46008f9.sig.gz,"GCF_000468015.1 Ruminococcus callidus ATCC 27760 strain=ATCC 27760, ASM46801v1",bff3e8a1ff2f46748997b855d46008f9,0.45699614890885754,1392000,57,369020000,/nfs3_ib/nfs-ip34/home/def-ilafores/analysis/MethodsComparison/Feces_RA/preproc/SRR5091502/SRR5091502_unmatched_2.fastq,SRR5091502,0ff6e9e70ddf33d9c9c42baf7a71b92d,498188000,31,DNA,1000,498188,true,0.8278263561524652,0.9750557254369911,0.9014410407947282,0.9750557254369911,4229,2196158,3968950
1403000,0.002816205930291376,0.4697594501718213,0.002743944053248974,0.0012426460398846043,3.607900512070227,2.0,13.7561540308124,signatures/bb8d9d06ff22566eda3308f6d1b019b2.sig.gz,"GCF_014288115.1 Alistipes sp. NSJ-20 strain=NSJ-20, ASM1428811v1",bb8d9d06ff22566eda3308f6d1b019b2,0.48213058419243987,1367000,58,367653000,/nfs3_ib/nfs-ip34/home/def-ilafores/analysis/MethodsComparison/Feces_RA/preproc/SRR5091502/SRR5091502_unmatched_2.fastq,SRR5091502,0ff6e9e70ddf33d9c9c42baf7a71b92d,498188000,31,DNA,1000,498188,true,0.8274297084342741,0.9767411972029402,0.9020854528186071,0.9767411972029402,4932,2201090,3968950
1572000,0.003155435297518206,0.3597995251912424,0.0027379222301621075,0.0010836619256982326,3.153225806451613,2.0,4.597029498492318,signatures/0c12e5258167a95b3340bc8d07d5f489.sig.gz,GCF_027667425.1 Fusicatenibacter saccharivorans strain=AM67-22ACA ASM2766742v1,0c12e5258167a95b3340bc8d07d5f489,0.4146663149564759,1364000,59,366289000,/nfs3_ib/nfs-ip34/home/def-ilafores/analysis/MethodsComparison/Feces_RA/preproc/SRR5091502/SRR5091502_unmatched_2.fastq,SRR5091502,0ff6e9e70ddf33d9c9c42baf7a71b92d,498188000,31,DNA,1000,498188,true,0.8304710408620388,0.9720032159973003,0.9012371284296696,0.9720032159973003,4301,2205391,3968950
1321000,0.0026516094325836834,0.6731259561448241,0.0026496021582213944,0.003534939971528994,10.628787878787879,10.0,5.193826905539074,signatures/7a4047ba2801180a4e73042a8d125271.sig.gz,"GCA_019117105.1 Candidatus Duodenibacillus intestinigallinarum, ASM1911710v1",7a4047ba2801180a4e73042a8d125271,0.6736359000509944,1320000,60,364969000,/nfs3_ib/nfs-ip34/home/def-ilafores/analysis/MethodsComparison/Feces_RA/preproc/SRR5091502/SRR5091502_unmatched_2.fastq,SRR5091502,0ff6e9e70ddf33d9c9c42baf7a71b92d,498188000,31,DNA,1000,498188,true,0.8258238191099856,0.9873368124417146,0.9065803157758501,0.9873368124417146,14030,2219421,3968950
1477000,0.002964744233100757,0.5208581644815257,0.002631536688960794,0.0012635583718615755,3.8253241800152553,3.0,4.153151160177728,signatures/be471ee2a9a4d83e479673ce2822bf12.sig.gz,"GCF_018408575.1 Oscillibacter sp. MM50 strain=MM50, ASM1840857v1",be471ee2a9a4d83e479673ce2822bf12,0.5868096940802543,1311000,61,363658000,/nfs3_ib/nfs-ip34/home/def-ilafores/analysis/MethodsComparison/Feces_RA/preproc/SRR5091502/SRR5091502_unmatched_2.fastq,SRR5091502,0ff6e9e70ddf33d9c9c42baf7a71b92d,498188000,31,DNA,1000,498188,true,0.8288027836900985,0.9829516823387626,0.9058772330144306,0.9829516823387626,5015,2224436,3968950
1332000,0.0026736894505688617,0.19233693173179262,0.002539202068295503,0.0005820179140578742,1.826086956521739,1.0,1.4451059921012512,signatures/11738e55529f14d9b03ad3cf14f0e681.sig.gz,"GCF_014647375.1 Parabacteroides faecis strain=JCM 18682, ASM1464737v1",11738e55529f14d9b03ad3cf14f0e681,0.20252394708833815,1265000,62,362393000,/nfs3_ib/nfs-ip34/home/def-ilafores/analysis/MethodsComparison/Feces_RA/preproc/SRR5091502/SRR5091502_unmatched_2.fastq,SRR5091502,0ff6e9e70ddf33d9c9c42baf7a71b92d,498188000,31,DNA,1000,498188,true,0.8260447577718059,0.9497914820687839,0.8879181199202949,0.9497914820687839,2310,2226746,3968950
1654000,0.003320031795225899,0.39513581806696146,0.002511100227223458,0.005268395923355044,16.71462829736211,16.0,9.123152542398767,signatures/1536305f1db2c6485876fc17c9a7e45f.sig.gz,"GCF_010509575.1 Faecalibacterium prausnitzii A2-165 strain=JCM 31915, ASM1050957v1",1536305f1db2c6485876fc17c9a7e45f,0.5224257738471257,1251000,63,361142000,/nfs3_ib/nfs-ip34/home/def-ilafores/analysis/MethodsComparison/Feces_RA/preproc/SRR5091502/SRR5091502_unmatched_2.fastq,SRR5091502,0ff6e9e70ddf33d9c9c42baf7a71b92d,498188000,31,DNA,1000,498188,true,0.831834342850468,0.979273538125483,0.9055539404879756,0.979273538125483,20910,2247656,3968950
1451000,0.002912555099681245,0.3766586248492159,0.00250708567849888,0.0009241738998979579,2.936749399519616,2.0,2.86722502526852,signatures/fc95d81881dbf484815547131bbb9759.sig.gz,"GCA_003480725.1 Clostridiaceae bacterium AM27-36LB strain=AM27-36LB, ASM348072v1",fc95d81881dbf484815547131bbb9759,0.43757539203860074,1249000,64,359893000,/nfs3_ib/nfs-ip34/home/def-ilafores/analysis/MethodsComparison/Feces_RA/preproc/SRR5091502/SRR5091502_unmatched_2.fastq,SRR5091502,0ff6e9e70ddf33d9c9c42baf7a71b92d,498188000,31,DNA,1000,498188,true,0.8283280950976538,0.9736907875082162,0.901009441302935,0.9736907875082162,3668,2251324,3968950
1405000,0.0028202204790159537,0.37205026049647566,0.002436831075818767,0.0008090300961211403,2.6449752883031303,2.0,2.7221684878347148,signatures/05fdfb341baa3ac1ba3aa5b66467573e.sig.gz,"GCF_003024715.1 Lachnoclostridium sp. SNUG30386 strain=SNUG30386, ASM302471v1",05fdfb341baa3ac1ba3aa5b66467573e,0.430585350904076,1214000,65,358679000,/nfs3_ib/nfs-ip34/home/def-ilafores/analysis/MethodsComparison/Feces_RA/preproc/SRR5091502/SRR5091502_unmatched_2.fastq,SRR5091502,0ff6e9e70ddf33d9c9c42baf7a71b92d,498188000,31,DNA,1000,498188,true,0.8274677310819873,0.9731851194283737,0.9003264252551806,0.9731851194283737,3211,2254535,3968950
1381000,0.0027720458943210195,0.31273014203051025,0.002386649216761544,0.0007767797528313534,2.5929352396972245,2.0,3.8407076215840865,signatures/a8487ccc34a799adb014d58e14274aaf.sig.gz,GCA_025758065.1 Lachnospiraceae bacterium ASM2575806v1,a8487ccc34a799adb014d58e14274aaf,0.3632298790110468,1189000,66,357490000,/nfs3_ib/nfs-ip34/home/def-ilafores/analysis/MethodsComparison/Feces_RA/preproc/SRR5091502/SRR5091502_unmatched_2.fastq,SRR5091502,0ff6e9e70ddf33d9c9c42baf7a71b92d,498188000,31,DNA,1000,498188,true,0.8270079622159412,0.9678594807450249,0.8974337214804831,0.9678594807450249,3083,2257618,3968950
1214000,0.002436831075818767,0.4712215320910973,0.002284278224284808,0.0015240806762493858,5.315465729349737,5.0,3.772268131629812,signatures/0c27e38f5990e49c33434011e5c9e03c.sig.gz,"GCF_002834235.1 Ruminococcus bromii strain=5AMG, ASM283423v1",0c27e38f5990e49c33434011e5c9e03c,0.5026915113871636,1138000,67,356352000,/nfs3_ib/nfs-ip34/home/def-ilafores/analysis/MethodsComparison/Feces_RA/preproc/SRR5091502/SRR5091502_unmatched_2.fastq,SRR5091502,0ff6e9e70ddf33d9c9c42baf7a71b92d,498188000,31,DNA,1000,498188,true,0.8235766896734218,0.9780579019293089,0.9008172958013654,0.9780579019293089,6049,2263667,3968950
1523000,0.0030570788537660483,0.17444409646100845,0.002236103639589874,0.0006563448771085552,2.3384201077199283,1.0,3.553062201093311,signatures/a8aca255164075bdd16df9fabf1362ee.sig.gz,"GCF_900130125.1 Bacteroides congonensis strain=Marseille-P3132, PRJEB18268",a8aca255164075bdd16df9fabf1362ee,0.23849044785468212,1114000,68,355238000,/nfs3_ib/nfs-ip34/home/def-ilafores/analysis/MethodsComparison/Feces_RA/preproc/SRR5091502/SRR5091502_unmatched_2.fastq,SRR5091502,0ff6e9e70ddf33d9c9c42baf7a71b92d,498188000,31,DNA,1000,498188,true,0.8296231446149338,0.9548132102009667,0.8922181774079503,0.9548132102009667,2605,2266272,3968950
1105000,0.002218038170329273,0.4970681100586378,0.0022120163472424065,0.0007331913982287507,2.6406533575317606,2.0,2.030104359646312,signatures/0ffe36c89a44946cee180ac754d6f047.sig.gz,"GCF_001025215.1 Bifidobacterium pseudocatenulatum DSM 20438 = JCM 1200 = LMG 10505 strain=JCM 1200, ASM102521v1",0ffe36c89a44946cee180ac754d6f047,0.4984212900315742,1102000,69,354136000,/nfs3_ib/nfs-ip34/home/def-ilafores/analysis/MethodsComparison/Feces_RA/preproc/SRR5091502/SRR5091502_unmatched_2.fastq,SRR5091502,0ff6e9e70ddf33d9c9c42baf7a71b92d,498188000,31,DNA,1000,498188,true,0.8210811790524396,0.9777887836984801,0.8994349813754599,0.9777887836984801,2910,2269182,3968950
1411000,0.0028322641251896873,0.29945652173913045,0.0022120163472424065,0.0007931568802831984,2.856624319419238,2.0,4.556496194478587,signatures/c2d8b6207a026871224ccd15d94fc35d.sig.gz,"GCF_003435375.1 Clostridium sp. AM34-11AC strain=AM34-11AC, ASM343537v1",c2d8b6207a026871224ccd15d94fc35d,0.3834239130434783,1102000,70,353034000,/nfs3_ib/nfs-ip34/home/def-ilafores/analysis/MethodsComparison/Feces_RA/preproc/SRR5091502/SRR5091502_unmatched_2.fastq,SRR5091502,0ff6e9e70ddf33d9c9c42baf7a71b92d,498188000,31,DNA,1000,498188,true,0.8275814855531134,0.9695501918129339,0.8985658386830236,0.9695501918129339,3148,2272330,3968950
1186000,0.0023806273936746772,0.14587332053742802,0.002135739921475427,0.0006681868000352738,2.492481203007519,1.0,11.509065560862583,signatures/87b122dd4cd45812f686d8deed4e54b5.sig.gz,"GCF_014287545.1 Parabacteroides sp. BX2 strain=BX2, ASM1428754v1",87b122dd4cd45812f686d8deed4e54b5,0.16259939676446394,1064000,71,351970000,/nfs3_ib/nfs-ip34/home/def-ilafores/analysis/MethodsComparison/Feces_RA/preproc/SRR5091502/SRR5091502_unmatched_2.fastq,SRR5091502,0ff6e9e70ddf33d9c9c42baf7a71b92d,498188000,31,DNA,1000,498188,true,0.8229569983701048,0.9430880101900696,0.8830225042800872,0.9430880101900696,2652,2274982,3968950
1061000,0.00212971809838856,0.21604561189167176,0.00212971809838856,0.0004925736025901057,1.8426013195098963,1.0,1.386862562259074,signatures/60bfe150353edefcbd7db7314951359d.sig.gz,"GCF_003697165.2 Escherichia coli DSM 30083 = JCM 1649 = ATCC 11775 strain=ATCC 11775, ASM369716v2",60bfe150353edefcbd7db7314951359d,0.21604561189167176,1061000,72,350909000,/nfs3_ib/nfs-ip34/home/def-ilafores/analysis/MethodsComparison/Feces_RA/preproc/SRR5091502/SRR5091502_unmatched_2.fastq,SRR5091502,0ff6e9e70ddf33d9c9c42baf7a71b92d,498188000,31,DNA,1000,498188,true,0.8200056459639824,0.9517737531481757,0.885889699556079,0.9517737531481757,1955,2276937,3968950
1034000,0.0020755216906067587,0.3590101080515859,0.002067492593157603,0.000558334068204437,2.151456310679612,2.0,1.7061774727382806,signatures/c2cae97ed5c2f955adaadd6c5da64434.sig.gz,"GCF_000205025.1 Parasutterella excrementihominis YIT 11859 strain=YIT 11859, ASM20502v1",c2cae97ed5c2f955adaadd6c5da64434,0.36040432206343676,1030000,73,349879000,/nfs3_ib/nfs-ip34/home/def-ilafores/analysis/MethodsComparison/Feces_RA/preproc/SRR5091502/SRR5091502_unmatched_2.fastq,SRR5091502,0ff6e9e70ddf33d9c9c42baf7a71b92d,498188000,31,DNA,1000,498188,true,0.8193240792405856,0.9676156923120023,0.8934698857762939,0.9676156923120023,2216,2279153,3968950
1713000,0.003438460982600946,0.36763129689174706,0.002065485318795314,0.002235099963466408,8.620991253644315,7.0,6.986463837819786,signatures/1a6ea346590b713f033b7fae8ab21643.sig.gz,"GCF_023347535.1 Faecalibacterium sp. HTFF strain=HTFF, ASM2334753v1",1a6ea346590b713f033b7fae8ab21643,0.6120042872454448,1029000,74,348850000,/nfs3_ib/nfs-ip34/home/def-ilafores/analysis/MethodsComparison/Feces_RA/preproc/SRR5091502/SRR5091502_unmatched_2.fastq,SRR5091502,0ff6e9e70ddf33d9c9c42baf7a71b92d,498188000,31,DNA,1000,498188,true,0.832775374082297,0.9842855553309123,0.9085304647066046,0.9842855553309123,8871,2288024,3968950
1168000,0.0023444964551534763,0.19250621296119289,0.0020213252828249575,0.0005477519243124756,2.1588877855014896,1.0,2.647923237561025,signatures/bdd388a4da94ca47ceed0590e7e3dcaf.sig.gz,"GCF_003479425.1 Odoribacter sp. AF15-53 strain=AF15-53, ASM347942v1",bdd388a4da94ca47ceed0590e7e3dcaf,0.22328426687057923,1007000,75,347843000,/nfs3_ib/nfs-ip34/home/def-ilafores/analysis/MethodsComparison/Feces_RA/preproc/SRR5091502/SRR5091502_unmatched_2.fastq,SRR5091502,0ff6e9e70ddf33d9c9c42baf7a71b92d,498188000,31,DNA,1000,498188,true,0.8225511041811984,0.9527861233125434,0.8876686137468709,0.9527861233125434,2174,2290198,3968950
2754000,0.005528033593743728,0.17767695099818512,0.0019651216006808673,0.005214729336474383,21.140960163432073,1.0,42.63662827884259,signatures/f906f0ea3324bc6db880a742f3f0b0ba.sig.gz,"GCF_013009555.1 Bacteroides dorei strain=DSM 17855, ASM1300955v1",f906f0ea3324bc6db880a742f3f0b0ba,0.4998185117967332,979000,76,346864000,/nfs3_ib/nfs-ip34/home/def-ilafores/analysis/MethodsComparison/Feces_RA/preproc/SRR5091502/SRR5091502_unmatched_2.fastq,SRR5091502,0ff6e9e70ddf33d9c9c42baf7a71b92d,498188000,31,DNA,1000,498188,true,0.8456286707365275,0.9778770843088832,0.9117528775227053,0.9778770843088832,20697,2310895,3968950
1309000,0.002627522140236216,0.24107591754650579,0.0019249761134350887,0.0015056879023419292,6.231491136600626,1.0,23.358488552414038,signatures/21dcfee3f1e24fb9aebbbe6b8ae42cad.sig.gz,"GCF_000154845.1 Bacteroides coprocola DSM 17136 strain=DSM 17136, ASM15484v1",21dcfee3f1e24fb9aebbbe6b8ae42cad,0.32905982905982906,959000,77,345905000,/nfs3_ib/nfs-ip34/home/def-ilafores/analysis/MethodsComparison/Feces_RA/preproc/SRR5091502/SRR5091502_unmatched_2.fastq,SRR5091502,0ff6e9e70ddf33d9c9c42baf7a71b92d,498188000,31,DNA,1000,498188,true,0.8255807553019258,0.9647798436644037,0.8951802994831648,0.9647798436644037,5976,2316871,3968950
954000,0.001914939741623644,0.23792577529232334,0.0018788088031024433,0.00042958465085224054,1.8215811965811965,1.0,1.320937595912844,signatures/18b41cb01658413f5565c0807881daf6.sig.gz,"GCF_014384895.1 Bianquea renquensis strain=NSJ-32, ASM1438489v1",18b41cb01658413f5565c0807881daf6,0.24250127097102187,936000,78,344969000,/nfs3_ib/nfs-ip34/home/def-ilafores/analysis/MethodsComparison/Feces_RA/preproc/SRR5091502/SRR5091502_unmatched_2.fastq,SRR5091502,0ff6e9e70ddf33d9c9c42baf7a71b92d,498188000,31,DNA,1000,498188,true,0.8171985441684357,0.9553270284507633,0.8862627863095995,0.9553270284507633,1705,2318576,3968950
999000,0.0020052670879266462,0.2336233367451382,0.0018326414927697977,0.0004641025964045906,2.0175246440306682,2.0,1.5027246541878372,signatures/7e6d64aeed16ed31733900b0e7434256.sig.gz,"GCA_003112755.1 Lawsonibacter asaccharolyticus strain=3BBH22, ASM311275v1",7e6d64aeed16ed31733900b0e7434256,0.25562947799385877,913000,79,344056000,/nfs3_ib/nfs-ip34/home/def-ilafores/analysis/MethodsComparison/Feces_RA/preproc/SRR5091502/SRR5091502_unmatched_2.fastq,SRR5091502,0ff6e9e70ddf33d9c9c42baf7a71b92d,498188000,31,DNA,1000,498188,true,0.8184144667609728,0.9569531476275148,0.8876838071942439,0.9569531476275148,1842,2320418,3968950
899000,0.0018045396516977526,0.6132332878581174,0.0018045396516977526,0.0008097859635419947,3.575083426028921,3.0,2.465711888156902,signatures/5b99fec61aae4bdd58e899db6583881a.sig.gz,"GCA_000438255.1 Clostridium sp. CAG:389, MGS389",5b99fec61aae4bdd58e899db6583881a,0.6132332878581174,899000,80,343157000,/nfs3_ib/nfs-ip34/home/def-ilafores/analysis/MethodsComparison/Feces_RA/preproc/SRR5091502/SRR5091502_unmatched_2.fastq,SRR5091502,0ff6e9e70ddf33d9c9c42baf7a71b92d,498188000,31,DNA,1000,498188,true,0.8156346950043651,0.984349254740079,0.899991974872222,0.984349254740079,3214,2323632,3968950
1173000,0.002354532826964921,0.42657679345209437,0.0017784450849879965,0.0028221569936633115,12.642212189616252,12.0,6.874855324897486,signatures/1199bb7ceeef5b5106f83b0a80c5b1c4.sig.gz,"GCA_905215595.1 uncultured bacterium, ERR1600666-mag-bin.42",1199bb7ceeef5b5106f83b0a80c5b1c4,0.5647568608570053,886000,81,342271000,/nfs3_ib/nfs-ip34/home/def-ilafores/analysis/MethodsComparison/Feces_RA/preproc/SRR5091502/SRR5091502_unmatched_2.fastq,SRR5091502,0ff6e9e70ddf33d9c9c42baf7a71b92d,498188000,31,DNA,1000,498188,true,0.8226644564885797,0.9817378446174932,0.9022011505530365,0.9817378446174932,11201,2334833,3968950
1161000,0.0023304455346174536,0.2509994288977727,0.001764394164451974,0.0005379256478413686,2.4288964732650737,2.0,3.3049943297122493,signatures/2c4be6d3f461c9f71df87a5d7ae22e2f.sig.gz,"GCF_000225345.1 Roseburia hominis A2-183 strain=A2-183, ASM22534v1",2c4be6d3f461c9f71df87a5d7ae22e2f,0.3315248429468875,879000,82,341392000,/nfs3_ib/nfs-ip34/home/def-ilafores/analysis/MethodsComparison/Feces_RA/preproc/SRR5091502/SRR5091502_unmatched_2.fastq,SRR5091502,0ff6e9e70ddf33d9c9c42baf7a71b92d,498188000,31,DNA,1000,498188,true,0.8223916195110171,0.9650121396452973,0.8937018795781573,0.9650121396452973,2135,2336968,3968950
952000,0.0019109251928990662,0.2834518422753717,0.001760379615727396,0.0004925736025901057,2.2291904218928162,1.0,2.330437322287896,signatures/41e7c2fe5d9d2dd0e688784a18ca64d6.sig.gz,"GCF_001244995.1 Intestinimonas massiliensis strain=GD2, Intestinimonas massiliensis",41e7c2fe5d9d2dd0e688784a18ca64d6,0.3076923076923077,877000,83,340515000,/nfs3_ib/nfs-ip34/home/def-ilafores/analysis/MethodsComparison/Feces_RA/preproc/SRR5091502/SRR5091502_unmatched_2.fastq,SRR5091502,0ff6e9e70ddf33d9c9c42baf7a71b92d,498188000,31,DNA,1000,498188,true,0.8171432233693715,0.9626926000269183,0.8899179116981448,0.9626926000269183,1955,2338923,3968950
900000,0.0018065469260600416,0.39017857142857143,0.0017543577926405292,0.00048123559127729,2.185354691075515,2.0,1.5596354896142433,signatures/4a2b47d34bd15d9d4bd0eea00bcee953.sig.gz,"GCF_000196555.1 Bifidobacterium longum subsp. longum JCM 1217 strain=JCM 1217, ASM19655v1",4a2b47d34bd15d9d4bd0eea00bcee953,0.4017857142857143,874000,84,339641000,/nfs3_ib/nfs-ip34/home/def-ilafores/analysis/MethodsComparison/Feces_RA/preproc/SRR5091502/SRR5091502_unmatched_2.fastq,SRR5091502,0ff6e9e70ddf33d9c9c42baf7a71b92d,498188000,31,DNA,1000,498188,true,0.8156639460005968,0.971014306690673,0.893339126345635,0.971014306690673,1910,2340833,3968950
866000,0.0017382995977422177,0.42722305017386986,0.0017262559515684843,0.000878317943032792,4.053488372093023,3.0,2.7090587773555446,signatures/d6880ec836f031125e9ef4429246f8c4.sig.gz,"GCA_900543625.1 uncultured Clostridiales bacterium, UMGS596",d6880ec836f031125e9ef4429246f8c4,0.43020367610531546,860000,85,338781000,/nfs3_ib/nfs-ip34/home/def-ilafores/analysis/MethodsComparison/Feces_RA/preproc/SRR5091502/SRR5091502_unmatched_2.fastq,SRR5091502,0ff6e9e70ddf33d9c9c42baf7a71b92d,498188000,31,DNA,1000,498188,true,0.8146513138103145,0.973157280382842,0.8939042970965783,0.973157280382842,3486,2344319,3968950
1080000,0.00216785631127205,0.23662437948152235,0.0017222414028439062,0.0004562919663890954,2.1107226107226107,1.0,2.93370441973214,signatures/c7c1a160793d1ec9d73e128c1ab0fc90.sig.gz,"GCF_003478505.1 Clostridium sp. AF27-2AA strain=AF27-2AA, ASM347850v1",c7c1a160793d1ec9d73e128c1ab0fc90,0.2978488692774407,858000,86,337923000,/nfs3_ib/nfs-ip34/home/def-ilafores/analysis/MethodsComparison/Feces_RA/preproc/SRR5091502/SRR5091502_unmatched_2.fastq,SRR5091502,0ff6e9e70ddf33d9c9c42baf7a71b92d,498188000,31,DNA,1000,498188,true,0.8204752781072118,0.961683417766344,0.8910793479367779,0.961683417766344,1811,2346130,3968950
1512000,0.00303499883578087,0.1568014705882353,0.0017122050310324616,0.0005288552387911161,2.4607268464243846,1.0,3.8225489966252235,signatures/5c4ff261a0e70d62e40310cd5591ac00.sig.gz,"GCF_011927845.1 Butyricimonas paravirosa strain=DSM 105722, ASM1192784v1",5c4ff261a0e70d62e40310cd5591ac00,0.27794117647058825,853000,87,337070000,/nfs3_ib/nfs-ip34/home/def-ilafores/analysis/MethodsComparison/Feces_RA/preproc/SRR5091502/SRR5091502_unmatched_2.fastq,SRR5091502,0ff6e9e70ddf33d9c9c42baf7a71b92d,498188000,31,DNA,1000,498188,true,0.829429174743646,0.9595398072758557,0.8944844910097509,0.9595398072758557,2099,2348229,3968950
913000,0.0018326414927697977,0.33424980361351136,0.0017081904823078838,0.0004510008944431147,2.1034077555816686,2.0,1.9843394261805947,signatures/6febeb764d7d5f08ed9a060afaab0854.sig.gz,"GCF_014287435.1 Roseburia sp. NSJ-9 strain=NSJ-9, ASM1428743v1",6febeb764d7d5f08ed9a060afaab0854,0.35860172820109976,851000,88,336219000,/nfs3_ib/nfs-ip34/home/def-ilafores/analysis/MethodsComparison/Feces_RA/preproc/SRR5091502/SRR5091502_unmatched_2.fastq,SRR5091502,0ff6e9e70ddf33d9c9c42baf7a71b92d,498188000,31,DNA,1000,498188,true,0.8160413730476015,0.96745919663851,0.8917502848430557,0.96745919663851,1790,2350019,3968950
1043000,0.0020935871598673594,0.2374929735806633,0.0016961468361341501,0.0005376736920344172,2.5254437869822484,2.0,3.7112818498106046,signatures/414bbe2ea74e8b8695fa300df29056f9.sig.gz,GCF_020686965.1 Hominiventricola filiformis strain=CLA-AA-H276 ASM2068696v1,414bbe2ea74e8b8695fa300df29056f9,0.29314221472737495,845000,89,335374000,/nfs3_ib/nfs-ip34/home/def-ilafores/analysis/MethodsComparison/Feces_RA/preproc/SRR5091502/SRR5091502_unmatched_2.fastq,SRR5091502,0ff6e9e70ddf33d9c9c42baf7a71b92d,498188000,31,DNA,1000,498188,true,0.819553162555505,0.9611894149359778,0.8903712887457413,0.9611894149359778,2134,2352153,3968950
2041000,0.004096846973431717,0.23281907433380084,0.0016660377206998162,0.0005086987742349992,2.432530120481928,2.0,2.2181403496033654,signatures/d504d8a2fd1c1b7711a932c9d66e1250.sig.gz,GCF_026015465.1 Segatella copri strain=N016-9 ASM2601546v1,d504d8a2fd1c1b7711a932c9d66e1250,0.5725105189340813,830000,90,334544000,/nfs3_ib/nfs-ip34/home/def-ilafores/analysis/MethodsComparison/Feces_RA/preproc/SRR5091502/SRR5091502_unmatched_2.fastq,SRR5091502,0ff6e9e70ddf33d9c9c42baf7a71b92d,498188000,31,DNA,1000,498188,true,0.837495051788304,0.9821697714113632,0.9098324115998335,0.9821697714113632,2019,2354172,3968950
1026000,0.0020594634957084475,0.2383569568990454,0.0016539940745260826,0.000522808299424281,2.5182038834951457,2.0,3.3304506644498533,signatures/4d1fd4a988e75787682a232c846bb78e.sig.gz,GCF_025567265.1 Dorea amylophila strain=H5_25 ASM2556726v1,4d1fd4a988e75787682a232c846bb78e,0.2967891235175007,824000,91,333720000,/nfs3_ib/nfs-ip34/home/def-ilafores/analysis/MethodsComparison/Feces_RA/preproc/SRR5091502/SRR5091502_unmatched_2.fastq,SRR5091502,0ff6e9e70ddf33d9c9c42baf7a71b92d,498188000,31,DNA,1000,498188,true,0.8191188238530076,0.9615728509115036,0.8903458373822556,0.9615728509115036,2075,2356247,3968950
806000,0.0016178631360048816,0.4624211130235227,0.0016178631360048816,0.0004557880547751924,2.2444168734491314,2.0,1.520272388063676,signatures/05355dd0b13c012be4ebcf49bd0de36f.sig.gz,"GCA_018714685.1 Candidatus Scatocola faecipullorum, ASM1871468v1",05355dd0b13c012be4ebcf49bd0de36f,0.4624211130235227,806000,92,332914000,/nfs3_ib/nfs-ip34/home/def-ilafores/analysis/MethodsComparison/Feces_RA/preproc/SRR5091502/SRR5091502_unmatched_2.fastq,SRR5091502,0ff6e9e70ddf33d9c9c42baf7a71b92d,498188000,31,DNA,1000,498188,true,0.8127666290728808,0.975426978171241,0.8940968036220609,0.975426978171241,1809,2358056,3968950
2797000,0.005614346391322152,0.22200502652890255,0.0015957831180197033,0.0012504566699000994,6.242767295597484,4.0,9.95070528848591,signatures/300d2de3c2c21f7c37b9a66b2c49f0e7.sig.gz,"GCA_900755095.1 uncultured Bacteroides sp., ERS473029_19",300d2de3c2c21f7c37b9a66b2c49f0e7,0.7810667411337615,795000,93,332119000,/nfs3_ib/nfs-ip34/home/def-ilafores/analysis/MethodsComparison/Feces_RA/preproc/SRR5091502/SRR5091502_unmatched_2.fastq,SRR5091502,0ff6e9e70ddf33d9c9c42baf7a71b92d,498188000,31,DNA,1000,498188,true,0.8460514001289362,0.9920608865346559,0.9190561433317961,0.9920608865346559,4963,2363019,3968950
1033000,0.00207351441624447,0.1947565543071161,0.0015656740025853694,0.0005744592398493304,2.923076923076923,1.0,7.953340260656219,signatures/2a410b832a719fa88b97ddf5d0e066c5.sig.gz,"GCF_003461245.1 Blautia sp. AF19-10LB strain=AF19-10LB, ASM346124v1",2a410b832a719fa88b97ddf5d0e066c5,0.25792759051186015,780000,94,331339000,/nfs3_ib/nfs-ip34/home/def-ilafores/analysis/MethodsComparison/Feces_RA/preproc/SRR5091502/SRR5091502_unmatched_2.fastq,SRR5091502,0ff6e9e70ddf33d9c9c42baf7a71b92d,498188000,31,DNA,1000,498188,true,0.8192985065278575,0.9572294643355297,0.8882639854316936,0.9572294643355297,2280,2365299,3968950
971000,0.001949063405782556,0.18624849215922798,0.001549615807687058,0.00041144383275173535,2.115284974093264,2.0,2.316515282381016,signatures/928b2d7b80c57c283b973481c1cf1d26.sig.gz,"GCF_020554845.1 Blautia faecis strain=DFI.3.66, ASM2055484v1",928b2d7b80c57c283b973481c1cf1d26,0.23425814234016887,772000,95,330567000,/nfs3_ib/nfs-ip34/home/def-ilafores/analysis/MethodsComparison/Feces_RA/preproc/SRR5091502/SRR5091502_unmatched_2.fastq,SRR5091502,0ff6e9e70ddf33d9c9c42baf7a71b92d,498188000,31,DNA,1000,498188,true,0.8176642901253257,0.9542618699828851,0.8859630800541054,0.9542618699828851,1633,2366932,3968950
942000,0.001890852449276177,0.13638012332245195,0.0015094703204412791,0.0008042429357890626,4.24468085106383,1.0,17.937204987692056,signatures/e1a6b1808735b4a3230b660a9d899fa2.sig.gz,"GCA_000613465.1 Bacteroides nordii WAL 11050 = JCM 12987 strain=JCM 12987, ASM61346v1",e1a6b1808735b4a3230b660a9d899fa2,0.1708378672470076,752000,96,329815000,/nfs3_ib/nfs-ip34/home/def-ilafores/analysis/MethodsComparison/Feces_RA/preproc/SRR5091502/SRR5091502_unmatched_2.fastq,SRR5091502,0ff6e9e70ddf33d9c9c42baf7a71b92d,498188000,31,DNA,1000,498188,true,0.8168649212076095,0.944592840876804,0.8807288810422067,0.944592840876804,3192,2370124,3968950
745000,0.0014954193999052567,0.300121016538927,0.0014934121255429677,0.00037944544526889983,2.024193548387097,1.0,2.723248306505136,signatures/41134ca2a445b6d775c0e43830cd6765.sig.gz,"GCF_003402575.1 Mesosutterella multiformis strain=4NBBH2, ASM340257v1",41134ca2a445b6d775c0e43830cd6765,0.30052440500201694,744000,97,329071000,/nfs3_ib/nfs-ip34/home/def-ilafores/analysis/MethodsComparison/Feces_RA/preproc/SRR5091502/SRR5091502_unmatched_2.fastq,SRR5091502,0ff6e9e70ddf33d9c9c42baf7a71b92d,498188000,31,DNA,1000,498188,true,0.8107058799555739,0.9619608804185101,0.886333380187042,0.9619608804185101,1506,2371630,3968950
1060000,0.0021277108240262714,0.20544898526549904,0.001483375753731523,0.0006734778719812545,3.6170500676589987,2.0,5.687940994712724,signatures/79a393fb99d8977a1fe96a36cabdd09c.sig.gz,"GCF_000265365.1 Alistipes finegoldii DSM 17242 strain=DSM 17242, ASM26536v1",79a393fb99d8977a1fe96a36cabdd09c,0.29469001946066165,739000,98,328332000,/nfs3_ib/nfs-ip34/home/def-ilafores/analysis/MethodsComparison/Feces_RA/preproc/SRR5091502/SRR5091502_unmatched_2.fastq,SRR5091502,0ff6e9e70ddf33d9c9c42baf7a71b92d,498188000,31,DNA,1000,498188,true,0.8199807035833199,0.9613527118384549,0.8906667077108874,0.9613527118384549,2673,2374303,3968950
936000,0.0018788088031024433,0.28242517267843437,0.0014773539306446562,0.0004882903538719308,2.6331521739130435,2.0,3.4556489447015597,signatures/d3662e3e25bc6f3df72d2f3b05edc233.sig.gz,GCF_029218125.1 Neopoerus faecalis strain=CMD_1836 ASM2921812v1,d3662e3e25bc6f3df72d2f3b05edc233,0.3591711435149655,736000,99,327596000,/nfs3_ib/nfs-ip34/home/def-ilafores/analysis/MethodsComparison/Feces_RA/preproc/SRR5091502/SRR5091502_unmatched_2.fastq,SRR5091502,0ff6e9e70ddf33d9c9c42baf7a71b92d,498188000,31,DNA,1000,498188,true,0.8166965643037806,0.9675087136318985,0.8921026389678395,0.9675087136318985,1938,2376241,3968950
786000,0.001577717648759103,0.33935185185185185,0.0014713321075577894,0.0004275690043966288,2.3151432469304227,2.0,1.686234254706321,signatures/4a1943cef878ce8b6d6625ec2358cbd9.sig.gz,"GCA_003525905.1 Clostridiales bacterium, ASM352590v1",4a1943cef878ce8b6d6625ec2358cbd9,0.3638888888888889,733000,100,326863000,/nfs3_ib/nfs-ip34/home/def-ilafores/analysis/MethodsComparison/Feces_RA/preproc/SRR5091502/SRR5091502_unmatched_2.fastq,SRR5091502,0ff6e9e70ddf33d9c9c42baf7a71b92d,498188000,31,DNA,1000,498188,true,0.8121081106175425,0.9679160759968082,0.8900120933071753,0.9679160759968082,1697,2377938,3968950
900000,0.0018065469260600416,0.23264,0.0014592884613840557,0.0005023998790612127,2.7427785419532325,2.0,3.7226581566813977,signatures/d4fd080d293594c8d9ae0a347ac64fa4.sig.gz,"GCF_900167555.1 Gemmiger formicilis strain=ATCC 27749, IMG-taxon 2590828806 annotated assembly",d4fd080d293594c8d9ae0a347ac64fa4,0.288,727000,101,326136000,/nfs3_ib/nfs-ip34/home/def-ilafores/analysis/MethodsComparison/Feces_RA/preproc/SRR5091502/SRR5091502_unmatched_2.fastq,SRR5091502,0ff6e9e70ddf33d9c9c42baf7a71b92d,498188000,31,DNA,1000,498188,true,0.8156639460005968,0.9606408444476704,0.8881523952241336,0.9606408444476704,1994,2379932,3968950
876000,0.0017583723413651072,0.2520069808027923,0.001449252089572611,0.0004333639879565124,2.3822714681440442,2.0,2.4422677676173676,signatures/5998c1d4c3c14df80fd6cff6ba682767.sig.gz,"GCA_003096535.1 Agathobaculum butyriciproducens strain=DSM 100391, ASM309653v1",5998c1d4c3c14df80fd6cff6ba682767,0.3057591623036649,722000,102,325414000,/nfs3_ib/nfs-ip34/home/def-ilafores/analysis/MethodsComparison/Feces_RA/preproc/SRR5091502/SRR5091502_unmatched_2.fastq,SRR5091502,0ff6e9e70ddf33d9c9c42baf7a71b92d,498188000,31,DNA,1000,498188,true,0.8149530845374269,0.9624968970047815,0.8887249907711041,0.9624968970047815,1720,2381652,3968950
3220000,0.006463423446570371,0.15232782664664235,0.001425164797225144,0.0007578830673099938,4.236619718309859,3.0,6.50159762460637,signatures/c7357052beed930961bb4cc339dd0845.sig.gz,GCA_948436425.1 uncultured Bacteroides sp. SRR17684645_bin.52_metawrap_v1.3_MAG,c7357052beed930961bb4cc339dd0845,0.6908388757777301,710000,103,324704000,/nfs3_ib/nfs-ip34/home/def-ilafores/analysis/MethodsComparison/Feces_RA/preproc/SRR5091502/SRR5091502_unmatched_2.fastq,SRR5091502,0ff6e9e70ddf33d9c9c42baf7a71b92d,498188000,31,DNA,1000,498188,true,0.849903781557167,0.9881402855748164,0.9190220335659917,0.9881402855748164,3008,2384660,3968950
970000,0.001947056131420267,0.21467722289890379,0.0014151284254136991,0.000612504566699001,3.44822695035461,2.0,4.786262890725063,signatures/c9db8a0f1ca1dc314b40e6758f8144cd.sig.gz,"GCA_001312505.1 [Ruminococcus] faecis JCM 15917 strain=JCM 15917, ASM131250v1",c9db8a0f1ca1dc314b40e6758f8144cd,0.2953714981729598,705000,104,323999000,/nfs3_ib/nfs-ip34/home/def-ilafores/analysis/MethodsComparison/Feces_RA/preproc/SRR5091502/SRR5091502_unmatched_2.fastq,SRR5091502,0ff6e9e70ddf33d9c9c42baf7a71b92d,498188000,31,DNA,1000,498188,true,0.8176371125556124,0.9614243463712742,0.8895307294634434,0.9614243463712742,2431,2387091,3968950
845000,0.0016961468361341501,0.38423098278734036,0.001389033858703943,0.0005779866211466509,3.315028901734104,3.0,2.4563600648013346,signatures/ae9a3a63449835fea2681f12bea96eac.sig.gz,"GCA_900550165.1 uncultured Clostridiales bacterium, UMGS1263",ae9a3a63449835fea2681f12bea96eac,0.4691837867851194,692000,105,323307000,/nfs3_ib/nfs-ip34/home/def-ilafores/analysis/MethodsComparison/Feces_RA/preproc/SRR5091502/SRR5091502_unmatched_2.fastq,SRR5091502,0ff6e9e70ddf33d9c9c42baf7a71b92d,498188000,31,DNA,1000,498188,true,0.8140064630521804,0.9758839180578577,0.894945190555019,0.9758839180578577,2294,2389385,3968950
696000,0.0013970629561530989,0.260770110560427,0.0013729756638056316,0.0003038587031834616,1.763157894736842,1.0,1.2470031789396636,signatures/d5f19efee4588f7132a28f846bb2d8cb.sig.gz,"GCA_900545515.1 uncultured Clostridiales bacterium, UMGS777",d5f19efee4588f7132a28f846bb2d8cb,0.26534502478078537,684000,106,322623000,/nfs3_ib/nfs-ip34/home/def-ilafores/analysis/MethodsComparison/Feces_RA/preproc/SRR5091502/SRR5091502_unmatched_2.fastq,SRR5091502,0ff6e9e70ddf33d9c9c42baf7a71b92d,498188000,31,DNA,1000,498188,true,0.8089286045987519,0.9581053305294157,0.8835169675640838,0.9581053305294157,1206,2390591,3968950
756000,0.001517499417890435,0.21948051948051947,0.0013569174689073201,0.000340140339384472,1.9970414201183433,1.0,1.6844195894473453,signatures/7ea1b3c55be6e308fa316078f05fe4e8.sig.gz,GCF_025567565.1 Muriventricola aceti strain=H5_61 ASM2556756v1,7ea1b3c55be6e308fa316078f05fe4e8,0.24545454545454545,676000,107,321947000,/nfs3_ib/nfs-ip34/home/def-ilafores/analysis/MethodsComparison/Feces_RA/preproc/SRR5091502/SRR5091502_unmatched_2.fastq,SRR5091502,0ff6e9e70ddf33d9c9c42baf7a71b92d,498188000,31,DNA,1000,498188,true,0.8110892816839699,0.955700135777912,0.883394708730941,0.955700135777912,1350,2391941,3968950
658000,0.0013207865303861194,0.24503559385537654,0.0013127574329369635,0.0003393844719636176,2.0596330275229358,2.0,2.031357506936851,signatures/77570cb1188a2147959b27003864417e.sig.gz,"GCA_000437755.1 Roseburia sp. CAG:303, MGS303",77570cb1188a2147959b27003864417e,0.24653428250281004,654000,108,321293000,/nfs3_ib/nfs-ip34/home/def-ilafores/analysis/MethodsComparison/Feces_RA/preproc/SRR5091502/SRR5091502_unmatched_2.fastq,SRR5091502,0ff6e9e70ddf33d9c9c42baf7a71b92d,498188000,31,DNA,1000,498188,true,0.8074648634950182,0.9558354626847537,0.881650163089886,0.9558354626847537,1347,2393288,3968950
734000,0.0014733393819200784,0.19180633147113593,0.0012404955558945618,0.0002978117638166266,1.912621359223301,1.0,1.6630777962282863,signatures/d857a1209d50af1cfcfc6c682397f261.sig.gz,"GCF_000173975.1 Anaerobutyricum hallii DSM 3353 strain=DSM 3353, ASM17397v1",d857a1209d50af1cfcfc6c682397f261,0.22780881440099318,618000,109,320675000,/nfs3_ib/nfs-ip34/home/def-ilafores/analysis/MethodsComparison/Feces_RA/preproc/SRR5091502/SRR5091502_unmatched_2.fastq,SRR5091502,0ff6e9e70ddf33d9c9c42baf7a71b92d,498188000,31,DNA,1000,498188,true,0.8103169602475283,0.9534028997991537,0.881859930023341,0.9534028997991537,1182,2394470,3968950
1870000,0.0037536030574803086,0.139122527847238,0.0012284519097208284,0.0008992302750097633,5.8316993464052285,4.0,6.09211225707018,signatures/6bae471e5a4f273d83204d975d3e2077.sig.gz,"GCA_019417795.1 Clostridiales bacterium, ASM1941779v1",6bae471e5a4f273d83204d975d3e2077,0.4250966128665606,612000,110,320063000,/nfs3_ib/nfs-ip34/home/def-ilafores/analysis/MethodsComparison/Feces_RA/preproc/SRR5091502/SRR5091502_unmatched_2.fastq,SRR5091502,0ff6e9e70ddf33d9c9c42baf7a71b92d,498188000,31,DNA,1000,498188,true,0.8351344483309757,0.972782458044168,0.9039584531875718,0.972782458044168,3569,2398039,3968950
896000,0.0017985178286108858,0.09163768335097536,0.0012164082635470947,0.0003222514770909183,2.1105610561056105,1.0,3.0316244077890846,signatures/853e9a59589712e17ad2229ad2b25a87.sig.gz,"GCF_000969825.1 Parabacteroides gordonii MS-1 = DSM 23371 strain=MS-1, Para_gord_MS-1_V1",853e9a59589712e17ad2229ad2b25a87,0.13549070013609557,606000,111,319457000,/nfs3_ib/nfs-ip34/home/def-ilafores/analysis/MethodsComparison/Feces_RA/preproc/SRR5091502/SRR5091502_unmatched_2.fastq,SRR5091502,0ff6e9e70ddf33d9c9c42baf7a71b92d,498188000,31,DNA,1000,498188,true,0.8155467527113514,0.9375557036880299,0.8765512281996906,0.9375557036880299,1279,2399318,3968950
1738000,0.003488642841658169,0.12360939431396786,0.001204364617373361,0.0016671915745978155,11.028333333333334,2.0,19.90429259955976,signatures/20f6f4671cb02947dd549a7f52b244a0.sig.gz,GCA_947646015.1 uncultured Bacteroides sp. SRR17794261_bin.38_metawrap_v1.3_MAG,20f6f4671cb02947dd549a7f52b244a0,0.3580552121961269,600000,112,318857000,/nfs3_ib/nfs-ip34/home/def-ilafores/analysis/MethodsComparison/Feces_RA/preproc/SRR5091502/SRR5091502_unmatched_2.fastq,SRR5091502,0ff6e9e70ddf33d9c9c42baf7a71b92d,498188000,31,DNA,1000,498188,true,0.8331646883473569,0.9674115993805833,0.90028814386397,0.9674115993805833,6617,2405935,3968950
637000,0.0012786337687780516,0.21589259796806967,0.0011943282455619164,0.0002738759621562378,1.826890756302521,1.0,1.229312678017566,signatures/fd013d3845ae9fce3c430cbd276efdf0.sig.gz,"GCA_900549885.1 uncultured Clostridiales bacterium, UMGS1232",fd013d3845ae9fce3c430cbd276efdf0,0.23113207547169812,595000,113,318262000,/nfs3_ib/nfs-ip34/home/def-ilafores/analysis/MethodsComparison/Feces_RA/preproc/SRR5091502/SRR5091502_unmatched_2.fastq,SRR5091502,0ff6e9e70ddf33d9c9c42baf7a71b92d,498188000,31,DNA,1000,498188,true,0.80662045546867,0.9538484139659246,0.8802344347172972,0.9538484139659246,1087,2407022,3968950
625000,0.0012545464764305845,0.1056376573617953,0.0011622118557652935,0.00019476183877347914,1.3350604490500864,1.0,0.9133421638482537,signatures/d88f3c512ece432b111f094181484852.sig.gz,"GCF_000742135.1 Klebsiella pneumoniae strain=ATCC 13883, ASM74213v1",d88f3c512ece432b111f094181484852,0.11403028644407955,579000,114,317683000,/nfs3_ib/nfs-ip34/home/def-ilafores/analysis/MethodsComparison/Feces_RA/preproc/SRR5091502/SRR5091502_unmatched_2.fastq,SRR5091502,0ff6e9e70ddf33d9c9c42baf7a71b92d,498188000,31,DNA,1000,498188,true,0.8061257584372876,0.9323549851493267,0.8692403717933072,0.9323549851493267,773,2407795,3968950
570000,0.001144146386504693,0.273121387283237,0.0011381245634178262,0.0003041106589904131,2.128747795414462,2.0,1.5598587932602626,signatures/d9541455643a0a2dd7ea102e637e9a66.sig.gz,"GCA_000435055.1 Clostridium sp. CAG:138, MGS138",d9541455643a0a2dd7ea102e637e9a66,0.2745664739884393,567000,115,317116000,/nfs3_ib/nfs-ip34/home/def-ilafores/analysis/MethodsComparison/Feces_RA/preproc/SRR5091502/SRR5091502_unmatched_2.fastq,SRR5091502,0ff6e9e70ddf33d9c9c42baf7a71b92d,498188000,31,DNA,1000,498188,true,0.8037339425929647,0.9591617580733669,0.8814478503331657,0.9591617580733669,1207,2409002,3968950
856000,0.0017182268541193284,0.16320561567709857,0.0011200590941572257,0.00036835938976303556,2.620071684587814,2.0,3.27952680309355,signatures/8c91537000df08516afde1ea4eac7752.sig.gz,GCF_025149785.1 Coprococcus comes ATCC 27758 strain=ATCC 27758 ASM2514978v1,8c91537000df08516afde1ea4eac7752,0.2503656039777713,558000,116,316558000,/nfs3_ib/nfs-ip34/home/def-ilafores/analysis/MethodsComparison/Feces_RA/preproc/SRR5091502/SRR5091502_unmatched_2.fastq,SRR5091502,0ff6e9e70ddf33d9c9c42baf7a71b92d,498188000,31,DNA,1000,498188,true,0.8143461518158561,0.9563110691726532,0.8853286104942546,0.9563110691726532,1462,2410464,3968950
1711000,0.003434446433876368,0.12774820643369592,0.0011080154479834923,0.007874374834654002,56.617753623188406,4.0,73.74994898075481,signatures/4fede25466357d8494c5b32e1ffd6afe.sig.gz,"GCF_000187895.1 Bacteroides plebeius DSM 17135 strain=DSM 17135, ASM18789v1",4fede25466357d8494c5b32e1ffd6afe,0.3959731543624161,552000,117,316006000,/nfs3_ib/nfs-ip34/home/def-ilafores/analysis/MethodsComparison/Feces_RA/preproc/SRR5091502/SRR5091502_unmatched_2.fastq,SRR5091502,0ff6e9e70ddf33d9c9c42baf7a71b92d,498188000,31,DNA,1000,498188,true,0.8327439918175411,0.9705579595374957,0.9016509756775184,0.9705579595374957,31253,2441717,3968950
911000,0.00182862694404522,0.13859111791730475,0.0010899499787228918,0.00036987112460474435,2.703499079189687,2.0,5.213889820146659,signatures/6501011acd325617cc2e04b178f8f630.sig.gz,GCF_025145645.1 Alistipes senegalensis JC50 strain=JC50 ASM2514564v1,6501011acd325617cc2e04b178f8f630,0.23251659009698825,543000,118,315463000,/nfs3_ib/nfs-ip34/home/def-ilafores/analysis/MethodsComparison/Feces_RA/preproc/SRR5091502/SRR5091502_unmatched_2.fastq,SRR5091502,0ff6e9e70ddf33d9c9c42baf7a71b92d,498188000,31,DNA,1000,498188,true,0.8159836471819533,0.954032194421243,0.8850079208015982,0.954032194421243,1468,2443185,3968950
639000,0.0012826483175026296,0.19401370357014064,0.0010799136069114472,0.0002741279179631893,2.0223048327137545,1.0,1.6335995457425454,signatures/8751fcd18c7374789d7ab3f8565f4701.sig.gz,"GCA_902363805.1 Eubacteriaceae bacterium, MGYG-HGUT-00139",8751fcd18c7374789d7ab3f8565f4701,0.23043635052289937,538000,119,314925000,/nfs3_ib/nfs-ip34/home/def-ilafores/analysis/MethodsComparison/Feces_RA/preproc/SRR5091502/SRR5091502_unmatched_2.fastq,SRR5091502,0ff6e9e70ddf33d9c9c42baf7a71b92d,498188000,31,DNA,1000,498188,true,0.8067020271039399,0.9537556608814547,0.8802288439926973,0.9537556608814547,1088,2444273,3968950
933000,0.0018727869800155765,0.1276595744680851,0.0010598408632885577,0.00041522316985600724,3.121212121212121,2.0,5.798419720754518,signatures/0406dc9599017bcdf1976c899edbe0f3.sig.gz,"GCA_003478355.1 Lachnospiraceae bacterium AM48-27BH strain=AM48-27BH, ASM347835v1",0406dc9599017bcdf1976c899edbe0f3,0.22558027079303675,528000,120,314397000,/nfs3_ib/nfs-ip34/home/def-ilafores/analysis/MethodsComparison/Feces_RA/preproc/SRR5091502/SRR5091502_unmatched_2.fastq,SRR5091502,0ff6e9e70ddf33d9c9c42baf7a71b92d,498188000,31,DNA,1000,498188,true,0.8166119938093274,0.9531006058291175,0.8848562998192224,0.9531006058291175,1648,2445921,3968950
557000,0.001118051819794937,0.24163227877120586,0.0010578335889262689,0.00024792451404023736,1.8671726755218216,1.0,1.3160100754060589,signatures/7b84dbbb3f681c53d36cf76d788fd1fa.sig.gz,"GCA_020555865.1 bacterium 210917-DFI.7.65 strain=DFI.7.65, ASM2055586v1",7b84dbbb3f681c53d36cf76d788fd1fa,0.255387436955525,527000,121,313870000,/nfs3_ib/nfs-ip34/home/def-ilafores/analysis/MethodsComparison/Feces_RA/preproc/SRR5091502/SRR5091502_unmatched_2.fastq,SRR5091502,0ff6e9e70ddf33d9c9c42baf7a71b92d,498188000,31,DNA,1000,498188,true,0.8031360024467782,0.956923905692635,0.8800299540697065,0.956923905692635,984,2446905,3968950
617000,0.001238488281532273,0.15653220951234195,0.0010437826683902462,0.00024338930951511105,1.8576923076923078,1.0,1.3988107797815736,signatures/ac6ff4cab85d8673ba368b5f66dcfee5.sig.gz,"GCF_018408705.1 Oscillibacter sp. MM59 strain=MM59, ASM1840870v1",ac6ff4cab85d8673ba368b5f66dcfee5,0.18573148705599038,520000,122,313350000,/nfs3_ib/nfs-ip34/home/def-ilafores/analysis/MethodsComparison/Feces_RA/preproc/SRR5091502/SRR5091502_unmatched_2.fastq,SRR5091502,0ff6e9e70ddf33d9c9c42baf7a71b92d,498188000,31,DNA,1000,498188,true,0.8057908275026324,0.9471432367430013,0.8764670321228168,0.9471432367430013,966,2447871,3968950
614000,0.0012324664584454062,0.12639766650461837,0.0010437826683902462,0.00023658650272742162,1.8057692307692308,1.0,1.5212486598867065,signatures/4edd699389284f85ac20f9344f953c5f.sig.gz,"GCF_000949455.1 Ruthenibacterium lactatiformans strain=585-1, ASM94945v1",4edd699389284f85ac20f9344f953c5f,0.149246475449684,520000,123,312830000,/nfs3_ib/nfs-ip34/home/def-ilafores/analysis/MethodsComparison/Feces_RA/preproc/SRR5091502/SRR5091502_unmatched_2.fastq,SRR5091502,0ff6e9e70ddf33d9c9c42baf7a71b92d,498188000,31,DNA,1000,498188,true,0.8056641438603043,0.9404847214105593,0.8730744326354318,0.9404847214105593,939,2448810,3968950
840000,0.0016861104643227055,0.17776986106163165,0.0010016299067821786,0.0002937804709054032,2.3366733466933867,2.0,2.536877855557704,signatures/206d87ad2132d97a779f4544c9be4248.sig.gz,"GCF_014287875.1 Flintibacter sp. BX5 strain=BX5, ASM1428787v1",206d87ad2132d97a779f4544c9be4248,0.29925187032418954,499000,124,312331000,/nfs3_ib/nfs-ip34/home/def-ilafores/analysis/MethodsComparison/Feces_RA/preproc/SRR5091502/SRR5091502_unmatched_2.fastq,SRR5091502,0ff6e9e70ddf33d9c9c42baf7a71b92d,498188000,31,DNA,1000,498188,true,0.8138506420626094,0.9618292134051352,0.8878399277338722,0.9618292134051352,1166,2449976,3968950
634000,0.0012726119456911847,0.13285410010649626,0.0010016299067821786,0.000237342370148276,1.8877755511022045,1.0,1.6336365564349034,signatures/981003820b07cf0506a203ee425a0184.sig.gz,GCF_025567095.1 Anthropogastromicrobium aceti strain=H6_35 ASM2556709v1,981003820b07cf0506a203ee425a0184,0.16879659211927583,499000,125,311832000,/nfs3_ib/nfs-ip34/home/def-ilafores/analysis/MethodsComparison/Feces_RA/preproc/SRR5091502/SRR5091502_unmatched_2.fastq,SRR5091502,0ff6e9e70ddf33d9c9c42baf7a71b92d,498188000,31,DNA,1000,498188,true,0.8064976321078298,0.9442266362905235,0.8753621341991766,0.9442266362905235,942,2450918,3968950
575000,0.0011541827583161377,0.1308361909786336,0.0009956080836953118,0.0002386021491830333,1.909274193548387,1.0,3.0337208797829116,signatures/5438c078b0a156d97f3fa3894640469e.sig.gz,"GCF_014337235.1 Eubacterium sp. NSJ-61 strain=NSJ-61, ASM1433723v1",5438c078b0a156d97f3fa3894640469e,0.15167501978369824,496000,126,311336000,/nfs3_ib/nfs-ip34/home/def-ilafores/analysis/MethodsComparison/Feces_RA/preproc/SRR5091502/SRR5091502_unmatched_2.fastq,SRR5091502,0ff6e9e70ddf33d9c9c42baf7a71b92d,498188000,31,DNA,1000,498188,true,0.8039604117524092,0.9409745401196637,0.8724674759360365,0.9409745401196637,947,2451865,3968950
661000,0.0013268083534729862,0.19975786924939468,0.0009936008093330228,0.0002925206918706459,2.3454545454545452,2.0,2.4862966954961134,signatures/0fa52b16ef37ab178f2b54115192a175.sig.gz,"GCF_003865035.1 Anaerotignum faecicola strain=KCTC 15736, ASM386503v1",0fa52b16ef37ab178f2b54115192a175,0.26674737691686845,495000,127,310841000,/nfs3_ib/nfs-ip34/home/def-ilafores/analysis/MethodsComparison/Feces_RA/preproc/SRR5091502/SRR5091502_unmatched_2.fastq,SRR5091502,0ff6e9e70ddf33d9c9c42baf7a71b92d,498188000,31,DNA,1000,498188,true,0.8075833587630109,0.9582682561973727,0.8829258074801918,0.9582682561973727,1161,2453026,3968950
521000,0.0010457899427525352,0.140598044853364,0.0009815571631592893,0.00022751609367716903,1.8466257668711656,1.0,1.671055733617984,signatures/48449cf30b586007d163147b9283ea78.sig.gz,"GCA_900544025.1 uncultured Odoribacter sp., UMGS628",48449cf30b586007d163147b9283ea78,0.1497987349051179,489000,128,310352000,/nfs3_ib/nfs-ip34/home/def-ilafores/analysis/MethodsComparison/Feces_RA/preproc/SRR5091502/SRR5091502_unmatched_2.fastq,SRR5091502,0ff6e9e70ddf33d9c9c42baf7a71b92d,498188000,31,DNA,1000,498188,true,0.8014068442729103,0.9405967819533604,0.8710018131131354,0.9405967819533604,903,2453929,3968950
530000,0.0010638554120131357,0.15396775213404995,0.0009775426144347113,0.00022550044722155735,1.837782340862423,1.0,1.3274737126429168,signatures/0fd00fe0e4e8c9621563b19e910f942e.sig.gz,GCF_020687385.1 Hominilimicola fabiformis strain=CLA-AA-H232 ASM2068738v1,0fd00fe0e4e8c9621563b19e910f942e,0.16756244072083465,487000,129,309865000,/nfs3_ib/nfs-ip34/home/def-ilafores/analysis/MethodsComparison/Feces_RA/preproc/SRR5091502/SRR5091502_unmatched_2.fastq,SRR5091502,0ff6e9e70ddf33d9c9c42baf7a71b92d,498188000,31,DNA,1000,498188,true,0.801849730050391,0.9440031450836384,0.8729264375670147,0.9440031450836384,895,2454824,3968950
683000,0.0013709683894433428,0.13985005767012687,0.0009735280657101335,0.00023331107723705263,1.909278350515464,1.0,1.6397185120653017,signatures/05df2d9cef43af2f34e1eb0c217ff27b.sig.gz,"GCF_020687435.1 Blautia sp. CLA-AA-H217 strain=CLA-AA-H217, ASM2068743v1",05df2d9cef43af2f34e1eb0c217ff27b,0.19694348327566322,485000,130,309380000,/nfs3_ib/nfs-ip34/home/def-ilafores/analysis/MethodsComparison/Feces_RA/preproc/SRR5091502/SRR5091502_unmatched_2.fastq,SRR5091502,0ff6e9e70ddf33d9c9c42baf7a71b92d,498188000,31,DNA,1000,498188,true,0.8084367481383041,0.9489357889509702,0.8786862685446372,0.9489357889509702,926,2455750,3968950
2086000,0.004187174319734719,0.12601626016260162,0.0009333825784643548,0.00030159110092089846,2.574193548387097,2.0,2.7961918506720576,signatures/b41feede9fdc86f2bd09dd47a8e3856b.sig.gz,GCA_003465495.1 Segatella copri strain=AF10-17 ASM346549v1,b41feede9fdc86f2bd09dd47a8e3856b,0.5653116531165312,465000,131,308915000,/nfs3_ib/nfs-ip34/home/def-ilafores/analysis/MethodsComparison/Feces_RA/preproc/SRR5091502/SRR5091502_unmatched_2.fastq,SRR5091502,0ff6e9e70ddf33d9c9c42baf7a71b92d,498188000,31,DNA,1000,498188,true,0.8380844361124448,0.9817689400330939,0.9099266880727693,0.9817689400330939,1197,2456947,3968950
1372000,0.0027539804250604188,0.14745653573728268,0.0009193316579283323,0.0013479635671903149,11.681222707423581,11.0,8.910209358898188,signatures/b7fbb7c245964c8787ceff9b2ee964a0.sig.gz,"GCF_003324185.1 Faecalibacterium prausnitzii strain=ATCC 27768, ASM332418v1",b7fbb7c245964c8787ceff9b2ee964a0,0.44172569220862845,458000,132,308457000,/nfs3_ib/nfs-ip34/home/def-ilafores/analysis/MethodsComparison/Feces_RA/preproc/SRR5091502/SRR5091502_unmatched_2.fastq,SRR5091502,0ff6e9e70ddf33d9c9c42baf7a71b92d,498188000,31,DNA,1000,498188,true,0.8268335527552266,0.973987339342355,0.9004104460487908,0.973987339342355,5350,2462297,3968950
524000,0.001051811765839402,0.17263719512195122,0.0009092952861168876,0.00021315461268093576,1.8675496688741722,1.0,1.2537387619813758,signatures/9d842f452bc2873386caa06583d801ad.sig.gz,GCF_030296915.1 Anaerostipes hadrus ATCC 29173 = JCM 17467 strain=JCM 17467 ASM3029691v1,9d842f452bc2873386caa06583d801ad,0.19969512195121952,453000,133,308004000,/nfs3_ib/nfs-ip34/home/def-ilafores/analysis/MethodsComparison/Feces_RA/preproc/SRR5091502/SRR5091502_unmatched_2.fastq,SRR5091502,0ff6e9e70ddf33d9c9c42baf7a71b92d,498188000,31,DNA,1000,498188,true,0.8015552900083659,0.9493606096926601,0.8754579498505131,0.9493606096926601,846,2463143,3968950
900000,0.0018065469260600416,0.10617103984450924,0.0008771788963202646,0.0002436412653220625,2.2128146453089244,1.0,2.725088220177264,signatures/06f53d8a347ef84d19961ba77261cd81.sig.gz,GCA_003471165.1 Ruminococcus sp. AM22-13 strain=AM22-13 ASM347116v1,06f53d8a347ef84d19961ba77261cd81,0.21865889212827988,437000,134,307567000,/nfs3_ib/nfs-ip34/home/def-ilafores/analysis/MethodsComparison/Feces_RA/preproc/SRR5091502/SRR5091502_unmatched_2.fastq,SRR5091502,0ff6e9e70ddf33d9c9c42baf7a71b92d,498188000,31,DNA,1000,498188,true,0.8156639460005968,0.9521429715392732,0.883903458769935,0.9521429715392732,967,2464110,3968950
2474000,0.004965996772302825,0.08837400041008817,0.000865135250146531,0.0005238161226520868,4.823665893271461,4.0,6.724371059332841,signatures/9f833edc009ae582f777a22b3796d1ff.sig.gz,GCF_959601035.1 Bacteroides intestinalis SRR16279995_bin.30_MetaWRAP_v1.3_MAG,9f833edc009ae582f777a22b3796d1ff,0.5072790649989748,431000,135,307136000,/nfs3_ib/nfs-ip34/home/def-ilafores/analysis/MethodsComparison/Feces_RA/preproc/SRR5091502/SRR5091502_unmatched_2.fastq,SRR5091502,0ff6e9e70ddf33d9c9c42baf7a71b92d,498188000,31,DNA,1000,498188,true,0.8427089897666703,0.9783445651148827,0.9105267774407765,0.9783445651148827,2079,2466189,3968950
2929000,0.0058793066071442905,0.0889687235841082,0.0008450625065236417,0.0011264944128799809,10.619952494061758,4.0,18.934014208812165,signatures/74682f4f7d98823d43fc073dc9b6e96e.sig.gz,GCA_959606905.1 uncultured Bacteroides sp. SRR16244388_bin.36_MetaWRAP_v1.3_MAG,74682f4f7d98823d43fc073dc9b6e96e,0.6189771766694844,421000,136,306715000,/nfs3_ib/nfs-ip34/home/def-ilafores/analysis/MethodsComparison/Feces_RA/preproc/SRR5091502/SRR5091502_unmatched_2.fastq,SRR5091502,0ff6e9e70ddf33d9c9c42baf7a71b92d,498188000,31,DNA,1000,498188,true,0.8473108695929662,0.9846453333974182,0.9159781014951922,0.9846453333974182,4471,2470660,3968950
1703000,0.0034183882389780566,0.08365718960932705,0.0008209752141761745,0.004464152987565981,43.32029339853301,44.0,27.366794147630955,signatures/710cdbb1b39af4ff433ed7fbad6c78ce.sig.gz,"GCF_000614125.1 Bacteroides rodentium JCM 16496 strain=JCM 16496, ASM61412v1",710cdbb1b39af4ff433ed7fbad6c78ce,0.3483329924319902,409000,137,306306000,/nfs3_ib/nfs-ip34/home/def-ilafores/analysis/MethodsComparison/Feces_RA/preproc/SRR5091502/SRR5091502_unmatched_2.fastq,SRR5091502,0ff6e9e70ddf33d9c9c42baf7a71b92d,498188000,31,DNA,1000,498188,true,0.8326181067413974,0.9665529097916675,0.8995855082665325,0.9665529097916675,17718,2488378,3968950
2371000,0.0047592475129870655,0.08010991333756078,0.0007607569833075064,0.0017279129240731176,18.094986807387862,9.0,38.78234305942908,signatures/3a64fac11588ca9ed657a3aafee42bb8.sig.gz,GCA_030295565.1 Bacteroides finegoldii DSM 17565 strain=JCM 13345 ASM3029556v1,3a64fac11588ca9ed657a3aafee42bb8,0.5011625449165081,379000,138,305927000,/nfs3_ib/nfs-ip34/home/def-ilafores/analysis/MethodsComparison/Feces_RA/preproc/SRR5091502/SRR5091502_unmatched_2.fastq,SRR5091502,0ff6e9e70ddf33d9c9c42baf7a71b92d,498188000,31,DNA,1000,498188,true,0.841553790321673,0.977961798419325,0.909757794370499,0.977961798419325,6858,2495236,3968950
628000,0.0012605682995174513,0.10667798528579513,0.0007567424345829285,0.0002700966250519659,2.843501326259947,2.0,7.679896692332867,signatures/204af89ac36dfdd7c4fcad734dffd0d2.sig.gz,"GCF_900104635.1 Coprococcus phoceensis strain=Marseille-P3062, PRJEB16356",204af89ac36dfdd7c4fcad734dffd0d2,0.17770232031692135,377000,139,305550000,/nfs3_ib/nfs-ip34/home/def-ilafores/analysis/MethodsComparison/Feces_RA/preproc/SRR5091502/SRR5091502_unmatched_2.fastq,SRR5091502,0ff6e9e70ddf33d9c9c42baf7a71b92d,498188000,31,DNA,1000,498188,true,0.8062502889157609,0.9457939934425553,0.8760221411791581,0.9457939934425553,1072,2496308,3968950
379000,0.0007607569833075064,0.1508828250401284,0.0007547351602206396,0.00017183386034089621,1.8138297872340425,1.0,1.2430317316630461,signatures/f978ec66a943dc868378aa146caf18da.sig.gz,"GCA_900546215.1 uncultured Clostridiales bacterium, UMGS863",f978ec66a943dc868378aa146caf18da,0.15208667736757625,376000,140,305174000,/nfs3_ib/nfs-ip34/home/def-ilafores/analysis/MethodsComparison/Feces_RA/preproc/SRR5091502/SRR5091502_unmatched_2.fastq,SRR5091502,0ff6e9e70ddf33d9c9c42baf7a71b92d,498188000,31,DNA,1000,498188,true,0.7932225108929145,0.9410568152419694,0.867139663067442,0.9410568152419694,682,2496990,3968950
2308000,0.004632789228162862,0.05531273549359458,0.0007366696909600392,0.0003630683178170549,3.9264305177111716,3.0,4.61870784859535,signatures/0e5019418175331bfe955e92113bfc1f.sig.gz,"GCF_003464595.1 Bacteroides intestinalis strain=AF14-32, ASM346459v1",0e5019418175331bfe955e92113bfc1f,0.34785229841748305,367000,141,304807000,/nfs3_ib/nfs-ip34/home/def-ilafores/analysis/MethodsComparison/Feces_RA/preproc/SRR5091502/SRR5091502_unmatched_2.fastq,SRR5091502,0ff6e9e70ddf33d9c9c42baf7a71b92d,498188000,31,DNA,1000,498188,true,0.8408230294156951,0.9665098543348337,0.9036664418752645,0.9665098543348337,1441,2498431,3968950
379000,0.0007607569833075064,0.14624347127360385,0.0007306478678731724,0.00017208581614784767,1.8763736263736264,1.0,1.3642177781122848,signatures/ee9ee00764ff4f981fe26059d7c5b0cc.sig.gz,"GCA_905215385.1 uncultured bacterium, ERR1600561-mag-bin.18",ee9ee00764ff4f981fe26059d7c5b0cc,0.15226998794696664,364000,142,304443000,/nfs3_ib/nfs-ip34/home/def-ilafores/analysis/MethodsComparison/Feces_RA/preproc/SRR5091502/SRR5091502_unmatched_2.fastq,SRR5091502,0ff6e9e70ddf33d9c9c42baf7a71b92d,498188000,31,DNA,1000,498188,true,0.7932225108929145,0.9410933829170477,0.867157946904981,0.9410933829170477,683,2499114,3968950
454000,0.0009113025604791765,0.12621696801112656,0.0007286405935108835,0.00018669925295103238,2.041322314049587,1.0,2.160489285778778,signatures/4949b4bbe37d0f5fccdc063d4d5efe54.sig.gz,"GCA_900756575.1 uncultured Oscillospiraceae bacterium, ERS537209_40",4949b4bbe37d0f5fccdc063d4d5efe54,0.15785813630041726,363000,143,304080000,/nfs3_ib/nfs-ip34/home/def-ilafores/analysis/MethodsComparison/Feces_RA/preproc/SRR5091502/SRR5091502_unmatched_2.fastq,SRR5091502,0ff6e9e70ddf33d9c9c42baf7a71b92d,498188000,31,DNA,1000,498188,true,0.7978561549508346,0.9421881640182084,0.8700221594845214,0.9421881640182084,741,2499855,3968950
1339000,0.002687740371104884,0.08074965293845442,0.0007005387524388383,0.0006306453847995062,7.171919770773639,3.0,19.459876052293872,signatures/284259e70e0364cec13b6b5c7e16db9f.sig.gz,"GCF_004793765.1 Parabacteroides distasonis strain=NM39_I3, ASM479376v1",284259e70e0364cec13b6b5c7e16db9f,0.3098102730217492,349000,144,303731000,/nfs3_ib/nfs-ip34/home/def-ilafores/analysis/MethodsComparison/Feces_RA/preproc/SRR5091502/SRR5091502_unmatched_2.fastq,SRR5091502,0ff6e9e70ddf33d9c9c42baf7a71b92d,498188000,31,DNA,1000,498188,true,0.8261844376164804,0.9629056520978622,0.8945450448571712,0.9629056520978622,2503,2502358,3968950
637000,0.0012786337687780516,0.09706293706293706,0.0006965242037142604,0.00018241600423285755,2.086455331412104,1.0,2.26195596421057,signatures/6fb5d9fae55cc8ecb2a67f82352fb7a7.sig.gz,GCF_025147765.1 Blautia obeum ATCC 29174 strain=ATCC 29174 ASM2514776v1,6fb5d9fae55cc8ecb2a67f82352fb7a7,0.1781818181818182,347000,145,303384000,/nfs3_ib/nfs-ip34/home/def-ilafores/analysis/MethodsComparison/Feces_RA/preproc/SRR5091502/SRR5091502_unmatched_2.fastq,SRR5091502,0ff6e9e70ddf33d9c9c42baf7a71b92d,498188000,31,DNA,1000,498188,true,0.80662045546867,0.9458762105204642,0.8762483329945672,0.9458762105204642,724,2503082,3968950
347000,0.0006965242037142604,0.15996301433194637,0.0006945169293519715,0.00015696846773076003,1.800578034682081,1.0,1.103384028013253,signatures/60e2f917d286ae51cb5a918eb82ceab9.sig.gz,"GCA_905206455.1 uncultured Clostridiales bacterium, ERR1600730-mag-bin.21",60e2f917d286ae51cb5a918eb82ceab9,0.16042533518261673,346000,146,303038000,/nfs3_ib/nfs-ip34/home/def-ilafores/analysis/MethodsComparison/Feces_RA/preproc/SRR5091502/SRR5091502_unmatched_2.fastq,SRR5091502,0ff6e9e70ddf33d9c9c42baf7a71b92d,498188000,31,DNA,1000,498188,true,0.7909685808993407,0.9426785903697865,0.8668235856345636,0.9426785903697865,623,2503705,3968950
2402000,0.004821473018218022,0.11493484797861678,0.0006905023806273937,0.003129291122337142,36.104651162790695,28.0,36.22788951024727,signatures/2bdcf0afcec6237c34322e5ef95e16d9.sig.gz,GCA_958432865.1 Bacteroides stercoris SRR17798025_bin.17_MetaWRAP_v1.3_MAG,2bdcf0afcec6237c34322e5ef95e16d9,0.8025392582692951,344000,147,302694000,/nfs3_ib/nfs-ip34/home/def-ilafores/analysis/MethodsComparison/Feces_RA/preproc/SRR5091502/SRR5091502_unmatched_2.fastq,SRR5091502,0ff6e9e70ddf33d9c9c42baf7a71b92d,498188000,31,DNA,1000,498188,true,0.8419065001347307,0.9929291650404173,0.9174178325875739,0.9929291650404173,12420,2516125,3968950
357000,0.0007165969473371498,0.12431644185198687,0.0006844805575405269,0.00017712493228687687,2.06158357771261,1.0,7.659105470778964,signatures/e3fe3975e8ff7edbc122dcfcdd5e3ebf.sig.gz,"GCA_022867625.1 Lachnospiraceae bacterium NSJ-143 strain=NSJ-143, ASM2286762v1",e3fe3975e8ff7edbc122dcfcdd5e3ebf,0.13014947138169888,341000,148,302353000,/nfs3_ib/nfs-ip34/home/def-ilafores/analysis/MethodsComparison/Feces_RA/preproc/SRR5091502/SRR5091502_unmatched_2.fastq,SRR5091502,0ff6e9e70ddf33d9c9c42baf7a71b92d,498188000,31,DNA,1000,498188,true,0.7916938231786245,0.9363401066049356,0.86401696489178,0.9363401066049356,703,2516828,3968950
1016000,0.002039390752085558,0.052464732921223646,0.0006644078139176375,0.00018367578326761486,2.202416918429003,1.0,3.065960698447838,signatures/227298ab041a61f361813f05281bd736.sig.gz,"GCF_000969835.1 Parabacteroides goldsteinii DSM 19448 = WAL 12034 strain=DSM 19448, Para_gold_DSM_19448_V1",227298ab041a61f361813f05281bd736,0.16103978443493422,331000,149,302022000,/nfs3_ib/nfs-ip34/home/def-ilafores/analysis/MethodsComparison/Feces_RA/preproc/SRR5091502/SRR5091502_unmatched_2.fastq,SRR5091502,0ff6e9e70ddf33d9c9c42baf7a71b92d,498188000,31,DNA,1000,498188,true,0.8188600655246707,0.9427948453096099,0.8808274554171402,0.9427948453096099,729,2517557,3968950
3434000,0.006892980160100203,0.08077019254813704,0.000648349619019326,0.004042378966729236,49.671826625387,24.0,52.896101608663855,signatures/368314a9cda1fb73c39f56f1ff8da594.sig.gz,"GCA_900760795.1 Bacteroidaceae bacterium, SRS021948_34",368314a9cda1fb73c39f56f1ff8da594,0.8587146786696674,323000,150,301699000,/nfs3_ib/nfs-ip34/home/def-ilafores/analysis/MethodsComparison/Feces_RA/preproc/SRR5091502/SRR5091502_unmatched_2.fastq,SRR5091502,0ff6e9e70ddf33d9c9c42baf7a71b92d,498188000,31,DNA,1000,498188,true,0.8516696959139876,0.9950985493315093,0.9233841226227484,0.9950985493315093,16044,2533601,3968950
756000,0.001517499417890435,0.0900976290097629,0.000648349619019326,0.00018241600423285755,2.2414860681114552,1.0,3.3325322453375565,signatures/b2cb449359263424b624c31f539ed929.sig.gz,"GCF_003478035.1 Clostridium sp. OF03-18AA strain=OF03-18AA, ASM347803v1",b2cb449359263424b624c31f539ed929,0.2108786610878661,323000,151,301376000,/nfs3_ib/nfs-ip34/home/def-ilafores/analysis/MethodsComparison/Feces_RA/preproc/SRR5091502/SRR5091502_unmatched_2.fastq,SRR5091502,0ff6e9e70ddf33d9c9c42baf7a71b92d,498188000,31,DNA,1000,498188,true,0.8110892816839699,0.9510308415124614,0.8810600615982156,0.9510308415124614,724,2534325,3968950
2687000,0.005393546211470369,0.05851353807014356,0.0006463423446570371,0.00045427631993348366,5.599378881987578,5.0,4.413178976943419,signatures/48ac22e23336bd18ad59549f5bb90daa.sig.gz,GCF_958387885.1 uncultured Bacteroides sp. SRR17798034_bin.10_MetaWRAP_v1.3_MAG,48ac22e23336bd18ad59549f5bb90daa,0.4882791204797383,322000,152,301054000,/nfs3_ib/nfs-ip34/home/def-ilafores/analysis/MethodsComparison/Feces_RA/preproc/SRR5091502/SRR5091502_unmatched_2.fastq,SRR5091502,0ff6e9e70ddf33d9c9c42baf7a71b92d,498188000,31,DNA,1000,498188,true,0.8449570972821836,0.9771405520845582,0.9110488246833709,0.9771405520845582,1803,2536128,3968950
597000,0.0011983427942864942,0.10785305021907651,0.0006423277959324592,0.0003595409365197344,4.459375,2.0,5.588344979452773,signatures/a6be66ce83fd1772452d8972fe7fcb22.sig.gz,"GCF_009695995.1 Lachnospiraceae bacterium WCA3-601-WT-6H strain=WCA3-601-WT-6H, ASM969599v1",a6be66ce83fd1772452d8972fe7fcb22,0.2012133468149646,320000,153,300734000,/nfs3_ib/nfs-ip34/home/def-ilafores/analysis/MethodsComparison/Feces_RA/preproc/SRR5091502/SRR5091502_unmatched_2.fastq,SRR5091502,0ff6e9e70ddf33d9c9c42baf7a71b92d,498188000,31,DNA,1000,498188,true,0.8049347552402835,0.9495925870037614,0.8772636711220224,0.9495925870037614,1427,2537555,3968950
331000,0.0006644078139176375,0.14962476547842402,0.0006403205215701703,0.00015999193741417757,1.9905956112852665,1.0,1.6159198073947183,signatures/c160a5fa3e7d768a3c6fc7de2be008a0.sig.gz,"GCA_002404795.1 Clostridiales bacterium UBA4696, ASM240479v1",c160a5fa3e7d768a3c6fc7de2be008a0,0.15525328330206378,319000,154,300415000,/nfs3_ib/nfs-ip34/home/def-ilafores/analysis/MethodsComparison/Feces_RA/preproc/SRR5091502/SRR5091502_unmatched_2.fastq,SRR5091502,0ff6e9e70ddf33d9c9c42baf7a71b92d,498188000,31,DNA,1000,498188,true,0.7897650206494686,0.9416825911820939,0.8657238059157812,0.9416825911820939,635,2538190,3968950
1106000,0.002220045444691562,0.12070282658517953,0.0006342986984833035,0.001660388767810126,20.854430379746834,25.0,17.185262286779512,signatures/7108e92619b903654cd875e33d69a01d.sig.gz,GCA_003464165.1 Eubacterium sp. AM49-13BH strain=AM49-13BH ASM346416v1,7108e92619b903654cd875e33d69a01d,0.42245989304812837,316000,155,300099000,/nfs3_ib/nfs-ip34/home/def-ilafores/analysis/MethodsComparison/Feces_RA/preproc/SRR5091502/SRR5091502_unmatched_2.fastq,SRR5091502,0ff6e9e70ddf33d9c9c42baf7a71b92d,498188000,31,DNA,1000,498188,true,0.8211051382364192,0.9725872322615684,0.8968461852489937,0.9725872322615684,6590,2544780,3968950
682000,0.0013689611150810538,0.08537592949600661,0.0006222550523095699,0.00012219856637145845,1.564516129032258,1.0,1.2600687096208927,signatures/1ca388e0f0c91a044eb31d6a265ece71.sig.gz,GCF_026095235.1 Segatella copri strain=F3-48 ASM2609523v1,1ca388e0f0c91a044eb31d6a265ece71,0.18782704489121455,310000,156,299789000,/nfs3_ib/nfs-ip34/home/def-ilafores/analysis/MethodsComparison/Feces_RA/preproc/SRR5091502/SRR5091502_unmatched_2.fastq,SRR5091502,0ff6e9e70ddf33d9c9c42baf7a71b92d,498188000,31,DNA,1000,498188,true,0.8083985386245214,0.9474860898613731,0.8779423142429472,0.9474860898613731,485,2545265,3968950
302000,0.0006061968574112583,0.11194029850746269,0.0006021823086866805,0.0001327807102634198,1.7566666666666666,1.0,1.4665568140678666,signatures/7ff5ea269286a4c611c65d6faa323360.sig.gz,"GCF_004309735.1 Desulfovibrio legallii strain=H1T, ASM430973v1",7ff5ea269286a4c611c65d6faa323360,0.1126865671641791,300000,157,299489000,/nfs3_ib/nfs-ip34/home/def-ilafores/analysis/MethodsComparison/Feces_RA/preproc/SRR5091502/SRR5091502_unmatched_2.fastq,SRR5091502,0ff6e9e70ddf33d9c9c42baf7a71b92d,498188000,31,DNA,1000,498188,true,0.7874325161566145,0.9319985369734907,0.8597155265650526,0.9319985369734907,527,2545792,3968950
845000,0.0016961468361341501,0.10694994598487577,0.0005961604855998137,0.00038448456140792903,5.138047138047138,4.0,3.46475280665822,signatures/0a3c4c5b5d699368003a2d33414561bc.sig.gz,"GCA_905200945.1 uncultured Akkermansia sp., ERR414247-mag-bin.14",0a3c4c5b5d699368003a2d33414561bc,0.30428519985595964,297000,158,299192000,/nfs3_ib/nfs-ip34/home/def-ilafores/analysis/MethodsComparison/Feces_RA/preproc/SRR5091502/SRR5091502_unmatched_2.fastq,SRR5091502,0ff6e9e70ddf33d9c9c42baf7a71b92d,498188000,31,DNA,1000,498188,true,0.8140064630521804,0.9623468733858542,0.8881766682190173,0.9623468733858542,1526,2547318,3968950
1446000,0.0029025187278698002,0.0746532156368222,0.0005941532112375248,0.0005986469973166706,8.027027027027026,2.0,14.960509252942488,signatures/e9ec7274e8258dd4be5e60bc6fb66cda.sig.gz,GCA_948847595.1 uncultured Bacteroides sp. MGBC156522,e9ec7274e8258dd4be5e60bc6fb66cda,0.3646910466582598,296000,159,298896000,/nfs3_ib/nfs-ip34/home/def-ilafores/analysis/MethodsComparison/Feces_RA/preproc/SRR5091502/SRR5091502_unmatched_2.fastq,SRR5091502,0ff6e9e70ddf33d9c9c42baf7a71b92d,498188000,31,DNA,1000,498188,true,0.8282358658947996,0.9679848309818675,0.8981103484383335,0.9679848309818675,2376,2549694,3968950
313000,0.0006282768753964366,0.07849920170303352,0.0005921459368752359,0.00011489184796986609,1.5457627118644068,1.0,1.003607397392586,signatures/4a0a4ccf84ababa1f62e38415ad37d82.sig.gz,"GCA_900546265.1 uncultured Ruminococcaceae bacterium, UMGS856",4a0a4ccf84ababa1f62e38415ad37d82,0.08328898350186269,295000,160,298601000,/nfs3_ib/nfs-ip34/home/def-ilafores/analysis/MethodsComparison/Feces_RA/preproc/SRR5091502/SRR5091502_unmatched_2.fastq,SRR5091502,0ff6e9e70ddf33d9c9c42baf7a71b92d,498188000,31,DNA,1000,498188,true,0.7883417930646635,0.9229543986568038,0.8556480958607336,0.9229543986568038,456,2550150,3968950
674000,0.0013529029201827423,0.09004884004884005,0.0005921459368752359,0.0001436148099623326,1.9322033898305084,1.0,2.0524017082900463,signatures/9e471117913907283503d1bbd660072a.sig.gz,"GCF_003480315.1 Clostridium sp. AM33-3 strain=AM33-3, ASM348031v1",9e471117913907283503d1bbd660072a,0.20573870573870573,295000,161,298306000,/nfs3_ib/nfs-ip34/home/def-ilafores/analysis/MethodsComparison/Feces_RA/preproc/SRR5091502/SRR5091502_unmatched_2.fastq,SRR5091502,0ff6e9e70ddf33d9c9c42baf7a71b92d,498188000,31,DNA,1000,498188,true,0.8080908960000491,0.950274123488662,0.8791825097443555,0.950274123488662,570,2550720,3968950
1164000,0.0023364673577043206,0.11878787878787879,0.0005901386625129469,0.0005490117033472329,7.41156462585034,6.0,6.4716021947360085,signatures/363d223ee3759cea7ec9a3f62c7a0463.sig.gz,"GCA_934514285.1 uncultured Faecalibacterium sp., ERR7738148_bin.55",363d223ee3759cea7ec9a3f62c7a0463,0.4703030303030303,294000,162,298012000,/nfs3_ib/nfs-ip34/home/def-ilafores/analysis/MethodsComparison/Feces_RA/preproc/SRR5091502/SRR5091502_unmatched_2.fastq,SRR5091502,0ff6e9e70ddf33d9c9c42baf7a71b92d,498188000,31,DNA,1000,498188,true,0.8224600837197638,0.9759589277280593,0.8992095057239116,0.9759589277280593,2179,2552899,3968950
311000,0.0006242623266718588,0.10030917210580556,0.0005861241137883691,0.0001269857267035362,1.726027397260274,1.0,1.0664275784465198,signatures/c6bad6b80328a581c7aeb7d96b867f9b.sig.gz,"GCF_000154445.1 Intestinibacter bartlettii DSM 16795 strain=DSM 16795, ASM15444v1",c6bad6b80328a581c7aeb7d96b867f9b,0.10683613878392305,292000,163,297720000,/nfs3_ib/nfs-ip34/home/def-ilafores/analysis/MethodsComparison/Feces_RA/preproc/SRR5091502/SRR5091502_unmatched_2.fastq,SRR5091502,0ff6e9e70ddf33d9c9c42baf7a71b92d,498188000,31,DNA,1000,498188,true,0.7881787941006403,0.9303970581261238,0.8592879261133821,0.9303970581261238,504,2553403,3968950
615000,0.001234473732807695,0.07397827211588205,0.0005740804676146354,0.00018040035777724587,2.5034965034965033,1.0,3.644852920136603,signatures/c1ba8d0ce9c6c98a462fa26151e71b3a.sig.gz,GCF_025567525.1 Gallintestinimicrobium propionicum strain=Sanger_16 ASM2556752v1,c1ba8d0ce9c6c98a462fa26151e71b3a,0.15907915157785826,286000,164,297434000,/nfs3_ib/nfs-ip34/home/def-ilafores/analysis/MethodsComparison/Feces_RA/preproc/SRR5091502/SRR5091502_unmatched_2.fastq,SRR5091502,0ff6e9e70ddf33d9c9c42baf7a71b92d,498188000,31,DNA,1000,498188,true,0.8057064381708444,0.9424223763883408,0.8740644072795927,0.9424223763883408,716,2554119,3968950
442000,0.0008872152681317093,0.07891832229580574,0.0005740804676146354,0.0001257259476687789,1.7447552447552448,1.0,1.1831673930408195,signatures/4f9f7653a293be189ac633bff28f9766.sig.gz,"GCF_008121495.1 [Ruminococcus] gnavus ATCC 29149 strain=JCM6515, ASM812149v1",4f9f7653a293be189ac633bff28f9766,0.12196467991169978,286000,165,297148000,/nfs3_ib/nfs-ip34/home/def-ilafores/analysis/MethodsComparison/Feces_RA/preproc/SRR5091502/SRR5091502_unmatched_2.fastq,SRR5091502,0ff6e9e70ddf33d9c9c42baf7a71b92d,498188000,31,DNA,1000,498188,true,0.797167019675198,0.934380314179803,0.8657736669275005,0.934380314179803,499,2554618,3968950
2453000,0.004923844010694758,0.07260726072607261,0.0005740804676146354,0.0012559996976530317,17.43006993006993,3.0,37.511121959020116,signatures/9b37ff955b2758a3120db28694fa909f.sig.gz,"GCA_019415065.1 Bacteroides sp., ASM1941506v1",9b37ff955b2758a3120db28694fa909f,0.6227468900736227,286000,166,296862000,/nfs3_ib/nfs-ip34/home/def-ilafores/analysis/MethodsComparison/Feces_RA/preproc/SRR5091502/SRR5091502_unmatched_2.fastq,SRR5091502,0ff6e9e70ddf33d9c9c42baf7a71b92d,498188000,31,DNA,1000,498188,true,0.8424772900085681,0.9848382080825687,0.9136577490455684,0.9848382080825687,4985,2559603,3968950
304000,0.0006102114061358363,0.12528370403994554,0.0005540077239917461,0.00012043487572279822,1.7318840579710144,1.0,1.185906704254229,signatures/19be2bfe34e9fe4b2764721c5cb942a4.sig.gz,"GCA_944387035.1 uncultured Oscillospiraceae bacterium, BRZ_EH__bin138",19be2bfe34e9fe4b2764721c5cb942a4,0.13799364502950523,276000,167,296586000,/nfs3_ib/nfs-ip34/home/def-ilafores/analysis/MethodsComparison/Feces_RA/preproc/SRR5091502/SRR5091502_unmatched_2.fastq,SRR5091502,0ff6e9e70ddf33d9c9c42baf7a71b92d,498188000,31,DNA,1000,498188,true,0.7876001983057747,0.9381094674728403,0.8628548328893075,0.9381094674728403,478,2560081,3968950
440000,0.0008832007194071314,0.10085279940674824,0.0005459786265425903,0.0001577243351516144,2.301470588235294,1.0,4.125458714140296,signatures/c122ecbf66d016ce29333bc145978b5a.sig.gz,"GCA_900112995.1 Lactobacillus rogosae strain=ATCC 27753, IMG-taxon 2597490368 annotated assembly",c122ecbf66d016ce29333bc145978b5a,0.1631442343344457,272000,168,296314000,/nfs3_ib/nfs-ip34/home/def-ilafores/analysis/MethodsComparison/Feces_RA/preproc/SRR5091502/SRR5091502_unmatched_2.fastq,SRR5091502,0ff6e9e70ddf33d9c9c42baf7a71b92d,498188000,31,DNA,1000,498188,true,0.7970504063948479,0.9431897838697452,0.8701200951322965,0.9431897838697452,626,2560707,3968950
433000,0.0008691497988711089,0.05864531486691192,0.0005439713521803014,0.00041194774436563827,6.033210332103321,1.0,21.707609248553,signatures/ac9850d2edee4de30e0845e9082cab37.sig.gz,GCF_014385165.1 Jilunia laotingensis strain=N12 ASM1438516v1,ac9850d2edee4de30e0845e9082cab37,0.09370266176152348,271000,169,296043000,/nfs3_ib/nfs-ip34/home/def-ilafores/analysis/MethodsComparison/Feces_RA/preproc/SRR5091502/SRR5091502_unmatched_2.fastq,SRR5091502,0ff6e9e70ddf33d9c9c42baf7a71b92d,498188000,31,DNA,1000,498188,true,0.7966381808857057,0.9264686055740394,0.8615533932298726,0.9264686055740394,1635,2562342,3968950
543000,0.0010899499787228918,0.05332546241637151,0.0005439713521803014,0.00016326736290454654,2.3911439114391144,1.0,9.151560822129445,signatures/dec6823a28f0aea55b13c3be158528c4.sig.gz,"GCF_000025985.1 Bacteroides fragilis NCTC 9343, ASM2598v1",dec6823a28f0aea55b13c3be158528c4,0.10684769775678866,271000,170,295772000,/nfs3_ib/nfs-ip34/home/def-ilafores/analysis/MethodsComparison/Feces_RA/preproc/SRR5091502/SRR5091502_unmatched_2.fastq,SRR5091502,0ff6e9e70ddf33d9c9c42baf7a71b92d,498188000,31,DNA,1000,498188,true,0.80247677102734,0.9304003051460986,0.8664385380867193,0.9304003051460986,648,2562990,3968950
1900000,0.003813821288348977,0.07265877287405813,0.0005419640778180125,0.0002071076733141007,3.0444444444444443,2.0,8.739325057985646,signatures/988b2ef58a54374a65546dbc194ca3be.sig.gz,GCA_015074785.1 Segatella copri strain=YF2 ASM1507478v1,988b2ef58a54374a65546dbc194ca3be,0.511302475780409,270000,171,295502000,/nfs3_ib/nfs-ip34/home/def-ilafores/analysis/MethodsComparison/Feces_RA/preproc/SRR5091502/SRR5091502_unmatched_2.fastq,SRR5091502,0ff6e9e70ddf33d9c9c42baf7a71b92d,498188000,31,DNA,1000,498188,true,0.8355633179284679,0.9785939190982892,0.9070786185133786,0.9785939190982892,822,2563812,3968950
281000,0.0005640440958031908,0.08476190476190476,0.0005359422547311457,0.00011136446667254563,1.655430711610487,1.0,1.2183054872159083,signatures/e5a32b2a854d7d11d95473daa59c62b8.sig.gz,"GCA_000438155.1 Firmicutes bacterium CAG:95, MGS95",e5a32b2a854d7d11d95473daa59c62b8,0.0892063492063492,267000,172,295235000,/nfs3_ib/nfs-ip34/home/def-ilafores/analysis/MethodsComparison/Feces_RA/preproc/SRR5091502/SRR5091502_unmatched_2.fastq,SRR5091502,0ff6e9e70ddf33d9c9c42baf7a71b92d,498188000,31,DNA,1000,498188,true,0.7856039293966414,0.9250001409304784,0.8553020351635598,0.9250001409304784,442,2564254,3968950
337000,0.0006764514600913711,0.04374482187241094,0.0005299204316442788,0.0006445029541818365,9.68939393939394,1.0,75.29232249642334,signatures/420d475a10a0d7f2dd3f44da9d2fe498.sig.gz,"GCF_003434055.1 Enterocloster aldensis strain=AF19-9LB, ASM343405v1",420d475a10a0d7f2dd3f44da9d2fe498,0.05584092792046396,264000,173,294971000,/nfs3_ib/nfs-ip34/home/def-ilafores/analysis/MethodsComparison/Feces_RA/preproc/SRR5091502/SRR5091502_unmatched_2.fastq,SRR5091502,0ff6e9e70ddf33d9c9c42baf7a71b92d,498188000,31,DNA,1000,498188,true,0.7902228235154763,0.9111274204947538,0.8506751220051151,0.9111274204947538,2558,2566812,3968950
515000,0.0010337462965788015,0.05997666277712952,0.0005158695111082563,0.0005104624648836594,7.883268482490273,1.0,18.932862958962613,signatures/bb9013a4e54fd785cd0dbda290c0bf70.sig.gz,"GCF_000195635.1 Bacteroides fluxus YIT 12057 strain=YIT 12057, ASM19563v1",bb9013a4e54fd785cd0dbda290c0bf70,0.12018669778296383,257000,174,294714000,/nfs3_ib/nfs-ip34/home/def-ilafores/analysis/MethodsComparison/Feces_RA/preproc/SRR5091502/SRR5091502_unmatched_2.fastq,SRR5091502,0ff6e9e70ddf33d9c9c42baf7a71b92d,498188000,31,DNA,1000,498188,true,0.8011074547727807,0.9339377896269622,0.8675226221998714,0.9339377896269622,2026,2568838,3968950
301000,0.0006041895830489694,0.04547075606276747,0.0005118549623836785,0.00007256327240202069,1.1294117647058823,1.0,0.39965382944618877,signatures/e4c612e9ea6fe7869b7583a2f7df7037.sig.gz,"GCF_002075345.1 Citrobacter braakii strain=ATCC 51113, ASM207534v1",e4c612e9ea6fe7869b7583a2f7df7037,0.053673323823109846,255000,175,294459000,/nfs3_ib/nfs-ip34/home/def-ilafores/analysis/MethodsComparison/Feces_RA/preproc/SRR5091502/SRR5091502_unmatched_2.fastq,SRR5091502,0ff6e9e70ddf33d9c9c42baf7a71b92d,498188000,31,DNA,1000,498188,true,0.7873482716677693,0.9099645370998896,0.8486564043838294,0.9099645370998896,288,2569126,3968950
617000,0.001238488281532273,0.08279220779220779,0.0005118549623836785,0.0001468902354527016,2.2862745098039214,1.0,3.2672480239698,signatures/1a61bc75384814965146b3c8fd1a27a5.sig.gz,GCF_025150245.1 Dorea formicigenerans strain=ATCC 27755 ASM2515024v1,1a61bc75384814965146b3c8fd1a27a5,0.20032467532467532,255000,176,294204000,/nfs3_ib/nfs-ip34/home/def-ilafores/analysis/MethodsComparison/Feces_RA/preproc/SRR5091502/SRR5091502_unmatched_2.fastq,SRR5091502,0ff6e9e70ddf33d9c9c42baf7a71b92d,498188000,31,DNA,1000,498188,true,0.8057908275026324,0.9494570087944016,0.877623918148517,0.9494570087944016,583,2569709,3968950
361000,0.0007246260447863055,0.03983688833124216,0.0005098476880213895,0.00010153819020143867,1.5866141732283465,1.0,0.9752740139667438,signatures/93f73424a62c9a7810069426678c2739.sig.gz,"GCF_002234575.2 Enterocloster bolteae strain=ATCC BAA-613, ASM223457v2",93f73424a62c9a7810069426678c2739,0.056618569636135506,254000,177,293950000,/nfs3_ib/nfs-ip34/home/def-ilafores/analysis/MethodsComparison/Feces_RA/preproc/SRR5091502/SRR5091502_unmatched_2.fastq,SRR5091502,0ff6e9e70ddf33d9c9c42baf7a71b92d,498188000,31,DNA,1000,498188,true,0.7919784289148395,0.9115339898403435,0.8517562093775914,0.9115339898403435,403,2570112,3968950
1568000,0.00314740620006905,0.05365853658536585,0.0005078404136591005,0.00024842842565414027,3.897233201581028,3.0,2.9497290444607964,signatures/a979b53ddcfd88958a35250270db69a6.sig.gz,"GCA_900759525.1 uncultured Bacteroides sp., ERS608613_38",a979b53ddcfd88958a35250270db69a6,0.33255567338282077,253000,178,293697000,/nfs3_ib/nfs-ip34/home/def-ilafores/analysis/MethodsComparison/Feces_RA/preproc/SRR5091502/SRR5091502_unmatched_2.fastq,SRR5091502,0ff6e9e70ddf33d9c9c42baf7a71b92d,498188000,31,DNA,1000,498188,true,0.8304027904108882,0.9651087869325243,0.8977557886717062,0.9651087869325243,986,2571098,3968950
1327000,0.002663653078757417,0.07939508506616257,0.0005058331392968116,0.0007425137630859548,11.694444444444445,11.0,9.039479595531185,signatures/463a8ff2f26f37a3c67c2a86a64398f8.sig.gz,"GCF_023347235.1 Faecalibacterium sp. I4179 strain=I4179, ASM2334723v1",463a8ff2f26f37a3c67c2a86a64398f8,0.4180844360428481,252000,179,293445000,/nfs3_ib/nfs-ip34/home/def-ilafores/analysis/MethodsComparison/Feces_RA/preproc/SRR5091502/SRR5091502_unmatched_2.fastq,SRR5091502,0ff6e9e70ddf33d9c9c42baf7a71b92d,498188000,31,DNA,1000,498188,true,0.8259445508510799,0.9722606514516577,0.8991026011513688,0.9722606514516577,2947,2574045,3968950
1416000,0.002842300497001132,0.09502262443438914,0.0005058331392968116,0.00021441439171569307,3.376984126984127,3.0,2.955480856812668,signatures/a202d6e19a5a61416204946db31cfb35.sig.gz,"GCA_019411365.1 Roseburia sp., ASM1941136v1",a202d6e19a5a61416204946db31cfb35,0.5339366515837104,252000,180,293193000,/nfs3_ib/nfs-ip34/home/def-ilafores/analysis/MethodsComparison/Feces_RA/preproc/SRR5091502/SRR5091502_unmatched_2.fastq,SRR5091502,0ff6e9e70ddf33d9c9c42baf7a71b92d,498188000,31,DNA,1000,498188,true,0.8276759239258129,0.979962250172091,0.903819087048952,0.979962250172091,851,2574896,3968950
258000,0.0005178767854705453,0.08029430582213691,0.0005038258649345227,0.00010179014600839012,1.6095617529880477,1.0,1.096421291555854,signatures/8d6919250bacbad97d6d884246790fb2.sig.gz,"GCA_900757485.1 Ruminococcaceae bacterium, ERS537327_19",8d6919250bacbad97d6d884246790fb2,0.08253358925143954,251000,181,292942000,/nfs3_ib/nfs-ip34/home/def-ilafores/analysis/MethodsComparison/Feces_RA/preproc/SRR5091502/SRR5091502_unmatched_2.fastq,SRR5091502,0ff6e9e70ddf33d9c9c42baf7a71b92d,498188000,31,DNA,1000,498188,true,0.7834428198020301,0.9226831811260953,0.8530630004640627,0.9226831811260953,404,2575300,3968950
794000,0.0015937758436574145,0.05109797297297297,0.0004857603956739223,0.0003731465500951133,6.119834710743802,4.0,6.489509905659648,signatures/02081adae2cbefe2ee8ca3ea6ec78648.sig.gz,GCF_025151045.1 Parabacteroides johnsonii DSM 18315 strain=DSM 18315 ASM2515104v1,02081adae2cbefe2ee8ca3ea6ec78648,0.16765202702702703,242000,182,292700000,/nfs3_ib/nfs-ip34/home/def-ilafores/analysis/MethodsComparison/Feces_RA/preproc/SRR5091502/SRR5091502_unmatched_2.fastq,SRR5091502,0ff6e9e70ddf33d9c9c42baf7a71b92d,498188000,31,DNA,1000,498188,true,0.812373442658584,0.9440194217092177,0.8781964321839009,0.9440194217092177,1481,2576781,3968950
771000,0.001547608533324769,0.04541189716644774,0.0004857603956739223,0.00011262424570730294,1.8471074380165289,1.0,1.306915767434082,signatures/36bb9301189d48be24ee9b00d0e2e161.sig.gz,"GCF_000194175.1 Escherichia coli 1.2741 strain=1.2741, ASM19417v2",36bb9301189d48be24ee9b00d0e2e161,0.14468005254269092,242000,183,292458000,/nfs3_ib/nfs-ip34/home/def-ilafores/analysis/MethodsComparison/Feces_RA/preproc/SRR5091502/SRR5091502_unmatched_2.fastq,SRR5091502,0ff6e9e70ddf33d9c9c42baf7a71b92d,498188000,31,DNA,1000,498188,true,0.8116034920002947,0.9395424528804404,0.8755729724403676,0.9395424528804404,447,2577228,3968950
416000,0.000835026134712197,0.044187752108544184,0.00048375312131163333,0.00020257246878897442,3.336099585062241,1.0,16.04994486018502,signatures/02526ae79a31029129685a2baa962c09.sig.gz,"GCF_014287455.1 Butyricimonas sp. NSJ-56 strain=NSJ-56, ASM1428745v1",02526ae79a31029129685a2baa962c09,0.07627429409607628,241000,184,292217000,/nfs3_ib/nfs-ip34/home/def-ilafores/analysis/MethodsComparison/Feces_RA/preproc/SRR5091502/SRR5091502_unmatched_2.fastq,SRR5091502,0ff6e9e70ddf33d9c9c42baf7a71b92d,498188000,31,DNA,1000,498188,true,0.795609576964965,0.9203386987194793,0.8579741378422221,0.9203386987194793,804,2578032,3968950
1348000,0.0027058058403654846,0.06509994597514857,0.00048375312131163333,0.005622393832121846,92.59336099585062,114.0,78.75167519465931,signatures/19b182aa375aae156dab011d86e5486c.sig.gz,GCA_945965395.1 uncultured Bacteroides sp. SRR12203260_bin.2_metaWRAP_v1.3_MAG,19b182aa375aae156dab011d86e5486c,0.3641274986493787,241000,185,291976000,/nfs3_ib/nfs-ip34/home/def-ilafores/analysis/MethodsComparison/Feces_RA/preproc/SRR5091502/SRR5091502_unmatched_2.fastq,SRR5091502,0ff6e9e70ddf33d9c9c42baf7a71b92d,498188000,31,DNA,1000,498188,true,0.8263629912549255,0.9679365431604348,0.8971497672076801,0.9679365431604348,22315,2600347,3968950
345000,0.0006925096549896826,0.04698512137823023,0.00048174584694934443,0.0001224505221784099,2.025,1.0,2.209685120856211,signatures/ddcc002de25b4cf728bc53c0554d946f.sig.gz,"GCF_003477885.1 Lachnotalea sp. AF33-28 strain=AF33-28, ASM347788v1",ddcc002de25b4cf728bc53c0554d946f,0.06754111198120595,240000,186,291736000,/nfs3_ib/nfs-ip34/home/def-ilafores/analysis/MethodsComparison/Feces_RA/preproc/SRR5091502/SRR5091502_unmatched_2.fastq,SRR5091502,0ff6e9e70ddf33d9c9c42baf7a71b92d,498188000,31,DNA,1000,498188,true,0.7908211080214138,0.9167356820391509,0.8537783950302824,0.9167356820391509,486,2600833,3968950
243000,0.00048776767003621125,0.10751237067026541,0.00047973857258705547,0.00010758512956827372,1.786610878661088,1.0,1.387507254022601,signatures/9c014c37b29f5564fc6d5137d5732c7f.sig.gz,"GCA_900543295.1 uncultured Ruminococcaceae bacterium, UMGS551",9c014c37b29f5564fc6d5137d5732c7f,0.10931174089068826,239000,187,291497000,/nfs3_ib/nfs-ip34/home/def-ilafores/analysis/MethodsComparison/Feces_RA/preproc/SRR5091502/SRR5091502_unmatched_2.fastq,SRR5091502,0ff6e9e70ddf33d9c9c42baf7a71b92d,498188000,31,DNA,1000,498188,true,0.7819305145691549,0.9310848324472807,0.8565076735082178,0.9310848324472807,427,2601260,3968950
1630000,0.003271857210530964,0.035412653726478,0.00047973857258705547,0.00013454440091208001,2.2343096234309625,2.0,1.7246413259853512,signatures/d0bde3e6526ca3c12f402123a43ebfc0.sig.gz,"GCA_019412825.1 Bacteroides thetaiotaomicron, ASM1941282v1",d0bde3e6526ca3c12f402123a43ebfc0,0.2415172618165654,239000,188,291258000,/nfs3_ib/nfs-ip34/home/def-ilafores/analysis/MethodsComparison/Feces_RA/preproc/SRR5091502/SRR5091502_unmatched_2.fastq,SRR5091502,0ff6e9e70ddf33d9c9c42baf7a71b92d,498188000,31,DNA,1000,498188,true,0.8314422232132915,0.955201734635999,0.8933219789246453,0.955201734635999,534,2601794,3968950
297000,0.0005961604855998137,0.0907698199923401,0.0004757240238624776,0.00010758512956827372,1.8016877637130801,1.0,1.7353112597834675,signatures/ff319075e0e50fcb7f8fec8840a453c8.sig.gz,"GCF_003425665.1 Evtepia gabavorous strain=KLE1738, ASM342566v1",ff319075e0e50fcb7f8fec8840a453c8,0.11374952125622367,237000,189,291021000,/nfs3_ib/nfs-ip34/home/def-ilafores/analysis/MethodsComparison/Feces_RA/preproc/SRR5091502/SRR5091502_unmatched_2.fastq,SRR5091502,0ff6e9e70ddf33d9c9c42baf7a71b92d,498188000,31,DNA,1000,498188,true,0.787008562898573,0.9322808437826382,0.8596447033406056,0.9322808437826382,427,2602221,3968950
266000,0.0005339349803688567,0.10472823685373397,0.0004757240238624776,0.00011489184796986609,1.9240506329113924,1.0,2.280566321879537,signatures/50f4fdcbd8ddf3397caca2799f2a0781.sig.gz,"GCA_900542245.1 uncultured Clostridiales bacterium, UMGS434",50f4fdcbd8ddf3397caca2799f2a0781,0.1175430844012373,237000,190,290784000,/nfs3_ib/nfs-ip34/home/def-ilafores/analysis/MethodsComparison/Feces_RA/preproc/SRR5091502/SRR5091502_unmatched_2.fastq,SRR5091502,0ff6e9e70ddf33d9c9c42baf7a71b92d,498188000,31,DNA,1000,498188,true,0.784214934771185,0.9332679625246905,0.8587414486479377,0.9332679625246905,456,2602677,3968950
798000,0.0016018049411065701,0.13628522139160437,0.0004757240238624776,0.0011469028332430492,19.206751054852322,21.0,16.09922675480359,signatures/2bc7ad025d7a7c1e9e8216130886e72e.sig.gz,"GCA_019424245.1 Clostridiales bacterium, ASM1942424v1",2bc7ad025d7a7c1e9e8216130886e72e,0.45888441633122484,237000,191,290547000,/nfs3_ib/nfs-ip34/home/def-ilafores/analysis/MethodsComparison/Feces_RA/preproc/SRR5091502/SRR5091502_unmatched_2.fastq,SRR5091502,0ff6e9e70ddf33d9c9c42baf7a71b92d,498188000,31,DNA,1000,498188,true,0.8125051400162109,0.9751854289964533,0.893845284506332,0.9751854289964533,4552,2607229,3968950
466000,0.0009353898528266437,0.07072515666965085,0.0004757240238624776,0.00020055682233336274,3.3586497890295357,1.0,6.259681031470286,signatures/92c53e2d1bf44b454d06fc8084b60b89.sig.gz,GCF_025567405.1 Suilimivivens aceti strain=Sanger_18 ASM2556740v1,92c53e2d1bf44b454d06fc8084b60b89,0.13906296627872278,237000,192,290310000,/nfs3_ib/nfs-ip34/home/def-ilafores/analysis/MethodsComparison/Feces_RA/preproc/SRR5091502/SRR5091502_unmatched_2.fastq,SRR5091502,0ff6e9e70ddf33d9c9c42baf7a71b92d,498188000,31,DNA,1000,498188,true,0.7985278833458528,0.9383430916196666,0.8684354874827597,0.9383430916196666,796,2608025,3968950
862000,0.001730270500293062,0.08004122294744075,0.00046769492641332187,0.002129026568739843,36.26609442060086,35.0,13.233379266330102,signatures/dbd3858aa79f473992a9425a3b3a410e.sig.gz,"GCA_934435205.1 uncultured Ruminococcus sp., ERR7738659_bin.122",dbd3858aa79f473992a9425a3b3a410e,0.29611817244933014,233000,193,290077000,/nfs3_ib/nfs-ip34/home/def-ilafores/analysis/MethodsComparison/Feces_RA/preproc/SRR5091502/SRR5091502_unmatched_2.fastq,SRR5091502,0ff6e9e70ddf33d9c9c42baf7a71b92d,498188000,31,DNA,1000,498188,true,0.814529660294708,0.9615026506256161,0.888016155460162,0.9615026506256161,8450,2616475,3968950
468000,0.0009394044015512217,0.054455445544554455,0.0004416003597035657,0.00010909686440998249,1.9681818181818183,1.0,1.5117378210752754,signatures/d2fdeea244c02410e7546507ce922541.sig.gz,"GCF_004535825.1 Prevotella sp. BCRC 81118 strain=BCRC 81118, ASM453582v1",d2fdeea244c02410e7546507ce922541,0.11584158415841585,220000,194,289857000,/nfs3_ib/nfs-ip34/home/def-ilafores/analysis/MethodsComparison/Feces_RA/preproc/SRR5091502/SRR5091502_unmatched_2.fastq,SRR5091502,0ff6e9e70ddf33d9c9c42baf7a71b92d,498188000,31,DNA,1000,498188,true,0.7986382078972006,0.9328290884652362,0.8657336481812183,0.9328290884652362,433,2616908,3968950
217000,0.00043557853661669893,0.08771929824561403,0.00043156398789212107,0.00008616888597739956,1.5906976744186045,1.0,1.0782876074652792,signatures/274d37fe38c89456352e287313491fb8.sig.gz,"GCF_010669225.1 Megamonas funiformis strain=JCM 14723, ASM1066922v1",274d37fe38c89456352e287313491fb8,0.08853529171766626,215000,195,289642000,/nfs3_ib/nfs-ip34/home/def-ilafores/analysis/MethodsComparison/Feces_RA/preproc/SRR5091502/SRR5091502_unmatched_2.fastq,SRR5091502,0ff6e9e70ddf33d9c9c42baf7a71b92d,498188000,31,DNA,1000,498188,true,0.7790813163941434,0.9247748572074563,0.8519280868007999,0.9247748572074563,342,2617250,3968950
520000,0.0010437826683902462,0.05134474327628362,0.0004215276160806764,0.00010758512956827372,2.033333333333333,1.0,2.0984877396951336,signatures/9339949239b5932e2aee9a8671988c41.sig.gz,GCF_025566865.1 Blautia acetigignens strain=Sanger_28 ASM2556686v1,9339949239b5932e2aee9a8671988c41,0.1271393643031785,210000,196,289432000,/nfs3_ib/nfs-ip34/home/def-ilafores/analysis/MethodsComparison/Feces_RA/preproc/SRR5091502/SRR5091502_unmatched_2.fastq,SRR5091502,0ff6e9e70ddf33d9c9c42baf7a71b92d,498188000,31,DNA,1000,498188,true,0.801357178488917,0.9356335957348381,0.8684953871118775,0.9356335957348381,427,2617677,3968950
239000,0.00047973857258705547,0.09421265141318977,0.0004215276160806764,0.00006475264238652541,1.223809523809524,1.0,0.9867719193722926,signatures/50cbe693931985575a68db5515e8ee6f.sig.gz,"GCF_001025135.1 Bifidobacterium bifidum ATCC 29521 = JCM 1255 = DSM 20456 strain=JCM 1255, ASM102513v1",50cbe693931985575a68db5515e8ee6f,0.10722296994167788,210000,197,289222000,/nfs3_ib/nfs-ip34/home/def-ilafores/analysis/MethodsComparison/Feces_RA/preproc/SRR5091502/SRR5091502_unmatched_2.fastq,SRR5091502,0ff6e9e70ddf33d9c9c42baf7a71b92d,498188000,31,DNA,1000,498188,true,0.7815119686346295,0.9305055382456368,0.856008753440133,0.9305055382456368,257,2617934,3968950
1692000,0.0033963082209928783,0.03734661212875689,0.0004215276160806764,0.0002348228120787614,4.438095238095238,3.0,5.772552145857497,signatures/b4482d10cb2488078dd11fc3de09368a.sig.gz,"GCF_009193295.2 Bacteroides sp. HF-5141 strain=HF-5141, ASM919329v2",b4482d10cb2488078dd11fc3de09368a,0.3009069891516984,210000,198,289012000,/nfs3_ib/nfs-ip34/home/def-ilafores/analysis/MethodsComparison/Feces_RA/preproc/SRR5091502/SRR5091502_unmatched_2.fastq,SRR5091502,0ff6e9e70ddf33d9c9c42baf7a71b92d,498188000,31,DNA,1000,498188,true,0.832444077114824,0.9620003602747561,0.89722221869479,0.9620003602747561,932,2618866,3968950
358000,0.0007186042216994387,0.11519198664440734,0.00041550579299380955,0.00010103427858753574,1.9371980676328502,1.0,1.441589928223587,signatures/db87a3b1962a5c2c11fa11423e499893.sig.gz,"GCA_019113195.1 Candidatus Parasutterella gallistercoris, ASM1911319v1",db87a3b1962a5c2c11fa11423e499893,0.19922092376182526,207000,199,288805000,/nfs3_ib/nfs-ip34/home/def-ilafores/analysis/MethodsComparison/Feces_RA/preproc/SRR5091502/SRR5091502_unmatched_2.fastq,SRR5091502,0ff6e9e70ddf33d9c9c42baf7a71b92d,498188000,31,DNA,1000,498188,true,0.7917652628410385,0.9492878046522233,0.8705265337466309,0.9492878046522233,401,2619267,3968950
226000,0.0004536440058772993,0.09903846153846153,0.00041349851863152064,0.0000917119137303317,1.766990291262136,1.0,1.3667613444640854,signatures/7a4e2a3c2a18d5491106111422230642.sig.gz,"GCF_014306095.1 Lentihominibacter faecis strain=BX16, ASM1430609v1",7a4e2a3c2a18d5491106111422230642,0.10865384615384616,206000,200,288599000,/nfs3_ib/nfs-ip34/home/def-ilafores/analysis/MethodsComparison/Feces_RA/preproc/SRR5091502/SRR5091502_unmatched_2.fastq,SRR5091502,0ff6e9e70ddf33d9c9c42baf7a71b92d,498188000,31,DNA,1000,498188,true,0.7801032773954235,0.9309035377638704,0.8555034075796469,0.9309035377638704,364,2619631,3968950
263000,0.0005279131572819899,0.09884836852207293,0.00041349851863152064,0.0000917119137303317,1.766990291262136,1.0,1.1165470654747622,signatures/5fddcee5c62eb26cd7fedf2e44ca0af4.sig.gz,"GCF_003480255.1 Erysipelatoclostridium sp. AM42-17 strain=AM42-17, ASM348025v1",5fddcee5c62eb26cd7fedf2e44ca0af4,0.1261996161228407,206000,201,288393000,/nfs3_ib/nfs-ip34/home/def-ilafores/analysis/MethodsComparison/Feces_RA/preproc/SRR5091502/SRR5091502_unmatched_2.fastq,SRR5091502,0ff6e9e70ddf33d9c9c42baf7a71b92d,498188000,31,DNA,1000,498188,true,0.7839280587810403,0.935409706295005,0.8596688825380226,0.935409706295005,364,2619995,3968950
766000,0.0015375721615133243,0.05436223813312119,0.0004114912442692317,0.00034391967648874386,6.658536585365853,5.0,9.160918465236456,signatures/fd614f4c3446e179c3d28955006b19b2.sig.gz,"GCF_000205165.1 Paraprevotella xylaniphila YIT 11841 strain=YIT 11841, ASM20516v1",fd614f4c3446e179c3d28955006b19b2,0.20312914346327235,205000,202,288188000,/nfs3_ib/nfs-ip34/home/def-ilafores/analysis/MethodsComparison/Feces_RA/preproc/SRR5091502/SRR5091502_unmatched_2.fastq,SRR5091502,0ff6e9e70ddf33d9c9c42baf7a71b92d,498188000,31,DNA,1000,498188,true,0.8114331725275136,0.9498829058805224,0.880658039204018,0.9498829058805224,1365,2621360,3968950
236000,0.0004737167495001887,0.06806108897742363,0.0004114912442692317,0.00012018291991584675,2.3268292682926828,1.0,3.000083282603666,signatures/68fb01ed6b048c0394873bac4b6cdd1b.sig.gz,"GCF_015560805.1 Mediterraneibacter glycyrrhizinilyticus strain=BSD2780061687b_171204_B1, ASM1556080v1",68fb01ed6b048c0394873bac4b6cdd1b,0.07835325365205843,205000,203,287983000,/nfs3_ib/nfs-ip34/home/def-ilafores/analysis/MethodsComparison/Feces_RA/preproc/SRR5091502/SRR5091502_unmatched_2.fastq,SRR5091502,0ff6e9e70ddf33d9c9c42baf7a71b92d,498188000,31,DNA,1000,498188,true,0.7811935863638866,0.9211374098019884,0.8511654980829375,0.9211374098019884,477,2621837,3968950
1463000,0.002936642392028712,0.025123762376237625,0.0004074766955446538,0.00032628277000214164,6.379310344827586,2.0,10.721230974708353,signatures/6672ed00a5e62028f3d25099a8b409db.sig.gz,GCF_900761785.1 uncultured Bacteroides sp. SRS098827_17,6672ed00a5e62028f3d25099a8b409db,0.18106435643564356,203000,204,287780000,/nfs3_ib/nfs-ip34/home/def-ilafores/analysis/MethodsComparison/Feces_RA/preproc/SRR5091502/SRR5091502_unmatched_2.fastq,SRR5091502,0ff6e9e70ddf33d9c9c42baf7a71b92d,498188000,31,DNA,1000,498188,true,0.8285481963637689,0.9463659975383983,0.8874570969510835,0.9463659975383983,1295,2623132,3968950
200000,0.00040145487245778704,0.06162464985994398,0.0003974403237332092,0.00008188563725922474,1.6414141414141414,1.0,1.0188635083704336,signatures/ece36072373c7b77383d2692bfd3aee1.sig.gz,"GCF_014131695.1 Erysipelatoclostridium ramosum DSM 1402 strain=DSM 1402, ASM1413169v1",ece36072373c7b77383d2692bfd3aee1,0.06224712107065048,198000,205,287582000,/nfs3_ib/nfs-ip34/home/def-ilafores/analysis/MethodsComparison/Feces_RA/preproc/SRR5091502/SRR5091502_unmatched_2.fastq,SRR5091502,0ff6e9e70ddf33d9c9c42baf7a71b92d,498188000,31,DNA,1000,498188,true,0.7770337716300108,0.9143250567524353,0.845679414191223,0.9143250567524353,325,2623457,3968950
214000,0.0004295567135298321,0.07946210268948656,0.00039141850064634235,0.00008768062081910833,1.7846153846153847,1.0,1.4866135085710332,signatures/df564f05a0ac833533bff4e4a38bc24b.sig.gz,"GCA_000434635.1 Firmicutes bacterium CAG:110, MGS110",df564f05a0ac833533bff4e4a38bc24b,0.08720456397718011,195000,206,287387000,/nfs3_ib/nfs-ip34/home/def-ilafores/analysis/MethodsComparison/Feces_RA/preproc/SRR5091502/SRR5091502_unmatched_2.fastq,SRR5091502,0ff6e9e70ddf33d9c9c42baf7a71b92d,498188000,31,DNA,1000,498188,true,0.778731528658657,0.9243231828022777,0.8515273557304673,0.9243231828022777,348,2623805,3968950
2053000,0.004120934265779184,0.034094903339191567,0.0003894112262840534,0.000333589488403734,6.824742268041237,6.0,4.735281720743908,signatures/a94161bf1ccd67b3c66d45adbcfe7953.sig.gz,"GCA_019117555.1 Candidatus Bacteroides intestinigallinarum, ASM1911755v1",a94161bf1ccd67b3c66d45adbcfe7953,0.3608084358523726,194000,207,287193000,/nfs3_ib/nfs-ip34/home/def-ilafores/analysis/MethodsComparison/Feces_RA/preproc/SRR5091502/SRR5091502_unmatched_2.fastq,SRR5091502,0ff6e9e70ddf33d9c9c42baf7a71b92d,498188000,31,DNA,1000,498188,true,0.8376534412443501,0.9676506722768701,0.9026520567606101,0.9676506722768701,1324,2625129,3968950
960000,0.0019269833877973777,0.04432705558107487,0.0003874039519217645,0.0019491301225765,40.082901554404145,46.0,27.092498777827373,signatures/aa21d6a4e240d950eb3b686e2a4fae57.sig.gz,"GCF_004793475.1 Bacteroides sp. NM69_E16B strain=NM69_E16B, ASM479347v1",aa21d6a4e240d950eb3b686e2a4fae57,0.2204869085898025,193000,208,287000000,/nfs3_ib/nfs-ip34/home/def-ilafores/analysis/MethodsComparison/Feces_RA/preproc/SRR5091502/SRR5091502_unmatched_2.fastq,SRR5091502,0ff6e9e70ddf33d9c9c42baf7a71b92d,498188000,31,DNA,1000,498188,true,0.8173638356770371,0.9523987138958748,0.884881274786456,0.9523987138958748,7736,2632865,3968950
1840000,0.0036933848266116408,0.08673932788374206,0.0003833894031971866,0.0006394638380428073,13.287958115183246,6.0,24.551384548844933,signatures/206e886e325a99e9343ff83786ab0f29.sig.gz,GCA_959599425.1 uncultured Phocaeicola sp. SRR16280055_bin.21_MetaWRAP_v1.3_MAG,206e886e325a99e9343ff83786ab0f29,0.8356039963669392,191000,209,286809000,/nfs3_ib/nfs-ip34/home/def-ilafores/analysis/MethodsComparison/Feces_RA/preproc/SRR5091502/SRR5091502_unmatched_2.fastq,SRR5091502,0ff6e9e70ddf33d9c9c42baf7a71b92d,498188000,31,DNA,1000,498188,true,0.834698868031353,0.9942231868837618,0.9144610274575573,0.9942231868837618,2538,2635403,3968950
196000,0.00039342577500863125,0.06549465701482247,0.00038138212883489765,0.00007911412338275867,1.6526315789473685,1.0,1.0589808512023706,signatures/80a0c7df05d28f92f6b93af8a523bc03.sig.gz,GCF_025144995.1 Alistipes indistinctus YIT 12060 strain=YIT 12060 ASM2514499v1,80a0c7df05d28f92f6b93af8a523bc03,0.06756290934160634,190000,210,286619000,/nfs3_ib/nfs-ip34/home/def-ilafores/analysis/MethodsComparison/Feces_RA/preproc/SRR5091502/SRR5091502_unmatched_2.fastq,SRR5091502,0ff6e9e70ddf33d9c9c42baf7a71b92d,498188000,31,DNA,1000,498188,true,0.776527543510031,0.9167452242790457,0.8466363838945383,0.9167452242790457,314,2635717,3968950
633000,0.001270604671328896,0.046041412911084045,0.00037937485447260875,0.00021088701041837261,4.428571428571429,1.0,16.173053183673616,signatures/3f5e042dde22a559937bb52d73a1aae8.sig.gz,GCF_019249655.2 Segatella copri strain=HDE06 ASM1924965v2,3f5e042dde22a559937bb52d73a1aae8,0.15420219244823385,189000,211,286430000,/nfs3_ib/nfs-ip34/home/def-ilafores/analysis/MethodsComparison/Feces_RA/preproc/SRR5091502/SRR5091502_unmatched_2.fastq,SRR5091502,0ff6e9e70ddf33d9c9c42baf7a71b92d,498188000,31,DNA,1000,498188,true,0.8064565659741469,0.9414762580288927,0.8739664120015198,0.9414762580288927,837,2636554,3968950
285000,0.0005720731932523465,0.060791251206175616,0.00037937485447260875,0.00007659456531324406,1.6084656084656084,1.0,1.3353683973921697,signatures/bafee8fd5a387e3c252fc6d1efff5980.sig.gz,"GCA_018223385.1 Oscillospiraceae bacterium Marseille-Q3528 strain=Marseille-Q3528, ASM1822338v1",bafee8fd5a387e3c252fc6d1efff5980,0.09166934705693149,189000,212,286241000,/nfs3_ib/nfs-ip34/home/def-ilafores/analysis/MethodsComparison/Feces_RA/preproc/SRR5091502/SRR5091502_unmatched_2.fastq,SRR5091502,0ff6e9e70ddf33d9c9c42baf7a71b92d,498188000,31,DNA,1000,498188,true,0.785962208725341,0.9258131802647492,0.8558876944950451,0.9258131802647492,304,2636858,3968950
985000,0.001977165246854601,0.06501547987616099,0.00037937485447260875,0.00017510928583126518,3.677248677248677,3.0,3.014350307137255,signatures/c4a31407cdc97c2d5ed56d772c4a244f.sig.gz,"GCA_020735665.1 Lachnospiraceae bacterium GAM79 strain=FDAARGOS_1585, ASM2073566v1",c4a31407cdc97c2d5ed56d772c4a244f,0.3388372893016856,189000,213,286052000,/nfs3_ib/nfs-ip34/home/def-ilafores/analysis/MethodsComparison/Feces_RA/preproc/SRR5091502/SRR5091502_unmatched_2.fastq,SRR5091502,0ff6e9e70ddf33d9c9c42baf7a71b92d,498188000,31,DNA,1000,498188,true,0.8180419581464557,0.9656915377917842,0.89186674796912,0.9656915377917842,695,2637553,3968950
903000,0.0018125687491469084,0.06958473625140292,0.0003733530313857419,0.0004520087176709205,9.64516129032258,9.0,6.0750594692258435,signatures/baf0265542e4c5fd56de62f0b42ebc97.sig.gz,"GCA_902786155.1 uncultured Lachnospiraceae bacterium, Rumen uncultured genome RUG13138",baf0265542e4c5fd56de62f0b42ebc97,0.3378226711560045,186000,214,285866000,/nfs3_ib/nfs-ip34/home/def-ilafores/analysis/MethodsComparison/Feces_RA/preproc/SRR5091502/SRR5091502_unmatched_2.fastq,SRR5091502,0ff6e9e70ddf33d9c9c42baf7a71b92d,498188000,31,DNA,1000,498188,true,0.8157515106487978,0.9655981224530951,0.8906748165509464,0.9655981224530951,1794,2639347,3968950
525000,0.0010538190402016908,0.04681174089068826,0.000371345757023453,0.00031368497965456857,6.72972972972973,1.0,22.487532460080406,signatures/3ddc51cb9e96785240fe5295db870e9c.sig.gz,"GCF_000157915.1 Bacteroides coprophilus DSM 18228 = JCM 13818 strain=DSM 18228, ASM15791v1",3ddc51cb9e96785240fe5295db870e9c,0.13284412955465588,185000,215,285681000,/nfs3_ib/nfs-ip34/home/def-ilafores/analysis/MethodsComparison/Feces_RA/preproc/SRR5091502/SRR5091502_unmatched_2.fastq,SRR5091502,0ff6e9e70ddf33d9c9c42baf7a71b92d,498188000,31,DNA,1000,498188,true,0.8016045891985111,0.9369592898296888,0.8692819395140999,0.9369592898296888,1245,2640592,3968950
985000,0.001977165246854601,0.06703096539162114,0.00036933848266116405,0.000413459479207347,8.918478260869565,6.5,8.187934247997319,signatures/d5330fc8a7b2b48d024b6fb23f5b2ee5.sig.gz,"GCA_900765705.1 uncultured Faecalibacterium sp., SRS294968_37",d5330fc8a7b2b48d024b6fb23f5b2ee5,0.3588342440801457,184000,216,285497000,/nfs3_ib/nfs-ip34/home/def-ilafores/analysis/MethodsComparison/Feces_RA/preproc/SRR5091502/SRR5091502_unmatched_2.fastq,SRR5091502,0ff6e9e70ddf33d9c9c42baf7a71b92d,498188000,31,DNA,1000,498188,true,0.8180419581464557,0.967479425665021,0.8927606919057384,0.967479425665021,1641,2642233,3968950
920000,0.0018466924133058204,0.08352561144439317,0.0003633166595742972,0.00009675102986936091,2.1215469613259668,1.0,1.894052871739278,signatures/e1f88d42ce58a04245aca8fd295b6baa.sig.gz,"GCA_905202265.1 Bifidobacterium longum, ERR1430398-mag-bin.4",e1f88d42ce58a04245aca8fd295b6baa,0.42455006922012,181000,217,285316000,/nfs3_ib/nfs-ip34/home/def-ilafores/analysis/MethodsComparison/Feces_RA/preproc/SRR5091502/SRR5091502_unmatched_2.fastq,SRR5091502,0ff6e9e70ddf33d9c9c42baf7a71b92d,498188000,31,DNA,1000,498188,true,0.8162424543400223,0.9727420877824732,0.8944922710612477,0.9727420877824732,384,2642617,3968950
892000,0.0017904887311617301,0.07633587786259542,0.0003613093852120083,0.0001365600473676917,3.011111111111111,2.0,3.2093420732620372,signatures/a50e5b153863d50c50a3b724804b029a.sig.gz,"GCA_900764695.1 Lachnospiraceae bacterium, ERS537209_30",a50e5b153863d50c50a3b724804b029a,0.3782866836301951,180000,218,285136000,/nfs3_ib/nfs-ip34/home/def-ilafores/analysis/MethodsComparison/Feces_RA/preproc/SRR5091502/SRR5091502_unmatched_2.fastq,SRR5091502,0ff6e9e70ddf33d9c9c42baf7a71b92d,498188000,31,DNA,1000,498188,true,0.8154290520169156,0.969128408237802,0.8922787301273588,0.969128408237802,542,2643159,3968950
1816000,0.003645210241916706,0.02600780234070221,0.0003613093852120083,0.00016503105355320676,3.638888888888889,3.0,3.2842450322865324,signatures/1a29a479db0df60188246eadcb94a392.sig.gz,"GCF_000513195.1 Bacteroides timonensis, AP1",1a29a479db0df60188246eadcb94a392,0.262389828059529,180000,219,284956000,/nfs3_ib/nfs-ip34/home/def-ilafores/analysis/MethodsComparison/Feces_RA/preproc/SRR5091502/SRR5091502_unmatched_2.fastq,SRR5091502,0ff6e9e70ddf33d9c9c42baf7a71b92d,498188000,31,DNA,1000,498188,true,0.8343454266015797,0.9577592491217457,0.8960523378616627,0.9577592491217457,655,2643814,3968950
692000,0.001389033858703943,0.0351431391905232,0.00035729483648743045,0.0008712631804381511,19.426966292134832,3.0,37.753603188543,signatures/894ebfeac80d6a527fbc03d1d52101ee.sig.gz,"GCA_900762515.1 uncultured Odoribacter sp., SRS144506_36",894ebfeac80d6a527fbc03d1d52101ee,0.1366238894373149,178000,220,284778000,/nfs3_ib/nfs-ip34/home/def-ilafores/analysis/MethodsComparison/Feces_RA/preproc/SRR5091502/SRR5091502_unmatched_2.fastq,SRR5091502,0ff6e9e70ddf33d9c9c42baf7a71b92d,498188000,31,DNA,1000,498188,true,0.8087782177533415,0.937807631940057,0.8732929248466992,0.937807631940057,3458,2647272,3968950
180000,0.0003613093852120083,0.07102272727272728,0.00035127301340056363,0.00006576046561433125,1.4914285714285713,1.0,1.0357527086468987,signatures/8de6a56dece2b0b235d66a08de9380be.sig.gz,"GCF_000297775.1 Sutterella wadsworthensis 2_1_59BFAA strain=2_1_59BFAA, Sutt_wads_2_1_59BFAA_V1",8de6a56dece2b0b235d66a08de9380be,0.07305194805194805,175000,221,284603000,/nfs3_ib/nfs-ip34/home/def-ilafores/analysis/MethodsComparison/Feces_RA/preproc/SRR5091502/SRR5091502_unmatched_2.fastq,SRR5091502,0ff6e9e70ddf33d9c9c42baf7a71b92d,498188000,31,DNA,1000,498188,true,0.7743973293162146,0.919058088020976,0.8467277086685954,0.919058088020976,261,2647533,3968950
182000,0.0003653239339365862,0.06600534147272033,0.00034725846467598576,0.00007609065369934113,1.745664739884393,1.0,2.052503403860946,signatures/ce190b0cde8d4a4ef9e884f78857235a.sig.gz,"GCA_905215775.1 uncultured bacterium, ERR3160556-mag-bin.6",ce190b0cde8d4a4ef9e884f78857235a,0.06943914536436474,173000,222,284430000,/nfs3_ib/nfs-ip34/home/def-ilafores/analysis/MethodsComparison/Feces_RA/preproc/SRR5091502/SRR5091502_unmatched_2.fastq,SRR5091502,0ff6e9e70ddf33d9c9c42baf7a71b92d,498188000,31,DNA,1000,498188,true,0.7746734096021057,0.9175556185944462,0.846114514098276,0.9175556185944462,302,2647835,3968950
233000,0.00046769492641332187,0.053204729309271934,0.0003432439159514079,0.00008138172564532181,1.8888888888888888,1.0,1.3440118196206654,signatures/258760aab9c6ac2bdd2f8461544f96e1.sig.gz,"GCF_004154955.1 Intestinimonas butyriciproducens strain=SRB-521-5-I, ASM415495v1",258760aab9c6ac2bdd2f8461544f96e1,0.07249533291848165,171000,223,284259000,/nfs3_ib/nfs-ip34/home/def-ilafores/analysis/MethodsComparison/Feces_RA/preproc/SRR5091502/SRR5091502_unmatched_2.fastq,SRR5091502,0ff6e9e70ddf33d9c9c42baf7a71b92d,498188000,31,DNA,1000,498188,true,0.7808712630681071,0.9188313571177359,0.8498513100929215,0.9188313571177359,323,2648158,3968950
952000,0.0019109251928990662,0.07766103243490179,0.000341236641589119,0.0001609997606419834,3.7588235294117647,3.0,2.921635082807814,signatures/c0340cc532c0a9a2b4e1c7e77225d4c1.sig.gz,"GCA_934835795.1 Oscillibacter sp. ER4, MTG222_bin.50.fa",c0340cc532c0a9a2b4e1c7e77225d4c1,0.43490178163544996,170000,224,284089000,/nfs3_ib/nfs-ip34/home/def-ilafores/analysis/MethodsComparison/Feces_RA/preproc/SRR5091502/SRR5091502_unmatched_2.fastq,SRR5091502,0ff6e9e70ddf33d9c9c42baf7a71b92d,498188000,31,DNA,1000,498188,true,0.8171432233693715,0.9734983047465307,0.895320764057951,0.9734983047465307,639,2648797,3968950
819000,0.001643957702714638,0.060759493670886074,0.0003372220928645411,0.0002141624359087416,5.059523809523809,2.0,6.29313910328086,signatures/88f1b5eec91b23fd70f1b11b9f13bd9a.sig.gz,"GCF_023347275.1 Faecalibacterium sp. I3389 strain=I3389, ASM2334727v1",88f1b5eec91b23fd70f1b11b9f13bd9a,0.29620253164556964,168000,225,283921000,/nfs3_ib/nfs-ip34/home/def-ilafores/analysis/MethodsComparison/Feces_RA/preproc/SRR5091502/SRR5091502_unmatched_2.fastq,SRR5091502,0ff6e9e70ddf33d9c9c42baf7a71b92d,498188000,31,DNA,1000,498188,true,0.8131862387554764,0.9615114854171375,0.8873488620863069,0.9615114854171375,850,2649647,3968950
2056000,0.00412695608886605,0.05609674168626134,0.00033521481850225216,0.00038020131268975423,9.035928143712574,5.0,24.34947458901946,signatures/78f6a266a0fffd08c8145495b700d709.sig.gz,"GCA_900556625.1 uncultured Bacteroides sp., UMGS1954",78f6a266a0fffd08c8145495b700d709,0.690628149143433,167000,226,283754000,/nfs3_ib/nfs-ip34/home/def-ilafores/analysis/MethodsComparison/Feces_RA/preproc/SRR5091502/SRR5091502_unmatched_2.fastq,SRR5091502,0ff6e9e70ddf33d9c9c42baf7a71b92d,498188000,31,DNA,1000,498188,true,0.8376928986110408,0.9881305611554081,0.9129117298832244,0.9881305611554081,1509,2651156,3968950
172000,0.00034525119031369685,0.05901060070671378,0.00033521481850225216,0.00006979175852555462,1.658682634730539,1.0,0.9526040898368515,signatures/02b170c1c65259d332d2411d92d0f08f.sig.gz,"GCF_000478885.1 Adlercreutzia equolifaciens DSM 19450 strain=DSM 19450, ASM47888v1",02b170c1c65259d332d2411d92d0f08f,0.0607773851590106,167000,227,283587000,/nfs3_ib/nfs-ip34/home/def-ilafores/analysis/MethodsComparison/Feces_RA/preproc/SRR5091502/SRR5091502_unmatched_2.fastq,SRR5091502,0ff6e9e70ddf33d9c9c42baf7a71b92d,498188000,31,DNA,1000,498188,true,0.7732624861409965,0.9136205747591369,0.8434415304500666,0.9136205747591369,277,2651433,3968950
630000,0.0012645828482420291,0.0440084835630965,0.0003332075441399632,0.00009851472051802114,2.355421686746988,1.0,4.783272887989507,signatures/47a8a8805c519f2455918c9990c029e5.sig.gz,"GCF_003481985.1 Clostridium sp. OF09-36 strain=OF09-36, ASM348198v1",47a8a8805c519f2455918c9990c029e5,0.1670201484623542,166000,228,283421000,/nfs3_ib/nfs-ip34/home/def-ilafores/analysis/MethodsComparison/Feces_RA/preproc/SRR5091502/SRR5091502_unmatched_2.fastq,SRR5091502,0ff6e9e70ddf33d9c9c42baf7a71b92d,498188000,31,DNA,1000,498188,true,0.8063329898048288,0.9439044377355958,0.8751187137702123,0.9439044377355958,391,2651824,3968950
174000,0.0003492657390382747,0.08870967741935484,0.0003312002697776743,0.00006878393529774878,1.6545454545454545,1.0,1.1891150029993427,signatures/66b572122d0daab489b4a55737d11168.sig.gz,"GCA_003150355.1 Clostridiales bacterium, ASM315035v1",66b572122d0daab489b4a55737d11168,0.0935483870967742,165000,229,283256000,/nfs3_ib/nfs-ip34/home/def-ilafores/analysis/MethodsComparison/Feces_RA/preproc/SRR5091502/SRR5091502_unmatched_2.fastq,SRR5091502,0ff6e9e70ddf33d9c9c42baf7a71b92d,498188000,31,DNA,1000,498188,true,0.7735509125084503,0.9264193610530326,0.8499851367807414,0.9264193610530326,273,2652097,3968950
2209000,0.004434069066296257,0.051621026125275415,0.00032919299541538533,0.0015502840801723378,37.51829268292683,3.0,56.914835024495645,signatures/96c8fd28cbfa66ea0b095a7222a94c0c.sig.gz,GCA_948566455.1 uncultured Phocaeicola sp. MGBC153949,96c8fd28cbfa66ea0b095a7222a94c0c,0.6953100409191061,164000,230,283092000,/nfs3_ib/nfs-ip34/home/def-ilafores/analysis/MethodsComparison/Feces_RA/preproc/SRR5091502/SRR5091502_unmatched_2.fastq,SRR5091502,0ff6e9e70ddf33d9c9c42baf7a71b92d,498188000,31,DNA,1000,498188,true,0.8396347447405207,0.9883459430142859,0.9139903438774033,0.9883459430142859,6153,2658250,3968950
534000,0.0010718845094622913,0.04918032786885246,0.00032517844669080747,0.00012396225702011868,3.037037037037037,2.0,3.098962169742065,signatures/41ced143ca0b5e61a031abb93ac88d51.sig.gz,GCF_020687045.1 Brotocaccenecus cirricatena strain=CLA-AA-H272 ASM2068704v1,41ced143ca0b5e61a031abb93ac88d51,0.1621129326047359,162000,231,282930000,/nfs3_ib/nfs-ip34/home/def-ilafores/analysis/MethodsComparison/Feces_RA/preproc/SRR5091502/SRR5091502_unmatched_2.fastq,SRR5091502,0ff6e9e70ddf33d9c9c42baf7a71b92d,498188000,31,DNA,1000,498188,true,0.8020442366614629,0.9429968611850583,0.8725205489232606,0.9429968611850583,492,2658742,3968950
678000,0.001360932017631898,0.050031665611146296,0.00031714934924165173,0.00016452714193930385,4.132911392405063,3.0,4.732201069991872,signatures/9395a6c49ddeded3ae11fb356cafc064.sig.gz,"GCA_900542495.1 uncultured Roseburia sp., UMGS472",9395a6c49ddeded3ae11fb356cafc064,0.21469284357188093,158000,232,282772000,/nfs3_ib/nfs-ip34/home/def-ilafores/analysis/MethodsComparison/Feces_RA/preproc/SRR5091502/SRR5091502_unmatched_2.fastq,SRR5091502,0ff6e9e70ddf33d9c9c42baf7a71b92d,498188000,31,DNA,1000,498188,true,0.8082451564279532,0.9515809255311959,0.8799130409795746,0.9515809255311959,653,2659395,3968950
1248000,0.002505078404136591,0.03630897317298797,0.00031514207487936283,0.0019662631174491994,49.70700636942675,2.0,69.04962317395315,signatures/9daea6eecc92f4d8e1dbe8bf3bb3214a.sig.gz,"GCA_900557085.1 uncultured Bacteroides sp., UMGS2007",9daea6eecc92f4d8e1dbe8bf3bb3214a,0.28862164662349676,157000,233,282615000,/nfs3_ib/nfs-ip34/home/def-ilafores/analysis/MethodsComparison/Feces_RA/preproc/SRR5091502/SRR5091502_unmatched_2.fastq,SRR5091502,0ff6e9e70ddf33d9c9c42baf7a71b92d,498188000,31,DNA,1000,498188,true,0.8243108388630369,0.9607076630302508,0.8925092509466439,0.9607076630302508,7804,2667199,3968950
279000,0.0005600295470786129,0.03054630898766399,0.00031313480051707387,0.0000493833381624863,1.2564102564102564,1.0,1.5519706037056888,signatures/04aa080cf3e9b8b1c3da8ae092b76373.sig.gz,"GCF_014288095.1 Bacteroides sp. NSJ-2 strain=NSJ-2, ASM1428809v1",04aa080cf3e9b8b1c3da8ae092b76373,0.05463089876639906,156000,234,282459000,/nfs3_ib/nfs-ip34/home/def-ilafores/analysis/MethodsComparison/Feces_RA/preproc/SRR5091502/SRR5091502_unmatched_2.fastq,SRR5091502,0ff6e9e70ddf33d9c9c42baf7a71b92d,498188000,31,DNA,1000,498188,true,0.7854229347495466,0.9104837618009015,0.8479533482752241,0.9104837618009015,196,2667395,3968950
652000,0.0013087428842123857,0.05505899177690383,0.000309120251792496,0.00022852391690497486,5.8896103896103895,2.0,6.872268466392868,signatures/b9efc27b039945043d519688f02fc3e8.sig.gz,"GCF_019967995.1 Faecalibacterium prausnitzii strain=Fp77, ASM1996799v1",b9efc27b039945043d519688f02fc3e8,0.23310690025026815,154000,235,282305000,/nfs3_ib/nfs-ip34/home/def-ilafores/analysis/MethodsComparison/Feces_RA/preproc/SRR5091502/SRR5091502_unmatched_2.fastq,SRR5091502,0ff6e9e70ddf33d9c9c42baf7a71b92d,498188000,31,DNA,1000,498188,true,0.8072262962792011,0.9541102303668332,0.8806682633230172,0.9541102303668332,907,2668302,3968950
517000,0.0010377608453033794,0.08515406162464986,0.00030510570306791813,0.00015495282127514834,4.046052631578948,3.0,2.873057274488811,signatures/3568d364a891b5d1099b096a54daa3be.sig.gz,"GCA_905215475.1 uncultured bacterium, ERR1600716-mag-bin.16",3568d364a891b5d1099b096a54daa3be,0.2896358543417367,152000,236,282153000,/nfs3_ib/nfs-ip34/home/def-ilafores/analysis/MethodsComparison/Feces_RA/preproc/SRR5091502/SRR5091502_unmatched_2.fastq,SRR5091502,0ff6e9e70ddf33d9c9c42baf7a71b92d,498188000,31,DNA,1000,498188,true,0.8012076246329524,0.9608163782153959,0.8810120014241741,0.9608163782153959,615,2668917,3968950
261000,0.0005238986085574121,0.03934765726119596,0.00030510570306791813,0.00006928784691165169,1.8092105263157894,1.0,1.2656054959852785,signatures/105b1e5a96baf917fdd4f7216cdfb09b.sig.gz,"GCF_000157995.1 Holdemania filiformis DSM 12042 strain=DSM 12042, ASM15799v1",105b1e5a96baf917fdd4f7216cdfb09b,0.06756406937613255,152000,237,282001000,/nfs3_ib/nfs-ip34/home/def-ilafores/analysis/MethodsComparison/Feces_RA/preproc/SRR5091502/SRR5091502_unmatched_2.fastq,SRR5091502,0ff6e9e70ddf33d9c9c42baf7a71b92d,498188000,31,DNA,1000,498188,true,0.7837350434268319,0.9167457320243635,0.8502403877255977,0.9167457320243635,275,2669192,3968950
284000,0.0005700659188900576,0.023618327822390175,0.00030109115434334027,0.00005543027752932136,1.4666666666666666,1.0,0.8615231988880058,signatures/c61cf47008daac7b3c5b701169a58aac.sig.gz,"GCA_000155435.1 Clostridiales bacterium 1_7_47FAA strain=1_7_47FAA, ASM15543v1",c61cf47008daac7b3c5b701169a58aac,0.044717367343725396,150000,238,281851000,/nfs3_ib/nfs-ip34/home/def-ilafores/analysis/MethodsComparison/Feces_RA/preproc/SRR5091502/SRR5091502_unmatched_2.fastq,SRR5091502,0ff6e9e70ddf33d9c9c42baf7a71b92d,498188000,31,DNA,1000,498188,true,0.785873097272162,0.9046216452490391,0.8452473712606006,0.9046216452490391,220,2669412,3968950
367000,0.0007366696909600392,0.05755947812739831,0.00030109115434334027,0.00006550850980737978,1.7333333333333334,1.0,1.6878651868229548,signatures/7210cf649ef9f8e195811dbdfaede100.sig.gz,"GCA_000436475.1 Eubacterium sp. CAG:248, MGS248",7210cf649ef9f8e195811dbdfaede100,0.14082885648503454,150000,239,281701000,/nfs3_ib/nfs-ip34/home/def-ilafores/analysis/MethodsComparison/Feces_RA/preproc/SRR5091502/SRR5091502_unmatched_2.fastq,SRR5091502,0ff6e9e70ddf33d9c9c42baf7a71b92d,498188000,31,DNA,1000,498188,true,0.7923996662242325,0.9387251217403022,0.8655623939822674,0.9387251217403022,260,2669672,3968950
1926000,0.003866010421768489,0.03683424589347934,0.0002970766056187624,0.00012144269895060407,3.2567567567567566,1.0,10.431968551512778,signatures/e8e0033f279e1bbb960e6623eb5d9937.sig.gz,"GCA_003463005.1 Prevotella copri strain=OF03-3, ASM346300v1",e8e0033f279e1bbb960e6623eb5d9937,0.4793429566948731,148000,240,281553000,/nfs3_ib/nfs-ip34/home/def-ilafores/analysis/MethodsComparison/Feces_RA/preproc/SRR5091502/SRR5091502_unmatched_2.fastq,SRR5091502,0ff6e9e70ddf33d9c9c42baf7a71b92d,498188000,31,DNA,1000,498188,true,0.8359297368931763,0.9765585109746286,0.9062441239339025,0.9765585109746286,482,2670154,3968950
380000,0.0007627642576697953,0.05015353121801433,0.00029506933125647344,0.00018493556230237218,4.993197278911564,3.0,5.5260626750854165,signatures/5e84b8efe1510d6c4284a6a7850c9bc5.sig.gz,GCA_025757985.1 Oscillospiraceae bacterium ASM2575798v1,5e84b8efe1510d6c4284a6a7850c9bc5,0.12964858410098942,147000,241,281406000,/nfs3_ib/nfs-ip34/home/def-ilafores/analysis/MethodsComparison/Feces_RA/preproc/SRR5091502/SRR5091502_unmatched_2.fastq,SRR5091502,0ff6e9e70ddf33d9c9c42baf7a71b92d,498188000,31,DNA,1000,498188,true,0.7932899388909944,0.9362236458600535,0.8647567923755239,0.9362236458600535,734,2670888,3968950
293000,0.000588131388150658,0.03828002097535396,0.00029306205689418453,0.0002937804709054032,7.986301369863014,1.0,30.65405430321159,signatures/e32de2253dd10489d4675277a67c7138.sig.gz,"GCF_001275135.1 Prevotella rara strain=109, ASM127513v1",e32de2253dd10489d4675277a67c7138,0.07682223387519664,146000,242,281260000,/nfs3_ib/nfs-ip34/home/def-ilafores/analysis/MethodsComparison/Feces_RA/preproc/SRR5091502/SRR5091502_unmatched_2.fastq,SRR5091502,0ff6e9e70ddf33d9c9c42baf7a71b92d,498188000,31,DNA,1000,498188,true,0.7866643973334616,0.9205512361718877,0.8536078167526746,0.9205512361718877,1166,2672054,3968950
1090000,0.002187929054894939,0.04022038567493113,0.00029306205689418453,0.00030864586351553937,8.39041095890411,2.0,30.67960218519907,signatures/33c4338e66995b8c78186e1b7bbc25e7.sig.gz,"GCA_019423345.1 Butyricimonas sp., ASM1942334v1",33c4338e66995b8c78186e1b7bbc25e7,0.3002754820936639,146000,243,281114000,/nfs3_ib/nfs-ip34/home/def-ilafores/analysis/MethodsComparison/Feces_RA/preproc/SRR5091502/SRR5091502_unmatched_2.fastq,SRR5091502,0ff6e9e70ddf33d9c9c42baf7a71b92d,498188000,31,DNA,1000,498188,true,0.8207192510721167,0.9619351672877955,0.8913272091799561,0.9619351672877955,1225,2673279,3968950
334000,0.0006704296370045043,0.04120488775220233,0.0002910547825318956,0.000058957658826641806,1.6137931034482758,1.0,0.8803307129087159,signatures/7eaae742c69417c8e76f081fe338897d.sig.gz,GCF_025146135.1 Anaerotruncus colihominis strain=DSM 17241 ASM2514613v1,7eaae742c69417c8e76f081fe338897d,0.09491332764990054,145000,244,280969000,/nfs3_ib/nfs-ip34/home/def-ilafores/analysis/MethodsComparison/Feces_RA/preproc/SRR5091502/SRR5091502_unmatched_2.fastq,SRR5091502,0ff6e9e70ddf33d9c9c42baf7a71b92d,498188000,31,DNA,1000,498188,true,0.7899949169352014,0.9268523487806007,0.8584236328579011,0.9268523487806007,234,2673513,3968950
664000,0.0013328301765598528,0.037948181104422926,0.0002910547825318956,0.00016049584902808048,4.393103448275862,2.0,6.893571769983912,signatures/ba44e405458705e9ab11b89381454753.sig.gz,"GCF_014287515.2 Roseburia sp. NSJ-69 strain=NSJ-69, ASM1428751v2",ba44e405458705e9ab11b89381454753,0.17377649829887465,145000,245,280824000,/nfs3_ib/nfs-ip34/home/def-ilafores/analysis/MethodsComparison/Feces_RA/preproc/SRR5091502/SRR5091502_unmatched_2.fastq,SRR5091502,0ff6e9e70ddf33d9c9c42baf7a71b92d,498188000,31,DNA,1000,498188,true,0.8077013347180301,0.9451126628530516,0.8764069987855408,0.9451126628530516,637,2674150,3968950
645000,0.001294691963676363,0.05662603224537947,0.00028904750816960667,0.000170070169692236,4.6875,4.0,3.001084873286103,signatures/95f8130846ee8e63441ccf30882428cf.sig.gz,GCF_030848305.1 Akkermansia muciniphila strain=MmAkk3 ASM3084830v1,95f8130846ee8e63441ccf30882428cf,0.25363743609909556,144000,246,280680000,/nfs3_ib/nfs-ip34/home/def-ilafores/analysis/MethodsComparison/Feces_RA/preproc/SRR5091502/SRR5091502_unmatched_2.fastq,SRR5091502,0ff6e9e70ddf33d9c9c42baf7a71b92d,498188000,31,DNA,1000,498188,true,0.8069452678377441,0.9567116797306761,0.8818284737842101,0.9567116797306761,675,2674825,3968950
1193000,0.0023946783142106995,0.05080500894454383,0.0002850329594450288,0.0007818188689703826,21.85211267605634,26.5,18.020312163394312,signatures/5229119e2aa175d63f96a9ce9dfd479c.sig.gz,"GCF_000146185.1 [Eubacterium] eligens ATCC 27750 strain=ATCC 27750, ASM14618v1",5229119e2aa175d63f96a9ce9dfd479c,0.42683363148479425,142000,247,280538000,/nfs3_ib/nfs-ip34/home/def-ilafores/analysis/MethodsComparison/Feces_RA/preproc/SRR5091502/SRR5091502_unmatched_2.fastq,SRR5091502,0ff6e9e70ddf33d9c9c42baf7a71b92d,498188000,31,DNA,1000,498188,true,0.823113238114021,0.9729104296547552,0.8980118338843881,0.9729104296547552,3103,2677928,3968950
208000,0.0004175130673560985,0.04430577223088924,0.0002850329594450288,0.000057949835598835964,1.619718309859155,1.0,1.1611819765318852,signatures/0a82fbb1baf29e98ba5966ef72c2aa29.sig.gz,"GCF_014982855.1 Pseudoflavonifractor sp. DSM 107456 strain=DSM 107456, ASM1498285v1",0a82fbb1baf29e98ba5966ef72c2aa29,0.06489859594383775,142000,248,280396000,/nfs3_ib/nfs-ip34/home/def-ilafores/analysis/MethodsComparison/Feces_RA/preproc/SRR5091502/SRR5091502_unmatched_2.fastq,SRR5091502,0ff6e9e70ddf33d9c9c42baf7a71b92d,498188000,31,DNA,1000,498188,true,0.7780174847127225,0.9155562037161508,0.8467868442144366,0.9155562037161508,230,2678158,3968950
160000,0.0003211638979662296,0.04532397063517395,0.0002850329594450288,0.00005744592398493304,1.6056338028169015,1.0,1.054552481539994,signatures/8b4961ccc8d9a710a1f56eb34232f6b5.sig.gz,"GCA_900540805.1 uncultured Clostridiales bacterium, UMGS285",8b4961ccc8d9a710a1f56eb34232f6b5,0.05106926268751995,142000,249,280254000,/nfs3_ib/nfs-ip34/home/def-ilafores/analysis/MethodsComparison/Feces_RA/preproc/SRR5091502/SRR5091502_unmatched_2.fastq,SRR5091502,0ff6e9e70ddf33d9c9c42baf7a71b92d,498188000,31,DNA,1000,498188,true,0.7714606257097306,0.9085058510461875,0.8399832383779591,0.9085058510461875,228,2678386,3968950
524000,0.001051811765839402,0.03587096774193548,0.000279011136358162,0.00010355383665705035,2.9568345323741005,1.0,4.751176308110441,signatures/873a8b7cc5e0a6e07152a8bfd5c774b1.sig.gz,"GCF_003473545.1 Clostridium sp. AM22-11AC strain=AM22-11AC, ASM347354v1",873a8b7cc5e0a6e07152a8bfd5c774b1,0.1352258064516129,139000,250,280115000,/nfs3_ib/nfs-ip34/home/def-ilafores/analysis/MethodsComparison/Feces_RA/preproc/SRR5091502/SRR5091502_unmatched_2.fastq,SRR5091502,0ff6e9e70ddf33d9c9c42baf7a71b92d,498188000,31,DNA,1000,498188,true,0.8015552900083659,0.9374965190931044,0.8695259045507351,0.9374965190931044,411,2678797,3968950
594000,0.0011923209711996274,0.06870983687592684,0.000279011136358162,0.00017536124163821667,5.0071942446043165,4.0,3.5975539309383606,signatures/67ff6aa4aefa5332d75476550be7a291.sig.gz,"GCA_905215855.1 uncultured bacterium, SRR413702-mag-bin.4",67ff6aa4aefa5332d75476550be7a291,0.29362333168561544,139000,251,279976000,/nfs3_ib/nfs-ip34/home/def-ilafores/analysis/MethodsComparison/Feces_RA/preproc/SRR5091502/SRR5091502_unmatched_2.fastq,SRR5091502,0ff6e9e70ddf33d9c9c42baf7a71b92d,498188000,31,DNA,1000,498188,true,0.8048039563362008,0.9612402630589343,0.8830221096975676,0.9612402630589343,696,2679493,3968950
473000,0.0009494407733626663,0.0755024443237371,0.000279011136358162,0.00007810630015495283,2.2302158273381294,2.0,1.8164577227269927,signatures/843375e6c818375c838800026896881f.sig.gz,"GCA_019421265.1 Lachnospiraceae bacterium, ASM1942126v1",843375e6c818375c838800026896881f,0.25692558392178166,139000,252,279837000,/nfs3_ib/nfs-ip34/home/def-ilafores/analysis/MethodsComparison/Feces_RA/preproc/SRR5091502/SRR5091502_unmatched_2.fastq,SRR5091502,0ff6e9e70ddf33d9c9c42baf7a71b92d,498188000,31,DNA,1000,498188,true,0.7989120355449888,0.9571092808413915,0.8780106581931901,0.9571092808413915,310,2679803,3968950
262000,0.000525905882919701,0.04093217806991335,0.0002749965876335841,0.00007508283047153529,2.1751824817518246,1.0,2.2503781035719697,signatures/64bdeced835cf37ccd544091da8553bd.sig.gz,"GCF_023516715.1 Akkermansia sp. Marseille-P6666 strain=Marseille-P6666, ASM2351671v1",64bdeced835cf37ccd544091da8553bd,0.07827905587092919,137000,253,279700000,/nfs3_ib/nfs-ip34/home/def-ilafores/analysis/MethodsComparison/Feces_RA/preproc/SRR5091502/SRR5091502_unmatched_2.fastq,SRR5091502,0ff6e9e70ddf33d9c9c42baf7a71b92d,498188000,31,DNA,1000,498188,true,0.7838317293382042,0.92110925868155,0.8524704940098771,0.92110925868155,298,2680101,3968950
327000,0.0006563787164684818,0.05515789473684211,0.0002629529414598505,0.00006576046561433125,1.9923664122137406,1.0,2.1947062722531423,signatures/31f1b2b685e8ae263c563dfa43227570.sig.gz,"GCF_003436275.1 Collinsella sp. TM09-10AT strain=TM09-10AT, ASM343627v1",31f1b2b685e8ae263c563dfa43227570,0.1376842105263158,131000,254,279569000,/nfs3_ib/nfs-ip34/home/def-ilafores/analysis/MethodsComparison/Feces_RA/preproc/SRR5091502/SRR5091502_unmatched_2.fastq,SRR5091502,0ff6e9e70ddf33d9c9c42baf7a71b92d,498188000,31,DNA,1000,498188,true,0.789455335427505,0.9380415356709995,0.8637484355492522,0.9380415356709995,261,2680362,3968950
421000,0.0008450625065236417,0.027082902625594377,0.0002629529414598505,0.0003167084493379861,9.595419847328245,6.0,17.64310241968989,signatures/d77e3accd06539c1b1a49a23659dae8d.sig.gz,"GCF_900108345.1 Bacteroides ndongoniae strain=Marseille-P3108, PRJEB16738",d77e3accd06539c1b1a49a23659dae8d,0.08703741988836056,131000,255,279438000,/nfs3_ib/nfs-ip34/home/def-ilafores/analysis/MethodsComparison/Feces_RA/preproc/SRR5091502/SRR5091502_unmatched_2.fastq,SRR5091502,0ff6e9e70ddf33d9c9c42baf7a71b92d,498188000,31,DNA,1000,498188,true,0.7959162684432595,0.9242659800326574,0.8600911242379584,0.9242659800326574,1257,2681619,3968950
1189000,0.002386649216761544,0.048554484803558194,0.0002629529414598505,0.0010831580140843297,32.81679389312977,7.0,41.72296885624146,signatures/eeb695a1e6e0e337d3fe9bb8e8223271.sig.gz,GCA_948956705.1 uncultured Phocaeicola sp. MGBC101826,eeb695a1e6e0e337d3fe9bb8e8223271,0.4406968124536694,131000,256,279307000,/nfs3_ib/nfs-ip34/home/def-ilafores/analysis/MethodsComparison/Feces_RA/preproc/SRR5091502/SRR5091502_unmatched_2.fastq,SRR5091502,0ff6e9e70ddf33d9c9c42baf7a71b92d,498188000,31,DNA,1000,498188,true,0.8230240672437263,0.973914074853848,0.8984690710487871,0.973914074853848,4299,2685918,3968950
803000,0.001611841312918015,0.082122552116235,0.00026094566709756155,0.0002489323372680432,7.6,7.0,6.008455580391556,signatures/3b0c0b515aeaac98f8eecc40f98418e8.sig.gz,GCA_902463235.1 uncultured Faecalibacterium sp. UHGG-TPA_MGYG-HGUT-00512,3b0c0b515aeaac98f8eecc40f98418e8,0.50726468730259,130000,257,279177000,/nfs3_ib/nfs-ip34/home/def-ilafores/analysis/MethodsComparison/Feces_RA/preproc/SRR5091502/SRR5091502_unmatched_2.fastq,SRR5091502,0ff6e9e70ddf33d9c9c42baf7a71b92d,498188000,31,DNA,1000,498188,true,0.8126688662442203,0.9783436706187492,0.8955062684314847,0.9783436706187492,988,2686906,3968950
980000,0.0019671288750431563,0.035333707234997194,0.0002529165696484058,0.00008314541629398204,2.619047619047619,2.0,3.720080949061955,signatures/c904d12975db86fd08a8995198b6cca6.sig.gz,"GCF_013300825.1 Blautia wexlerae strain=MSK.20.46, ASM1330082v1",c904d12975db86fd08a8995198b6cca6,0.2748177229388671,126000,258,279051000,/nfs3_ib/nfs-ip34/home/def-ilafores/analysis/MethodsComparison/Feces_RA/preproc/SRR5091502/SRR5091502_unmatched_2.fastq,SRR5091502,0ff6e9e70ddf33d9c9c42baf7a71b92d,498188000,31,DNA,1000,498188,true,0.8179076765112493,0.9591900586111007,0.888548867561175,0.9591900586111007,330,2687236,3968950
178000,0.00035729483648743045,0.020471161657189277,0.0002529165696484058,0.000050139205583340684,1.5793650793650793,1.0,0.9373482912439801,signatures/ee57b146d808065c374f21482d0a5cda.sig.gz,GCF_025149125.1 [Clostridium] asparagiforme DSM 15981 strain=DSM 15981 ASM2514912v1,ee57b146d808065c374f21482d0a5cda,0.0289195775792039,126000,259,278925000,/nfs3_ib/nfs-ip34/home/def-ilafores/analysis/MethodsComparison/Feces_RA/preproc/SRR5091502/SRR5091502_unmatched_2.fastq,SRR5091502,0ff6e9e70ddf33d9c9c42baf7a71b92d,498188000,31,DNA,1000,498188,true,0.7741182643158723,0.8919921461224608,0.8330552052191665,0.8919921461224608,199,2687435,3968950
781000,0.0015676812769476584,0.04389044943820225,0.0002509092952861169,0.00030763804028773354,9.768,10.0,5.218637370042107,signatures/3784007bacdb5e1a673c9a775abe80cf.sig.gz,GCA_937935345.1 uncultured Lachnobacterium sp. SRR1761720_bin.57_CONCOCT_v1.1_MAG,3784007bacdb5e1a673c9a775abe80cf,0.27422752808988765,125000,260,278800000,/nfs3_ib/nfs-ip34/home/def-ilafores/analysis/MethodsComparison/Feces_RA/preproc/SRR5091502/SRR5091502_unmatched_2.fastq,SRR5091502,0ff6e9e70ddf33d9c9c42baf7a71b92d,498188000,31,DNA,1000,498188,true,0.8119409477046158,0.9591235396658931,0.8855322436852544,0.9591235396658931,1221,2688656,3968950
620000,0.0012445101046191398,0.06641870350690754,0.0002509092952861169,0.00008289346048703058,2.632,2.0,1.6566761904488154,signatures/20c6805c55948bc2e73fd12614f68938.sig.gz,GCF_959028125.1 uncultured Bifidobacterium sp. ERR10149229_bin.50_MetaWRAP_v1.3_MAG,20c6805c55948bc2e73fd12614f68938,0.3294367693942614,125000,261,278675000,/nfs3_ib/nfs-ip34/home/def-ilafores/analysis/MethodsComparison/Feces_RA/preproc/SRR5091502/SRR5091502_unmatched_2.fastq,SRR5091502,0ff6e9e70ddf33d9c9c42baf7a71b92d,498188000,31,DNA,1000,498188,true,0.8059169164457466,0.9648154743079,0.8853661953768233,0.9648154743079,329,2688985,3968950
127000,0.0002549238440106948,0.07231772377000593,0.0002448874721992501,0.000052910719459806747,1.721311475409836,1.0,1.3260461078078134,signatures/1bbfbe443eb6d982e8612824ba5b74bf.sig.gz,"GCA_900550625.1 uncultured Clostridiales bacterium, UMGS1312",1bbfbe443eb6d982e8612824ba5b74bf,0.07528156490812092,122000,262,278553000,/nfs3_ib/nfs-ip34/home/def-ilafores/analysis/MethodsComparison/Feces_RA/preproc/SRR5091502/SRR5091502_unmatched_2.fastq,SRR5091502,0ff6e9e70ddf33d9c9c42baf7a71b92d,498188000,31,DNA,1000,498188,true,0.7657336927368761,0.9199498429976576,0.8428417678672668,0.9199498429976576,210,2689195,3968950
808000,0.0016218776847294596,0.054708520179372194,0.0002448874721992501,0.00023053956336058654,7.5,6.0,5.709138489744488,signatures/93cdc16ca0cdf655b8e92dd131cbe69f.sig.gz,GCA_902463905.1 uncultured Faecalibacterium sp. UHGG-TPA_MGYG-HGUT-00589,93cdc16ca0cdf655b8e92dd131cbe69f,0.36233183856502243,122000,263,278431000,/nfs3_ib/nfs-ip34/home/def-ilafores/analysis/MethodsComparison/Feces_RA/preproc/SRR5091502/SRR5091502_unmatched_2.fastq,SRR5091502,0ff6e9e70ddf33d9c9c42baf7a71b92d,498188000,31,DNA,1000,498188,true,0.8128316088493966,0.9677821975569592,0.8903069032031778,0.9677821975569592,915,2690110,3968950
1783000,0.0035789701879611713,0.03698044009779951,0.00024288019783696115,0.001536174554983056,50.388429752066116,4.0,55.25229465349355,signatures/b0a316f942f0beea5fd102847b2e7868.sig.gz,"GCA_019414725.1 Bacteroides sp., ASM1941472v1",b0a316f942f0beea5fd102847b2e7868,0.5449266503667481,121000,264,278310000,/nfs3_ib/nfs-ip34/home/def-ilafores/analysis/MethodsComparison/Feces_RA/preproc/SRR5091502/SRR5091502_unmatched_2.fastq,SRR5091502,0ff6e9e70ddf33d9c9c42baf7a71b92d,498188000,31,DNA,1000,498188,true,0.8338519915429864,0.9806065182550909,0.9072292548990386,0.9806065182550909,6097,2696207,3968950
129000,0.00025893839273527264,0.053634751773049646,0.00024288019783696115,0.00005165094042504945,1.6942148760330578,1.0,1.4984453387318255,signatures/1265afef22acb5dca4d04339911de7fe.sig.gz,"GCA_900548125.1 uncultured Clostridiales bacterium, UMGS1056",1265afef22acb5dca4d04339911de7fe,0.057180851063829786,121000,265,278189000,/nfs3_ib/nfs-ip34/home/def-ilafores/analysis/MethodsComparison/Feces_RA/preproc/SRR5091502/SRR5091502_unmatched_2.fastq,SRR5091502,0ff6e9e70ddf33d9c9c42baf7a71b92d,498188000,31,DNA,1000,498188,true,0.7661197523587114,0.9118246112562732,0.8389721818074923,0.9118246112562732,205,2696412,3968950
423000,0.0008490770552482196,0.04989690721649485,0.00024288019783696115,0.00022802000529107194,7.479338842975206,6.0,6.549366474382384,signatures/f6429d724d5b86af3c741638eedd8b73.sig.gz,"GCA_003447295.1 Lachnospiraceae bacterium, ASM344729v1",f6429d724d5b86af3c741638eedd8b73,0.17443298969072166,121000,266,278068000,/nfs3_ib/nfs-ip34/home/def-ilafores/analysis/MethodsComparison/Feces_RA/preproc/SRR5091502/SRR5091502_unmatched_2.fastq,SRR5091502,0ff6e9e70ddf33d9c9c42baf7a71b92d,498188000,31,DNA,1000,498188,true,0.796037959102504,0.945227628277364,0.870632793689934,0.945227628277364,905,2697317,3968950
616000,0.001236481007169984,0.053881278538812784,0.00023685837475009435,0.00016326736290454654,5.491525423728813,5.0,3.976084784741811,signatures/97e55b19b948bc3884bafc758cb1a6a6.sig.gz,"GCA_900544105.1 uncultured Oscillibacter sp., UMGS638",97e55b19b948bc3884bafc758cb1a6a6,0.28127853881278536,118000,267,277950000,/nfs3_ib/nfs-ip34/home/def-ilafores/analysis/MethodsComparison/Feces_RA/preproc/SRR5091502/SRR5091502_unmatched_2.fastq,SRR5091502,0ff6e9e70ddf33d9c9c42baf7a71b92d,498188000,31,DNA,1000,498188,true,0.8057486659808666,0.9599093298310124,0.8828289979059395,0.9599093298310124,648,2697965,3968950
742000,0.0014893975768183899,0.03528347406513872,0.00023485110038780541,0.000055682233336272816,1.8888888888888888,1.0,1.3059873808488245,signatures/2023c0f479da06b35c0c857a2d652a0d.sig.gz,"GCF_003480435.1 Clostridium sp. AM30-24 strain=AM30-24, ASM348043v1",2023c0f479da06b35c0c857a2d652a0d,0.22376357056694812,117000,268,277833000,/nfs3_ib/nfs-ip34/home/def-ilafores/analysis/MethodsComparison/Feces_RA/preproc/SRR5091502/SRR5091502_unmatched_2.fastq,SRR5091502,0ff6e9e70ddf33d9c9c42baf7a71b92d,498188000,31,DNA,1000,498188,true,0.8106003649475045,0.9528520309420792,0.8817261979447919,0.9528520309420792,221,2698186,3968950
117000,0.00023485110038780541,0.04868755292125317,0.00023083655166322755,0.000044092266216505624,1.5217391304347827,1.0,0.9722034684781695,signatures/9f99791d63c29d4519c7a987f8fbb8a7.sig.gz,"GCA_904395335.1 Candidatus Avimonas narfia, Coassembly_mag_196",9f99791d63c29d4519c7a987f8fbb8a7,0.04953429297205758,115000,269,277718000,/nfs3_ib/nfs-ip34/home/def-ilafores/analysis/MethodsComparison/Feces_RA/preproc/SRR5091502/SRR5091502_unmatched_2.fastq,SRR5091502,0ff6e9e70ddf33d9c9c42baf7a71b92d,498188000,31,DNA,1000,498188,true,0.7637105561243323,0.9076119232022556,0.8356612396632939,0.9076119232022556,175,2698361,3968950
168000,0.0003372220928645411,0.03842264914054601,0.00022882927730093861,0.00004560400105821439,1.587719298245614,1.0,0.9348177748009063,signatures/44d064decffc4be1aefc6566373b087b.sig.gz,"GCF_015667935.1 Clostridium sp. 1001270J_160509_D11 strain=1001270J_160509_D11, ASM1566793v1",44d064decffc4be1aefc6566373b087b,0.056622851365015166,114000,270,277604000,/nfs3_ib/nfs-ip34/home/def-ilafores/analysis/MethodsComparison/Feces_RA/preproc/SRR5091502/SRR5091502_unmatched_2.fastq,SRR5091502,0ff6e9e70ddf33d9c9c42baf7a71b92d,498188000,31,DNA,1000,498188,true,0.7726757652656013,0.9115362134346483,0.8421059893501248,0.9115362134346483,181,2698542,3968950
540000,0.001083928155636025,0.022080185938407902,0.00022882927730093861,0.0004462137341110369,15.535087719298245,3.0,48.9235314214611,signatures/784476b4d53154790cd4a65d89ed4816.sig.gz,"GCF_014287585.1 Parabacteroides sp. N37 strain=N37, ASM1428758v1",784476b4d53154790cd4a65d89ed4816,0.10459035444509006,114000,271,277490000,/nfs3_ib/nfs-ip34/home/def-ilafores/analysis/MethodsComparison/Feces_RA/preproc/SRR5091502/SRR5091502_unmatched_2.fastq,SRR5091502,0ff6e9e70ddf33d9c9c42baf7a71b92d,498188000,31,DNA,1000,498188,true,0.8023333688076684,0.9297596570384201,0.8660465129230442,0.9297596570384201,1771,2700313,3968950
113000,0.00022682200293864965,0.05721518987341772,0.00022682200293864965,0.00004535204525126293,1.592920353982301,1.0,0.974335881298495,signatures/c43c2ae365523e57e0748ae42bb4a0a0.sig.gz,"GCF_900113455.1 Lactobacillus ruminis DSM 20403 = NBRC 102161 strain=DSM 20403, IMG-taxon 2593339155 annotated assembly",c43c2ae365523e57e0748ae42bb4a0a0,0.05721518987341772,113000,272,277377000,/nfs3_ib/nfs-ip34/home/def-ilafores/analysis/MethodsComparison/Feces_RA/preproc/SRR5091502/SRR5091502_unmatched_2.fastq,SRR5091502,0ff6e9e70ddf33d9c9c42baf7a71b92d,498188000,31,DNA,1000,498188,true,0.7628540521226848,0.9118422699295559,0.8373481610261203,0.9118422699295559,180,2700493,3968950
1945000,0.0039041486346519786,0.029342415509562483,0.00022481472857636072,0.00005618614495017574,1.9910714285714286,1.0,1.6338797806922944,signatures/55d86bef1a7f2b0d2b701b4104aeed2b.sig.gz,GCA_026015625.1 Segatella copri strain=H019-1 ASM2601562v1,55d86bef1a7f2b0d2b701b4104aeed2b,0.5095624836258842,112000,273,277265000,/nfs3_ib/nfs-ip34/home/def-ilafores/analysis/MethodsComparison/Feces_RA/preproc/SRR5091502/SRR5091502_unmatched_2.fastq,SRR5091502,0ff6e9e70ddf33d9c9c42baf7a71b92d,498188000,31,DNA,1000,498188,true,0.8361944898133665,0.9784863156101116,0.9073404027117391,0.9784863156101116,223,2700716,3968950
1152000,0.0023123800653568533,0.03712534059945504,0.00021879290548949392,0.00031444084707542297,11.44954128440367,10.0,8.23004814385253,signatures/78db35fa6d9edc0fa99c8623efbe174d.sig.gz,"GCF_023347295.1 Faecalibacterium sp. I3333 strain=I3333, ASM2334729v1",78db35fa6d9edc0fa99c8623efbe174d,0.3923705722070845,109000,274,277156000,/nfs3_ib/nfs-ip34/home/def-ilafores/analysis/MethodsComparison/Feces_RA/preproc/SRR5091502/SRR5091502_unmatched_2.fastq,SRR5091502,0ff6e9e70ddf33d9c9c42baf7a71b92d,498188000,31,DNA,1000,498188,true,0.8221851948711775,0.9702718534763087,0.8962285241737431,0.9702718534763087,1248,2701964,3968950
109000,0.00021879290548949392,0.05610389610389611,0.000216785631127205,0.000041320752340039555,1.5185185185185186,1.0,0.9277759296203959,signatures/3d1c191689b5d1c1bdefa098d4ca6bfe.sig.gz,"GCF_000479335.1 Streptococcus sp. I-G2 strain=I-G2, ASM47933v1",3d1c191689b5d1c1bdefa098d4ca6bfe,0.056623376623376624,108000,275,277048000,/nfs3_ib/nfs-ip34/home/def-ilafores/analysis/MethodsComparison/Feces_RA/preproc/SRR5091502/SRR5091502_unmatched_2.fastq,SRR5091502,0ff6e9e70ddf33d9c9c42baf7a71b92d,498188000,31,DNA,1000,498188,true,0.7619676896624834,0.9115364862014572,0.8367520879319703,0.9115364862014572,164,2702128,3968950
171000,0.0003432439159514079,0.035175879396984924,0.0002107638080403382,0.000052910719459806747,2.0,1.0,1.9173394264424017,signatures/895261fc11cddcef03130c56a5c81d58.sig.gz,"GCA_003477405.1 Ruminococcaceae bacterium AM07-15 strain=AM07-15, ASM347740v1",895261fc11cddcef03130c56a5c81d58,0.05728643216080402,105000,276,276943000,/nfs3_ib/nfs-ip34/home/def-ilafores/analysis/MethodsComparison/Feces_RA/preproc/SRR5091502/SRR5091502_unmatched_2.fastq,SRR5091502,0ff6e9e70ddf33d9c9c42baf7a71b92d,498188000,31,DNA,1000,498188,true,0.7731170536274473,0.9118788734630171,0.8424979635452322,0.9118788734630171,210,2702338,3968950
103000,0.00020674925931576032,0.04681818181818182,0.00020674925931576032,0.00006248504012396225,2.407766990291262,1.0,7.64940113552128,signatures/3e006854992e86a9a691fd68b9847087.sig.gz,GCF_031191205.1 Haemophilus parainfluenzae ATCC 33392 strain=DSM 8978 ASM3119120v1,3e006854992e86a9a691fd68b9847087,0.04681818181818182,103000,277,276840000,/nfs3_ib/nfs-ip34/home/def-ilafores/analysis/MethodsComparison/Feces_RA/preproc/SRR5091502/SRR5091502_unmatched_2.fastq,SRR5091502,0ff6e9e70ddf33d9c9c42baf7a71b92d,498188000,31,DNA,1000,498188,true,0.7605772898424735,0.9059623436231449,0.8332698167328092,0.9059623436231449,248,2702586,3968950
265000,0.0005319277060065678,0.030699088145896655,0.00020273471059118245,0.000057949835598835964,2.277227722772277,2.0,1.5422679190986734,signatures/adb0ed78ca86ef0f7a6de3e9b273ca7a.sig.gz,"GCA_902363045.1 Clostridiales bacterium, MGYG-HGUT-00086",adb0ed78ca86ef0f7a6de3e9b273ca7a,0.08054711246200608,101000,278,276739000,/nfs3_ib/nfs-ip34/home/def-ilafores/analysis/MethodsComparison/Feces_RA/preproc/SRR5091502/SRR5091502_unmatched_2.fastq,SRR5091502,0ff6e9e70ddf33d9c9c42baf7a71b92d,498188000,31,DNA,1000,498188,true,0.7841196588799387,0.9219583235802189,0.8530389912300789,0.9219583235802189,230,2702816,3968950
104000,0.00020875653367804925,0.042383550146873686,0.00020273471059118245,0.00003703750362186472,1.4554455445544554,1.0,0.6678582952095069,signatures/43f2c80f394dd24504ad4c7ca762f24c.sig.gz,"GCA_019118845.1 Candidatus Anaeromassilibacillus stercoravium, ASM1911884v1",43f2c80f394dd24504ad4c7ca762f24c,0.043642467477968946,101000,279,276638000,/nfs3_ib/nfs-ip34/home/def-ilafores/analysis/MethodsComparison/Feces_RA/preproc/SRR5091502/SRR5091502_unmatched_2.fastq,SRR5091502,0ff6e9e70ddf33d9c9c42baf7a71b92d,498188000,31,DNA,1000,498188,true,0.7608143793690991,0.9039119050698589,0.832363142219479,0.9039119050698589,147,2702963,3968950
373000,0.0007487133371337727,0.031746031746031744,0.00020072743622889352,0.00005039116139029214,2.0,1.0,5.905929224093362,signatures/8bd7e0a27c6ade2c6784f9446f856566.sig.gz,"GCA_022741625.1 Prevotella sp., ASM2274162v1",8bd7e0a27c6ade2c6784f9446f856566,0.11841269841269841,100000,280,276538000,/nfs3_ib/nfs-ip34/home/def-ilafores/analysis/MethodsComparison/Feces_RA/preproc/SRR5091502/SRR5091502_unmatched_2.fastq,SRR5091502,0ff6e9e70ddf33d9c9c42baf7a71b92d,498188000,31,DNA,1000,498188,true,0.7928142909828632,0.933489896688876,0.8631520938358697,0.933489896688876,200,2703163,3968950
338000,0.0006784587344536601,0.032279100097815455,0.0001987201618666046,0.000058957658826641806,2.3636363636363638,2.0,2.1388873981843988,signatures/9ab671fa6983f6c9a2d4ab9bd5e10b75.sig.gz,GCA_902474825.1 uncultured Eubacteriales bacterium UHGG-TPA_MGYG-HGUT-02006,9ab671fa6983f6c9a2d4ab9bd5e10b75,0.11020541245516792,99000,281,276439000,/nfs3_ib/nfs-ip34/home/def-ilafores/analysis/MethodsComparison/Feces_RA/preproc/SRR5091502/SRR5091502_unmatched_2.fastq,SRR5091502,0ff6e9e70ddf33d9c9c42baf7a71b92d,498188000,31,DNA,1000,498188,true,0.7902983562435462,0.931329415558791,0.8608138859011686,0.931329415558791,234,2703397,3968950
203000,0.0004074766955446538,0.020956816257408976,0.0001987201618666046,0.000029730785220272364,1.1919191919191918,1.0,0.5256408820710179,signatures/8846ab4d9c9c80f7b9f88cf9fbf1a878.sig.gz,"GCF_011064845.1 Citrobacter freundii ATCC 8090 = MTCC 1658 = NBRC 12681 strain=ATCC 8090, ASM1106484v1",8846ab4d9c9c80f7b9f88cf9fbf1a878,0.04297205757832345,99000,282,276340000,/nfs3_ib/nfs-ip34/home/def-ilafores/analysis/MethodsComparison/Feces_RA/preproc/SRR5091502/SRR5091502_unmatched_2.fastq,SRR5091502,0ff6e9e70ddf33d9c9c42baf7a71b92d,498188000,31,DNA,1000,498188,true,0.7774070533500548,0.9034606268866471,0.8404338401183509,0.9034606268866471,118,2703515,3968950
1282000,0.002573325732454415,0.02147039687703318,0.0001987201618666046,0.00014336285415538115,5.747474747474747,2.0,10.584287415208742,signatures/fce21236a84451ec2097370a1feb8cb5.sig.gz,"GCF_001688725.2 Bacteroides caecimuris strain=I48, ASM168872v2",fce21236a84451ec2097370a1feb8cb5,0.27803079592279334,99000,283,276241000,/nfs3_ib/nfs-ip34/home/def-ilafores/analysis/MethodsComparison/Feces_RA/preproc/SRR5091502/SRR5091502_unmatched_2.fastq,SRR5091502,0ff6e9e70ddf33d9c9c42baf7a71b92d,498188000,31,DNA,1000,498188,true,0.8250258818467354,0.9595497861822039,0.8922878340144696,0.9595497861822039,569,2704084,3968950
907000,0.001820597846596064,0.016404419149648478,0.00019671288750431563,0.00030814195190163646,12.479591836734693,3.0,20.032743396666067,signatures/723b884481420dddcbc68522388758ed.sig.gz,"GCF_900106755.1 Bacteroides faecis MAJ27 strain=MAJ27, IMG-taxon 2693429916 annotated assembly",723b884481420dddcbc68522388758ed,0.15182457315031805,98000,284,276143000,/nfs3_ib/nfs-ip34/home/def-ilafores/analysis/MethodsComparison/Feces_RA/preproc/SRR5091502/SRR5091502_unmatched_2.fastq,SRR5091502,0ff6e9e70ddf33d9c9c42baf7a71b92d,498188000,31,DNA,1000,498188,true,0.815867826598945,0.9410044552703175,0.8784361409346313,0.9410044552703175,1223,2705307,3968950
115000,0.00023083655166322755,0.048062775870524765,0.00019671288750431563,0.000050643117197243605,2.0510204081632653,1.0,2.0671011397685617,signatures/187a2d09f48bbe26ca283c46bf18782b.sig.gz,"GCA_900541905.1 uncultured Ruminococcaceae bacterium, UMGS404",187a2d09f48bbe26ca283c46bf18782b,0.05640019617459539,98000,285,276045000,/nfs3_ib/nfs-ip34/home/def-ilafores/analysis/MethodsComparison/Feces_RA/preproc/SRR5091502/SRR5091502_unmatched_2.fastq,SRR5091502,0ff6e9e70ddf33d9c9c42baf7a71b92d,498188000,31,DNA,1000,498188,true,0.76328590811169,0.9114203674454234,0.8373531377785567,0.9114203674454234,201,2705508,3968950
132000,0.0002649602158221394,0.022915190172454525,0.0001947056131420267,0.00003829728265662203,1.5670103092783505,1.0,1.209133765888309,signatures/360132f932a1a85a6cebdceebeae25cd.sig.gz,"GCF_022867805.1 Cuneatibacter sp. NSJ-177 strain=NSJ-177, ASM2286780v1",360132f932a1a85a6cebdceebeae25cd,0.03118355776045358,97000,286,275948000,/nfs3_ib/nfs-ip34/home/def-ilafores/analysis/MethodsComparison/Feces_RA/preproc/SRR5091502/SRR5091502_unmatched_2.fastq,SRR5091502,0ff6e9e70ddf33d9c9c42baf7a71b92d,498188000,31,DNA,1000,498188,true,0.7666881154683465,0.8941635390955622,0.8304258272819544,0.8941635390955622,152,2705660,3968950
495000,0.0009936008093330228,0.03066494512588767,0.00019069106441744883,0.00012144269895060407,5.073684210526316,4.0,3.4281868930910426,signatures/2e67b52edc8f620ff93c93c35ebb67ae.sig.gz,"GCA_019411205.1 Parabacteroides sp., ASM1941120v1",2e67b52edc8f620ff93c93c35ebb67ae,0.15978050355067785,95000,287,275853000,/nfs3_ib/nfs-ip34/home/def-ilafores/analysis/MethodsComparison/Feces_RA/preproc/SRR5091502/SRR5091502_unmatched_2.fastq,SRR5091502,0ff6e9e70ddf33d9c9c42baf7a71b92d,498188000,31,DNA,1000,498188,true,0.8000845221034182,0.9425561227133306,0.8713203224083743,0.9425561227133306,482,2706142,3968950
1932000,0.0038780540679422227,0.013388406209941604,0.0001886837900551599,0.00008994822308167148,3.797872340425532,3.0,3.0197216556033855,signatures/6567e1e09256d8c7a31fd1e8d0b378f2.sig.gz,"GCF_020091405.1 Bacteroides cellulosilyticus strain=BFG-250, ASM2009140v1",6567e1e09256d8c7a31fd1e8d0b378f2,0.27517447657028915,94000,288,275759000,/nfs3_ib/nfs-ip34/home/def-ilafores/analysis/MethodsComparison/Feces_RA/preproc/SRR5091502/SRR5091502_unmatched_2.fastq,SRR5091502,0ff6e9e70ddf33d9c9c42baf7a71b92d,498188000,31,DNA,1000,498188,true,0.8360136151201656,0.9592302001475598,0.8976219076338627,0.9592302001475598,357,2706499,3968950
102000,0.0002047419849534714,0.032525951557093424,0.0001886837900551599,0.00003502185716625304,1.4787234042553192,1.0,0.821632047431899,signatures/e90de3442904ac662177bfb24b6a935e.sig.gz,GCA_958477305.1 uncultured Oscillospiraceae bacterium SRR17382081_bin.10_MetaWRAP_v1.3_MAG,e90de3442904ac662177bfb24b6a935e,0.03529411764705882,94000,289,275665000,/nfs3_ib/nfs-ip34/home/def-ilafores/analysis/MethodsComparison/Feces_RA/preproc/SRR5091502/SRR5091502_unmatched_2.fastq,SRR5091502,0ff6e9e70ddf33d9c9c42baf7a71b92d,498188000,31,DNA,1000,498188,true,0.7603379621787103,0.897742298332282,0.8290401302554962,0.897742298332282,139,2706638,3968950
155000,0.00031112752615478496,0.028896403320012296,0.0001886837900551599,0.00005996548205444765,2.5319148936170213,1.0,2.849793302170761,signatures/9bcf5a3bddcabb00085ce4a7af8c2742.sig.gz,"GCA_905214265.1 uncultured bacterium, ERR1600629-mag-bin.10",9bcf5a3bddcabb00085ce4a7af8c2742,0.04764832462342453,94000,290,275571000,/nfs3_ib/nfs-ip34/home/def-ilafores/analysis/MethodsComparison/Feces_RA/preproc/SRR5091502/SRR5091502_unmatched_2.fastq,SRR5091502,0ff6e9e70ddf33d9c9c42baf7a71b92d,498188000,31,DNA,1000,498188,true,0.7706709375567625,0.9064761360539122,0.8385735368053373,0.9064761360539122,238,2706876,3968950
177000,0.0003552875621251415,0.01795822760101503,0.00018466924133058203,0.0007498204814875471,32.34782608695652,36.0,23.487940838637158,signatures/50d75c9bf89de291dda58f33fea4d430.sig.gz,"GCA_023398375.1 Firmicutes bacterium, ASM2339837v1",50d75c9bf89de291dda58f33fea4d430,0.03455006831934414,92000,291,275479000,/nfs3_ib/nfs-ip34/home/def-ilafores/analysis/MethodsComparison/Feces_RA/preproc/SRR5091502/SRR5091502_unmatched_2.fastq,SRR5091502,0ff6e9e70ddf33d9c9c42baf7a71b92d,498188000,31,DNA,1000,498188,true,0.7739775918990933,0.8971254780468882,0.8355515349729907,0.8971254780468882,2976,2709852,3968950
654000,0.0013127574329369635,0.06599713055954089,0.00018466924133058203,0.00005669005656407866,2.4456521739130435,2.0,1.9965411963148245,signatures/9f35aaf57b80928b92546075af819741.sig.gz,"GCA_019410105.1 Clostridiales bacterium, ASM1941010v1",9f35aaf57b80928b92546075af819741,0.46915351506456243,92000,292,275387000,/nfs3_ib/nfs-ip34/home/def-ilafores/analysis/MethodsComparison/Feces_RA/preproc/SRR5091502/SRR5091502_unmatched_2.fastq,SRR5091502,0ff6e9e70ddf33d9c9c42baf7a71b92d,498188000,31,DNA,1000,498188,true,0.8073060539046019,0.9758818868978562,0.891593970401229,0.9758818868978562,225,2710077,3968950
558000,0.0011200590941572257,0.02526374236535258,0.0001826619669682931,0.00005492636591541844,2.3956043956043955,1.0,2.541433016540688,signatures/ae3113259fd1a32557f288c504d24250.sig.gz,"GCF_014297245.1 Blautia sp. M29 strain=M29, ASM1429724v1",ae3113259fd1a32557f288c504d24250,0.15491393670183232,91000,293,275296000,/nfs3_ib/nfs-ip34/home/def-ilafores/analysis/MethodsComparison/Feces_RA/preproc/SRR5091502/SRR5091502_unmatched_2.fastq,SRR5091502,0ff6e9e70ddf33d9c9c42baf7a71b92d,498188000,31,DNA,1000,498188,true,0.8031824748583952,0.941616124301896,0.8723992995801456,0.941616124301896,218,2710295,3968950
95000,0.00019069106441744883,0.051152332771219784,0.0001826619669682931,0.00003124252006198113,1.3626373626373627,1.0,1.2449147860548928,signatures/47cadd337e10f15764f908c2ed756177.sig.gz,"GCA_000432435.1 Eubacterium sp. CAG:180, MGS180",47cadd337e10f15764f908c2ed756177,0.05340078695896571,91000,294,275205000,/nfs3_ib/nfs-ip34/home/def-ilafores/analysis/MethodsComparison/Feces_RA/preproc/SRR5091502/SRR5091502_unmatched_2.fastq,SRR5091502,0ff6e9e70ddf33d9c9c42baf7a71b92d,498188000,31,DNA,1000,498188,true,0.7585961883710204,0.9098151205076531,0.8342056544393368,0.9098151205076531,124,2710419,3968950
733000,0.0014713321075577894,0.013260645351407101,0.00018065469260600416,0.00008314541629398204,3.6666666666666665,2.0,4.128491788104276,signatures/6a82102a8a9caa7158b1d7ae1e0d3d95.sig.gz,"GCF_012113595.1 Bacteroides sp. CBA7301 strain=CBA7301, ASM1211359v1",6a82102a8a9caa7158b1d7ae1e0d3d95,0.10800058936201562,90000,295,275115000,/nfs3_ib/nfs-ip34/home/def-ilafores/analysis/MethodsComparison/Feces_RA/preproc/SRR5091502/SRR5091502_unmatched_2.fastq,SRR5091502,0ff6e9e70ddf33d9c9c42baf7a71b92d,498188000,31,DNA,1000,498188,true,0.8102813246837118,0.9307224669694958,0.8705018958266038,0.9307224669694958,330,2710749,3968950
355000,0.000712582398612572,0.03477921062915201,0.00017864741824371523,0.00036961916879779287,16.48314606741573,1.0,40.135196344454044,signatures/1c3ea5fbf00ea2a5dc8cb8d21cd793e8.sig.gz,"GCA_900757715.1 uncultured Veillonella sp., ERS537359_13",1c3ea5fbf00ea2a5dc8cb8d21cd793e8,0.13872606486908948,89000,296,275026000,/nfs3_ib/nfs-ip34/home/def-ilafores/analysis/MethodsComparison/Feces_RA/preproc/SRR5091502/SRR5091502_unmatched_2.fastq,SRR5091502,0ff6e9e70ddf33d9c9c42baf7a71b92d,498188000,31,DNA,1000,498188,true,0.7915503610234921,0.9382696738951203,0.8649100174593062,0.9382696738951203,1467,2712216,3968950
639000,0.0012826483175026296,0.040583675330597355,0.00017864741824371523,0.00017914057874248858,7.98876404494382,6.0,7.487059070729632,signatures/3765028b477e05aab7ca46cf4971501b.sig.gz,"GCA_934511465.1 uncultured Faecalibacterium sp., ERR7745828_bin.158",3765028b477e05aab7ca46cf4971501b,0.2913816689466484,89000,297,274937000,/nfs3_ib/nfs-ip34/home/def-ilafores/analysis/MethodsComparison/Feces_RA/preproc/SRR5091502/SRR5091502_unmatched_2.fastq,SRR5091502,0ff6e9e70ddf33d9c9c42baf7a71b92d,498188000,31,DNA,1000,498188,true,0.8067020271039399,0.9610026559698018,0.8838523415368709,0.9610026559698018,711,2712927,3968950
122000,0.0002448874721992501,0.03545816733067729,0.00017864741824371523,0.00004031292911223371,1.797752808988764,1.0,1.470150762588416,signatures/7606064071c3db9701d74823f89cac39.sig.gz,"GCF_021531255.1 Fournierella massiliensis strain=An912, ASM2153125v1",7606064071c3db9701d74823f89cac39,0.04860557768924303,89000,298,274848000,/nfs3_ib/nfs-ip34/home/def-ilafores/analysis/MethodsComparison/Feces_RA/preproc/SRR5091502/SRR5091502_unmatched_2.fastq,SRR5091502,0ff6e9e70ddf33d9c9c42baf7a71b92d,498188000,31,DNA,1000,498188,true,0.7647421903243173,0.9070579535187826,0.8359000719215499,0.9070579535187826,160,2713087,3968950
459000,0.0009213389322906212,0.018495166036149643,0.0001766401438814263,0.000040816840726136634,1.8409090909090908,1.0,1.2692729095857458,signatures/3e5892a57a7a64d24a3fe971c7892e95.sig.gz,"GCF_004211955.1 Escherichia sp. E1V33 strain=E1V33, ASM421195v1",3e5892a57a7a64d24a3fe971c7892e95,0.09646910466582598,88000,299,274760000,/nfs3_ib/nfs-ip34/home/def-ilafores/analysis/MethodsComparison/Feces_RA/preproc/SRR5091502/SRR5091502_unmatched_2.fastq,SRR5091502,0ff6e9e70ddf33d9c9c42baf7a71b92d,498188000,31,DNA,1000,498188,true,0.7981381056627251,0.9273385853265719,0.8627383454946485,0.9273385853265719,162,2713249,3968950
576000,0.0011561900326784267,0.026284348864994027,0.0001766401438814263,0.00005669005656407866,2.5568181818181817,2.0,3.085368530166559,signatures/5690dda55028fe4b6db542ea10f1886c.sig.gz,"GCF_013300725.1 Coprococcus comes strain=MSK.16.63, ASM1330072v1",5690dda55028fe4b6db542ea10f1886c,0.17204301075268819,88000,300,274672000,/nfs3_ib/nfs-ip34/home/def-ilafores/analysis/MethodsComparison/Feces_RA/preproc/SRR5091502/SRR5091502_unmatched_2.fastq,SRR5091502,0ff6e9e70ddf33d9c9c42baf7a71b92d,498188000,31,DNA,1000,498188,true,0.8040054768092383,0.94480706061294,0.8744062687110892,0.94480706061294,225,2713474,3968950
464000,0.0009313753041020659,0.031073446327683617,0.0001766401438814263,0.0001020421018153416,4.6022727272727275,4.0,2.917579058394728,signatures/750782e7ba508a7bc87995ff151515ee.sig.gz,"GCF_018918185.1 Eubacterium sp. MSJ-21 strain=MSJ-21, ASM1891818v1",750782e7ba508a7bc87995ff151515ee,0.1638418079096045,88000,301,274584000,/nfs3_ib/nfs-ip34/home/def-ilafores/analysis/MethodsComparison/Feces_RA/preproc/SRR5091502/SRR5091502_unmatched_2.fastq,SRR5091502,0ff6e9e70ddf33d9c9c42baf7a71b92d,498188000,31,DNA,1000,498188,true,0.7984170996176345,0.9433196089925797,0.8708683543051071,0.9433196089925797,405,2713879,3968950
246000,0.0004937894931230781,0.030938833570412518,0.00017463286951913736,0.00009851472051802114,4.494252873563219,2.0,7.467744528962413,signatures/3085eeec4919397105926f4ea1ff090f.sig.gz,"GCA_000980705.1 Ruminococcus sp. UNK.MGS-30, ASM98070v1",3085eeec4919397105926f4ea1ff090f,0.08748221906116643,87000,302,274497000,/nfs3_ib/nfs-ip34/home/def-ilafores/analysis/MethodsComparison/Feces_RA/preproc/SRR5091502/SRR5091502_unmatched_2.fastq,SRR5091502,0ff6e9e70ddf33d9c9c42baf7a71b92d,498188000,31,DNA,1000,498188,true,0.7822400713057276,0.9244179723309133,0.8533290218183205,0.9244179723309133,391,2714270,3968950
1149000,0.0023063582422699863,0.02800390752197981,0.00017262559515684843,0.00022953174013278071,10.593023255813954,8.5,9.021135269886972,signatures/b11818d1b4bf0d22ae3d2662e33873ee.sig.gz,"GCF_003287405.1 Faecalibacterium prausnitzii strain=APC923/51-1, ASM328740v1",b11818d1b4bf0d22ae3d2662e33873ee,0.3741452295669163,86000,303,274411000,/nfs3_ib/nfs-ip34/home/def-ilafores/analysis/MethodsComparison/Feces_RA/preproc/SRR5091502/SRR5091502_unmatched_2.fastq,SRR5091502,0ff6e9e70ddf33d9c9c42baf7a71b92d,498188000,31,DNA,1000,498188,true,0.8221160397142905,0.9687843257693666,0.8954501827418285,0.9687843257693666,911,2715181,3968950
379000,0.0007607569833075064,0.036799315361574665,0.00017262559515684843,0.00008238954887312765,3.802325581395349,3.0,2.960278771606598,signatures/2e8f8e349a6c7ac173d5f4f52e009efc.sig.gz,GCA_025757645.1 Clostridiales bacterium ASM2575764v1,2e8f8e349a6c7ac173d5f4f52e009efc,0.1621737270004279,86000,304,274325000,/nfs3_ib/nfs-ip34/home/def-ilafores/analysis/MethodsComparison/Feces_RA/preproc/SRR5091502/SRR5091502_unmatched_2.fastq,SRR5091502,0ff6e9e70ddf33d9c9c42baf7a71b92d,498188000,31,DNA,1000,498188,true,0.7932225108929145,0.9430082667195743,0.8681153888062444,0.9430082667195743,327,2715508,3968950
247000,0.000495796767485367,0.03129548762736536,0.00017262559515684843,0.00005618614495017574,2.5930232558139537,1.0,3.7272656820483636,signatures/bd30a80e9e49a6b7322d7f92c2d7f7d5.sig.gz,GCF_025567465.1 Roseburia amylophila strain=Sanger_19 ASM2556746v1,bd30a80e9e49a6b7322d7f92c2d7f7d5,0.08988355167394468,86000,305,274239000,/nfs3_ib/nfs-ip34/home/def-ilafores/analysis/MethodsComparison/Feces_RA/preproc/SRR5091502/SRR5091502_unmatched_2.fastq,SRR5091502,0ff6e9e70ddf33d9c9c42baf7a71b92d,498188000,31,DNA,1000,498188,true,0.7823424454901377,0.9252258310688167,0.8537841382794772,0.9252258310688167,223,2715731,3968950
388000,0.0007788224525681068,0.017511708409692527,0.00017262559515684843,0.0002617820834225677,12.081395348837209,4.0,50.1389267879594,signatures/a17817b17fc8d3307313b0166e1cb3ee.sig.gz,"GCF_900155425.1 Parabacteroides massiliensis strain=SN4, PRJEB18759",a17817b17fc8d3307313b0166e1cb3ee,0.07900631236000814,86000,306,274153000,/nfs3_ib/nfs-ip34/home/def-ilafores/analysis/MethodsComparison/Feces_RA/preproc/SRR5091502/SRR5091502_unmatched_2.fastq,SRR5091502,0ff6e9e70ddf33d9c9c42baf7a71b92d,498188000,31,DNA,1000,498188,true,0.7938232623283211,0.9213840775868769,0.8576036699575991,0.9213840775868769,1039,2716770,3968950
304000,0.0006102114061358363,0.023903262092238472,0.0001706183207945595,0.000046863780092971694,2.1882352941176473,2.0,1.5529411764705876,signatures/4c5b9c5fc61302d55e1ab631a887b803.sig.gz,"GCA_018374635.1 Clostridiales bacterium, ASM1837463v1",4c5b9c5fc61302d55e1ab631a887b803,0.08548931383577053,85000,307,274068000,/nfs3_ib/nfs-ip34/home/def-ilafores/analysis/MethodsComparison/Feces_RA/preproc/SRR5091502/SRR5091502_unmatched_2.fastq,SRR5091502,0ff6e9e70ddf33d9c9c42baf7a71b92d,498188000,31,DNA,1000,498188,true,0.7876001983057747,0.9237310517898629,0.8556656250478187,0.9237310517898629,186,2716956,3968950
287000,0.0005760877419769243,0.025052192066805846,0.00016861104643227056,0.00005165094042504945,2.4404761904761907,1.0,6.51436359950655,signatures/7ce01a2b906489a12149e88195eade6e.sig.gz,"GCF_020687205.1 Hominisplanchenecus faecis strain=CLA-AA-H246, ASM2068720v1",7ce01a2b906489a12149e88195eade6e,0.08559498956158663,84000,308,273984000,/nfs3_ib/nfs-ip34/home/def-ilafores/analysis/MethodsComparison/Feces_RA/preproc/SRR5091502/SRR5091502_unmatched_2.fastq,SRR5091502,0ff6e9e70ddf33d9c9c42baf7a71b92d,498188000,31,DNA,1000,498188,true,0.7861395274864721,0.923767863638449,0.8549536955624606,0.923767863638449,205,2717161,3968950
305000,0.0006122186804981252,0.0225867168593708,0.00016861104643227056,0.00015495282127514834,7.321428571428571,1.0,14.525151187054915,signatures/ba0ded834fcbfddb6077c6ceab7646f2.sig.gz,"GCF_003477995.1 Bacteroides sp. OF04-15BH strain=OF04-15BH, ASM347799v1",ba0ded834fcbfddb6077c6ceab7646f2,0.08201129335842969,84000,309,273900000,/nfs3_ib/nfs-ip34/home/def-ilafores/analysis/MethodsComparison/Feces_RA/preproc/SRR5091502/SRR5091502_unmatched_2.fastq,SRR5091502,0ff6e9e70ddf33d9c9c42baf7a71b92d,498188000,31,DNA,1000,498188,true,0.7876836394441867,0.9224942471226477,0.8550889432834172,0.9224942471226477,615,2717776,3968950
573000,0.0011501682095915598,0.02434077079107505,0.00016861104643227056,0.000034014033938447196,1.6071428571428572,1.0,1.345343442988383,signatures/0227623092f5284666842cee08522da1.sig.gz,"GCA_022732315.1 Prevotella sp., ASM2273231v1",0227623092f5284666842cee08522da1,0.16603882932483338,84000,310,273816000,/nfs3_ib/nfs-ip34/home/def-ilafores/analysis/MethodsComparison/Feces_RA/preproc/SRR5091502/SRR5091502_unmatched_2.fastq,SRR5091502,0ff6e9e70ddf33d9c9c42baf7a71b92d,498188000,31,DNA,1000,498188,true,0.8038700536490954,0.9437250282366362,0.8737975409428658,0.9437250282366362,135,2717911,3968950
693000,0.001391041133066232,0.03978906999041227,0.0001666037720699816,0.00009977449955277844,4.771084337349397,5.0,2.694596561907075,signatures/90b92750dc8865ed4f4ab15e1fc4c9f1.sig.gz,"GCF_002834225.1 Ruminococcus bromii strain=ATCC 27255, ASM283422v1",90b92750dc8865ed4f4ab15e1fc4c9f1,0.33221476510067116,83000,311,273733000,/nfs3_ib/nfs-ip34/home/def-ilafores/analysis/MethodsComparison/Feces_RA/preproc/SRR5091502/SRR5091502_unmatched_2.fastq,SRR5091502,0ff6e9e70ddf33d9c9c42baf7a71b92d,498188000,31,DNA,1000,498188,true,0.8088158931787923,0.9650768566119446,0.8869463748953685,0.9650768566119446,396,2718307,3968950
1021000,0.002049427123897003,0.02918918918918919,0.00016258922334540373,0.0005674044772546895,27.80246913580247,29.0,14.930637780103448,signatures/1c86d14b5e74b8fcf07a707c63c50911.sig.gz,GCF_003458705.1 Eubacterium sp. AF22-9 strain=AF22-9 ASM345870v1,1c86d14b5e74b8fcf07a707c63c50911,0.36792792792792794,81000,312,273652000,/nfs3_ib/nfs-ip34/home/def-ilafores/analysis/MethodsComparison/Feces_RA/preproc/SRR5091502/SRR5091502_unmatched_2.fastq,SRR5091502,0ff6e9e70ddf33d9c9c42baf7a71b92d,498188000,31,DNA,1000,498188,true,0.8189897512660943,0.9682607935548745,0.8936252724104844,0.9682607935548745,2252,2720559,3968950
105000,0.0002107638080403382,0.0386286817962337,0.0001605819489831148,0.00003451794555235012,1.7125,1.0,1.1639775556255367,signatures/2bf57d8773337e2549d038cd72224baa.sig.gz,"GCA_934875375.1 uncultured bacterium, MTG243_bin.11.fa",2bf57d8773337e2549d038cd72224baa,0.050700144857556736,80000,313,273572000,/nfs3_ib/nfs-ip34/home/def-ilafores/analysis/MethodsComparison/Feces_RA/preproc/SRR5091502/SRR5091502_unmatched_2.fastq,SRR5091502,0ff6e9e70ddf33d9c9c42baf7a71b92d,498188000,31,DNA,1000,498188,true,0.7610492729103588,0.9082932845074566,0.8346712787089077,0.9082932845074566,137,2720696,3968950
326000,0.0006543714421061929,0.024457352491592785,0.0001605819489831148,0.000051147028811146526,2.5375,1.0,5.027284928268935,signatures/888d5c9074f0eba4fb60a0b7f12b8960.sig.gz,"GCF_900120195.1 Blautia sp. Marseille-P3087 strain=Marseille-P3087, PRJEB18016",888d5c9074f0eba4fb60a0b7f12b8960,0.0996637114032406,80000,314,273492000,/nfs3_ib/nfs-ip34/home/def-ilafores/analysis/MethodsComparison/Feces_RA/preproc/SRR5091502/SRR5091502_unmatched_2.fastq,SRR5091502,0ff6e9e70ddf33d9c9c42baf7a71b92d,498188000,31,DNA,1000,498188,true,0.7893773413599403,0.9283136656855013,0.8588455035227208,0.9283136656855013,203,2720899,3968950
233000,0.00046769492641332187,0.01571513825343147,0.00015857467462082587,0.00005543027752932136,2.7848101265822787,1.0,6.070620025631126,signatures/47c511d252840e64594a3b5a44dc0d20.sig.gz,"GCF_003363715.1 Parabacteroides acidifaciens strain=426-9, ASM336371v1",47c511d252840e64594a3b5a44dc0d20,0.04634971155758902,79000,315,273413000,/nfs3_ib/nfs-ip34/home/def-ilafores/analysis/MethodsComparison/Feces_RA/preproc/SRR5091502/SRR5091502_unmatched_2.fastq,SRR5091502,0ff6e9e70ddf33d9c9c42baf7a71b92d,498188000,31,DNA,1000,498188,true,0.7808712630681071,0.9056684924578579,0.8432698777629825,0.9056684924578579,220,2721119,3968950
97000,0.0001947056131420267,0.03436123348017621,0.00015656740025853693,0.00003199838748283551,1.6282051282051282,1.0,1.7694630096551343,signatures/92230a5910db0f84215ceca80c26a6fc.sig.gz,"GCA_900553315.1 uncultured Clostridiales bacterium, UMGS1600",92230a5910db0f84215ceca80c26a6fc,0.042731277533039645,78000,316,273335000,/nfs3_ib/nfs-ip34/home/def-ilafores/analysis/MethodsComparison/Feces_RA/preproc/SRR5091502/SRR5091502_unmatched_2.fastq,SRR5091502,0ff6e9e70ddf33d9c9c42baf7a71b92d,498188000,31,DNA,1000,498188,true,0.7591061874355371,0.9032968841345105,0.8312015357850238,0.9032968841345105,127,2721246,3968950
352000,0.0007065605755257052,0.02276707530647986,0.00015656740025853693,0.00006979175852555462,3.551282051282051,2.0,5.28094648640203,signatures/906bdc24ee9fe544de890358285baa26.sig.gz,GCF_021204515.1 Alistipes sp. ASM2120451v1,906bdc24ee9fe544de890358285baa26,0.10274372446001168,78000,317,273257000,/nfs3_ib/nfs-ip34/home/def-ilafores/analysis/MethodsComparison/Feces_RA/preproc/SRR5091502/SRR5091502_unmatched_2.fastq,SRR5091502,0ff6e9e70ddf33d9c9c42baf7a71b92d,498188000,31,DNA,1000,498188,true,0.791333694479819,0.929225541882208,0.8602796181810135,0.929225541882208,277,2721523,3968950
446000,0.0008952443655808651,0.02515517804639007,0.000154560125896248,0.0000410687965330881,2.116883116883117,1.0,3.0193059578084864,signatures/b4eb8ad688ad5c450d509afd79a0f910.sig.gz,"GCA_902781225.1 uncultured Lachnospiraceae bacterium, Rumen uncultured genome RUG12649",b4eb8ad688ad5c450d509afd79a0f910,0.14570401829467494,77000,318,273180000,/nfs3_ib/nfs-ip34/home/def-ilafores/analysis/MethodsComparison/Feces_RA/preproc/SRR5091502/SRR5091502_unmatched_2.fastq,SRR5091502,0ff6e9e70ddf33d9c9c42baf7a71b92d,498188000,31,DNA,1000,498188,true,0.797398722162211,0.9397562237650181,0.8685774729636145,0.9397562237650181,163,2721686,3968950
246000,0.0004937894931230781,0.016720955483170468,0.000154560125896248,0.000037541415235767644,1.9350649350649352,1.0,2.999297157225652,signatures/a63a81f7bc7c333dc06b5ea16a429445.sig.gz,"GCF_900086585.1 Emergencia timonensis strain=SN18, PRJEB13931",a63a81f7bc7c333dc06b5ea16a429445,0.053420195439739415,77000,319,273103000,/nfs3_ib/nfs-ip34/home/def-ilafores/analysis/MethodsComparison/Feces_RA/preproc/SRR5091502/SRR5091502_unmatched_2.fastq,SRR5091502,0ff6e9e70ddf33d9c9c42baf7a71b92d,498188000,31,DNA,1000,498188,true,0.7822400713057276,0.9098257854613988,0.8460329283835633,0.9098257854613988,149,2721835,3968950
1877000,0.0037676539780163313,0.011629663192871167,0.000154560125896248,0.0001489058819083133,7.675324675324675,3.0,26.923866474441343,signatures/f26979452f4db0c26723e6d30f523075.sig.gz,"GCF_902364365.1 Bacteroides intestinalis, MGYG-HGUT-00211",f26979452f4db0c26723e6d30f523075,0.28349191964959974,77000,320,273026000,/nfs3_ib/nfs-ip34/home/def-ilafores/analysis/MethodsComparison/Feces_RA/preproc/SRR5091502/SRR5091502_unmatched_2.fastq,SRR5091502,0ff6e9e70ddf33d9c9c42baf7a71b92d,498188000,31,DNA,1000,498188,true,0.8352351103702782,0.9601520689758236,0.8976935896730509,0.9601520689758236,591,2722426,3968950
508000,0.001019695376042779,0.018830525272547076,0.00015255285153395907,0.0000763426095062926,3.986842105263158,2.0,7.413525017533533,signatures/dd362ff77f4bcc80ca1e3387a9b01f6e.sig.gz,"GCF_013304735.1 Blautia luti strain=MSK.16.34, ASM1330473v1",dd362ff77f4bcc80ca1e3387a9b01f6e,0.12586719524281467,76000,321,272950000,/nfs3_ib/nfs-ip34/home/def-ilafores/analysis/MethodsComparison/Feces_RA/preproc/SRR5091502/SRR5091502_unmatched_2.fastq,SRR5091502,0ff6e9e70ddf33d9c9c42baf7a71b92d,498188000,31,DNA,1000,498188,true,0.8007538709394568,0.9353301225123377,0.8680419967258972,0.9353301225123377,303,2722729,3968950
204000,0.0004094839699069428,0.023735165521549032,0.00015255285153395907,0.000040060973305282256,2.0921052631578947,1.0,1.857967420674563,signatures/e61bfab064156e4b85b4c573bfa9e6eb.sig.gz,"GCF_900106785.1 Prevotellamassilia timonensis strain=Marseille-P2831, PRJEB16531",e61bfab064156e4b85b4c573bfa9e6eb,0.0637101811367895,76000,322,272874000,/nfs3_ib/nfs-ip34/home/def-ilafores/analysis/MethodsComparison/Feces_RA/preproc/SRR5091502/SRR5091502_unmatched_2.fastq,SRR5091502,0ff6e9e70ddf33d9c9c42baf7a71b92d,498188000,31,DNA,1000,498188,true,0.7775302950457139,0.9150105292073962,0.8462704121265551,0.9150105292073962,159,2722888,3968950
111000,0.0002228074542140718,0.013251961639058413,0.00015255285153395907,0.000027211227150757758,1.4210526315789473,1.0,0.7302335223953478,signatures/6ca7f3ee4353dba45c31a2c25d03745e.sig.gz,"GCF_019042275.1 Diplocloster agilis strain=ASD5720, ASM1904227v1",6ca7f3ee4353dba45c31a2c25d03745e,0.01935483870967742,76000,323,272798000,/nfs3_ib/nfs-ip34/home/def-ilafores/analysis/MethodsComparison/Feces_RA/preproc/SRR5091502/SRR5091502_unmatched_2.fastq,SRR5091502,0ff6e9e70ddf33d9c9c42baf7a71b92d,498188000,31,DNA,1000,498188,true,0.7624147349343262,0.8805117321490513,0.8214632335416887,0.8805117321490513,108,2722996,3968950
313000,0.0006282768753964366,0.026508545517963028,0.00015255285153395907,0.0004860227516093677,25.38157894736842,4.0,32.14153203749708,signatures/8e501eec9371799ddb40f724f45122ba.sig.gz,"GCA_002633275.1 Bacteroidales bacterium Phil12, ASM263327v1",8e501eec9371799ddb40f724f45122ba,0.10917335193582142,76000,324,272722000,/nfs3_ib/nfs-ip34/home/def-ilafores/analysis/MethodsComparison/Feces_RA/preproc/SRR5091502/SRR5091502_unmatched_2.fastq,SRR5091502,0ff6e9e70ddf33d9c9c42baf7a71b92d,498188000,31,DNA,1000,498188,true,0.7883417930646635,0.9310467847517839,0.8596942889082237,0.9310467847517839,1929,2724925,3968950
386000,0.000774807903843529,0.022775584573337383,0.00015054557717167013,0.0001609997606419834,8.52,4.0,9.868954689665298,signatures/ad88132eb529dcc3d2bfa18338979035.sig.gz,"GCF_018784445.1 Gemmiger formicilis strain=MCC627, ASM1878444v1",ad88132eb529dcc3d2bfa18338979035,0.11721834193744306,75000,325,272647000,/nfs3_ib/nfs-ip34/home/def-ilafores/analysis/MethodsComparison/Feces_RA/preproc/SRR5091502/SRR5091502_unmatched_2.fastq,SRR5091502,0ff6e9e70ddf33d9c9c42baf7a71b92d,498188000,31,DNA,1000,498188,true,0.7936909361027632,0.933184677312005,0.8634378067073841,0.933184677312005,639,2725564,3968950
153000,0.0003071129774302071,0.02871362940275651,0.00015054557717167013,0.0000352738129732045,1.8666666666666667,1.0,1.906713286143346,signatures/09a733b1bc16d57b28af752939010678.sig.gz,"GCF_000153925.1 [Ruminococcus] torques ATCC 27756 strain=ATCC 27756, ASM15392v1",09a733b1bc16d57b28af752939010678,0.05857580398162328,75000,326,272572000,/nfs3_ib/nfs-ip34/home/def-ilafores/analysis/MethodsComparison/Feces_RA/preproc/SRR5091502/SRR5091502_unmatched_2.fastq,SRR5091502,0ff6e9e70ddf33d9c9c42baf7a71b92d,498188000,31,DNA,1000,498188,true,0.7703481389154081,0.9125338346639174,0.8414409867896627,0.9125338346639174,140,2725704,3968950
77000,0.000154560125896248,0.04865220249835635,0.0001485383028093812,0.0000352738129732045,1.8918918918918919,1.0,1.820065098090068,signatures/4db2a05ac4d3b408a9cf6843913377eb.sig.gz,"GCA_934845495.1 uncultured bacterium, MTG234_bin.3.fa",4db2a05ac4d3b408a9cf6843913377eb,0.05062458908612755,74000,327,272498000,/nfs3_ib/nfs-ip34/home/def-ilafores/analysis/MethodsComparison/Feces_RA/preproc/SRR5091502/SRR5091502_unmatched_2.fastq,SRR5091502,0ff6e9e70ddf33d9c9c42baf7a71b92d,498188000,31,DNA,1000,498188,true,0.7534729404883305,0.9082495890579854,0.8308612647731579,0.9082495890579854,140,2725844,3968950
517000,0.0010377608453033794,0.033080017881090745,0.0001485383028093812,0.00004610791267211731,2.472972972972973,2.0,1.6783435605911106,signatures/0a1c55811a75bf97bcc40c56360ad197.sig.gz,GCF_934330165.1 uncultured Mediterraneibacter sp. ERR7738201_bin.85,0a1c55811a75bf97bcc40c56360ad197,0.23111309789897183,74000,328,272424000,/nfs3_ib/nfs-ip34/home/def-ilafores/analysis/MethodsComparison/Feces_RA/preproc/SRR5091502/SRR5091502_unmatched_2.fastq,SRR5091502,0ff6e9e70ddf33d9c9c42baf7a71b92d,498188000,31,DNA,1000,498188,true,0.8012076246329524,0.9538458874888129,0.8775267560608826,0.9538458874888129,183,2726027,3968950
269000,0.0005399568034557236,0.019240906694781235,0.00014653102844709227,0.00004988724977638922,2.712328767123288,1.0,5.643469864461957,signatures/7cd4b3339789e10ae81fb36d32edd892.sig.gz,"GCF_020686945.1 Fusicatenibacter sp. CLA-AA-H277 strain=CLA-AA-H277, ASM2068694v1",7cd4b3339789e10ae81fb36d32edd892,0.07090142329994728,73000,329,272351000,/nfs3_ib/nfs-ip34/home/def-ilafores/analysis/MethodsComparison/Feces_RA/preproc/SRR5091502/SRR5091502_unmatched_2.fastq,SRR5091502,0ff6e9e70ddf33d9c9c42baf7a71b92d,498188000,31,DNA,1000,498188,true,0.7844986966144208,0.9181726525987873,0.8513356746066041,0.9181726525987873,198,2726225,3968950
90000,0.00018065469260600416,0.021765056648777578,0.00014653102844709227,0.00003199838748283551,1.7397260273972603,1.0,2.335124280288111,signatures/291e68c00c79fc78c6a795fcc0b4b014.sig.gz,GCF_030296935.1 Coprobacter fastidiosus strain=JCM 33896 ASM3029693v1,291e68c00c79fc78c6a795fcc0b4b014,0.026833631484794274,73000,330,272278000,/nfs3_ib/nfs-ip34/home/def-ilafores/analysis/MethodsComparison/Feces_RA/preproc/SRR5091502/SRR5091502_unmatched_2.fastq,SRR5091502,0ff6e9e70ddf33d9c9c42baf7a71b92d,498188000,31,DNA,1000,498188,true,0.7572742709071013,0.8898406477634653,0.8235574593352832,0.8898406477634653,127,2726352,3968950
1374000,0.002757994973784997,0.018784242108009393,0.00014452375408480333,0.00004031292911223371,2.2222222222222223,2.0,1.5742919239227506,signatures/25193ca20fa965045f4893947deacea0.sig.gz,"GCF_019127135.1 Prevotella copri strain=MSK.21.95, ASM1912713v1",25193ca20fa965045f4893947deacea0,0.3584659535611792,72000,331,272206000,/nfs3_ib/nfs-ip34/home/def-ilafores/analysis/MethodsComparison/Feces_RA/preproc/SRR5091502/SRR5091502_unmatched_2.fastq,SRR5091502,0ff6e9e70ddf33d9c9c42baf7a71b92d,498188000,31,DNA,1000,498188,true,0.8268724058964704,0.9674473782891988,0.8971598920928345,0.9674473782891988,160,2726512,3968950
830000,0.0016660377206998162,0.029887920298879204,0.00014452375408480333,0.00019728139684299374,10.875,9.5,7.470195408718867,signatures/60a9e9ca89a21d914fa4e444179f1b5d.sig.gz,"GCA_934503275.1 uncultured Faecalibacterium sp., ERR7745836_bin.91",60a9e9ca89a21d914fa4e444179f1b5d,0.34454130344541306,72000,332,272134000,/nfs3_ib/nfs-ip34/home/def-ilafores/analysis/MethodsComparison/Feces_RA/preproc/SRR5091502/SRR5091502_unmatched_2.fastq,SRR5091502,0ff6e9e70ddf33d9c9c42baf7a71b92d,498188000,31,DNA,1000,498188,true,0.8135362888924539,0.9662117169880885,0.8898740029402712,0.9662117169880885,783,2727295,3968950
346000,0.0006945169293519715,0.022367194780987885,0.00014452375408480333,0.000039557061691379335,2.1805555555555554,2.0,1.7898354121173086,signatures/530dbc306b54ca183856aaf81e7b3c04.sig.gz,GCF_934309345.1 uncultured Mediterraneibacter sp. ERR7738595_bin.190,530dbc306b54ca183856aaf81e7b3c04,0.10748679714196956,72000,333,272062000,/nfs3_ib/nfs-ip34/home/def-ilafores/analysis/MethodsComparison/Feces_RA/preproc/SRR5091502/SRR5091502_unmatched_2.fastq,SRR5091502,0ff6e9e70ddf33d9c9c42baf7a71b92d,498188000,31,DNA,1000,498188,true,0.790894947578795,0.9305793070025535,0.8607371272906743,0.9305793070025535,157,2727452,3968950
101000,0.00020273471059118245,0.01223865374808771,0.00014452375408480333,0.00002771513876466068,1.5277777777777777,1.0,0.8814795362568018,signatures/6f179ba2eb966238db6b6863c042d7ec.sig.gz,"GCF_002899675.1 Clostridium sp. chh4-2 strain=chh4-2, ASM289967v1",6f179ba2eb966238db6b6863c042d7ec,0.01716811150773415,72000,334,271990000,/nfs3_ib/nfs-ip34/home/def-ilafores/analysis/MethodsComparison/Feces_RA/preproc/SRR5091502/SRR5091502_unmatched_2.fastq,SRR5091502,0ff6e9e70ddf33d9c9c42baf7a71b92d,498188000,31,DNA,1000,498188,true,0.7600963529937246,0.8771130352386365,0.8186046941161805,0.8771130352386365,110,2727562,3968950
295000,0.0005921459368752359,0.030008453085376162,0.0001425164797225144,0.000028974917799417982,1.619718309859155,1.0,1.1304517006096402,signatures/e3b09fed1f34dc72d53a6ae871e87dd0.sig.gz,"GCF_003465825.1 Collinsella sp. AF02-46-1 strain=AF02-46-1, ASM346582v1",e3b09fed1f34dc72d53a6ae871e87dd0,0.12468300929839392,71000,335,271919000,/nfs3_ib/nfs-ip34/home/def-ilafores/analysis/MethodsComparison/Feces_RA/preproc/SRR5091502/SRR5091502_unmatched_2.fastq,SRR5091502,0ff6e9e70ddf33d9c9c42baf7a71b92d,498188000,31,DNA,1000,498188,true,0.7868370446347317,0.9350449580614498,0.8609410013480907,0.9350449580614498,115,2727677,3968950
458000,0.0009193316579283323,0.020925434718538166,0.0001425164797225144,0.00019350205973872183,10.816901408450704,11.0,6.778819248123556,signatures/aaf64c896b57b54ab4fa83cb430314d8.sig.gz,"GCA_900772845.1 Lachnospiraceae bacterium, SRS883029_98",aaf64c896b57b54ab4fa83cb430314d8,0.13498379015620396,71000,336,271848000,/nfs3_ib/nfs-ip34/home/def-ilafores/analysis/MethodsComparison/Feces_RA/preproc/SRR5091502/SRR5091502_unmatched_2.fastq,SRR5091502,0ff6e9e70ddf33d9c9c42baf7a71b92d,498188000,31,DNA,1000,498188,true,0.7980819540923221,0.9374423477786415,0.8677621509354818,0.9374423477786415,768,2728445,3968950
384000,0.000770793355118951,0.024630541871921183,0.00014050920536022547,0.00004258053137479686,2.414285714285714,1.0,3.6664223789989725,signatures/2e1846f271e5a6c1736e89d400b10289.sig.gz,GCF_025150085.1 Dorea longicatena strain=DSM 13814 ASM2515008v1,2e1846f271e5a6c1736e89d400b10289,0.13511611541168192,70000,337,271778000,/nfs3_ib/nfs-ip34/home/def-ilafores/analysis/MethodsComparison/Feces_RA/preproc/SRR5091502/SRR5091502_unmatched_2.fastq,SRR5091502,0ff6e9e70ddf33d9c9c42baf7a71b92d,498188000,31,DNA,1000,498188,true,0.7935579446954271,0.9374719782170401,0.8655149614562336,0.9374719782170401,169,2728614,3968950
308000,0.000618240503584992,0.01929969671905156,0.00014050920536022547,0.000039557061691379335,2.242857142857143,2.0,1.870337740972502,signatures/30261a1b36bb7ea826d90dbce7b10368.sig.gz,"GCA_934292725.1 uncultured Lachnospiraceae bacterium, ERR7738588_bin.131",30261a1b36bb7ea826d90dbce7b10368,0.08491866556382685,70000,338,271708000,/nfs3_ib/nfs-ip34/home/def-ilafores/analysis/MethodsComparison/Feces_RA/preproc/SRR5091502/SRR5091502_unmatched_2.fastq,SRR5091502,0ff6e9e70ddf33d9c9c42baf7a71b92d,498188000,31,DNA,1000,498188,true,0.7879323836302571,0.9235315039023402,0.8557319437662987,0.9235315039023402,157,2728771,3968950
679000,0.001362939291994187,0.029523407844791228,0.00014050920536022547,0.00010430970407790474,5.914285714285715,6.0,2.87721520692123,signatures/67db9c9639d1896246e0d0a0450cf29e.sig.gz,"GCA_934322085.1 uncultured Eubacterium sp., ERR7738664_bin.12",67db9c9639d1896246e0d0a0450cf29e,0.2863770560944749,70000,339,271638000,/nfs3_ib/nfs-ip34/home/def-ilafores/analysis/MethodsComparison/Feces_RA/preproc/SRR5091502/SRR5091502_unmatched_2.fastq,SRR5091502,0ff6e9e70ddf33d9c9c42baf7a71b92d,498188000,31,DNA,1000,498188,true,0.8082835839134563,0.9604657399314908,0.8843746619224735,0.9604657399314908,414,2729185,3968950
409000,0.0008209752141761745,0.03631578947368421,0.00013850193099793653,0.00005316267526675821,3.0579710144927534,3.0,1.8248212774987072,signatures/409558edfa51ee98e378b8918dc34ef8.sig.gz,"GCA_900552015.1 uncultured Clostridiales bacterium, UMGS1455",409558edfa51ee98e378b8918dc34ef8,0.21526315789473685,69000,340,271569000,/nfs3_ib/nfs-ip34/home/def-ilafores/analysis/MethodsComparison/Feces_RA/preproc/SRR5091502/SRR5091502_unmatched_2.fastq,SRR5091502,0ff6e9e70ddf33d9c9c42baf7a71b92d,498188000,31,DNA,1000,498188,true,0.7951741613979506,0.9516623627869994,0.8734182620924751,0.9516623627869994,211,2729396,3968950
75000,0.00015054557717167013,0.020232073787563226,0.00013649465663564757,0.000022927978432582926,1.338235294117647,1.0,0.5843622495972214,signatures/99e65f8593549ca8e3e843eee40eeb60.sig.gz,"GCF_000210055.1 Gordonibacter pamelaeae 7-10-1-b strain=7-10-1-bT, ASM21005v1",99e65f8593549ca8e3e843eee40eeb60,0.022314787265694733,68000,341,271501000,/nfs3_ib/nfs-ip34/home/def-ilafores/analysis/MethodsComparison/Feces_RA/preproc/SRR5091502/SRR5091502_unmatched_2.fastq,SRR5091502,0ff6e9e70ddf33d9c9c42baf7a71b92d,498188000,31,DNA,1000,498188,true,0.7528335545194801,0.8845630588993406,0.8186983067094104,0.8845630588993406,91,2729487,3968950
196000,0.00039342577500863125,0.026459143968871595,0.00013649465663564757,0.00004585595686516585,2.676470588235294,2.0,2.089477675166045,signatures/b185c78cb244679521d618c28f9f8cce.sig.gz,"GCA_019420945.1 Clostridiales bacterium, ASM1942094v1",b185c78cb244679521d618c28f9f8cce,0.07626459143968872,68000,342,271433000,/nfs3_ib/nfs-ip34/home/def-ilafores/analysis/MethodsComparison/Feces_RA/preproc/SRR5091502/SRR5091502_unmatched_2.fastq,SRR5091502,0ff6e9e70ddf33d9c9c42baf7a71b92d,498188000,31,DNA,1000,498188,true,0.776527543510031,0.9203349219091304,0.8484312327095807,0.9203349219091304,182,2729669,3968950
776000,0.0015576449051362135,0.012964728312678742,0.00013649465663564757,0.0006903589110470023,40.294117647058826,2.0,51.409274404621655,signatures/bd900aa1b470c647fd1600f92d2d24ad.sig.gz,"GCF_024622025.1 Phocaeicola sartorii strain=DSM 21941, ASM2462202v1",bd900aa1b470c647fd1600f92d2d24ad,0.14795042897998092,68000,343,271365000,/nfs3_ib/nfs-ip34/home/def-ilafores/analysis/MethodsComparison/Feces_RA/preproc/SRR5091502/SRR5091502_unmatched_2.fastq,SRR5091502,0ff6e9e70ddf33d9c9c42baf7a71b92d,498188000,31,DNA,1000,498188,true,0.8117727459032468,0.9402201529937894,0.8759964494485181,0.9402201529937894,2740,2732409,3968950
288000,0.0005780950163392133,0.012420091324200914,0.00013649465663564757,0.000026203403922951913,1.5294117647058822,1.0,1.1816064368588628,signatures/3fde5d6132eab8e75134873a4948d4d9.sig.gz,"GCF_020525925.1 Klebsiella quasipneumoniae subsp. quasipneumoniae strain=01A030T, ASM2052592v1",3fde5d6132eab8e75134873a4948d4d9,0.0526027397260274,68000,344,271297000,/nfs3_ib/nfs-ip34/home/def-ilafores/analysis/MethodsComparison/Feces_RA/preproc/SRR5091502/SRR5091502_unmatched_2.fastq,SRR5091502,0ff6e9e70ddf33d9c9c42baf7a71b92d,498188000,31,DNA,1000,498188,true,0.7862277389226577,0.909373313631392,0.8478005262770248,0.909373313631392,104,2732513,3968950
670000,0.0013448738227335865,0.0168944099378882,0.00013649465663564757,0.000371886771060356,21.705882352941178,6.0,45.203480742972395,signatures/521ce3c2ee639c97c11cb3a9863fa803.sig.gz,"GCF_018390535.1 Bacteroides sp. NSJ-90 strain=NSJ-90, ASM1839053v1",521ce3c2ee639c97c11cb3a9863fa803,0.16645962732919253,68000,345,271229000,/nfs3_ib/nfs-ip34/home/def-ilafores/analysis/MethodsComparison/Feces_RA/preproc/SRR5091502/SRR5091502_unmatched_2.fastq,SRR5091502,0ff6e9e70ddf33d9c9c42baf7a71b92d,498188000,31,DNA,1000,498188,true,0.8079357470552001,0.9438020858891347,0.8758689164721674,0.9438020858891347,1476,2733989,3968950
663000,0.001330822902197564,0.02666666666666667,0.00013649465663564757,0.00003779337104271911,2.2058823529411766,2.0,1.430331343033862,signatures/30722b2c2fd9cb373ad391f527e6453d.sig.gz,"GCA_002492145.1 Sutterellaceae bacterium UBA7131, ASM249214v1",30722b2c2fd9cb373ad391f527e6453d,0.26,68000,346,271161000,/nfs3_ib/nfs-ip34/home/def-ilafores/analysis/MethodsComparison/Feces_RA/preproc/SRR5091502/SRR5091502_unmatched_2.fastq,SRR5091502,0ff6e9e70ddf33d9c9c42baf7a71b92d,498188000,31,DNA,1000,498188,true,0.807662066815485,0.957476607874458,0.8825693373449714,0.957476607874458,150,2734139,3968950
70000,0.00014050920536022547,0.02526395173453997,0.00013448738227335864,0.00002519558069514607,1.492537313432836,1.0,0.8529690783420627,signatures/eedc8f21f90326f9379ba59e8e3164e0.sig.gz,"GCA_934647945.1 uncultured Eubacteriales bacterium, ERR7738665_bin.322",eedc8f21f90326f9379ba59e8e3164e0,0.026395173453996983,67000,347,271094000,/nfs3_ib/nfs-ip34/home/def-ilafores/analysis/MethodsComparison/Feces_RA/preproc/SRR5091502/SRR5091502_unmatched_2.fastq,SRR5091502,0ff6e9e70ddf33d9c9c42baf7a71b92d,498188000,31,DNA,1000,498188,true,0.7511599289341483,0.889367870827901,0.8202638998810247,0.889367870827901,100,2734239,3968950
698000,0.0014010775048776767,0.02646129541864139,0.00013448738227335864,0.00003602968039405888,2.1343283582089554,2.0,1.5443254083281,signatures/5de087f5a9a17c161f71764fddd2d36f.sig.gz,GCA_958454115.1 Blautia wexlerae SRR18940294_bin.27_MetaWRAP_v1.3_MAG,5de087f5a9a17c161f71764fddd2d36f,0.27567140600315954,67000,348,271027000,/nfs3_ib/nfs-ip34/home/def-ilafores/analysis/MethodsComparison/Feces_RA/preproc/SRR5091502/SRR5091502_unmatched_2.fastq,SRR5091502,0ff6e9e70ddf33d9c9c42baf7a71b92d,498188000,31,DNA,1000,498188,true,0.8090034846468022,0.9592860302615392,0.8841447574541708,0.9592860302615392,143,2734382,3968950
487000,0.0009775426144347113,0.02045877247365158,0.0001324801079110697,0.0000410687965330881,2.4696969696969697,2.0,2.5119091916230802,signatures/ee3ee74bb22a2bc5e87b48390e19918a.sig.gz,"GCA_018223365.1 Clostridiaceae bacterium Marseille-Q4145 strain=Marseille-Q4145, ASM1822336v1",ee3ee74bb22a2bc5e87b48390e19918a,0.1509609423434594,66000,349,270961000,/nfs3_ib/nfs-ip34/home/def-ilafores/analysis/MethodsComparison/Feces_RA/preproc/SRR5091502/SRR5091502_unmatched_2.fastq,SRR5091502,0ff6e9e70ddf33d9c9c42baf7a71b92d,498188000,31,DNA,1000,498188,true,0.7996641071544917,0.940831308565569,0.8702477078600304,0.940831308565569,163,2734545,3968950
76000,0.00015255285153395907,0.030826716487622606,0.0001324801079110697,0.00003199838748283551,1.9242424242424243,2.0,1.3062855743812483,signatures/ca00d6825ab958a4451285bec646a754.sig.gz,"GCA_900761075.1 Christensenellaceae bacterium, SRS042628_64",ca00d6825ab958a4451285bec646a754,0.03549743110695937,66000,350,270895000,/nfs3_ib/nfs-ip34/home/def-ilafores/analysis/MethodsComparison/Feces_RA/preproc/SRR5091502/SRR5091502_unmatched_2.fastq,SRR5091502,0ff6e9e70ddf33d9c9c42baf7a71b92d,498188000,31,DNA,1000,498188,true,0.7531552829603182,0.8979086572695162,0.8255319701149172,0.8979086572695162,127,2734672,3968950
175000,0.00035127301340056363,0.025631067961165047,0.0001324801079110697,0.00002771513876466068,1.6666666666666667,1.0,1.2831463854387959,signatures/7c79046077fab5f8e1d2b5c35f52c42c.sig.gz,GCF_025567415.1 Dorea ammoniilytica strain=Sanger_02 ASM2556741v1,7c79046077fab5f8e1d2b5c35f52c42c,0.06796116504854369,66000,351,270829000,/nfs3_ib/nfs-ip34/home/def-ilafores/analysis/MethodsComparison/Feces_RA/preproc/SRR5091502/SRR5091502_unmatched_2.fastq,SRR5091502,0ff6e9e70ddf33d9c9c42baf7a71b92d,498188000,31,DNA,1000,498188,true,0.7736939247154186,0.9169190463563763,0.8453064855358975,0.9169190463563763,110,2734782,3968950
363000,0.0007286405935108835,0.026916802610114192,0.0001324801079110697,0.0002320512982022953,13.954545454545455,13.0,8.596038231548121,signatures/28c3e2e5f4279d6d083ab85ab55e37f0.sig.gz,"GCA_002474415.1 Lachnospiraceae bacterium UBA7598, ASM247441v1",28c3e2e5f4279d6d083ab85ab55e37f0,0.14804241435562807,66000,352,270763000,/nfs3_ib/nfs-ip34/home/def-ilafores/analysis/MethodsComparison/Feces_RA/preproc/SRR5091502/SRR5091502_unmatched_2.fastq,SRR5091502,0ff6e9e70ddf33d9c9c42baf7a71b92d,498188000,31,DNA,1000,498188,true,0.7921195893179306,0.9402390042285104,0.8661792967732205,0.9402390042285104,921,2735703,3968950
471000,0.0009454262246380885,0.01453104359313078,0.0001324801079110697,0.000026455359729903373,1.5909090909090908,1.0,0.8699925587851872,signatures/38d496bbf253b84b1d5c7263cc0903fc.sig.gz,"GCF_002965065.1 Escherichia sp. MOD1-EC7003 strain=MOD1-EC7003, ASM296506v1",38d496bbf253b84b1d5c7263cc0903fc,0.1036988110964333,66000,353,270697000,/nfs3_ib/nfs-ip34/home/def-ilafores/analysis/MethodsComparison/Feces_RA/preproc/SRR5091502/SRR5091502_unmatched_2.fastq,SRR5091502,0ff6e9e70ddf33d9c9c42baf7a71b92d,498188000,31,DNA,1000,498188,true,0.7988028421834678,0.929502938357756,0.8641528902706119,0.929502938357756,105,2735808,3968950
505000,0.0010136735529559123,0.032696177062374245,0.00013047283354878077,0.00003779337104271911,2.3076923076923075,2.0,1.90483657221923,signatures/7577f3031d4c4c66ae6744b26fd08181.sig.gz,GCF_959020145.1 uncultured Bifidobacterium sp. ERR10149223_bin.5_MetaWRAP_v1.3_MAG,7577f3031d4c4c66ae6744b26fd08181,0.2540241448692153,65000,354,270632000,/nfs3_ib/nfs-ip34/home/def-ilafores/analysis/MethodsComparison/Feces_RA/preproc/SRR5091502/SRR5091502_unmatched_2.fastq,SRR5091502,0ff6e9e70ddf33d9c9c42baf7a71b92d,498188000,31,DNA,1000,498188,true,0.8006008894309631,0.9567586983483664,0.8786797938896647,0.9567586983483664,150,2735958,3968950
900000,0.0018065469260600416,0.017089452603471295,0.00012846555918649184,0.00027664747603270385,17.15625,3.0,34.824658446817544,signatures/f90573804ef6f967c063a5e756c80b57.sig.gz,GCA_947038155.1 uncultured Bacteroides sp. ERR8099095_bin.2_metawrap_v1.3_MAG,f90573804ef6f967c063a5e756c80b57,0.24032042723631508,64000,355,270568000,/nfs3_ib/nfs-ip34/home/def-ilafores/analysis/MethodsComparison/Feces_RA/preproc/SRR5091502/SRR5091502_unmatched_2.fastq,SRR5091502,0ff6e9e70ddf33d9c9c42baf7a71b92d,498188000,31,DNA,1000,498188,true,0.8156639460005968,0.9550486742298941,0.8853563101152455,0.9550486742298941,1098,2737056,3968950
156000,0.00031313480051707387,0.022107081174438686,0.00012846555918649184,0.000026455359729903373,1.640625,1.0,1.1774865644137942,signatures/8ac40930d9d76ec404ee8c7d650add64.sig.gz,GCF_025567315.1 Agathobaculum ammoniilyticum strain=Sanger_34 ASM2556731v1,8ac40930d9d76ec404ee8c7d650add64,0.0538860103626943,64000,356,270504000,/nfs3_ib/nfs-ip34/home/def-ilafores/analysis/MethodsComparison/Feces_RA/preproc/SRR5091502/SRR5091502_unmatched_2.fastq,SRR5091502,0ff6e9e70ddf33d9c9c42baf7a71b92d,498188000,31,DNA,1000,498188,true,0.7708308283432932,0.9100806319454133,0.8404557301443533,0.9100806319454133,105,2737161,3968950
619000,0.0012425028302568508,0.010433648516465601,0.00012846555918649184,0.00009372756018594339,5.8125,4.0,6.864480588507769,signatures/628d71c42bc2c051f5eac1d458052019.sig.gz,"GCF_900142015.1 Bacteroides stercorirosoris strain=DSM 26884, IMG-taxon 2700988705 annotated assembly",628d71c42bc2c051f5eac1d458052019,0.10091294424519073,64000,357,270440000,/nfs3_ib/nfs-ip34/home/def-ilafores/analysis/MethodsComparison/Feces_RA/preproc/SRR5091502/SRR5091502_unmatched_2.fastq,SRR5091502,0ff6e9e70ddf33d9c9c42baf7a71b92d,498188000,31,DNA,1000,498188,true,0.805874952525348,0.9286867602540597,0.8672808563897039,0.9286867602540597,372,2737533,3968950
202000,0.0004054694211823649,0.018862275449101795,0.0001264582848242029,0.00018770707617883823,11.825396825396826,6.0,12.11523988788263,signatures/05586d372d16a721bb9acde395d2f6bb.sig.gz,GCA_030844625.1 Roseburia sp. ASM3084462v1,05586d372d16a721bb9acde395d2f6bb,0.06047904191616767,63000,358,270377000,/nfs3_ib/nfs-ip34/home/def-ilafores/analysis/MethodsComparison/Feces_RA/preproc/SRR5091502/SRR5091502_unmatched_2.fastq,SRR5091502,0ff6e9e70ddf33d9c9c42baf7a71b92d,498188000,31,DNA,1000,498188,true,0.7772832227302011,0.9134755600622184,0.8453793913962098,0.9134755600622184,745,2738278,3968950
433000,0.0008691497988711089,0.04152933421226104,0.0001264582848242029,0.0000833973721009335,5.253968253968254,5.0,3.8378575950166667,signatures/3fda8f84e76a691e9eb1642a4a2ee4ee.sig.gz,"GCA_900551745.1 uncultured Phascolarctobacterium sp., UMGS1431",3fda8f84e76a691e9eb1642a4a2ee4ee,0.2854317732366513,63000,359,270314000,/nfs3_ib/nfs-ip34/home/def-ilafores/analysis/MethodsComparison/Feces_RA/preproc/SRR5091502/SRR5091502_unmatched_2.fastq,SRR5091502,0ff6e9e70ddf33d9c9c42baf7a71b92d,498188000,31,DNA,1000,498188,true,0.7966381808857057,0.9603633072973228,0.8785007440915142,0.9603633072973228,331,2738609,3968950
147000,0.00029506933125647344,0.021908127208480566,0.00012445101046191397,0.000029730785220272364,1.903225806451613,1.5,1.253507046950029,signatures/62f2edc0f5d9a87973abf66efac5aacb.sig.gz,GCA_958446555.1 uncultured Lachnospiraceae bacterium ERR9607163_bin.11_MetaWRAP_v1.3_MAG,62f2edc0f5d9a87973abf66efac5aacb,0.0519434628975265,62000,360,270252000,/nfs3_ib/nfs-ip34/home/def-ilafores/analysis/MethodsComparison/Feces_RA/preproc/SRR5091502/SRR5091502_unmatched_2.fastq,SRR5091502,0ff6e9e70ddf33d9c9c42baf7a71b92d,498188000,31,DNA,1000,498188,true,0.769354649935969,0.9090034109581108,0.8391790304470399,0.9090034109581108,118,2738727,3968950
82000,0.00016459649770769267,0.013253527148353997,0.00012445101046191397,0.000027211227150757758,1.7419354838709677,1.0,2.070806947832778,signatures/1d173544271fef8a51c6d94810f03490.sig.gz,"GCF_000466485.1 [Clostridium] symbiosum ATCC 14940 strain=ATCC 14940, ASM46648v1",1d173544271fef8a51c6d94810f03490,0.017528858486532708,62000,361,270190000,/nfs3_ib/nfs-ip34/home/def-ilafores/analysis/MethodsComparison/Feces_RA/preproc/SRR5091502/SRR5091502_unmatched_2.fastq,SRR5091502,0ff6e9e70ddf33d9c9c42baf7a71b92d,498188000,31,DNA,1000,498188,true,0.7550036501703719,0.8777016028239684,0.8163526264971701,0.8777016028239684,108,2738835,3968950
251000,0.0005038258649345227,0.0335316387236344,0.00012445101046191397,0.0001672986558157699,10.709677419354838,10.0,5.782027484492407,signatures/eb855216d45b00987adccb2bff88cb94.sig.gz,"GCA_019117135.1 Candidatus Duodenibacillus intestinavium, ASM1911713v1",eb855216d45b00987adccb2bff88cb94,0.1357490535424554,62000,362,270128000,/nfs3_ib/nfs-ip34/home/def-ilafores/analysis/MethodsComparison/Feces_RA/preproc/SRR5091502/SRR5091502_unmatched_2.fastq,SRR5091502,0ff6e9e70ddf33d9c9c42baf7a71b92d,498188000,31,DNA,1000,498188,true,0.7827479705684254,0.9376133192375108,0.8601806449029681,0.9376133192375108,664,2739499,3968950
172000,0.00034525119031369685,0.017260579064587972,0.00012445101046191397,0.00006550850980737978,4.193548387096774,2.0,6.015674980703757,signatures/b3b322c4f9b285ce8bc5b4d266f94fe4.sig.gz,"GCA_001414325.1 Lachnospiraceae bacterium TF01-11 strain=TF01-11, ASM141432v1",b3b322c4f9b285ce8bc5b4d266f94fe4,0.04788418708240535,62000,363,270066000,/nfs3_ib/nfs-ip34/home/def-ilafores/analysis/MethodsComparison/Feces_RA/preproc/SRR5091502/SRR5091502_unmatched_2.fastq,SRR5091502,0ff6e9e70ddf33d9c9c42baf7a71b92d,498188000,31,DNA,1000,498188,true,0.7732624861409965,0.9066205362470927,0.8399415111940446,0.9066205362470927,260,2739759,3968950
456000,0.0009153171092037545,0.01057009183850286,0.00012244373609962504,0.00013252875445646833,8.62295081967213,4.0,18.5332345999096,signatures/491b4aa96e3418874458ad3fce74fb3b.sig.gz,GCA_030844565.1 Bacteroides ovatus ASM3084456v1,491b4aa96e3418874458ad3fce74fb3b,0.07901576849766072,61000,364,270005000,/nfs3_ib/nfs-ip34/home/def-ilafores/analysis/MethodsComparison/Feces_RA/preproc/SRR5091502/SRR5091502_unmatched_2.fastq,SRR5091502,0ff6e9e70ddf33d9c9c42baf7a71b92d,498188000,31,DNA,1000,498188,true,0.7979692941224662,0.9213876347669672,0.8596784644447166,0.9213876347669672,526,2740285,3968950
268000,0.0005379495290934346,0.018490451652015762,0.00012244373609962504,0.000026707315536854837,1.7377049180327868,1.0,1.7452665665555132,signatures/3e682b689eef8f4d4ab760d3a9715911.sig.gz,"GCA_900543885.1 uncultured Clostridium sp., UMGS615",3e682b689eef8f4d4ab760d3a9715911,0.08123673840557745,61000,365,269944000,/nfs3_ib/nfs-ip34/home/def-ilafores/analysis/MethodsComparison/Feces_RA/preproc/SRR5091502/SRR5091502_unmatched_2.fastq,SRR5091502,0ff6e9e70ddf33d9c9c42baf7a71b92d,498188000,31,DNA,1000,498188,true,0.7844044511071598,0.9222119067134468,0.8533081789103033,0.9222119067134468,106,2740391,3968950
376000,0.0007547351602206396,0.020263424518743668,0.00012043646173733611,0.00008138172564532181,5.383333333333334,5.0,3.4932872134360142,signatures/438ea7d12f0ffd967d2b287a055f4f76.sig.gz,GCA_937894705.1 uncultured Lachnospiraceae bacterium SRR1747021_bin.24_CONCOCT_v1.1_MAG,438ea7d12f0ffd967d2b287a055f4f76,0.12698412698412698,60000,366,269884000,/nfs3_ib/nfs-ip34/home/def-ilafores/analysis/MethodsComparison/Feces_RA/preproc/SRR5091502/SRR5091502_unmatched_2.fastq,SRR5091502,0ff6e9e70ddf33d9c9c42baf7a71b92d,498188000,31,DNA,1000,498188,true,0.7930191889480941,0.9355967220171746,0.8643079554826343,0.9355967220171746,323,2740714,3968950
292000,0.0005861241137883691,0.016939420040195233,0.00011842918737504717,0.00005744592398493304,3.864406779661017,2.0,7.16738759849589,signatures/346ae1049608afba46021f24f81a6cae.sig.gz,"GCF_900107675.1 Alistipes timonensis JC136 strain=DSM 25383, IMG-taxon 2693429854 annotated assembly",346ae1049608afba46021f24f81a6cae,0.08383577375825438,59000,367,269825000,/nfs3_ib/nfs-ip34/home/def-ilafores/analysis/MethodsComparison/Feces_RA/preproc/SRR5091502/SRR5091502_unmatched_2.fastq,SRR5091502,0ff6e9e70ddf33d9c9c42baf7a71b92d,498188000,31,DNA,1000,498188,true,0.7865776455510708,0.9231492376646592,0.854863441607865,0.9231492376646592,228,2740942,3968950
202000,0.0004054694211823649,0.020528879610299235,0.00011842918737504717,0.00008994822308167148,6.0508474576271185,3.0,16.448608955469492,signatures/84a47166cf8ff6c357b0d9e56b85612e.sig.gz,"GCF_020709055.1 Ruminococcus callidus strain=MSK.21.81, ASM2070905v1",84a47166cf8ff6c357b0d9e56b85612e,0.07028531663187196,59000,368,269766000,/nfs3_ib/nfs-ip34/home/def-ilafores/analysis/MethodsComparison/Feces_RA/preproc/SRR5091502/SRR5091502_unmatched_2.fastq,SRR5091502,0ff6e9e70ddf33d9c9c42baf7a71b92d,498188000,31,DNA,1000,498188,true,0.7772832227302011,0.9179141908505668,0.847598706790384,0.9179141908505668,357,2741299,3968950
378000,0.0007587497089452175,0.01944627554383652,0.00011842918737504717,0.0004552841431612895,30.627118644067796,34.0,30.357697097337944,signatures/3f1b6b6742bb02b17c4ccf3daec690c6.sig.gz,"GCA_905197435.1 uncultured Bacteroides sp., ERR414351-mag-bin.17",3f1b6b6742bb02b17c4ccf3daec690c6,0.12458800263678313,59000,369,269707000,/nfs3_ib/nfs-ip34/home/def-ilafores/analysis/MethodsComparison/Feces_RA/preproc/SRR5091502/SRR5091502_unmatched_2.fastq,SRR5091502,0ff6e9e70ddf33d9c9c42baf7a71b92d,498188000,31,DNA,1000,498188,true,0.7931549105032948,0.9350219660081667,0.8640884382557308,0.9350219660081667,1807,2743106,3968950
62000,0.00012445101046191397,0.023983739837398373,0.00011842918737504717,0.000022927978432582926,1.5423728813559323,1.0,1.211834775031829,signatures/4fd2aa93936e197efb2b7795110291bc.sig.gz,"GCA_934615635.1 uncultured Eubacteriales bacterium, ERR7738665_bin.208",4fd2aa93936e197efb2b7795110291bc,0.025203252032520326,59000,370,269648000,/nfs3_ib/nfs-ip34/home/def-ilafores/analysis/MethodsComparison/Feces_RA/preproc/SRR5091502/SRR5091502_unmatched_2.fastq,SRR5091502,0ff6e9e70ddf33d9c9c42baf7a71b92d,498188000,31,DNA,1000,498188,true,0.7482249869025172,0.8880431799583569,0.818134083430437,0.8880431799583569,91,2743197,3968950
577000,0.0011581973070407155,0.015583729529846805,0.00011842918737504717,0.00002569949230904899,1.728813559322034,1.0,0.9536816879074711,signatures/42f7d6085de301c1a2403cf343a75638.sig.gz,"GCA_021636625.1 Prevotella sp., ASM2163662v1",42f7d6085de301c1a2403cf343a75638,0.15240359218172214,59000,371,269589000,/nfs3_ib/nfs-ip34/home/def-ilafores/analysis/MethodsComparison/Feces_RA/preproc/SRR5091502/SRR5091502_unmatched_2.fastq,SRR5091502,0ff6e9e70ddf33d9c9c42baf7a71b92d,498188000,31,DNA,1000,498188,true,0.8040504662154383,0.9411200081012382,0.8725852371583382,0.9411200081012382,102,2743299,3968950
430000,0.0008631279757842421,0.02258805513016845,0.00011842918737504717,0.00007483087466458383,5.033898305084746,1.0,6.070116022946435,signatures/5738d7e42dd0c6cc15d94495876c467c.sig.gz,"GCF_003287495.1 Faecalibacterium prausnitzii strain=APC923/61-1, ASM328749v1",5738d7e42dd0c6cc15d94495876c467c,0.16462480857580397,59000,372,269530000,/nfs3_ib/nfs-ip34/home/def-ilafores/analysis/MethodsComparison/Feces_RA/preproc/SRR5091502/SRR5091502_unmatched_2.fastq,SRR5091502,0ff6e9e70ddf33d9c9c42baf7a71b92d,498188000,31,DNA,1000,498188,true,0.7964595350374151,0.9434646972544222,0.8699621161459186,0.9434646972544222,297,2743596,3968950
81000,0.00016258922334540373,0.021796317173994738,0.00011642191301275824,0.00002569949230904899,1.7586206896551724,1.0,1.7351373276426378,signatures/47110158281adb158ae3c95fa9af9cf0.sig.gz,"GCA_900542445.1 uncultured Clostridiales bacterium, UMGS462",47110158281adb158ae3c95fa9af9cf0,0.030439684329199548,58000,373,269472000,/nfs3_ib/nfs-ip34/home/def-ilafores/analysis/MethodsComparison/Feces_RA/preproc/SRR5091502/SRR5091502_unmatched_2.fastq,SRR5091502,0ff6e9e70ddf33d9c9c42baf7a71b92d,498188000,31,DNA,1000,498188,true,0.7547048717331369,0.8934674068546176,0.8240861392938772,0.8934674068546176,102,2743698,3968950
346000,0.0006945169293519715,0.02228198232808298,0.00011642191301275824,0.000025951448116000452,1.7758620689655173,1.0,1.0346264268053447,signatures/51f4c8ab65736a50f935d316ef3ae943.sig.gz,GCF_900766055.1 uncultured Parasutterella sp. SRS294991_82,51f4c8ab65736a50f935d316ef3ae943,0.13292354975028814,58000,374,269414000,/nfs3_ib/nfs-ip34/home/def-ilafores/analysis/MethodsComparison/Feces_RA/preproc/SRR5091502/SRR5091502_unmatched_2.fastq,SRR5091502,0ff6e9e70ddf33d9c9c42baf7a71b92d,498188000,31,DNA,1000,498188,true,0.790894947578795,0.9369773541660444,0.8639361508724197,0.9369773541660444,103,2743801,3968950
731000,0.0014673175588332116,0.012364425162689804,0.00011441463865046931,0.00005265876365285529,3.6666666666666665,2.0,4.83892598397233,signatures/e55bfe44d199f02a0f8c1befd7e6019c.sig.gz,"GCF_014647335.1 Butyricimonas faecihominis strain=JCM 18676, ASM1464733v1",e55bfe44d199f02a0f8c1befd7e6019c,0.15856832971800433,57000,375,269357000,/nfs3_ib/nfs-ip34/home/def-ilafores/analysis/MethodsComparison/Feces_RA/preproc/SRR5091502/SRR5091502_unmatched_2.fastq,SRR5091502,0ff6e9e70ddf33d9c9c42baf7a71b92d,498188000,31,DNA,1000,498188,true,0.8102099121927931,0.9423246040967588,0.8762672581447759,0.9423246040967588,209,2744010,3968950
1749000,0.0035107228596433474,0.008832807570977918,0.00011240736428818036,0.00008289346048703058,5.875,5.0,4.0973096573936685,signatures/8182caaf670814ebbeb9046e1a4982b9.sig.gz,"GCA_902362375.1 Bacteroidaceae bacterium, MGYG-HGUT-00013",8182caaf670814ebbeb9046e1a4982b9,0.2758675078864353,56000,376,269301000,/nfs3_ib/nfs-ip34/home/def-ilafores/analysis/MethodsComparison/Feces_RA/preproc/SRR5091502/SRR5091502_unmatched_2.fastq,SRR5091502,0ff6e9e70ddf33d9c9c42baf7a71b92d,498188000,31,DNA,1000,498188,true,0.8333342726033044,0.9593080355479859,0.8963211540756452,0.9593080355479859,329,2744339,3968950
448000,0.0008992589143054429,0.015225666122892877,0.00011240736428818036,0.000040060973305282256,2.8392857142857144,2.0,2.630703231038408,signatures/c0b7275583c6d00545f71fe5228d88e6.sig.gz,"GCF_003474435.1 Ruminococcus sp. AF46-10NS strain=AF46-10NS, ASM347443v1",c0b7275583c6d00545f71fe5228d88e6,0.12180532898314302,56000,377,269245000,/nfs3_ib/nfs-ip34/home/def-ilafores/analysis/MethodsComparison/Feces_RA/preproc/SRR5091502/SRR5091502_unmatched_2.fastq,SRR5091502,0ff6e9e70ddf33d9c9c42baf7a71b92d,498188000,31,DNA,1000,498188,true,0.7975138203220185,0.9343409086463511,0.8659273644841847,0.9343409086463511,159,2744498,3968950
443000,0.0008892225424939982,0.0123866401238664,0.00011240736428818036,0.0003066302170599277,21.732142857142858,1.5,45.18078410730629,signatures/9a96d8e0de2f121979afa404181989bc.sig.gz,"GCF_013618865.1 Bacteroides sp. AGMB03916 strain=AGMB03916, ASM1361886v1",9a96d8e0de2f121979afa404181989bc,0.09798717097987171,56000,378,269189000,/nfs3_ib/nfs-ip34/home/def-ilafores/analysis/MethodsComparison/Feces_RA/preproc/SRR5091502/SRR5091502_unmatched_2.fastq,SRR5091502,0ff6e9e70ddf33d9c9c42baf7a71b92d,498188000,31,DNA,1000,498188,true,0.7972251349597793,0.9278057754038714,0.8625154551818254,0.9278057754038714,1217,2745715,3968950
183000,0.00036733120829887515,0.00858704137392662,0.00011040008992589143,0.000022424066818680005,1.6181818181818182,1.0,0.9627783487180891,signatures/77a5975adbf3dbbc2be7beba4b4c4989.sig.gz,"GCF_000233455.1 [Clostridium] citroniae WAL-17108 strain=WAL-17108, Clos_citr_WAL_17108_V1",77a5975adbf3dbbc2be7beba4b4c4989,0.02857142857142857,55000,379,269134000,/nfs3_ib/nfs-ip34/home/def-ilafores/analysis/MethodsComparison/Feces_RA/preproc/SRR5091502/SRR5091502_unmatched_2.fastq,SRR5091502,0ff6e9e70ddf33d9c9c42baf7a71b92d,498188000,31,DNA,1000,498188,true,0.774810350621378,0.8916437165100166,0.8332270335656973,0.8916437165100166,89,2745804,3968950
255000,0.0005118549623836785,0.02512562814070352,0.00011040008992589143,0.0004552841431612895,32.85454545454545,33.0,13.867448060204854,signatures/dbedcba4e3b685d39ce2802c63d25b7e.sig.gz,GCF_900539095.1 uncultured Ruminococcus sp. UMGS91,dbedcba4e3b685d39ce2802c63d25b7e,0.11649154865235267,55000,380,269079000,/nfs3_ib/nfs-ip34/home/def-ilafores/analysis/MethodsComparison/Feces_RA/preproc/SRR5091502/SRR5091502_unmatched_2.fastq,SRR5091502,0ff6e9e70ddf33d9c9c42baf7a71b92d,498188000,31,DNA,1000,498188,true,0.7831472891570358,0.9329974679562295,0.8580723785566327,0.9329974679562295,1807,2747611,3968950
61000,0.00012244373609962504,0.03351614868982328,0.00011040008992589143,0.0000211642877839227,1.5272727272727273,1.0,0.8914655034277281,signatures/9823363955485f79b3d9942d5048f058.sig.gz,"GCA_900757025.1 Clostridia bacterium, ERS537280_49",9823363955485f79b3d9942d5048f058,0.03717245581962218,55000,381,269024000,/nfs3_ib/nfs-ip34/home/def-ilafores/analysis/MethodsComparison/Feces_RA/preproc/SRR5091502/SRR5091502_unmatched_2.fastq,SRR5091502,0ff6e9e70ddf33d9c9c42baf7a71b92d,498188000,31,DNA,1000,498188,true,0.7478326211701996,0.8992451516539508,0.8235388864120752,0.8992451516539508,84,2747695,3968950
57000,0.00011441463865046931,0.034375,0.00011040008992589143,0.000019148641328311014,1.3818181818181818,1.0,0.6739546542854777,signatures/41ac8a9819c6835d5594814d33128721.sig.gz,"GCA_904397865.1 Candidatus Allochristensenella caecavium, Coassembly_mag_524",41ac8a9819c6835d5594814d33128721,0.035625,55000,382,268969000,/nfs3_ib/nfs-ip34/home/def-ilafores/analysis/MethodsComparison/Feces_RA/preproc/SRR5091502/SRR5091502_unmatched_2.fastq,SRR5091502,0ff6e9e70ddf33d9c9c42baf7a71b92d,498188000,31,DNA,1000,498188,true,0.7461982822272888,0.8980125689213438,0.8221054255743163,0.8980125689213438,76,2747771,3968950
206000,0.00041349851863152064,0.026483570377636097,0.0001083928155636025,0.00005417049849456405,3.9814814814814814,4.0,2.52755730960957,signatures/228ae778deff90c640d89462a6c781ce.sig.gz,"GCA_934561515.1 uncultured Oscillospiraceae bacterium, ERR7738188_bin.23",228ae778deff90c640d89462a6c781ce,0.10102991662579695,54000,383,268915000,/nfs3_ib/nfs-ip34/home/def-ilafores/analysis/MethodsComparison/Feces_RA/preproc/SRR5091502/SRR5091502_unmatched_2.fastq,SRR5091502,0ff6e9e70ddf33d9c9c42baf7a71b92d,498188000,31,DNA,1000,498188,true,0.7777750342515339,0.9287214659328952,0.8532482500922145,0.9287214659328952,215,2747986,3968950
701000,0.0014070993279645435,0.01073526433056512,0.00010638554120131356,0.00007961803499666158,5.962264150943396,3.0,10.058249714858478,signatures/20623cf363705a2786c1e2e794c70af2.sig.gz,"GCF_024623065.1 Bacteroides acidifaciens strain=DSM 15896, ASM2462306v1",20623cf363705a2786c1e2e794c70af2,0.14198906218351226,53000,384,268862000,/nfs3_ib/nfs-ip34/home/def-ilafores/analysis/MethodsComparison/Feces_RA/preproc/SRR5091502/SRR5091502_unmatched_2.fastq,SRR5091502,0ff6e9e70ddf33d9c9c42baf7a71b92d,498188000,31,DNA,1000,498188,true,0.8091154163061879,0.9389736036199947,0.8740445099630914,0.9389736036199947,316,2748302,3968950
286000,0.0005740804676146354,0.02655310621242485,0.00010638554120131356,0.0000365335920079618,2.7358490566037736,1.0,3.382256383151199,signatures/78104a5f6283277ec882fc0e74764454.sig.gz,"GCA_905197595.1 uncultured Collinsella sp., ERR1190537-mag-bin.10",78104a5f6283277ec882fc0e74764454,0.1432865731462926,53000,385,268809000,/nfs3_ib/nfs-ip34/home/def-ilafores/analysis/MethodsComparison/Feces_RA/preproc/SRR5091502/SRR5091502_unmatched_2.fastq,SRR5091502,0ff6e9e70ddf33d9c9c42baf7a71b92d,498188000,31,DNA,1000,498188,true,0.786051018105169,0.9392491754091017,0.8626500967571353,0.9392491754091017,145,2748447,3968950
56000,0.00011240736428818036,0.02072741493938209,0.00010638554120131356,0.000016629083258796406,1.2452830188679245,1.0,0.5461930123067973,signatures/30608623fe3225659db4c4c9a29f9da2.sig.gz,"GCF_021044795.1 Acidaminococcus sp. NSJ-142 strain=NSJ-142, ASM2104479v1",30608623fe3225659db4c4c9a29f9da2,0.021900664841611264,53000,386,268756000,/nfs3_ib/nfs-ip34/home/def-ilafores/analysis/MethodsComparison/Feces_RA/preproc/SRR5091502/SRR5091502_unmatched_2.fastq,SRR5091502,0ff6e9e70ddf33d9c9c42baf7a71b92d,498188000,31,DNA,1000,498188,true,0.745772358861569,0.8840286997289971,0.8149005292952831,0.8840286997289971,66,2748513,3968950
787000,0.0015797249231213918,0.024777933613838243,0.00010638554120131356,0.0001398354728580607,10.471698113207546,12.0,5.8651634588841945,signatures/dc5e98b014a94fe46b368814e55bbc82.sig.gz,"GCA_934525405.1 uncultured Faecalibacterium sp., ERR7738353_bin.181",dc5e98b014a94fe46b368814e55bbc82,0.36792893875642824,53000,387,268703000,/nfs3_ib/nfs-ip34/home/def-ilafores/analysis/MethodsComparison/Feces_RA/preproc/SRR5091502/SRR5091502_unmatched_2.fastq,SRR5091502,0ff6e9e70ddf33d9c9c42baf7a71b92d,498188000,31,DNA,1000,498188,true,0.812141419678693,0.9682608793662374,0.8902011495224652,0.9682608793662374,555,2749068,3968950
244000,0.0004897749443985002,0.02823654768247203,0.00010638554120131356,0.000038045326849670565,2.849056603773585,2.0,2.7499312266878593,signatures/5ced1ecdce79d2e70d60e340e02841fd.sig.gz,"GCA_900772675.1 Lachnospiraceae bacterium, SRS883021_119",5ced1ecdce79d2e70d60e340e02841fd,0.12999467234949388,53000,388,268650000,/nfs3_ib/nfs-ip34/home/def-ilafores/analysis/MethodsComparison/Feces_RA/preproc/SRR5091502/SRR5091502_unmatched_2.fastq,SRR5091502,0ff6e9e70ddf33d9c9c42baf7a71b92d,498188000,31,DNA,1000,498188,true,0.7820341091124086,0.9363041608316914,0.85916913497205,0.9363041608316914,151,2749219,3968950
58000,0.00011642191301275824,0.018466898954703832,0.00010638554120131356,0.000021668199397825623,1.6226415094339623,1.0,0.8293306028617323,signatures/ed6359733ce2e266816d941461cbeaa1.sig.gz,"GCA_900542005.1 uncultured Clostridiales bacterium, UMGS416",ed6359733ce2e266816d941461cbeaa1,0.020209059233449476,53000,389,268597000,/nfs3_ib/nfs-ip34/home/def-ilafores/analysis/MethodsComparison/Feces_RA/preproc/SRR5091502/SRR5091502_unmatched_2.fastq,SRR5091502,0ff6e9e70ddf33d9c9c42baf7a71b92d,498188000,31,DNA,1000,498188,true,0.7466170347954988,0.881739296974953,0.8141781658852258,0.881739296974953,86,2749305,3968950
439000,0.0008811934450448425,0.012688532439549916,0.00010638554120131356,0.000029730785220272364,2.2264150943396226,2.0,1.8797983576523671,signatures/10a3119a5699e5fe2f6e2fb304de6b7c.sig.gz,"GCF_020537505.1 Blautia glucerasea strain=MSK.18.94, ASM2053750v1",10a3119a5699e5fe2f6e2fb304de6b7c,0.1050993536030644,53000,390,268544000,/nfs3_ib/nfs-ip34/home/def-ilafores/analysis/MethodsComparison/Feces_RA/preproc/SRR5091502/SRR5091502_unmatched_2.fastq,SRR5091502,0ff6e9e70ddf33d9c9c42baf7a71b92d,498188000,31,DNA,1000,498188,true,0.7969919072572414,0.9299052746182032,0.8634485909377223,0.9299052746182032,118,2749423,3968950
66000,0.0001324801079110697,0.014937993235625705,0.00010638554120131356,0.000021668199397825623,1.6226415094339623,1.0,1.1364694601038186,signatures/7034cfadfc4f7e0884e7ba5712a8a4a6.sig.gz,"GCF_000313565.1 Dielma fastidiosa strain=JC13, ASM31356v2",7034cfadfc4f7e0884e7ba5712a8a4a6,0.018602029312288614,53000,391,268491000,/nfs3_ib/nfs-ip34/home/def-ilafores/analysis/MethodsComparison/Feces_RA/preproc/SRR5091502/SRR5091502_unmatched_2.fastq,SRR5091502,0ff6e9e70ddf33d9c9c42baf7a71b92d,498188000,31,DNA,1000,498188,true,0.7497355190611126,0.8793856315127083,0.8145605752869105,0.8793856315127083,86,2749509,3968950
504000,0.0010116662785936233,0.020368946963873945,0.00010638554120131356,0.00010632535053351642,7.962264150943396,7.0,5.291368065604203,signatures/d4a7f08c9e22a9d508115b1cbbc1fe89.sig.gz,"GCA_934365945.1 uncultured Agathobacter sp., ERR7737619_bin.21",d4a7f08c9e22a9d508115b1cbbc1fe89,0.19369715603382015,53000,392,268438000,/nfs3_ib/nfs-ip34/home/def-ilafores/analysis/MethodsComparison/Feces_RA/preproc/SRR5091502/SRR5091502_unmatched_2.fastq,SRR5091502,0ff6e9e70ddf33d9c9c42baf7a71b92d,498188000,31,DNA,1000,498188,true,0.80054970009904,0.9484271453561043,0.8744884227275722,0.9484271453561043,422,2749931,3968950
112000,0.00022481472857636072,0.019741837509491267,0.00010437826683902463,0.000022676022625631465,1.7307692307692308,1.0,1.1113987135999914,signatures/6caea0fb44e792c6b5cf31e0d9a173a1.sig.gz,GCF_025567305.1 Brotomerdimonas butyrica strain=Sanger_12 ASM2556730v1,6caea0fb44e792c6b5cf31e0d9a173a1,0.0425208807896735,52000,393,268386000,/nfs3_ib/nfs-ip34/home/def-ilafores/analysis/MethodsComparison/Feces_RA/preproc/SRR5091502/SRR5091502_unmatched_2.fastq,SRR5091502,0ff6e9e70ddf33d9c9c42baf7a71b92d,498188000,31,DNA,1000,498188,true,0.7626353425271735,0.9031530709337994,0.8328942067304864,0.9031530709337994,90,2750021,3968950
1355000,0.0027198567609015073,0.019968676585747847,0.0001023709924767357,0.00011136446667254563,8.666666666666666,2.0,25.870466670542186,signatures/fbc6cd1f096b1acd18d96b95d5e0a0a8.sig.gz,"GCA_019414665.1 Bacteroides sp., ASM1941466v1",fbc6cd1f096b1acd18d96b95d5e0a0a8,0.5305403288958497,51000,394,268335000,/nfs3_ib/nfs-ip34/home/def-ilafores/analysis/MethodsComparison/Feces_RA/preproc/SRR5091502/SRR5091502_unmatched_2.fastq,SRR5091502,0ff6e9e70ddf33d9c9c42baf7a71b92d,498188000,31,DNA,1000,498188,true,0.8265010705010535,0.9797605496159183,0.9031308100584858,0.9797605496159183,442,2750463,3968950
1695000,0.003402330044079745,0.01328125,0.0001023709924767357,0.000022424066818680005,1.7450980392156863,1.0,1.0818128803242135,signatures/1711bf6a9eacad7f729191eb7b4f8c3b.sig.gz,GCA_949820605.1 Segatella copri Prevotella_copri_Bg131,1711bf6a9eacad7f729191eb7b4f8c3b,0.44140625,51000,395,268284000,/nfs3_ib/nfs-ip34/home/def-ilafores/analysis/MethodsComparison/Feces_RA/preproc/SRR5091502/SRR5091502_unmatched_2.fastq,SRR5091502,0ff6e9e70ddf33d9c9c42baf7a71b92d,498188000,31,DNA,1000,498188,true,0.8324916480785699,0.9739646101883277,0.9032281291334487,0.9739646101883277,89,2750552,3968950
354000,0.000710575124250283,0.013212435233160623,0.0001023709924767357,0.00010254601342924451,7.980392156862745,4.0,10.21818869655331,signatures/c59f356555512c52a6b17d756779cc09.sig.gz,GCF_020687485.1 Hominifimenecus microfluidus strain=CLA-AA-H215 ASM2068748v1,c59f356555512c52a6b17d756779cc09,0.09170984455958549,51000,396,268233000,/nfs3_ib/nfs-ip34/home/def-ilafores/analysis/MethodsComparison/Feces_RA/preproc/SRR5091502/SRR5091502_unmatched_2.fastq,SRR5091502,0ff6e9e70ddf33d9c9c42baf7a71b92d,498188000,31,DNA,1000,498188,true,0.7914783363751444,0.9258263711198792,0.8586523537475118,0.9258263711198792,407,2750959,3968950
358000,0.0007186042216994387,0.021822849807445442,0.0001023709924767357,0.000023683845853437307,1.8431372549019607,2.0,0.8488180714475829,signatures/989f95eb6a92b81ce4653530dd63443a.sig.gz,"GCA_934309195.1 uncultured Dorea sp., ERR7738244_bin.78",989f95eb6a92b81ce4653530dd63443a,0.15318784766795038,51000,397,268182000,/nfs3_ib/nfs-ip34/home/def-ilafores/analysis/MethodsComparison/Feces_RA/preproc/SRR5091502/SRR5091502_unmatched_2.fastq,SRR5091502,0ff6e9e70ddf33d9c9c42baf7a71b92d,498188000,31,DNA,1000,498188,true,0.7917652628410385,0.9412758436721835,0.866520553256611,0.9412758436721835,94,2751053,3968950
84000,0.00016861104643227056,0.025310173697270472,0.0001023709924767357,0.00002141624359087416,1.6666666666666667,1.0,1.2153699778283713,signatures/f196c6906a5ba22b5ea575c042c2270d.sig.gz,GCF_905205995.1 uncultured Haemophilus sp. ERR1430443-mag-bin.35,f196c6906a5ba22b5ea575c042c2270d,0.04168734491315137,51000,398,268131000,/nfs3_ib/nfs-ip34/home/def-ilafores/analysis/MethodsComparison/Feces_RA/preproc/SRR5091502/SRR5091502_unmatched_2.fastq,SRR5091502,0ff6e9e70ddf33d9c9c42baf7a71b92d,498188000,31,DNA,1000,498188,true,0.7555907731574393,0.9025764705067492,0.8290836218320943,0.9025764705067492,85,2751138,3968950
99000,0.0001987201618666046,0.02405002405002405,0.00010036371811444676,0.000020408420363068317,1.62,1.0,1.0176443386566842,signatures/aacac509aee4a29827a7fd61fad0dfd7.sig.gz,"GCF_014306175.1 Veillonella sp. M12 strain=M12, ASM1430617v1",aacac509aee4a29827a7fd61fad0dfd7,0.047619047619047616,50000,399,268081000,/nfs3_ib/nfs-ip34/home/def-ilafores/analysis/MethodsComparison/Feces_RA/preproc/SRR5091502/SRR5091502_unmatched_2.fastq,SRR5091502,0ff6e9e70ddf33d9c9c42baf7a71b92d,498188000,31,DNA,1000,498188,true,0.7596061100678755,0.9064581637879481,0.8330321369279118,0.9064581637879481,81,2751219,3968950
266000,0.0005339349803688567,0.01737921445950643,0.00010036371811444676,0.00004157270814699102,3.3,2.0,3.0215889859476244,signatures/ea17219c3969bf830078515e407dfc37.sig.gz,"GCF_024462815.1 Gemmiger formicilis strain=DFI.6.10, ASM2446281v1",ea17219c3969bf830078515e407dfc37,0.09245742092457421,50000,400,268031000,/nfs3_ib/nfs-ip34/home/def-ilafores/analysis/MethodsComparison/Feces_RA/preproc/SRR5091502/SRR5091502_unmatched_2.fastq,SRR5091502,0ff6e9e70ddf33d9c9c42baf7a71b92d,498188000,31,DNA,1000,498188,true,0.784214934771185,0.9260688646892805,0.8551418997302327,0.9260688646892805,165,2751384,3968950
615000,0.001234473732807695,0.015337423312883436,0.00010036371811444676,0.000029730785220272364,2.36,2.0,2.0175232340669593,signatures/6f09b1e12da46f6b224751091ec7f9e0.sig.gz,"GCA_934317215.1 uncultured Roseburia sp., ERR7745427_bin.39",6f09b1e12da46f6b224751091ec7f9e0,0.18865030674846625,50000,401,267981000,/nfs3_ib/nfs-ip34/home/def-ilafores/analysis/MethodsComparison/Feces_RA/preproc/SRR5091502/SRR5091502_unmatched_2.fastq,SRR5091502,0ff6e9e70ddf33d9c9c42baf7a71b92d,498188000,31,DNA,1000,498188,true,0.8057064381708444,0.9476197714544051,0.8766631048126248,0.9476197714544051,118,2751502,3968950
460000,0.0009233462066529102,0.02129471890971039,0.00010036371811444676,0.000092971692765089,7.38,6.0,5.234080626050767,signatures/9fdc7aff151d3f7bf15f65cef0e706a7.sig.gz,"GCA_934501115.1 uncultured Faecalibacterium sp., ERR7738567_bin.375",9fdc7aff151d3f7bf15f65cef0e706a7,0.19591141396933562,50000,402,267931000,/nfs3_ib/nfs-ip34/home/def-ilafores/analysis/MethodsComparison/Feces_RA/preproc/SRR5091502/SRR5091502_unmatched_2.fastq,SRR5091502,0ff6e9e70ddf33d9c9c42baf7a71b92d,498188000,31,DNA,1000,498188,true,0.7981941389694056,0.9487749667452359,0.8734845528573207,0.9487749667452359,369,2751871,3968950
87000,0.00017463286951913736,0.01707067258449983,0.00010036371811444676,0.00003502185716625304,2.78,2.0,1.9828262657126574,signatures/423e927cb11bff8ed2bc0d1c431fc5ce.sig.gz,GCA_937967235.1 uncultured Clostridia bacterium ERR1600602_bin.57_CONCOCT_v1.1_MAG,423e927cb11bff8ed2bc0d1c431fc5ce,0.0297029702970297,50000,403,267881000,/nfs3_ib/nfs-ip34/home/def-ilafores/analysis/MethodsComparison/Feces_RA/preproc/SRR5091502/SRR5091502_unmatched_2.fastq,SRR5091502,0ff6e9e70ddf33d9c9c42baf7a71b92d,498188000,31,DNA,1000,498188,true,0.7564465696138268,0.8927615551269995,0.8246040623704132,0.8927615551269995,139,2752010,3968950
167000,0.00033521481850225216,0.02204585537918871,0.00010036371811444676,0.000019904508749165396,1.58,1.0,0.981631295344642,signatures/6212e5488fb28a7e083ece4a87403846.sig.gz,GCA_029983955.1 Faecalimonas sp. ASM2998395v1,6212e5488fb28a7e083ece4a87403846,0.0736331569664903,50000,404,267831000,/nfs3_ib/nfs-ip34/home/def-ilafores/analysis/MethodsComparison/Feces_RA/preproc/SRR5091502/SRR5091502_unmatched_2.fastq,SRR5091502,0ff6e9e70ddf33d9c9c42baf7a71b92d,498188000,31,DNA,1000,498188,true,0.7725269730341959,0.9192930595797054,0.8459100163069506,0.9192930595797054,79,2752089,3968950
