intersect_bp,f_orig_query,f_match,f_unique_to_query,f_unique_weighted,average_abund,median_abund,std_abund,match_filename,match_name,match_md5,f_match_orig,unique_intersect_bp,gather_result_rank,remaining_bp,query_filename,query_name,query_md5,query_bp,ksize,moltype,scaled,query_n_hashes,query_abundance,query_containment_ani,match_containment_ani,average_containment_ani,max_containment_ani,n_unique_weighted_found,sum_weighted_found,total_weighted_hashes
4141000,0.011995284152957978,0.8282,0.011995284152957978,0.07197878929276452,41.83337358126057,33.0,62.98619158434414,signatures/960cc77fc7b96d595712107aaa1524b5.sig.gz,"GCF_000012825.1 Bacteroides vulgatus ATCC 8482 strain=ATCC 8482, ASM1282v1",960cc77fc7b96d595712107aaa1524b5,0.8282,4141000,0,341078000,/nfs3_ib/nfs-ip34/home/def-ilafores/analysis/MethodsComparison/Feces_RA/preproc/SRR5091619/SRR5091619_unmatched_2.fastq,SRR5091619,09eab43b8a173c78059f9718fddaf692,345219000,31,DNA,1000,345219,true,0.8670269522203821,0.9939377850573211,0.9304823686388516,0.9939377850573211,173232,173232,2406709
3146000,0.009113055770395024,0.674592690444738,0.00887552539112853,0.050832485356559515,39.927872062663184,36.0,34.401679343979445,signatures/2fc80b3803e2d9af5d93edb14dd1cc3b.sig.gz,GCF_025147485.1 Bacteroides uniformis strain=ATCC 8492 ASM2514748v1,2fc80b3803e2d9af5d93edb14dd1cc3b,0.6926464112725671,3064000,1,338014000,/nfs3_ib/nfs-ip34/home/def-ilafores/analysis/MethodsComparison/Feces_RA/preproc/SRR5091619/SRR5091619_unmatched_2.fastq,SRR5091619,09eab43b8a173c78059f9718fddaf692,345219000,31,DNA,1000,345219,true,0.8593749902510427,0.988223580347535,0.9237992852992889,0.988223580347535,122339,295571,2406709
2947000,0.008536610093882435,0.7771036665787391,0.00853371338194016,0.015318844114514884,12.514596062457569,10.0,14.514031794457406,signatures/0c12e5258167a95b3340bc8d07d5f489.sig.gz,GCF_027667425.1 Fusicatenibacter saccharivorans strain=AM67-22ACA ASM2766742v1,0c12e5258167a95b3340bc8d07d5f489,0.7773674492218412,2946000,2,335068000,/nfs3_ib/nfs-ip34/home/def-ilafores/analysis/MethodsComparison/Feces_RA/preproc/SRR5091619/SRR5091619_unmatched_2.fastq,SRR5091619,09eab43b8a173c78059f9718fddaf692,345219000,31,DNA,1000,345219,true,0.8575654436803913,0.9919089702516457,0.9247372069660185,0.9919089702516457,36868,332439,2406709
2805000,0.00812527699807948,0.6153336279275299,0.008067342759233993,0.004234413051183172,3.659245960502693,3.0,3.5063228047282866,signatures/47030cb09435e5a03e1ce6a49f0753a5.sig.gz,"GCF_002222615.2 Bacteroides caccae strain=ATCC 43185, ASM222261v2",47030cb09435e5a03e1ce6a49f0753a5,0.6197525408749448,2785000,3,332283000,/nfs3_ib/nfs-ip34/home/def-ilafores/analysis/MethodsComparison/Feces_RA/preproc/SRR5091619/SRR5091619_unmatched_2.fastq,SRR5091619,09eab43b8a173c78059f9718fddaf692,345219000,31,DNA,1000,345219,true,0.8562003972805903,0.9846850970385843,0.9204427471595873,0.9846850970385843,10191,342630,2406709
2720000,0.007879056482986162,0.4051139864448552,0.007618352408181473,0.0039057484722914153,3.574144486692015,2.0,7.126852819597394,signatures/514bdd6aa640f40cc6414be0e11ec2f6.sig.gz,"GCF_001314995.1 Bacteroides ovatus strain=ATCC 8483, ASM131499v1",514bdd6aa640f40cc6414be0e11ec2f6,0.41897720271102895,2630000,4,329653000,/nfs3_ib/nfs-ip34/home/def-ilafores/analysis/MethodsComparison/Feces_RA/preproc/SRR5091619/SRR5091619_unmatched_2.fastq,SRR5091619,09eab43b8a173c78059f9718fddaf692,345219000,31,DNA,1000,345219,true,0.8553509252037903,0.972327554613975,0.9138392399088826,0.972327554613975,9400,352030,2406709
2630000,0.007618352408181473,0.7147549958937859,0.007563314881278261,0.019850758857842807,18.297587131367294,16.0,16.416889963156894,signatures/00191848f4049b7a1cb875559983f7c7.sig.gz,GCF_025145845.1 Alistipes shahii WAL 8301 strain=WAL 8301 ASM2514584v1,00191848f4049b7a1cb875559983f7c7,0.7199562003832466,2611000,5,327042000,/nfs3_ib/nfs-ip34/home/def-ilafores/analysis/MethodsComparison/Feces_RA/preproc/SRR5091619/SRR5091619_unmatched_2.fastq,SRR5091619,09eab43b8a173c78059f9718fddaf692,345219000,31,DNA,1000,345219,true,0.8544230134912832,0.9894571022905836,0.9219400578909334,0.9894571022905836,47775,399805,2406709
2651000,0.007679183358969234,0.5860646344258538,0.0074068924363954475,0.00575308439865393,5.414939382088384,3.0,22.208602776319402,signatures/a8c995daf67b413b45a7f31c15f510d6.sig.gz,GCF_025151215.1 Parabacteroides merdae ATCC 43184 strain=ATCC 43184 ASM2515121v1,a8c995daf67b413b45a7f31c15f510d6,0.6076094430437772,2557000,6,324485000,/nfs3_ib/nfs-ip34/home/def-ilafores/analysis/MethodsComparison/Feces_RA/preproc/SRR5091619/SRR5091619_unmatched_2.fastq,SRR5091619,09eab43b8a173c78059f9718fddaf692,345219000,31,DNA,1000,345219,true,0.8546422446938382,0.9840567521856871,0.9193494984397627,0.9840567521856871,13846,413651,2406709
2571000,0.007447446403587288,0.6126796714579056,0.0069144514062088125,0.044334400212073834,44.70046082949309,42.0,30.86909554385209,signatures/0878062848e44bf823b15b8a5d1eba75.sig.gz,GCF_025147325.1 Bacteroides stercoris ATCC 43183 strain=ATCC 43183 ASM2514732v1,0878062848e44bf823b15b8a5d1eba75,0.6599075975359343,2387000,7,322098000,/nfs3_ib/nfs-ip34/home/def-ilafores/analysis/MethodsComparison/Feces_RA/preproc/SRR5091619/SRR5091619_unmatched_2.fastq,SRR5091619,09eab43b8a173c78059f9718fddaf692,345219000,31,DNA,1000,345219,true,0.8537978895863644,0.9866812494785981,0.9202395695324812,0.9866812494785981,106700,520351,2406709
2333000,0.006758028961325999,0.5390734674777726,0.006674024315000043,0.0033435699953754277,3.4926215277777777,2.0,10.355526289127688,signatures/b37a0141517537faad74a6d2ac4d5c41.sig.gz,"GCF_000190535.1 Odoribacter splanchnicus DSM 20712 strain=DSM 220712, ASM19053v1",b37a0141517537faad74a6d2ac4d5c41,0.5458586803930744,2304000,8,319794000,/nfs3_ib/nfs-ip34/home/def-ilafores/analysis/MethodsComparison/Feces_RA/preproc/SRR5091619/SRR5091619_unmatched_2.fastq,SRR5091619,09eab43b8a173c78059f9718fddaf692,345219000,31,DNA,1000,345219,true,0.8511266617638172,0.9806605769764145,0.9158936193701159,0.9806605769764145,8047,528398,2406709
2477000,0.0071751554810135015,0.3622222222222222,0.006610296652270009,0.0024872138675677033,2.6231375985977214,1.0,6.847656710540747,signatures/df098e390010d8add7b59e4ff0574d30.sig.gz,"GCF_000011065.1 Bacteroides thetaiotaomicron VPI-5482 strain=VPI-5482, ASM1106v1",df098e390010d8add7b59e4ff0574d30,0.3931746031746032,2282000,9,317512000,/nfs3_ib/nfs-ip34/home/def-ilafores/analysis/MethodsComparison/Feces_RA/preproc/SRR5091619/SRR5091619_unmatched_2.fastq,SRR5091619,09eab43b8a173c78059f9718fddaf692,345219000,31,DNA,1000,345219,true,0.8527726598062628,0.9703359268860852,0.911554293346174,0.9703359268860852,5986,534384,2406709
2303000,0.006671127603057769,0.7437745740498034,0.006575536108962716,0.02540273876068939,26.932599118942733,19.0,37.946325921673065,signatures/58b144de4acaed89ce9d8071641d7213.sig.gz,"GCF_023347255.1 Faecalibacterium sp. I4384 strain=I4384, ASM2334725v1",58b144de4acaed89ce9d8071641d7213,0.7545871559633027,2270000,10,315242000,/nfs3_ib/nfs-ip34/home/def-ilafores/analysis/MethodsComparison/Feces_RA/preproc/SRR5091619/SRR5091619_unmatched_2.fastq,SRR5091619,09eab43b8a173c78059f9718fddaf692,345219000,31,DNA,1000,345219,true,0.8507713940579104,0.990957758458633,0.9208645762582717,0.990957758458633,61137,595521,2406709
2277000,0.006595813092558637,0.6629883686251118,0.006439390647675823,0.005088276148051136,5.508771929824562,4.0,6.345133511169774,signatures/7ce01a2b906489a12149e88195eade6e.sig.gz,"GCF_020687205.1 Hominisplanchenecus faecis strain=CLA-AA-H246, ASM2068720v1",7ce01a2b906489a12149e88195eade6e,0.679093349239487,2223000,11,313019000,/nfs3_ib/nfs-ip34/home/def-ilafores/analysis/MethodsComparison/Feces_RA/preproc/SRR5091619/SRR5091619_unmatched_2.fastq,SRR5091619,09eab43b8a173c78059f9718fddaf692,345219000,31,DNA,1000,345219,true,0.8504598537909058,0.9875938350518265,0.9190268444213662,0.9875938350518265,12246,607767,2406709
2173000,0.006294555050562107,0.820046439628483,0.006138132605679293,0.036100750028358226,41.0023596035866,38.0,30.718538259945614,signatures/db9feafdd9d3e3f2fb5caf52a730ce6a.sig.gz,"GCF_000154465.1 Alistipes putredinis DSM 17216 strain=DSM 17216, ASM15446v1",db9feafdd9d3e3f2fb5caf52a730ce6a,0.8409442724458205,2119000,12,310900000,/nfs3_ib/nfs-ip34/home/def-ilafores/analysis/MethodsComparison/Feces_RA/preproc/SRR5091619/SRR5091619_unmatched_2.fastq,SRR5091619,09eab43b8a173c78059f9718fddaf692,345219000,31,DNA,1000,345219,true,0.8491782697093588,0.9944275233747482,0.9218028965420535,0.9944275233747482,86884,694651,2406709
2129000,0.006167099725102036,0.643699565487275,0.006007780568276949,0.009286124745451154,10.775795564127291,10.0,14.637911059366676,signatures/56a187d0b325a22e72d7369e11bd76b9.sig.gz,"GCF_006542665.1 Alistipes communis strain=5CBH24, Acom_1.0",56a187d0b325a22e72d7369e11bd76b9,0.6607697082557418,2074000,13,308826000,/nfs3_ib/nfs-ip34/home/def-ilafores/analysis/MethodsComparison/Feces_RA/preproc/SRR5091619/SRR5091619_unmatched_2.fastq,SRR5091619,09eab43b8a173c78059f9718fddaf692,345219000,31,DNA,1000,345219,true,0.8486180978278081,0.9867228042324369,0.9176704510301225,0.9867228042324369,22349,717000,2406709
1995000,0.0057789403248372775,0.6637228260869565,0.00566017513520403,0.024236000280881485,29.8510747185261,29.0,19.0361889740738,signatures/37519ff08fa08b5bc2ed2e92c46c0d51.sig.gz,"GCF_014337155.1 Wujia chipingensis strain=NSJ-4, ASM1433715v1",37519ff08fa08b5bc2ed2e92c46c0d51,0.6776494565217391,1954000,14,306872000,/nfs3_ib/nfs-ip34/home/def-ilafores/analysis/MethodsComparison/Feces_RA/preproc/SRR5091619/SRR5091619_unmatched_2.fastq,SRR5091619,09eab43b8a173c78059f9718fddaf692,345219000,31,DNA,1000,345219,true,0.8468403737492113,0.9875260288644607,0.917183201306836,0.9875260288644607,58329,775329,2406709
1954000,0.00566017513520403,0.4190907132083603,0.005634104727723561,0.0017417976165793206,2.155269922879177,2.0,2.020601921479115,signatures/d4b0f7a75de0de86779fc9973ed01479.sig.gz,GCF_025148635.1 Butyricimonas virosa strain=DSM 23226 ASM2514863v1,d4b0f7a75de0de86779fc9973ed01479,0.42102995044171515,1945000,15,304927000,/nfs3_ib/nfs-ip34/home/def-ilafores/analysis/MethodsComparison/Feces_RA/preproc/SRR5091619/SRR5091619_unmatched_2.fastq,SRR5091619,09eab43b8a173c78059f9718fddaf692,345219000,31,DNA,1000,345219,true,0.8462733036653018,0.9724808639461738,0.9093770838057378,0.9724808639461738,4192,779521,2406709
1935000,0.005605137608300817,0.7938271604938272,0.0055877573366471716,0.005800867491666005,7.237428719543805,6.0,6.052871322135231,signatures/4a7e38e0e3592b1aa463e455740ac3a1.sig.gz,"GCA_004000625.1 Candidatus Cibiobacter qucibialis, ASM400062v1",4a7e38e0e3592b1aa463e455740ac3a1,0.7962962962962963,1929000,16,302998000,/nfs3_ib/nfs-ip34/home/def-ilafores/analysis/MethodsComparison/Feces_RA/preproc/SRR5091619/SRR5091619_unmatched_2.fastq,SRR5091619,09eab43b8a173c78059f9718fddaf692,345219000,31,DNA,1000,345219,true,0.8460065996140027,0.9926790608509997,0.9193428302325012,0.9926790608509997,13961,793482,2406709
1900000,0.005503752690321217,0.9732922444786851,0.005489269130609845,0.00394605247248421,5.0116094986807385,4.0,3.8181447504822748,signatures/1033493216d3f9eb5db8777f2c1c85a6.sig.gz,GCA_902490245.1 uncultured Collinsella sp. UHGG-TPA_MGYG-HGUT-03900,1033493216d3f9eb5db8777f2c1c85a6,0.9758602978941961,1895000,17,301103000,/nfs3_ib/nfs-ip34/home/def-ilafores/analysis/MethodsComparison/Feces_RA/preproc/SRR5091619/SRR5091619_unmatched_2.fastq,SRR5091619,09eab43b8a173c78059f9718fddaf692,345219000,31,DNA,1000,345219,true,0.845508600084358,0.9992120576794647,0.9223603288819113,0.9992120576794647,9497,802979,2406709
2060000,0.005967226601085109,0.6390694491960315,0.005411057908168438,0.020545483479722727,26.470556745182012,22.0,24.370856377841807,signatures/df3b4f1c13844c81b29c16b0c900e1c5.sig.gz,GCA_025757845.1 Oscillospiraceae bacterium ASM2575784v1,df3b4f1c13844c81b29c16b0c900e1c5,0.7047553882996921,1868000,18,299235000,/nfs3_ib/nfs-ip34/home/def-ilafores/analysis/MethodsComparison/Feces_RA/preproc/SRR5091619/SRR5091619_unmatched_2.fastq,SRR5091619,09eab43b8a173c78059f9718fddaf692,345219000,31,DNA,1000,345219,true,0.8477166764726014,0.9887762198791967,0.9182464481758991,0.9887762198791967,49447,852426,2406709
1959000,0.005674658694915401,0.4123688323286448,0.005350226957380677,0.0027277913532545895,3.554412560909583,2.0,8.372819404767794,signatures/20e22b7a195404638366fe78b372a400.sig.gz,GCF_025148125.1 Blautia wexlerae DSM 19850 strain=DSM 19850 ASM2514812v1,20e22b7a195404638366fe78b372a400,0.4373744139316812,1847000,19,297388000,/nfs3_ib/nfs-ip34/home/def-ilafores/analysis/MethodsComparison/Feces_RA/preproc/SRR5091619/SRR5091619_unmatched_2.fastq,SRR5091619,09eab43b8a173c78059f9718fddaf692,345219000,31,DNA,1000,345219,true,0.8463430718200768,0.9736763579922053,0.910009714906141,0.9736763579922053,6565,858991,2406709
1900000,0.005503752690321217,0.5509467989179441,0.005309672990188837,0.004705180393641276,6.17785051827605,4.0,8.927116561896074,signatures/a0e45b07597836dbbf25c50a48739743.sig.gz,"GCA_020687125.1 Oscillospiraceae bacterium CLA-AA-H269 strain=CLA-AA-H269, ASM2068712v1",a0e45b07597836dbbf25c50a48739743,0.5710850616170724,1833000,20,295555000,/nfs3_ib/nfs-ip34/home/def-ilafores/analysis/MethodsComparison/Feces_RA/preproc/SRR5091619/SRR5091619_unmatched_2.fastq,SRR5091619,09eab43b8a173c78059f9718fddaf692,345219000,31,DNA,1000,345219,true,0.845508600084358,0.982090791002571,0.9137996955434645,0.982090791002571,11324,870315,2406709
1804000,0.005225668343862881,0.7313311688311688,0.0052198749199783324,0.0037989636470383416,5.073806881243064,4.0,4.075261965990778,signatures/8de6a56dece2b0b235d66a08de9380be.sig.gz,"GCF_000297775.1 Sutterella wadsworthensis 2_1_59BFAA strain=2_1_59BFAA, Sutt_wads_2_1_59BFAA_V1",8de6a56dece2b0b235d66a08de9380be,0.7321428571428571,1802000,21,293753000,/nfs3_ib/nfs-ip34/home/def-ilafores/analysis/MethodsComparison/Feces_RA/preproc/SRR5091619/SRR5091619_unmatched_2.fastq,SRR5091619,09eab43b8a173c78059f9718fddaf692,345219000,31,DNA,1000,345219,true,0.8440956698095832,0.9899929993651851,0.9170443345873842,0.9899929993651851,9143,879458,2406709
1793000,0.005193804512497863,0.6197231833910034,0.005188011088613315,0.0028773732096402183,3.8665549972082633,3.0,2.566057123158949,signatures/ce22b42f3eebd9f4d4b76c6a136629f8.sig.gz,"GCF_003315195.1 Sutterella wadsworthensis strain=DSM 14016, ASM331519v1",ce22b42f3eebd9f4d4b76c6a136629f8,0.6204152249134948,1791000,22,291962000,/nfs3_ib/nfs-ip34/home/def-ilafores/analysis/MethodsComparison/Feces_RA/preproc/SRR5091619/SRR5091619_unmatched_2.fastq,SRR5091619,09eab43b8a173c78059f9718fddaf692,345219000,31,DNA,1000,345219,true,0.8439291481488701,0.9847190438717031,0.9143240960102865,0.9847190438717031,6925,886383,2406709
2002000,0.005799217308433197,0.60142954390742,0.005118490001998731,0.011627080797886243,15.836445953593662,12.0,20.199930699682582,signatures/c7d4730d7ef725fd5e285130d735d8de.sig.gz,"GCF_020687245.1 Faecalibacterium longum CLA-AA-H243 strain=CLA-AA-H243, ASM2068724v1",c7d4730d7ef725fd5e285130d735d8de,0.6814159292035398,1767000,23,290195000,/nfs3_ib/nfs-ip34/home/def-ilafores/analysis/MethodsComparison/Feces_RA/preproc/SRR5091619/SRR5091619_unmatched_2.fastq,SRR5091619,09eab43b8a173c78059f9718fddaf692,345219000,31,DNA,1000,345219,true,0.8469360620247683,0.9877026128284293,0.9173193374265989,0.9877026128284293,27983,914366,2406709
1724000,0.004993931388480935,0.5436456996148908,0.004907030030212705,0.004726786661785866,6.715466351829988,6.0,4.568309734048197,signatures/bff3e8a1ff2f46748997b855d46008f9.sig.gz,"GCF_000468015.1 Ruminococcus callidus ATCC 27760 strain=ATCC 27760, ASM46801v1",bff3e8a1ff2f46748997b855d46008f9,0.5532734274711169,1694000,24,288501000,/nfs3_ib/nfs-ip34/home/def-ilafores/analysis/MethodsComparison/Feces_RA/preproc/SRR5091619/SRR5091619_unmatched_2.fastq,SRR5091619,09eab43b8a173c78059f9718fddaf692,345219000,31,DNA,1000,345219,true,0.8428614908269605,0.9810874852451101,0.9119744880360353,0.9810874852451101,11376,925742,2406709
2732000,0.007913817026293454,0.2946086956521739,0.004907030030212705,0.002738594487326885,3.8907910271546635,2.0,11.431816150887345,signatures/c08f8e47dd318b08d89c36c36e6da9e1.sig.gz,"GCF_000210075.1 Bacteroides xylanisolvens XB1A strain=XB1A, ASM21007v1",c08f8e47dd318b08d89c36c36e6da9e1,0.4751304347826087,1694000,25,286807000,/nfs3_ib/nfs-ip34/home/def-ilafores/analysis/MethodsComparison/Feces_RA/preproc/SRR5091619/SRR5091619_unmatched_2.fastq,SRR5091619,09eab43b8a173c78059f9718fddaf692,345219000,31,DNA,1000,345219,true,0.8554723953536303,0.9762804846561083,0.9158764400048693,0.9762804846561083,6591,932333,2406709
1712000,0.0049591708451736435,0.34112820512820513,0.004817231960002202,0.0016873664410612169,2.4419723391461217,2.0,6.709689564603856,signatures/5feebdfe795727335c87e462e7a7cc14.sig.gz,"GCF_000012845.1 Parabacteroides distasonis ATCC 8503 strain=ATCC 8503, ASM1284v1",5feebdfe795727335c87e462e7a7cc14,0.35117948717948716,1663000,26,285144000,/nfs3_ib/nfs-ip34/home/def-ilafores/analysis/MethodsComparison/Feces_RA/preproc/SRR5091619/SRR5091619_unmatched_2.fastq,SRR5091619,09eab43b8a173c78059f9718fddaf692,345219000,31,DNA,1000,345219,true,0.8426715993624698,0.9668066961425759,0.9047391477525228,0.9668066961425759,4061,936394,2406709
1732000,0.00501710508401913,0.4382321618743344,0.004767987856983538,0.0026168514764352484,3.8262454434993924,2.0,11.029021315452047,signatures/981003820b07cf0506a203ee425a0184.sig.gz,GCF_025567095.1 Anthropogastromicrobium aceti strain=H6_35 ASM2556709v1,981003820b07cf0506a203ee425a0184,0.46112886048988283,1646000,27,283498000,/nfs3_ib/nfs-ip34/home/def-ilafores/analysis/MethodsComparison/Feces_RA/preproc/SRR5091619/SRR5091619_unmatched_2.fastq,SRR5091619,09eab43b8a173c78059f9718fddaf692,345219000,31,DNA,1000,345219,true,0.8429873758235749,0.9753389278918883,0.9091631518577316,0.9753389278918883,6298,942692,2406709
1632000,0.004727433889791697,0.7352277852954443,0.004721640465907149,0.012225823728585383,18.051533742331287,17.0,10.695210531938162,signatures/0ffe36c89a44946cee180ac754d6f047.sig.gz,"GCF_001025215.1 Bifidobacterium pseudocatenulatum DSM 20438 = JCM 1200 = LMG 10505 strain=JCM 1200, ASM102521v1",0ffe36c89a44946cee180ac754d6f047,0.7361299052774019,1630000,28,281868000,/nfs3_ib/nfs-ip34/home/def-ilafores/analysis/MethodsComparison/Feces_RA/preproc/SRR5091619/SRR5091619_unmatched_2.fastq,SRR5091619,09eab43b8a173c78059f9718fddaf692,345219000,31,DNA,1000,345219,true,0.8413717348872631,0.9901664533463236,0.9157690941167933,0.9901664533463236,29424,972116,2406709
1670000,0.004837508943598121,0.4425414364640884,0.004640532531523468,0.0017401355959528136,2.614232209737828,1.0,7.582406022473948,signatures/74059216b7cd65a7ff314267c1b83b8e.sig.gz,"GCF_005121165.3 Dysosmobacter welbionis strain=J115, ASM512116v3",74059216b7cd65a7ff314267c1b83b8e,0.4613259668508287,1602000,29,280266000,/nfs3_ib/nfs-ip34/home/def-ilafores/analysis/MethodsComparison/Feces_RA/preproc/SRR5091619/SRR5091619_unmatched_2.fastq,SRR5091619,09eab43b8a173c78059f9718fddaf692,345219000,31,DNA,1000,345219,true,0.8419966818505475,0.9753523735601557,0.9086745277053516,0.9753523735601557,4188,976304,2406709
1591000,0.00460866870015845,0.5337135189533714,0.00460866870015845,0.0021510701958566657,3.2539283469516027,3.0,2.186383343123316,signatures/a5ad7c2533187a7fdaf238ebeb236ee8.sig.gz,GCF_951793255.1 Desulfovibrio piger DSM32187,a5ad7c2533187a7fdaf238ebeb236ee8,0.5337135189533714,1591000,30,278675000,/nfs3_ib/nfs-ip34/home/def-ilafores/analysis/MethodsComparison/Feces_RA/preproc/SRR5091619/SRR5091619_unmatched_2.fastq,SRR5091619,09eab43b8a173c78059f9718fddaf692,345219000,31,DNA,1000,345219,true,0.8406814553706261,0.9799490369468667,0.9103152461587465,0.9799490369468667,5177,981481,2406709
1827000,0.005292292718535191,0.41968356127648165,0.004533354189659318,0.011681096468247719,17.963578274760383,17.0,9.28033146240908,signatures/f22e85c6befcb1bccc2db3184aa9ec05.sig.gz,GCF_025145285.1 Alistipes onderdonkii strain=DSM 19147 ASM2514528v1,f22e85c6befcb1bccc2db3184aa9ec05,0.4899436846339501,1565000,31,277110000,/nfs3_ib/nfs-ip34/home/def-ilafores/analysis/MethodsComparison/Feces_RA/preproc/SRR5091619/SRR5091619_unmatched_2.fastq,SRR5091619,09eab43b8a173c78059f9718fddaf692,345219000,31,DNA,1000,345219,true,0.8444406992192495,0.9772478305004868,0.9108442648598681,0.9772478305004868,28113,1009594,2406709
1565000,0.004533354189659318,0.5372980405637676,0.004527560765774769,0.014745446998369974,22.70505438259757,22.0,12.149870001605118,signatures/b6273adea5d5c285fe4ed6563af91c7d.sig.gz,"GCA_000437595.1 Faecalibacterium sp. CAG:74, MGS74",b6273adea5d5c285fe4ed6563af91c7d,0.537985562048814,1563000,32,275547000,/nfs3_ib/nfs-ip34/home/def-ilafores/analysis/MethodsComparison/Feces_RA/preproc/SRR5091619/SRR5091619_unmatched_2.fastq,SRR5091619,09eab43b8a173c78059f9718fddaf692,345219000,31,DNA,1000,345219,true,0.8402347403698595,0.9802010904315726,0.910217915400716,0.9802010904315726,35488,1045082,2406709
1834000,0.005312569702131111,0.5477297104040043,0.004437762695564265,0.03735183605496136,58.67819843342036,59.0,32.04497035751301,signatures/b9efc27b039945043d519688f02fc3e8.sig.gz,"GCF_019967995.1 Faecalibacterium prausnitzii strain=Fp77, ASM1996799v1",b9efc27b039945043d519688f02fc3e8,0.6557025384340365,1532000,33,274015000,/nfs3_ib/nfs-ip34/home/def-ilafores/analysis/MethodsComparison/Feces_RA/preproc/SRR5091619/SRR5091619_unmatched_2.fastq,SRR5091619,09eab43b8a173c78059f9718fddaf692,345219000,31,DNA,1000,345219,true,0.8445448741177546,0.9864778045953453,0.9155113393565499,0.9864778045953453,89895,1134977,2406709
1705000,0.004938893861577723,0.41851441241685144,0.00437403503283423,0.0021215693297361666,3.381456953642384,2.0,5.497879229574028,signatures/48227f0b50ffcdb8b37511d627bd1277.sig.gz,"GCF_014297285.1 Dysosmobacter sp. BX15 strain=BX15, ASM1429728v1",48227f0b50ffcdb8b37511d627bd1277,0.4725609756097561,1510000,34,272505000,/nfs3_ib/nfs-ip34/home/def-ilafores/analysis/MethodsComparison/Feces_RA/preproc/SRR5091619/SRR5091619_unmatched_2.fastq,SRR5091619,09eab43b8a173c78059f9718fddaf692,345219000,31,DNA,1000,345219,true,0.8425602336170418,0.9761097267707546,0.9093349801938981,0.9761097267707546,5106,1140083,2406709
1690000,0.004895443182443608,0.37403245942571783,0.004339274489526938,0.0013013621505549695,2.0907877169559415,1.0,2.4695276206638437,signatures/2a410b832a719fa88b97ddf5d0e066c5.sig.gz,"GCF_003461245.1 Blautia sp. AF19-10LB strain=AF19-10LB, ASM346124v1",2a410b832a719fa88b97ddf5d0e066c5,0.42197253433208487,1498000,35,271007000,/nfs3_ib/nfs-ip34/home/def-ilafores/analysis/MethodsComparison/Feces_RA/preproc/SRR5091619/SRR5091619_unmatched_2.fastq,SRR5091619,09eab43b8a173c78059f9718fddaf692,345219000,31,DNA,1000,345219,true,0.8423200951856111,0.9725510185812363,0.9074355568834237,0.9725510185812363,3132,1143215,2406709
1510000,0.00437403503283423,0.5635881907645723,0.004313204082046469,0.005659180233256285,9.147078576225654,9.0,5.2013061974574155,signatures/95dea09cff7a15ab6264955203811833.sig.gz,"GCA_900540635.1 uncultured Clostridiales bacterium, UMGS273",95dea09cff7a15ab6264955203811833,0.5715367146101439,1489000,36,269518000,/nfs3_ib/nfs-ip34/home/def-ilafores/analysis/MethodsComparison/Feces_RA/preproc/SRR5091619/SRR5091619_unmatched_2.fastq,SRR5091619,09eab43b8a173c78059f9718fddaf692,345219000,31,DNA,1000,345219,true,0.8392656099070576,0.9821158363982224,0.91069072315264,0.9821158363982224,13620,1156835,2406709
1505000,0.004359551473122858,0.42977697408077153,0.004130711229683187,0.012318481378513149,20.79032258064516,19.0,14.963309649282722,signatures/c7f0f63b1e20051e05be14074e3f6057.sig.gz,GCF_000020605.1 Agathobacter rectalis ATCC 33656 strain=ATCC 33656 ASM2060v1,c7f0f63b1e20051e05be14074e3f6057,0.45358649789029537,1426000,37,268092000,/nfs3_ib/nfs-ip34/home/def-ilafores/analysis/MethodsComparison/Feces_RA/preproc/SRR5091619/SRR5091619_unmatched_2.fastq,SRR5091619,09eab43b8a173c78059f9718fddaf692,345219000,31,DNA,1000,345219,true,0.8391758199874628,0.9748201999707495,0.9069980099791062,0.9748201999707495,29647,1186482,2406709
1820000,0.005272015734939271,0.4565288179746011,0.004061190143068603,0.011880954448585184,20.39514978601997,14.0,19.00321106244149,signatures/b11818d1b4bf0d22ae3d2662e33873ee.sig.gz,"GCF_003287405.1 Faecalibacterium prausnitzii strain=APC923/51-1, ASM328740v1",b11818d1b4bf0d22ae3d2662e33873ee,0.592640833604689,1402000,38,266690000,/nfs3_ib/nfs-ip34/home/def-ilafores/analysis/MethodsComparison/Feces_RA/preproc/SRR5091619/SRR5091619_unmatched_2.fastq,SRR5091619,09eab43b8a173c78059f9718fddaf692,345219000,31,DNA,1000,345219,true,0.8443361373402173,0.9832652613448956,0.9138006993425565,0.9832652613448956,28594,1215076,2406709
1454000,0.004211819164066868,0.4644533869885983,0.00401194604004994,0.0028723871477606975,4.991335740072202,4.0,6.758756642799969,signatures/202b4a96ab763ae8b9d9aa34459e999a.sig.gz,"GCF_009680455.1 Lachnospira eligens strain=BIOML-A1, ASM968045v1",202b4a96ab763ae8b9d9aa34459e999a,0.4875922199865862,1385000,39,265305000,/nfs3_ib/nfs-ip34/home/def-ilafores/analysis/MethodsComparison/Feces_RA/preproc/SRR5091619/SRR5091619_unmatched_2.fastq,SRR5091619,09eab43b8a173c78059f9718fddaf692,345219000,31,DNA,1000,345219,true,0.8382431070058509,0.9770961792866184,0.9076696431462347,0.9770961792866184,6913,1221989,2406709
1430000,0.004142298077452284,0.5862216516902011,0.003968495360915825,0.012417371605790314,21.813868613138688,21.0,11.757946109447204,signatures/2e8f8e349a6c7ac173d5f4f52e009efc.sig.gz,GCA_025757645.1 Clostridiales bacterium ASM2575764v1,2e8f8e349a6c7ac173d5f4f52e009efc,0.6118955926401369,1370000,40,263935000,/nfs3_ib/nfs-ip34/home/def-ilafores/analysis/MethodsComparison/Feces_RA/preproc/SRR5091619/SRR5091619_unmatched_2.fastq,SRR5091619,09eab43b8a173c78059f9718fddaf692,345219000,31,DNA,1000,345219,true,0.8377931741351757,0.9842799157053773,0.9110365449202765,0.9842799157053773,29885,1251874,2406709
1380000,0.003997462480338568,0.6017857142857143,0.0039047676981857895,0.0017422131217359473,3.1105341246290803,3.0,2.80902139514643,signatures/4a2b47d34bd15d9d4bd0eea00bcee953.sig.gz,"GCF_000196555.1 Bifidobacterium longum subsp. longum JCM 1217 strain=JCM 1217, ASM19655v1",4a2b47d34bd15d9d4bd0eea00bcee953,0.6160714285714286,1348000,41,262587000,/nfs3_ib/nfs-ip34/home/def-ilafores/analysis/MethodsComparison/Feces_RA/preproc/SRR5091619/SRR5091619_unmatched_2.fastq,SRR5091619,09eab43b8a173c78059f9718fddaf692,345219000,31,DNA,1000,345219,true,0.836831859923757,0.9844958854748487,0.9106638726993028,0.9844958854748487,4193,1256067,2406709
1747000,0.005060555763153245,0.4061907770056854,0.003725171557764781,0.0029953766741222143,5.605754276827372,4.0,7.941911846518969,signatures/1536305f1db2c6485876fc17c9a7e45f.sig.gz,"GCF_010509575.1 Faecalibacterium prausnitzii A2-165 strain=JCM 31915, ASM1050957v1",1536305f1db2c6485876fc17c9a7e45f,0.5518003790271636,1286000,42,261301000,/nfs3_ib/nfs-ip34/home/def-ilafores/analysis/MethodsComparison/Feces_RA/preproc/SRR5091619/SRR5091619_unmatched_2.fastq,SRR5091619,09eab43b8a173c78059f9718fddaf692,345219000,31,DNA,1000,345219,true,0.8432219009069849,0.9810031161550281,0.9121125085310064,0.9810031161550281,7209,1263276,2406709
1336000,0.0038700071548784976,0.5907407407407408,0.003696204438342038,0.0021548097422663063,4.064263322884012,4.0,2.6464518162867616,signatures/4a1943cef878ce8b6d6625ec2358cbd9.sig.gz,"GCA_003525905.1 Clostridiales bacterium, ASM352590v1",4a1943cef878ce8b6d6625ec2358cbd9,0.6185185185185185,1276000,43,260025000,/nfs3_ib/nfs-ip34/home/def-ilafores/analysis/MethodsComparison/Feces_RA/preproc/SRR5091619/SRR5091619_unmatched_2.fastq,SRR5091619,09eab43b8a173c78059f9718fddaf692,345219000,31,DNA,1000,345219,true,0.8359576002254323,0.9846217889568735,0.9102896945911529,0.9846217889568735,5186,1268462,2406709
1260000,0.0036498570472656487,0.5893358278765201,0.0036498570472656487,0.0014260136975429933,2.723809523809524,2.0,2.450119160413785,signatures/c5df505dd06ebc4c265f01d9e2dc2f2f.sig.gz,"GCF_007164725.1 Dialister hominis strain=5BBH33, ASM716472v1",c5df505dd06ebc4c265f01d9e2dc2f2f,0.5893358278765201,1260000,44,258765000,/nfs3_ib/nfs-ip34/home/def-ilafores/analysis/MethodsComparison/Feces_RA/preproc/SRR5091619/SRR5091619_unmatched_2.fastq,SRR5091619,09eab43b8a173c78059f9718fddaf692,345219000,31,DNA,1000,345219,true,0.8343797150909887,0.9830878978359249,0.9087338064634568,0.9830878978359249,3432,1271894,2406709
1604000,0.004646325955408016,0.46937212863705974,0.003551368841228322,0.004102282411375866,8.053017944535073,7.0,9.620513777627362,signatures/5738d7e42dd0c6cc15d94495876c467c.sig.gz,"GCF_003287495.1 Faecalibacterium prausnitzii strain=APC923/61-1, ASM328749v1",5738d7e42dd0c6cc15d94495876c467c,0.6140888208269525,1226000,45,257539000,/nfs3_ib/nfs-ip34/home/def-ilafores/analysis/MethodsComparison/Feces_RA/preproc/SRR5091619/SRR5091619_unmatched_2.fastq,SRR5091619,09eab43b8a173c78059f9718fddaf692,345219000,31,DNA,1000,345219,true,0.8409021702744319,0.984393524334919,0.9126478473046755,0.984393524334919,9873,1281767,2406709
1579000,0.004573908156851159,0.2395690499510284,0.0035426787054014986,0.006983810672582352,13.743254292722813,2.0,101.72183778710709,signatures/20d3ad2db691676c0843017fd7066d73.sig.gz,"GCF_009193325.2 Bacteroides sp. HF-5287 strain=HF-5287, ASM919332v2",20d3ad2db691676c0843017fd7066d73,0.30930460333006854,1223000,46,256316000,/nfs3_ib/nfs-ip34/home/def-ilafores/analysis/MethodsComparison/Feces_RA/preproc/SRR5091619/SRR5091619_unmatched_2.fastq,SRR5091619,09eab43b8a173c78059f9718fddaf692,345219000,31,DNA,1000,345219,true,0.8404761639521272,0.962854913743589,0.901665538847858,0.962854913743589,16808,1298575,2406709
1390000,0.004026429599761311,0.29264173703256935,0.0035137115859787556,0.0010699257783138717,2.1228359439406432,1.0,3.776821906497429,signatures/928b2d7b80c57c283b973481c1cf1d26.sig.gz,"GCF_020554845.1 Blautia faecis strain=DFI.3.66, ASM2055484v1",928b2d7b80c57c283b973481c1cf1d26,0.3353437876960193,1213000,47,255103000,/nfs3_ib/nfs-ip34/home/def-ilafores/analysis/MethodsComparison/Feces_RA/preproc/SRR5091619/SRR5091619_unmatched_2.fastq,SRR5091619,09eab43b8a173c78059f9718fddaf692,345219000,31,DNA,1000,345219,true,0.8370267901571685,0.9653687460541069,0.9011977681056378,0.9653687460541069,2575,1301150,2406709
1212000,0.0035108148740364813,0.464354527938343,0.003490537890440561,0.0013391731198080033,2.6746887966804977,2.0,1.8545621684814053,signatures/6a7da8cde172d00735369ddaf57f22c6.sig.gz,"GCA_025150425.1 [Eubacterium] siraeum strain=DSM 15702, ASM2515042v1",6a7da8cde172d00735369ddaf57f22c6,0.46705202312138727,1205000,48,253898000,/nfs3_ib/nfs-ip34/home/def-ilafores/analysis/MethodsComparison/Feces_RA/preproc/SRR5091619/SRR5091619_unmatched_2.fastq,SRR5091619,09eab43b8a173c78059f9718fddaf692,345219000,31,DNA,1000,345219,true,0.8333349771523987,0.9757405708883634,0.904537774020381,0.9757405708883634,3223,1304373,2406709
1354000,0.003922147969839435,0.4104401228249744,0.0034847444665560123,0.004421805876821834,8.84621778886118,8.0,6.914064015186789,signatures/5e84b8efe1510d6c4284a6a7850c9bc5.sig.gz,GCA_025757985.1 Oscillospiraceae bacterium ASM2575798v1,5e84b8efe1510d6c4284a6a7850c9bc5,0.4619583759808939,1203000,49,252695000,/nfs3_ib/nfs-ip34/home/def-ilafores/analysis/MethodsComparison/Feces_RA/preproc/SRR5091619/SRR5091619_unmatched_2.fastq,SRR5091619,09eab43b8a173c78059f9718fddaf692,345219000,31,DNA,1000,345219,true,0.8363185718035963,0.9753954760314458,0.905857023917521,0.9753954760314458,10642,1315015,2406709
1346000,0.0038989742743012405,0.35488813974869754,0.0033543924291536678,0.001172555552000678,2.4369602763385148,2.0,3.560105432567331,signatures/05fdfb341baa3ac1ba3aa5b66467573e.sig.gz,"GCF_003024715.1 Lachnoclostridium sp. SNUG30386 strain=SNUG30386, ASM302471v1",05fdfb341baa3ac1ba3aa5b66467573e,0.41250383083052405,1158000,50,251537000,/nfs3_ib/nfs-ip34/home/def-ilafores/analysis/MethodsComparison/Feces_RA/preproc/SRR5091619/SRR5091619_unmatched_2.fastq,SRR5091619,09eab43b8a173c78059f9718fddaf692,345219000,31,DNA,1000,345219,true,0.8361587168761964,0.9718392859950165,0.9039990014356064,0.9718392859950165,2822,1317837,2406709
1188000,0.0034412937874218974,0.4712215320910973,0.003296458190308181,0.006316509391039797,13.358523725834798,11.0,10.734686739832553,signatures/0c27e38f5990e49c33434011e5c9e03c.sig.gz,"GCF_002834235.1 Ruminococcus bromii strain=5AMG, ASM283423v1",0c27e38f5990e49c33434011e5c9e03c,0.4919254658385093,1138000,51,250399000,/nfs3_ib/nfs-ip34/home/def-ilafores/analysis/MethodsComparison/Feces_RA/preproc/SRR5091619/SRR5091619_unmatched_2.fastq,SRR5091619,09eab43b8a173c78059f9718fddaf692,345219000,31,DNA,1000,345219,true,0.8327974971660752,0.977375094032848,0.9050862955994616,0.977375094032848,15202,1333039,2406709
1115000,0.003229833815635872,0.6503537735849056,0.00319507327232858,0.0012311417790850493,2.686310063463282,2.0,1.7132260508532209,signatures/88efd1d9b9d0b8d1bae8c7d108dfdc0b.sig.gz,"GCA_900553545.1 uncultured Clostridiales bacterium, UMGS1621",88efd1d9b9d0b8d1bae8c7d108dfdc0b,0.6574292452830188,1103000,52,249296000,/nfs3_ib/nfs-ip34/home/def-ilafores/analysis/MethodsComparison/Feces_RA/preproc/SRR5091619/SRR5091619_unmatched_2.fastq,SRR5091619,09eab43b8a173c78059f9718fddaf692,345219000,31,DNA,1000,345219,true,0.8310955816101266,0.9865614967194988,0.9088285391648128,0.9865614967194988,2963,1336002,2406709
1425000,0.004127814517740912,0.43078209953994145,0.0029836133005425544,0.0017600798434708974,4.112621359223301,2.0,8.896652360610886,signatures/61144900a261055f13244d60f6438a55.sig.gz,"GCA_900765105.1 uncultured Faecalibacterium sp., SRS259559_29",61144900a261055f13244d60f6438a55,0.5959849435382685,1030000,53,248266000,/nfs3_ib/nfs-ip34/home/def-ilafores/analysis/MethodsComparison/Feces_RA/preproc/SRR5091619/SRR5091619_unmatched_2.fastq,SRR5091619,09eab43b8a173c78059f9718fddaf692,345219000,31,DNA,1000,345219,true,0.8376985188386298,0.9834437517850431,0.9105711353118364,0.9834437517850431,4236,1340238,2406709
1087000,0.003148725881252191,0.26291201661043345,0.0029343691975238905,0.0006631462299762871,1.575518262586377,1.0,1.5920188567938238,signatures/2de6b86d95365c349243cb609e5c2a62.sig.gz,"GCF_000239295.1 Flavonifractor plautii ATCC 29863 strain=ATCC 29863, ASM23929v1",2de6b86d95365c349243cb609e5c2a62,0.2821178302621334,1013000,54,247253000,/nfs3_ib/nfs-ip34/home/def-ilafores/analysis/MethodsComparison/Feces_RA/preproc/SRR5091619/SRR5091619_unmatched_2.fastq,SRR5091619,09eab43b8a173c78059f9718fddaf692,345219000,31,DNA,1000,345219,true,0.8304140197769282,0.9600015908954486,0.8952078053361884,0.9600015908954486,1596,1341834,2406709
1006000,0.0029140922139279705,0.2201188641866608,0.0028967119422743243,0.0006103770750846904,1.469,1.0,0.7752670507637994,signatures/aa387c39ac911f35b9a9d7259ce43062.sig.gz,"GCF_000701705.1 Bilophila wadsworthia ATCC 49260 strain=ATCC 49260, ASM70170v1",aa387c39ac911f35b9a9d7259ce43062,0.22143957737178077,1000000,55,246253000,/nfs3_ib/nfs-ip34/home/def-ilafores/analysis/MethodsComparison/Feces_RA/preproc/SRR5091619/SRR5091619_unmatched_2.fastq,SRR5091619,09eab43b8a173c78059f9718fddaf692,345219000,31,DNA,1000,345219,true,0.8283421932375711,0.9525311815602092,0.8904366873988901,0.9525311815602092,1469,1343303,2406709
1000000,0.0028967119422743243,0.37279880104908203,0.002882228382562953,0.000876300375325808,2.1195979899497486,2.0,1.4321392927944576,signatures/77570cb1188a2147959b27003864417e.sig.gz,"GCA_000437755.1 Roseburia sp. CAG:303, MGS303",77570cb1188a2147959b27003864417e,0.37467216185837393,995000,56,245258000,/nfs3_ib/nfs-ip34/home/def-ilafores/analysis/MethodsComparison/Feces_RA/preproc/SRR5091619/SRR5091619_unmatched_2.fastq,SRR5091619,09eab43b8a173c78059f9718fddaf692,345219000,31,DNA,1000,345219,true,0.8281823634213968,0.9688283087064136,0.8985053360639053,0.9688283087064136,2109,1345412,2406709
973000,0.0028185007198329175,0.2709677419354839,0.0027982237362369974,0.0007080207868919757,1.763975155279503,1.0,1.3891722423988595,signatures/d504d8a2fd1c1b7711a932c9d66e1250.sig.gz,GCF_026015465.1 Segatella copri strain=N016-9 ASM2601546v1,d504d8a2fd1c1b7711a932c9d66e1250,0.2729312762973352,966000,57,244292000,/nfs3_ib/nfs-ip34/home/def-ilafores/analysis/MethodsComparison/Feces_RA/preproc/SRR5091619/SRR5091619_unmatched_2.fastq,SRR5091619,09eab43b8a173c78059f9718fddaf692,345219000,31,DNA,1000,345219,true,0.8274514492929111,0.9589769557047787,0.893214202498845,0.9589769557047787,1704,1347116,2406709
1155000,0.003345702293326845,0.1437829691032404,0.0027634631929297055,0.0049885549104607164,12.584905660377359,1.0,160.32410707983047,signatures/0e5019418175331bfe955e92113bfc1f.sig.gz,"GCF_003464595.1 Bacteroides intestinalis strain=AF14-32, ASM346459v1",0e5019418175331bfe955e92113bfc1f,0.17407686510926904,954000,58,243338000,/nfs3_ib/nfs-ip34/home/def-ilafores/analysis/MethodsComparison/Feces_RA/preproc/SRR5091619/SRR5091619_unmatched_2.fastq,SRR5091619,09eab43b8a173c78059f9718fddaf692,345219000,31,DNA,1000,345219,true,0.8320410462217579,0.9451653154534227,0.8886031808375903,0.9451653154534227,12006,1359122,2406709
897000,0.002598350612220069,0.5173210161662818,0.0025954539002777948,0.0018793298234227737,5.047991071428571,4.0,3.925497065876625,signatures/210696750d5627775fd0c5e3b29283fe.sig.gz,"GCA_000434995.1 Firmicutes bacterium CAG:341, MGS341",210696750d5627775fd0c5e3b29283fe,0.5178983833718245,896000,59,242442000,/nfs3_ib/nfs-ip34/home/def-ilafores/analysis/MethodsComparison/Feces_RA/preproc/SRR5091619/SRR5091619_unmatched_2.fastq,SRR5091619,09eab43b8a173c78059f9718fddaf692,345219000,31,DNA,1000,345219,true,0.8252834829495712,0.9789986263356466,0.902141054642609,0.9789986263356466,4523,1363645,2406709
1003000,0.0029054020781011476,0.15832426550598477,0.002528829525605485,0.0008023404574462471,2.211912943871707,1.0,14.236015670111525,signatures/e1a6b1808735b4a3230b660a9d899fa2.sig.gz,"GCA_000613465.1 Bacteroides nordii WAL 11050 = JCM 12987 strain=JCM 12987, ASM61346v1",e1a6b1808735b4a3230b660a9d899fa2,0.1819006166122597,873000,60,241569000,/nfs3_ib/nfs-ip34/home/def-ilafores/analysis/MethodsComparison/Feces_RA/preproc/SRR5091619/SRR5091619_unmatched_2.fastq,SRR5091619,09eab43b8a173c78059f9718fddaf692,345219000,31,DNA,1000,345219,true,0.8282623939881952,0.9465066790983279,0.8873845365432615,0.9465066790983279,1931,1365576,2406709
1911000,0.005535616521686234,0.18776994771538985,0.002392684064318592,0.002286940382073612,6.663438256658596,3.0,10.703489725066959,signatures/6bae471e5a4f273d83204d975d3e2077.sig.gz,"GCA_019417795.1 Clostridiales bacterium, ASM1941779v1",6bae471e5a4f273d83204d975d3e2077,0.4344169129347579,826000,61,240743000,/nfs3_ib/nfs-ip34/home/def-ilafores/analysis/MethodsComparison/Feces_RA/preproc/SRR5091619/SRR5091619_unmatched_2.fastq,SRR5091619,09eab43b8a173c78059f9718fddaf692,345219000,31,DNA,1000,345219,true,0.8456660642408796,0.9734632746879339,0.9095646694644068,0.9734632746879339,5504,1371080,2406709
880000,0.0025491065092014056,0.3128810975609756,0.00237820050460722,0.0006972176528196803,2.043848964677223,1.0,2.1103599906701276,signatures/9d842f452bc2873386caa06583d801ad.sig.gz,GCF_030296915.1 Anaerostipes hadrus ATCC 29173 = JCM 17467 strain=JCM 17467 ASM3029691v1,9d842f452bc2873386caa06583d801ad,0.3353658536585366,821000,62,239922000,/nfs3_ib/nfs-ip34/home/def-ilafores/analysis/MethodsComparison/Feces_RA/preproc/SRR5091619/SRR5091619_unmatched_2.fastq,SRR5091619,09eab43b8a173c78059f9718fddaf692,345219000,31,DNA,1000,345219,true,0.824774255065345,0.9653707950935765,0.8950725250794607,0.9653707950935765,1678,1372758,2406709
883000,0.0025577966450282285,0.2835235378031384,0.002302885994108088,0.0007911218182173249,2.3949685534591194,1.0,4.089867810785936,signatures/7ab97adfe1aa84492d9fd6e33d09a40b.sig.gz,"GCF_014287955.1 Lachnospira sp. NSJ-43 strain=NSJ-43, ASM1428795v1",7ab97adfe1aa84492d9fd6e33d09a40b,0.31490727532097007,795000,63,239127000,/nfs3_ib/nfs-ip34/home/def-ilafores/analysis/MethodsComparison/Feces_RA/preproc/SRR5091619/SRR5091619_unmatched_2.fastq,SRR5091619,09eab43b8a173c78059f9718fddaf692,345219000,31,DNA,1000,345219,true,0.8248648067634624,0.9634126511042946,0.8941387289338785,0.9634126511042946,1904,1374662,2406709
936000,0.0027113223779687678,0.22755191576484352,0.0022536418910894243,0.0006747803743618361,2.0874035989717226,1.0,2.978512714221449,signatures/8c91537000df08516afde1ea4eac7752.sig.gz,GCF_025149785.1 Coprococcus comes ATCC 27758 strain=ATCC 27758 ASM2514978v1,8c91537000df08516afde1ea4eac7752,0.2737642585551331,778000,64,238349000,/nfs3_ib/nfs-ip34/home/def-ilafores/analysis/MethodsComparison/Feces_RA/preproc/SRR5091619/SRR5091619_unmatched_2.fastq,SRR5091619,09eab43b8a173c78059f9718fddaf692,345219000,31,DNA,1000,345219,true,0.826417285155773,0.9590712289331086,0.8927442570444408,0.9590712289331086,1624,1376286,2406709
834000,0.0024158577598567864,0.1861934856587263,0.0022188813477821323,0.0005310155901689817,1.6684073107049608,1.0,2.634817946188106,signatures/4edd699389284f85ac20f9344f953c5f.sig.gz,"GCF_000949455.1 Ruthenibacterium lactatiformans strain=585-1, ASM94945v1",4edd699389284f85ac20f9344f953c5f,0.202722411278561,766000,65,237583000,/nfs3_ib/nfs-ip34/home/def-ilafores/analysis/MethodsComparison/Feces_RA/preproc/SRR5091619/SRR5091619_unmatched_2.fastq,SRR5091619,09eab43b8a173c78059f9718fddaf692,345219000,31,DNA,1000,345219,true,0.8233470752531937,0.9498214921038971,0.8865842836785454,0.9498214921038971,1278,1377564,2406709
789000,0.002285505722454442,0.23896103896103896,0.0021319799895139027,0.0005364171572051295,1.7540760869565217,1.0,1.8556932709771605,signatures/7ea1b3c55be6e308fa316078f05fe4e8.sig.gz,GCF_025567565.1 Muriventricola aceti strain=H5_61 ASM2556756v1,7ea1b3c55be6e308fa316078f05fe4e8,0.25616883116883116,736000,66,236847000,/nfs3_ib/nfs-ip34/home/def-ilafores/analysis/MethodsComparison/Feces_RA/preproc/SRR5091619/SRR5091619_unmatched_2.fastq,SRR5091619,09eab43b8a173c78059f9718fddaf692,345219000,31,DNA,1000,345219,true,0.8218752098620746,0.9570182127564233,0.889446711309249,0.9570182127564233,1291,1378855,2406709
739000,0.0021406701253407255,0.18544719555330974,0.002126186565629354,0.00039140585754239506,1.2833787465940054,1.0,0.5986556473227773,signatures/a5ebf5627a166d02c647709674b0f412.sig.gz,"GCF_009759685.1 Acinetobacter baumannii strain=ATCC 19606, ASM975968v1",a5ebf5627a166d02c647709674b0f412,0.18671045982819606,734000,67,236113000,/nfs3_ib/nfs-ip34/home/def-ilafores/analysis/MethodsComparison/Feces_RA/preproc/SRR5091619/SRR5091619_unmatched_2.fastq,SRR5091619,09eab43b8a173c78059f9718fddaf692,345219000,31,DNA,1000,345219,true,0.8201413363792807,0.9473038693893848,0.8837226028843328,0.9473038693893848,942,1379797,2406709
776000,0.0022478484672048757,0.2492318197336975,0.002114599717860257,0.0006490190546509778,2.1397260273972605,2.0,1.590962466174054,signatures/423e927cb11bff8ed2bc0d1c431fc5ce.sig.gz,GCA_937967235.1 uncultured Clostridia bacterium ERR1600602_bin.57_CONCOCT_v1.1_MAG,423e927cb11bff8ed2bc0d1c431fc5ce,0.26493683851143734,730000,68,235383000,/nfs3_ib/nfs-ip34/home/def-ilafores/analysis/MethodsComparison/Feces_RA/preproc/SRR5091619/SRR5091619_unmatched_2.fastq,SRR5091619,09eab43b8a173c78059f9718fddaf692,345219000,31,DNA,1000,345219,true,0.8214348610670441,0.958057750744079,0.8897463059055615,0.958057750744079,1562,1381359,2406709
814000,0.0023579235210113,0.21914509331727874,0.0021088062939757083,0.0004753378991809978,1.5714285714285714,1.0,1.739286560461918,signatures/ac6ff4cab85d8673ba368b5f66dcfee5.sig.gz,"GCF_018408705.1 Oscillibacter sp. MM59 strain=MM59, ASM1840870v1",ac6ff4cab85d8673ba368b5f66dcfee5,0.24503311258278146,728000,69,234655000,/nfs3_ib/nfs-ip34/home/def-ilafores/analysis/MethodsComparison/Feces_RA/preproc/SRR5091619/SRR5091619_unmatched_2.fastq,SRR5091619,09eab43b8a173c78059f9718fddaf692,345219000,31,DNA,1000,345219,true,0.8227026458550766,0.9556471598779821,0.8891749028665293,0.9556471598779821,1144,1382503,2406709
707000,0.0020479753431879473,0.3238662391204764,0.0020479753431879473,0.0006448640030847103,2.195190947666195,2.0,2.6787084564499337,signatures/dbd15eddd1d077ef23fe41235986f0cd.sig.gz,"GCF_000785515.1 Streptococcus salivarius strain=NCTC 8618, ASM78551v1",dbd15eddd1d077ef23fe41235986f0cd,0.3238662391204764,707000,70,233948000,/nfs3_ib/nfs-ip34/home/def-ilafores/analysis/MethodsComparison/Feces_RA/preproc/SRR5091619/SRR5091619_unmatched_2.fastq,SRR5091619,09eab43b8a173c78059f9718fddaf692,345219000,31,DNA,1000,345219,true,0.8189710300429418,0.9642848519858478,0.8916279410143948,0.9642848519858478,1552,1384055,2406709
957000,0.0027721533287565284,0.17320261437908496,0.0019958345282270096,0.009774758809644207,34.14368650217707,1.0,72.32374376039002,signatures/21dcfee3f1e24fb9aebbbe6b8ae42cad.sig.gz,"GCF_000154845.1 Bacteroides coprocola DSM 17136 strain=DSM 17136, ASM15484v1",21dcfee3f1e24fb9aebbbe6b8ae42cad,0.24057315233785823,689000,71,233259000,/nfs3_ib/nfs-ip34/home/def-ilafores/analysis/MethodsComparison/Feces_RA/preproc/SRR5091619/SRR5091619_unmatched_2.fastq,SRR5091619,09eab43b8a173c78059f9718fddaf692,345219000,31,DNA,1000,345219,true,0.8270089961264339,0.9550810560019396,0.8910450260641867,0.9550810560019396,23525,1407580,2406709
761000,0.002204397788070761,0.20732464307883303,0.0019350035774392488,0.0005139798787472852,1.8517964071856288,1.0,2.1319945976802983,signatures/d857a1209d50af1cfcfc6c682397f261.sig.gz,"GCF_000173975.1 Anaerobutyricum hallii DSM 3353 strain=DSM 3353, ASM17397v1",d857a1209d50af1cfcfc6c682397f261,0.2361887026691496,668000,72,232591000,/nfs3_ib/nfs-ip34/home/def-ilafores/analysis/MethodsComparison/Feces_RA/preproc/SRR5091619/SRR5091619_unmatched_2.fastq,SRR5091619,09eab43b8a173c78059f9718fddaf692,345219000,31,DNA,1000,345219,true,0.8209178070789857,0.9545145486747314,0.8877161778768585,0.9545145486747314,1237,1408817,2406709
872000,0.002525932813663211,0.25518035303146586,0.0019263134416124257,0.00047699991980750477,1.7263157894736842,1.0,1.4301740120657658,signatures/d3662e3e25bc6f3df72d2f3b05edc233.sig.gz,GCF_029218125.1 Neopoerus faecalis strain=CMD_1836 ASM2921812v1,d3662e3e25bc6f3df72d2f3b05edc233,0.33461243284727554,665000,73,231926000,/nfs3_ib/nfs-ip34/home/def-ilafores/analysis/MethodsComparison/Feces_RA/preproc/SRR5091619/SRR5091619_unmatched_2.fastq,SRR5091619,09eab43b8a173c78059f9718fddaf692,345219000,31,DNA,1000,345219,true,0.8245313154539796,0.9653007587005266,0.8949160370772531,0.9653007587005266,1148,1409965,2406709
797000,0.0023086794179926367,0.19022687609075042,0.0018944496102474083,0.0005842002502172054,2.149847094801223,1.0,4.410391361816726,signatures/6d52f6d5746cd08db0364ff5d7023f3e.sig.gz,"GCF_000469345.1 Eubacterium ramulus ATCC 29099 strain=ATCC 29099, ASM46934v1",6d52f6d5746cd08db0364ff5d7023f3e,0.23182082606166377,654000,74,231272000,/nfs3_ib/nfs-ip34/home/def-ilafores/analysis/MethodsComparison/Feces_RA/preproc/SRR5091619/SRR5091619_unmatched_2.fastq,SRR5091619,09eab43b8a173c78059f9718fddaf692,345219000,31,DNA,1000,345219,true,0.8221427169776633,0.9539399714816507,0.888041344229657,0.9539399714816507,1406,1411371,2406709
694000,0.002010318087938381,0.20224019912881144,0.0018828627624783109,0.00039057484722914153,1.4461538461538461,1.0,0.7967389154599424,signatures/258760aab9c6ac2bdd2f8461544f96e1.sig.gz,"GCF_004154955.1 Intestinimonas butyriciproducens strain=SRB-521-5-I, ASM415495v1",258760aab9c6ac2bdd2f8461544f96e1,0.21593030491599252,650000,75,230622000,/nfs3_ib/nfs-ip34/home/def-ilafores/analysis/MethodsComparison/Feces_RA/preproc/SRR5091619/SRR5091619_unmatched_2.fastq,SRR5091619,09eab43b8a173c78059f9718fddaf692,345219000,31,DNA,1000,345219,true,0.8184808850949525,0.9517573625673711,0.8851191238311618,0.9517573625673711,940,1412311,2406709
674000,0.0019523838490928948,0.2891674127126231,0.0018712759147092135,0.0005825382295906983,2.170278637770898,1.0,4.615103309800538,signatures/ce17a62d58972b2a143401d9c247e298.sig.gz,"GCA_900549705.1 uncultured Clostridiales bacterium, UMGS1211",ce17a62d58972b2a143401d9c247e298,0.3017009847806625,646000,76,229976000,/nfs3_ib/nfs-ip34/home/def-ilafores/analysis/MethodsComparison/Feces_RA/preproc/SRR5091619/SRR5091619_unmatched_2.fastq,SRR5091619,09eab43b8a173c78059f9718fddaf692,345219000,31,DNA,1000,345219,true,0.8177091879904768,0.9620821399693502,0.8898956639799135,0.9620821399693502,1402,1413713,2406709
799000,0.0023144728418771853,0.17823479005998286,0.0018075482519791784,0.0005135643735906584,1.9807692307692308,1.0,3.1682947646922526,signatures/6d00b0a0ca344fdf96ce690671c5fa63.sig.gz,"GCF_902381825.1 Coprococcus catus, UHGG_MGYG-HGUT-01714",6d00b0a0ca344fdf96ce690671c5fa63,0.22822050842616395,624000,77,229352000,/nfs3_ib/nfs-ip34/home/def-ilafores/analysis/MethodsComparison/Feces_RA/preproc/SRR5091619/SRR5091619_unmatched_2.fastq,SRR5091619,09eab43b8a173c78059f9718fddaf692,345219000,31,DNA,1000,345219,true,0.8222091877014289,0.9534584312897693,0.8878338094955991,0.9534584312897693,1236,1414949,2406709
691000,0.002001627952111558,0.15681233933161953,0.0017669942847873378,0.0014226896562899794,5.613114754098361,1.0,14.785277074412903,signatures/0af939165079e9d7e74d2ed29256e457.sig.gz,"GCF_003437535.1 Bacteroides plebeius strain=TF10-3AC, ASM343753v1",0af939165079e9d7e74d2ed29256e457,0.17763496143958868,610000,78,228742000,/nfs3_ib/nfs-ip34/home/def-ilafores/analysis/MethodsComparison/Feces_RA/preproc/SRR5091619/SRR5091619_unmatched_2.fastq,SRR5091619,09eab43b8a173c78059f9718fddaf692,345219000,31,DNA,1000,345219,true,0.8183665133733441,0.9457824265615623,0.8820744699674532,0.9457824265615623,3424,1418373,2406709
1096000,0.0031747962887326594,0.14795918367346939,0.0017640975728450635,0.0005164729096870457,2.0410509031198685,1.0,2.8284194984969675,signatures/06f53d8a347ef84d19961ba77261cd81.sig.gz,GCA_003471165.1 Ruminococcus sp. AM22-13 strain=AM22-13 ASM347116v1,06f53d8a347ef84d19961ba77261cd81,0.2662779397473275,609000,79,228133000,/nfs3_ib/nfs-ip34/home/def-ilafores/analysis/MethodsComparison/Feces_RA/preproc/SRR5091619/SRR5091619_unmatched_2.fastq,SRR5091619,09eab43b8a173c78059f9718fddaf692,345219000,31,DNA,1000,345219,true,0.8306349280437804,0.9582138093403921,0.8944243686920863,0.9582138093403921,1243,1419616,2406709
1716000,0.004970757692942741,0.19156471345782355,0.001723543605653223,0.005862362254846764,23.712605042016808,21.0,20.39401195120414,signatures/b7fbb7c245964c8787ceff9b2ee964a0.sig.gz,"GCF_003324185.1 Faecalibacterium prausnitzii strain=ATCC 27768, ASM332418v1",b7fbb7c245964c8787ceff9b2ee964a0,0.5524790727623954,595000,80,227538000,/nfs3_ib/nfs-ip34/home/def-ilafores/analysis/MethodsComparison/Feces_RA/preproc/SRR5091619/SRR5091619_unmatched_2.fastq,SRR5091619,09eab43b8a173c78059f9718fddaf692,345219000,31,DNA,1000,345219,true,0.8427350392466397,0.9810420154923765,0.9118885273695081,0.9810420154923765,14109,1433725,2406709
607000,0.001758304148960515,0.19415243101182655,0.0017119567578841256,0.00041592066178337307,1.6937394247038917,1.0,1.023883020522719,signatures/245cce7c17ed189565ed35f57884004e.sig.gz,GCF_025567495.1 Hominimerdicola aceti strain=Sanger_31 ASM2556749v1,245cce7c17ed189565ed35f57884004e,0.19940867279894875,591000,81,226947000,/nfs3_ib/nfs-ip34/home/def-ilafores/analysis/MethodsComparison/Feces_RA/preproc/SRR5091619/SRR5091619_unmatched_2.fastq,SRR5091619,09eab43b8a173c78059f9718fddaf692,345219000,31,DNA,1000,345219,true,0.8149520649975315,0.9493166503475521,0.8821343576725418,0.9493166503475521,1001,1434726,2406709
641000,0.001856792354997842,0.2240520873228648,0.0016945764862304799,0.0003303265995182633,1.358974358974359,1.0,0.7873089344830888,signatures/ff319075e0e50fcb7f8fec8840a453c8.sig.gz,"GCF_003425665.1 Evtepia gabavorous strain=KLE1738, ASM342566v1",ff319075e0e50fcb7f8fec8840a453c8,0.24549980850248948,585000,82,226362000,/nfs3_ib/nfs-ip34/home/def-ilafores/analysis/MethodsComparison/Feces_RA/preproc/SRR5091619/SRR5091619_unmatched_2.fastq,SRR5091619,09eab43b8a173c78059f9718fddaf692,345219000,31,DNA,1000,345219,true,0.8163860810023902,0.9557058202995222,0.8860459506509561,0.9557058202995222,795,1435521,2406709
589000,0.001706163333999577,0.21721157459601653,0.0016742995026345596,0.0004391889505544709,1.828719723183391,1.0,3.644696401032735,signatures/47110158281adb158ae3c95fa9af9cf0.sig.gz,"GCA_900542445.1 uncultured Clostridiales bacterium, UMGS462",47110158281adb158ae3c95fa9af9cf0,0.22134535888763623,578000,83,225784000,/nfs3_ib/nfs-ip34/home/def-ilafores/analysis/MethodsComparison/Feces_RA/preproc/SRR5091619/SRR5091619_unmatched_2.fastq,SRR5091619,09eab43b8a173c78059f9718fddaf692,345219000,31,DNA,1000,345219,true,0.8141610883874366,0.9525181051720428,0.8833395967797397,0.9525181051720428,1057,1436578,2406709
627000,0.0018162383878060015,0.17478421701602959,0.001642435671269542,0.0003814337337833531,1.619047619047619,1.0,1.2996501263783318,signatures/f5b8118b5c8d1cd71ab0f4ec367c387c.sig.gz,"GCF_009696065.1 Lachnospiraceae bacterium BSM-380-WT-5A strain=BSM-380-WT-5A, ASM969606v1",f5b8118b5c8d1cd71ab0f4ec367c387c,0.19327990135635018,567000,84,225217000,/nfs3_ib/nfs-ip34/home/def-ilafores/analysis/MethodsComparison/Feces_RA/preproc/SRR5091619/SRR5091619_unmatched_2.fastq,SRR5091619,09eab43b8a173c78059f9718fddaf692,345219000,31,DNA,1000,345219,true,0.8158047337184718,0.9483611712770993,0.8820829524977856,0.9483611712770993,918,1437496,2406709
565000,0.0016366422473849934,0.3797043010752688,0.0016366422473849934,0.0008405669318559078,3.5805309734513275,2.0,5.302459913473782,signatures/fe8ce1a23c921b5156134e72719f0465.sig.gz,"GCA_000437215.1 Clostridium sp. CAG:440, MGS440",fe8ce1a23c921b5156134e72719f0465,0.3797043010752688,565000,85,224652000,/nfs3_ib/nfs-ip34/home/def-ilafores/analysis/MethodsComparison/Feces_RA/preproc/SRR5091619/SRR5091619_unmatched_2.fastq,SRR5091619,09eab43b8a173c78059f9718fddaf692,345219000,31,DNA,1000,345219,true,0.8130692576041358,0.9692453504600423,0.891157304032089,0.9692453504600423,2023,1439519,2406709
651000,0.0018857594744205852,0.14355168884339817,0.001625055399615896,0.0003473623109399599,1.4901960784313726,1.0,1.2639214635449374,signatures/7e6d64aeed16ed31733900b0e7434256.sig.gz,"GCA_003112755.1 Lawsonibacter asaccharolyticus strain=3BBH22, ASM311275v1",7e6d64aeed16ed31733900b0e7434256,0.16658137154554759,561000,86,224091000,/nfs3_ib/nfs-ip34/home/def-ilafores/analysis/MethodsComparison/Feces_RA/preproc/SRR5091619/SRR5091619_unmatched_2.fastq,SRR5091619,09eab43b8a173c78059f9718fddaf692,345219000,31,DNA,1000,345219,true,0.8167938540262186,0.9438243448565314,0.880309099441375,0.9438243448565314,836,1440355,2406709
723000,0.0020943227342643364,0.19739619985925405,0.001625055399615896,0.0004977751776388421,2.135472370766488,1.0,4.335671404032649,signatures/2e1846f271e5a6c1736e89d400b10289.sig.gz,GCF_025150085.1 Dorea longicatena strain=DSM 13814 ASM2515008v1,2e1846f271e5a6c1736e89d400b10289,0.25439831104855737,561000,87,223530000,/nfs3_ib/nfs-ip34/home/def-ilafores/analysis/MethodsComparison/Feces_RA/preproc/SRR5091619/SRR5091619_unmatched_2.fastq,SRR5091619,09eab43b8a173c78059f9718fddaf692,345219000,31,DNA,1000,345219,true,0.8195624495924437,0.9568041260657031,0.8881832878290734,0.9568041260657031,1198,1441553,2406709
714000,0.002068252326783868,0.14038709677419356,0.0015758112965972325,0.0004362804144580836,1.9301470588235294,1.0,3.3025573836787974,signatures/873a8b7cc5e0a6e07152a8bfd5c774b1.sig.gz,"GCF_003473545.1 Clostridium sp. AM22-11AC strain=AM22-11AC, ASM347354v1",873a8b7cc5e0a6e07152a8bfd5c774b1,0.18425806451612903,544000,88,222986000,/nfs3_ib/nfs-ip34/home/def-ilafores/analysis/MethodsComparison/Feces_RA/preproc/SRR5091619/SRR5091619_unmatched_2.fastq,SRR5091619,09eab43b8a173c78059f9718fddaf692,345219000,31,DNA,1000,345219,true,0.8192313535168227,0.9468999220586879,0.8830656377877553,0.9468999220586879,1050,1442603,2406709
2211000,0.006404630104368531,0.09782214156079855,0.0015613277368858609,0.003618218903905707,16.155844155844157,4.0,25.15690682909217,signatures/f906f0ea3324bc6db880a742f3f0b0ba.sig.gz,"GCF_013009555.1 Bacteroides dorei strain=DSM 17855, ASM1300955v1",f906f0ea3324bc6db880a742f3f0b0ba,0.4012704174228675,539000,89,222447000,/nfs3_ib/nfs-ip34/home/def-ilafores/analysis/MethodsComparison/Feces_RA/preproc/SRR5091619/SRR5091619_unmatched_2.fastq,SRR5091619,09eab43b8a173c78059f9718fddaf692,345219000,31,DNA,1000,345219,true,0.8496532904181678,0.9709741094171779,0.9103136999176729,0.9709741094171779,8708,1451311,2406709
599000,0.0017351304534223204,0.20251716247139587,0.0015381540413476663,0.0003257560427953691,1.4764595103578155,1.0,1.2744451500362746,signatures/f688e4f928dd46c9b090e97a39a1952a.sig.gz,GCF_025152405.1 [Ruminococcus] lactaris ATCC 29176 strain=ATCC 29176 ASM2515240v1,f688e4f928dd46c9b090e97a39a1952a,0.2284515636918383,531000,90,221916000,/nfs3_ib/nfs-ip34/home/def-ilafores/analysis/MethodsComparison/Feces_RA/preproc/SRR5091619/SRR5091619_unmatched_2.fastq,SRR5091619,09eab43b8a173c78059f9718fddaf692,345219000,31,DNA,1000,345219,true,0.814603361353589,0.9534895548025389,0.884046458078064,0.9534895548025389,784,1452095,2406709
700000,0.0020276983595920272,0.13995782814971006,0.0015381540413476663,0.00044292849696411156,2.007532956685499,1.0,7.132056735149824,signatures/7cd4b3339789e10ae81fb36d32edd892.sig.gz,"GCF_020686945.1 Fusicatenibacter sp. CLA-AA-H277 strain=CLA-AA-H277, ASM2068694v1",7cd4b3339789e10ae81fb36d32edd892,0.18450184501845018,531000,91,221385000,/nfs3_ib/nfs-ip34/home/def-ilafores/analysis/MethodsComparison/Feces_RA/preproc/SRR5091619/SRR5091619_unmatched_2.fastq,SRR5091619,09eab43b8a173c78059f9718fddaf692,345219000,31,DNA,1000,345219,true,0.8187082002037094,0.9469403086291298,0.8828242544164195,0.9469403086291298,1066,1453161,2406709
669000,0.001937900289381523,0.24372093023255814,0.001517877057751746,0.00036979958939780425,1.6984732824427482,1.0,2.0988722792742824,signatures/d0815745ffe021a1fc84e0109d9a56a5.sig.gz,"GCA_900544615.1 uncultured Oscillibacter sp., UMGS683",d0815745ffe021a1fc84e0109d9a56a5,0.31116279069767444,524000,92,220861000,/nfs3_ib/nfs-ip34/home/def-ilafores/analysis/MethodsComparison/Feces_RA/preproc/SRR5091619/SRR5091619_unmatched_2.fastq,SRR5091619,09eab43b8a173c78059f9718fddaf692,345219000,31,DNA,1000,345219,true,0.8175128017659536,0.9630409694297765,0.8902768855978651,0.9630409694297765,890,1454051,2406709
729000,0.0021117030059179826,0.12758620689655173,0.0015004967860981,0.0005218744767231933,2.4247104247104247,1.0,4.765659759889932,signatures/659be16e24434afee44065c0476f013e.sig.gz,GCF_025567015.1 Waltera acetigignens strain=f_CXY ASM2556701v1,659be16e24434afee44065c0476f013e,0.17955665024630543,518000,93,220343000,/nfs3_ib/nfs-ip34/home/def-ilafores/analysis/MethodsComparison/Feces_RA/preproc/SRR5091619/SRR5091619_unmatched_2.fastq,SRR5091619,09eab43b8a173c78059f9718fddaf692,345219000,31,DNA,1000,345219,true,0.8197809716855449,0.946110764385303,0.8829458680354239,0.946110764385303,1256,1455307,2406709
2389000,0.006920244830093361,0.10705857112207681,0.0014454592591948878,0.0006112080853979438,2.9478957915831665,2.0,3.9810788183956944,signatures/c7357052beed930961bb4cc339dd0845.sig.gz,GCA_948436425.1 uncultured Bacteroides sp. SRR17684645_bin.52_metawrap_v1.3_MAG,c7357052beed930961bb4cc339dd0845,0.5125509547307445,499000,94,219844000,/nfs3_ib/nfs-ip34/home/def-ilafores/analysis/MethodsComparison/Feces_RA/preproc/SRR5091619/SRR5091619_unmatched_2.fastq,SRR5091619,09eab43b8a173c78059f9718fddaf692,345219000,31,DNA,1000,345219,true,0.8517781567312239,0.9786709086068959,0.9152245326690599,0.9786709086068959,1471,1456778,2406709
630000,0.0018249285236328244,0.12852581160191592,0.0013991118681184987,0.0003228475066989819,1.608695652173913,1.0,1.2369764432021326,signatures/9fb1a0e9e5b9105badec4d5b913f28ac.sig.gz,GCA_002224675.1 Segatella copri strain=Indica ASM222467v1,9fb1a0e9e5b9105badec4d5b913f28ac,0.16764236295902077,483000,95,219361000,/nfs3_ib/nfs-ip34/home/def-ilafores/analysis/MethodsComparison/Feces_RA/preproc/SRR5091619/SRR5091619_unmatched_2.fastq,SRR5091619,09eab43b8a173c78059f9718fddaf692,345219000,31,DNA,1000,345219,true,0.8159303583383024,0.9440176662832527,0.8799740123107775,0.9440176662832527,777,1457555,2406709
2076000,0.006013573992161497,0.1175293823455864,0.0013614546128689325,0.005223315323954828,26.7468085106383,13.0,32.418305513514845,signatures/368314a9cda1fb73c39f56f1ff8da594.sig.gz,"GCA_900760795.1 Bacteroidaceae bacterium, SRS021948_34",368314a9cda1fb73c39f56f1ff8da594,0.5191297824456114,470000,96,218891000,/nfs3_ib/nfs-ip34/home/def-ilafores/analysis/MethodsComparison/Feces_RA/preproc/SRR5091619/SRR5091619_unmatched_2.fastq,SRR5091619,09eab43b8a173c78059f9718fddaf692,345219000,31,DNA,1000,345219,true,0.8479282760735629,0.979073628793287,0.913500952433425,0.979073628793287,12571,1470126,2406709
458000,0.0013266940695616405,0.20856102003642987,0.0013266940695616405,0.000257197691951956,1.351528384279476,1.0,0.6614855752205788,signatures/d4a32dcfde3f9de1444c0054ca00270d.sig.gz,"GCA_905202055.1 uncultured Oxalobacter sp., ERR1190664-mag-bin.3",d4a32dcfde3f9de1444c0054ca00270d,0.20856102003642987,458000,97,218433000,/nfs3_ib/nfs-ip34/home/def-ilafores/analysis/MethodsComparison/Feces_RA/preproc/SRR5091619/SRR5091619_unmatched_2.fastq,SRR5091619,09eab43b8a173c78059f9718fddaf692,345219000,31,DNA,1000,345219,true,0.8075811147743038,0.9506918673672105,0.8791364910707571,0.9506918673672105,619,1470745,2406709
453000,0.001312210509850269,0.20196604110813227,0.0013093137979079946,0.0002779729497832933,1.4800884955752212,1.0,1.33272360396217,signatures/d6ec1bf8f193a3a0129b996a97606afd.sig.gz,"GCF_003269275.1 Phascolarctobacterium faecium DSM 14760 strain=DSM 14760, ASM326927v1",d6ec1bf8f193a3a0129b996a97606afd,0.20241286863270777,452000,98,217981000,/nfs3_ib/nfs-ip34/home/def-ilafores/analysis/MethodsComparison/Feces_RA/preproc/SRR5091619/SRR5091619_unmatched_2.fastq,SRR5091619,09eab43b8a173c78059f9718fddaf692,345219000,31,DNA,1000,345219,true,0.807295202002915,0.9497746733229697,0.8785349376629423,0.9497746733229697,669,1471414,2406709
485000,0.0014049052920030473,0.14142394822006474,0.0012658631187738797,0.00027589542400015954,1.5194508009153318,1.0,1.1003272533719632,signatures/86d52276513917f0f99c524dcf5033f6.sig.gz,"GCF_014384985.1 Jutongia huaianensis strain=NSJ-37, ASM1438498v1",86d52276513917f0f99c524dcf5033f6,0.156957928802589,437000,99,217544000,/nfs3_ib/nfs-ip34/home/def-ilafores/analysis/MethodsComparison/Feces_RA/preproc/SRR5091619/SRR5091619_unmatched_2.fastq,SRR5091619,09eab43b8a173c78059f9718fddaf692,345219000,31,DNA,1000,345219,true,0.8090746880658335,0.9420143628024771,0.8755445254341553,0.9420143628024771,664,1472078,2406709
423000,0.0012253091515820392,0.13574660633484162,0.0012166190157552163,0.00023476041349411168,1.3452380952380953,1.0,0.6304580273602982,signatures/0577121652a91194533e84a2dee7741c.sig.gz,"GCA_905209085.1 uncultured Clostridiales bacterium, ERR1600743-mag-bin.83",0577121652a91194533e84a2dee7741c,0.13671622495151906,420000,100,217124000,/nfs3_ib/nfs-ip34/home/def-ilafores/analysis/MethodsComparison/Feces_RA/preproc/SRR5091619/SRR5091619_unmatched_2.fastq,SRR5091619,09eab43b8a173c78059f9718fddaf692,345219000,31,DNA,1000,345219,true,0.8055127911591586,0.9378280705903917,0.8716704308747751,0.9378280705903917,565,1472643,2406709
730000,0.002114599717860257,0.1174496644295302,0.0012166190157552163,0.00026218375383147693,1.5023809523809524,1.0,1.0246923104355556,signatures/d34078f9298900e7191ac0e462f50070.sig.gz,"GCA_900066355.1 uncultured Ruminococcus sp., 13414_6#66",d34078f9298900e7191ac0e462f50070,0.2041387024608501,420000,101,216704000,/nfs3_ib/nfs-ip34/home/def-ilafores/analysis/MethodsComparison/Feces_RA/preproc/SRR5091619/SRR5091619_unmatched_2.fastq,SRR5091619,09eab43b8a173c78059f9718fddaf692,345219000,31,DNA,1000,345219,true,0.8198172227291428,0.9500348295955534,0.8849260261623482,0.9500348295955534,631,1473274,2406709
1286000,0.003725171557764781,0.19049794426678848,0.0012079288799283932,0.0007013727043859478,4.047961630695443,3.0,3.2197832595278753,signatures/c0340cc532c0a9a2b4e1c7e77225d4c1.sig.gz,"GCA_934835795.1 Oscillibacter sp. ER4, MTG222_bin.50.fa",c0340cc532c0a9a2b4e1c7e77225d4c1,0.5874828688899041,417000,102,216287000,/nfs3_ib/nfs-ip34/home/def-ilafores/analysis/MethodsComparison/Feces_RA/preproc/SRR5091619/SRR5091619_unmatched_2.fastq,SRR5091619,09eab43b8a173c78059f9718fddaf692,345219000,31,DNA,1000,345219,true,0.8349296422451628,0.9829880369995395,0.9089588396223511,0.9829880369995395,1688,1474962,2406709
542000,0.0015700178727126837,0.14275741710296685,0.0011847551843901986,0.0003365591768676645,1.980440097799511,1.0,3.8965358324228854,signatures/5998c1d4c3c14df80fd6cff6ba682767.sig.gz,"GCA_003096535.1 Agathobaculum butyriciproducens strain=DSM 100391, ASM309653v1",5998c1d4c3c14df80fd6cff6ba682767,0.18917975567190226,409000,103,215878000,/nfs3_ib/nfs-ip34/home/def-ilafores/analysis/MethodsComparison/Feces_RA/preproc/SRR5091619/SRR5091619_unmatched_2.fastq,SRR5091619,09eab43b8a173c78059f9718fddaf692,345219000,31,DNA,1000,345219,true,0.8119799576681419,0.9477054456214089,0.8798427016447754,0.9477054456214089,810,1475772,2406709
422000,0.001222412439639765,0.1351078167115903,0.001161581488852004,0.00022852783614471048,1.371571072319202,1.0,1.0982142728485993,signatures/a4b84820347df41b4e179c121a5d09eb.sig.gz,"GCA_905214955.1 uncultured bacterium, ERR1430502-mag-bin.37",a4b84820347df41b4e179c121a5d09eb,0.1421832884097035,401000,104,215477000,/nfs3_ib/nfs-ip34/home/def-ilafores/analysis/MethodsComparison/Feces_RA/preproc/SRR5091619/SRR5091619_unmatched_2.fastq,SRR5091619,09eab43b8a173c78059f9718fddaf692,345219000,31,DNA,1000,345219,true,0.8054512922152895,0.9390150090577508,0.8722331506365202,0.9390150090577508,550,1476322,2406709
749000,0.002169637244763469,0.09671179883945841,0.0011586847769097298,0.0004329563732050697,2.605,1.0,5.129714904358719,signatures/0406dc9599017bcdf1976c899edbe0f3.sig.gz,"GCA_003478355.1 Lachnospiraceae bacterium AM48-27BH strain=AM48-27BH, ASM347835v1",0406dc9599017bcdf1976c899edbe0f3,0.18109284332688588,400000,105,215077000,/nfs3_ib/nfs-ip34/home/def-ilafores/analysis/MethodsComparison/Feces_RA/preproc/SRR5091619/SRR5091619_unmatched_2.fastq,SRR5091619,09eab43b8a173c78059f9718fddaf692,345219000,31,DNA,1000,345219,true,0.820497012546306,0.9463708001389525,0.8834339063426293,0.9463708001389525,1042,1477364,2406709
416000,0.001205032167986119,0.1889423076923077,0.0011384077933138095,0.0002376689495904989,1.455470737913486,1.0,1.2016429993965316,signatures/7a4e2a3c2a18d5491106111422230642.sig.gz,"GCF_014306095.1 Lentihominibacter faecis strain=BX16, ASM1430609v1",7a4e2a3c2a18d5491106111422230642,0.2,393000,106,214684000,/nfs3_ib/nfs-ip34/home/def-ilafores/analysis/MethodsComparison/Feces_RA/preproc/SRR5091619/SRR5091619_unmatched_2.fastq,SRR5091619,09eab43b8a173c78059f9718fddaf692,345219000,31,DNA,1000,345219,true,0.8050793102084753,0.9494073302041575,0.8772433202063163,0.9494073302041575,572,1477936,2406709
394000,0.0011413045052560838,0.1344364012409514,0.0011297176574869864,0.0002144006608194011,1.323076923076923,1.0,0.6228394609229896,signatures/80a0c7df05d28f92f6b93af8a523bc03.sig.gz,GCF_025144995.1 Alistipes indistinctus YIT 12060 strain=YIT 12060 ASM2514499v1,80a0c7df05d28f92f6b93af8a523bc03,0.13581523612547397,390000,107,214294000,/nfs3_ib/nfs-ip34/home/def-ilafores/analysis/MethodsComparison/Feces_RA/preproc/SRR5091619/SRR5091619_unmatched_2.fastq,SRR5091619,09eab43b8a173c78059f9718fddaf692,345219000,31,DNA,1000,345219,true,0.8036694666878551,0.9376280615816713,0.8706487641347632,0.9376280615816713,516,1478452,2406709
613000,0.001775684420614161,0.1521652761223679,0.0011094406738910662,0.00027755744462666654,1.7441253263707572,1.0,2.2913871441433726,signatures/be471ee2a9a4d83e479673ce2822bf12.sig.gz,"GCF_018408575.1 Oscillibacter sp. MM50 strain=MM50, ASM1840857v1",be471ee2a9a4d83e479673ce2822bf12,0.24354390147000396,383000,108,213911000,/nfs3_ib/nfs-ip34/home/def-ilafores/analysis/MethodsComparison/Feces_RA/preproc/SRR5091619/SRR5091619_unmatched_2.fastq,SRR5091619,09eab43b8a173c78059f9718fddaf692,345219000,31,DNA,1000,345219,true,0.8152106862371966,0.9554592508022464,0.8853349685197215,0.9554592508022464,668,1479120,2406709
601000,0.001740923877306869,0.11043829296424452,0.0011094406738910662,0.000255535671325449,1.6057441253263707,1.0,1.3455927119818225,signatures/05df2d9cef43af2f34e1eb0c217ff27b.sig.gz,"GCF_020687435.1 Blautia sp. CLA-AA-H217 strain=CLA-AA-H217, ASM2068743v1",05df2d9cef43af2f34e1eb0c217ff27b,0.17329873125720877,383000,109,213528000,/nfs3_ib/nfs-ip34/home/def-ilafores/analysis/MethodsComparison/Feces_RA/preproc/SRR5091619/SRR5091619_unmatched_2.fastq,SRR5091619,09eab43b8a173c78059f9718fddaf692,345219000,31,DNA,1000,345219,true,0.8146909579033899,0.9450287312648971,0.8798598445841435,0.9450287312648971,615,1479735,2406709
526000,0.0015236704816362946,0.1926001013684744,0.0011007505380642433,0.0002430705166266466,1.5394736842105263,1.0,1.0187813860025985,signatures/8341d47d0dbda33b8ea6a5744c1a7dd6.sig.gz,"GCA_900550685.1 uncultured Oscillibacter sp., UMGS1325",8341d47d0dbda33b8ea6a5744c1a7dd6,0.26659908768373036,380000,110,213148000,/nfs3_ib/nfs-ip34/home/def-ilafores/analysis/MethodsComparison/Feces_RA/preproc/SRR5091619/SRR5091619_unmatched_2.fastq,SRR5091619,09eab43b8a173c78059f9718fddaf692,345219000,31,DNA,1000,345219,true,0.81119547210375,0.9582510671535659,0.884723269628658,0.9582510671535659,585,1480320,2406709
589000,0.001706163333999577,0.08562618595825428,0.001045713011161031,0.0002846210322893212,1.8975069252077563,1.0,3.1898418044609462,signatures/e869cf0b15c41500b90acfad5f73aa6d.sig.gz,"GCF_900537995.1 Roseburia intestinalis L1-82 strain=L1-82, Roseburia intestinalis strain L1-82",e869cf0b15c41500b90acfad5f73aa6d,0.13970588235294118,361000,111,212787000,/nfs3_ib/nfs-ip34/home/def-ilafores/analysis/MethodsComparison/Feces_RA/preproc/SRR5091619/SRR5091619_unmatched_2.fastq,SRR5091619,09eab43b8a173c78059f9718fddaf692,345219000,31,DNA,1000,345219,true,0.8141610883874366,0.9384827198023915,0.8763219040949141,0.9384827198023915,685,1481005,2406709
356000,0.0010312294514496596,0.1448388412892697,0.001028332739507385,0.00029459315604836315,1.9971830985915493,1.0,2.7522063789604143,signatures/274d37fe38c89456352e287313491fb8.sig.gz,"GCF_010669225.1 Megamonas funiformis strain=JCM 14723, ASM1066922v1",274d37fe38c89456352e287313491fb8,0.1452468380252958,355000,112,212432000,/nfs3_ib/nfs-ip34/home/def-ilafores/analysis/MethodsComparison/Feces_RA/preproc/SRR5091619/SRR5091619_unmatched_2.fastq,SRR5091619,09eab43b8a173c78059f9718fddaf692,345219000,31,DNA,1000,345219,true,0.801044463011428,0.939660959571335,0.8703527112913815,0.939660959571335,709,1481714,2406709
443000,0.0012832433904275257,0.09926884139482564,0.0010225393156228365,0.0002152316711326546,1.4674220963172804,1.0,1.1438657111643291,signatures/4c5b9c5fc61302d55e1ab631a887b803.sig.gz,"GCA_018374635.1 Clostridiales bacterium, ASM1837463v1",4c5b9c5fc61302d55e1ab631a887b803,0.12457817772778403,353000,113,212079000,/nfs3_ib/nfs-ip34/home/def-ilafores/analysis/MethodsComparison/Feces_RA/preproc/SRR5091619/SRR5091619_unmatched_2.fastq,SRR5091619,09eab43b8a173c78059f9718fddaf692,345219000,31,DNA,1000,345219,true,0.8067140973625321,0.9350195873665931,0.8708668423645626,0.9350195873665931,518,1482232,2406709
379000,0.001097853826121969,0.11128675308251659,0.0010196426036805622,0.00022395727942181628,1.53125,1.0,1.2699054299971961,signatures/0fd00fe0e4e8c9621563b19e910f942e.sig.gz,GCF_020687385.1 Hominilimicola fabiformis strain=CLA-AA-H232 ASM2068738v1,0fd00fe0e4e8c9621563b19e910f942e,0.11982295289282327,352000,114,211727000,/nfs3_ib/nfs-ip34/home/def-ilafores/analysis/MethodsComparison/Feces_RA/preproc/SRR5091619/SRR5091619_unmatched_2.fastq,SRR5091619,09eab43b8a173c78059f9718fddaf692,345219000,31,DNA,1000,345219,true,0.8026638321117441,0.933846476430184,0.868255154270964,0.933846476430184,539,1482771,2406709
623000,0.001804651540036904,0.09646927995551849,0.0010051590439691905,0.0016466469357117957,11.420749279538905,7.0,12.49605939098937,signatures/79a393fb99d8977a1fe96a36cabdd09c.sig.gz,"GCF_000265365.1 Alistipes finegoldii DSM 17242 strain=DSM 17242, ASM26536v1",79a393fb99d8977a1fe96a36cabdd09c,0.17319988879621906,347000,115,211380000,/nfs3_ib/nfs-ip34/home/def-ilafores/analysis/MethodsComparison/Feces_RA/preproc/SRR5091619/SRR5091619_unmatched_2.fastq,SRR5091619,09eab43b8a173c78059f9718fddaf692,345219000,31,DNA,1000,345219,true,0.8156363263251366,0.9450113391910714,0.880323832758104,0.9450113391910714,3963,1486734,2406709
372000,0.0010775768425260487,0.24101479915433405,0.0009906754842578188,0.0002763109291567863,1.9444444444444444,1.0,4.542825602798318,signatures/55bcaef29037287c4c3d981ace71d1c9.sig.gz,"GCA_905215425.1 uncultured bacterium, SRR7721880-mag-bin.63",55bcaef29037287c4c3d981ace71d1c9,0.26215644820295986,342000,116,211038000,/nfs3_ib/nfs-ip34/home/def-ilafores/analysis/MethodsComparison/Feces_RA/preproc/SRR5091619/SRR5091619_unmatched_2.fastq,SRR5091619,09eab43b8a173c78059f9718fddaf692,345219000,31,DNA,1000,345219,true,0.802181282358246,0.9577317576486005,0.8799565200034233,0.9577317576486005,665,1487399,2406709
1284000,0.0037193781338802326,0.13616161616161615,0.0009761919245464474,0.0013242149341694406,9.456973293768545,6.0,14.107012179035817,signatures/363d223ee3759cea7ec9a3f62c7a0463.sig.gz,"GCA_934514285.1 uncultured Faecalibacterium sp., ERR7738148_bin.55",363d223ee3759cea7ec9a3f62c7a0463,0.5187878787878788,337000,117,210701000,/nfs3_ib/nfs-ip34/home/def-ilafores/analysis/MethodsComparison/Feces_RA/preproc/SRR5091619/SRR5091619_unmatched_2.fastq,SRR5091619,09eab43b8a173c78059f9718fddaf692,345219000,31,DNA,1000,345219,true,0.8348877238893734,0.9790528212934125,0.906970272591393,0.9790528212934125,3187,1490586,2406709
714000,0.002068252326783868,0.09719409892970785,0.000973295212604173,0.000283374516819441,2.0297619047619047,1.0,3.231035502668008,signatures/4d1fd4a988e75787682a232c846bb78e.sig.gz,GCF_025567265.1 Dorea amylophila strain=H5_25 ASM2556726v1,4d1fd4a988e75787682a232c846bb78e,0.20653746022562916,336000,118,210365000,/nfs3_ib/nfs-ip34/home/def-ilafores/analysis/MethodsComparison/Feces_RA/preproc/SRR5091619/SRR5091619_unmatched_2.fastq,SRR5091619,09eab43b8a173c78059f9718fddaf692,345219000,31,DNA,1000,345219,true,0.8192313535168227,0.950392910778369,0.8848121321475959,0.950392910778369,682,1491268,2406709
355000,0.001028332739507385,0.10661401776900296,0.0009385346692968811,0.00018157575344588813,1.3487654320987654,1.0,0.9355619988113419,signatures/655feb99de6d4affd517d5ed2f459c94.sig.gz,"GCA_000154345.1 [Clostridium] leptum DSM 753 strain=DSM 753, ASM15434v1",655feb99de6d4affd517d5ed2f459c94,0.11681474169134584,324000,119,210041000,/nfs3_ib/nfs-ip34/home/def-ilafores/analysis/MethodsComparison/Feces_RA/preproc/SRR5091619/SRR5091619_unmatched_2.fastq,SRR5091619,09eab43b8a173c78059f9718fddaf692,345219000,31,DNA,1000,345219,true,0.8009717794989848,0.933080856041511,0.867026317770248,0.933080856041511,437,1491705,2406709
615000,0.0017814778444987095,0.10357142857142858,0.0009240511095855095,0.0002098301040965069,1.5830721003134796,1.0,1.3800510977565645,signatures/1a61bc75384814965146b3c8fd1a27a5.sig.gz,GCF_025150245.1 Dorea formicigenerans strain=ATCC 27755 ASM2515024v1,1a61bc75384814965146b3c8fd1a27a5,0.19967532467532467,319000,120,209722000,/nfs3_ib/nfs-ip34/home/def-ilafores/analysis/MethodsComparison/Feces_RA/preproc/SRR5091619/SRR5091619_unmatched_2.fastq,SRR5091619,09eab43b8a173c78059f9718fddaf692,345219000,31,DNA,1000,345219,true,0.8152963491811699,0.9493575735069811,0.8823269613440755,0.9493575735069811,505,1492210,2406709
924000,0.002676561834661476,0.10212628865979381,0.0009182576857009609,0.0003490243315664669,2.6498422712933754,2.0,3.339908994072492,signatures/9987984be79fa442505a1e867689dbf2.sig.gz,"GCA_916988195.3 Oscillospiraceae bacterium, POC01_20211130",9987984be79fa442505a1e867689dbf2,0.297680412371134,317000,121,209405000,/nfs3_ib/nfs-ip34/home/def-ilafores/analysis/MethodsComparison/Feces_RA/preproc/SRR5091619/SRR5091619_unmatched_2.fastq,SRR5091619,09eab43b8a173c78059f9718fddaf692,345219000,31,DNA,1000,345219,true,0.826073369742872,0.9616658675619552,0.8938696186524135,0.9616658675619552,840,1493050,2406709
2321000,0.006723268418018707,0.10524557300367524,0.0009124642618164122,0.0049603005598100975,37.8984126984127,34.0,29.124404712567543,signatures/2bdcf0afcec6237c34322e5ef95e16d9.sig.gz,GCA_958432865.1 Bacteroides stercoris SRR17798025_bin.17_MetaWRAP_v1.3_MAG,2bdcf0afcec6237c34322e5ef95e16d9,0.7754761109254928,315000,122,209090000,/nfs3_ib/nfs-ip34/home/def-ilafores/analysis/MethodsComparison/Feces_RA/preproc/SRR5091619/SRR5091619_unmatched_2.fastq,SRR5091619,09eab43b8a173c78059f9718fddaf692,345219000,31,DNA,1000,345219,true,0.8509850881870328,0.9918310294654621,0.9214080588262474,0.9918310294654621,11938,1504988,2406709
2180000,0.006314832034158027,0.06530008453085376,0.0008950839901627662,0.0011713090365307979,9.122977346278317,3.0,14.980173181455964,signatures/74682f4f7d98823d43fc073dc9b6e96e.sig.gz,GCA_959606905.1 uncultured Bacteroides sp. SRR16244388_bin.36_MetaWRAP_v1.3_MAG,74682f4f7d98823d43fc073dc9b6e96e,0.4606931530008453,309000,123,208781000,/nfs3_ib/nfs-ip34/home/def-ilafores/analysis/MethodsComparison/Feces_RA/preproc/SRR5091619/SRR5091619_unmatched_2.fastq,SRR5091619,09eab43b8a173c78059f9718fddaf692,345219000,31,DNA,1000,345219,true,0.8492663744850559,0.9753091862308052,0.9122877803579306,0.9753091862308052,2819,1507807,2406709
593000,0.0017177501817686744,0.09856,0.0008921872782204919,0.00059126383787986,4.62012987012987,2.0,6.384985226824737,signatures/d4fd080d293594c8d9ae0a347ac64fa4.sig.gz,"GCF_900167555.1 Gemmiger formicilis strain=ATCC 27749, IMG-taxon 2590828806 annotated assembly",d4fd080d293594c8d9ae0a347ac64fa4,0.18976,308000,124,208473000,/nfs3_ib/nfs-ip34/home/def-ilafores/analysis/MethodsComparison/Feces_RA/preproc/SRR5091619/SRR5091619_unmatched_2.fastq,SRR5091619,09eab43b8a173c78059f9718fddaf692,345219000,31,DNA,1000,345219,true,0.8143388631990451,0.9477990732885551,0.8810689682438001,0.9477990732885551,1423,1509230,2406709
616000,0.0017843745564409838,0.08391608391608392,0.0008690135826822973,0.00018323777407239512,1.47,1.0,1.4453719244540482,signatures/6fb5d9fae55cc8ecb2a67f82352fb7a7.sig.gz,GCF_025147765.1 Blautia obeum ATCC 29174 strain=ATCC 29174 ASM2514776v1,6fb5d9fae55cc8ecb2a67f82352fb7a7,0.1723076923076923,300000,125,208173000,/nfs3_ib/nfs-ip34/home/def-ilafores/analysis/MethodsComparison/Feces_RA/preproc/SRR5091619/SRR5091619_unmatched_2.fastq,SRR5091619,09eab43b8a173c78059f9718fddaf692,345219000,31,DNA,1000,345219,true,0.8153390796071835,0.9448539144312633,0.8800964970192234,0.9448539144312633,441,1509671,2406709
506000,0.0014657362427908081,0.16435313714602998,0.0008574267349132001,0.0002252037948916965,1.8310810810810811,1.0,1.5084828314851046,signatures/ae9a3a63449835fea2681f12bea96eac.sig.gz,"GCA_900550165.1 uncultured Clostridiales bacterium, UMGS1263",ae9a3a63449835fea2681f12bea96eac,0.2809550249861188,296000,126,207877000,/nfs3_ib/nfs-ip34/home/def-ilafores/analysis/MethodsComparison/Feces_RA/preproc/SRR5091619/SRR5091619_unmatched_2.fastq,SRR5091619,09eab43b8a173c78059f9718fddaf692,345219000,31,DNA,1000,345219,true,0.8101817311544767,0.9598736956665626,0.8850277134105196,0.9598736956665626,542,1510213,2406709
1109000,0.0032124535439822257,0.14155031295137216,0.0008516333110286514,0.0027381789821702583,22.41496598639456,21.0,15.543812793369122,signatures/1199bb7ceeef5b5106f83b0a80c5b1c4.sig.gz,"GCA_905215595.1 uncultured bacterium, ERR1600666-mag-bin.42",1199bb7ceeef5b5106f83b0a80c5b1c4,0.5339431872893596,294000,127,207583000,/nfs3_ib/nfs-ip34/home/def-ilafores/analysis/MethodsComparison/Feces_RA/preproc/SRR5091619/SRR5091619_unmatched_2.fastq,SRR5091619,09eab43b8a173c78059f9718fddaf692,345219000,31,DNA,1000,345219,true,0.8309509380836849,0.9799626371158364,0.9054567875997607,0.9799626371158364,6590,1516803,2406709
603000,0.0017467173011914176,0.07794273594909862,0.0008516333110286514,0.0002044285370603592,1.6734693877551021,1.0,3.249622197415207,signatures/47a8a8805c519f2455918c9990c029e5.sig.gz,"GCF_003481985.1 Clostridium sp. OF09-36 strain=OF09-36, ASM348198v1",47a8a8805c519f2455918c9990c029e5,0.15986214209968186,294000,128,207289000,/nfs3_ib/nfs-ip34/home/def-ilafores/analysis/MethodsComparison/Feces_RA/preproc/SRR5091619/SRR5091619_unmatched_2.fastq,SRR5091619,09eab43b8a173c78059f9718fddaf692,345219000,31,DNA,1000,345219,true,0.8147782728068254,0.9425716540798598,0.8786749634433426,0.9425716540798598,492,1517295,2406709
337000,0.0009761919245464474,0.10891840607210626,0.0008313563274327311,0.00018947035142179633,1.588850174216028,1.0,1.2979269460733047,signatures/dbad8d6c6fde1592b0a50565f9a19845.sig.gz,"GCF_003460505.1 Eubacterium sp. AF36-5BH strain=AF36-5BH, ASM346050v1",dbad8d6c6fde1592b0a50565f9a19845,0.12789373814041746,287000,129,207002000,/nfs3_ib/nfs-ip34/home/def-ilafores/analysis/MethodsComparison/Feces_RA/preproc/SRR5091619/SRR5091619_unmatched_2.fastq,SRR5091619,09eab43b8a173c78059f9718fddaf692,345219000,31,DNA,1000,345219,true,0.7996284409920424,0.9358121650693574,0.8677203030306999,0.9358121650693574,456,1517751,2406709
1367000,0.0039598052250890015,0.13059529303184125,0.0008197694796636338,0.0010852994691090613,9.229681978798586,4.0,11.01397613112012,signatures/e1f88d42ce58a04245aca8fd295b6baa.sig.gz,"GCA_905202265.1 Bifidobacterium longum, ERR1430398-mag-bin.4",e1f88d42ce58a04245aca8fd295b6baa,0.630826026765113,283000,130,206719000,/nfs3_ib/nfs-ip34/home/def-ilafores/analysis/MethodsComparison/Feces_RA/preproc/SRR5091619/SRR5091619_unmatched_2.fastq,SRR5091619,09eab43b8a173c78059f9718fddaf692,345219000,31,DNA,1000,345219,true,0.8365763968429308,0.9852477938467307,0.9109120953448308,0.9852477938467307,2612,1520363,2406709
554000,0.0016047784160199757,0.04279449569030697,0.0008197694796636338,0.00016744857812057875,1.4240282685512367,1.0,1.7178306310400355,signatures/4e1788a417277623d5d9145c388358e7.sig.gz,GCF_028539415.1 Bacteroides cellulosilyticus DSM 14838 strain=DSM 14838 ASM2853941v1,4e1788a417277623d5d9145c388358e7,0.08377438378950552,283000,131,206436000,/nfs3_ib/nfs-ip34/home/def-ilafores/analysis/MethodsComparison/Feces_RA/preproc/SRR5091619/SRR5091619_unmatched_2.fastq,SRR5091619,09eab43b8a173c78059f9718fddaf692,345219000,31,DNA,1000,345219,true,0.8125537504256551,0.9231274238216413,0.8678405871236482,0.9231274238216413,403,1520766,2406709
1084000,0.0031400357454253675,0.0961057520543051,0.0007792155124717933,0.0012394518822175843,11.089219330855018,6.0,13.601587860516828,signatures/1a6ea346590b713f033b7fae8ab21643.sig.gz,"GCF_023347535.1 Faecalibacterium sp. HTFF strain=HTFF, ASM2334753v1",1a6ea346590b713f033b7fae8ab21643,0.38728117184708827,269000,132,206167000,/nfs3_ib/nfs-ip34/home/def-ilafores/analysis/MethodsComparison/Feces_RA/preproc/SRR5091619/SRR5091619_unmatched_2.fastq,SRR5091619,09eab43b8a173c78059f9718fddaf692,345219000,31,DNA,1000,345219,true,0.8303399901904758,0.969863306109068,0.9001016481497719,0.969863306109068,2983,1523749,2406709
592000,0.0017148534698264001,0.0693222969477496,0.000776318800529519,0.00019861146486758473,1.7835820895522387,1.0,2.569516884431918,signatures/c1ba8d0ce9c6c98a462fa26151e71b3a.sig.gz,GCF_025567525.1 Gallintestinimicrobium propionicum strain=Sanger_16 ASM2556752v1,c1ba8d0ce9c6c98a462fa26151e71b3a,0.15312984997413348,268000,133,205899000,/nfs3_ib/nfs-ip34/home/def-ilafores/analysis/MethodsComparison/Feces_RA/preproc/SRR5091619/SRR5091619_unmatched_2.fastq,SRR5091619,09eab43b8a173c78059f9718fddaf692,345219000,31,DNA,1000,345219,true,0.814294528537879,0.9412643457013233,0.8777794371196012,0.9412643457013233,478,1524227,2406709
1745000,0.0050547623392686964,0.04833727057968381,0.0007705253766449703,0.00022935884645796398,2.075187969924812,1.0,1.7129496178343173,signatures/48ac22e23336bd18ad59549f5bb90daa.sig.gz,GCF_958387885.1 uncultured Bacteroides sp. SRR17798034_bin.10_MetaWRAP_v1.3_MAG,48ac22e23336bd18ad59549f5bb90daa,0.317099763765219,266000,134,205633000,/nfs3_ib/nfs-ip34/home/def-ilafores/analysis/MethodsComparison/Feces_RA/preproc/SRR5091619/SRR5091619_unmatched_2.fastq,SRR5091619,09eab43b8a173c78059f9718fddaf692,345219000,31,DNA,1000,345219,true,0.8431907437398406,0.9636282995776609,0.9034095216587508,0.9636282995776609,552,1524779,2406709
777000,0.00225074517914715,0.059574468085106386,0.0007705253766449703,0.0014783673472779633,13.37593984962406,1.0,25.90964679514202,signatures/a65db27ac6f6490cca7eeb016c93eea7.sig.gz,"GCF_000382445.1 Bacteroides massiliensis B84634 = Timone 84634 = DSM 17679 = JCM 13223 strain=DSM 17679, Bact_mass_DSM_17679_V1",a65db27ac6f6490cca7eeb016c93eea7,0.174020156774916,266000,135,205367000,/nfs3_ib/nfs-ip34/home/def-ilafores/analysis/MethodsComparison/Feces_RA/preproc/SRR5091619/SRR5091619_unmatched_2.fastq,SRR5091619,09eab43b8a173c78059f9718fddaf692,345219000,31,DNA,1000,345219,true,0.8214689865697021,0.9451553815397178,0.88331218405471,0.9451553815397178,3558,1528337,2406709
304000,0.0008806004304513946,0.09337561663143058,0.000767628664702696,0.00017700519672299392,1.6075471698113208,1.0,1.0801553096930219,signatures/626721b74388407d32907567679c1ac3.sig.gz,"GCF_003024685.1 Faecalibacillus intestinalis strain=SNUG30099, ASM302468v1",626721b74388407d32907567679c1ac3,0.10711768851303735,265000,136,205102000,/nfs3_ib/nfs-ip34/home/def-ilafores/analysis/MethodsComparison/Feces_RA/preproc/SRR5091619/SRR5091619_unmatched_2.fastq,SRR5091619,09eab43b8a173c78059f9718fddaf692,345219000,31,DNA,1000,345219,true,0.7969746000179098,0.930476051446808,0.8637253257323589,0.930476051446808,426,1528763,2406709
566000,0.0016395389593272676,0.06283618581907091,0.0007444549691645013,0.00015913847498804384,1.490272373540856,1.0,1.535856370115996,signatures/9339949239b5932e2aee9a8671988c41.sig.gz,GCF_025566865.1 Blautia acetigignens strain=Sanger_28 ASM2556686v1,9339949239b5932e2aee9a8671988c41,0.13838630806845967,257000,137,204845000,/nfs3_ib/nfs-ip34/home/def-ilafores/analysis/MethodsComparison/Feces_RA/preproc/SRR5091619/SRR5091619_unmatched_2.fastq,SRR5091619,09eab43b8a173c78059f9718fddaf692,345219000,31,DNA,1000,345219,true,0.8131156392053489,0.9381954589682623,0.8756555490868057,0.9381954589682623,383,1529146,2406709
253000,0.0007328681213954041,0.08486707566462168,0.0007212812736263068,0.00012797558824103786,1.2369477911646587,1.0,0.6242106029156422,signatures/118f2fa4a198f1cea0f43e4284030e89.sig.gz,"GCA_900546315.1 uncultured Clostridiales bacterium, UMGS874",118f2fa4a198f1cea0f43e4284030e89,0.08623040218132243,249000,138,204596000,/nfs3_ib/nfs-ip34/home/def-ilafores/analysis/MethodsComparison/Feces_RA/preproc/SRR5091619/SRR5091619_unmatched_2.fastq,SRR5091619,09eab43b8a173c78059f9718fddaf692,345219000,31,DNA,1000,345219,true,0.7922674272443582,0.9239882848743527,0.8581278560593555,0.9239882848743527,308,1529454,2406709
667000,0.0019321068654969743,0.10901926444833625,0.0007212812736263068,0.00017825171219287416,1.7228915662650603,1.0,1.2892504563684057,signatures/9c3e18fe8819a5356cca94ed98c26da2.sig.gz,"GCF_002094975.1 Streptococcus salivarius strain=ATCC 25975, ASM209497v1",9c3e18fe8819a5356cca94ed98c26da2,0.29203152364273205,249000,139,204347000,/nfs3_ib/nfs-ip34/home/def-ilafores/analysis/MethodsComparison/Feces_RA/preproc/SRR5091619/SRR5091619_unmatched_2.fastq,SRR5091619,09eab43b8a173c78059f9718fddaf692,345219000,31,DNA,1000,345219,true,0.8174338492900455,0.9610717194867957,0.8892527843884206,0.9610717194867957,429,1529883,2406709
338000,0.0009790886364887217,0.09477756286266925,0.0007096944258572095,0.00019528742361457076,1.9183673469387754,1.0,5.326241293260739,signatures/c4df3cb13bb82c8cbde38dc68faea211.sig.gz,"GCF_014288055.1 Agathobaculum sp. M2 strain=M2, ASM1428805v1",c4df3cb13bb82c8cbde38dc68faea211,0.13075435203094776,245000,140,204102000,/nfs3_ib/nfs-ip34/home/def-ilafores/analysis/MethodsComparison/Feces_RA/preproc/SRR5091619/SRR5091619_unmatched_2.fastq,SRR5091619,09eab43b8a173c78059f9718fddaf692,345219000,31,DNA,1000,345219,true,0.7997048727474828,0.9364801699305497,0.8680925213390163,0.9364801699305497,470,1530353,2406709
957000,0.0027721533287565284,0.05026782035434693,0.0007067977139149352,0.000530600085012355,5.233606557377049,2.0,11.954436110935927,signatures/20f6f4671cb02947dd549a7f52b244a0.sig.gz,GCA_947646015.1 uncultured Bacteroides sp. SRR17794261_bin.38_metawrap_v1.3_MAG,20f6f4671cb02947dd549a7f52b244a0,0.19715698393077874,244000,141,203858000,/nfs3_ib/nfs-ip34/home/def-ilafores/analysis/MethodsComparison/Feces_RA/preproc/SRR5091619/SRR5091619_unmatched_2.fastq,SRR5091619,09eab43b8a173c78059f9718fddaf692,345219000,31,DNA,1000,345219,true,0.8270089961264339,0.9489689558617422,0.887988975994088,0.9489689558617422,1277,1531630,2406709
457000,0.0013237973576193662,0.057390884977091876,0.0006894174422612892,0.0006415399618316963,6.487394957983193,1.0,17.04165215992295,signatures/9216287e15b5df82656d9407b3ab0a7c.sig.gz,GCF_025146565.1 Bacteroides eggerthii strain=DSM 20697 ASM2514656v1,9216287e15b5df82656d9407b3ab0a7c,0.1102001446829033,238000,142,203620000,/nfs3_ib/nfs-ip34/home/def-ilafores/analysis/MethodsComparison/Feces_RA/preproc/SRR5091619/SRR5091619_unmatched_2.fastq,SRR5091619,09eab43b8a173c78059f9718fddaf692,345219000,31,DNA,1000,345219,true,0.8075241746744688,0.931327979488366,0.8694260770814174,0.931327979488366,1544,1533174,2406709
469000,0.0013585579009266582,0.07234432234432235,0.0006865207303190149,0.0001516593821687624,1.540084388185654,1.0,2.22838345440879,signatures/9e471117913907283503d1bbd660072a.sig.gz,"GCF_003480315.1 Clostridium sp. AM33-3 strain=AM33-3, ASM348031v1",9e471117913907283503d1bbd660072a,0.14316239316239315,237000,143,203383000,/nfs3_ib/nfs-ip34/home/def-ilafores/analysis/MethodsComparison/Feces_RA/preproc/SRR5091619/SRR5091619_unmatched_2.fastq,SRR5091619,09eab43b8a173c78059f9718fddaf692,345219000,31,DNA,1000,345219,true,0.8081996352068639,0.9392229061745646,0.8737112706907142,0.9392229061745646,365,1533539,2406709
549000,0.001590294856308604,0.07034104750304507,0.000669140458665369,0.00018240676375914163,1.9004329004329004,1.0,6.258746246214328,signatures/c9db8a0f1ca1dc314b40e6758f8144cd.sig.gz,"GCA_001312505.1 [Ruminococcus] faecis JCM 15917 strain=JCM 15917, ASM131250v1",c9db8a0f1ca1dc314b40e6758f8144cd,0.1671741778319123,231000,144,203152000,/nfs3_ib/nfs-ip34/home/def-ilafores/analysis/MethodsComparison/Feces_RA/preproc/SRR5091619/SRR5091619_unmatched_2.fastq,SRR5091619,09eab43b8a173c78059f9718fddaf692,345219000,31,DNA,1000,345219,true,0.8123161460892641,0.9439325054651231,0.8781243257771936,0.9439325054651231,439,1533978,2406709
1374000,0.003980082208684922,0.04683984454898752,0.0006633470347808203,0.0033128226137850484,34.81659388646288,32.0,29.047792041040328,signatures/710cdbb1b39af4ff433ed7fbad6c78ce.sig.gz,"GCF_000614125.1 Bacteroides rodentium JCM 16496 strain=JCM 16496, ASM61412v1",710cdbb1b39af4ff433ed7fbad6c78ce,0.28103906729392514,229000,145,202923000,/nfs3_ib/nfs-ip34/home/def-ilafores/analysis/MethodsComparison/Feces_RA/preproc/SRR5091619/SRR5091619_unmatched_2.fastq,SRR5091619,09eab43b8a173c78059f9718fddaf692,345219000,31,DNA,1000,345219,true,0.8367142445783644,0.9598829565135779,0.8982986005459712,0.9598829565135779,7973,1541951,2406709
497000,0.0014396658353103393,0.06168478260869565,0.0006575536108962717,0.00018074474313263466,1.9162995594713657,1.0,3.282183711962923,signatures/c2d8b6207a026871224ccd15d94fc35d.sig.gz,"GCF_003435375.1 Clostridium sp. AM34-11AC strain=AM34-11AC, ASM343537v1",c2d8b6207a026871224ccd15d94fc35d,0.13505434782608697,227000,146,202696000,/nfs3_ib/nfs-ip34/home/def-ilafores/analysis/MethodsComparison/Feces_RA/preproc/SRR5091619/SRR5091619_unmatched_2.fastq,SRR5091619,09eab43b8a173c78059f9718fddaf692,345219000,31,DNA,1000,345219,true,0.809712833268307,0.9374581506376707,0.8735854919529888,0.9374581506376707,435,1542386,2406709
230000,0.0006662437467230947,0.08021201413427562,0.0006575536108962717,0.00012091200057838318,1.2819383259911894,1.0,0.6295090987804846,signatures/02b170c1c65259d332d2411d92d0f08f.sig.gz,"GCF_000478885.1 Adlercreutzia equolifaciens DSM 19450 strain=DSM 19450, ASM47888v1",02b170c1c65259d332d2411d92d0f08f,0.0812720848056537,227000,147,202469000,/nfs3_ib/nfs-ip34/home/def-ilafores/analysis/MethodsComparison/Feces_RA/preproc/SRR5091619/SRR5091619_unmatched_2.fastq,SRR5091619,09eab43b8a173c78059f9718fddaf692,345219000,31,DNA,1000,345219,true,0.7898353243581806,0.922224847787557,0.8560300860728688,0.922224847787557,291,1542677,2406709
1355000,0.00392504468178171,0.07697547683923706,0.0006546568989539973,0.0017501077197118555,18.63716814159292,14.0,17.737546770393738,signatures/78db35fa6d9edc0fa99c8623efbe174d.sig.gz,"GCF_023347295.1 Faecalibacterium sp. I3333 strain=I3333, ASM2334729v1",78db35fa6d9edc0fa99c8623efbe174d,0.46151226158038144,226000,148,202243000,/nfs3_ib/nfs-ip34/home/def-ilafores/analysis/MethodsComparison/Feces_RA/preproc/SRR5091619/SRR5091619_unmatched_2.fastq,SRR5091619,09eab43b8a173c78059f9718fddaf692,345219000,31,DNA,1000,345219,true,0.8363384893679524,0.9753650766003631,0.9058517829841577,0.9753650766003631,4212,1546889,2406709
308000,0.0008921872782204919,0.08186490455212922,0.0006459667631271744,0.0001300531140241716,1.4035874439461884,1.0,1.0059846258594927,signatures/9c0f681bd333e145d102b5d5db8faa88.sig.gz,"GCF_014384965.1 Jutongia hominis strain=BX3, ASM1438496v1",9c0f681bd333e145d102b5d5db8faa88,0.1130690161527166,223000,149,202020000,/nfs3_ib/nfs-ip34/home/def-ilafores/analysis/MethodsComparison/Feces_RA/preproc/SRR5091619/SRR5091619_unmatched_2.fastq,SRR5091619,09eab43b8a173c78059f9718fddaf692,345219000,31,DNA,1000,345219,true,0.7973107391741475,0.9321004061271825,0.8647055726506649,0.9321004061271825,313,1547202,2406709
936000,0.0027113223779687678,0.060380479735318446,0.000634379915358077,0.0002468100630362873,2.712328767123288,2.0,2.4184193414481,signatures/30261a1b36bb7ea826d90dbce7b10368.sig.gz,"GCA_934292725.1 uncultured Lachnospiraceae bacterium, ERR7738588_bin.131",30261a1b36bb7ea826d90dbce7b10368,0.25806451612903225,219000,150,201801000,/nfs3_ib/nfs-ip34/home/def-ilafores/analysis/MethodsComparison/Feces_RA/preproc/SRR5091619/SRR5091619_unmatched_2.fastq,SRR5091619,09eab43b8a173c78059f9718fddaf692,345219000,31,DNA,1000,345219,true,0.826417285155773,0.9572458524782244,0.8918315688169987,0.9572458524782244,594,1547796,2406709
260000,0.0007531451049913243,0.0830781010719755,0.0006285864914735284,0.00012257402120489016,1.359447004608295,1.0,0.9454307618924309,signatures/09a733b1bc16d57b28af752939010678.sig.gz,"GCF_000153925.1 [Ruminococcus] torques ATCC 27756 strain=ATCC 27756, ASM15392v1",09a733b1bc16d57b28af752939010678,0.0995405819295559,217000,151,201584000,/nfs3_ib/nfs-ip34/home/def-ilafores/analysis/MethodsComparison/Feces_RA/preproc/SRR5091619/SRR5091619_unmatched_2.fastq,SRR5091619,09eab43b8a173c78059f9718fddaf692,345219000,31,DNA,1000,345219,true,0.7929652400301707,0.9282766472747191,0.8606209436524449,0.9282766472747191,295,1548091,2406709
228000,0.000660450322838546,0.09544851966416261,0.000625689779531254,0.0001229895263615169,1.3703703703703705,1.0,0.7276623223847588,signatures/50f4fdcbd8ddf3397caca2799f2a0781.sig.gz,"GCA_900542245.1 uncultured Clostridiales bacterium, UMGS434",50f4fdcbd8ddf3397caca2799f2a0781,0.10075121520106053,216000,152,201368000,/nfs3_ib/nfs-ip34/home/def-ilafores/analysis/MethodsComparison/Feces_RA/preproc/SRR5091619/SRR5091619_unmatched_2.fastq,SRR5091619,09eab43b8a173c78059f9718fddaf692,345219000,31,DNA,1000,345219,true,0.7896128341218555,0.9286387111036438,0.8591257726127497,0.9286387111036438,296,1548387,2406709
450000,0.001303520374023446,0.05755395683453238,0.000625689779531254,0.00012506705214465063,1.3935185185185186,1.0,1.3634632611375632,signatures/24cb2f7055942e2ac04d51117f90e805.sig.gz,"GCA_902363135.1 Lachnospiraceae bacterium, MGYG-HGUT-00092",24cb2f7055942e2ac04d51117f90e805,0.11990407673860912,216000,153,201152000,/nfs3_ib/nfs-ip34/home/def-ilafores/analysis/MethodsComparison/Feces_RA/preproc/SRR5091619/SRR5091619_unmatched_2.fastq,SRR5091619,09eab43b8a173c78059f9718fddaf692,345219000,31,DNA,1000,345219,true,0.8071221848214402,0.9338668646858176,0.8704945247536289,0.9338668646858176,301,1548688,2406709
829000,0.002401374200145415,0.04905136510874595,0.0006141029317621567,0.00039680742457854273,4.504716981132075,2.0,11.458908391451336,signatures/284259e70e0364cec13b6b5c7e16db9f.sig.gz,"GCF_004793765.1 Parabacteroides distasonis strain=NM39_I3, ASM479376v1",284259e70e0364cec13b6b5c7e16db9f,0.19180934752429432,212000,154,200940000,/nfs3_ib/nfs-ip34/home/def-ilafores/analysis/MethodsComparison/Feces_RA/preproc/SRR5091619/SRR5091619_unmatched_2.fastq,SRR5091619,09eab43b8a173c78059f9718fddaf692,345219000,31,DNA,1000,345219,true,0.8231873814028912,0.948127551173162,0.8856574662880266,0.948127551173162,955,1549643,2406709
703000,0.00203638849541885,0.04883128905345985,0.0006112062198198824,0.0016665911832298794,19.009478672985782,3.0,28.236474432085362,signatures/4fede25466357d8494c5b32e1ffd6afe.sig.gz,"GCF_000187895.1 Bacteroides plebeius DSM 17135 strain=DSM 17135, ASM18789v1",4fede25466357d8494c5b32e1ffd6afe,0.1626938208747975,211000,155,200729000,/nfs3_ib/nfs-ip34/home/def-ilafores/analysis/MethodsComparison/Feces_RA/preproc/SRR5091619/SRR5091619_unmatched_2.fastq,SRR5091619,09eab43b8a173c78059f9718fddaf692,345219000,31,DNA,1000,345219,true,0.8188211516104832,0.9431056718898181,0.8809634117501506,0.9431056718898181,4011,1553654,2406709
244000,0.0007067977139149352,0.09628610729023383,0.0006083095078776082,0.00010553830978319357,1.2095238095238094,1.0,0.5013360833619755,signatures/7b84dbbb3f681c53d36cf76d788fd1fa.sig.gz,"GCA_020555865.1 bacterium 210917-DFI.7.65 strain=DFI.7.65, ASM2055586v1",7b84dbbb3f681c53d36cf76d788fd1fa,0.11187528656579551,210000,156,200519000,/nfs3_ib/nfs-ip34/home/def-ilafores/analysis/MethodsComparison/Feces_RA/preproc/SRR5091619/SRR5091619_unmatched_2.fastq,SRR5091619,09eab43b8a173c78059f9718fddaf692,345219000,31,DNA,1000,345219,true,0.7913422605161049,0.9317813319249094,0.8615617962205071,0.9317813319249094,254,1553908,2406709
478000,0.001384628308407127,0.05447878470403353,0.0006025160839930595,0.0002035975267471057,2.355769230769231,1.0,5.007529463853503,signatures/b8f06c753f81002527c220d71b808abd.sig.gz,"GCF_003463065.1 Blautia sp. OF03-15BH strain=OF03-15BH, ASM346306v1",b8f06c753f81002527c220d71b808abd,0.1251964379256155,208000,157,200311000,/nfs3_ib/nfs-ip34/home/def-ilafores/analysis/MethodsComparison/Feces_RA/preproc/SRR5091619/SRR5091619_unmatched_2.fastq,SRR5091619,09eab43b8a173c78059f9718fddaf692,345219000,31,DNA,1000,345219,true,0.8086953429592332,0.9351689175383633,0.8719321302487982,0.9351689175383633,490,1554398,2406709
1132000,0.0032790779186545353,0.032334384858044164,0.0005938259481662365,0.002773081415326905,32.55609756097561,19.0,35.73265261381737,signatures/8182caaf670814ebbeb9046e1a4982b9.sig.gz,"GCA_902362375.1 Bacteroidaceae bacterium, MGYG-HGUT-00013",8182caaf670814ebbeb9046e1a4982b9,0.17854889589905362,205000,158,200106000,/nfs3_ib/nfs-ip34/home/def-ilafores/analysis/MethodsComparison/Feces_RA/preproc/SRR5091619/SRR5091619_unmatched_2.fastq,SRR5091619,09eab43b8a173c78059f9718fddaf692,345219000,31,DNA,1000,345219,true,0.8315013511176249,0.9459390069126216,0.8887201790151232,0.9459390069126216,6674,1561072,2406709
867000,0.0025114492539518394,0.07480166225916131,0.0005735489645703162,0.0007100983126751095,8.631313131313131,8.0,4.838860924160038,signatures/9a20197884bd1dae7dfee0d88793964b.sig.gz,GCA_945963595.1 uncultured Clostridia bacterium ERR2020030_bin.1_metaWRAP_v1.3_MAG,9a20197884bd1dae7dfee0d88793964b,0.3275406120136003,198000,159,199908000,/nfs3_ib/nfs-ip34/home/def-ilafores/analysis/MethodsComparison/Feces_RA/preproc/SRR5091619/SRR5091619_unmatched_2.fastq,SRR5091619,09eab43b8a173c78059f9718fddaf692,345219000,31,DNA,1000,345219,true,0.8243783804862558,0.9646358366857798,0.8945071085860178,0.9646358366857798,1709,1562781,2406709
1320000,0.003823659763802108,0.04164024519129148,0.0005706522526280419,0.0006282437968196404,7.675126903553299,2.0,15.80805040070423,signatures/3a64fac11588ca9ed657a3aafee42bb8.sig.gz,GCA_030295565.1 Bacteroides finegoldii DSM 17565 strain=JCM 13345 ASM3029556v1,3a64fac11588ca9ed657a3aafee42bb8,0.27901077996195306,197000,160,199711000,/nfs3_ib/nfs-ip34/home/def-ilafores/analysis/MethodsComparison/Feces_RA/preproc/SRR5091619/SRR5091619_unmatched_2.fastq,SRR5091619,09eab43b8a173c78059f9718fddaf692,345219000,31,DNA,1000,345219,true,0.8356327633495095,0.9596587023371853,0.8976457328433474,0.9596587023371853,1512,1564293,2406709
499000,0.0014454592591948878,0.05940892641737033,0.0005706522526280419,0.00017409666062660672,2.1269035532994924,1.0,6.247772155695166,signatures/fc95d81881dbf484815547131bbb9759.sig.gz,"GCA_003480725.1 Clostridiaceae bacterium AM27-36LB strain=AM27-36LB, ASM348072v1",fc95d81881dbf484815547131bbb9759,0.15048250904704463,197000,161,199514000,/nfs3_ib/nfs-ip34/home/def-ilafores/analysis/MethodsComparison/Feces_RA/preproc/SRR5091619/SRR5091619_unmatched_2.fastq,SRR5091619,09eab43b8a173c78059f9718fddaf692,345219000,31,DNA,1000,345219,true,0.8098177388743852,0.9407349758648936,0.8752763573696394,0.9407349758648936,419,1564712,2406709
411000,0.0011905486082747472,0.06925795053003533,0.0005677555406857676,0.00022769682583145698,2.795918367346939,2.0,2.6781778136448247,signatures/62f2edc0f5d9a87973abf66efac5aacb.sig.gz,GCA_958446555.1 uncultured Lachnospiraceae bacterium ERR9607163_bin.11_MetaWRAP_v1.3_MAG,62f2edc0f5d9a87973abf66efac5aacb,0.1452296819787986,196000,162,199318000,/nfs3_ib/nfs-ip34/home/def-ilafores/analysis/MethodsComparison/Feces_RA/preproc/SRR5091619/SRR5091619_unmatched_2.fastq,SRR5091619,09eab43b8a173c78059f9718fddaf692,345219000,31,DNA,1000,345219,true,0.8047653373874029,0.9396573790617554,0.8722113582245792,0.9396573790617554,548,1565260,2406709
1167000,0.0033804628366341364,0.07140255009107468,0.0005677555406857676,0.0009569083757113968,11.75,6.0,15.029690004542777,signatures/d5330fc8a7b2b48d024b6fb23f5b2ee5.sig.gz,"GCA_900765705.1 uncultured Faecalibacterium sp., SRS294968_37",d5330fc8a7b2b48d024b6fb23f5b2ee5,0.42513661202185793,196000,163,199122000,/nfs3_ib/nfs-ip34/home/def-ilafores/analysis/MethodsComparison/Feces_RA/preproc/SRR5091619/SRR5091619_unmatched_2.fastq,SRR5091619,09eab43b8a173c78059f9718fddaf692,345219000,31,DNA,1000,345219,true,0.8323185113146112,0.9727854105953829,0.902551960954997,0.9727854105953829,2303,1567563,2406709
264000,0.0007647319527604216,0.07403189066059225,0.0005648588287434932,0.00010096775306029935,1.2461538461538462,1.0,0.48666639647664817,signatures/6caea0fb44e792c6b5cf31e0d9a173a1.sig.gz,GCF_025567305.1 Brotomerdimonas butyrica strain=Sanger_12 ASM2556730v1,6caea0fb44e792c6b5cf31e0d9a173a1,0.10022779043280182,195000,164,198927000,/nfs3_ib/nfs-ip34/home/def-ilafores/analysis/MethodsComparison/Feces_RA/preproc/SRR5091619/SRR5091619_unmatched_2.fastq,SRR5091619,09eab43b8a173c78059f9718fddaf692,345219000,31,DNA,1000,345219,true,0.7933558708827804,0.9284826900673792,0.8609192804750798,0.9284826900673792,243,1567806,2406709
732000,0.0021203931417448055,0.06776685393258428,0.0005590654048589446,0.0016399988532057677,20.45077720207254,19.0,14.17064439637069,signatures/3784007bacdb5e1a673c9a775abe80cf.sig.gz,GCA_937935345.1 uncultured Lachnobacterium sp. SRR1761720_bin.57_CONCOCT_v1.1_MAG,3784007bacdb5e1a673c9a775abe80cf,0.25702247191011235,193000,165,198734000,/nfs3_ib/nfs-ip34/home/def-ilafores/analysis/MethodsComparison/Feces_RA/preproc/SRR5091619/SRR5091619_unmatched_2.fastq,SRR5091619,09eab43b8a173c78059f9718fddaf692,345219000,31,DNA,1000,345219,true,0.8198895808697978,0.9571209216510158,0.8885052512604068,0.9571209216510158,3947,1571753,2406709
194000,0.0005619621168012189,0.09134157944814462,0.0005561686929166703,0.00012506705214465063,1.5677083333333333,1.0,2.2605306710882207,signatures/f0f4c2a6311f7f940986580fc3bb54b9.sig.gz,"GCF_000296445.1 Slackia piriformis YIT 12062 strain=YIT 12062, Slac_piri_YIT_12062_V1",f0f4c2a6311f7f940986580fc3bb54b9,0.0922930542340628,192000,166,198542000,/nfs3_ib/nfs-ip34/home/def-ilafores/analysis/MethodsComparison/Feces_RA/preproc/SRR5091619/SRR5091619_unmatched_2.fastq,SRR5091619,09eab43b8a173c78059f9718fddaf692,345219000,31,DNA,1000,345219,true,0.7855102202249957,0.9260157117258745,0.8557629659754351,0.9260157117258745,301,1572054,2406709
205000,0.0005938259481662365,0.05712585540017852,0.0005561686929166703,0.0001022142685301796,1.28125,1.0,0.8254181389857307,signatures/99e65f8593549ca8e3e843eee40eeb60.sig.gz,"GCF_000210055.1 Gordonibacter pamelaeae 7-10-1-b strain=7-10-1-bT, ASM21005v1",99e65f8593549ca8e3e843eee40eeb60,0.060993751859565605,192000,167,198350000,/nfs3_ib/nfs-ip34/home/def-ilafores/analysis/MethodsComparison/Feces_RA/preproc/SRR5091619/SRR5091619_unmatched_2.fastq,SRR5091619,09eab43b8a173c78059f9718fddaf692,345219000,31,DNA,1000,345219,true,0.7869089582369164,0.9137253130744708,0.8503171356556936,0.9137253130744708,246,1572300,2406709
201000,0.0005822391003971392,0.0494944119212347,0.0005387884212630244,0.00009556618602415165,1.2365591397849462,1.0,0.5754446520541786,signatures/4a0a4ccf84ababa1f62e38415ad37d82.sig.gz,"GCA_900546265.1 uncultured Ruminococcaceae bacterium, UMGS856",4a0a4ccf84ababa1f62e38415ad37d82,0.05348589675359234,186000,168,198164000,/nfs3_ib/nfs-ip34/home/def-ilafores/analysis/MethodsComparison/Feces_RA/preproc/SRR5091619/SRR5091619_unmatched_2.fastq,SRR5091619,09eab43b8a173c78059f9718fddaf692,345219000,31,DNA,1000,345219,true,0.7864089205016412,0.9098618605002106,0.8481353905009259,0.9098618605002106,230,1572530,2406709
1134000,0.003284871342539084,0.027263298266409837,0.0005329949973784757,0.00012756008308441113,1.6684782608695652,1.0,1.239690472222286,signatures/d0bde3e6526ca3c12f402123a43ebfc0.sig.gz,"GCA_019412825.1 Bacteroides thetaiotaomicron, ASM1941282v1",d0bde3e6526ca3c12f402123a43ebfc0,0.16802489257667802,184000,169,197980000,/nfs3_ib/nfs-ip34/home/def-ilafores/analysis/MethodsComparison/Feces_RA/preproc/SRR5091619/SRR5091619_unmatched_2.fastq,SRR5091619,09eab43b8a173c78059f9718fddaf692,345219000,31,DNA,1000,345219,true,0.8315487004466389,0.9440870760629039,0.8878178882547714,0.9440870760629039,307,1572837,2406709
220000,0.0006372766273003514,0.029569455727051178,0.0005272015734939271,0.00009722820665065863,1.2857142857142858,1.0,1.0973065354098013,signatures/ee57b146d808065c374f21482d0a5cda.sig.gz,GCF_025149125.1 [Clostridium] asparagiforme DSM 15981 strain=DSM 15981 ASM2514912v1,ee57b146d808065c374f21482d0a5cda,0.03574329813160033,182000,170,197798000,/nfs3_ib/nfs-ip34/home/def-ilafores/analysis/MethodsComparison/Feces_RA/preproc/SRR5091619/SRR5091619_unmatched_2.fastq,SRR5091619,09eab43b8a173c78059f9718fddaf692,345219000,31,DNA,1000,345219,true,0.7887035691310986,0.8981086077560098,0.8434060884435541,0.8981086077560098,234,1573071,2406709
825000,0.0023897873523763178,0.06799083269671505,0.0005156147257248298,0.0002871140632290817,3.8820224719101124,3.0,2.928475532306056,signatures/7108e92619b903654cd875e33d69a01d.sig.gz,GCA_003464165.1 Eubacterium sp. AM49-13BH strain=AM49-13BH ASM346416v1,7108e92619b903654cd875e33d69a01d,0.31512605042016806,178000,171,197620000,/nfs3_ib/nfs-ip34/home/def-ilafores/analysis/MethodsComparison/Feces_RA/preproc/SRR5091619/SRR5091619_unmatched_2.fastq,SRR5091619,09eab43b8a173c78059f9718fddaf692,345219000,31,DNA,1000,345219,true,0.823058953775537,0.9634342345061224,0.8932465941408296,0.9634342345061224,691,1573762,2406709
1485000,0.004301617234277372,0.05571293673276676,0.0005127180137825554,0.0008779623959523149,11.937853107344633,6.0,16.87781219659095,signatures/96c8fd28cbfa66ea0b095a7222a94c0c.sig.gz,GCA_948566455.1 uncultured Phocaeicola sp. MGBC153949,96c8fd28cbfa66ea0b095a7222a94c0c,0.46742209631728043,177000,172,197443000,/nfs3_ib/nfs-ip34/home/def-ilafores/analysis/MethodsComparison/Feces_RA/preproc/SRR5091619/SRR5091619_unmatched_2.fastq,SRR5091619,09eab43b8a173c78059f9718fddaf692,345219000,31,DNA,1000,345219,true,0.8388137497382409,0.9757655012505789,0.9072896254944098,0.9757655012505789,2113,1575875,2406709
1193000,0.003455777347133269,0.04907459338194055,0.0005069245898980068,0.00018323777407239512,2.52,2.0,2.002398561725412,signatures/c904d12975db86fd08a8995198b6cca6.sig.gz,"GCF_013300825.1 Blautia wexlerae strain=MSK.20.46, ASM1330082v1",c904d12975db86fd08a8995198b6cca6,0.3345485137408861,175000,173,197268000,/nfs3_ib/nfs-ip34/home/def-ilafores/analysis/MethodsComparison/Feces_RA/preproc/SRR5091619/SRR5091619_unmatched_2.fastq,SRR5091619,09eab43b8a173c78059f9718fddaf692,345219000,31,DNA,1000,345219,true,0.8329103333474347,0.9652948098957007,0.8991025716215677,0.9652948098957007,441,1576316,2406709
221000,0.0006401733392426257,0.07709348692955251,0.0005040278779557324,0.00011010886650608777,1.5229885057471264,1.0,3.296992748517341,signatures/70637202227fbc5a87213d06626ae00c.sig.gz,"GCA_900542395.1 uncultured Clostridiales bacterium, UMGS459",70637202227fbc5a87213d06626ae00c,0.0979175897208684,174000,174,197094000,/nfs3_ib/nfs-ip34/home/def-ilafores/analysis/MethodsComparison/Feces_RA/preproc/SRR5091619/SRR5091619_unmatched_2.fastq,SRR5091619,09eab43b8a173c78059f9718fddaf692,345219000,31,DNA,1000,345219,true,0.7888189612188289,0.9277845151861143,0.8583017382024716,0.9277845151861143,265,1576581,2406709
201000,0.0005822391003971392,0.05692662059888121,0.0005011311660134581,0.00011135538197596801,1.5491329479768785,1.0,2.56119594755005,signatures/9f22a12ea31ae64005462ecd2443a23e.sig.gz,GCA_959607825.1 uncultured Oscillospiraceae bacterium SRR16280072_bin.27_MetaWRAP_v1.3_MAG,9f22a12ea31ae64005462ecd2443a23e,0.06614017769002961,173000,175,196921000,/nfs3_ib/nfs-ip34/home/def-ilafores/analysis/MethodsComparison/Feces_RA/preproc/SRR5091619/SRR5091619_unmatched_2.fastq,SRR5091619,09eab43b8a173c78059f9718fddaf692,345219000,31,DNA,1000,345219,true,0.7864089205016412,0.916116057421324,0.8512624889614826,0.916116057421324,268,1576849,2406709
262000,0.000758938528875873,0.06718446601941748,0.0005011311660134581,0.00009764371180728538,1.3583815028901733,1.0,0.7440723239320706,signatures/7c79046077fab5f8e1d2b5c35f52c42c.sig.gz,GCF_025567415.1 Dorea ammoniilytica strain=Sanger_02 ASM2556741v1,7c79046077fab5f8e1d2b5c35f52c42c,0.10174757281553398,173000,176,196748000,/nfs3_ib/nfs-ip34/home/def-ilafores/analysis/MethodsComparison/Feces_RA/preproc/SRR5091619/SRR5091619_unmatched_2.fastq,SRR5091619,09eab43b8a173c78059f9718fddaf692,345219000,31,DNA,1000,345219,true,0.7931612768946171,0.928933546987606,0.8610474119411116,0.928933546987606,235,1577084,2406709
1438000,0.0041654717729904785,0.04803127617983803,0.0004982344540711838,0.00015830746467479035,2.2151162790697674,1.0,3.4817136064934995,signatures/300d2de3c2c21f7c37b9a66b2c49f0e7.sig.gz,"GCA_900755095.1 uncultured Bacteroides sp., ERS473029_19",300d2de3c2c21f7c37b9a66b2c49f0e7,0.4015638089919017,172000,177,196576000,/nfs3_ib/nfs-ip34/home/def-ilafores/analysis/MethodsComparison/Feces_RA/preproc/SRR5091619/SRR5091619_unmatched_2.fastq,SRR5091619,09eab43b8a173c78059f9718fddaf692,345219000,31,DNA,1000,345219,true,0.8379439584492305,0.9709970024241915,0.904470480436711,0.9709970024241915,381,1577465,2406709
376000,0.001089163690295146,0.059233449477351915,0.0004924410301866351,0.00013129962949405183,1.8588235294117648,1.0,2.5095251070622457,signatures/e04f86ed449a091631fe081baf363d5e.sig.gz,GCF_020687165.1 Hominenteromicrobium mulieris strain=CLA-AA-H250 ASM2068716v1,e04f86ed449a091631fe081baf363d5e,0.13101045296167246,170000,178,196406000,/nfs3_ib/nfs-ip34/home/def-ilafores/analysis/MethodsComparison/Feces_RA/preproc/SRR5091619/SRR5091619_unmatched_2.fastq,SRR5091619,09eab43b8a173c78059f9718fddaf692,345219000,31,DNA,1000,345219,true,0.8024580901299662,0.9365392826086044,0.8694986863692853,0.9365392826086044,316,1577781,2406709
914000,0.0026475947152387325,0.089798087141339,0.0004895443182443608,0.0010724188092536323,15.272189349112425,15.0,8.771079187762082,signatures/20c6805c55948bc2e73fd12614f68938.sig.gz,GCF_959028125.1 uncultured Bifidobacterium sp. ERR10149229_bin.50_MetaWRAP_v1.3_MAG,20c6805c55948bc2e73fd12614f68938,0.485653560042508,169000,179,196237000,/nfs3_ib/nfs-ip34/home/def-ilafores/analysis/MethodsComparison/Feces_RA/preproc/SRR5091619/SRR5091619_unmatched_2.fastq,SRR5091619,09eab43b8a173c78059f9718fddaf692,345219000,31,DNA,1000,345219,true,0.8257834555465879,0.9769706175270275,0.9013770365368077,0.9769706175270275,2581,1580362,2406709
193000,0.0005590654048589446,0.10736975857687421,0.0004895443182443608,0.00026093723836159667,3.7159763313609466,1.0,10.408908014706023,signatures/43f365bddb10784b9092d77cad25bf67.sig.gz,"GCA_900552285.1 uncultured Ruminococcaceae bacterium, UMGS1484",43f365bddb10784b9092d77cad25bf67,0.12261753494282084,169000,180,196068000,/nfs3_ib/nfs-ip34/home/def-ilafores/analysis/MethodsComparison/Feces_RA/preproc/SRR5091619/SRR5091619_unmatched_2.fastq,SRR5091619,09eab43b8a173c78059f9718fddaf692,345219000,31,DNA,1000,345219,true,0.7853792797404919,0.9345412387251377,0.8599602592328148,0.9345412387251377,628,1580990,2406709
175000,0.0005069245898980068,0.05174603174603175,0.00047216404659071486,0.00010262977368680634,1.5153374233128833,1.0,2.224668799285324,signatures/e5a32b2a854d7d11d95473daa59c62b8.sig.gz,"GCA_000438155.1 Firmicutes bacterium CAG:95, MGS95",e5a32b2a854d7d11d95473daa59c62b8,0.05555555555555555,163000,181,195905000,/nfs3_ib/nfs-ip34/home/def-ilafores/analysis/MethodsComparison/Feces_RA/preproc/SRR5091619/SRR5091619_unmatched_2.fastq,SRR5091619,09eab43b8a173c78059f9718fddaf692,345219000,31,DNA,1000,345219,true,0.7829028071764981,0.9109768454804739,0.846939826328486,0.9109768454804739,247,1581237,2406709
558000,0.001616365263789073,0.03218163869693978,0.00047216404659071486,0.0007840582305546703,11.576687116564417,5.0,15.894165193061026,signatures/894ebfeac80d6a527fbc03d1d52101ee.sig.gz,"GCA_900762515.1 uncultured Odoribacter sp., SRS144506_36",894ebfeac80d6a527fbc03d1d52101ee,0.11016781836130306,163000,182,195742000,/nfs3_ib/nfs-ip34/home/def-ilafores/analysis/MethodsComparison/Feces_RA/preproc/SRR5091619/SRR5091619_unmatched_2.fastq,SRR5091619,09eab43b8a173c78059f9718fddaf692,345219000,31,DNA,1000,345219,true,0.8127423444263131,0.931319165413557,0.8720307549199351,0.931319165413557,1887,1583124,2406709
205000,0.0005938259481662365,0.05063291139240506,0.00046347391076389193,0.00010512280462656682,1.58125,1.0,1.267240481321521,signatures/b6d8d2dfdb7d6c7ed581d206bd3f104c.sig.gz,"GCF_003477605.1 Clostridium sp. AF37-5 strain=AF37-5, ASM347760v1",b6d8d2dfdb7d6c7ed581d206bd3f104c,0.06487341772151899,160000,183,195582000,/nfs3_ib/nfs-ip34/home/def-ilafores/analysis/MethodsComparison/Feces_RA/preproc/SRR5091619/SRR5091619_unmatched_2.fastq,SRR5091619,09eab43b8a173c78059f9718fddaf692,345219000,31,DNA,1000,345219,true,0.7869089582369164,0.915544743452229,0.8512268508445727,0.915544743452229,253,1583377,2406709
1486000,0.004304513946219646,0.04946439823566478,0.00045478377493706894,0.0008854414887715964,13.573248407643312,9.0,12.895070811410354,signatures/463a8ff2f26f37a3c67c2a86a64398f8.sig.gz,"GCF_023347235.1 Faecalibacterium sp. I4179 strain=I4179, ASM2334723v1",463a8ff2f26f37a3c67c2a86a64398f8,0.46817895400126025,157000,184,195425000,/nfs3_ib/nfs-ip34/home/def-ilafores/analysis/MethodsComparison/Feces_RA/preproc/SRR5091619/SRR5091619_unmatched_2.fastq,SRR5091619,09eab43b8a173c78059f9718fddaf692,345219000,31,DNA,1000,345219,true,0.8388319650212241,0.9758164283231837,0.9073241966722039,0.9758164283231837,2131,1585508,2406709
1309000,0.003791795932437091,0.0279210385914992,0.00045478377493706894,0.00029168461995197594,4.471337579617835,2.0,16.741024978153554,signatures/b4482d10cb2488078dd11fc3de09368a.sig.gz,"GCF_009193295.2 Bacteroides sp. HF-5141 strain=HF-5141, ASM919329v2",b4482d10cb2488078dd11fc3de09368a,0.2327938822692513,157000,185,195268000,/nfs3_ib/nfs-ip34/home/def-ilafores/analysis/MethodsComparison/Feces_RA/preproc/SRR5091619/SRR5091619_unmatched_2.fastq,SRR5091619,09eab43b8a173c78059f9718fddaf692,345219000,31,DNA,1000,345219,true,0.8354072201284412,0.9540688748594554,0.8947380474939483,0.9540688748594554,702,1586210,2406709
761000,0.002204397788070761,0.06481096800997092,0.0004518870629947946,0.00025428915585556873,3.923076923076923,3.0,2.9298167911970654,signatures/0c446eda2fa8142f9158038ad52f53fb.sig.gz,"GCA_905214525.1 uncultured bacterium, ERR1430422-mag-bin.30",0c446eda2fa8142f9158038ad52f53fb,0.31616119651017865,156000,186,195112000,/nfs3_ib/nfs-ip34/home/def-ilafores/analysis/MethodsComparison/Feces_RA/preproc/SRR5091619/SRR5091619_unmatched_2.fastq,SRR5091619,09eab43b8a173c78059f9718fddaf692,345219000,31,DNA,1000,345219,true,0.8209178070789857,0.9635361613009561,0.8922269841899708,0.9635361613009561,612,1586822,2406709
157000,0.00045478377493706894,0.07239607659971976,0.0004489903510525203,0.00008559406226510974,1.3290322580645162,1.0,0.7458243105351446,signatures/ca00d6825ab958a4451285bec646a754.sig.gz,"GCA_900761075.1 Christensenellaceae bacterium, SRS042628_64",ca00d6825ab958a4451285bec646a754,0.0733302195235871,155000,187,194957000,/nfs3_ib/nfs-ip34/home/def-ilafores/analysis/MethodsComparison/Feces_RA/preproc/SRR5091619/SRR5091619_unmatched_2.fastq,SRR5091619,09eab43b8a173c78059f9718fddaf692,345219000,31,DNA,1000,345219,true,0.7801664261319872,0.9191708126798251,0.8496686194059062,0.9191708126798251,206,1587028,2406709
784000,0.0022710221627430705,0.04200542005420054,0.0004489903510525203,0.0000959816911807784,1.4903225806451612,1.0,0.8752344713347935,signatures/b41feede9fdc86f2bd09dd47a8e3856b.sig.gz,GCA_003465495.1 Segatella copri strain=AF10-17 ASM346549v1,b41feede9fdc86f2bd09dd47a8e3856b,0.21246612466124662,155000,188,194802000,/nfs3_ib/nfs-ip34/home/def-ilafores/analysis/MethodsComparison/Feces_RA/preproc/SRR5091619/SRR5091619_unmatched_2.fastq,SRR5091619,09eab43b8a173c78059f9718fddaf692,345219000,31,DNA,1000,345219,true,0.8217066817340558,0.9512609470267951,0.8864838143804254,0.9512609470267951,231,1587259,2406709
366000,0.0010601965708724027,0.0379935435808294,0.00044319692716797166,0.0000968127014940319,1.522875816993464,1.0,3.048807690062428,signatures/58b90d0235337728c5561352b275e9fd.sig.gz,"GCA_902363665.1 Lachnospiraceae bacterium, MGYG-HGUT-00137",58b90d0235337728c5561352b275e9fd,0.09088651601688602,153000,189,194649000,/nfs3_ib/nfs-ip34/home/def-ilafores/analysis/MethodsComparison/Feces_RA/preproc/SRR5091619/SRR5091619_unmatched_2.fastq,SRR5091619,09eab43b8a173c78059f9718fddaf692,345219000,31,DNA,1000,345219,true,0.8017606221934379,0.925557082079516,0.863658852136477,0.925557082079516,233,1587492,2406709
177000,0.0005127180137825554,0.06890299184043518,0.0004403002152256973,0.00009348866024101791,1.480263157894737,1.0,2.24479044484652,signatures/23046228a81e0db1a133ced8759c53be.sig.gz,"GCA_003507655.1 Lachnospiraceae bacterium, ASM350765v1",23046228a81e0db1a133ced8759c53be,0.08023572076155938,152000,190,194497000,/nfs3_ib/nfs-ip34/home/def-ilafores/analysis/MethodsComparison/Feces_RA/preproc/SRR5091619/SRR5091619_unmatched_2.fastq,SRR5091619,09eab43b8a173c78059f9718fddaf692,345219000,31,DNA,1000,345219,true,0.7831898507053515,0.921843132100293,0.8525164914028223,0.921843132100293,225,1587717,2406709
457000,0.0013237973576193662,0.08044752264251465,0.00043740350328342297,0.0005904328275666065,9.410596026490067,7.0,6.896847848167949,signatures/5ced1ecdce79d2e70d60e340e02841fd.sig.gz,"GCA_900772675.1 Lachnospiraceae bacterium, SRS883021_119",5ced1ecdce79d2e70d60e340e02841fd,0.24347362812999468,151000,191,194346000,/nfs3_ib/nfs-ip34/home/def-ilafores/analysis/MethodsComparison/Feces_RA/preproc/SRR5091619/SRR5091619_unmatched_2.fastq,SRR5091619,09eab43b8a173c78059f9718fddaf692,345219000,31,DNA,1000,345219,true,0.8075241746744688,0.9554503562425316,0.8814872654585002,0.9554503562425316,1421,1589138,2406709
772000,0.0022362616194357785,0.033991731740927886,0.00042871336745660003,0.0016304422346033525,26.513513513513512,24.0,21.854088146987596,signatures/aa21d6a4e240d950eb3b686e2a4fae57.sig.gz,"GCF_004793475.1 Bacteroides sp. NM69_E16B strain=NM69_E16B, ASM479347v1",aa21d6a4e240d950eb3b686e2a4fae57,0.1773082223242995,148000,192,194198000,/nfs3_ib/nfs-ip34/home/def-ilafores/analysis/MethodsComparison/Feces_RA/preproc/SRR5091619/SRR5091619_unmatched_2.fastq,SRR5091619,09eab43b8a173c78059f9718fddaf692,345219000,31,DNA,1000,345219,true,0.8212979321310139,0.945726258549056,0.8835120953400349,0.945726258549056,3924,1593062,2406709
945000,0.0027373927854492364,0.0915982312065698,0.00042002323162977705,0.0008035869729161273,13.337931034482759,10.0,13.336608000565999,signatures/3b0c0b515aeaac98f8eecc40f98418e8.sig.gz,GCA_902463235.1 uncultured Faecalibacterium sp. UHGG-TPA_MGYG-HGUT-00512,3b0c0b515aeaac98f8eecc40f98418e8,0.5969677826910929,145000,193,194053000,/nfs3_ib/nfs-ip34/home/def-ilafores/analysis/MethodsComparison/Feces_RA/preproc/SRR5091619/SRR5091619_unmatched_2.fastq,SRR5091619,09eab43b8a173c78059f9718fddaf692,345219000,31,DNA,1000,345219,true,0.8266724329131397,0.9834960261399983,0.9050842295265691,0.9834960261399983,1934,1594996,2406709
706000,0.002045078631245673,0.06903163950143816,0.0004171265196875027,0.0007192394261208979,12.020833333333334,11.0,8.464360537309096,signatures/90b92750dc8865ed4f4ab15e1fc4c9f1.sig.gz,"GCF_002834225.1 Ruminococcus bromii strain=ATCC 27255, ASM283422v1",90b92750dc8865ed4f4ab15e1fc4c9f1,0.33844678811121764,144000,194,193909000,/nfs3_ib/nfs-ip34/home/def-ilafores/analysis/MethodsComparison/Feces_RA/preproc/SRR5091619/SRR5091619_unmatched_2.fastq,SRR5091619,09eab43b8a173c78059f9718fddaf692,345219000,31,DNA,1000,345219,true,0.818933637514103,0.965655616644859,0.8922946270794809,0.965655616644859,1731,1596727,2406709
453000,0.001312210509850269,0.03916161059018202,0.00041133309580295406,0.00011260189744584826,1.908450704225352,1.0,4.6797510009260685,signatures/c7c1a160793d1ec9d73e128c1ab0fc90.sig.gz,"GCF_003478505.1 Clostridium sp. AF27-2AA strain=AF27-2AA, ASM347850v1",c7c1a160793d1ec9d73e128c1ab0fc90,0.12493105350248207,142000,195,193767000,/nfs3_ib/nfs-ip34/home/def-ilafores/analysis/MethodsComparison/Feces_RA/preproc/SRR5091619/SRR5091619_unmatched_2.fastq,SRR5091619,09eab43b8a173c78059f9718fddaf692,345219000,31,DNA,1000,345219,true,0.807295202002915,0.9351049060883516,0.8712000540456333,0.9351049060883516,271,1596998,2406709
684000,0.0019813509685156377,0.039422543031649084,0.00041133309580295406,0.00012049649542175643,2.0422535211267605,1.0,3.1351555871192973,signatures/ae3113259fd1a32557f288c504d24250.sig.gz,"GCF_014297245.1 Blautia sp. M29 strain=M29, ASM1429724v1",ae3113259fd1a32557f288c504d24250,0.18989450305385897,142000,196,193625000,/nfs3_ib/nfs-ip34/home/def-ilafores/analysis/MethodsComparison/Feces_RA/preproc/SRR5091619/SRR5091619_unmatched_2.fastq,SRR5091619,09eab43b8a173c78059f9718fddaf692,345219000,31,DNA,1000,345219,true,0.8180977661869807,0.9478207370144789,0.8829592516007299,0.9478207370144789,290,1597288,2406709
896000,0.0025954539002777948,0.050994575045207956,0.00040843638386067976,0.0005555303944099598,9.4822695035461,5.0,14.73433912529784,signatures/88f1b5eec91b23fd70f1b11b9f13bd9a.sig.gz,"GCF_023347275.1 Faecalibacterium sp. I3389 strain=I3389, ASM2334727v1",88f1b5eec91b23fd70f1b11b9f13bd9a,0.3240506329113924,141000,197,193484000,/nfs3_ib/nfs-ip34/home/def-ilafores/analysis/MethodsComparison/Feces_RA/preproc/SRR5091619/SRR5091619_unmatched_2.fastq,SRR5091619,09eab43b8a173c78059f9718fddaf692,345219000,31,DNA,1000,345219,true,0.8252537879449501,0.9643025573412454,0.8947781726430977,0.9643025573412454,1337,1598625,2406709
579000,0.0016771962145768339,0.03993004954823667,0.00039684953609158243,0.00009473517571089816,1.6642335766423357,1.0,1.6490535762269125,signatures/8d6533932a9329431a562a008a9885c3.sig.gz,"GCF_014297355.1 Blautia sp. 2744 strain=2744, ASM1429735v1",8d6533932a9329431a562a008a9885c3,0.168755464879044,137000,198,193347000,/nfs3_ib/nfs-ip34/home/def-ilafores/analysis/MethodsComparison/Feces_RA/preproc/SRR5091619/SRR5091619_unmatched_2.fastq,SRR5091619,09eab43b8a173c78059f9718fddaf692,345219000,31,DNA,1000,345219,true,0.8137114882128185,0.9442192141075973,0.8789653511602079,0.9442192141075973,228,1598853,2406709
147000,0.0004258166555143257,0.06204379562043796,0.00039395282414930814,0.00007395991787956084,1.3088235294117647,1.0,0.6588169642530035,signatures/255948df5441d153d16b931037649810.sig.gz,"GCF_001813105.1 Streptococcus sp. HMSC072C09 strain=HMSC072C09, ASM181310v1",255948df5441d153d16b931037649810,0.06706204379562043,136000,199,193211000,/nfs3_ib/nfs-ip34/home/def-ilafores/analysis/MethodsComparison/Feces_RA/preproc/SRR5091619/SRR5091619_unmatched_2.fastq,SRR5091619,09eab43b8a173c78059f9718fddaf692,345219000,31,DNA,1000,345219,true,0.7785118842321428,0.9165252041404452,0.847518544186294,0.9165252041404452,178,1599031,2406709
835000,0.0024187544717990607,0.020389669234254643,0.0003910561122070338,0.00015664544404828335,2.7925925925925927,1.0,6.843322017954923,signatures/f26979452f4db0c26723e6d30f523075.sig.gz,"GCF_902364365.1 Bacteroides intestinalis, MGYG-HGUT-00211",f26979452f4db0c26723e6d30f523075,0.126113880078538,135000,200,193076000,/nfs3_ib/nfs-ip34/home/def-ilafores/analysis/MethodsComparison/Feces_RA/preproc/SRR5091619/SRR5091619_unmatched_2.fastq,SRR5091619,09eab43b8a173c78059f9718fddaf692,345219000,31,DNA,1000,345219,true,0.823378902814123,0.9353891999438126,0.8793840513789678,0.9353891999438126,377,1599408,2406709
235000,0.0006807273064344662,0.04891304347826087,0.0003910561122070338,0.00021772470207241507,3.8814814814814813,1.0,12.468064004785779,signatures/55cfd0028aefbbb9a59b131fd9de939d.sig.gz,"GCA_022009815.1 Bacteroidales bacterium, ASM2200981v1",55cfd0028aefbbb9a59b131fd9de939d,0.08514492753623189,135000,201,192941000,/nfs3_ib/nfs-ip34/home/def-ilafores/analysis/MethodsComparison/Feces_RA/preproc/SRR5091619/SRR5091619_unmatched_2.fastq,SRR5091619,09eab43b8a173c78059f9718fddaf692,345219000,31,DNA,1000,345219,true,0.7903834615862696,0.9236107794279592,0.8569971205071144,0.9236107794279592,524,1599932,2406709
479000,0.0013875250203494013,0.04068002428658166,0.0003881594002647595,0.00016038499045792408,2.8805970149253732,2.0,3.4685038628432077,signatures/41ced143ca0b5e61a031abb93ac88d51.sig.gz,GCF_020687045.1 Brotocaccenecus cirricatena strain=CLA-AA-H272 ASM2068704v1,41ced143ca0b5e61a031abb93ac88d51,0.14541590771098967,134000,202,192807000,/nfs3_ib/nfs-ip34/home/def-ilafores/analysis/MethodsComparison/Feces_RA/preproc/SRR5091619/SRR5091619_unmatched_2.fastq,SRR5091619,09eab43b8a173c78059f9718fddaf692,345219000,31,DNA,1000,345219,true,0.8087498629913911,0.9396962229610412,0.8742230429762161,0.9396962229610412,386,1600318,2406709
586000,0.0016974731981727542,0.0589041095890411,0.00037367584055338787,0.00012756008308441113,2.37984496124031,2.0,1.8518534543189593,signatures/97e55b19b948bc3884bafc758cb1a6a6.sig.gz,"GCA_900544105.1 uncultured Oscillibacter sp., UMGS638",97e55b19b948bc3884bafc758cb1a6a6,0.26757990867579906,129000,203,192678000,/nfs3_ib/nfs-ip34/home/def-ilafores/analysis/MethodsComparison/Feces_RA/preproc/SRR5091619/SRR5091619_unmatched_2.fastq,SRR5091619,09eab43b8a173c78059f9718fddaf692,345219000,31,DNA,1000,345219,true,0.8140269888724171,0.9583645883002938,0.8861957885863554,0.9583645883002938,307,1600625,2406709
130000,0.00037657255249566216,0.05917706888580675,0.0003707791286111135,0.00006398779412051893,1.203125,1.0,0.4568809849129203,signatures/60e2f917d286ae51cb5a918eb82ceab9.sig.gz,"GCA_905206455.1 uncultured Clostridiales bacterium, ERR1600730-mag-bin.21",60e2f917d286ae51cb5a918eb82ceab9,0.06010171058714748,128000,204,192550000,/nfs3_ib/nfs-ip34/home/def-ilafores/analysis/MethodsComparison/Feces_RA/preproc/SRR5091619/SRR5091619_unmatched_2.fastq,SRR5091619,09eab43b8a173c78059f9718fddaf692,345219000,31,DNA,1000,345219,true,0.7754316179379787,0.9132911571870873,0.844361387562533,0.9132911571870873,154,1600779,2406709
239000,0.0006923141542035635,0.019761606022584692,0.0003649857047265649,0.00008891810351812371,1.6984126984126984,1.0,2.476139600616959,signatures/93f73424a62c9a7810069426678c2739.sig.gz,"GCF_002234575.2 Enterocloster bolteae strain=ATCC BAA-613, ASM223457v2",93f73424a62c9a7810069426678c2739,0.037484316185696365,126000,205,192424000,/nfs3_ib/nfs-ip34/home/def-ilafores/analysis/MethodsComparison/Feces_RA/preproc/SRR5091619/SRR5091619_unmatched_2.fastq,SRR5091619,09eab43b8a173c78059f9718fddaf692,345219000,31,DNA,1000,345219,true,0.7908139052676854,0.8994875325753424,0.8451507189215139,0.8994875325753424,214,1600993,2406709
482000,0.0013962151561762244,0.03328050713153724,0.0003649857047265649,0.00008227002101209577,1.5714285714285714,1.0,0.9035079029052515,signatures/42f7d6085de301c1a2403cf343a75638.sig.gz,"GCA_021636625.1 Prevotella sp., ASM2163662v1",42f7d6085de301c1a2403cf343a75638,0.12731114632857898,126000,206,192298000,/nfs3_ib/nfs-ip34/home/def-ilafores/analysis/MethodsComparison/Feces_RA/preproc/SRR5091619/SRR5091619_unmatched_2.fastq,SRR5091619,09eab43b8a173c78059f9718fddaf692,345219000,31,DNA,1000,345219,true,0.8089127646607298,0.9356743485885591,0.8722935566246445,0.9356743485885591,198,1601191,2406709
520000,0.0015062902099826486,0.06832971800433839,0.0003649857047265649,0.0001873928256386626,3.5793650793650795,2.0,6.137774239310926,signatures/a2529243a6fbf5d414c6a4341984a615.sig.gz,"GCA_019421285.1 Clostridiales bacterium, ASM1942128v1",a2529243a6fbf5d414c6a4341984a615,0.28199566160520606,126000,207,192172000,/nfs3_ib/nfs-ip34/home/def-ilafores/analysis/MethodsComparison/Feces_RA/preproc/SRR5091619/SRR5091619_unmatched_2.fastq,SRR5091619,09eab43b8a173c78059f9718fddaf692,345219000,31,DNA,1000,345219,true,0.8108953224891572,0.9599881777529038,0.8854417501210305,0.9599881777529038,451,1601642,2406709
783000,0.002268125450800796,0.04601571268237935,0.0003562955688997419,0.0012232471811091411,23.934959349593495,24.0,14.57793177776075,signatures/baf0265542e4c5fd56de62f0b42ebc97.sig.gz,"GCA_902786155.1 uncultured Lachnospiraceae bacterium, Rumen uncultured genome RUG13138",baf0265542e4c5fd56de62f0b42ebc97,0.29292929292929293,123000,208,192049000,/nfs3_ib/nfs-ip34/home/def-ilafores/analysis/MethodsComparison/Feces_RA/preproc/SRR5091619/SRR5091619_unmatched_2.fastq,SRR5091619,09eab43b8a173c78059f9718fddaf692,345219000,31,DNA,1000,345219,true,0.8216728513255103,0.9611668859457062,0.8914198686356083,0.9611668859457062,2944,1604586,2406709
124000,0.00035919228084201624,0.12023460410557185,0.0003562955688997419,0.0000673118353735329,1.3170731707317074,1.0,0.8295073782559159,signatures/315c99fcd728b94e4fc36c32c610c7e9.sig.gz,"GCF_001199495.1 Mycoplasma sp. HU2014 strain=HU2014, ASM119949v1",315c99fcd728b94e4fc36c32c610c7e9,0.12121212121212122,123000,209,191926000,/nfs3_ib/nfs-ip34/home/def-ilafores/analysis/MethodsComparison/Feces_RA/preproc/SRR5091619/SRR5091619_unmatched_2.fastq,SRR5091619,09eab43b8a173c78059f9718fddaf692,345219000,31,DNA,1000,345219,true,0.7742505382879008,0.9341937757773667,0.8542221570326338,0.9341937757773667,162,1604748,2406709
351000,0.001016745891738288,0.03456998313659359,0.0003562955688997419,0.0000905801241446307,1.7723577235772359,1.0,3.3587962616566065,signatures/414bbe2ea74e8b8695fa300df29056f9.sig.gz,GCF_020686965.1 Hominiventricola filiformis strain=CLA-AA-H276 ASM2068696v1,414bbe2ea74e8b8695fa300df29056f9,0.09865092748735245,123000,210,191803000,/nfs3_ib/nfs-ip34/home/def-ilafores/analysis/MethodsComparison/Feces_RA/preproc/SRR5091619/SRR5091619_unmatched_2.fastq,SRR5091619,09eab43b8a173c78059f9718fddaf692,345219000,31,DNA,1000,345219,true,0.8006790502747954,0.9280078517308775,0.8643434510028365,0.9280078517308775,218,1604966,2406709
857000,0.002482482134529096,0.05515695067264574,0.0003562955688997419,0.0009465207467957281,18.520325203252032,16.0,19.164817695261718,signatures/93cdc16ca0cdf655b8e92dd131cbe69f.sig.gz,GCA_902463905.1 uncultured Faecalibacterium sp. UHGG-TPA_MGYG-HGUT-00589,93cdc16ca0cdf655b8e92dd131cbe69f,0.384304932735426,123000,211,191680000,/nfs3_ib/nfs-ip34/home/def-ilafores/analysis/MethodsComparison/Feces_RA/preproc/SRR5091619/SRR5091619_unmatched_2.fastq,SRR5091619,09eab43b8a173c78059f9718fddaf692,345219000,31,DNA,1000,345219,true,0.8240699329931466,0.969621976634134,0.8968459548136403,0.969621976634134,2278,1607244,2406709
425000,0.0012311025754665878,0.03505747126436782,0.0003533988569574676,0.00013503917590369256,2.6639344262295084,1.0,4.7677376422374875,signatures/973528e45f46317bdf684a7aee9fd592.sig.gz,"GCF_003122485.1 Eubacterium ramulus strain=21, ASM312248v1",973528e45f46317bdf684a7aee9fd592,0.1221264367816092,122000,212,191558000,/nfs3_ib/nfs-ip34/home/def-ilafores/analysis/MethodsComparison/Feces_RA/preproc/SRR5091619/SRR5091619_unmatched_2.fastq,SRR5091619,09eab43b8a173c78059f9718fddaf692,345219000,31,DNA,1000,345219,true,0.8056353680872986,0.9344202637480112,0.8700278159176549,0.9344202637480112,325,1607569,2406709
133000,0.00038526268832248515,0.06139909411172622,0.0003533988569574676,0.00006648082506027942,1.3114754098360655,1.0,0.5593023642371142,signatures/124f41e56668a576a5f50c2e1eae86f8.sig.gz,"GCA_900754805.1 Clostridia bacterium, ERS396508_5",124f41e56668a576a5f50c2e1eae86f8,0.0669350780070458,122000,213,191436000,/nfs3_ib/nfs-ip34/home/def-ilafores/analysis/MethodsComparison/Feces_RA/preproc/SRR5091619/SRR5091619_unmatched_2.fastq,SRR5091619,09eab43b8a173c78059f9718fddaf692,345219000,31,DNA,1000,345219,true,0.776002512585813,0.9164691779859823,0.8462358452858976,0.9164691779859823,160,1607729,2406709
272000,0.0007879056482986163,0.0430298719772404,0.00035050214501519325,0.00019528742361457076,3.884297520661157,2.0,5.735477647534316,signatures/3085eeec4919397105926f4ea1ff090f.sig.gz,"GCA_000980705.1 Ruminococcus sp. UNK.MGS-30, ASM98070v1",3085eeec4919397105926f4ea1ff090f,0.09672830725462304,121000,214,191315000,/nfs3_ib/nfs-ip34/home/def-ilafores/analysis/MethodsComparison/Feces_RA/preproc/SRR5091619/SRR5091619_unmatched_2.fastq,SRR5091619,09eab43b8a173c78059f9718fddaf692,345219000,31,DNA,1000,345219,true,0.794120239627388,0.9274188572592375,0.8607695484433127,0.9274188572592375,470,1608199,2406709
204000,0.0005909292362239622,0.03859761981344484,0.0003476054330729189,0.00006315678380726545,1.2666666666666666,1.0,0.7272474743090478,signatures/bafee8fd5a387e3c252fc6d1efff5980.sig.gz,"GCA_018223385.1 Oscillospiraceae bacterium Marseille-Q3528 strain=Marseille-Q3528, ASM1822338v1",bafee8fd5a387e3c252fc6d1efff5980,0.06561595368285622,120000,215,191195000,/nfs3_ib/nfs-ip34/home/def-ilafores/analysis/MethodsComparison/Feces_RA/preproc/SRR5091619/SRR5091619_unmatched_2.fastq,SRR5091619,09eab43b8a173c78059f9718fddaf692,345219000,31,DNA,1000,345219,true,0.7867848398576537,0.915880925592971,0.8513328827253124,0.915880925592971,152,1608351,2406709
532000,0.0015410507532899406,0.036440935317339815,0.0003476054330729189,0.0004466680433737523,8.958333333333334,7.0,10.976031336001592,signatures/ad88132eb529dcc3d2bfa18338979035.sig.gz,"GCF_018784445.1 Gemmiger formicilis strain=MCC627, ASM1878444v1",ad88132eb529dcc3d2bfa18338979035,0.16155481324020649,120000,216,191075000,/nfs3_ib/nfs-ip34/home/def-ilafores/analysis/MethodsComparison/Feces_RA/preproc/SRR5091619/SRR5091619_unmatched_2.fastq,SRR5091619,09eab43b8a173c78059f9718fddaf692,345219000,31,DNA,1000,345219,true,0.811492326517435,0.9428919594937982,0.8771921430056167,0.9428919594937982,1075,1609426,2406709
516000,0.0014947033622135515,0.0684301322599195,0.0003447087211306446,0.00016038499045792408,3.2436974789915967,2.0,2.5103697091361403,signatures/2bc7ad025d7a7c1e9e8216130886e72e.sig.gz,"GCA_019424245.1 Clostridiales bacterium, ASM1942424v1",2bc7ad025d7a7c1e9e8216130886e72e,0.29672225416906267,119000,217,190956000,/nfs3_ib/nfs-ip34/home/def-ilafores/analysis/MethodsComparison/Feces_RA/preproc/SRR5091619/SRR5091619_unmatched_2.fastq,SRR5091619,09eab43b8a173c78059f9718fddaf692,345219000,31,DNA,1000,345219,true,0.8106933550303117,0.9615658613977969,0.8861296082140543,0.9615658613977969,386,1609812,2406709
122000,0.0003533988569574676,0.06068332483426823,0.0003447087211306446,0.00005900173224099798,1.1932773109243697,1.0,0.4353557595626426,signatures/7a4047ba2801180a4e73042a8d125271.sig.gz,"GCA_019117105.1 Candidatus Duodenibacillus intestinigallinarum, ASM1911710v1",7a4047ba2801180a4e73042a8d125271,0.062213156552779196,119000,218,190837000,/nfs3_ib/nfs-ip34/home/def-ilafores/analysis/MethodsComparison/Feces_RA/preproc/SRR5091619/SRR5091619_unmatched_2.fastq,SRR5091619,09eab43b8a173c78059f9718fddaf692,345219000,31,DNA,1000,345219,true,0.7738445248764665,0.9143089592017999,0.8440767420391332,0.9143089592017999,142,1609954,2406709
538000,0.0015584310249435866,0.04991610738255033,0.0003447087211306446,0.00007853047460245506,1.588235294117647,1.0,0.9908129647876533,signatures/064f37e0e8408f176a29afe33224f971.sig.gz,"GCF_009738225.1 Streptococcus salivarius strain=ICDC2, ASM973822v1",064f37e0e8408f176a29afe33224f971,0.2256711409395973,119000,219,190718000,/nfs3_ib/nfs-ip34/home/def-ilafores/analysis/MethodsComparison/Feces_RA/preproc/SRR5091619/SRR5091619_unmatched_2.fastq,SRR5091619,09eab43b8a173c78059f9718fddaf692,345219000,31,DNA,1000,345219,true,0.8117859584646658,0.9531129884486594,0.8824494734566626,0.9531129884486594,189,1610143,2406709
734000,0.002126186565629354,0.014727722772277227,0.0003447087211306446,0.001984868133205967,40.142857142857146,4.0,83.81144160016122,signatures/6672ed00a5e62028f3d25099a8b409db.sig.gz,GCF_900761785.1 uncultured Bacteroides sp. SRS098827_17,6672ed00a5e62028f3d25099a8b409db,0.09084158415841584,119000,220,190599000,/nfs3_ib/nfs-ip34/home/def-ilafores/analysis/MethodsComparison/Feces_RA/preproc/SRR5091619/SRR5091619_unmatched_2.fastq,SRR5091619,09eab43b8a173c78059f9718fddaf692,345219000,31,DNA,1000,345219,true,0.8199617479403921,0.9255423182048077,0.8727520330726,0.9255423182048077,4777,1614920,2406709
1050000,0.0030415475393880407,0.048982980489829804,0.00034181200918837027,0.0009585703963379037,19.550847457627118,16.0,16.944874460091356,signatures/60a9e9ca89a21d914fa4e444179f1b5d.sig.gz,"GCA_934503275.1 uncultured Faecalibacterium sp., ERR7745836_bin.91",60a9e9ca89a21d914fa4e444179f1b5d,0.43586550435865506,118000,221,190481000,/nfs3_ib/nfs-ip34/home/def-ilafores/analysis/MethodsComparison/Feces_RA/preproc/SRR5091619/SRR5091619_unmatched_2.fastq,SRR5091619,09eab43b8a173c78059f9718fddaf692,345219000,31,DNA,1000,345219,true,0.829486846263074,0.9735678182501567,0.9015273322566153,0.9735678182501567,2307,1617227,2406709
305000,0.0008834971423936689,0.03527653213751868,0.00034181200918837027,0.0000789459797590818,1.6101694915254237,1.0,3.5031073332431273,signatures/2761b9bfb8ee41b7d2e36ef75953884e.sig.gz,"GCF_001406815.1 Roseburia faecis strain=M72, M72",2761b9bfb8ee41b7d2e36ef75953884e,0.09118086696562033,118000,222,190363000,/nfs3_ib/nfs-ip34/home/def-ilafores/analysis/MethodsComparison/Feces_RA/preproc/SRR5091619/SRR5091619_unmatched_2.fastq,SRR5091619,09eab43b8a173c78059f9718fddaf692,345219000,31,DNA,1000,345219,true,0.7970590343134497,0.9256536266441024,0.8613563304787761,0.9256536266441024,190,1617417,2406709
117000,0.00033891529724609597,0.04276315789473684,0.00033891529724609597,0.00006066375286750496,1.2478632478632479,1.0,0.5833294198547538,signatures/d70761baef656395af871a29086aa887.sig.gz,GCA_902492895.1 uncultured Oscillospiraceae bacterium UHGG-TPA_MGYG-HGUT-04159,d70761baef656395af871a29086aa887,0.04276315789473684,117000,223,190246000,/nfs3_ib/nfs-ip34/home/def-ilafores/analysis/MethodsComparison/Feces_RA/preproc/SRR5091619/SRR5091619_unmatched_2.fastq,SRR5091619,09eab43b8a173c78059f9718fddaf692,345219000,31,DNA,1000,345219,true,0.7728006116630538,0.9033186156217643,0.838059613642409,0.9033186156217643,146,1617563,2406709
118000,0.00034181200918837027,0.07490144546649145,0.000330225161419273,0.0000681428456867864,1.4385964912280702,1.0,0.737885643677652,signatures/050fd39c7d451dba84dafe63230bfe78.sig.gz,"GCA_000435175.1 Clostridium sp. CAG:245, MGS245",050fd39c7d451dba84dafe63230bfe78,0.07752956636005257,114000,224,190132000,/nfs3_ib/nfs-ip34/home/def-ilafores/analysis/MethodsComparison/Feces_RA/preproc/SRR5091619/SRR5091619_unmatched_2.fastq,SRR5091619,09eab43b8a173c78059f9718fddaf692,345219000,31,DNA,1000,345219,true,0.773012804214415,0.9208234407431374,0.8469181224787762,0.9208234407431374,164,1617727,2406709
115000,0.00033312187336154733,0.022602321319486866,0.00032153502559245,0.00005609319614461075,1.2162162162162162,1.0,0.4914660070985891,signatures/60bfe150353edefcbd7db7314951359d.sig.gz,"GCF_003697165.2 Escherichia coli DSM 30083 = JCM 1649 = ATCC 11775 strain=ATCC 11775, ASM369716v2",60bfe150353edefcbd7db7314951359d,0.02341681938505396,111000,225,190021000,/nfs3_ib/nfs-ip34/home/def-ilafores/analysis/MethodsComparison/Feces_RA/preproc/SRR5091619/SRR5091619_unmatched_2.fastq,SRR5091619,09eab43b8a173c78059f9718fddaf692,345219000,31,DNA,1000,345219,true,0.772370909282643,0.8859396237870368,0.8291552665348398,0.8859396237870368,135,1617862,2406709
113000,0.00032732844947699864,0.054189663823381834,0.000312844889765627,0.00005401567036147702,1.2037037037037037,1.0,0.4860890647558032,signatures/0c7222323490013dadbc2a46e7c7a899.sig.gz,"GCA_900549055.1 uncultured Ruminococcaceae bacterium, UMGS1148",0c7222323490013dadbc2a46e7c7a899,0.05669844455594581,108000,226,189913000,/nfs3_ib/nfs-ip34/home/def-ilafores/analysis/MethodsComparison/Feces_RA/preproc/SRR5091619/SRR5091619_unmatched_2.fastq,SRR5091619,09eab43b8a173c78059f9718fddaf692,345219000,31,DNA,1000,345219,true,0.771933913133019,0.911575443838982,0.8417546784860005,0.911575443838982,130,1617992,2406709
212000,0.0006141029317621567,0.01608118657298985,0.00029836133005425544,0.00005318466004822353,1.2427184466019416,1.0,0.5988017066061855,signatures/77a5975adbf3dbbc2be7beba4b4c4989.sig.gz,"GCF_000233455.1 [Clostridium] citroniae WAL-17108 strain=WAL-17108, Clos_citr_WAL_17108_V1",77a5975adbf3dbbc2be7beba4b4c4989,0.03309914129586261,103000,227,189810000,/nfs3_ib/nfs-ip34/home/def-ilafores/analysis/MethodsComparison/Feces_RA/preproc/SRR5091619/SRR5091619_unmatched_2.fastq,SRR5091619,09eab43b8a173c78059f9718fddaf692,345219000,31,DNA,1000,345219,true,0.7877617260287596,0.8958847675486472,0.8418232467887035,0.8958847675486472,128,1618120,2406709
1004000,0.002908298790043422,0.022337887659943614,0.00029836133005425544,0.000959816911807784,22.42718446601942,2.0,48.8197799205429,signatures/fce21236a84451ec2097370a1feb8cb5.sig.gz,"GCF_001688725.2 Bacteroides caecimuris strain=I48, ASM168872v2",fce21236a84451ec2097370a1feb8cb5,0.21774018651051832,103000,228,189707000,/nfs3_ib/nfs-ip34/home/def-ilafores/analysis/MethodsComparison/Feces_RA/preproc/SRR5091619/SRR5091619_unmatched_2.fastq,SRR5091619,09eab43b8a173c78059f9718fddaf692,345219000,31,DNA,1000,345219,true,0.8282890193727414,0.9520136609282358,0.8901513401504886,0.9520136609282358,2310,1620430,2406709
678000,0.001963970696861992,0.05130784708249497,0.0002954646181119811,0.0006323988483859079,14.92156862745098,15.5,11.68851143217956,signatures/7577f3031d4c4c66ae6744b26fd08181.sig.gz,GCF_959020145.1 uncultured Bifidobacterium sp. ERR10149223_bin.5_MetaWRAP_v1.3_MAG,7577f3031d4c4c66ae6744b26fd08181,0.341046277665996,102000,229,189605000,/nfs3_ib/nfs-ip34/home/def-ilafores/analysis/MethodsComparison/Feces_RA/preproc/SRR5091619/SRR5091619_unmatched_2.fastq,SRR5091619,09eab43b8a173c78059f9718fddaf692,345219000,31,DNA,1000,345219,true,0.8178652845012343,0.9658939854039004,0.8918796349525673,0.9658939854039004,1522,1621952,2406709
632000,0.001830721947517373,0.03016726403823178,0.00029256790616970674,0.0001470888254458682,3.504950495049505,1.0,6.1040868672306585,signatures/5690dda55028fe4b6db542ea10f1886c.sig.gz,"GCF_013300725.1 Coprococcus comes strain=MSK.16.63, ASM1330072v1",5690dda55028fe4b6db542ea10f1886c,0.18876941457586618,101000,230,189504000,/nfs3_ib/nfs-ip34/home/def-ilafores/analysis/MethodsComparison/Feces_RA/preproc/SRR5091619/SRR5091619_unmatched_2.fastq,SRR5091619,09eab43b8a173c78059f9718fddaf692,345219000,31,DNA,1000,345219,true,0.816013786870076,0.9476390654672865,0.8818264261686812,0.9476390654672865,354,1622306,2406709
193000,0.0005590654048589446,0.015903007400409383,0.00029256790616970674,0.00007229789725305385,1.7227722772277227,1.0,4.102930157684311,signatures/c61cf47008daac7b3c5b701169a58aac.sig.gz,"GCA_000155435.1 Clostridiales bacterium 1_7_47FAA strain=1_7_47FAA, ASM15543v1",c61cf47008daac7b3c5b701169a58aac,0.030388915131475357,101000,231,189403000,/nfs3_ib/nfs-ip34/home/def-ilafores/analysis/MethodsComparison/Feces_RA/preproc/SRR5091619/SRR5091619_unmatched_2.fastq,SRR5091619,09eab43b8a173c78059f9718fddaf692,345219000,31,DNA,1000,345219,true,0.7853792797404919,0.8934192976798159,0.8393992887101539,0.8934192976798159,174,1622480,2406709
245000,0.0007096944258572095,0.02759381898454746,0.00028967119422743245,0.00012174301089163668,2.93,1.0,5.087740166321391,signatures/4f9f7653a293be189ac633bff28f9766.sig.gz,"GCF_008121495.1 [Ruminococcus] gnavus ATCC 29149 strain=JCM6515, ASM812149v1",4f9f7653a293be189ac633bff28f9766,0.06760485651214128,100000,232,189303000,/nfs3_ib/nfs-ip34/home/def-ilafores/analysis/MethodsComparison/Feces_RA/preproc/SRR5091619/SRR5091619_unmatched_2.fastq,SRR5091619,09eab43b8a173c78059f9718fddaf692,345219000,31,DNA,1000,345219,true,0.7914466731513563,0.9167635791297237,0.85410512614054,0.9167635791297237,293,1622773,2406709
335000,0.0009703985006618987,0.029559562518474726,0.00028967119422743245,0.00010304527884343309,2.48,2.0,2.012361796496843,signatures/ba9c097781d61e9512f594f3c5dee5f9.sig.gz,"GCA_003573975.1 Clostridiales bacterium CCNA10 strain=CCNA10, ASM357397v1",ba9c097781d61e9512f594f3c5dee5f9,0.09902453443689034,100000,233,189203000,/nfs3_ib/nfs-ip34/home/def-ilafores/analysis/MethodsComparison/Feces_RA/preproc/SRR5091619/SRR5091619_unmatched_2.fastq,SRR5091619,09eab43b8a173c78059f9718fddaf692,345219000,31,DNA,1000,345219,true,0.7994749167913551,0.928121015950182,0.8637979663707686,0.928121015950182,248,1623021,2406709
1313000,0.003803382780206188,0.033254954652334565,0.0002867744822851581,0.00021938672269892204,5.333333333333333,3.0,10.363104717889295,signatures/78f6a266a0fffd08c8145495b700d709.sig.gz,"GCA_900556625.1 uncultured Bacteroides sp., UMGS1954",78f6a266a0fffd08c8145495b700d709,0.4410480349344978,99000,234,189104000,/nfs3_ib/nfs-ip34/home/def-ilafores/analysis/MethodsComparison/Feces_RA/preproc/SRR5091619/SRR5091619_unmatched_2.fastq,SRR5091619,09eab43b8a173c78059f9718fddaf692,345219000,31,DNA,1000,345219,true,0.8354894473355644,0.9739391033020214,0.9047142753187929,0.9739391033020214,528,1623549,2406709
1597000,0.004626048971812096,0.03025672371638142,0.0002867744822851581,0.0007292115498799398,17.727272727272727,14.0,16.18879658857402,signatures/b0a316f942f0beea5fd102847b2e7868.sig.gz,"GCA_019414725.1 Bacteroides sp., ASM1941472v1",b0a316f942f0beea5fd102847b2e7868,0.488080684596577,99000,235,189005000,/nfs3_ib/nfs-ip34/home/def-ilafores/analysis/MethodsComparison/Feces_RA/preproc/SRR5091619/SRR5091619_unmatched_2.fastq,SRR5091619,09eab43b8a173c78059f9718fddaf692,345219000,31,DNA,1000,345219,true,0.8407835398190693,0.9771277396159568,0.908955639717513,0.9771277396159568,1755,1625304,2406709
706000,0.002045078631245673,0.034229828850855744,0.0002838777703428838,0.000394729898795409,9.693877551020408,2.5,15.078304567757858,signatures/975ff2182ed7ebf52419fe49c4a7985d.sig.gz,"GCF_002549775.1 Faecalibacterium prausnitzii strain=CNCM I 4541, ASM254977v1",975ff2182ed7ebf52419fe49c4a7985d,0.24659448131330772,98000,236,188907000,/nfs3_ib/nfs-ip34/home/def-ilafores/analysis/MethodsComparison/Feces_RA/preproc/SRR5091619/SRR5091619_unmatched_2.fastq,SRR5091619,09eab43b8a173c78059f9718fddaf692,345219000,31,DNA,1000,345219,true,0.818933637514103,0.9558429907041274,0.8873883141091152,0.9558429907041274,950,1626254,2406709
365000,0.0010572998589301285,0.02450229709035222,0.00027808434645833517,0.0004715983527713571,11.822916666666666,10.0,11.509954741862463,signatures/6501011acd325617cc2e04b178f8f630.sig.gz,GCF_025145645.1 Alistipes senegalensis JC50 strain=JC50 ASM2514564v1,6501011acd325617cc2e04b178f8f630,0.09315977539561,96000,237,188811000,/nfs3_ib/nfs-ip34/home/def-ilafores/analysis/MethodsComparison/Feces_RA/preproc/SRR5091619/SRR5091619_unmatched_2.fastq,SRR5091619,09eab43b8a173c78059f9718fddaf692,345219000,31,DNA,1000,345219,true,0.8016898639971809,0.9262949669018112,0.863992415449496,0.9262949669018112,1135,1627389,2406709
96000,0.00027808434645833517,0.04509159229685298,0.00027808434645833517,0.00005152263942171654,1.2916666666666667,1.0,0.5384519993050038,signatures/f933131d2119ed65677531a0c48a4c5a.sig.gz,"GCF_014931395.1 Haemophilus parainfluenzae strain=M1C137_2, ASM1493139v1",f933131d2119ed65677531a0c48a4c5a,0.04509159229685298,96000,238,188715000,/nfs3_ib/nfs-ip34/home/def-ilafores/analysis/MethodsComparison/Feces_RA/preproc/SRR5091619/SRR5091619_unmatched_2.fastq,SRR5091619,09eab43b8a173c78059f9718fddaf692,345219000,31,DNA,1000,345219,true,0.7678847054730945,0.9048648708278019,0.8363747881504482,0.9048648708278019,124,1627513,2406709
334000,0.0009675017887196244,0.052776250687190766,0.00027808434645833517,0.00009889022727716562,2.4791666666666665,2.0,2.0715290581811523,signatures/522ca7c95e8927c9521681814f8f2bed.sig.gz,"GCA_905214155.1 uncultured bacterium, ERR1430500-mag-bin.65",522ca7c95e8927c9521681814f8f2bed,0.18361737218251786,96000,239,188619000,/nfs3_ib/nfs-ip34/home/def-ilafores/analysis/MethodsComparison/Feces_RA/preproc/SRR5091619/SRR5091619_unmatched_2.fastq,SRR5091619,09eab43b8a173c78059f9718fddaf692,345219000,31,DNA,1000,345219,true,0.7993978217564878,0.9467935329526413,0.8730956773545646,0.9467935329526413,238,1627751,2406709
129000,0.00037367584055338787,0.02638888888888889,0.0002751876345160608,0.000044459051759061856,1.1263157894736842,1.0,0.3904681471787666,signatures/d8f4b1972268c610dcfc696b6c303ef4.sig.gz,"GCF_000327285.1 Holdemania massiliensis AP2 strain=AP2, ASM32728v1",d8f4b1972268c610dcfc696b6c303ef4,0.035833333333333335,95000,240,188524000,/nfs3_ib/nfs-ip34/home/def-ilafores/analysis/MethodsComparison/Feces_RA/preproc/SRR5091619/SRR5091619_unmatched_2.fastq,SRR5091619,09eab43b8a173c78059f9718fddaf692,345219000,31,DNA,1000,345219,true,0.7752384833260998,0.8981814957668767,0.8367099895464882,0.8981814957668767,107,1627858,2406709
299000,0.000866116870740023,0.019640272896423405,0.0002751876345160608,0.0009407036746029537,23.83157894736842,4.0,38.70064670521232,signatures/d77e3accd06539c1b1a49a23659dae8d.sig.gz,"GCF_900108345.1 Bacteroides ndongoniae strain=Marseille-P3108, PRJEB16738",d77e3accd06539c1b1a49a23659dae8d,0.06181517469505892,95000,241,188429000,/nfs3_ib/nfs-ip34/home/def-ilafores/analysis/MethodsComparison/Feces_RA/preproc/SRR5091619/SRR5091619_unmatched_2.fastq,SRR5091619,09eab43b8a173c78059f9718fddaf692,345219000,31,DNA,1000,345219,true,0.7965483550493251,0.9141196986119953,0.8553340268306602,0.9141196986119953,2264,1630122,2406709
259000,0.00075024839304905,0.037933817594834544,0.0002722909225737865,0.00006066375286750496,1.553191489361702,1.0,1.8884701749378245,signatures/0fa52b16ef37ab178f2b54115192a175.sig.gz,"GCF_003865035.1 Anaerotignum faecicola strain=KCTC 15736, ASM386503v1",0fa52b16ef37ab178f2b54115192a175,0.10451977401129943,94000,242,188335000,/nfs3_ib/nfs-ip34/home/def-ilafores/analysis/MethodsComparison/Feces_RA/preproc/SRR5091619/SRR5091619_unmatched_2.fastq,SRR5091619,09eab43b8a173c78059f9718fddaf692,345219000,31,DNA,1000,345219,true,0.7928666736883133,0.9297394108375165,0.8613030422629149,0.9297394108375165,146,1630268,2406709
676000,0.0019581772729774433,0.034647991153704386,0.0002722909225737865,0.0007707620655426144,19.73404255319149,7.5,24.599418576382277,signatures/2bb842479d204b3732ee1965a88397d7.sig.gz,"GCF_003287455.1 Faecalibacterium prausnitzii strain=APC922/41-1, ASM328745v1",2bb842479d204b3732ee1965a88397d7,0.24917065978621453,94000,243,188241000,/nfs3_ib/nfs-ip34/home/def-ilafores/analysis/MethodsComparison/Feces_RA/preproc/SRR5091619/SRR5091619_unmatched_2.fastq,SRR5091619,09eab43b8a173c78059f9718fddaf692,345219000,31,DNA,1000,345219,true,0.8177873479776331,0.9561634932856061,0.8869754206316196,0.9561634932856061,1855,1632123,2406709
965000,0.002795327024294723,0.03363148479427549,0.0002722909225737865,0.00014501129966273447,3.7127659574468086,2.0,3.651354573554837,signatures/5229119e2aa175d63f96a9ce9dfd479c.sig.gz,"GCF_000146185.1 [Eubacterium] eligens ATCC 27750 strain=ATCC 27750, ASM14618v1",5229119e2aa175d63f96a9ce9dfd479c,0.34525939177101966,94000,244,188147000,/nfs3_ib/nfs-ip34/home/def-ilafores/analysis/MethodsComparison/Feces_RA/preproc/SRR5091619/SRR5091619_unmatched_2.fastq,SRR5091619,09eab43b8a173c78059f9718fddaf692,345219000,31,DNA,1000,345219,true,0.8272311101406881,0.9662766117406768,0.8967538609406824,0.9662766117406768,349,1632472,2406709
557000,0.0016134685518467988,0.017279411764705883,0.0002722909225737865,0.00042589278554241495,10.904255319148936,2.0,31.174890724419434,signatures/5c4ff261a0e70d62e40310cd5591ac00.sig.gz,"GCF_011927845.1 Butyricimonas paravirosa strain=DSM 105722, ASM1192784v1",5c4ff261a0e70d62e40310cd5591ac00,0.10238970588235294,94000,245,188053000,/nfs3_ib/nfs-ip34/home/def-ilafores/analysis/MethodsComparison/Feces_RA/preproc/SRR5091619/SRR5091619_unmatched_2.fastq,SRR5091619,09eab43b8a173c78059f9718fddaf692,345219000,31,DNA,1000,345219,true,0.8126953188773861,0.9291220859722795,0.8709087024248328,0.9291220859722795,1025,1633497,2406709
97000,0.00028098105840060946,0.03241547577553154,0.0002693942106315122,0.00004736758785544908,1.2258064516129032,1.0,0.4892177705839709,signatures/c2cae97ed5c2f955adaadd6c5da64434.sig.gz,"GCF_000205025.1 Parasutterella excrementihominis YIT 11859 strain=YIT 11859, ASM20502v1",c2cae97ed5c2f955adaadd6c5da64434,0.033809689787382365,93000,246,187960000,/nfs3_ib/nfs-ip34/home/def-ilafores/analysis/MethodsComparison/Feces_RA/preproc/SRR5091619/SRR5091619_unmatched_2.fastq,SRR5091619,09eab43b8a173c78059f9718fddaf692,345219000,31,DNA,1000,345219,true,0.7681414395323445,0.8964988063997533,0.8323201229660488,0.8964988063997533,114,1633611,2406709
336000,0.000973295212604173,0.026270702455739578,0.00026649749868923783,0.00006066375286750496,1.5869565217391304,1.0,1.6094299146851825,signatures/2c4be6d3f461c9f71df87a5d7ae22e2f.sig.gz,"GCF_000225345.1 Roseburia hominis A2-183 strain=A2-183, ASM22534v1",2c4be6d3f461c9f71df87a5d7ae22e2f,0.09594517418617933,92000,247,187868000,/nfs3_ib/nfs-ip34/home/def-ilafores/analysis/MethodsComparison/Feces_RA/preproc/SRR5091619/SRR5091619_unmatched_2.fastq,SRR5091619,09eab43b8a173c78059f9718fddaf692,345219000,31,DNA,1000,345219,true,0.7995517894363638,0.9271756910121536,0.8633637402242587,0.9271756910121536,146,1633757,2406709
301000,0.0008719102946245716,0.027586206896551724,0.00026649749868923783,0.00004986061879520956,1.3043478260869565,1.0,0.5849401759597266,signatures/853f171c0393206ce274892b71b6f556.sig.gz,"GCF_900209925.1 Anaerobutyricum hallii, EH1",853f171c0393206ce274892b71b6f556,0.09025487256371814,92000,248,187776000,/nfs3_ib/nfs-ip34/home/def-ilafores/analysis/MethodsComparison/Feces_RA/preproc/SRR5091619/SRR5091619_unmatched_2.fastq,SRR5091619,09eab43b8a173c78059f9718fddaf692,345219000,31,DNA,1000,345219,true,0.7967196748261818,0.9253488830378205,0.8610342789320011,0.9253488830378205,120,1633877,2406709
549000,0.001590294856308604,0.019425675675675675,0.00026649749868923783,0.00044292849696411156,11.58695652173913,3.0,22.53072885885303,signatures/02081adae2cbefe2ee8ca3ea6ec78648.sig.gz,GCF_025151045.1 Parabacteroides johnsonii DSM 18315 strain=DSM 18315 ASM2515104v1,02081adae2cbefe2ee8ca3ea6ec78648,0.11592060810810811,92000,249,187684000,/nfs3_ib/nfs-ip34/home/def-ilafores/analysis/MethodsComparison/Feces_RA/preproc/SRR5091619/SRR5091619_unmatched_2.fastq,SRR5091619,09eab43b8a173c78059f9718fddaf692,345219000,31,DNA,1000,345219,true,0.8123161460892641,0.9328496091249089,0.8725828776070865,0.9328496091249089,1066,1634943,2406709
1237000,0.003583232672593339,0.01616871704745167,0.00026649749868923783,0.00006606531990365267,1.7282608695652173,1.0,1.0436480840069693,signatures/a94161bf1ccd67b3c66d45adbcfe7953.sig.gz,"GCA_019117555.1 Candidatus Bacteroides intestinigallinarum, ASM1911755v1",a94161bf1ccd67b3c66d45adbcfe7953,0.21739894551845343,92000,250,187592000,/nfs3_ib/nfs-ip34/home/def-ilafores/analysis/MethodsComparison/Feces_RA/preproc/SRR5091619/SRR5091619_unmatched_2.fastq,SRR5091619,09eab43b8a173c78059f9718fddaf692,345219000,31,DNA,1000,345219,true,0.8338840086339256,0.9519654956981122,0.8929247521660189,0.9519654956981122,159,1635102,2406709
544000,0.0015758112965972325,0.024422617467480753,0.00026649749868923783,0.00009099562930125744,2.380434782608696,1.0,5.461012788899994,signatures/367415b6cb4fef904ddbb21d35a68b02.sig.gz,"GCF_004123145.1 Blautia sp. KGMB01111 strain=KGMB01111, ASM412314v1",367415b6cb4fef904ddbb21d35a68b02,0.14441199893814707,92000,251,187500000,/nfs3_ib/nfs-ip34/home/def-ilafores/analysis/MethodsComparison/Feces_RA/preproc/SRR5091619/SRR5091619_unmatched_2.fastq,SRR5091619,09eab43b8a173c78059f9718fddaf692,345219000,31,DNA,1000,345219,true,0.8120764382853864,0.9394862501590171,0.8757813442222018,0.9394862501590171,219,1635321,2406709
166000,0.00048085418241753785,0.02758411639890876,0.00026360078674696354,0.000055677690987984003,1.4725274725274726,1.0,1.2344920149436147,signatures/3e682b689eef8f4d4ab760d3a9715911.sig.gz,"GCA_900543885.1 uncultured Clostridium sp., UMGS615",3e682b689eef8f4d4ab760d3a9715911,0.050318278266141256,91000,252,187409000,/nfs3_ib/nfs-ip34/home/def-ilafores/analysis/MethodsComparison/Feces_RA/preproc/SRR5091619/SRR5091619_unmatched_2.fastq,SRR5091619,09eab43b8a173c78059f9718fddaf692,345219000,31,DNA,1000,345219,true,0.7815705276042887,0.9080717942663203,0.8448211609353045,0.9080717942663203,134,1635455,2406709
634000,0.0018365153714019217,0.030959752321981424,0.0002607040748046892,0.00014750433060249494,3.9444444444444446,3.0,2.5357931527591613,signatures/a52328ec5098a89a612ad31b11da90c5.sig.gz,GCA_937926875.1 uncultured Desulfovibrio sp. SRR8114105_bin.76_CONCOCT_v1.1_MAG,a52328ec5098a89a612ad31b11da90c5,0.21809425524595802,90000,253,187319000,/nfs3_ib/nfs-ip34/home/def-ilafores/analysis/MethodsComparison/Feces_RA/preproc/SRR5091619/SRR5091619_unmatched_2.fastq,SRR5091619,09eab43b8a173c78059f9718fddaf692,345219000,31,DNA,1000,345219,true,0.8160969602942979,0.9520635596007014,0.8840802599474997,0.9520635596007014,355,1635810,2406709
379000,0.001097853826121969,0.028128950695322376,0.0002578073628624149,0.00007063587662654687,1.9101123595505618,1.0,3.8266964349622583,signatures/cf6718f040186c5f6ef437b044fde9d7.sig.gz,"GCF_014290175.1 Anaerosacchariphilus sp. NSJ-68 strain=NSJ-68, ASM1429017v1",cf6718f040186c5f6ef437b044fde9d7,0.11978508217446271,89000,254,187230000,/nfs3_ib/nfs-ip34/home/def-ilafores/analysis/MethodsComparison/Feces_RA/preproc/SRR5091619/SRR5091619_unmatched_2.fastq,SRR5091619,09eab43b8a173c78059f9718fddaf692,345219000,31,DNA,1000,345219,true,0.8026638321117441,0.9338369540889325,0.8682503931003382,0.9338369540889325,170,1635980,2406709
179000,0.0005185114376671041,0.017512790240062966,0.0002578073628624149,0.00043087884742193594,11.651685393258427,2.0,20.140016136250697,signatures/dec6823a28f0aea55b13c3be158528c4.sig.gz,"GCF_000025985.1 Bacteroides fragilis NCTC 9343, ASM2598v1",dec6823a28f0aea55b13c3be158528c4,0.03522235340417158,89000,255,187141000,/nfs3_ib/nfs-ip34/home/def-ilafores/analysis/MethodsComparison/Feces_RA/preproc/SRR5091619/SRR5091619_unmatched_2.fastq,SRR5091619,09eab43b8a173c78059f9718fddaf692,345219000,31,DNA,1000,345219,true,0.7834737724321497,0.8976833565288593,0.8405785644805045,0.8976833565288593,1037,1637017,2406709
91000,0.00026360078674696354,0.022132796780684104,0.00025491065092014055,0.000040304000192794395,1.1022727272727273,1.0,0.37049637242957056,signatures/92fb332d25655e6dffc9e70f527cbb7e.sig.gz,"GCA_019421015.1 Coriobacteriaceae bacterium, ASM1942101v1",92fb332d25655e6dffc9e70f527cbb7e,0.022887323943661973,88000,256,187053000,/nfs3_ib/nfs-ip34/home/def-ilafores/analysis/MethodsComparison/Feces_RA/preproc/SRR5091619/SRR5091619_unmatched_2.fastq,SRR5091619,09eab43b8a173c78059f9718fddaf692,345219000,31,DNA,1000,345219,true,0.7665609077695688,0.885286232208737,0.825923569989153,0.885286232208737,97,1637114,2406709
774000,0.002242055043320327,0.034360189573459717,0.0002520139389778662,0.00007146688693980037,1.9770114942528736,1.0,2.0056071485589193,signatures/5de087f5a9a17c161f71764fddd2d36f.sig.gz,GCA_958454115.1 Blautia wexlerae SRR18940294_bin.27_MetaWRAP_v1.3_MAG,5de087f5a9a17c161f71764fddd2d36f,0.3056872037914692,87000,257,186966000,/nfs3_ib/nfs-ip34/home/def-ilafores/analysis/MethodsComparison/Feces_RA/preproc/SRR5091619/SRR5091619_unmatched_2.fastq,SRR5091619,09eab43b8a173c78059f9718fddaf692,345219000,31,DNA,1000,345219,true,0.8213664822011113,0.962489589151824,0.8919280356764676,0.962489589151824,172,1637286,2406709
449000,0.0013006236620811717,0.034524287434765155,0.0002491172270355919,0.00009431967055427141,2.63953488372093,2.0,1.7247365198013913,signatures/b3810b56786cbf0bba3daaee17ef7b9a.sig.gz,"GCA_900539195.1 uncultured Ruminococcaceae bacterium, UMGS108",b3810b56786cbf0bba3daaee17ef7b9a,0.1802488960256925,86000,258,186880000,/nfs3_ib/nfs-ip34/home/def-ilafores/analysis/MethodsComparison/Feces_RA/preproc/SRR5091619/SRR5091619_unmatched_2.fastq,SRR5091619,09eab43b8a173c78059f9718fddaf692,345219000,31,DNA,1000,345219,true,0.8070642642963342,0.9462282082240794,0.8766462362602068,0.9462282082240794,227,1637513,2406709
119000,0.0003447087211306446,0.02216494845360825,0.0002491172270355919,0.00005318466004822353,1.4883720930232558,1.0,2.591328051569139,signatures/d5aef74860ab7c1cca263aa607c62d70.sig.gz,"GCF_014337215.1 Wansuia hejianensis strain=NSJ-29, ASM1433721v1",d5aef74860ab7c1cca263aa607c62d70,0.030670103092783504,86000,259,186794000,/nfs3_ib/nfs-ip34/home/def-ilafores/analysis/MethodsComparison/Feces_RA/preproc/SRR5091619/SRR5091619_unmatched_2.fastq,SRR5091619,09eab43b8a173c78059f9718fddaf692,345219000,31,DNA,1000,345219,true,0.7732232636175014,0.8936847815409688,0.8334540225792351,0.8936847815409688,128,1637641,2406709
132000,0.0003823659763802108,0.02814070351758794,0.00024332380315104324,0.00010346078400005983,2.9642857142857144,1.0,9.034914325589826,signatures/895261fc11cddcef03130c56a5c81d58.sig.gz,"GCA_003477405.1 Ruminococcaceae bacterium AM07-15 strain=AM07-15, ASM347740v1",895261fc11cddcef03130c56a5c81d58,0.044221105527638194,84000,260,186710000,/nfs3_ib/nfs-ip34/home/def-ilafores/analysis/MethodsComparison/Feces_RA/preproc/SRR5091619/SRR5091619_unmatched_2.fastq,SRR5091619,09eab43b8a173c78059f9718fddaf692,345219000,31,DNA,1000,345219,true,0.7758136113706847,0.9042960464401517,0.8400548289054182,0.9042960464401517,249,1637890,2406709
393000,0.0011384077933138095,0.030871003307607496,0.00024332380315104324,0.0010686792628439915,30.61904761904762,28.5,19.399867919226846,signatures/3051f68ad671dae8457c94daf3bb2364.sig.gz,"GCA_934318045.1 uncultured Lachnospiraceae bacterium, ERR7738263_bin.105",3051f68ad671dae8457c94daf3bb2364,0.1444321940463065,84000,261,186626000,/nfs3_ib/nfs-ip34/home/def-ilafores/analysis/MethodsComparison/Feces_RA/preproc/SRR5091619/SRR5091619_unmatched_2.fastq,SRR5091619,09eab43b8a173c78059f9718fddaf692,345219000,31,DNA,1000,345219,true,0.8036035867059926,0.939490487976547,0.8715470373412698,0.939490487976547,2572,1640462,2406709
227000,0.0006575536108962717,0.020544554455445545,0.00024042709120876892,0.00004113501050604789,1.1927710843373494,1.0,0.45144563843843843,signatures/d2fdeea244c02410e7546507ce922541.sig.gz,"GCF_004535825.1 Prevotella sp. BCRC 81118 strain=BCRC 81118, ASM453582v1",d2fdeea244c02410e7546507ce922541,0.05618811881188119,83000,262,186543000,/nfs3_ib/nfs-ip34/home/def-ilafores/analysis/MethodsComparison/Feces_RA/preproc/SRR5091619/SRR5091619_unmatched_2.fastq,SRR5091619,09eab43b8a173c78059f9718fddaf692,345219000,31,DNA,1000,345219,true,0.7895008797614305,0.9113096127490591,0.8504052462552447,0.9113096127490591,99,1640561,2406709
460000,0.0013324874934461893,0.04135148764498235,0.0002375303792664946,0.0007823962099281633,22.963414634146343,22.5,9.21748751803612,signatures/9aee49284867dbc6e5852ed10c91fc2e.sig.gz,"GCA_900317855.1 uncultured Clostridiales bacterium, Rumen uncultured genome RUG332",9aee49284867dbc6e5852ed10c91fc2e,0.23197175995965708,82000,263,186461000,/nfs3_ib/nfs-ip34/home/def-ilafores/analysis/MethodsComparison/Feces_RA/preproc/SRR5091619/SRR5091619_unmatched_2.fastq,SRR5091619,09eab43b8a173c78059f9718fddaf692,345219000,31,DNA,1000,345219,true,0.8076946349305126,0.9539600003729412,0.880827317651727,0.9539600003729412,1883,1642444,2406709
175000,0.0005069245898980068,0.027300303336703743,0.00023463366732422028,0.00004944511363858281,1.4691358024691359,1.0,2.0250677156980768,signatures/a6be66ce83fd1772452d8972fe7fcb22.sig.gz,"GCF_009695995.1 Lachnospiraceae bacterium WCA3-601-WT-6H strain=WCA3-601-WT-6H, ASM969599v1",a6be66ce83fd1772452d8972fe7fcb22,0.058982136838557464,81000,264,186380000,/nfs3_ib/nfs-ip34/home/def-ilafores/analysis/MethodsComparison/Feces_RA/preproc/SRR5091619/SRR5091619_unmatched_2.fastq,SRR5091619,09eab43b8a173c78059f9718fddaf692,345219000,31,DNA,1000,345219,true,0.7829028071764981,0.9127373501226096,0.8478200786495538,0.9127373501226096,119,1642563,2406709
436000,0.0012629664068316054,0.028500178126113287,0.00023173695538194596,0.000055677690987984003,1.675,1.0,1.5064444895182831,signatures/206d87ad2132d97a779f4544c9be4248.sig.gz,"GCF_014287875.1 Flintibacter sp. BX5 strain=BX5, ASM1428787v1",206d87ad2132d97a779f4544c9be4248,0.1553259707873174,80000,265,186300000,/nfs3_ib/nfs-ip34/home/def-ilafores/analysis/MethodsComparison/Feces_RA/preproc/SRR5091619/SRR5091619_unmatched_2.fastq,SRR5091619,09eab43b8a173c78059f9718fddaf692,345219000,31,DNA,1000,345219,true,0.8062997212320211,0.9416968099947349,0.873998265613378,0.9416968099947349,134,1642697,2406709
212000,0.0006141029317621567,0.019056693663649357,0.00023173695538194596,0.00006481880443377243,1.95,1.0,1.6424067705656837,signatures/cd255e017b4d3015ea771faa413a355b.sig.gz,"GCF_000233955.1 Paraprevotella clara YIT 11840 strain=YIT 11840, ASM23395v1",cd255e017b4d3015ea771faa413a355b,0.0505002382086708,80000,266,186220000,/nfs3_ib/nfs-ip34/home/def-ilafores/analysis/MethodsComparison/Feces_RA/preproc/SRR5091619/SRR5091619_unmatched_2.fastq,SRR5091619,09eab43b8a173c78059f9718fddaf692,345219000,31,DNA,1000,345219,true,0.7877617260287596,0.9081775368050485,0.8479696314169041,0.9081775368050485,156,1642853,2406709
92000,0.00026649749868923783,0.029706646862235425,0.00023173695538194596,0.00004155051566267463,1.25,1.0,0.6224949798994367,signatures/da00d8572c904dcf82b03b88ccd3dcbd.sig.gz,"GCA_900753285.1 Clostridia bacterium, ERS396348_42",da00d8572c904dcf82b03b88ccd3dcbd,0.03416264389157074,80000,267,186140000,/nfs3_ib/nfs-ip34/home/def-ilafores/analysis/MethodsComparison/Feces_RA/preproc/SRR5091619/SRR5091619_unmatched_2.fastq,SRR5091619,09eab43b8a173c78059f9718fddaf692,345219000,31,DNA,1000,345219,true,0.7668312069695996,0.8967991931172118,0.8318152000434057,0.8967991931172118,100,1642953,2406709
329000,0.0009530182290082527,0.027138440398488492,0.00022884024343967162,0.00004986061879520956,1.518987341772152,1.0,0.8246327835393585,signatures/dbd3858aa79f473992a9425a3b3a410e.sig.gz,"GCA_934435205.1 uncultured Ruminococcus sp., ERR7738659_bin.122",dbd3858aa79f473992a9425a3b3a410e,0.11301958090003435,79000,268,186061000,/nfs3_ib/nfs-ip34/home/def-ilafores/analysis/MethodsComparison/Feces_RA/preproc/SRR5091619/SRR5091619_unmatched_2.fastq,SRR5091619,09eab43b8a173c78059f9718fddaf692,345219000,31,DNA,1000,345219,true,0.7990089643979044,0.9320872573295276,0.865548110863716,0.9320872573295276,120,1643073,2406709
226000,0.0006546568989539973,0.024012158054711245,0.00022884024343967162,0.00005858622708437123,1.7848101265822784,1.0,1.1437323542355966,signatures/adb0ed78ca86ef0f7a6de3e9b273ca7a.sig.gz,"GCA_902363045.1 Clostridiales bacterium, MGYG-HGUT-00086",adb0ed78ca86ef0f7a6de3e9b273ca7a,0.06869300911854104,79000,269,185982000,/nfs3_ib/nfs-ip34/home/def-ilafores/analysis/MethodsComparison/Feces_RA/preproc/SRR5091619/SRR5091619_unmatched_2.fastq,SRR5091619,09eab43b8a173c78059f9718fddaf692,345219000,31,DNA,1000,345219,true,0.7893884470982614,0.9172359112565543,0.8533121791774079,0.9172359112565543,141,1643214,2406709
698000,0.0020219049357074782,0.019672131147540985,0.0002259435314973973,0.0017991373281938115,55.51282051282051,20.0,67.06822848064412,signatures/e9ec7274e8258dd4be5e60bc6fb66cda.sig.gz,GCA_948847595.1 uncultured Bacteroides sp. MGBC156522,e9ec7274e8258dd4be5e60bc6fb66cda,0.17604035308953342,78000,270,185904000,/nfs3_ib/nfs-ip34/home/def-ilafores/analysis/MethodsComparison/Feces_RA/preproc/SRR5091619/SRR5091619_unmatched_2.fastq,SRR5091619,09eab43b8a173c78059f9718fddaf692,345219000,31,DNA,1000,345219,true,0.8186326387124184,0.9455073531542093,0.8820699959333138,0.9455073531542093,4330,1647544,2406709
397000,0.0011499946410829067,0.026416405978449773,0.00022015010761284866,0.000307889321060419,9.75,7.0,11.816719867249654,signatures/ea17219c3969bf830078515e407dfc37.sig.gz,"GCF_024462815.1 Gemmiger formicilis strain=DFI.6.10, ASM2446281v1",ea17219c3969bf830078515e407dfc37,0.13799096280848105,76000,271,185828000,/nfs3_ib/nfs-ip34/home/def-ilafores/analysis/MethodsComparison/Feces_RA/preproc/SRR5091619/SRR5091619_unmatched_2.fastq,SRR5091619,09eab43b8a173c78059f9718fddaf692,345219000,31,DNA,1000,345219,true,0.8038661401481529,0.938108879264219,0.870987509706186,0.938108879264219,741,1648285,2406709
634000,0.0018365153714019217,0.019294237116019294,0.00022015010761284866,0.00027215587759051886,8.618421052631579,2.5,12.934009743047246,signatures/9b37ff955b2758a3120db28694fa909f.sig.gz,"GCA_019415065.1 Bacteroides sp., ASM1941506v1",9b37ff955b2758a3120db28694fa909f,0.16095455699416095,76000,272,185752000,/nfs3_ib/nfs-ip34/home/def-ilafores/analysis/MethodsComparison/Feces_RA/preproc/SRR5091619/SRR5091619_unmatched_2.fastq,SRR5091619,09eab43b8a173c78059f9718fddaf692,345219000,31,DNA,1000,345219,true,0.8160969602942979,0.9427787457865267,0.8794378530404123,0.9427787457865267,655,1648940,2406709
737000,0.002134876701456177,0.020182992465016147,0.00021725339567057434,0.00004736758785544908,1.52,1.0,1.158850004674174,signatures/988b2ef58a54374a65546dbc194ca3be.sig.gz,GCA_015074785.1 Segatella copri strain=YF2 ASM1507478v1,988b2ef58a54374a65546dbc194ca3be,0.19833153928955866,75000,273,185677000,/nfs3_ib/nfs-ip34/home/def-ilafores/analysis/MethodsComparison/Feces_RA/preproc/SRR5091619/SRR5091619_unmatched_2.fastq,SRR5091619,09eab43b8a173c78059f9718fddaf692,345219000,31,DNA,1000,345219,true,0.8200696425257225,0.9491508014616424,0.8846102219936824,0.9491508014616424,114,1649054,2406709
175000,0.0005069245898980068,0.024975024975024976,0.00021725339567057434,0.00004113501050604789,1.32,1.0,0.6564551266715292,signatures/191c09c142a47f535bbf4dfad956a69b.sig.gz,"GCF_014287775.1 Eubacterium sp. BX4 strain=BX4, ASM1428777v1",191c09c142a47f535bbf4dfad956a69b,0.05827505827505827,75000,274,185602000,/nfs3_ib/nfs-ip34/home/def-ilafores/analysis/MethodsComparison/Feces_RA/preproc/SRR5091619/SRR5091619_unmatched_2.fastq,SRR5091619,09eab43b8a173c78059f9718fddaf692,345219000,31,DNA,1000,345219,true,0.7829028071764981,0.9123823217345876,0.8476425644555428,0.9123823217345876,99,1649153,2406709
434000,0.0012571729829470568,0.015378306335862211,0.00021725339567057434,0.00023600692896399192,7.573333333333333,1.0,21.06129045323566,signatures/9f833edc009ae582f777a22b3796d1ff.sig.gz,GCF_959601035.1 Bacteroides intestinalis SRR16279995_bin.30_MetaWRAP_v1.3_MAG,9f833edc009ae582f777a22b3796d1ff,0.08898913266352265,75000,275,185527000,/nfs3_ib/nfs-ip34/home/def-ilafores/analysis/MethodsComparison/Feces_RA/preproc/SRR5091619/SRR5091619_unmatched_2.fastq,SRR5091619,09eab43b8a173c78059f9718fddaf692,345219000,31,DNA,1000,345219,true,0.806180145206512,0.9249273982253177,0.8655537717159149,0.9249273982253177,568,1649721,2406709
76000,0.00022015010761284866,0.03661553686293914,0.00021435668372830002,0.00003864197956628741,1.2567567567567568,1.0,0.6790456500757358,signatures/391af38f88c8d495d6bdee38a0420a9d.sig.gz,"GCA_000435475.1 Cryptobacterium sp. CAG:338, MGS338",391af38f88c8d495d6bdee38a0420a9d,0.0376051459673429,74000,276,185453000,/nfs3_ib/nfs-ip34/home/def-ilafores/analysis/MethodsComparison/Feces_RA/preproc/SRR5091619/SRR5091619_unmatched_2.fastq,SRR5091619,09eab43b8a173c78059f9718fddaf692,345219000,31,DNA,1000,345219,true,0.7621197044895085,0.8995809184875537,0.8308503114885311,0.8995809184875537,93,1649814,2406709
83000,0.00024042709120876892,0.03920515574650913,0.00021145997178602567,0.00004113501050604789,1.356164383561644,1.0,0.9561604584446654,signatures/fed98fe06f36d89d113198957fefae2c.sig.gz,"GCA_900542375.1 uncultured Ruminococcaceae bacterium, UMGS454",fed98fe06f36d89d113198957fefae2c,0.04457572502685284,73000,277,185380000,/nfs3_ib/nfs-ip34/home/def-ilafores/analysis/MethodsComparison/Feces_RA/preproc/SRR5091619/SRR5091619_unmatched_2.fastq,SRR5091619,09eab43b8a173c78059f9718fddaf692,345219000,31,DNA,1000,345219,true,0.7642888592818697,0.9045290713454776,0.8344089653136737,0.9045290713454776,99,1649913,2406709
360000,0.0010428162992187568,0.020362622036262202,0.00021145997178602567,0.0000735444127229341,2.4246575342465753,1.0,3.078506167800051,signatures/b2cb449359263424b624c31f539ed929.sig.gz,"GCF_003478035.1 Clostridium sp. OF03-18AA strain=OF03-18AA, ASM347803v1",b2cb449359263424b624c31f539ed929,0.100418410041841,73000,278,185307000,/nfs3_ib/nfs-ip34/home/def-ilafores/analysis/MethodsComparison/Feces_RA/preproc/SRR5091619/SRR5091619_unmatched_2.fastq,SRR5091619,09eab43b8a173c78059f9718fddaf692,345219000,31,DNA,1000,345219,true,0.8013332347452173,0.928539600539412,0.8649364176423147,0.928539600539412,177,1650090,2406709
462000,0.001338280917330738,0.01940420880021864,0.00020566654790147703,0.000035733443469900184,1.2112676056338028,1.0,0.7103955049531544,signatures/cc3f4e6331ad6004e2e014363ff7b343.sig.gz,GCF_025567165.1 Laedolimicola ammoniilytica strain=Sanger_04 ASM2556716v1,cc3f4e6331ad6004e2e014363ff7b343,0.12626400655916917,71000,279,185236000,/nfs3_ib/nfs-ip34/home/def-ilafores/analysis/MethodsComparison/Feces_RA/preproc/SRR5091619/SRR5091619_unmatched_2.fastq,SRR5091619,09eab43b8a173c78059f9718fddaf692,345219000,31,DNA,1000,345219,true,0.8078076784435358,0.9354250983396601,0.8716163883915979,0.9354250983396601,86,1650176,2406709
625000,0.0018104449639214527,0.03237574099407205,0.00020566654790147703,0.00036190499142189605,12.267605633802816,6.0,20.050610433950705,signatures/3765028b477e05aab7ca46cf4971501b.sig.gz,"GCA_934511465.1 uncultured Faecalibacterium sp., ERR7745828_bin.158",3765028b477e05aab7ca46cf4971501b,0.28499772001823986,71000,280,185165000,/nfs3_ib/nfs-ip34/home/def-ilafores/analysis/MethodsComparison/Feces_RA/preproc/SRR5091619/SRR5091619_unmatched_2.fastq,SRR5091619,09eab43b8a173c78059f9718fddaf692,345219000,31,DNA,1000,345219,true,0.8157206604019477,0.9603161624435699,0.8880184114227587,0.9603161624435699,871,1651047,2406709
104000,0.00030125804199652973,0.02852485737571312,0.0002027698359592027,0.00025512016616882226,8.771428571428572,8.5,3.9791292248122714,signatures/df564f05a0ac833533bff4e4a38bc24b.sig.gz,"GCA_000434635.1 Firmicutes bacterium CAG:110, MGS110",df564f05a0ac833533bff4e4a38bc24b,0.042379788101059496,70000,281,185095000,/nfs3_ib/nfs-ip34/home/def-ilafores/analysis/MethodsComparison/Feces_RA/preproc/SRR5091619/SRR5091619_unmatched_2.fastq,SRR5091619,09eab43b8a173c78059f9718fddaf692,345219000,31,DNA,1000,345219,true,0.7698699631994701,0.903056243107934,0.836463103153702,0.903056243107934,614,1651661,2406709
364000,0.0010544031469878542,0.036610878661087864,0.0002027698359592027,0.000049029608481956066,1.6857142857142857,1.0,1.2016994768464622,signatures/92b19d619bec44211e0cd1149887d856.sig.gz,"GCA_905215045.1 uncultured bacterium, ERR1600571-mag-bin.33",92b19d619bec44211e0cd1149887d856,0.1903765690376569,70000,282,185025000,/nfs3_ib/nfs-ip34/home/def-ilafores/analysis/MethodsComparison/Feces_RA/preproc/SRR5091619/SRR5091619_unmatched_2.fastq,SRR5091619,09eab43b8a173c78059f9718fddaf692,345219000,31,DNA,1000,345219,true,0.8016189179470665,0.9478982591448057,0.8747585885459361,0.9478982591448057,118,1651779,2406709
1011000,0.002928575773639342,0.026579352850539292,0.0001998731240169284,0.00046744330120508963,16.304347826086957,10.0,14.94172675722966,signatures/274d2a35497ba915784abbf912039a75.sig.gz,"GCA_934561555.1 uncultured Faecalibacterium sp., ERR7738160_bin.144",274d2a35497ba915784abbf912039a75,0.3894453004622496,69000,283,184956000,/nfs3_ib/nfs-ip34/home/def-ilafores/analysis/MethodsComparison/Feces_RA/preproc/SRR5091619/SRR5091619_unmatched_2.fastq,SRR5091619,09eab43b8a173c78059f9718fddaf692,345219000,31,DNA,1000,345219,true,0.8284746816237967,0.970037660925467,0.8992561712746319,0.970037660925467,1125,1652904,2406709
282000,0.0008168727677213595,0.03484848484848485,0.0001998731240169284,0.00009722820665065863,3.391304347826087,3.0,2.819278308846915,signatures/04174c5d7cb0ffc14ef9022b89d55cb5.sig.gz,"GCA_003522105.1 Oscillibacter sp., ASM352210v1",04174c5d7cb0ffc14ef9022b89d55cb5,0.14242424242424243,69000,284,184887000,/nfs3_ib/nfs-ip34/home/def-ilafores/analysis/MethodsComparison/Feces_RA/preproc/SRR5091619/SRR5091619_unmatched_2.fastq,SRR5091619,09eab43b8a173c78059f9718fddaf692,345219000,31,DNA,1000,345219,true,0.7950456724684761,0.9390662999884157,0.8670559862284459,0.9390662999884157,234,1653138,2406709
367000,0.001063093282814677,0.02274247491638796,0.00019697641207465407,0.00026966284665075834,9.544117647058824,7.0,9.051216726023815,signatures/dfa3dbf060ad74d93551cac84a908cf9.sig.gz,GCA_025758045.1 Oscillospiraceae bacterium ASM2575804v1,dfa3dbf060ad74d93551cac84a908cf9,0.12274247491638796,68000,285,184819000,/nfs3_ib/nfs-ip34/home/def-ilafores/analysis/MethodsComparison/Feces_RA/preproc/SRR5091619/SRR5091619_unmatched_2.fastq,SRR5091619,09eab43b8a173c78059f9718fddaf692,345219000,31,DNA,1000,345219,true,0.801831193544473,0.9345719410719273,0.8682015673082002,0.9345719410719273,649,1653787,2406709
869000,0.002517242677836388,0.018732782369146005,0.00019697641207465407,0.00013794771200007977,4.882352941176471,2.0,15.207901788761292,signatures/33c4338e66995b8c78186e1b7bbc25e7.sig.gz,"GCA_019423345.1 Butyricimonas sp., ASM1942334v1",33c4338e66995b8c78186e1b7bbc25e7,0.23939393939393938,68000,286,184751000,/nfs3_ib/nfs-ip34/home/def-ilafores/analysis/MethodsComparison/Feces_RA/preproc/SRR5091619/SRR5091619_unmatched_2.fastq,SRR5091619,09eab43b8a173c78059f9718fddaf692,345219000,31,DNA,1000,345219,true,0.8244396566407766,0.9549296804416407,0.8896846685412086,0.9549296804416407,332,1654119,2406709
722000,0.002091426022322062,0.029105125977410946,0.00019407970013237975,0.00013960973262658677,5.014925373134329,2.0,9.626599556659745,signatures/551fa90e06a7337e54ce9a1c2fa6dcb4.sig.gz,"GCF_902363845.1 Collinsella aerofaciens, MGYG-HGUT-00156",551fa90e06a7337e54ce9a1c2fa6dcb4,0.31364031277150306,67000,287,184684000,/nfs3_ib/nfs-ip34/home/def-ilafores/analysis/MethodsComparison/Feces_RA/preproc/SRR5091619/SRR5091619_unmatched_2.fastq,SRR5091619,09eab43b8a173c78059f9718fddaf692,345219000,31,DNA,1000,345219,true,0.8195258587102092,0.9632873720086312,0.8914066153594202,0.9632873720086312,336,1654455,2406709
841000,0.002436134743452707,0.017886626307099616,0.00018828627624783108,0.0001022142685301796,3.7846153846153845,2.0,5.045919319127877,signatures/b6c8062e93e41571a0a6b95431f1f8fa.sig.gz,GCA_948742525.1 Bacteroides caecimuris MGBC150249,b6c8062e93e41571a0a6b95431f1f8fa,0.2314254265272427,65000,288,184619000,/nfs3_ib/nfs-ip34/home/def-ilafores/analysis/MethodsComparison/Feces_RA/preproc/SRR5091619/SRR5091619_unmatched_2.fastq,SRR5091619,09eab43b8a173c78059f9718fddaf692,345219000,31,DNA,1000,345219,true,0.8235690970201851,0.9538874421669262,0.8887282695935557,0.9538874421669262,246,1654701,2406709
112000,0.00032443173753472434,0.021702838063439065,0.00018828627624783108,0.00003448692800001994,1.2769230769230768,1.0,0.6907675175582662,signatures/67dadb60720452f1dd374a919651ec92.sig.gz,"GCA_934394595.1 uncultured Blautia sp., ERR7738591_bin.232",67dadb60720452f1dd374a919651ec92,0.03739565943238731,65000,289,184554000,/nfs3_ib/nfs-ip34/home/def-ilafores/analysis/MethodsComparison/Feces_RA/preproc/SRR5091619/SRR5091619_unmatched_2.fastq,SRR5091619,09eab43b8a173c78059f9718fddaf692,345219000,31,DNA,1000,345219,true,0.7717126003492263,0.8994188268079615,0.8355657135785939,0.8994188268079615,83,1654784,2406709
453000,0.001312210509850269,0.017882089969265158,0.00018538956430555676,0.00005775521677111774,2.171875,2.0,1.4421629534747447,signatures/e10a6daf2b20df057b3f9f1ce4135078.sig.gz,"GCF_018919065.1 Blautia sp. MSJ-9 strain=MSJ-9, ASM1891906v1",e10a6daf2b20df057b3f9f1ce4135078,0.12657166806370496,64000,290,184490000,/nfs3_ib/nfs-ip34/home/def-ilafores/analysis/MethodsComparison/Feces_RA/preproc/SRR5091619/SRR5091619_unmatched_2.fastq,SRR5091619,09eab43b8a173c78059f9718fddaf692,345219000,31,DNA,1000,345219,true,0.807295202002915,0.9354985377852132,0.8713968698940642,0.9354985377852132,139,1654923,2406709
647000,0.001874172626651488,0.02129783693843594,0.00018538956430555676,0.0002592752177350897,9.75,4.5,9.122431145259467,signatures/c44bc28a0218fb212021916bba57f946.sig.gz,GCF_900541585.1 uncultured Alistipes sp. UMGS368,c44bc28a0218fb212021916bba57f946,0.21530782029950082,64000,291,184426000,/nfs3_ib/nfs-ip34/home/def-ilafores/analysis/MethodsComparison/Feces_RA/preproc/SRR5091619/SRR5091619_unmatched_2.fastq,SRR5091619,09eab43b8a173c78059f9718fddaf692,345219000,31,DNA,1000,345219,true,0.816631477119167,0.9516687314753857,0.8841501042972764,0.9516687314753857,624,1655547,2406709
858000,0.0024853788464713703,0.022342342342342343,0.00017959614042100812,0.00010636932009644705,4.129032258064516,3.0,3.215305488760935,signatures/1c86d14b5e74b8fcf07a707c63c50911.sig.gz,GCF_003458705.1 Eubacterium sp. AF22-9 strain=AF22-9 ASM345870v1,1c86d14b5e74b8fcf07a707c63c50911,0.3091891891891892,62000,292,184364000,/nfs3_ib/nfs-ip34/home/def-ilafores/analysis/MethodsComparison/Feces_RA/preproc/SRR5091619/SRR5091619_unmatched_2.fastq,SRR5091619,09eab43b8a173c78059f9718fddaf692,345219000,31,DNA,1000,345219,true,0.82410093404748,0.962843321961146,0.893472128004313,0.962843321961146,256,1655803,2406709
520000,0.0015062902099826486,0.026204564666103127,0.00017959614042100812,0.000530600085012355,20.596774193548388,10.0,27.90679167966531,signatures/adc1df3a0352969bfc377565e7b022da.sig.gz,"GCA_934513205.1 uncultured Faecalibacterium sp., ERR7746688_bin.83",adc1df3a0352969bfc377565e7b022da,0.21978021978021978,62000,293,184302000,/nfs3_ib/nfs-ip34/home/def-ilafores/analysis/MethodsComparison/Feces_RA/preproc/SRR5091619/SRR5091619_unmatched_2.fastq,SRR5091619,09eab43b8a173c78059f9718fddaf692,345219000,31,DNA,1000,345219,true,0.8108953224891572,0.9523000911837548,0.881597706836456,0.9523000911837548,1277,1657080,2406709
469000,0.0013585579009266582,0.023443504996156803,0.0001766994284787338,0.000394729898795409,15.573770491803279,12.0,13.63272222601151,signatures/d4a7f08c9e22a9d508115b1cbbc1fe89.sig.gz,"GCA_934365945.1 uncultured Agathobacter sp., ERR7737619_bin.21",d4a7f08c9e22a9d508115b1cbbc1fe89,0.18024596464258263,61000,294,184241000,/nfs3_ib/nfs-ip34/home/def-ilafores/analysis/MethodsComparison/Feces_RA/preproc/SRR5091619/SRR5091619_unmatched_2.fastq,SRR5091619,09eab43b8a173c78059f9718fddaf692,345219000,31,DNA,1000,345219,true,0.8081996352068639,0.9462277118174391,0.8772136735121515,0.9462277118174391,950,1658030,2406709
153000,0.00044319692716797166,0.02678963548528766,0.0001766994284787338,0.00009639719633740515,3.80327868852459,3.0,6.383430580143645,signatures/9b6f34edebd90ca3700f772e15b9a139.sig.gz,GCA_902475855.1 uncultured Eubacteriales bacterium UHGG-TPA_MGYG-HGUT-02115,9b6f34edebd90ca3700f772e15b9a139,0.06719367588932806,61000,295,184180000,/nfs3_ib/nfs-ip34/home/def-ilafores/analysis/MethodsComparison/Feces_RA/preproc/SRR5091619/SRR5091619_unmatched_2.fastq,SRR5091619,09eab43b8a173c78059f9718fddaf692,345219000,31,DNA,1000,345219,true,0.7795171982019893,0.9165831811193776,0.8480501896606835,0.9165831811193776,232,1658262,2406709
1033000,0.0029923034363693772,0.02260934025203855,0.0001766994284787338,0.00034196074390381223,13.491803278688524,8.0,15.992439761808427,signatures/eeb695a1e6e0e337d3fe9bb8e8223271.sig.gz,GCA_948956705.1 uncultured Phocaeicola sp. MGBC101826,eeb695a1e6e0e337d3fe9bb8e8223271,0.382876204595997,61000,296,184119000,/nfs3_ib/nfs-ip34/home/def-ilafores/analysis/MethodsComparison/Feces_RA/preproc/SRR5091619/SRR5091619_unmatched_2.fastq,SRR5091619,09eab43b8a173c78059f9718fddaf692,345219000,31,DNA,1000,345219,true,0.8290501969652978,0.969505484434301,0.8992778406997994,0.969505484434301,823,1659085,2406709
803000,0.0023260596896462825,0.021254355400696864,0.0001766994284787338,0.00007686845397594807,3.0327868852459017,2.0,2.332712577874853,signatures/112f1147a84d405033898f45cd1ef747.sig.gz,"GCF_000156375.1 Desulfovibrio piger ATCC 29098 strain=ATCC 29098, ASM15637v1",112f1147a84d405033898f45cd1ef747,0.27979094076655053,61000,297,184058000,/nfs3_ib/nfs-ip34/home/def-ilafores/analysis/MethodsComparison/Feces_RA/preproc/SRR5091619/SRR5091619_unmatched_2.fastq,SRR5091619,09eab43b8a173c78059f9718fddaf692,345219000,31,DNA,1000,345219,true,0.8223416474693985,0.9597451456379908,0.8910433965536947,0.9597451456379908,185,1659270,2406709
576000,0.0016685060787500108,0.031233732431025507,0.00017380271653645945,0.00011717245416874246,4.7,3.0,5.429241813243048,signatures/6cab23ae821ffbe9391ded389a174b4a.sig.gz,"GCA_934525735.1 uncultured Faecalibacterium sp., ERR7738265_bin.113",6cab23ae821ffbe9391ded389a174b4a,0.29984383133784487,60000,298,183998000,/nfs3_ib/nfs-ip34/home/def-ilafores/analysis/MethodsComparison/Feces_RA/preproc/SRR5091619/SRR5091619_unmatched_2.fastq,SRR5091619,09eab43b8a173c78059f9718fddaf692,345219000,31,DNA,1000,345219,true,0.8135751421477943,0.9618905298760655,0.8877328360119299,0.9618905298760655,282,1659552,2406709
678000,0.001963970696861992,0.013638465094775775,0.00017090600459418513,0.00004695208269882233,1.9152542372881356,2.0,1.078104670765373,signatures/9f8ee440e15d203543396b77b2bae2e7.sig.gz,GCA_003477525.1 Ruminococcus sp. AF41-9 strain=AF41-9 ASM347752v1,9f8ee440e15d203543396b77b2bae2e7,0.15672676837725383,59000,299,183939000,/nfs3_ib/nfs-ip34/home/def-ilafores/analysis/MethodsComparison/Feces_RA/preproc/SRR5091619/SRR5091619_unmatched_2.fastq,SRR5091619,09eab43b8a173c78059f9718fddaf692,345219000,31,DNA,1000,345219,true,0.8178652845012343,0.9419695774771399,0.8799174309891871,0.9419695774771399,113,1659665,2406709
86000,0.0002491172270355919,0.0319091400757166,0.00017090600459418513,0.000027423340337365256,1.11864406779661,1.0,0.4151677530140979,signatures/eb855216d45b00987adccb2bff88cb94.sig.gz,"GCA_019117135.1 Candidatus Duodenibacillus intestinavium, ASM1911713v1",eb855216d45b00987adccb2bff88cb94,0.046511627906976744,59000,300,183880000,/nfs3_ib/nfs-ip34/home/def-ilafores/analysis/MethodsComparison/Feces_RA/preproc/SRR5091619/SRR5091619_unmatched_2.fastq,SRR5091619,09eab43b8a173c78059f9718fddaf692,345219000,31,DNA,1000,345219,true,0.765164759720939,0.9057703793203208,0.83546756952063,0.9057703793203208,66,1659731,2406709
498000,0.0014425625472526135,0.015973561002478657,0.0001680092926519108,0.000044459051759061856,1.8448275862068966,1.0,1.2289850611859818,signatures/1ca388e0f0c91a044eb31d6a265ece71.sig.gz,GCF_026095235.1 Segatella copri strain=F3-48 ASM2609523v1,1ca388e0f0c91a044eb31d6a265ece71,0.1371522996419719,58000,301,183822000,/nfs3_ib/nfs-ip34/home/def-ilafores/analysis/MethodsComparison/Feces_RA/preproc/SRR5091619/SRR5091619_unmatched_2.fastq,SRR5091619,09eab43b8a173c78059f9718fddaf692,345219000,31,DNA,1000,345219,true,0.8097653370360166,0.9379244164293441,0.8738448767326803,0.9379244164293441,107,1659838,2406709
366000,0.0010601965708724027,0.017490952955367914,0.0001680092926519108,0.00008974911383137721,3.7241379310344827,1.0,10.24155346421066,signatures/2023c0f479da06b35c0c857a2d652a0d.sig.gz,"GCF_003480435.1 Clostridium sp. AM30-24 strain=AM30-24, ASM348043v1",2023c0f479da06b35c0c857a2d652a0d,0.11037394451145958,58000,302,183764000,/nfs3_ib/nfs-ip34/home/def-ilafores/analysis/MethodsComparison/Feces_RA/preproc/SRR5091619/SRR5091619_unmatched_2.fastq,SRR5091619,09eab43b8a173c78059f9718fddaf692,345219000,31,DNA,1000,345219,true,0.8017606221934379,0.9313753247946084,0.8665679734940231,0.9313753247946084,216,1660054,2406709
563000,0.0016308488235004445,0.028670291646070194,0.0001680092926519108,0.00027007835180738513,11.206896551724139,9.0,8.583783067384633,signatures/67ff6aa4aefa5332d75476550be7a291.sig.gz,"GCA_905215855.1 uncultured bacterium, SRR413702-mag-bin.4",67ff6aa4aefa5332d75476550be7a291,0.2782995551161641,58000,303,183706000,/nfs3_ib/nfs-ip34/home/def-ilafores/analysis/MethodsComparison/Feces_RA/preproc/SRR5091619/SRR5091619_unmatched_2.fastq,SRR5091619,09eab43b8a173c78059f9718fddaf692,345219000,31,DNA,1000,345219,true,0.8129762555899881,0.9595796932056798,0.886277974397834,0.9595796932056798,650,1660704,2406709
83000,0.00024042709120876892,0.009887487214456188,0.0001680092926519108,0.0015344605434225742,63.672413793103445,15.0,169.45962675832308,signatures/94e3f5a2030805fe7783ec2f5159183c.sig.gz,"GCA_023404095.1 Proteobacteria bacterium, ASM2340409v1",94e3f5a2030805fe7783ec2f5159183c,0.014149335151721787,58000,304,183648000,/nfs3_ib/nfs-ip34/home/def-ilafores/analysis/MethodsComparison/Feces_RA/preproc/SRR5091619/SRR5091619_unmatched_2.fastq,SRR5091619,09eab43b8a173c78059f9718fddaf692,345219000,31,DNA,1000,345219,true,0.7642888592818697,0.8716584079157026,0.8179736335987862,0.8716584079157026,3693,1664397,2406709
360000,0.0010428162992187568,0.02899287894201424,0.0001651125807096365,0.00009473517571089816,4.0,3.0,3.6176953020183467,signatures/4a3eba023f2953bbccb2a99ae877a3e6.sig.gz,GCA_937884915.1 uncultured Oscillibacter sp. SRR1747058_bin.33_CONCOCT_v1.1_MAG,4a3eba023f2953bbccb2a99ae877a3e6,0.18311291963377416,57000,305,183591000,/nfs3_ib/nfs-ip34/home/def-ilafores/analysis/MethodsComparison/Feces_RA/preproc/SRR5091619/SRR5091619_unmatched_2.fastq,SRR5091619,09eab43b8a173c78059f9718fddaf692,345219000,31,DNA,1000,345219,true,0.8013332347452173,0.9467095138333848,0.874021374289301,0.9467095138333848,228,1664625,2406709
486000,0.0014078020039453216,0.01742586365025986,0.0001651125807096365,0.00004279703113255487,1.8070175438596492,1.0,1.6800020519121563,signatures/888d5c9074f0eba4fb60a0b7f12b8960.sig.gz,"GCF_900120195.1 Blautia sp. Marseille-P3087 strain=Marseille-P3087, PRJEB18016",888d5c9074f0eba4fb60a0b7f12b8960,0.14857841638642616,57000,306,183534000,/nfs3_ib/nfs-ip34/home/def-ilafores/analysis/MethodsComparison/Feces_RA/preproc/SRR5091619/SRR5091619_unmatched_2.fastq,SRR5091619,09eab43b8a173c78059f9718fddaf692,345219000,31,DNA,1000,345219,true,0.8091284472003065,0.9403486260822413,0.8747385366412739,0.9403486260822413,103,1664728,2406709
62000,0.00017959614042100812,0.014504014504014505,0.00016221586876736217,0.00002576131971085827,1.1071428571428572,1.0,0.30929478706587094,signatures/24c512d403ae80e3b49dc2077a8cdc1e.sig.gz,"GCF_900240215.1 Raoultibacter timonensis strain=Marseille-P3277, PRJEB23748",24c512d403ae80e3b49dc2077a8cdc1e,0.01605801605801606,56000,307,183478000,/nfs3_ib/nfs-ip34/home/def-ilafores/analysis/MethodsComparison/Feces_RA/preproc/SRR5091619/SRR5091619_unmatched_2.fastq,SRR5091619,09eab43b8a173c78059f9718fddaf692,345219000,31,DNA,1000,345219,true,0.7571307256432762,0.8752237480421244,0.8161772368427003,0.8752237480421244,62,1664790,2406709
425000,0.0012311025754665878,0.02627874237447208,0.00016221586876736217,0.00027464890853027933,11.803571428571429,8.5,10.825597381829299,signatures/07d58c9b34770a695d3f4202f8c60677.sig.gz,"GCF_002742445.1 Bifidobacterium sp. N4G05 strain=N4G05, ASM274244v1",07d58c9b34770a695d3f4202f8c60677,0.1994368840919756,56000,308,183422000,/nfs3_ib/nfs-ip34/home/def-ilafores/analysis/MethodsComparison/Feces_RA/preproc/SRR5091619/SRR5091619_unmatched_2.fastq,SRR5091619,09eab43b8a173c78059f9718fddaf692,345219000,31,DNA,1000,345219,true,0.8056353680872986,0.9493209824490688,0.8774781752681837,0.9493209824490688,661,1665451,2406709
147000,0.0004258166555143257,0.017456359102244388,0.00016221586876736217,0.0000959816911807784,4.125,2.0,12.674584383154908,signatures/fdb59cb053e18da7578953e6ab7cf057.sig.gz,"GCA_900545925.1 uncultured Clostridiales bacterium, UMGS830",fdb59cb053e18da7578953e6ab7cf057,0.04582294264339152,56000,309,183366000,/nfs3_ib/nfs-ip34/home/def-ilafores/analysis/MethodsComparison/Feces_RA/preproc/SRR5091619/SRR5091619_unmatched_2.fastq,SRR5091619,09eab43b8a173c78059f9718fddaf692,345219000,31,DNA,1000,345219,true,0.7785118842321428,0.9053346202484616,0.8419232522403022,0.9053346202484616,231,1665682,2406709
519000,0.0015033934980403744,0.009881422924901186,0.00015931915682508785,0.0003623204965785228,15.854545454545455,2.0,25.833324624543092,signatures/b175ba80217a1ca822b3e07b5624eeba.sig.gz,GCF_902491285.1 uncultured Bacteroides sp. UHGG-TPA_MGYG-HGUT-04003,b175ba80217a1ca822b3e07b5624eeba,0.09324469996406755,55000,310,183311000,/nfs3_ib/nfs-ip34/home/def-ilafores/analysis/MethodsComparison/Feces_RA/preproc/SRR5091619/SRR5091619_unmatched_2.fastq,SRR5091619,09eab43b8a173c78059f9718fddaf692,345219000,31,DNA,1000,345219,true,0.8108449719413392,0.9263221939796181,0.8685835829604787,0.9263221939796181,872,1666554,2406709
487000,0.0014106987158875959,0.013167344984438592,0.00015931915682508785,0.00005443117551810377,2.381818181818182,1.0,3.564934828377443,signatures/10a3119a5699e5fe2f6e2fb304de6b7c.sig.gz,"GCF_020537505.1 Blautia glucerasea strain=MSK.18.94, ASM2053750v1",10a3119a5699e5fe2f6e2fb304de6b7c,0.11659085468039262,55000,311,183256000,/nfs3_ib/nfs-ip34/home/def-ilafores/analysis/MethodsComparison/Feces_RA/preproc/SRR5091619/SRR5091619_unmatched_2.fastq,SRR5091619,09eab43b8a173c78059f9718fddaf692,345219000,31,DNA,1000,345219,true,0.8091820993939143,0.9330231140299466,0.8711026067119305,0.9330231140299466,131,1666685,2406709
255000,0.0007386615452799527,0.016413011041480154,0.00015931915682508785,0.000029916371277125736,1.309090909090909,1.0,0.7597302696645883,signatures/92c53e2d1bf44b454d06fc8084b60b89.sig.gz,GCF_025567405.1 Suilimivivens aceti strain=Sanger_18 ASM2556740v1,92c53e2d1bf44b454d06fc8084b60b89,0.07609668755595345,55000,312,183201000,/nfs3_ib/nfs-ip34/home/def-ilafores/analysis/MethodsComparison/Feces_RA/preproc/SRR5091619/SRR5091619_unmatched_2.fastq,SRR5091619,09eab43b8a173c78059f9718fddaf692,345219000,31,DNA,1000,345219,true,0.7924686901725767,0.920269490680886,0.8563690904267314,0.920269490680886,72,1666757,2406709
136000,0.00039395282414930814,0.027805864509605663,0.00015931915682508785,0.00003324041253013971,1.4545454545454546,1.0,0.9109072763545708,signatures/719c218931e9d212bed047a987795da2.sig.gz,"GCA_905188195.1 Streptococcus parasanguinis, SRR413738-mag-bin.5",719c218931e9d212bed047a987795da2,0.06875631951466127,55000,313,183146000,/nfs3_ib/nfs-ip34/home/def-ilafores/analysis/MethodsComparison/Feces_RA/preproc/SRR5091619/SRR5091619_unmatched_2.fastq,SRR5091619,09eab43b8a173c78059f9718fddaf692,345219000,31,DNA,1000,345219,true,0.7765610788035695,0.9172631688960357,0.8469121238498025,0.9172631688960357,80,1666837,2406709
875000,0.0025346229494900337,0.02521779000458505,0.00015931915682508785,0.0004134276308436126,18.09090909090909,14.0,17.453598459158897,signatures/6ca2111c2894b1999e499528bbd2e219.sig.gz,"GCA_934532365.1 uncultured Faecalibacterium sp., ERR7745924_bin.367",6ca2111c2894b1999e499528bbd2e219,0.40119211370930763,55000,314,183091000,/nfs3_ib/nfs-ip34/home/def-ilafores/analysis/MethodsComparison/Feces_RA/preproc/SRR5091619/SRR5091619_unmatched_2.fastq,SRR5091619,09eab43b8a173c78059f9718fddaf692,345219000,31,DNA,1000,345219,true,0.8246226696060428,0.9709679967298495,0.8977953331679461,0.9709679967298495,995,1667832,2406709
517000,0.0014976000741558258,0.013379583746283449,0.0001564224448828135,0.00004986061879520956,2.2222222222222223,1.0,2.0245407953653998,signatures/dd362ff77f4bcc80ca1e3387a9b01f6e.sig.gz,"GCF_013304735.1 Blautia luti strain=MSK.16.34, ASM1330473v1",dd362ff77f4bcc80ca1e3387a9b01f6e,0.12809712586719524,54000,315,183037000,/nfs3_ib/nfs-ip34/home/def-ilafores/analysis/MethodsComparison/Feces_RA/preproc/SRR5091619/SRR5091619_unmatched_2.fastq,SRR5091619,09eab43b8a173c78059f9718fddaf692,345219000,31,DNA,1000,345219,true,0.8107439885702541,0.935860134933295,0.8733020617517746,0.935860134933295,120,1667952,2406709
498000,0.0014425625472526135,0.022572402044293016,0.00015352573294053918,0.00015913847498804384,7.226415094339623,4.0,10.322427514396063,signatures/9fdc7aff151d3f7bf15f65cef0e706a7.sig.gz,"GCA_934501115.1 uncultured Faecalibacterium sp., ERR7738567_bin.375",9fdc7aff151d3f7bf15f65cef0e706a7,0.2120954003407155,53000,316,182984000,/nfs3_ib/nfs-ip34/home/def-ilafores/analysis/MethodsComparison/Feces_RA/preproc/SRR5091619/SRR5091619_unmatched_2.fastq,SRR5091619,09eab43b8a173c78059f9718fddaf692,345219000,31,DNA,1000,345219,true,0.8097653370360166,0.9512073591820853,0.880486348109051,0.9512073591820853,383,1668335,2406709
138000,0.0003997462480338568,0.01736806947227789,0.00015062902099826486,0.00002950086612049899,1.3653846153846154,1.0,1.0566428359858582,signatures/26a39e5fdeb7c2d1c6b61c8b390b7046.sig.gz,"GCF_020564355.1 Lachnospira pectinoschiza strain=SL.1.13, ASM2056435v1",26a39e5fdeb7c2d1c6b61c8b390b7046,0.04609218436873747,52000,317,182932000,/nfs3_ib/nfs-ip34/home/def-ilafores/analysis/MethodsComparison/Feces_RA/preproc/SRR5091619/SRR5091619_unmatched_2.fastq,SRR5091619,09eab43b8a173c78059f9718fddaf692,345219000,31,DNA,1000,345219,true,0.7769268700704994,0.9055057301271793,0.8412163000988393,0.9055057301271793,71,1668406,2406709
253000,0.0007328681213954041,0.02115541090317331,0.00015062902099826486,0.00006440329927714568,2.980769230769231,2.0,3.4501414943971422,signatures/5128153ef7f1c80fc4c112268b755214.sig.gz,"GCF_018326305.1 Oscillibacter sp. MM35 strain=MM35, ASM1832630v1",5128153ef7f1c80fc4c112268b755214,0.10292921074043938,52000,318,182880000,/nfs3_ib/nfs-ip34/home/def-ilafores/analysis/MethodsComparison/Feces_RA/preproc/SRR5091619/SRR5091619_unmatched_2.fastq,SRR5091619,09eab43b8a173c78059f9718fddaf692,345219000,31,DNA,1000,345219,true,0.7922674272443582,0.9292796094507314,0.8607735183475448,0.9292796094507314,155,1668561,2406709
113000,0.00032732844947699864,0.02490234375,0.00014773230905599054,0.000024099299084351287,1.1372549019607843,1.0,0.44367484309744165,signatures/a3dfec5e883625971d7d60d2b91dc61a.sig.gz,"GCA_900549405.1 uncultured Clostridiales bacterium, UMGS1178",a3dfec5e883625971d7d60d2b91dc61a,0.05517578125,51000,319,182829000,/nfs3_ib/nfs-ip34/home/def-ilafores/analysis/MethodsComparison/Feces_RA/preproc/SRR5091619/SRR5091619_unmatched_2.fastq,SRR5091619,09eab43b8a173c78059f9718fddaf692,345219000,31,DNA,1000,345219,true,0.771933913133019,0.9107752947711316,0.8413546039520753,0.9107752947711316,58,1668619,2406709
101000,0.00029256790616970674,0.013191929643041904,0.00014773230905599054,0.000048614103325329316,2.2941176470588234,2.0,1.4858036400370696,signatures/f1529d187738c701201061869337c490.sig.gz,GCA_902461525.1 uncultured Odoribacter sp. UHGG-TPA_MGYG-HGUT-00343,f1529d187738c701201061869337c490,0.02612519399896534,51000,320,182778000,/nfs3_ib/nfs-ip34/home/def-ilafores/analysis/MethodsComparison/Feces_RA/preproc/SRR5091619/SRR5091619_unmatched_2.fastq,SRR5091619,09eab43b8a173c78059f9718fddaf692,345219000,31,DNA,1000,345219,true,0.7691433905239585,0.8890729642159864,0.8291081773699724,0.8890729642159864,117,1668736,2406709
54000,0.0001564224448828135,0.020572811617587738,0.00014773230905599054,0.000022437278457844303,1.0588235294117647,1.0,0.30753700277172785,signatures/41134ca2a445b6d775c0e43830cd6765.sig.gz,"GCF_003402575.1 Mesosutterella multiformis strain=4NBBH2, ASM340257v1",41134ca2a445b6d775c0e43830cd6765,0.021782977006857603,51000,321,182727000,/nfs3_ib/nfs-ip34/home/def-ilafores/analysis/MethodsComparison/Feces_RA/preproc/SRR5091619/SRR5091619_unmatched_2.fastq,SRR5091619,09eab43b8a173c78059f9718fddaf692,345219000,31,DNA,1000,345219,true,0.7537641081071148,0.883875057460966,0.8188195827840403,0.883875057460966,54,1668790,2406709
318000,0.0009211543976432352,0.008837289897764685,0.00014773230905599054,0.0002035975267471057,9.607843137254902,3.0,17.41655560302993,signatures/491b4aa96e3418874458ad3fce74fb3b.sig.gz,GCA_030844565.1 Bacteroides ovatus ASM3084456v1,491b4aa96e3418874458ad3fce74fb3b,0.055103101715473925,51000,322,182676000,/nfs3_ib/nfs-ip34/home/def-ilafores/analysis/MethodsComparison/Feces_RA/preproc/SRR5091619/SRR5091619_unmatched_2.fastq,SRR5091619,09eab43b8a173c78059f9718fddaf692,345219000,31,DNA,1000,345219,true,0.7981329484274915,0.9107365698847508,0.8544347591561212,0.9107365698847508,490,1669280,2406709
234000,0.0006778305944921919,0.027702335687126562,0.00014773230905599054,0.00003822647440966066,1.803921568627451,1.0,1.868412431305348,signatures/843375e6c818375c838800026896881f.sig.gz,"GCA_019421265.1 Lachnospiraceae bacterium, ASM1942126v1",843375e6c818375c838800026896881f,0.12710483432916894,51000,323,182625000,/nfs3_ib/nfs-ip34/home/def-ilafores/analysis/MethodsComparison/Feces_RA/preproc/SRR5091619/SRR5091619_unmatched_2.fastq,SRR5091619,09eab43b8a173c78059f9718fddaf692,345219000,31,DNA,1000,345219,true,0.7902747429262938,0.9356253975556037,0.8629500702409487,0.9356253975556037,92,1669372,2406709
117000,0.00033891529724609597,0.01106290672451193,0.00014773230905599054,0.00002576131971085827,1.2156862745098038,1.0,0.4564881069342281,signatures/73636d352ef5bf1c92887ac5c9e713c2.sig.gz,"GCF_012317185.1 [Clostridium] innocuum strain=ATCC 14501, ASM1231718v1",73636d352ef5bf1c92887ac5c9e713c2,0.025379609544468548,51000,324,182574000,/nfs3_ib/nfs-ip34/home/def-ilafores/analysis/MethodsComparison/Feces_RA/preproc/SRR5091619/SRR5091619_unmatched_2.fastq,SRR5091619,09eab43b8a173c78059f9718fddaf692,345219000,31,DNA,1000,345219,true,0.7728006116630538,0.8882429560712777,0.8305217838671657,0.8882429560712777,62,1669434,2406709
59000,0.00017090600459418513,0.009122422915526365,0.00014483559711371622,0.00002368379392772454,1.14,1.0,0.4903060268852507,signatures/d88f3c512ece432b111f094181484852.sig.gz,"GCF_000742135.1 Klebsiella pneumoniae strain=ATCC 13883, ASM74213v1",d88f3c512ece432b111f094181484852,0.01076445904032111,50000,325,182524000,/nfs3_ib/nfs-ip34/home/def-ilafores/analysis/MethodsComparison/Feces_RA/preproc/SRR5091619/SRR5091619_unmatched_2.fastq,SRR5091619,09eab43b8a173c78059f9718fddaf692,345219000,31,DNA,1000,345219,true,0.7559203596817827,0.8640042479467146,0.8099623038142487,0.8640042479467146,57,1669491,2406709
390000,0.0011297176574869864,0.016886187098953058,0.00014483559711371622,0.0006186871782172253,29.78,29.0,16.100049689364315,signatures/438ea7d12f0ffd967d2b287a055f4f76.sig.gz,GCA_937894705.1 uncultured Lachnospiraceae bacterium SRR1747021_bin.24_CONCOCT_v1.1_MAG,438ea7d12f0ffd967d2b287a055f4f76,0.13171225937183384,50000,326,182474000,/nfs3_ib/nfs-ip34/home/def-ilafores/analysis/MethodsComparison/Feces_RA/preproc/SRR5091619/SRR5091619_unmatched_2.fastq,SRR5091619,09eab43b8a173c78059f9718fddaf692,345219000,31,DNA,1000,345219,true,0.803404968931796,0.9367007007969212,0.8700528348643586,0.9367007007969212,1489,1670980,2406709
