intersect_bp,f_orig_query,f_match,f_unique_to_query,f_unique_weighted,average_abund,median_abund,std_abund,match_filename,match_name,match_md5,f_match_orig,unique_intersect_bp,gather_result_rank,remaining_bp,query_filename,query_name,query_md5,query_bp,ksize,moltype,scaled,query_n_hashes,query_abundance,query_containment_ani,match_containment_ani,average_containment_ani,max_containment_ani,n_unique_weighted_found,sum_weighted_found,total_weighted_hashes
1047000,0.0007829576956066875,0.4232012934518998,0.0007829576956066875,0.0008840545412432906,6.707736389684814,6.0,3.4057885629714604,signatures/67d3004f9947144f98220834394d1d74.sig.gz,"GCF_011801475.1 Xylella fastidiosa strain=ATCC 35879, ASM1180147v1",67d3004f9947144f98220834394d1d74,0.4232012934518998,1047000,0,1336190000,/net/nfs-ip34//fast2/def-ilafores/Olive/preproc/SRR11659644/SRR11659644_unmatched_2.fastq,SRR11659644,62ce78cd299a117e4b1a5864f4103cda,1337237000,31,DNA,1000,1337237,true,0.7939588784666782,0.9726422453059991,0.8833005618863387,0.9726422453059991,7023,7023,7944080
283000,0.00021163039909903779,0.06100452683768053,0.00021163039909903779,0.000042799166171539055,1.2014134275618376,1.0,0.45083132723309444,signatures/15bbdfab3f4004ac3eefb73f38cd1bec.sig.gz,"GCF_001598475.1 Pantoea agglomerans NBRC 102470 strain=NBRC 102470, ASM159847v1",15bbdfab3f4004ac3eefb73f38cd1bec,0.06100452683768053,283000,1,1335907000,/net/nfs-ip34//fast2/def-ilafores/Olive/preproc/SRR11659644/SRR11659644_unmatched_2.fastq,SRR11659644,62ce78cd299a117e4b1a5864f4103cda,1337237000,31,DNA,1000,1337237,true,0.7611500140081887,0.9137305195986581,0.8374402668034234,0.9137305195986581,340,7363,7944080
81000,0.00006057265839937124,0.020377358490566037,0.00006057265839937124,0.000011203311144902872,1.0987654320987654,1.0,0.37201281909430534,signatures/f5ba8800c4d3a4515147e77d37dced5e.sig.gz,"GCF_001865065.1 Curtobacterium sp. MCBA15_008 strain=MCBA15_008, ASM186506v1",f5ba8800c4d3a4515147e77d37dced5e,0.020377358490566037,81000,2,1335826000,/net/nfs-ip34//fast2/def-ilafores/Olive/preproc/SRR11659644/SRR11659644_unmatched_2.fastq,SRR11659644,62ce78cd299a117e4b1a5864f4103cda,1337237000,31,DNA,1000,1337237,true,0.7310454990439198,0.8819752201261997,0.8065103595850598,0.8819752201261997,89,7452,7944080
