feature	metadata	value	coef	stderr	N	N.not.0	pval	qval
Bacteroidaceae	Group	Negative	0.206295172522242	0.0505789167533735	35	35	0.000268963940400427	0.0303929252652482
Lachnospiraceae	Group	Negative	-0.188813678878791	0.0634668778230278	35	35	0.00544548770671464	0.102556685143126
Odoribacteraceae	Group	Negative	0.027239494628315	0.00867838338683626	35	22	0.00356274525552139	0.102556685143126
Saccharibacteria.unclassified	Group	Negative	-0.00771041668328712	0.00253423375190634	35	18	0.00457708297401551	0.102556685143126
Streptococcaceae	Group	Negative	-0.0391570668066696	0.012796059858707	35	34	0.00437341364997621	0.102556685143126
Tannerellaceae	Group	Negative	0.0540294969984219	0.0169351980291689	35	33	0.00311110325156006	0.102556685143126
Bifidobacteriaceae	Group	Negative	-0.114279848823422	0.0408878936362023	35	34	0.00858230592285492	0.138542938468944
Burkholderiaceae	Group	Negative	-0.00786094158946172	0.00309458654397304	35	10	0.0159681437364618	0.200488915802242
FGB9491	Group	Negative	0.00968912031061524	0.00380441346206425	35	20	0.0157194672254374	0.200488915802242
