feature	metadata	value	coef	stderr	N	N.not.0	pval	qval
Bacteroidaceae	NAFLD	Negative	0.222137236840339	0.0643000671493358	35	22	0.00153330552588959	0.0475324713025774
Acidaminococcaceae	NAFLD	Negative	0.0535833050188752	0.0203588272597548	35	6	0.0128106567717912	0.0945595249305557
Bifidobacteriaceae	NAFLD	Negative	-0.133797585729674	0.047843020546966	35	29	0.00854730606884593	0.0945595249305557
Lachnospiraceae	NAFLD	Negative	-0.198110562969291	0.0716815985258433	35	35	0.00927412705539231	0.0945595249305557
Lactobacillaceae	NAFLD	Negative	-0.061364323637067	0.0246734379516475	35	8	0.0181114467770823	0.0945595249305557
Odoribacteraceae	NAFLD	Negative	0.0342875125775835	0.0138110147832886	35	5	0.0183018435349463	0.0945595249305557
Prevotellaceae	NAFLD	Negative	0.132110974495777	0.0646729960366143	35	12	0.0491316129562759	0.184309383033218
Rikenellaceae	NAFLD	Negative	0.0737399519275471	0.0353409985325368	35	15	0.0447358974254106	0.184309383033218
Tannerellaceae	NAFLD	Negative	0.0428575550451356	0.021402533914908	35	10	0.0535091757193215	0.184309383033218
