intersect_bp,f_orig_query,f_match,f_unique_to_query,f_unique_weighted,average_abund,median_abund,std_abund,match_filename,match_name,match_md5,f_match_orig,unique_intersect_bp,gather_result_rank,remaining_bp,query_filename,query_name,query_md5,query_bp,ksize,moltype,scaled,query_n_hashes,query_abundance,query_containment_ani,match_containment_ani,average_containment_ani,max_containment_ani,n_unique_weighted_found,sum_weighted_found,total_weighted_hashes
1846000,0.0014431526083068052,0.3292313179953629,0.0014431526083068052,0.0003749401829331889,1.4469122426868906,1.0,0.9205424350605409,signatures/14b98d15e4f33095764346ebe8d3dd7a.sig.gz,"GCF_002699855.1 Pseudomonas amygdali strain=ICMP 3918, ASM269985v1",14b98d15e4f33095764346ebe8d3dd7a,0.3292313179953629,1846000,0,1277298000,/net/nfs-ip34//fast2/def-ilafores/Olive/preproc/SRR11659625/SRR11659625_unmatched_2.fastq,SRR11659625,856e5a7614c780848487efc7e954a4ae,1279144000,31,DNA,1000,1279144,true,0.8097760195592328,0.9647960587136796,0.8872860391364562,0.9647960587136796,2671,2671,7123803
371000,0.0002900377127203818,0.018049345918198376,0.00008521323635181027,0.00004449870385242265,2.908256880733945,2.0,3.3987080232921256,signatures/b2edf3ccc4a9f793658861cabdd15ae1.sig.gz,"GCF_900074915.1 Pseudomonas cerasi, PCPL58T",b2edf3ccc4a9f793658861cabdd15ae1,0.06143401225368438,109000,1,1277189000,/net/nfs-ip34//fast2/def-ilafores/Olive/preproc/SRR11659625/SRR11659625_unmatched_2.fastq,SRR11659625,856e5a7614c780848487efc7e954a4ae,1279144000,31,DNA,1000,1279144,true,0.768927915686356,0.9139373277437517,0.8414326217150538,0.9139373277437517,317,2988,7123803
