intersect_bp,f_orig_query,f_match,f_unique_to_query,f_unique_weighted,average_abund,median_abund,std_abund,match_filename,match_name,match_md5,f_match_orig,unique_intersect_bp,gather_result_rank,remaining_bp,query_filename,query_name,query_md5,query_bp,ksize,moltype,scaled,query_n_hashes,query_abundance,query_containment_ani,match_containment_ani,average_containment_ani,max_containment_ani,n_unique_weighted_found,sum_weighted_found,total_weighted_hashes
318000,0.2260127931769723,0.13333333333333333,0.2260127931769723,0.22957339117859726,1.9968553459119496,2.0,1.8214280589811251,signatures/f3e8e21c1d01d9ed161f4084be9e5aaa.sig.gz,"GCA_015273875.1 Staphylococcus epidermidis strain=R5987, ASM1527387v1",f3e8e21c1d01d9ed161f4084be9e5aaa,0.13333333333333333,318000,0,1089000,/nfs3_ib/nfs-ip34/home/def-ilafores/analysis/MethodsComparison/AD_Skin/preproc/SRR20002458/SRR20002458_unmatched_2.fastq,SRR20002458,ee61bb65d58ab7a50f1e1eaa17723226,1407000,31,DNA,1000,1407,true,0.9531595013033676,0.9370703948753585,0.945114948089363,0.9531595013033676,635,635,2766
56000,0.03980099502487562,0.007759456838021339,0.03980099502487562,0.04519161243673174,2.232142857142857,2.0,1.5582851314892303,signatures/ed637ce0849ed00dc0eb3a30f8e4230c.sig.gz,"GCA_021667175.1 Pseudomonas aeruginosa strain=PS07, PDT000866453.1",ed637ce0849ed00dc0eb3a30f8e4230c,0.007759456838021339,56000,1,1033000,/nfs3_ib/nfs-ip34/home/def-ilafores/analysis/MethodsComparison/AD_Skin/preproc/SRR20002458/SRR20002458_unmatched_2.fastq,SRR20002458,ee61bb65d58ab7a50f1e1eaa17723226,1407000,31,DNA,1000,1407,true,0.9012292696130394,0.8549289874509158,0.8780791285319776,0.9012292696130394,125,760,2766
