intersect_bp,f_orig_query,f_match,f_unique_to_query,f_unique_weighted,average_abund,median_abund,std_abund,match_filename,match_name,match_md5,f_match_orig,unique_intersect_bp,gather_result_rank,remaining_bp,query_filename,query_name,query_md5,query_bp,ksize,moltype,scaled,query_n_hashes,query_abundance,query_containment_ani,match_containment_ani,average_containment_ani,max_containment_ani,n_unique_weighted_found,sum_weighted_found,total_weighted_hashes
279000,0.12269129287598944,0.03865872246085631,0.12269129287598944,0.1260659138050242,1.960573476702509,2.0,1.1952209319378544,signatures/ed637ce0849ed00dc0eb3a30f8e4230c.sig.gz,"GCA_021667175.1 Pseudomonas aeruginosa strain=PS07, PDT000866453.1",ed637ce0849ed00dc0eb3a30f8e4230c,0.03865872246085631,279000,0,1995000,/nfs3_ib/nfs-ip34/home/def-ilafores/analysis/MethodsComparison/AD_Skin/preproc/SRR20002451/SRR20002451_unmatched_2.fastq,SRR20002451,3f5745487b7039a291e51df5723bfd31,2274000,31,DNA,1000,2274,true,0.9345593674208232,0.9003831079918014,0.9174712377063123,0.9345593674208232,547,547,4339
153000,0.06728232189973615,0.036546480255089525,0.06552330694810905,0.05969117308135515,1.738255033557047,1.0,1.1136491389825354,signatures/7b2e6c817a0634c4bc2e68ca6d223d8f.sig.gz,"GCA_003331695.1 Pseudomonas sp., ASM333169v1",7b2e6c817a0634c4bc2e68ca6d223d8f,0.037527593818984545,149000,1,1846000,/nfs3_ib/nfs-ip34/home/def-ilafores/analysis/MethodsComparison/AD_Skin/preproc/SRR20002451/SRR20002451_unmatched_2.fastq,SRR20002451,3f5745487b7039a291e51df5723bfd31,2274000,31,DNA,1000,2274,true,0.9166221631001435,0.8995210140717234,0.9080715885859334,0.9166221631001435,259,806,4339
