intersect_bp,f_orig_query,f_match,f_unique_to_query,f_unique_weighted,average_abund,median_abund,std_abund,match_filename,match_name,match_md5,f_match_orig,unique_intersect_bp,gather_result_rank,remaining_bp,query_filename,query_name,query_md5,query_bp,ksize,moltype,scaled,query_n_hashes,query_abundance,query_containment_ani,match_containment_ani,average_containment_ani,max_containment_ani,n_unique_weighted_found,sum_weighted_found,total_weighted_hashes
177000,0.11188369152970923,0.024525426077317444,0.11188369152970923,0.10178384050367262,2.1920903954802258,2.0,1.8249199758845125,signatures/ed637ce0849ed00dc0eb3a30f8e4230c.sig.gz,"GCA_021667175.1 Pseudomonas aeruginosa strain=PS07, PDT000866453.1",ed637ce0849ed00dc0eb3a30f8e4230c,0.024525426077317444,177000,0,1405000,/nfs3_ib/nfs-ip34/home/def-ilafores/analysis/MethodsComparison/AD_Skin/preproc/SRR20002423/SRR20002423_unmatched_2.fastq,SRR20002423,4df18d3727c63e3bd129004b956bda25,1582000,31,DNA,1000,1582,true,0.9317835899991509,0.887262542100752,0.9095230660499514,0.9317835899991509,388,388,3812
69000,0.04361567635903919,0.015943095413294087,0.04108723135271808,0.03226652675760756,1.8923076923076922,1.0,1.2542000444423889,signatures/7b2e6c817a0634c4bc2e68ca6d223d8f.sig.gz,"GCA_003331695.1 Pseudomonas sp., ASM333169v1",7b2e6c817a0634c4bc2e68ca6d223d8f,0.01692420897718911,65000,1,1340000,/nfs3_ib/nfs-ip34/home/def-ilafores/analysis/MethodsComparison/AD_Skin/preproc/SRR20002423/SRR20002423_unmatched_2.fastq,SRR20002423,4df18d3727c63e3bd129004b956bda25,1582000,31,DNA,1000,1582,true,0.9038940000419481,0.8767082815677205,0.8903011408048342,0.9038940000419481,123,511,3812
