intersect_bp,f_orig_query,f_match,f_unique_to_query,f_unique_weighted,average_abund,median_abund,std_abund,match_filename,match_name,match_md5,f_match_orig,unique_intersect_bp,gather_result_rank,remaining_bp,query_filename,query_name,query_md5,query_bp,ksize,moltype,scaled,query_n_hashes,query_abundance,query_containment_ani,match_containment_ani,average_containment_ani,max_containment_ani,n_unique_weighted_found,sum_weighted_found,total_weighted_hashes
6310000,0.5614878092187222,0.9649793546413825,0.5614878092187222,0.8812600865018397,10.81743264659271,10.0,6.688183899107773,signatures/d5d77a790051563930b63e3b50541bf6.sig.gz,"GCA_001452075.1 Pseudomonas aeruginosa strain=WH-SGI-V-07630, WH-SGI-V-07630",d5d77a790051563930b63e3b50541bf6,0.9649793546413825,6310000,0,4928000,/nfs3_ib/nfs-ip34/home/def-ilafores/analysis/MethodsComparison/AD_Skin/preproc/SRR20002485/SRR20002485_unmatched_2.fastq,SRR20002485,d42f4afec41bfad3ff18db1bdbd34e1c,11238000,31,DNA,1000,11238,true,0.9815540158723026,0.9988507070073288,0.9902023614398157,0.9988507070073288,68258,68258,77455
52000,0.004627157857269977,0.017844886753603295,0.004627157857269977,0.0014718223484603964,2.1923076923076925,2.0,1.6988509865659829,signatures/6c05315ff2ab6f7727d1dde4d7ac41f1.sig.gz,"GCA_015308345.1 Enterococcus faecalis, PDT000704646.1",6c05315ff2ab6f7727d1dde4d7ac41f1,0.017844886753603295,52000,1,4876000,/nfs3_ib/nfs-ip34/home/def-ilafores/analysis/MethodsComparison/AD_Skin/preproc/SRR20002485/SRR20002485_unmatched_2.fastq,SRR20002485,d42f4afec41bfad3ff18db1bdbd34e1c,11238000,31,DNA,1000,11238,true,0.8407900403466013,0.8782076567565221,0.8594988485515618,0.8782076567565221,114,68372,77455
