intersect_bp,f_orig_query,f_match,f_unique_to_query,f_unique_weighted,average_abund,median_abund,std_abund,match_filename,match_name,match_md5,f_match_orig,unique_intersect_bp,gather_result_rank,remaining_bp,query_filename,query_name,query_md5,query_bp,ksize,moltype,scaled,query_n_hashes,query_abundance,query_containment_ani,match_containment_ani,average_containment_ani,max_containment_ani,n_unique_weighted_found,sum_weighted_found,total_weighted_hashes
211000,0.10732451678535096,0.09013242204186245,0.10732451678535096,0.0708548479632817,2.3412322274881516,2.0,1.8846238384412695,signatures/f6d9f564e7ed8dc74e7077ae7880a36e.sig.gz,"GCF_900636385.1 Staphylococcus warneri strain=NCTC11044, 41665_E01",f6d9f564e7ed8dc74e7077ae7880a36e,0.09013242204186245,211000,0,1755000,/nfs3_ib/nfs-ip34/home/def-ilafores/analysis/MethodsComparison/AD_Skin/preproc/SRR20002460/SRR20002460_unmatched_2.fastq,SRR20002460,e307f2d7562df44296333abe4c09e2cf,1966000,31,DNA,1000,1966,true,0.9305339525432494,0.9253083584077715,0.9279211554755105,0.9305339525432494,494,494,6972
184000,0.0935910478128179,0.06616052060737528,0.0930824008138352,0.05737234652897304,2.185792349726776,2.0,1.5917874273005066,signatures/7d960e9cbf125d40a1763c7d929965a3.sig.gz,"GCF_000392875.1 Enterococcus faecalis ATCC 19433 strain=ATCC 19433, Ente_faec_ATCC_19433_V1",7d960e9cbf125d40a1763c7d929965a3,0.06652205350686913,183000,1,1572000,/nfs3_ib/nfs-ip34/home/def-ilafores/analysis/MethodsComparison/AD_Skin/preproc/SRR20002460/SRR20002460_unmatched_2.fastq,SRR20002460,e307f2d7562df44296333abe4c09e2cf,1966000,31,DNA,1000,1966,true,0.9264329862237533,0.9162862086869917,0.9213595974553725,0.9264329862237533,400,894,6972
