intersect_bp,f_orig_query,f_match,f_unique_to_query,f_unique_weighted,average_abund,median_abund,std_abund,match_filename,match_name,match_md5,f_match_orig,unique_intersect_bp,gather_result_rank,remaining_bp,query_filename,query_name,query_md5,query_bp,ksize,moltype,scaled,query_n_hashes,query_abundance,query_containment_ani,match_containment_ani,average_containment_ani,max_containment_ani,n_unique_weighted_found,sum_weighted_found,total_weighted_hashes
98000,0.055650198750709826,0.015401540154015401,0.055650198750709826,0.044241404183698006,1.8775510204081634,2.0,1.0620091290822598,signatures/bb217474c348bbe1c7ce2dad76cea683.sig.gz,"GCF_001457615.1 Pseudomonas aeruginosa strain=NCTC10332, NCTC10332",bb217474c348bbe1c7ce2dad76cea683,0.015401540154015401,98000,0,1663000,/nfs3_ib/nfs-ip34/home/def-ilafores/analysis/MethodsComparison/AD_Skin/preproc/SRR20002354/SRR20002354_unmatched_2.fastq,SRR20002354,7d3244629c6a3a1c02453a284f263bf6,1761000,31,DNA,1000,1761,true,0.9110268661846909,0.8740460761984833,0.8925364711915871,0.9110268661846909,184,184,4159
80000,0.045428733674048836,0.017445761574591812,0.044293015332197615,0.03221928348160615,1.7179487179487178,1.0,0.8900797414210145,signatures/71f25748ff29c1c5734ec98980e907cb.sig.gz,"GCF_000219605.1 Pseudomonas stutzeri strain=CGMCC 1.1803, ASM21960v1",71f25748ff29c1c5734ec98980e907cb,0.017893088794453144,78000,1,1585000,/nfs3_ib/nfs-ip34/home/def-ilafores/analysis/MethodsComparison/AD_Skin/preproc/SRR20002354/SRR20002354_unmatched_2.fastq,SRR20002354,7d3244629c6a3a1c02453a284f263bf6,1761000,31,DNA,1000,1761,true,0.9050823272132109,0.8782840790662158,0.8916832031397133,0.9050823272132109,134,318,4159
