intersect_bp,f_orig_query,f_match,f_unique_to_query,f_unique_weighted,average_abund,median_abund,std_abund,match_filename,match_name,match_md5,f_match_orig,unique_intersect_bp,gather_result_rank,remaining_bp,query_filename,query_name,query_md5,query_bp,ksize,moltype,scaled,query_n_hashes,query_abundance,query_containment_ani,match_containment_ani,average_containment_ani,max_containment_ani,n_unique_weighted_found,sum_weighted_found,total_weighted_hashes
5298000,0.47143619861185265,0.8326261197548326,0.47143619861185265,0.7461235556129365,10.9080785201963,10.0,6.689977660813033,signatures/bb217474c348bbe1c7ce2dad76cea683.sig.gz,"GCF_001457615.1 Pseudomonas aeruginosa strain=NCTC10332, NCTC10332",bb217474c348bbe1c7ce2dad76cea683,0.8326261197548326,5298000,0,5940000,/nfs3_ib/nfs-ip34/home/def-ilafores/analysis/MethodsComparison/AD_Skin/preproc/SRR20002485/SRR20002485_unmatched_2.fastq,SRR20002485,d42f4afec41bfad3ff18db1bdbd34e1c,11238000,31,DNA,1000,11238,true,0.9760346948286847,0.9941086940288562,0.9850716944287704,0.9941086940288562,57791,57791,77455
1610000,0.14326392596547427,0.01743119266055046,0.01014415376401495,0.015647795494157898,10.631578947368421,9.5,7.0564927895790674,signatures/3f469be099869ecf6a0b1093fb97aad5.sig.gz,"GCF_000017205.1 Pseudomonas aeruginosa PA7 strain=PA7, ASM1720v1",3f469be099869ecf6a0b1093fb97aad5,0.24617737003058104,114000,1,5826000,/nfs3_ib/nfs-ip34/home/def-ilafores/analysis/MethodsComparison/AD_Skin/preproc/SRR20002485/SRR20002485_unmatched_2.fastq,SRR20002485,d42f4afec41bfad3ff18db1bdbd34e1c,11238000,31,DNA,1000,11238,true,0.939244386230909,0.9557907932702479,0.9475175897505784,0.9557907932702479,1212,59003,77455
