intersect_bp,f_orig_query,f_match,f_unique_to_query,f_unique_weighted,average_abund,median_abund,std_abund,match_filename,match_name,match_md5,f_match_orig,unique_intersect_bp,gather_result_rank,remaining_bp,query_filename,query_name,query_md5,query_bp,ksize,moltype,scaled,query_n_hashes,query_abundance,query_containment_ani,match_containment_ani,average_containment_ani,max_containment_ani,n_unique_weighted_found,sum_weighted_found,total_weighted_hashes
964000,0.21527467619472979,0.1515008643721515,0.21527467619472979,0.32141344253035864,9.445020746887966,8.0,7.295915279891471,signatures/bb217474c348bbe1c7ce2dad76cea683.sig.gz,"GCF_001457615.1 Pseudomonas aeruginosa strain=NCTC10332, NCTC10332",bb217474c348bbe1c7ce2dad76cea683,0.1515008643721515,964000,0,3514000,/nfs3_ib/nfs-ip34/home/def-ilafores/analysis/MethodsComparison/AD_Skin/preproc/SRR20002469/SRR20002469_unmatched_2.fastq,SRR20002469,96820ed5d04467640a59fd3a333e3843,4478000,31,DNA,1000,4478,true,0.9516640053749562,0.9409396678273824,0.9463018366011693,0.9516640053749562,9105,9105,28328
225000,0.05024564537740062,0.04831133974502348,0.0482358195623046,0.06460039536853997,8.472222222222221,7.0,5.929303146447243,signatures/71f25748ff29c1c5734ec98980e907cb.sig.gz,"GCF_000219605.1 Pseudomonas stutzeri strain=CGMCC 1.1803, ASM21960v1",71f25748ff29c1c5734ec98980e907cb,0.05032431223439946,216000,1,3298000,/nfs3_ib/nfs-ip34/home/def-ilafores/analysis/MethodsComparison/AD_Skin/preproc/SRR20002469/SRR20002469_unmatched_2.fastq,SRR20002469,96820ed5d04467640a59fd3a333e3843,4478000,31,DNA,1000,4478,true,0.9080294816818816,0.9080753067194921,0.9080523942006868,0.9080753067194921,1830,10935,28328
135000,0.030147387226440375,0.03078336779232713,0.02992407324698526,0.0429610279582039,9.082089552238806,6.5,7.0816648977005165,signatures/f9f1049741b44f56fdab607d19ee11af.sig.gz,"GCF_001447195.1 Aquabacterium parvum strain=B6, ASM144719v1",f9f1049741b44f56fdab607d19ee11af,0.031013094417643005,134000,2,3164000,/nfs3_ib/nfs-ip34/home/def-ilafores/analysis/MethodsComparison/AD_Skin/preproc/SRR20002469/SRR20002469_unmatched_2.fastq,SRR20002469,96820ed5d04467640a59fd3a333e3843,4478000,31,DNA,1000,4478,true,0.893189354006303,0.8940054463497633,0.8935974001780331,0.8940054463497633,1217,12152,28328
