intersect_bp,f_orig_query,f_match,f_unique_to_query,f_unique_weighted,average_abund,median_abund,std_abund,match_filename,match_name,match_md5,f_match_orig,unique_intersect_bp,gather_result_rank,remaining_bp,query_filename,query_name,query_md5,query_bp,ksize,moltype,scaled,query_n_hashes,query_abundance,query_containment_ani,match_containment_ani,average_containment_ani,max_containment_ani,n_unique_weighted_found,sum_weighted_found,total_weighted_hashes
423000,0.13623188405797101,0.18319618882633174,0.13623188405797101,0.14516582349634627,2.442080378250591,2.0,1.828543691401547,signatures/752a7aa6a9b4a1f484250ad1019f8292.sig.gz,"GCF_001807485.1 Corynebacterium sp. HMSC08A12 strain=HMSC08A12, ASM180748v1",752a7aa6a9b4a1f484250ad1019f8292,0.18319618882633174,423000,0,2682000,/nfs3_ib/nfs-ip34/home/def-ilafores/analysis/MethodsComparison/AD_Skin/preproc/SRR20002372/SRR20002372_unmatched_2.fastq,SRR20002372,b3b218508a14a22786cde6842eff0bf1,3105000,31,DNA,1000,3105,true,0.9377207116603018,0.946723398161588,0.9422220549109449,0.946723398161588,1033,1033,7116
163000,0.05249597423510467,0.025616847399025616,0.05249597423510467,0.049747048903878585,2.1717791411042944,2.0,1.509052813170944,signatures/bb217474c348bbe1c7ce2dad76cea683.sig.gz,"GCF_001457615.1 Pseudomonas aeruginosa strain=NCTC10332, NCTC10332",bb217474c348bbe1c7ce2dad76cea683,0.025616847399025616,163000,1,2519000,/nfs3_ib/nfs-ip34/home/def-ilafores/analysis/MethodsComparison/AD_Skin/preproc/SRR20002372/SRR20002372_unmatched_2.fastq,SRR20002372,b3b218508a14a22786cde6842eff0bf1,3105000,31,DNA,1000,3105,true,0.9093137158731096,0.8885095881299335,0.8989116520015216,0.9093137158731096,354,1387,7116
68000,0.021900161030595812,0.013643480205770522,0.01964573268921095,0.017847105115233276,2.081967213114754,2.0,1.53958778778674,signatures/71f25748ff29c1c5734ec98980e907cb.sig.gz,"GCF_000219605.1 Pseudomonas stutzeri strain=CGMCC 1.1803, ASM21960v1",71f25748ff29c1c5734ec98980e907cb,0.015209125475285171,61000,2,2458000,/nfs3_ib/nfs-ip34/home/def-ilafores/analysis/MethodsComparison/AD_Skin/preproc/SRR20002372/SRR20002372_unmatched_2.fastq,SRR20002372,b3b218508a14a22786cde6842eff0bf1,3105000,31,DNA,1000,3105,true,0.8840280437047904,0.8736916827245647,0.8788598632146776,0.8840280437047904,127,1514,7116
