intersect_bp,f_orig_query,f_match,f_unique_to_query,f_unique_weighted,average_abund,median_abund,std_abund,match_filename,match_name,match_md5,f_match_orig,unique_intersect_bp,gather_result_rank,remaining_bp,query_filename,query_name,query_md5,query_bp,ksize,moltype,scaled,query_n_hashes,query_abundance,query_containment_ani,match_containment_ani,average_containment_ani,max_containment_ani,n_unique_weighted_found,sum_weighted_found,total_weighted_hashes
154000,0.0913946587537092,0.022107378696525983,0.0913946587537092,0.07167955024595925,1.9870129870129871,2.0,1.3627084041116546,signatures/259dab6bb1a40b2944bd98aab58ae33d.sig.gz,"GCF_022408595.1 Pseudomonas aeruginosa strain=L00022914, ASM2240859v1",259dab6bb1a40b2944bd98aab58ae33d,0.022107378696525983,154000,0,1531000,/nfs3_ib/nfs-ip34/home/def-ilafores/analysis/MethodsComparison/AD_Skin/preproc/SRR20002470/SRR20002470_unmatched_2.fastq,SRR20002470,f72b190c48df0e00f91ce7ce83a4332e,1685000,31,DNA,1000,1685,true,0.9257235595978734,0.8842966419741581,0.9050101007860158,0.9257235595978734,306,306,4269
90000,0.05341246290801187,0.021339220014716703,0.05163204747774481,0.03396579995315062,1.6666666666666667,1.0,0.9549227165776376,signatures/7b2e6c817a0634c4bc2e68ca6d223d8f.sig.gz,"GCA_003331695.1 Pseudomonas sp., ASM333169v1",7b2e6c817a0634c4bc2e68ca6d223d8f,0.02207505518763797,87000,1,1444000,/nfs3_ib/nfs-ip34/home/def-ilafores/analysis/MethodsComparison/AD_Skin/preproc/SRR20002470/SRR20002470_unmatched_2.fastq,SRR20002470,f72b190c48df0e00f91ce7ce83a4332e,1685000,31,DNA,1000,1685,true,0.9098215368872222,0.8842549046147322,0.8970382207509773,0.9098215368872222,145,451,4269
