intersect_bp,f_orig_query,f_match,f_unique_to_query,f_unique_weighted,average_abund,median_abund,std_abund,filename,name,md5,f_match_orig,unique_intersect_bp,gather_result_rank,remaining_bp,query_filename,query_name,query_md5,query_bp,ksize,moltype,scaled,query_n_hashes,query_abundance,query_containment_ani,match_containment_ani,average_containment_ani,max_containment_ani,potential_false_negative,n_unique_weighted_found,sum_weighted_found,total_weighted_hashes
8736000,0.02263875175893461,0.024853697186604722,0.02263875175893461,0.017597273550424456,9.42135989010989,6.0,65.77241464464664,/net/nfs-ip34/jbod2/def-ilafores/ref_dbs/sourmash_db/RefSeq_20250528.k31.sbt.zip,plasmid.7.1.genomic,7a8c695160f2da22a8aff644e0702b99,0.024853697186604722,8736000,0,377151000,/nfs3_ib/nfs-ip34/home/def-ilafores/analysis/MethodsComparison/Feces_RA/preproc/SRR5091569/SRR5091569_unmatched_2.fastq,SRR5091569,8f9de168,385887000,31,DNA,1000,385887,True,0.884974435051961,0.8876431775869207,0.8863088063194409,0.8876431775869207,False,82305,82305,4677145
3817000,0.009891496733499703,0.6041102437470129,0.00982671092832876,0.008767100442684587,10.813554852320674,3.0,139.57150858341078,/net/nfs-ip34/jbod2/def-ilafores/ref_dbs/sourmash_db/RefSeq_20250528.k31.sbt.zip,GCF_006546965.1_ASM654696v1_genomic,d3b5011d40cba3b27ab151b054210724,0.6080930380755137,3792000,1,373359000,/nfs3_ib/nfs-ip34/home/def-ilafores/analysis/MethodsComparison/Feces_RA/preproc/SRR5091569/SRR5091569_unmatched_2.fastq,SRR5091569,8f9de168,385887000,31,DNA,1000,385887,True,0.8616502783452885,0.9840820072553403,0.9228661428003144,0.9840820072553403,False,41005,123310,4677145
3366000,0.008722760808215877,0.5970432145564822,0.008163011451538922,0.004368263117778046,6.486031746031746,3.0,25.18195931076752,/net/nfs-ip34/jbod2/def-ilafores/ref_dbs/sourmash_db/RefSeq_20250528.k31.sbt.zip,GCF_018291785.1_ASM1829178v1_genomic,94290db9715a9c6fca358ac639119d83,0.6379833206974981,3150000,2,370209000,/nfs3_ib/nfs-ip34/home/def-ilafores/analysis/MethodsComparison/Feces_RA/preproc/SRR5091569/SRR5091569_unmatched_2.fastq,SRR5091569,8f9de168,385887000,31,DNA,1000,385887,True,0.8581624009899307,0.9856064265527182,0.9218844137713245,0.9856064265527182,False,20431,143741,4677145
2927000,0.0075851220694141035,0.43681796615530605,0.007157535755285874,0.006289948248343808,10.651339608979,1.0,241.36329641117564,/net/nfs-ip34/jbod2/def-ilafores/ref_dbs/sourmash_db/RefSeq_20250528.k31.sbt.zip,GCF_014131755.1_ASM1413175v1_genomic,c86b91db23657244d42beebc00893d07,0.4629131741262059,2762000,3,367447000,/nfs3_ib/nfs-ip34/home/def-ilafores/analysis/MethodsComparison/Feces_RA/preproc/SRR5091569/SRR5091569_unmatched_2.fastq,SRR5091569,8f9de168,385887000,31,DNA,1000,385887,True,0.8543025367450701,0.9754604431794908,0.9148814899622804,0.9754604431794908,False,29419,173160,4677145
2618000,0.006784369517501237,0.7015608180839612,0.006755863763226022,0.20768759574484008,372.60644418872266,365.0,364.41813272011035,/net/nfs-ip34/jbod2/def-ilafores/ref_dbs/sourmash_db/RefSeq_20250528.k31.sbt.zip,GCF_015074785.1_ASM1507478v1_genomic,988b2ef58a54374a65546dbc194ca3be,0.7045209903121636,2607000,4,364840000,/nfs3_ib/nfs-ip34/home/def-ilafores/analysis/MethodsComparison/Feces_RA/preproc/SRR5091569/SRR5091569_unmatched_2.fastq,SRR5091569,8f9de168,385887000,31,DNA,1000,385887,True,0.8512334736652276,0.9887656097250179,0.9199995416951228,0.9887656097250179,False,971385,1144545,4677145
2629000,0.006812875271776452,0.6053801169590644,0.0067066265512961045,0.0013707079853201045,2.4772024729520865,2.0,6.873994374840704,/net/nfs-ip34/jbod2/def-ilafores/ref_dbs/sourmash_db/RefSeq_20250528.k31.sbt.zip,GCF_900187175.1_51342_A02_genomic,ebb5322e84d5def69ea51d3ef551ea04,0.6149707602339182,2588000,5,362252000,/nfs3_ib/nfs-ip34/home/def-ilafores/analysis/MethodsComparison/Feces_RA/preproc/SRR5091569/SRR5091569_unmatched_2.fastq,SRR5091569,8f9de168,385887000,31,DNA,1000,385887,True,0.8513486143008998,0.9844390978984777,0.9178938560996888,0.9844390978984777,False,6411,1150956,4677145
2528000,0.00655114061888584,0.5986717267552182,0.006540774890058489,0.0030339020919813264,5.62202852614897,2.0,37.89460849640563,/net/nfs-ip34/jbod2/def-ilafores/ref_dbs/sourmash_db/RefSeq_20250528.k31.sbt.zip,GCF_900537995.1_Roseburia_intestinalis_strain_L1-82_genomic,e869cf0b15c41500b90acfad5f73aa6d,0.5996204933586338,2524000,6,359728000,/nfs3_ib/nfs-ip34/home/def-ilafores/analysis/MethodsComparison/Feces_RA/preproc/SRR5091569/SRR5091569_unmatched_2.fastq,SRR5091569,8f9de168,385887000,31,DNA,1000,385887,True,0.8502734344123992,0.9836367014306862,0.9169550679215427,0.9836367014306862,False,14190,1165146,4677145
2473000,0.006408611847509764,0.47369462025316456,0.006206480135376419,0.001072662917228352,2.0947807933194156,1.0,6.713507549398564,/net/nfs-ip34/jbod2/def-ilafores/ref_dbs/sourmash_db/RefSeq_20250528.k31.sbt.zip,GCF_012273055.1_ASM1227305v1_genomic,c1884ac4d25c83812a1bdd52c3c7dc1b,0.489121835443038,2395000,7,357333000,/nfs3_ib/nfs-ip34/home/def-ilafores/analysis/MethodsComparison/Feces_RA/preproc/SRR5091569/SRR5091569_unmatched_2.fastq,SRR5091569,8f9de168,385887000,31,DNA,1000,385887,True,0.8496703248882004,0.9771949078319427,0.9134326163600716,0.9771949078319427,False,5017,1170163,4677145
2479000,0.00642416044075079,0.5465382851902797,0.006177974381101203,0.000990561549834354,1.9433724832214765,1.0,5.505616232799648,/net/nfs-ip34/jbod2/def-ilafores/ref_dbs/sourmash_db/RefSeq_20250528.k31.sbt.zip,GCF_020735605.1_ASM2073560v1_genomic,bf79e48da9be9fcacdb5c95f57331d86,0.5683172856487849,2384000,8,354949000,/nfs3_ib/nfs-ip34/home/def-ilafores/analysis/MethodsComparison/Feces_RA/preproc/SRR5091569/SRR5091569_unmatched_2.fastq,SRR5091569,8f9de168,385887000,31,DNA,1000,385887,True,0.8497367460631584,0.9819368903049822,0.9158368181840704,0.9819368903049822,False,4633,1174796,4677145
2338000,0.006058768499586666,0.39000174185681935,0.005802216711109729,0.0011776414885576565,2.4600267976775347,1.0,18.340608611798576,/net/nfs-ip34/jbod2/def-ilafores/ref_dbs/sourmash_db/RefSeq_20250528.k31.sbt.zip,GCF_018292105.1_ASM1829210v1_genomic,833ce107256231b46fdcaa8f4db23439,0.4072461243685769,2239000,9,352710000,/nfs3_ib/nfs-ip34/home/def-ilafores/analysis/MethodsComparison/Feces_RA/preproc/SRR5091569/SRR5091569_unmatched_2.fastq,SRR5091569,8f9de168,385887000,31,DNA,1000,385887,True,0.8481330977922683,0.9714372232899535,0.9097851605411109,0.9714372232899535,False,5508,1180304,4677145
2241000,0.0058073995755234045,0.7571331521739131,0.005776302389041352,0.005239521118117998,10.99416778824585,7.0,18.63366616267026,/net/nfs-ip34/jbod2/def-ilafores/ref_dbs/sourmash_db/RefSeq_20250528.k31.sbt.zip,GCF_019967975.1_ASM1996797v1_genomic,2c2d74013e8cf3a4113eeeae8dce1511,0.7612092391304348,2229000,10,350481000,/nfs3_ib/nfs-ip34/home/def-ilafores/analysis/MethodsComparison/Feces_RA/preproc/SRR5091569/SRR5091569_unmatched_2.fastq,SRR5091569,8f9de168,385887000,31,DNA,1000,385887,True,0.8469745829649006,0.991237103632895,0.9191058432988978,0.991237103632895,False,24506,1204810,4677145
2025000,0.00524765021884645,0.691965811965812,0.005245058786639612,0.002731794716648725,6.312747035573122,6.0,3.358446899435095,/net/nfs-ip34/jbod2/def-ilafores/ref_dbs/sourmash_db/RefSeq_20250528.k31.sbt.zip,GCF_042846815.1_ASM4284681v1_genomic,213ce8fc3a2dac29a907fd1c18a3126a,0.6923076923076923,2024000,11,348457000,/nfs3_ib/nfs-ip34/home/def-ilafores/analysis/MethodsComparison/Feces_RA/preproc/SRR5091569/SRR5091569_unmatched_2.fastq,SRR5091569,8f9de168,385887000,31,DNA,1000,385887,True,0.8442099761803624,0.9882079875432163,0.9162089818617893,0.9882079875432163,False,12777,1217587,4677145
2079000,0.0053875875580156884,0.568689181453921,0.005149175794986615,0.002434177259845483,5.729743331655762,3.0,11.358412036481496,/net/nfs-ip34/jbod2/def-ilafores/ref_dbs/sourmash_db/RefSeq_20250528.k31.sbt.zip,GCF_014337175.1_ASM1433717v1_genomic,a712134ff5fdebda1dc08f01019daf8a,0.5950200343445907,1987000,12,346470000,/nfs3_ib/nfs-ip34/home/def-ilafores/analysis/MethodsComparison/Feces_RA/preproc/SRR5091569/SRR5091569_unmatched_2.fastq,SRR5091569,8f9de168,385887000,31,DNA,1000,385887,True,0.844926968681949,0.9833923498533602,0.9141596592676546,0.9833923498533602,False,11385,1228972,4677145
2058000,0.005333167481672096,0.5830842797369994,0.005055884235540456,0.0021438291949469174,5.139415684264479,3.0,14.350237193186299,/net/nfs-ip34/jbod2/def-ilafores/ref_dbs/sourmash_db/RefSeq_20250528.k31.sbt.zip,GCF_045061065.1_ASM4506106v1_genomic,af810c6e00a2b94057226e642af6e200,0.6150627615062761,1951000,13,344519000,/nfs3_ib/nfs-ip34/home/def-ilafores/analysis/MethodsComparison/Feces_RA/preproc/SRR5091569/SRR5091569_unmatched_2.fastq,SRR5091569,8f9de168,385887000,31,DNA,1000,385887,True,0.8446503039088008,0.9844438483521879,0.9145470761304944,0.9844438483521879,False,10027,1238999,4677145
2064000,0.0053487160749131225,0.6527540198426275,0.004944452650646433,0.0035786788735435826,8.772536687631026,4.0,14.73112054234641,/net/nfs-ip34/jbod2/def-ilafores/ref_dbs/sourmash_db/RefSeq_20250528.k31.sbt.zip,GCF_019967955.1_ASM1996795v1_genomic,815b92b0272af68e89d6f30eed8923eb,0.7061238453643517,1908000,14,342611000,/nfs3_ib/nfs-ip34/home/def-ilafores/analysis/MethodsComparison/Feces_RA/preproc/SRR5091569/SRR5091569_unmatched_2.fastq,SRR5091569,8f9de168,385887000,31,DNA,1000,385887,True,0.8447296287491333,0.9888380957571464,0.9167838622531399,0.9888380957571464,False,16738,1255737,4677145
2006000,0.005198413006916532,0.4279816513761468,0.004835612497959247,0.0012556805487108054,3.147374062165059,2.0,6.010372961522839,/net/nfs-ip34/jbod2/def-ilafores/ref_dbs/sourmash_db/RefSeq_20250528.k31.sbt.zip,GCF_042847785.1_ASM4284778v1_genomic,88019d6ddc2b537fe7ac87c23df45062,0.46009174311926604,1866000,15,340745000,/nfs3_ib/nfs-ip34/home/def-ilafores/analysis/MethodsComparison/Feces_RA/preproc/SRR5091569/SRR5091569_unmatched_2.fastq,SRR5091569,8f9de168,385887000,31,DNA,1000,385887,True,0.8439532933800242,0.9752680888730627,0.9096106911265435,0.9752680888730627,False,5873,1261610,4677145
2018000,0.005229510193398586,0.6089248067463107,0.004490952014449826,0.0048010057417505764,12.95729948066936,11.0,11.356034315932359,/net/nfs-ip34/jbod2/def-ilafores/ref_dbs/sourmash_db/RefSeq_20250528.k31.sbt.zip,GCF_019968055.1_ASM1996805v1_genomic,68b64f4d4c3889600ebe30d1a4137e53,0.7090653548840478,1733000,16,339012000,/nfs3_ib/nfs-ip34/home/def-ilafores/analysis/MethodsComparison/Feces_RA/preproc/SRR5091569/SRR5091569_unmatched_2.fastq,SRR5091569,8f9de168,385887000,31,DNA,1000,385887,True,0.8441156810514053,0.9889707065858154,0.9165431938186104,0.9889707065858154,False,22455,1284065,4677145
1810000,0.004690492294376333,0.5063703703703704,0.00442875764148572,0.0011083684598189709,3.0333528379169103,2.0,6.637883495624604,/net/nfs-ip34/jbod2/def-ilafores/ref_dbs/sourmash_db/RefSeq_20250528.k31.sbt.zip,GCF_023008345.1_ASM2300834v1_genomic,80788e4d9f7a77cc8143de8cf6b02058,0.5362962962962963,1709000,17,337303000,/nfs3_ib/nfs-ip34/home/def-ilafores/analysis/MethodsComparison/Feces_RA/preproc/SRR5091569/SRR5091569_unmatched_2.fastq,SRR5091569,8f9de168,385887000,31,DNA,1000,385887,True,0.8411588406716504,0.9801016549119556,0.9106302477918029,0.9801016549119556,False,5184,1289249,4677145
1882000,0.004877075413268651,0.5286103542234333,0.004021902785012192,0.0044003339644163265,13.260953608247423,12.0,9.877513832083581,/net/nfs-ip34/jbod2/def-ilafores/ref_dbs/sourmash_db/RefSeq_20250528.k31.sbt.zip,GCF_023347295.1_ASM2334729v1_genomic,78db35fa6d9edc0fa99c8623efbe174d,0.6410081743869209,1552000,18,335751000,/nfs3_ib/nfs-ip34/home/def-ilafores/analysis/MethodsComparison/Feces_RA/preproc/SRR5091569/SRR5091569_unmatched_2.fastq,SRR5091569,8f9de168,385887000,31,DNA,1000,385887,True,0.8422179613713053,0.9857568247005393,0.9139873930359224,0.9857568247005393,False,20581,1309830,4677145
1752000,0.004540189226379743,0.38755375664052616,0.003970074140875438,0.0014596511333302689,4.456266318537859,3.0,7.653224624707449,/net/nfs-ip34/jbod2/def-ilafores/ref_dbs/sourmash_db/RefSeq_20250528.k31.sbt.zip,GCF_036419255.1_ASM3641925v1_genomic,cc90865ac4b45b3dd14605490161db88,0.44320769036175056,1532000,19,334219000,/nfs3_ib/nfs-ip34/home/def-ilafores/analysis/MethodsComparison/Feces_RA/preproc/SRR5091569/SRR5091569_unmatched_2.fastq,SRR5091569,8f9de168,385887000,31,DNA,1000,385887,True,0.840275576398683,0.9740925797606055,0.9071840780796443,0.9740925797606055,False,6827,1316657,4677145
1653000,0.004283637437902806,0.4186179326099372,0.003799039615224146,0.0010626140519483574,3.390177353342428,2.0,6.262821422090743,/net/nfs-ip34/jbod2/def-ilafores/ref_dbs/sourmash_db/RefSeq_20250528.k31.sbt.zip,GCF_000225345.1_ASM22534v1_genomic,2c4be6d3f461c9f71df87a5d7ae22e2f,0.47201599086236434,1466000,20,332753000,/nfs3_ib/nfs-ip34/home/def-ilafores/analysis/MethodsComparison/Feces_RA/preproc/SRR5091569/SRR5091569_unmatched_2.fastq,SRR5091569,8f9de168,385887000,31,DNA,1000,385887,True,0.8387004218686805,0.9760733933821211,0.9073869076254009,0.9760733933821211,False,4970,1321627,4677145
1494000,0.003871599717015603,0.469429347826087,0.003581359309849775,0.0007513130339127823,2.5426917510853837,2.0,4.571428697649,/net/nfs-ip34/jbod2/def-ilafores/ref_dbs/sourmash_db/RefSeq_20250528.k31.sbt.zip,GCF_014337155.1_ASM1433715v1_genomic,37519ff08fa08b5bc2ed2e92c46c0d51,0.5074728260869565,1382000,21,331371000,/nfs3_ib/nfs-ip34/home/def-ilafores/analysis/MethodsComparison/Feces_RA/preproc/SRR5091569/SRR5091569_unmatched_2.fastq,SRR5091569,8f9de168,385887000,31,DNA,1000,385887,True,0.8359686950569912,0.9783566174032433,0.9071626562301173,0.9783566174032433,False,3514,1325141,4677145
6457000,0.01673287775955137,0.005561519772050336,0.0035709935810224235,0.0018282520640262381,6.205370101596516,2.0,30.522195405657943,/net/nfs-ip34/jbod2/def-ilafores/ref_dbs/sourmash_db/RefSeq_20250528.k31.sbt.zip,plasmid.1.1.genomic,8051cea624a45a3e4dc84e7fef1c6e83,0.026060038583547912,1378000,22,329993000,/nfs3_ib/nfs-ip34/home/def-ilafores/analysis/MethodsComparison/Feces_RA/preproc/SRR5091569/SRR5091569_unmatched_2.fastq,SRR5091569,8f9de168,385887000,31,DNA,1000,385887,True,0.8763867987515885,0.889001351303814,0.8826940750277013,0.889001351303814,False,8551,1333692,4677145
1356000,0.003513982072471993,0.39154518950437317,0.0034802934537831024,0.0004545507996865609,1.5830230826507818,1.0,0.9011008929490609,/net/nfs-ip34/jbod2/def-ilafores/ref_dbs/sourmash_db/RefSeq_20250528.k31.sbt.zip,GCF_002056725.1_ASM205672v1_genomic,04b18999c2783fc451a2e8bd5e4b286c,0.39533527696793,1343000,23,328650000,/nfs3_ib/nfs-ip34/home/def-ilafores/analysis/MethodsComparison/Feces_RA/preproc/SRR5091569/SRR5091569_unmatched_2.fastq,SRR5091569,8f9de168,385887000,31,DNA,1000,385887,True,0.8333592173277455,0.9705074852732652,0.9019333513005054,0.9705074852732652,False,2126,1335818,4677145
1373000,0.003558036419988235,0.5833333333333334,0.0034647448605420756,0.002275961083096633,7.961854899027674,7.0,5.192412521502486,/net/nfs-ip34/jbod2/def-ilafores/ref_dbs/sourmash_db/RefSeq_20250528.k31.sbt.zip,GCF_023921805.1_ASM2392180v1_genomic,0c9f72c07cb9e22587452a97c47fbca1,0.5990401396160558,1337000,24,327313000,/nfs3_ib/nfs-ip34/home/def-ilafores/analysis/MethodsComparison/Feces_RA/preproc/SRR5091569/SRR5091569_unmatched_2.fastq,SRR5091569,8f9de168,385887000,31,DNA,1000,385887,True,0.8336942127120534,0.9836059763646624,0.9086500945383579,0.9836059763646624,False,10645,1346463,4677145
1906000,0.004939269786232757,0.4802893309222423,0.003441421970680536,0.0019026564282270488,6.70105421686747,5.0,7.020318967589655,/net/nfs-ip34/jbod2/def-ilafores/ref_dbs/sourmash_db/RefSeq_20250528.k31.sbt.zip,GCF_023347275.1_ASM2334727v1_genomic,88f1b5eec91b23fd70f1b11b9f13bd9a,0.6893309222423146,1328000,25,325985000,/nfs3_ib/nfs-ip34/home/def-ilafores/analysis/MethodsComparison/Feces_RA/preproc/SRR5091569/SRR5091569_unmatched_2.fastq,SRR5091569,8f9de168,385887000,31,DNA,1000,385887,True,0.8425623023021409,0.9880706345976348,0.9153164684498878,0.9880706345976348,False,8899,1355362,4677145
1308000,0.003389593326543781,0.4294828744123573,0.0033144417925454863,0.0008334144013067801,3.047693510555121,3.0,2.511909194165097,/net/nfs-ip34/jbod2/def-ilafores/ref_dbs/sourmash_db/RefSeq_20250528.k31.sbt.zip,GCF_000723465.1_Rb803_genomic,a0c72778e7e9a92bec9989c7d509e086,0.4392209536601746,1279000,26,324706000,/nfs3_ib/nfs-ip34/home/def-ilafores/analysis/MethodsComparison/Feces_RA/preproc/SRR5091569/SRR5091569_unmatched_2.fastq,SRR5091569,8f9de168,385887000,31,DNA,1000,385887,True,0.8323909347000965,0.9738086923350618,0.9030998135175792,0.9738086923350618,False,3898,1359260,4677145
2034000,0.00527097310870799,0.41531322505800466,0.0032470645551677044,0.0013183256024775797,4.92098962490024,3.0,5.465934405467412,/net/nfs-ip34/jbod2/def-ilafores/ref_dbs/sourmash_db/RefSeq_20250528.k31.sbt.zip,GCF_040026365.1_ASM4002636v1_genomic,9de4932095473c9973b31ae4d68399ec,0.6741796486576069,1253000,27,323453000,/nfs3_ib/nfs-ip34/home/def-ilafores/analysis/MethodsComparison/Feces_RA/preproc/SRR5091569/SRR5091569_unmatched_2.fastq,SRR5091569,8f9de168,385887000,31,DNA,1000,385887,True,0.8443307503374917,0.9873625108959895,0.9158466306167405,0.9873625108959895,False,6166,1365426,4677145
1295000,0.00335590470785489,0.332329592116069,0.0031459986991010324,0.0004434329061852904,1.7084019769357497,1.0,3.8365250506733557,/net/nfs-ip34/jbod2/def-ilafores/ref_dbs/sourmash_db/RefSeq_20250528.k31.sbt.zip,GCF_025145845.1_ASM2514584v1_genomic,00191848f4049b7a1cb875559983f7c7,0.35450314809745415,1214000,28,322239000,/nfs3_ib/nfs-ip34/home/def-ilafores/analysis/MethodsComparison/Feces_RA/preproc/SRR5091569/SRR5091569_unmatched_2.fastq,SRR5091569,8f9de168,385887000,31,DNA,1000,385887,True,0.8321227719361807,0.9671005182214276,0.8996116450788041,0.9671005182214276,False,2074,1367500,4677145
1322000,0.0034258733774395096,0.326993006993007,0.003029384249793333,0.00048020747699718526,1.921300256629598,1.0,2.3216096491927565,/net/nfs-ip34/jbod2/def-ilafores/ref_dbs/sourmash_db/RefSeq_20250528.k31.sbt.zip,GCF_025147765.1_ASM2514776v1_genomic,6fb5d9fae55cc8ecb2a67f82352fb7a7,0.36979020979020977,1169000,29,321070000,/nfs3_ib/nfs-ip34/home/def-ilafores/analysis/MethodsComparison/Feces_RA/preproc/SRR5091569/SRR5091569_unmatched_2.fastq,SRR5091569,8f9de168,385887000,31,DNA,1000,385887,True,0.8326768560668094,0.9684185008885787,0.900547678477694,0.9684185008885787,False,2246,1369746,4677145
1654000,0.004286228870109644,0.4101743151903237,0.0029879213344839294,0.0008077577239961558,3.276669557675629,2.0,4.629625031984222,/net/nfs-ip34/jbod2/def-ilafores/ref_dbs/sourmash_db/RefSeq_20250528.k31.sbt.zip,GCF_028743395.1_ASM2874339v1_genomic,bc5680b67a040c88f41f779ed94a8fca,0.5884027036641765,1153000,30,319917000,/nfs3_ib/nfs-ip34/home/def-ilafores/analysis/MethodsComparison/Feces_RA/preproc/SRR5091569/SRR5091569_unmatched_2.fastq,SRR5091569,8f9de168,385887000,31,DNA,1000,385887,True,0.838716784201339,0.9830376473555973,0.9108772157784681,0.9830376473555973,False,3778,1373524,4677145
1190000,0.003083804326136926,0.2776260243357338,0.002897221207244608,0.000925137022692262,3.870304114490161,1.0,35.88612722346795,/net/nfs-ip34/jbod2/def-ilafores/ref_dbs/sourmash_db/RefSeq_20250528.k31.sbt.zip,GCF_027923645.1_ASM2792364v1_genomic,9fb8a945f847c19c6bae95891438e391,0.2955053389620065,1118000,31,318799000,/nfs3_ib/nfs-ip34/home/def-ilafores/analysis/MethodsComparison/Feces_RA/preproc/SRR5091569/SRR5091569_unmatched_2.fastq,SRR5091569,8f9de168,385887000,31,DNA,1000,385887,True,0.8298561186005347,0.9614383964294003,0.8956472575149674,0.9614383964294003,False,4327,1377851,4677145
1709000,0.00442875764148572,0.28866788798743787,0.0028583497241420415,0.0005501219226686366,2.3327289211242066,1.0,3.8336781793136017,/net/nfs-ip34/jbod2/def-ilafores/ref_dbs/sourmash_db/RefSeq_20250528.k31.sbt.zip,GCF_014287515.2_ASM1428751v2_genomic,ba44e405458705e9ab11b89381454753,0.4472651138445433,1103000,32,317696000,/nfs3_ib/nfs-ip34/home/def-ilafores/analysis/MethodsComparison/Feces_RA/preproc/SRR5091569/SRR5091569_unmatched_2.fastq,SRR5091569,8f9de168,385887000,31,DNA,1000,385887,True,0.8396022817040296,0.9743789745133291,0.9069906281086794,0.9743789745133291,False,2573,1380424,4677145
1253000,0.0032470645551677044,0.2633390705679862,0.0027754238935232337,0.0026892473934419393,11.744164332399626,1.0,173.6666207009382,/net/nfs-ip34/jbod2/def-ilafores/ref_dbs/sourmash_db/RefSeq_20250528.k31.sbt.zip,GCF_022846055.1_ASM2284605v1_genomic,6b6a5701c4b4085bc7aae18a71eaefc2,0.3080895008605852,1071000,33,316625000,/nfs3_ib/nfs-ip34/home/def-ilafores/analysis/MethodsComparison/Feces_RA/preproc/SRR5091569/SRR5091569_unmatched_2.fastq,SRR5091569,8f9de168,385887000,31,DNA,1000,385887,True,0.8312382390432513,0.9627326627022252,0.8969854508727383,0.9627326627022252,False,12578,1393002,4677145
1043000,0.0027028637917317763,0.3527728085867621,0.0025551521559420247,0.0009418138629441678,4.467545638945233,4.0,5.633090211876443,/net/nfs-ip34/jbod2/def-ilafores/ref_dbs/sourmash_db/RefSeq_20250528.k31.sbt.zip,GCF_000146185.1_ASM14618v1_genomic,5229119e2aa175d63f96a9ce9dfd479c,0.37316636851520574,986000,34,315639000,/nfs3_ib/nfs-ip34/home/def-ilafores/analysis/MethodsComparison/Feces_RA/preproc/SRR5091569/SRR5091569_unmatched_2.fastq,SRR5091569,8f9de168,385887000,31,DNA,1000,385887,True,0.8263339917238232,0.9687024610778249,0.897518226400824,0.9687024610778249,False,4405,1397407,4677145
2555000,0.006621109288470459,0.13510375852561313,0.002412623384565948,0.0008372629029033738,4.206229860365199,1.0,12.161834081873783,/net/nfs-ip34/jbod2/def-ilafores/ref_dbs/sourmash_db/RefSeq_20250528.k31.sbt.zip,GCF_020091525.1_ASM2009152v1_genomic,8f3ea558ca4f6e771ca0f137efec6697,0.3707734726454796,931000,35,314708000,/nfs3_ib/nfs-ip34/home/def-ilafores/analysis/MethodsComparison/Feces_RA/preproc/SRR5091569/SRR5091569_unmatched_2.fastq,SRR5091569,8f9de168,385887000,31,DNA,1000,385887,True,0.8505648743532782,0.9685014587329381,0.9095331665431081,0.9685014587329381,False,3916,1401323,4677145
1133000,0.0029360926903471743,0.2635273471775373,0.0023348804183608153,0.00047806942055463324,2.4816870144284127,1.0,5.545588265211948,/net/nfs-ip34/jbod2/def-ilafores/ref_dbs/sourmash_db/RefSeq_20250528.k31.sbt.zip,GCF_025149785.1_ASM2514978v1_genomic,8c91537000df08516afde1ea4eac7752,0.3313834454518865,901000,36,313807000,/nfs3_ib/nfs-ip34/home/def-ilafores/analysis/MethodsComparison/Feces_RA/preproc/SRR5091569/SRR5091569_unmatched_2.fastq,SRR5091569,8f9de168,385887000,31,DNA,1000,385887,True,0.8285431928923521,0.9649988600034142,0.8967710264478832,0.9649988600034142,False,2236,1403559,4677145
2147000,0.005563804948080656,0.20858134920634921,0.0021793944859505505,0.05089557839237398,283.05112960761,217.0,370.7577368136319,/net/nfs-ip34/jbod2/def-ilafores/ref_dbs/sourmash_db/RefSeq_20250528.k31.sbt.zip,GCF_032450655.1_ASM3245065v1_genomic,238dff01323d07dfd5222980fc0a672b,0.5324900793650794,841000,37,312966000,/nfs3_ib/nfs-ip34/home/def-ilafores/analysis/MethodsComparison/Feces_RA/preproc/SRR5091569/SRR5091569_unmatched_2.fastq,SRR5091569,8f9de168,385887000,31,DNA,1000,385887,True,0.8458046358332423,0.9798764934823087,0.9128405646577755,0.9798764934823087,False,238046,1641605,4677145
929000,0.0024074405201522727,0.24812734082397003,0.0020601886044360135,0.00023326195788242614,1.3723270440251572,1.0,0.7488281788700788,/net/nfs-ip34/jbod2/def-ilafores/ref_dbs/sourmash_db/RefSeq_20250528.k31.sbt.zip,GCF_006542745.1_6CPBBH3_genomic,fd3fc44b40474382e7e9ffb3487da7b2,0.2899500624219725,795000,38,312171000,/nfs3_ib/nfs-ip34/home/def-ilafores/analysis/MethodsComparison/Feces_RA/preproc/SRR5091569/SRR5091569_unmatched_2.fastq,SRR5091569,8f9de168,385887000,31,DNA,1000,385887,True,0.8232543809985394,0.9608499841410257,0.8920521825697826,0.9608499841410257,False,1091,1642696,4677145
5267000,0.013649073433414444,0.13964203437887648,0.0020420485789881494,0.0017891256311275362,10.619289340101522,10.0,5.023774290750345,/net/nfs-ip34/jbod2/def-ilafores/ref_dbs/sourmash_db/RefSeq_20250528.k31.sbt.zip,GCF_001663295.1_ASM166329v1_genomic,c7924a3ff5fee88def8068ea182557b8,0.9333687754740386,788000,39,311383000,/nfs3_ib/nfs-ip34/home/def-ilafores/analysis/MethodsComparison/Feces_RA/preproc/SRR5091569/SRR5091569_unmatched_2.fastq,SRR5091569,8f9de168,385887000,31,DNA,1000,385887,True,0.870646859362384,0.9977781204726511,0.9342124899175175,0.9977781204726511,False,8368,1651064,4677145
1766000,0.004576469277275472,0.23796296296296296,0.0019979942314719075,0.0011132859896368405,6.753566796368353,4.0,7.28885026057091,/net/nfs-ip34/jbod2/def-ilafores/ref_dbs/sourmash_db/RefSeq_20250528.k31.sbt.zip,GCF_000209855.1_ASM20985v1_genomic,2b845165824bdb6c15dab3f5f2327265,0.5450617283950617,771000,40,310612000,/nfs3_ib/nfs-ip34/home/def-ilafores/analysis/MethodsComparison/Feces_RA/preproc/SRR5091569/SRR5091569_unmatched_2.fastq,SRR5091569,8f9de168,385887000,31,DNA,1000,385887,True,0.8404913410462327,0.9806143584644715,0.9105528497553521,0.9806143584644715,False,5207,1656271,4677145
887000,0.002298600367465087,0.2007997714938589,0.0018217768414069404,0.0002944103721394141,1.9587482219061167,1.0,2.9023470412242394,/net/nfs-ip34/jbod2/def-ilafores/ref_dbs/sourmash_db/RefSeq_20250528.k31.sbt.zip,GCF_000210555.1_ASM21055v1_genomic,6d00b0a0ca344fdf96ce690671c5fa63,0.2533561839474436,703000,41,309909000,/nfs3_ib/nfs-ip34/home/def-ilafores/analysis/MethodsComparison/Feces_RA/preproc/SRR5091569/SRR5091569_unmatched_2.fastq,SRR5091569,8f9de168,385887000,31,DNA,1000,385887,True,0.8220266895678542,0.9566774396318104,0.8893520645998323,0.9566774396318104,False,1377,1657648,4677145
1145000,0.002967189876829227,0.21755725190839695,0.001772539629477023,0.0002450212683164623,1.6754385964912282,1.0,1.5140411863836023,/net/nfs-ip34/jbod2/def-ilafores/ref_dbs/sourmash_db/RefSeq_20250528.k31.sbt.zip,GCF_042854315.1_ASM4285431v1_genomic,8c077732bd97ee96b603cc65c422945d,0.3641857506361323,684000,42,309225000,/nfs3_ib/nfs-ip34/home/def-ilafores/analysis/MethodsComparison/Feces_RA/preproc/SRR5091569/SRR5091569_unmatched_2.fastq,SRR5091569,8f9de168,385887000,31,DNA,1000,385887,True,0.8288248293029339,0.967941537853915,0.8983831835784244,0.967941537853915,False,1146,1658794,4677145
829000,0.0021482972994684973,0.12331797235023041,0.0017336681463744567,0.00028200964477261237,1.9715994020926757,1.0,6.504277124306393,/net/nfs-ip34/jbod2/def-ilafores/ref_dbs/sourmash_db/RefSeq_20250528.k31.sbt.zip,GCF_025914135.1_ASM2591413v1_genomic,78a9691c804df8c5d45c406f1737a1e3,0.1528110599078341,669000,43,308556000,/nfs3_ib/nfs-ip34/home/def-ilafores/analysis/MethodsComparison/Feces_RA/preproc/SRR5091569/SRR5091569_unmatched_2.fastq,SRR5091569,8f9de168,385887000,31,DNA,1000,385887,True,0.8202354371734211,0.9412010706223932,0.8807182538979071,0.9412010706223932,False,1319,1660113,4677145
911000,0.002360794740429193,0.17833018103215348,0.001710345256512917,0.0002540011053751808,1.8,1.0,2.7445814385307052,/net/nfs-ip34/jbod2/def-ilafores/ref_dbs/sourmash_db/RefSeq_20250528.k31.sbt.zip,GCF_005848555.1_ASM584855v1_genomic,1123379c731757b61c292acf7bd31a34,0.2461496892731694,660000,44,307896000,/nfs3_ib/nfs-ip34/home/def-ilafores/analysis/MethodsComparison/Feces_RA/preproc/SRR5091569/SRR5091569_unmatched_2.fastq,SRR5091569,8f9de168,385887000,31,DNA,1000,385887,True,0.8227349428494961,0.9557873262640297,0.8892611345567629,0.9557873262640297,False,1188,1661301,4677145
702000,0.0018191854092001027,0.21620689655172415,0.001624827993687271,0.00026276713678964413,1.960127591706539,1.0,3.0361992498577535,/net/nfs-ip34/jbod2/def-ilafores/ref_dbs/sourmash_db/RefSeq_20250528.k31.sbt.zip,GCF_000210595.1_ASM21059v1_genomic,eba4ca0d68fa97c7e6ee4e9207591ef2,0.24206896551724139,627000,45,307269000,/nfs3_ib/nfs-ip34/home/def-ilafores/analysis/MethodsComparison/Feces_RA/preproc/SRR5091569/SRR5091569_unmatched_2.fastq,SRR5091569,8f9de168,385887000,31,DNA,1000,385887,True,0.8158474009257438,0.9552720437376988,0.8855597223317213,0.9552720437376988,False,1229,1662530,4677145
835000,0.0021638458927095237,0.19260639950295122,0.001606687968239407,0.00017275496055820378,1.303225806451613,1.0,0.6586809257255536,/net/nfs-ip34/jbod2/def-ilafores/ref_dbs/sourmash_db/RefSeq_20250528.k31.sbt.zip,GCF_006542725.1_Aond_3.0_genomic,7fbb97287421b4f5df527beb1443bd37,0.2593973283628456,620000,46,306649000,/nfs3_ib/nfs-ip34/home/def-ilafores/analysis/MethodsComparison/Feces_RA/preproc/SRR5091569/SRR5091569_unmatched_2.fastq,SRR5091569,8f9de168,385887000,31,DNA,1000,385887,True,0.820426271790203,0.9574049339052866,0.8889156028477447,0.9574049339052866,False,808,1663338,4677145
598000,0.0015496764596889764,0.2615791795324217,0.0015367192986547875,0.00022021981358285878,1.7369308600337268,1.0,1.252963579065323,/net/nfs-ip34/jbod2/def-ilafores/ref_dbs/sourmash_db/RefSeq_20250528.k31.sbt.zip,GCF_022936265.1_ASM2293626v1_genomic,b0ceb0f243027b084ee39ec253dbc89b,0.26378473753859727,593000,47,306056000,/nfs3_ib/nfs-ip34/home/def-ilafores/analysis/MethodsComparison/Feces_RA/preproc/SRR5091569/SRR5091569_unmatched_2.fastq,SRR5091569,8f9de168,385887000,31,DNA,1000,385887,True,0.8116384523307235,0.9579230736735975,0.8847807630021605,0.9579230736735975,False,1030,1664368,4677145
690000,0.0017880882227180497,0.18257389162561577,0.0015367192986547875,0.00020311536204244257,1.6020236087689714,1.0,1.3545735230911202,/net/nfs-ip34/jbod2/def-ilafores/ref_dbs/sourmash_db/RefSeq_20250528.k31.sbt.zip,GCF_018140635.1_ASM1814063v1_genomic,03d45a9b9bd5d52d6fdc9c5ba2260f24,0.2124384236453202,593000,48,305463000,/nfs3_ib/nfs-ip34/home/def-ilafores/analysis/MethodsComparison/Feces_RA/preproc/SRR5091569/SRR5091569_unmatched_2.fastq,SRR5091569,8f9de168,385887000,31,DNA,1000,385887,True,0.8153937631245581,0.9512569460007931,0.8833253545626756,0.9512569460007931,False,950,1665318,4677145
1965000,0.005092164286436184,0.18003674219228413,0.0015237621376205988,0.000619181145763067,4.925170068027211,3.0,5.749993712358762,/net/nfs-ip34/jbod2/def-ilafores/ref_dbs/sourmash_db/RefSeq_20250528.k31.sbt.zip,GCF_000210735.1_ASM21073v1_genomic,112a151e28f067050905850dc0b386c2,0.6016533986527863,588000,49,304875000,/nfs3_ib/nfs-ip34/home/def-ilafores/analysis/MethodsComparison/Feces_RA/preproc/SRR5091569/SRR5091569_unmatched_2.fastq,SRR5091569,8f9de168,385887000,31,DNA,1000,385887,True,0.8433912867051861,0.983744100930322,0.9135676938177542,0.983744100930322,False,2896,1668214,4677145
587000,0.0015211707054137611,0.25825418362731795,0.001479707790104357,0.0023172255724378866,18.98073555166375,19.0,9.301035485643437,/net/nfs-ip34/jbod2/def-ilafores/ref_dbs/sourmash_db/RefSeq_20250528.k31.sbt.zip,GCF_023497905.1_ASM2349790v1_genomic,db63ed1c41913b0bf713d411d3223db9,0.26549072817729535,571000,50,304304000,/nfs3_ib/nfs-ip34/home/def-ilafores/analysis/MethodsComparison/Feces_RA/preproc/SRR5091569/SRR5091569_unmatched_2.fastq,SRR5091569,8f9de168,385887000,31,DNA,1000,385887,True,0.811152506699442,0.958122297133449,0.8846374019164456,0.958122297133449,False,10838,1679052,4677145
573000,0.0014848906545180324,0.24578833693304536,0.0014745249256906815,0.00023347576352668133,1.9191564147627416,2.0,1.2281705106793748,/net/nfs-ip34/jbod2/def-ilafores/ref_dbs/sourmash_db/RefSeq_20250528.k31.sbt.zip,GCF_003856815.1_ASM385681v1_genomic,ec56179731d98b9fa6dca12eb7eea848,0.24751619870410368,569000,51,303735000,/nfs3_ib/nfs-ip34/home/def-ilafores/analysis/MethodsComparison/Feces_RA/preproc/SRR5091569/SRR5091569_unmatched_2.fastq,SRR5091569,8f9de168,385887000,31,DNA,1000,385887,True,0.8105211237155256,0.9559580323376247,0.8832395780265752,0.9559580323376247,False,1092,1680144,4677145
742000,0.0019228426974736128,0.18113821138211383,0.0014434277392086285,0.0002708917512713418,2.274685816876122,1.0,5.388826306232146,/net/nfs-ip34/jbod2/def-ilafores/ref_dbs/sourmash_db/RefSeq_20250528.k31.sbt.zip,GCF_042848525.1_ASM4284852v1_genomic,268c95f33661b42130c76be0c47d4640,0.24130081300813008,557000,52,303178000,/nfs3_ib/nfs-ip34/home/def-ilafores/analysis/MethodsComparison/Feces_RA/preproc/SRR5091569/SRR5091569_unmatched_2.fastq,SRR5091569,8f9de168,385887000,31,DNA,1000,385887,True,0.817307120347418,0.9551741079474156,0.8862406141474168,0.9551741079474156,False,1267,1681411,4677145
1972000,0.005110304311884049,0.1724573594440935,0.0014149219849334132,0.0008969146776505753,7.683150183150183,6.0,6.326029861817747,/net/nfs-ip34/jbod2/def-ilafores/ref_dbs/sourmash_db/RefSeq_20250528.k31.sbt.zip,GCF_010509575.1_ASM1050957v1_genomic,1536305f1db2c6485876fc17c9a7e45f,0.6228679722046747,546000,53,302632000,/nfs3_ib/nfs-ip34/home/def-ilafores/analysis/MethodsComparison/Feces_RA/preproc/SRR5091569/SRR5091569_unmatched_2.fastq,SRR5091569,8f9de168,385887000,31,DNA,1000,385887,True,0.8434880376921082,0.9848443844173554,0.9141662110547318,0.9848443844173554,False,4195,1685606,4677145
928000,0.002404849087945435,0.12838002436053594,0.0013656847730034959,0.028727353973417545,254.9563567362429,146.0,371.19096492320034,/net/nfs-ip34/jbod2/def-ilafores/ref_dbs/sourmash_db/RefSeq_20250528.k31.sbt.zip,GCF_019249655.2_ASM1924965v2_genomic,3f5e042dde22a559937bb52d73a1aae8,0.22606577344701584,527000,54,302105000,/nfs3_ib/nfs-ip34/home/def-ilafores/analysis/MethodsComparison/Feces_RA/preproc/SRR5091569/SRR5091569_unmatched_2.fastq,SRR5091569,8f9de168,385887000,31,DNA,1000,385887,True,0.8232257798847091,0.9531667079923098,0.8881962439385095,0.9531667079923098,False,134362,1819968,4677145
924000,0.002394483359118084,0.10244857982370226,0.0013553190441761447,0.00021038475394711945,1.881453154875717,1.0,4.1910972966406765,/net/nfs-ip34/jbod2/def-ilafores/ref_dbs/sourmash_db/RefSeq_20250528.k31.sbt.zip,GCF_009193325.2_ASM919332v2_genomic,20d3ad2db691676c0843017fd7066d73,0.18099902056807052,523000,55,301582000,/nfs3_ib/nfs-ip34/home/def-ilafores/analysis/MethodsComparison/Feces_RA/preproc/SRR5091569/SRR5091569_unmatched_2.fastq,SRR5091569,8f9de168,385887000,31,DNA,1000,385887,True,0.8231110763792692,0.946354979812317,0.884733028095793,0.946354979812317,False,984,1820952,4677145
760000,0.0019694884771966925,0.15386949924127466,0.0013138561288667408,0.0002572081900390088,2.3727810650887573,1.0,4.149224489384745,/net/nfs-ip34/jbod2/def-ilafores/ref_dbs/sourmash_db/RefSeq_20250528.k31.sbt.zip,GCF_000210035.1_ASM21003v1_genomic,9b031f8e8d6f8498e950d180778cd938,0.2306525037936267,507000,56,301075000,/nfs3_ib/nfs-ip34/home/def-ilafores/analysis/MethodsComparison/Feces_RA/preproc/SRR5091569/SRR5091569_unmatched_2.fastq,SRR5091569,8f9de168,385887000,31,DNA,1000,385887,True,0.8179393063237046,0.9537845071217478,0.8858619067227262,0.9537845071217478,False,1203,1822155,4677145
3165000,0.008201882934641488,0.10430839002267574,0.001311264696659903,0.00041777622887466604,3.8616600790513833,2.0,20.747794597097474,/net/nfs-ip34/jbod2/def-ilafores/ref_dbs/sourmash_db/RefSeq_20250528.k31.sbt.zip,GCF_006742345.1_ASM674234v1_genomic,aa13184474b5d866ab5daea20b7e99ed,0.6524427952999382,506000,57,300569000,/nfs3_ib/nfs-ip34/home/def-ilafores/analysis/MethodsComparison/Feces_RA/preproc/SRR5091569/SRR5091569_unmatched_2.fastq,SRR5091569,8f9de168,385887000,31,DNA,1000,385887,True,0.856459614845852,0.9863192243840315,0.9213894196149417,0.9863192243840315,False,1954,1824109,4677145
800000,0.0020731457654702026,0.12496618880173113,0.001197241679559042,0.00018109338068415668,1.8333333333333333,1.0,2.593768200443802,/net/nfs-ip34/jbod2/def-ilafores/ref_dbs/sourmash_db/RefSeq_20250528.k31.sbt.zip,GCF_000210015.1_ASM21001v1_genomic,6f351faff0bbc09512221a953fad4daf,0.21639166892074654,462000,58,300107000,/nfs3_ib/nfs-ip34/home/def-ilafores/analysis/MethodsComparison/Feces_RA/preproc/SRR5091569/SRR5091569_unmatched_2.fastq,SRR5091569,8f9de168,385887000,31,DNA,1000,385887,True,0.8192938073062661,0.9518228934564958,0.885558350381381,0.9518228934564958,False,847,1824956,4677145
5170000,0.013397704509351183,0.08463541666666667,0.0011791016541111777,0.0002706779456270866,2.7824175824175823,2.0,1.8032079720487288,/net/nfs-ip34/jbod2/def-ilafores/ref_dbs/sourmash_db/RefSeq_20250528.k31.sbt.zip,GCF_039720385.1_ASM3972038v1_genomic,44eedf4639c66c7d03dbb3868760997a,0.9616815476190477,455000,59,299652000,/nfs3_ib/nfs-ip34/home/def-ilafores/analysis/MethodsComparison/Feces_RA/preproc/SRR5091569/SRR5091569_unmatched_2.fastq,SRR5091569,8f9de168,385887000,31,DNA,1000,385887,True,0.8701249576816262,0.998740409605575,0.9344326836436005,0.998740409605575,False,1266,1826222,4677145
3415000,0.008849740986350926,0.08893360160965795,0.001145413035422287,0.0002052534184849946,2.171945701357466,2.0,1.2894736787125132,/net/nfs-ip34/jbod2/def-ilafores/ref_dbs/sourmash_db/RefSeq_20250528.k31.sbt.zip,GCF_024732205.1_ASM2473220v1_genomic,c373d4ffb76baa2953c38eef3f39192f,0.6871227364185111,442000,60,299210000,/nfs3_ib/nfs-ip34/home/def-ilafores/analysis/MethodsComparison/Feces_RA/preproc/SRR5091569/SRR5091569_unmatched_2.fastq,SRR5091569,8f9de168,385887000,31,DNA,1000,385887,True,0.8585625750363863,0.9879683740262648,0.9232654745313256,0.9879683740262648,False,960,1827182,4677145
826000,0.002140523002847984,0.09129154396297855,0.0011246815777675848,0.00011267557452249182,1.2142857142857142,1.0,0.49203665090395937,/net/nfs-ip34/jbod2/def-ilafores/ref_dbs/sourmash_db/RefSeq_20250528.k31.sbt.zip,GCF_043968005.1_ASM4396800v1_genomic,9981e3c6b1ac59946dc4f4d7b5116f5d,0.1737484223811527,434000,61,298776000,/nfs3_ib/nfs-ip34/home/def-ilafores/analysis/MethodsComparison/Feces_RA/preproc/SRR5091569/SRR5091569_unmatched_2.fastq,SRR5091569,8f9de168,385887000,31,DNA,1000,385887,True,0.8201395180573484,0.9451077368036707,0.8826236274305095,0.9451077368036707,False,527,1827709,4677145
560000,0.0014512020358291417,0.08073817762399077,0.0010884015268718562,0.0001272143583318456,1.4166666666666667,1.0,4.20885781738753,/net/nfs-ip34/jbod2/def-ilafores/ref_dbs/sourmash_db/RefSeq_20250528.k31.sbt.zip,GCF_000009925.1_ASM992v1_genomic,3ba9cc1340929d2a88c43dee38483400,0.10765090349865436,420000,62,298356000,/nfs3_ib/nfs-ip34/home/def-ilafores/analysis/MethodsComparison/Feces_RA/preproc/SRR5091569/SRR5091569_unmatched_2.fastq,SRR5091569,8f9de168,385887000,31,DNA,1000,385887,True,0.8099213265622991,0.9306251044575699,0.8702732155099344,0.9306251044575699,False,595,1828304,4677145
2892000,0.007494421942174782,0.06973913043478261,0.001039164314941939,0.0003010383471113254,3.511221945137157,2.0,9.005429160634112,/net/nfs-ip34/jbod2/def-ilafores/ref_dbs/sourmash_db/RefSeq_20250528.k31.sbt.zip,GCF_000210075.1_ASM21007v1_genomic,c08f8e47dd318b08d89c36c36e6da9e1,0.5029565217391304,401000,63,297955000,/nfs3_ib/nfs-ip34/home/def-ilafores/analysis/MethodsComparison/Feces_RA/preproc/SRR5091569/SRR5091569_unmatched_2.fastq,SRR5091569,8f9de168,385887000,31,DNA,1000,385887,True,0.853971084732858,0.9780745304417707,0.9160228075873144,0.9780745304417707,False,1408,1829712,4677145
724000,0.0018761969177505332,0.07728065078442765,0.0010339814505282634,0.00010219909795398688,1.1979949874686717,1.0,0.49901757114927997,/net/nfs-ip34/jbod2/def-ilafores/ref_dbs/sourmash_db/RefSeq_20250528.k31.sbt.zip,GCF_021869685.1_ASM2186968v1_genomic,0134648796edc6085d05520464a1a68e,0.14022854929304668,399000,64,297556000,/nfs3_ib/nfs-ip34/home/def-ilafores/analysis/MethodsComparison/Feces_RA/preproc/SRR5091569/SRR5091569_unmatched_2.fastq,SRR5091569,8f9de168,385887000,31,DNA,1000,385887,True,0.8166599152418752,0.9385957748496078,0.8776278450457415,0.9385957748496078,False,478,1830190,4677145
400000,0.0010365728827351013,0.18136363636363637,0.0010339814505282634,0.00012764196962035602,1.4962406015037595,1.0,0.8006018426983347,/net/nfs-ip34/jbod2/def-ilafores/ref_dbs/sourmash_db/RefSeq_20250528.k31.sbt.zip,GCF_031191205.1_ASM3119120v1_genomic,3e006854992e86a9a691fd68b9847087,0.18181818181818182,399000,65,297157000,/nfs3_ib/nfs-ip34/home/def-ilafores/analysis/MethodsComparison/Feces_RA/preproc/SRR5091569/SRR5091569_unmatched_2.fastq,SRR5091569,8f9de168,385887000,31,DNA,1000,385887,True,0.8011780220554087,0.9464928391768298,0.8738354306161192,0.9464928391768298,False,597,1830787,4677145
1826000,0.004731955209685737,0.1409754360982556,0.0010262071539077502,0.0005413558912541732,6.393939393939394,6.0,3.079971736123045,/net/nfs-ip34/jbod2/def-ilafores/ref_dbs/sourmash_db/RefSeq_20250528.k31.sbt.zip,GCF_042848665.1_ASM4284866v1_genomic,44c14c79773d025792ea42fb56ac9255,0.6500533997864009,396000,66,296761000,/nfs3_ib/nfs-ip34/home/def-ilafores/analysis/MethodsComparison/Feces_RA/preproc/SRR5091569/SRR5091569_unmatched_2.fastq,SRR5091569,8f9de168,385887000,31,DNA,1000,385887,True,0.8413976805694944,0.986202497157195,0.9138000888633446,0.986202497157195,False,2532,1833319,4677145
2008000,0.005203595871330208,0.12684365781710916,0.0010028842640462104,0.00032904688650875697,3.9767441860465116,3.0,3.9989632692902877,/net/nfs-ip34/jbod2/def-ilafores/ref_dbs/sourmash_db/RefSeq_20250528.k31.sbt.zip,GCF_042852915.1_ASM4285291v1_genomic,83df1fc7945fffe52952776a8424f7ce,0.6581448705342511,387000,67,296374000,/nfs3_ib/nfs-ip34/home/def-ilafores/analysis/MethodsComparison/Feces_RA/preproc/SRR5091569/SRR5091569_unmatched_2.fastq,SRR5091569,8f9de168,385887000,31,DNA,1000,385887,True,0.8439804231653897,0.9865961201793365,0.9152882716723632,0.9865961201793365,False,1539,1834858,4677145
1592000,0.0041255600732857025,0.09429341170707813,0.0009977013996325349,0.01795325994810937,218.1038961038961,180.0,183.49492964547983,/net/nfs-ip34/jbod2/def-ilafores/ref_dbs/sourmash_db/RefSeq_20250528.k31.sbt.zip,GCF_032452555.1_ASM3245255v1_genomic,1ad811d7d51280706b0cbe0a9464310c,0.3899093803575802,385000,68,295989000,/nfs3_ib/nfs-ip34/home/def-ilafores/analysis/MethodsComparison/Feces_RA/preproc/SRR5091569/SRR5091569_unmatched_2.fastq,SRR5091569,8f9de168,385887000,31,DNA,1000,385887,True,0.8376837563282331,0.9700749277936712,0.9038793420609521,0.9700749277936712,False,83970,1918828,4677145
719000,0.0018632397567163444,0.08558056607978605,0.0009951099674256972,0.00014795350582460026,1.8020833333333333,1.0,6.080826752428946,/net/nfs-ip34/jbod2/def-ilafores/ref_dbs/sourmash_db/RefSeq_20250528.k31.sbt.zip,GCF_042850115.1_ASM4285011v1_genomic,0a531f0dc11d01b0c4c52863f5abf5c2,0.1602406953420994,384000,69,295605000,/nfs3_ib/nfs-ip34/home/def-ilafores/analysis/MethodsComparison/Feces_RA/preproc/SRR5091569/SRR5091569_unmatched_2.fastq,SRR5091569,8f9de168,385887000,31,DNA,1000,385887,True,0.8164773717263313,0.9426435719626658,0.8795604718444985,0.9426435719626658,False,692,1919520,4677145
1706000,0.0044209833448652066,0.1187775677378702,0.0009769699419778328,0.0005543980355537406,6.877984084880636,5.0,6.637724208905245,/net/nfs-ip34/jbod2/def-ilafores/ref_dbs/sourmash_db/RefSeq_20250528.k31.sbt.zip,GCF_023347235.1_ASM2334723v1_genomic,463a8ff2f26f37a3c67c2a86a64398f8,0.5374921235034656,377000,70,295228000,/nfs3_ib/nfs-ip34/home/def-ilafores/analysis/MethodsComparison/Feces_RA/preproc/SRR5091569/SRR5091569_unmatched_2.fastq,SRR5091569,8f9de168,385887000,31,DNA,1000,385887,True,0.8395546977789086,0.9801720763549394,0.9098633870669239,0.9801720763549394,False,2593,1922113,4677145
479000,0.0012412960270752837,0.14064362336114422,0.0009173670012205645,0.00026062908034709206,3.443502824858757,1.0,8.05092724710189,/net/nfs-ip34/jbod2/def-ilafores/ref_dbs/sourmash_db/RefSeq_20250528.k31.sbt.zip,GCF_018408575.1_ASM1840857v1_genomic,be471ee2a9a4d83e479673ce2822bf12,0.19030591974572905,354000,71,294874000,/nfs3_ib/nfs-ip34/home/def-ilafores/analysis/MethodsComparison/Feces_RA/preproc/SRR5091569/SRR5091569_unmatched_2.fastq,SRR5091569,8f9de168,385887000,31,DNA,1000,385887,True,0.8058496916026198,0.9478869097593482,0.876868300680984,0.9478869097593482,False,1219,1923332,4677145
1343000,0.0034802934537831024,0.07219031993437244,0.0009121841368068891,0.00031514951963216876,4.1875,1.0,22.98836322468392,/net/nfs-ip34/jbod2/def-ilafores/ref_dbs/sourmash_db/RefSeq_20250528.k31.sbt.zip,GCF_024022975.1_ASM2402297v1_genomic,8efc45baddac182f342bcfbc8a24e74d,0.2754306808859721,352000,72,294522000,/nfs3_ib/nfs-ip34/home/def-ilafores/analysis/MethodsComparison/Feces_RA/preproc/SRR5091569/SRR5091569_unmatched_2.fastq,SRR5091569,8f9de168,385887000,31,DNA,1000,385887,True,0.8331002905930771,0.9592589969231159,0.8961796437580964,0.9592589969231159,False,1474,1924806,4677145
1887000,0.0048900325743028395,0.12147195426938193,0.0008810869503248361,0.00026747086096325854,3.679411764705882,3.0,3.3068804752377505,/net/nfs-ip34/jbod2/def-ilafores/ref_dbs/sourmash_db/RefSeq_20250528.k31.sbt.zip,GCF_023347535.1_ASM2334753v1_genomic,1a6ea346590b713f033b7fae8ab21643,0.6741693461950696,340000,73,294182000,/nfs3_ib/nfs-ip34/home/def-ilafores/analysis/MethodsComparison/Feces_RA/preproc/SRR5091569/SRR5091569_unmatched_2.fastq,SRR5091569,8f9de168,385887000,31,DNA,1000,385887,True,0.8422900481315765,0.9873620241710984,0.9148260361513374,0.9873620241710984,False,1251,1926057,4677145
455000,0.0011791016541111777,0.11738227146814405,0.0008784955181179982,0.00013512516716928811,1.864306784660767,1.0,6.802688630390808,/net/nfs-ip34/jbod2/def-ilafores/ref_dbs/sourmash_db/RefSeq_20250528.k31.sbt.zip,GCF_025150745.1_ASM2515074v1_genomic,f264b62f2a1798cf106db911e66dcf25,0.15754847645429362,339000,74,293843000,/nfs3_ib/nfs-ip34/home/def-ilafores/analysis/MethodsComparison/Feces_RA/preproc/SRR5091569/SRR5091569_unmatched_2.fastq,SRR5091569,8f9de168,385887000,31,DNA,1000,385887,True,0.8045145654361114,0.9421284870940754,0.8733215262650934,0.9421284870940754,False,632,1926689,4677145
344000,0.000891452679152187,0.07153630683042447,0.000860355492670134,9.300545525101317e-05,1.3102409638554218,1.0,1.0075695149609227,/net/nfs-ip34/jbod2/def-ilafores/ref_dbs/sourmash_db/RefSeq_20250528.k31.sbt.zip,GCF_025148635.1_ASM2514863v1_genomic,d4b0f7a75de0de86779fc9973ed01479,0.07412195647489765,332000,75,293511000,/nfs3_ib/nfs-ip34/home/def-ilafores/analysis/MethodsComparison/Feces_RA/preproc/SRR5091569/SRR5091569_unmatched_2.fastq,SRR5091569,8f9de168,385887000,31,DNA,1000,385887,True,0.7972895539359902,0.9194892864400278,0.858389420188009,0.9194892864400278,False,435,1927124,4677145
507000,0.0013138561288667408,0.06263372884652792,0.0008344411706017565,8.039092223995622e-05,1.1677018633540373,1.0,0.462722497694141,/net/nfs-ip34/jbod2/def-ilafores/ref_dbs/sourmash_db/RefSeq_20250528.k31.sbt.zip,GCF_023374935.1_ASM2337493v1_genomic,1774c84f470e179f84789cdbba11b7f7,0.09861894573040264,322000,76,293189000,/nfs3_ib/nfs-ip34/home/def-ilafores/analysis/MethodsComparison/Feces_RA/preproc/SRR5091569/SRR5091569_unmatched_2.fastq,SRR5091569,8f9de168,385887000,31,DNA,1000,385887,True,0.8073278407188071,0.9279981453073312,0.8676629930130692,0.9279981453073312,False,376,1927500,4677145
434000,0.0011246815777675848,0.08867403314917127,0.0008318497383949187,0.00012978002606290804,1.8909657320872275,1.0,1.9035822932335535,/net/nfs-ip34/jbod2/def-ilafores/ref_dbs/sourmash_db/RefSeq_20250528.k31.sbt.zip,GCF_005121165.3_ASM512116v3_genomic,74059216b7cd65a7ff314267c1b83b8e,0.11988950276243093,321000,77,292868000,/nfs3_ib/nfs-ip34/home/def-ilafores/analysis/MethodsComparison/Feces_RA/preproc/SRR5091569/SRR5091569_unmatched_2.fastq,SRR5091569,8f9de168,385887000,31,DNA,1000,385887,True,0.8032891888078607,0.9338632029001399,0.8685761958540004,0.9338632029001399,False,607,1928107,4677145
446000,0.0011557787642496379,0.12652563059397884,0.0008059354163265412,0.00016954787589437573,2.54983922829582,1.0,4.78508450669477,/net/nfs-ip34/jbod2/def-ilafores/ref_dbs/sourmash_db/RefSeq_20250528.k31.sbt.zip,GCF_018326305.1_ASM1832630v1_genomic,5128153ef7f1c80fc4c112268b755214,0.18144833197721724,311000,78,292557000,/nfs3_ib/nfs-ip34/home/def-ilafores/analysis/MethodsComparison/Feces_RA/preproc/SRR5091569/SRR5091569_unmatched_2.fastq,SRR5091569,8f9de168,385887000,31,DNA,1000,385887,True,0.8039962496455497,0.9464306705046898,0.8752134600751198,0.9464306705046898,False,793,1928900,4677145
1916000,0.004965184108301135,0.06898861352980576,0.0008007525519128657,0.0001428221703624754,2.161812297734628,2.0,1.5578482640998124,/net/nfs-ip34/jbod2/def-ilafores/ref_dbs/sourmash_db/RefSeq_20250528.k31.sbt.zip,GCF_025148125.1_ASM2514812v1_genomic,20e22b7a195404638366fe78b372a400,0.42777405670908686,309000,79,292248000,/nfs3_ib/nfs-ip34/home/def-ilafores/analysis/MethodsComparison/Feces_RA/preproc/SRR5091569/SRR5091569_unmatched_2.fastq,SRR5091569,8f9de168,385887000,31,DNA,1000,385887,True,0.8427045408434195,0.9729795035943509,0.9078420222188852,0.9729795035943509,False,668,1929568,4677145
305000,0.0007903868230855147,0.10865628395508874,0.0007774296620513259,9.450209476079959e-05,1.4733333333333334,1.0,1.3598856161048578,/net/nfs-ip34/jbod2/def-ilafores/ref_dbs/sourmash_db/RefSeq_20250528.k31.sbt.zip,GCF_024499055.1_ASM2449905v1_genomic,8317326ae5ef3674e3dda660148cf06f,0.11046722202100688,300000,80,291948000,/nfs3_ib/nfs-ip34/home/def-ilafores/analysis/MethodsComparison/Feces_RA/preproc/SRR5091569/SRR5091569_unmatched_2.fastq,SRR5091569,8f9de168,385887000,31,DNA,1000,385887,True,0.7942007861550792,0.9314007050438351,0.8628007455994571,0.9314007050438351,False,442,1930010,4677145
1441000,0.003734253810053202,0.09526833915528739,0.0007774296620513259,0.0003416614195198139,5.326666666666667,3.0,7.077661258416432,/net/nfs-ip34/jbod2/def-ilafores/ref_dbs/sourmash_db/RefSeq_20250528.k31.sbt.zip,GCF_042850025.1_ASM4285002v1_genomic,26ae838edf91db815bafb3211b734604,0.4576055890758971,300000,81,291648000,/nfs3_ib/nfs-ip34/home/def-ilafores/analysis/MethodsComparison/Feces_RA/preproc/SRR5091569/SRR5091569_unmatched_2.fastq,SRR5091569,8f9de168,385887000,31,DNA,1000,385887,True,0.8349952301325477,0.9750976439810564,0.9050464370568021,0.9750976439810564,False,1598,1931608,4677145
357000,0.0009251412978410778,0.05242649663478569,0.0007670639332239749,7.953569966293541e-05,1.2567567567567568,1.0,0.6938106839455911,/net/nfs-ip34/jbod2/def-ilafores/ref_dbs/sourmash_db/RefSeq_20250528.k31.sbt.zip,GCF_020341675.1_ASM2034167v1_genomic,bd2850a06cddf8a9c679f450156df141,0.06323060573857599,296000,82,291352000,/nfs3_ib/nfs-ip34/home/def-ilafores/analysis/MethodsComparison/Feces_RA/preproc/SRR5091569/SRR5091569_unmatched_2.fastq,SRR5091569,8f9de168,385887000,31,DNA,1000,385887,True,0.7982441493976674,0.9147875320929528,0.8565158407453102,0.9147875320929528,False,372,1931980,4677145
1723000,0.004465037692381449,0.07390534042014679,0.0007566982043966239,0.01348664623397393,216.02397260273972,153.0,208.0455103020038,/net/nfs-ip34/jbod2/def-ilafores/ref_dbs/sourmash_db/RefSeq_20250528.k31.sbt.zip,GCF_032452275.1_ASM3245227v1_genomic,2a6b1835ddcd5f0e781fcfaaf5bdb754,0.4360921285750443,292000,83,291060000,/nfs3_ib/nfs-ip34/home/def-ilafores/analysis/MethodsComparison/Feces_RA/preproc/SRR5091569/SRR5091569_unmatched_2.fastq,SRR5091569,8f9de168,385887000,31,DNA,1000,385887,True,0.8398232765917767,0.9735841430961935,0.9067037098439851,0.9735841430961935,False,63079,1995059,4677145
1616000,0.004187754446249809,0.10341151385927505,0.0007541067721897861,0.0001979840265803177,3.1821305841924397,2.0,4.083049816528524,/net/nfs-ip34/jbod2/def-ilafores/ref_dbs/sourmash_db/RefSeq_20250528.k31.sbt.zip,GCF_019968015.1_ASM1996801v1_genomic,517ce21e5547904474906c4ba8b4528a,0.574271499644634,291000,84,290769000,/nfs3_ib/nfs-ip34/home/def-ilafores/analysis/MethodsComparison/Feces_RA/preproc/SRR5091569/SRR5091569_unmatched_2.fastq,SRR5091569,8f9de168,385887000,31,DNA,1000,385887,True,0.8380881815162068,0.9822670798365024,0.9101776306763546,0.9822670798365024,False,926,1995985,4677145
2826000,0.00732338741652349,0.046114156723637535,0.0007411496111555973,0.00019007321774287518,3.1083916083916083,1.0,7.7810150568659315,/net/nfs-ip34/jbod2/def-ilafores/ref_dbs/sourmash_db/RefSeq_20250528.k31.sbt.zip,GCF_025916335.1_ASM2591633v1_genomic,e1f0b543fb2a2c4414fe3c88fafedb86,0.4556594646888101,286000,85,290483000,/nfs3_ib/nfs-ip34/home/def-ilafores/analysis/MethodsComparison/Feces_RA/preproc/SRR5091569/SRR5091569_unmatched_2.fastq,SRR5091569,8f9de168,385887000,31,DNA,1000,385887,True,0.85333536039455,0.974963595786726,0.9141494780906381,0.974963595786726,False,889,1996874,4677145
2490000,0.006452666195026005,0.06973878758008871,0.0007333753145350842,0.00016120945576842283,2.664310954063604,2.0,2.4574898427736867,/net/nfs-ip34/jbod2/def-ilafores/ref_dbs/sourmash_db/RefSeq_20250528.k31.sbt.zip,GCF_000210655.1_ASM21065v1_genomic,586860c088f340576435f05f9fd3cc1d,0.6136027599802859,283000,86,290200000,/nfs3_ib/nfs-ip34/home/def-ilafores/analysis/MethodsComparison/Feces_RA/preproc/SRR5091569/SRR5091569_unmatched_2.fastq,SRR5091569,8f9de168,385887000,31,DNA,1000,385887,True,0.8498581151578773,0.9843683804206315,0.9171132477892544,0.9843683804206315,False,754,1997628,4677145
2019000,0.005232101625605424,0.09347033476963872,0.0007307838823282463,0.0004759313641120812,7.8936170212765955,7.0,6.747946498944555,/net/nfs-ip34/jbod2/def-ilafores/ref_dbs/sourmash_db/RefSeq_20250528.k31.sbt.zip,GCF_023347335.1_ASM2334733v1_genomic,d566eb779c3a1233616a97a7ab79e713,0.6692078223400729,282000,87,289918000,/nfs3_ib/nfs-ip34/home/def-ilafores/analysis/MethodsComparison/Feces_RA/preproc/SRR5091569/SRR5091569_unmatched_2.fastq,SRR5091569,8f9de168,385887000,31,DNA,1000,385887,True,0.8441291711461474,0.9871267836807595,0.9156279774134535,0.9871267836807595,False,2226,1999854,4677145
345000,0.0008940441113590248,0.06089525107930016,0.0006945038314325178,0.00012336585673525195,2.1529850746268657,1.0,2.0358059865081954,/net/nfs-ip34/jbod2/def-ilafores/ref_dbs/sourmash_db/RefSeq_20250528.k31.sbt.zip,GCF_900683755.1_ASM90068375v1_genomic,8e291018769da4b390c897ca0d5c97dc,0.07839127471029311,268000,88,289650000,/nfs3_ib/nfs-ip34/home/def-ilafores/analysis/MethodsComparison/Feces_RA/preproc/SRR5091569/SRR5091569_unmatched_2.fastq,SRR5091569,8f9de168,385887000,31,DNA,1000,385887,True,0.7973642135589147,0.9211518252432235,0.859258019401069,0.9211518252432235,False,577,2000431,4677145
285000,0.0007385581789487596,0.08894970920287376,0.0006737723737778158,7.97495053071906e-05,1.4346153846153846,1.0,1.3921323731523156,/net/nfs-ip34/jbod2/def-ilafores/ref_dbs/sourmash_db/RefSeq_20250528.k31.sbt.zip,GCF_025148965.1_ASM2514896v1_genomic,4fe134d0444f089dec5e462a3d358d30,0.09750256585699624,260000,89,289390000,/nfs3_ib/nfs-ip34/home/def-ilafores/analysis/MethodsComparison/Feces_RA/preproc/SRR5091569/SRR5091569_unmatched_2.fastq,SRR5091569,8f9de168,385887000,31,DNA,1000,385887,True,0.7924651126413021,0.9276574021661504,0.8600612574037263,0.9276574021661504,False,373,2000804,4677145
2854000,0.007395947518314947,0.055220017256255395,0.0006634066449504647,0.00012507630188929357,2.28515625,2.0,1.5985633121918998,/net/nfs-ip34/jbod2/def-ilafores/ref_dbs/sourmash_db/RefSeq_20250528.k31.sbt.zip,GCF_024760085.1_ASM2476008v1_genomic,d22a231abb372af890fb48167198d8a7,0.6156169111302847,256000,90,289134000,/nfs3_ib/nfs-ip34/home/def-ilafores/analysis/MethodsComparison/Feces_RA/preproc/SRR5091569/SRR5091569_unmatched_2.fastq,SRR5091569,8f9de168,385887000,31,DNA,1000,385887,True,0.8536067981909456,0.9844724471386113,0.9190396226647785,0.9844724471386113,False,585,2001389,4677145
343000,0.0008888612469453493,0.05334773218142549,0.000640083755088925,0.00013854605747737136,2.623481781376518,1.0,6.226488995022288,/net/nfs-ip34/jbod2/def-ilafores/ref_dbs/sourmash_db/RefSeq_20250528.k31.sbt.zip,GCF_023008285.1_ASM2300828v1_genomic,3191b17cd9816a6b0abb68f0b35dbdf7,0.07408207343412528,247000,91,288887000,/nfs3_ib/nfs-ip34/home/def-ilafores/analysis/MethodsComparison/Feces_RA/preproc/SRR5091569/SRR5091569_unmatched_2.fastq,SRR5091569,8f9de168,385887000,31,DNA,1000,385887,True,0.7972146839842182,0.9194733225228815,0.8583440032535499,0.9194733225228815,False,648,2002037,4677145
892000,0.0023115575284992757,0.06558704453441296,0.000629718026261574,8.381181254803946e-05,1.6131687242798354,1.0,1.9133899635469185,/net/nfs-ip34/jbod2/def-ilafores/ref_dbs/sourmash_db/RefSeq_20250528.k31.sbt.zip,GCF_025147905.1_ASM2514790v1_genomic,c5e7fe36cbc07f4ac5cce0f7ee4db8ee,0.2407557354925776,243000,92,288644000,/nfs3_ib/nfs-ip34/home/def-ilafores/analysis/MethodsComparison/Feces_RA/preproc/SRR5091569/SRR5091569_unmatched_2.fastq,SRR5091569,8f9de168,385887000,31,DNA,1000,385887,True,0.8221757590680714,0.955104429980808,0.8886400945244397,0.955104429980808,False,392,2002429,4677145
444000,0.0011505958998359624,0.062037273423538424,0.000629718026261574,7.675622628761776e-05,1.477366255144033,1.0,2.9415607922774183,/net/nfs-ip34/jbod2/def-ilafores/ref_dbs/sourmash_db/RefSeq_20250528.k31.sbt.zip,GCF_020735725.1_ASM2073572v1_genomic,468818a695d78a01f7215c72831539a1,0.11335205514424304,243000,93,288401000,/nfs3_ib/nfs-ip34/home/def-ilafores/analysis/MethodsComparison/Feces_RA/preproc/SRR5091569/SRR5091569_unmatched_2.fastq,SRR5091569,8f9de168,385887000,31,DNA,1000,385887,True,0.8038796944699189,0.93217558194568,0.8680276382077994,0.93217558194568,False,359,2002788,4677145
382000,0.0009899271030120217,0.1241662390969728,0.0006271265940547363,7.076966824847209e-05,1.3677685950413223,1.0,0.6372351014742664,/net/nfs-ip34/jbod2/def-ilafores/ref_dbs/sourmash_db/RefSeq_20250528.k31.sbt.zip,GCF_014931275.1_ASM1493127v1_genomic,90ed85567504e269bdef87c296aa46c1,0.19599794766546946,242000,94,288159000,/nfs3_ib/nfs-ip34/home/def-ilafores/analysis/MethodsComparison/Feces_RA/preproc/SRR5091569/SRR5091569_unmatched_2.fastq,SRR5091569,8f9de168,385887000,31,DNA,1000,385887,True,0.799988924976599,0.9487884823111883,0.8743887036438936,0.9487884823111883,False,331,2003119,4677145
1566000,0.0040581828359079215,0.06664759725400457,0.0006038037041931965,0.00013405613894801208,2.6909871244635193,2.0,2.8358155967105243,/net/nfs-ip34/jbod2/def-ilafores/ref_dbs/sourmash_db/RefSeq_20250528.k31.sbt.zip,GCF_028743455.1_ASM2874345v1_genomic,e7c81f7d63e990a73ddfcefd48f5bb04,0.44794050343249425,233000,95,287926000,/nfs3_ib/nfs-ip34/home/def-ilafores/analysis/MethodsComparison/Feces_RA/preproc/SRR5091569/SRR5091569_unmatched_2.fastq,SRR5091569,8f9de168,385887000,31,DNA,1000,385887,True,0.8372389160614272,0.9744264029074652,0.9058326594844461,0.9744264029074652,False,627,2003746,4677145
1908000,0.004944452650646433,0.06581196581196581,0.000598620839779521,0.008816061935219027,178.5021645021645,108.0,183.43105324349042,/net/nfs-ip34/jbod2/def-ilafores/ref_dbs/sourmash_db/RefSeq_20250528.k31.sbt.zip,GCF_019249795.2_P1C_raw_genomic,daced544df689eeedcdbd81decd8f176,0.5435897435897435,231000,96,287695000,/nfs3_ib/nfs-ip34/home/def-ilafores/analysis/MethodsComparison/Feces_RA/preproc/SRR5091569/SRR5091569_unmatched_2.fastq,SRR5091569,8f9de168,385887000,31,DNA,1000,385887,True,0.8425908076942329,0.9805288198256533,0.9115598137599431,0.9805288198256533,False,41234,2044980,4677145
1096000,0.0028402096986941774,0.06366416458159578,0.0005934379753658454,7.333533597953452e-05,1.497816593886463,1.0,0.8546019995974204,/net/nfs-ip34/jbod2/def-ilafores/ref_dbs/sourmash_db/RefSeq_20250528.k31.sbt.zip,GCF_000265365.1_ASM26536v1_genomic,79a393fb99d8977a1fe96a36cabdd09c,0.3046983597442313,229000,97,287466000,/nfs3_ib/nfs-ip34/home/def-ilafores/analysis/MethodsComparison/Feces_RA/preproc/SRR5091569/SRR5091569_unmatched_2.fastq,SRR5091569,8f9de168,385887000,31,DNA,1000,385887,True,0.8276562769638083,0.9623889966575915,0.8950226368106999,0.9623889966575915,False,343,2045323,4677145
272000,0.0007048695602598688,0.0815450643776824,0.0005908465431590077,0.00011481363096504384,2.3552631578947367,1.0,5.223187037191447,/net/nfs-ip34/jbod2/def-ilafores/ref_dbs/sourmash_db/RefSeq_20250528.k31.sbt.zip,GCF_030864025.1_ASM3086402v1_genomic,f73fd890bde9240f282aef5dc2a2f54a,0.09728183118741059,228000,98,287238000,/nfs3_ib/nfs-ip34/home/def-ilafores/analysis/MethodsComparison/Feces_RA/preproc/SRR5091569/SRR5091569_unmatched_2.fastq,SRR5091569,8f9de168,385887000,31,DNA,1000,385887,True,0.7912725299663403,0.9275895823494447,0.8594310561578925,0.9275895823494447,False,537,2045860,4677145
554000,0.001435653442588115,0.09547950992817913,0.0005856636787453322,0.0009234265775382205,19.11061946902655,19.0,8.416753865591962,/net/nfs-ip34/jbod2/def-ilafores/ref_dbs/sourmash_db/RefSeq_20250528.k31.sbt.zip,GCF_017968825.1_ASM1796882v1_genomic,0b5354ff0e5fe896cc94aee14ef3d3fb,0.2340515420363329,226000,99,287012000,/nfs3_ib/nfs-ip34/home/def-ilafores/analysis/MethodsComparison/Feces_RA/preproc/SRR5091569/SRR5091569_unmatched_2.fastq,SRR5091569,8f9de168,385887000,31,DNA,1000,385887,True,0.8096399383229774,0.9542347101222322,0.8819373242226047,0.9542347101222322,False,4319,2050179,4677145
271000,0.000702278128053031,0.03333333333333333,0.0005804808143316567,6.670736100762325e-05,1.3928571428571428,1.0,1.6331233378819536,/net/nfs-ip34/jbod2/def-ilafores/ref_dbs/sourmash_db/RefSeq_20250528.k31.sbt.zip,GCF_017873595.1_ASM1787359v1_genomic,8314f9f37434b00a96c923f258f58e3d,0.040327380952380955,224000,100,286788000,/nfs3_ib/nfs-ip34/home/def-ilafores/analysis/MethodsComparison/Feces_RA/preproc/SRR5091569/SRR5091569_unmatched_2.fastq,SRR5091569,8f9de168,385887000,31,DNA,1000,385887,True,0.7911785210054831,0.9016113192610758,0.8463949201332794,0.9016113192610758,False,312,2050491,4677145
1740000,0.00450909203989769,0.07224583197123242,0.0005727065177111435,0.00023753807076753018,5.027149321266968,3.0,5.386356614167709,/net/nfs-ip34/jbod2/def-ilafores/ref_dbs/sourmash_db/RefSeq_20250528.k31.sbt.zip,GCF_040059215.1_ASM4005921v1_genomic,32b4f8c9ded2e30d47a15c3a2652e364,0.5688133376920562,221000,101,286567000,/nfs3_ib/nfs-ip34/home/def-ilafores/analysis/MethodsComparison/Feces_RA/preproc/SRR5091569/SRR5091569_unmatched_2.fastq,SRR5091569,8f9de168,385887000,31,DNA,1000,385887,True,0.8400893030933791,0.9819645262871987,0.911026914690289,0.9819645262871987,False,1111,2051602,4677145
2556000,0.006623700720677297,0.032623268285416354,0.0005675236532974679,9.599873427058601e-05,2.050228310502283,1.0,1.6640813124787446,/net/nfs-ip34/jbod2/def-ilafores/ref_dbs/sourmash_db/RefSeq_20250528.k31.sbt.zip,GCF_030168555.1_ASM3016855v1_genomic,761bc93d29d61ce80809686c2d5128e5,0.38075376135855804,219000,102,286348000,/nfs3_ib/nfs-ip34/home/def-ilafores/analysis/MethodsComparison/Feces_RA/preproc/SRR5091569/SRR5091569_unmatched_2.fastq,SRR5091569,8f9de168,385887000,31,DNA,1000,385887,True,0.8505756110976004,0.9693316507741427,0.9099536309358716,0.9693316507741427,False,449,2052051,4677145
1879000,0.004869301116648138,0.07359454855195911,0.0005597493566769547,0.00018900418952159917,4.092592592592593,3.0,3.742986124782658,/net/nfs-ip34/jbod2/def-ilafores/ref_dbs/sourmash_db/RefSeq_20250528.k31.sbt.zip,GCF_040058985.1_ASM4005898v1_genomic,9217c1f8c150568f8c71781398566ec7,0.6402044293015332,216000,103,286132000,/nfs3_ib/nfs-ip34/home/def-ilafores/analysis/MethodsComparison/Feces_RA/preproc/SRR5091569/SRR5091569_unmatched_2.fastq,SRR5091569,8f9de168,385887000,31,DNA,1000,385887,True,0.8421746203002483,0.9857169289636724,0.9139457746319604,0.9857169289636724,False,884,2052935,4677145
417000,0.001080627230251343,0.06390748630553865,0.0005442007634359281,0.00013362852765950168,2.9761904761904763,1.0,9.518623588068701,/net/nfs-ip34/jbod2/def-ilafores/ref_dbs/sourmash_db/RefSeq_20250528.k31.sbt.zip,GCF_045002895.1_ASM4500289v1_genomic,dcf539ba4c82009d09e4501c72acd6ed,0.12690200852099817,210000,104,285922000,/nfs3_ib/nfs-ip34/home/def-ilafores/analysis/MethodsComparison/Feces_RA/preproc/SRR5091569/SRR5091569_unmatched_2.fastq,SRR5091569,8f9de168,385887000,31,DNA,1000,385887,True,0.8022544338948409,0.9355771986687533,0.8689158162817971,0.9355771986687533,False,625,2053560,4677145
1959000,0.005076615693195158,0.06716906946264745,0.0005312436024017394,0.00020204633382116653,4.609756097560975,2.0,6.136965361068174,/net/nfs-ip34/jbod2/def-ilafores/ref_dbs/sourmash_db/RefSeq_20250528.k31.sbt.zip,GCF_023347255.1_ASM2334725v1_genomic,58b144de4acaed89ce9d8071641d7213,0.6418741808650066,205000,105,285717000,/nfs3_ib/nfs-ip34/home/def-ilafores/analysis/MethodsComparison/Feces_RA/preproc/SRR5091569/SRR5091569_unmatched_2.fastq,SRR5091569,8f9de168,385887000,31,DNA,1000,385887,True,0.8433080914456771,0.9857997567801736,0.9145539241129254,0.9857997567801736,False,945,2054505,4677145
433000,0.0011220901455607471,0.05665163472378805,0.0005208778735743884,6.927302873868568e-05,1.6119402985074627,1.0,1.946717281872283,/net/nfs-ip34/jbod2/def-ilafores/ref_dbs/sourmash_db/RefSeq_20250528.k31.sbt.zip,GCF_036419155.1_ASM3641915v1_genomic,adc420f297b3ff1fa16ce829a637366f,0.12204058624577227,201000,106,285516000,/nfs3_ib/nfs-ip34/home/def-ilafores/analysis/MethodsComparison/Feces_RA/preproc/SRR5091569/SRR5091569_unmatched_2.fastq,SRR5091569,8f9de168,385887000,31,DNA,1000,385887,True,0.8032294157931542,0.9343990673705936,0.8688142415818739,0.9343990673705936,False,324,2054829,4677145
544000,0.0014097391205197375,0.03919167176974893,0.0004975549837128486,4.76786586689102e-05,1.1614583333333333,1.0,0.48944479422834025,/net/nfs-ip34/jbod2/def-ilafores/ref_dbs/sourmash_db/RefSeq_20250528.k31.sbt.zip,GCF_038627005.1_ASM3862700v2_genomic,08abd3bf593591d6a3b99d4cc0ad8089,0.11104307001428863,192000,107,285324000,/nfs3_ib/nfs-ip34/home/def-ilafores/analysis/MethodsComparison/Feces_RA/preproc/SRR5091569/SRR5091569_unmatched_2.fastq,SRR5091569,8f9de168,385887000,31,DNA,1000,385887,True,0.8091643378207269,0.9315569320861936,0.8703606349534603,0.9315569320861936,False,223,2055052,4677145
459000,0.0011894673829385286,0.08311111111111111,0.0004845978226786598,6.863161180592007e-05,1.7165775401069518,1.0,0.9132963439661687,/net/nfs-ip34/jbod2/def-ilafores/ref_dbs/sourmash_db/RefSeq_20250528.k31.sbt.zip,GCF_902388175.1_UHGG_MGYG-HGUT-02539_genomic,139286699907f4d64c15ca615fb65f4b,0.204,187000,108,285137000,/nfs3_ib/nfs-ip34/home/def-ilafores/analysis/MethodsComparison/Feces_RA/preproc/SRR5091569/SRR5091569_unmatched_2.fastq,SRR5091569,8f9de168,385887000,31,DNA,1000,385887,True,0.8047417506664835,0.9500140000654913,0.8773778753659873,0.9500140000654913,False,321,2055373,4677145
4897000,0.012690243516884477,0.0006322337225309743,0.0004820063904718221,0.000331184942951309,8.327956989247312,1.0,44.50196290364864,/net/nfs-ip34/jbod2/def-ilafores/ref_dbs/sourmash_db/RefSeq_20250528.k31.sbt.zip,plasmid.5.1.genomic,0f0c4d9f3e14a466d58e8f18d86b27e8,0.01664542225394721,186000,109,284951000,/nfs3_ib/nfs-ip34/home/def-ilafores/analysis/MethodsComparison/Feces_RA/preproc/SRR5091569/SRR5091569_unmatched_2.fastq,SRR5091569,8f9de168,385887000,31,DNA,1000,385887,True,0.8686035729668787,0.8762386659087867,0.8724211194378327,0.8762386659087867,False,1549,2056922,4677145
2139000,0.005543073490425954,0.03433232169954476,0.0004690492294376333,9.428828911654439e-05,2.43646408839779,1.0,5.367448099380103,/net/nfs-ip34/jbod2/def-ilafores/ref_dbs/sourmash_db/RefSeq_20250528.k31.sbt.zip,GCF_018279895.1_ASM1827989v1_genomic,eef05f88d650d6818de3c980b9d8b8f4,0.40572837632776937,181000,110,284770000,/nfs3_ib/nfs-ip34/home/def-ilafores/analysis/MethodsComparison/Feces_RA/preproc/SRR5091569/SRR5091569_unmatched_2.fastq,SRR5091569,8f9de168,385887000,31,DNA,1000,385887,True,0.8457027882944299,0.9713202248287587,0.9085115065615943,0.9713202248287587,False,441,2057363,4677145
2681000,0.006947629746532016,0.0314520356456404,0.0004664577972307955,9.749537378037243e-05,2.533333333333333,2.0,1.8541245313564505,/net/nfs-ip34/jbod2/def-ilafores/ref_dbs/sourmash_db/RefSeq_20250528.k31.sbt.zip,GCF_042850145.1_ASM4285014v1_genomic,6350fb91e771d4a1538082fbe2684b37,0.46846059758867725,180000,111,284590000,/nfs3_ib/nfs-ip34/home/def-ilafores/analysis/MethodsComparison/Feces_RA/preproc/SRR5091569/SRR5091569_unmatched_2.fastq,SRR5091569,8f9de168,385887000,31,DNA,1000,385887,True,0.8518866804194039,0.9758353590822214,0.9138610197508126,0.9758353590822214,False,456,2057819,4677145
641000,0.0016611080445829997,0.044593921275535624,0.0004638663650239578,6.713497229613365e-05,1.7541899441340782,1.0,1.0654145403044655,/net/nfs-ip34/jbod2/def-ilafores/ref_dbs/sourmash_db/RefSeq_20250528.k31.sbt.zip,GCF_900683745.1_Paraprevotella_xylaniphila_82A6_genomic,5e6e3eba0c8b886e7c308dc9056f6fdf,0.1596910812157449,179000,112,284411000,/nfs3_ib/nfs-ip34/home/def-ilafores/analysis/MethodsComparison/Feces_RA/preproc/SRR5091569/SRR5091569_unmatched_2.fastq,SRR5091569,8f9de168,385887000,31,DNA,1000,385887,True,0.8134585261888948,0.9425391017012378,0.8779988139450663,0.9425391017012378,False,314,2058133,4677145
234000,0.0006063951364000342,0.059428950863213814,0.0004638663650239578,4.6182019159123784e-05,1.2067039106145252,1.0,0.48064176898854616,/net/nfs-ip34/jbod2/def-ilafores/ref_dbs/sourmash_db/RefSeq_20250528.k31.sbt.zip,GCF_009557455.1_ASM955745v1_genomic,7e798acda951bd16b6d452563081e9df,0.07768924302788845,179000,113,284232000,/nfs3_ib/nfs-ip34/home/def-ilafores/analysis/MethodsComparison/Feces_RA/preproc/SRR5091569/SRR5091569_unmatched_2.fastq,SRR5091569,8f9de168,385887000,31,DNA,1000,385887,True,0.7874408231896944,0.9208845569435695,0.8541626900666319,0.9208845569435695,False,216,2058349,4677145
2351000,0.006092457118275558,0.03213507625272331,0.00045868350061028227,6.35002763437952e-05,1.6779661016949152,1.0,1.0909076400304902,/net/nfs-ip34/jbod2/def-ilafores/ref_dbs/sourmash_db/RefSeq_20250528.k31.sbt.zip,GCF_025146415.1_ASM2514641v1_genomic,fc9d6617c5819e3400afd74acbdba136,0.42683369644153957,177000,114,284055000,/nfs3_ib/nfs-ip34/home/def-ilafores/analysis/MethodsComparison/Feces_RA/preproc/SRR5091569/SRR5091569_unmatched_2.fastq,SRR5091569,8f9de168,385887000,31,DNA,1000,385887,True,0.8482848151906716,0.972910434430892,0.9105976248107818,0.972910434430892,False,297,2058646,4677145
266000,0.0006893209670188423,0.06750572082379863,0.00045868350061028227,7.11972795369825e-05,1.88135593220339,1.0,3.2035542360585625,/net/nfs-ip34/jbod2/def-ilafores/ref_dbs/sourmash_db/RefSeq_20250528.k31.sbt.zip,GCF_025152405.1_ASM2515240v1_genomic,f688e4f928dd46c9b090e97a39a1952a,0.10144927536231885,177000,115,283878000,/nfs3_ib/nfs-ip34/home/def-ilafores/analysis/MethodsComparison/Feces_RA/preproc/SRR5091569/SRR5091569_unmatched_2.fastq,SRR5091569,8f9de168,385887000,31,DNA,1000,385887,True,0.7907033820701325,0.9288455707726909,0.8597744764214117,0.9288455707726909,False,333,2058979,4677145
1129000,0.002925726961519823,0.05939562348037513,0.00044313490736925577,0.00010219909795398688,2.7953216374269005,1.0,6.378800899851098,/net/nfs-ip34/jbod2/def-ilafores/ref_dbs/sourmash_db/RefSeq_20250528.k31.sbt.zip,GCF_024168045.1_ASM2416804v1_genomic,1689b6c3fb62fec0dd444e73a686577b,0.3921500521014241,171000,116,283707000,/nfs3_ib/nfs-ip34/home/def-ilafores/analysis/MethodsComparison/Feces_RA/preproc/SRR5091569/SRR5091569_unmatched_2.fastq,SRR5091569,8f9de168,385887000,31,DNA,1000,385887,True,0.828448672280245,0.9702542579753879,0.8993514651278165,0.9702542579753879,False,478,2059457,4677145
665000,0.0017233024175471057,0.035105727776637244,0.00044313490736925577,5.2596188486779864e-05,1.4385964912280702,1.0,0.9051679536501355,/net/nfs-ip34/jbod2/def-ilafores/ref_dbs/sourmash_db/RefSeq_20250528.k31.sbt.zip,GCF_018289295.1_ASM1828929v1_genomic,efcaf620d43a1e990655112ba5460db1,0.1365222746869226,171000,117,283536000,/nfs3_ib/nfs-ip34/home/def-ilafores/analysis/MethodsComparison/Feces_RA/preproc/SRR5091569/SRR5091569_unmatched_2.fastq,SRR5091569,8f9de168,385887000,31,DNA,1000,385887,True,0.8144236392210787,0.9377851238563519,0.8761043815387153,0.9377851238563519,False,246,2059703,4677145
2060000,0.0053383503460857715,0.05697513812154696,0.00042758631412822927,0.00016912026460586533,4.793939393939394,3.0,5.0530482485711055,/net/nfs-ip34/jbod2/def-ilafores/ref_dbs/sourmash_db/RefSeq_20250528.k31.sbt.zip,GCF_036632915.2_ASM3663291v2_genomic,1be8a5fa3d48a02ef6804d87b6dc2cbb,0.7113259668508287,165000,118,283371000,/nfs3_ib/nfs-ip34/home/def-ilafores/analysis/MethodsComparison/Feces_RA/preproc/SRR5091569/SRR5091569_unmatched_2.fastq,SRR5091569,8f9de168,385887000,31,DNA,1000,385887,True,0.8446767703614627,0.9890722595034838,0.9168745149324733,0.9890722595034838,False,791,2060494,4677145
1622000,0.004203303039490835,0.05096935584740463,0.00042240344971455375,0.00015671953723906358,4.4969325153374236,3.0,6.258612944519805,/net/nfs-ip34/jbod2/def-ilafores/ref_dbs/sourmash_db/RefSeq_20250528.k31.sbt.zip,GCF_000209935.1_ASM20993v1_genomic,dcbd1d093e4e25fa785bf2accc52d95b,0.5071919949968731,163000,119,283208000,/nfs3_ib/nfs-ip34/home/def-ilafores/analysis/MethodsComparison/Feces_RA/preproc/SRR5091569/SRR5091569_unmatched_2.fastq,SRR5091569,8f9de168,385887000,31,DNA,1000,385887,True,0.8381883794765697,0.9783391477532222,0.9082637636148959,0.9783391477532222,False,733,2061227,4677145
582000,0.0015082135443795722,0.07375171781951442,0.00041722058530087823,5.729991266039432e-05,1.6645962732919255,1.0,1.0860155643216374,/net/nfs-ip34/jbod2/def-ilafores/ref_dbs/sourmash_db/RefSeq_20250528.k31.sbt.zip,GCF_031192325.1_ASM3119232v1_genomic,2e4b8a009d02946ba3d76092a8fad643,0.26660558863948697,161000,120,283047000,/nfs3_ib/nfs-ip34/home/def-ilafores/analysis/MethodsComparison/Feces_RA/preproc/SRR5091569/SRR5091569_unmatched_2.fastq,SRR5091569,8f9de168,385887000,31,DNA,1000,385887,True,0.8109287020842343,0.958251820910022,0.8845902614971282,0.958251820910022,False,268,2061495,4677145
1854000,0.004804515311477194,0.05701133144475921,0.00041722058530087823,0.0002300548732185981,6.683229813664596,5.0,5.681420477013355,/net/nfs-ip34/jbod2/def-ilafores/ref_dbs/sourmash_db/RefSeq_20250528.k31.sbt.zip,GCF_024167885.1_ASM2416788v1_genomic,ce4fdc293b1b11e3766ab11638f10cc6,0.6565155807365439,161000,121,282886000,/nfs3_ib/nfs-ip34/home/def-ilafores/analysis/MethodsComparison/Feces_RA/preproc/SRR5091569/SRR5091569_unmatched_2.fastq,SRR5091569,8f9de168,385887000,31,DNA,1000,385887,True,0.84181081824951,0.9865172386530955,0.9141640284513027,0.9865172386530955,False,1076,2062571,4677145
166000,0.000430177746335067,0.05480868665977249,0.0004120377208872027,3.912643289870209e-05,1.150943396226415,1.0,0.47831832306494454,/net/nfs-ip34/jbod2/def-ilafores/ref_dbs/sourmash_db/RefSeq_20250528.k31.sbt.zip,GCF_025144995.1_ASM2514499v1_genomic,80a0c7df05d28f92f6b93af8a523bc03,0.05722164770768701,159000,122,282727000,/nfs3_ib/nfs-ip34/home/def-ilafores/analysis/MethodsComparison/Feces_RA/preproc/SRR5091569/SRR5091569_unmatched_2.fastq,SRR5091569,8f9de168,385887000,31,DNA,1000,385887,True,0.7787678211233493,0.9118455897138136,0.8453067054185814,0.9118455897138136,False,183,2062754,4677145
3115000,0.008072311324299601,0.030052013099595452,0.00040426342426668946,7.034205695996169e-05,2.108974358974359,1.0,1.5130785308000965,/net/nfs-ip34/jbod2/def-ilafores/ref_dbs/sourmash_db/RefSeq_20250528.k31.sbt.zip,GCF_018289175.1_ASM1828917v1_genomic,c011021d83e072fd7dafbdfb08120209,0.6000770564438451,156000,123,282571000,/nfs3_ib/nfs-ip34/home/def-ilafores/analysis/MethodsComparison/Feces_RA/preproc/SRR5091569/SRR5091569_unmatched_2.fastq,SRR5091569,8f9de168,385887000,31,DNA,1000,385887,True,0.8560197865250746,0.9836608525576754,0.919840319541375,0.9836608525576754,False,329,2063083,4677145
457000,0.0011842845185248531,0.031313131313131314,0.00040167199205985173,4.682343609188939e-05,1.4129032258064516,1.0,1.1117385209759767,/net/nfs-ip34/jbod2/def-ilafores/ref_dbs/sourmash_db/RefSeq_20250528.k31.sbt.zip,GCF_032452855.1_ASM3245285v1_genomic,d3b7db64a3ee051cbbe16b797861660f,0.09232323232323232,155000,124,282416000,/nfs3_ib/nfs-ip34/home/def-ilafores/analysis/MethodsComparison/Feces_RA/preproc/SRR5091569/SRR5091569_unmatched_2.fastq,SRR5091569,8f9de168,385887000,31,DNA,1000,385887,True,0.8046283985954849,0.9260254775899979,0.8653269380927413,0.9260254775899979,False,219,2063302,4677145
1755000,0.004547963523000256,0.04424778761061947,0.00038871483102566296,0.0064526543436220175,201.2,169.5,180.97476803871493,/net/nfs-ip34/jbod2/def-ilafores/ref_dbs/sourmash_db/RefSeq_20250528.k31.sbt.zip,GCF_020735445.1_ASM2073544v1_genomic,914c0a88ebdaaccdb90ec78fe93e1fa1,0.5176991150442478,150000,125,282266000,/nfs3_ib/nfs-ip34/home/def-ilafores/analysis/MethodsComparison/Feces_RA/preproc/SRR5091569/SRR5091569_unmatched_2.fastq,SRR5091569,8f9de168,385887000,31,DNA,1000,385887,True,0.8403219517936359,0.978986473014416,0.9096542124040259,0.978986473014416,False,30180,2093482,4677145
2414000,0.006255717347306336,0.03743718592964824,0.0003861233988188252,9.471590040505479e-05,2.9731543624161074,2.0,3.7415610795151686,/net/nfs-ip34/jbod2/def-ilafores/ref_dbs/sourmash_db/RefSeq_20250528.k31.sbt.zip,GCF_000209995.1_ASM20999v1_genomic,300ebb94b057c743776c0c6aab2d0089,0.606532663316583,149000,126,282117000,/nfs3_ib/nfs-ip34/home/def-ilafores/analysis/MethodsComparison/Feces_RA/preproc/SRR5091569/SRR5091569_unmatched_2.fastq,SRR5091569,8f9de168,385887000,31,DNA,1000,385887,True,0.8490087478939674,0.9840004489328154,0.9165045984133914,0.9840004489328154,False,443,2093925,4677145
207000,0.0005364264668154149,0.051432516396272006,0.0003861233988188252,5.152716026550385e-05,1.6174496644295302,1.0,3.2390182360357853,/net/nfs-ip34/jbod2/def-ilafores/ref_dbs/sourmash_db/RefSeq_20250528.k31.sbt.zip,GCF_042853905.1_ASM4285390v1_genomic,1e694dab0a72999dda66e4cd13428d21,0.07145322747670003,149000,127,281968000,/nfs3_ib/nfs-ip34/home/def-ilafores/analysis/MethodsComparison/Feces_RA/preproc/SRR5091569/SRR5091569_unmatched_2.fastq,SRR5091569,8f9de168,385887000,31,DNA,1000,385887,True,0.7843327129613414,0.9184023004887588,0.8513675067250501,0.9184023004887588,False,241,2094166,4677145
1425000,0.003692790894743798,0.051597051597051594,0.0003809405344051497,0.00012379346802376235,3.938775510204082,2.0,4.893734005259193,/net/nfs-ip34/jbod2/def-ilafores/ref_dbs/sourmash_db/RefSeq_20250528.k31.sbt.zip,GCF_951792925.1_DSM32379_genomic,6f632cf2c32182bcb83ab7f61da6abb4,0.5001755001755002,147000,128,281821000,/nfs3_ib/nfs-ip34/home/def-ilafores/analysis/MethodsComparison/Feces_RA/preproc/SRR5091569/SRR5091569_unmatched_2.fastq,SRR5091569,8f9de168,385887000,31,DNA,1000,385887,True,0.8346945377711514,0.9778996066882568,0.9062970722297041,0.9778996066882568,False,579,2094745,4677145
1603000,0.004154065827560918,0.05137227304714989,0.0003783491021983119,5.858274652592554e-05,1.8767123287671232,1.0,1.70370430805937,/net/nfs-ip34/jbod2/def-ilafores/ref_dbs/sourmash_db/RefSeq_20250528.k31.sbt.zip,GCF_025150085.1_ASM2515008v1_genomic,2e1846f271e5a6c1736e89d400b10289,0.5640394088669951,146000,129,281675000,/nfs3_ib/nfs-ip34/home/def-ilafores/analysis/MethodsComparison/Feces_RA/preproc/SRR5091569/SRR5091569_unmatched_2.fastq,SRR5091569,8f9de168,385887000,31,DNA,1000,385887,True,0.8378698450996426,0.9816975884647025,0.9097837167821725,0.9816975884647025,False,274,2095019,4677145
535000,0.001386416230658198,0.03519720419370943,0.00036539194116412316,0.006283961690304663,208.4468085106383,174.0,194.10885392136407,/net/nfs-ip34/jbod2/def-ilafores/ref_dbs/sourmash_db/RefSeq_20250528.k31.sbt.zip,GCF_019249725.2_ASM1924972v2_genomic,b52efe698d9af7f8373fa734735ff63d,0.13354967548676985,141000,130,281534000,/nfs3_ib/nfs-ip34/home/def-ilafores/analysis/MethodsComparison/Feces_RA/preproc/SRR5091569/SRR5091569_unmatched_2.fastq,SRR5091569,8f9de168,385887000,31,DNA,1000,385887,True,0.8087290070947534,0.9371194034637833,0.8729242052792683,0.9371194034637833,False,29391,2124410,4677145
1293000,0.0033507218434412145,0.03571428571428571,0.00032911189026839464,4.040926676423331e-05,1.4881889763779528,1.0,0.8405673162256705,/net/nfs-ip34/jbod2/def-ilafores/ref_dbs/sourmash_db/RefSeq_20250528.k31.sbt.zip,GCF_045070525.1_ASM4507052v1_genomic,214150bf2398bbfa49ab399581721b68,0.3636107986501687,127000,131,281407000,/nfs3_ib/nfs-ip34/home/def-ilafores/analysis/MethodsComparison/Feces_RA/preproc/SRR5091569/SRR5091569_unmatched_2.fastq,SRR5091569,8f9de168,385887000,31,DNA,1000,385887,True,0.8320812850640674,0.9678922059316428,0.8999867454978552,0.9678922059316428,False,189,2124599,4677145
565000,0.0014641591968633304,0.0332707271263751,0.0003213375936478814,4.489918529359257e-05,1.6935483870967742,1.0,1.2962565167960038,/net/nfs-ip34/jbod2/def-ilafores/ref_dbs/sourmash_db/RefSeq_20250528.k31.sbt.zip,GCF_033096465.1_ASM3309646v1_genomic,2c68bd9dadc6532293ac0421ad590fc2,0.15159645827743493,124000,132,281283000,/nfs3_ib/nfs-ip34/home/def-ilafores/analysis/MethodsComparison/Feces_RA/preproc/SRR5091569/SRR5091569_unmatched_2.fastq,SRR5091569,8f9de168,385887000,31,DNA,1000,385887,True,0.8101535968962983,0.9409588140284957,0.875556205462397,0.9409588140284957,False,210,2124809,4677145
1951000,0.005055884235540456,0.017345083228423555,0.0003213375936478814,5.751371830464952e-05,2.1693548387096775,1.0,3.6626312025239995,/net/nfs-ip34/jbod2/def-ilafores/ref_dbs/sourmash_db/RefSeq_20250528.k31.sbt.zip,GCF_918258265.1_BOVAC1_genomic,d7ca7470d77ebe0344d62e56d1ab47e0,0.272905301440761,124000,133,281159000,/nfs3_ib/nfs-ip34/home/def-ilafores/analysis/MethodsComparison/Feces_RA/preproc/SRR5091569/SRR5091569_unmatched_2.fastq,SRR5091569,8f9de168,385887000,31,DNA,1000,385887,True,0.8431967800210483,0.9589740115114148,0.9010853957662315,0.9589740115114148,False,269,2125078,4677145
2646000,0.006856929619292695,0.018541033434650456,0.00031615472923420587,0.00014645686631481385,5.614754098360656,1.0,31.885411310624942,/net/nfs-ip34/jbod2/def-ilafores/ref_dbs/sourmash_db/RefSeq_20250528.k31.sbt.zip,GCF_024759205.1_ASM2475920v1_genomic,eafc51ad0e556595cd5127eef166c516,0.4021276595744681,122000,134,281037000,/nfs3_ib/nfs-ip34/home/def-ilafores/analysis/MethodsComparison/Feces_RA/preproc/SRR5091569/SRR5091569_unmatched_2.fastq,SRR5091569,8f9de168,385887000,31,DNA,1000,385887,True,0.85152564510676,0.971040953627149,0.9112832993669545,0.971040953627149,False,685,2125763,4677145
1873000,0.004853752523407111,0.04241316270566728,0.00030060613599317937,0.00016890645896161012,6.810344827586207,3.0,10.30560091532374,/net/nfs-ip34/jbod2/def-ilafores/ref_dbs/sourmash_db/RefSeq_20250528.k31.sbt.zip,GCF_902388275.1_UHGG_MGYG-HGUT-02545_genomic,35aa97e0127f24ba3813815f3d766914,0.6848263254113346,116000,135,280921000,/nfs3_ib/nfs-ip34/home/def-ilafores/analysis/MethodsComparison/Feces_RA/preproc/SRR5091569/SRR5091569_unmatched_2.fastq,SRR5091569,8f9de168,385887000,31,DNA,1000,385887,True,0.8420877368939923,0.9878616898683785,0.9149747133811854,0.9878616898683785,False,790,2126553,4677145
1779000,0.004610157895964363,0.029131219386439804,0.0002928318393726661,0.0043267848227925365,179.08849557522123,112.0,190.11121838117253,/net/nfs-ip34/jbod2/def-ilafores/ref_dbs/sourmash_db/RefSeq_20250528.k31.sbt.zip,GCF_032451715.1_ASM3245171v1_genomic,f1795b36006e7a505f203c85c8c93bd2,0.4586233565351895,113000,136,280808000,/nfs3_ib/nfs-ip34/home/def-ilafores/analysis/MethodsComparison/Feces_RA/preproc/SRR5091569/SRR5091569_unmatched_2.fastq,SRR5091569,8f9de168,385887000,31,DNA,1000,385887,True,0.8406902168651617,0.9751675278117692,0.9079288723384654,0.9751675278117692,False,20237,2146790,4677145
180000,0.0004664577972307955,0.03311649911295092,0.00029024040716582833,8.167375610548743e-05,3.4107142857142856,2.0,3.621743787352232,/net/nfs-ip34/jbod2/def-ilafores/ref_dbs/sourmash_db/RefSeq_20250528.k31.sbt.zip,GCF_001454945.1_ASM145494v1_genomic,380e5279419db353c2f7e8db083c21b8,0.05322294500295683,112000,137,280696000,/nfs3_ib/nfs-ip34/home/def-ilafores/analysis/MethodsComparison/Feces_RA/preproc/SRR5091569/SRR5091569_unmatched_2.fastq,SRR5091569,8f9de168,385887000,31,DNA,1000,385887,True,0.7808045475888175,0.9097172213770545,0.8452608844829359,0.9097172213770545,False,382,2147172,4677145
1931000,0.0050040555914037015,0.038607376766632194,0.00029024040716582833,0.00015458148079651153,6.455357142857143,6.0,3.494609095391334,/net/nfs-ip34/jbod2/def-ilafores/ref_dbs/sourmash_db/RefSeq_20250528.k31.sbt.zip,GCF_016724805.1_ASM1672480v1_genomic,0c7a915bb87532c0191a33782636f5c1,0.6656325405032747,112000,138,280584000,/nfs3_ib/nfs-ip34/home/def-ilafores/analysis/MethodsComparison/Feces_RA/preproc/SRR5091569/SRR5091569_unmatched_2.fastq,SRR5091569,8f9de168,385887000,31,DNA,1000,385887,True,0.8429165572824949,0.9869562203354751,0.914936388808985,0.9869562203354751,False,723,2147895,4677145
1725000,0.004470220556795124,0.03695073235685752,0.0002876489749589906,0.0001511605904884283,6.36936936936937,3.0,9.523728477167413,/net/nfs-ip34/jbod2/def-ilafores/ref_dbs/sourmash_db/RefSeq_20250528.k31.sbt.zip,GCF_023347355.1_ASM2334735v1_genomic,0b1b8956f9826b69686f1f8520bdfb5e,0.5742343541944075,111000,139,280473000,/nfs3_ib/nfs-ip34/home/def-ilafores/analysis/MethodsComparison/Feces_RA/preproc/SRR5091569/SRR5091569_unmatched_2.fastq,SRR5091569,8f9de168,385887000,31,DNA,1000,385887,True,0.839854705342808,0.982265030233014,0.911059867787911,0.982265030233014,False,707,2148602,4677145
841000,0.0021793944859505505,0.03571428571428571,0.0002850575427521528,3.805740467742608e-05,1.6181818181818182,1.0,1.9305289815903646,/net/nfs-ip34/jbod2/def-ilafores/ref_dbs/sourmash_db/RefSeq_20250528.k31.sbt.zip,GCF_025150245.1_ASM2515024v1_genomic,1a61bc75384814965146b3c8fd1a27a5,0.27305194805194805,110000,140,280363000,/nfs3_ib/nfs-ip34/home/def-ilafores/analysis/MethodsComparison/Feces_RA/preproc/SRR5091569/SRR5091569_unmatched_2.fastq,SRR5091569,8f9de168,385887000,31,DNA,1000,385887,True,0.8206157839611639,0.9589906300300116,0.8898032069955877,0.9589906300300116,False,178,2148780,4677145
1808000,0.004685309429962658,0.03708838821490468,0.00027728324613163956,0.00018814896694457838,8.22429906542056,7.0,5.709982096007666,/net/nfs-ip34/jbod2/def-ilafores/ref_dbs/sourmash_db/RefSeq_20250528.k31.sbt.zip,GCF_002586945.1_ASM258694v1_genomic,37548ff8695f19adfb807e1221069651,0.6266897746967071,107000,141,280256000,/nfs3_ib/nfs-ip34/home/def-ilafores/analysis/MethodsComparison/Feces_RA/preproc/SRR5091569/SRR5091569_unmatched_2.fastq,SRR5091569,8f9de168,385887000,31,DNA,1000,385887,True,0.8411288421364771,0.9850387377652485,0.9130837899508628,0.9850387377652485,False,880,2149660,4677145
1855000,0.004807106743684032,0.023477297895902548,0.00027469181392480183,7.97495053071906e-05,3.518867924528302,1.0,15.93988182768835,/net/nfs-ip34/jbod2/def-ilafores/ref_dbs/sourmash_db/RefSeq_20250528.k31.sbt.zip,GCF_004328515.1_ASM432851v1_genomic,a5fd52ab16a56bc3d037173d70801227,0.4108527131782946,106000,142,280150000,/nfs3_ib/nfs-ip34/home/def-ilafores/analysis/MethodsComparison/Feces_RA/preproc/SRR5091569/SRR5091569_unmatched_2.fastq,SRR5091569,8f9de168,385887000,31,DNA,1000,385887,True,0.8418254612392755,0.9717135599308142,0.9067695105850448,0.9717135599308142,False,373,2150033,4677145
2179000,0.005646730778699464,0.022226881945900608,0.00027469181392480183,3.5919348234874055e-05,1.5849056603773586,1.0,1.139909997508922,/net/nfs-ip34/jbod2/def-ilafores/ref_dbs/sourmash_db/RefSeq_20250528.k31.sbt.zip,GCF_018289315.1_ASM1828931v1_genomic,b8882c82de7b01fc8d6d7c5d0f9c6851,0.45690920528412665,106000,143,280044000,/nfs3_ib/nfs-ip34/home/def-ilafores/analysis/MethodsComparison/Feces_RA/preproc/SRR5091569/SRR5091569_unmatched_2.fastq,SRR5091569,8f9de168,385887000,31,DNA,1000,385887,True,0.8462083866219757,0.9750497408673149,0.9106290637446453,0.9750497408673149,False,168,2150201,4677145
453000,0.0011739187896975022,0.041901692183722805,0.0002695089495111263,3.5277931302108444e-05,1.5865384615384615,1.0,0.8837265601621886,/net/nfs-ip34/jbod2/def-ilafores/ref_dbs/sourmash_db/RefSeq_20250528.k31.sbt.zip,GCF_042851345.1_ASM4285134v1_genomic,f81cc3ef25c95cbc9b1785d595b1acfe,0.18251410153102338,104000,144,279940000,/nfs3_ib/nfs-ip34/home/def-ilafores/analysis/MethodsComparison/Feces_RA/preproc/SRR5091569/SRR5091569_unmatched_2.fastq,SRR5091569,8f9de168,385887000,31,DNA,1000,385887,True,0.8044002470183402,0.9466094864002936,0.8755048667093169,0.9466094864002936,False,165,2150366,4677145
3295000,0.008538769121530397,0.020787083753784057,0.0002669175173042886,4.190590627401973e-05,1.9029126213592233,1.0,1.258096598285442,/net/nfs-ip34/jbod2/def-ilafores/ref_dbs/sourmash_db/RefSeq_20250528.k31.sbt.zip,GCF_014770655.1_ASM1477065v1_genomic,6d6448c7239aaf3d073586c669a5da2d,0.6649848637739657,103000,145,279837000,/nfs3_ib/nfs-ip34/home/def-ilafores/analysis/MethodsComparison/Feces_RA/preproc/SRR5091569/SRR5091569_unmatched_2.fastq,SRR5091569,8f9de168,385887000,31,DNA,1000,385887,True,0.8575724392840206,0.9869252272724591,0.9222488332782399,0.9869252272724591,False,196,2150562,4677145
322000,0.0008344411706017565,0.026652730598379932,0.0002643260850974508,9.193642702973716e-05,4.215686274509804,3.0,5.574148050582403,/net/nfs-ip34/jbod2/def-ilafores/ref_dbs/sourmash_db/RefSeq_20250528.k31.sbt.zip,GCF_020736365.1_ASM2073636v1_genomic,31dce30d78c030ed012824aeb71a6951,0.08413901228116018,102000,146,279735000,/nfs3_ib/nfs-ip34/home/def-ilafores/analysis/MethodsComparison/Feces_RA/preproc/SRR5091569/SRR5091569_unmatched_2.fastq,SRR5091569,8f9de168,385887000,31,DNA,1000,385887,True,0.7955915917879683,0.9232567618735749,0.8594241768307715,0.9232567618735749,False,430,2150992,4677145
279000,0.0007230095857077331,0.017640364188163886,0.00024100319523591104,2.4801454733603513e-05,1.2473118279569892,1.0,0.5216993320734711,/net/nfs-ip34/jbod2/def-ilafores/ref_dbs/sourmash_db/RefSeq_20250528.k31.sbt.zip,GCF_015099135.1_ASM1509913v1_genomic,852fc594d93510aa6eeb6204591a9c13,0.05292109256449165,93000,147,279642000,/nfs3_ib/nfs-ip34/home/def-ilafores/analysis/MethodsComparison/Feces_RA/preproc/SRR5091569/SRR5091569_unmatched_2.fastq,SRR5091569,8f9de168,385887000,31,DNA,1000,385887,True,0.7919213768137672,0.9095503295250454,0.8507358531694063,0.9095503295250454,False,116,2151108,4677145
1590000,0.004120377208872027,0.02802893309222423,0.00024100319523591104,9.578492862633081e-05,4.817204301075269,3.0,8.430546400689286,/net/nfs-ip34/jbod2/def-ilafores/ref_dbs/sourmash_db/RefSeq_20250528.k31.sbt.zip,GCF_000020605.1_ASM2060v1_genomic,c7f0f63b1e20051e05be14074e3f6057,0.47920433996383366,93000,148,279549000,/nfs3_ib/nfs-ip34/home/def-ilafores/analysis/MethodsComparison/Feces_RA/preproc/SRR5091569/SRR5091569_unmatched_2.fastq,SRR5091569,8f9de168,385887000,31,DNA,1000,385887,True,0.8376497883680318,0.9765493999618792,0.9070995941649556,0.9765493999618792,False,448,2151556,4677145
1828000,0.0047371380740994125,0.017454954954954954,0.00024100319523591104,3.6988376456150065e-05,1.8602150537634408,1.0,2.8833649616618042,/net/nfs-ip34/jbod2/def-ilafores/ref_dbs/sourmash_db/RefSeq_20250528.k31.sbt.zip,GCF_030875795.1_ASM3087579v1_genomic,8fa656a91271df1507c7ca1413cd3acd,0.3430930930930931,93000,149,279456000,/nfs3_ib/nfs-ip34/home/def-ilafores/analysis/MethodsComparison/Feces_RA/preproc/SRR5091569/SRR5091569_unmatched_2.fastq,SRR5091569,8f9de168,385887000,31,DNA,1000,385887,True,0.8414273930408732,0.9660804408494369,0.9037539169451551,0.9660804408494369,False,173,2151729,4677145
825000,0.0021379315706411463,0.020454034614520118,0.00023582033082223552,3.228465228253561e-05,1.6593406593406594,1.0,1.2685526945682108,/net/nfs-ip34/jbod2/def-ilafores/ref_dbs/sourmash_db/RefSeq_20250528.k31.sbt.zip,GCF_963360665.1_BFTSDC17_v2_genomic,f0ce3f7b0d131daf996251931d5e8c91,0.18543492919757248,91000,150,279365000,/nfs3_ib/nfs-ip34/home/def-ilafores/analysis/MethodsComparison/Feces_RA/preproc/SRR5091569/SRR5091569_unmatched_2.fastq,SRR5091569,8f9de168,385887000,31,DNA,1000,385887,True,0.8201074700866461,0.9470944149610817,0.8836009425238639,0.9470944149610817,False,151,2151880,4677145
87000,0.0002254546019948845,0.0296995108315863,0.00022027173758120902,2.2663398291051486e-05,1.2470588235294118,1.0,0.7179362965831696,/net/nfs-ip34/jbod2/def-ilafores/ref_dbs/sourmash_db/RefSeq_20250528.k31.sbt.zip,GCF_016865385.1_ASM1686538v1_genomic,290112e27a9899f2f1b4e84c17e76c61,0.03039832285115304,85000,151,279280000,/nfs3_ib/nfs-ip34/home/def-ilafores/analysis/MethodsComparison/Feces_RA/preproc/SRR5091569/SRR5091569_unmatched_2.fastq,SRR5091569,8f9de168,385887000,31,DNA,1000,385887,True,0.7627052666671302,0.8934282183556924,0.8280667425114113,0.8934282183556924,False,106,2151986,4677145
86000,0.00022286316978804675,0.03495630461922597,0.00021768030537437126,2.2449592646796284e-05,1.25,1.0,0.5536674263920708,/net/nfs-ip34/jbod2/def-ilafores/ref_dbs/sourmash_db/RefSeq_20250528.k31.sbt.zip,GCF_007833235.1_ASM783323v1_genomic,403495d9e5531dc8eae42b8fc9dfec86,0.0357885975863504,84000,152,279196000,/nfs3_ib/nfs-ip34/home/def-ilafores/analysis/MethodsComparison/Feces_RA/preproc/SRR5091569/SRR5091569_unmatched_2.fastq,SRR5091569,8f9de168,385887000,31,DNA,1000,385887,True,0.7624208842096274,0.8981453021171165,0.830283093163372,0.8981453021171165,False,105,2152091,4677145
352000,0.0009121841368068891,0.04332129963898917,0.00021768030537437126,2.37324265123275e-05,1.3214285714285714,1.0,0.6392092266027998,/net/nfs-ip34/jbod2/def-ilafores/ref_dbs/sourmash_db/RefSeq_20250528.k31.sbt.zip,GCF_014931295.1_ASM1493129v1_genomic,6efc5a85cf36f959d48a31cf34e6abe4,0.1815368746776689,84000,153,279112000,/nfs3_ib/nfs-ip34/home/def-ilafores/analysis/MethodsComparison/Feces_RA/preproc/SRR5091569/SRR5091569_unmatched_2.fastq,SRR5091569,8f9de168,385887000,31,DNA,1000,385887,True,0.7978810410615466,0.9464455649512665,0.8721633030064065,0.9464455649512665,False,111,2152202,4677145
536000,0.0013890076628650357,0.034917963819941104,0.0002150888731675335,2.693951117615554e-05,1.5180722891566265,1.0,0.797004116074276,/net/nfs-ip34/jbod2/def-ilafores/ref_dbs/sourmash_db/RefSeq_20250528.k31.sbt.zip,GCF_002073815.2_ASM207381v2_genomic,972131dd36ed5aca3d19d2f438971d9f,0.22549432057214977,83000,154,279029000,/nfs3_ib/nfs-ip34/home/def-ilafores/analysis/MethodsComparison/Feces_RA/preproc/SRR5091569/SRR5091569_unmatched_2.fastq,SRR5091569,8f9de168,385887000,31,DNA,1000,385887,True,0.808777725723782,0.9530888891910109,0.8809333074573964,0.9530888891910109,False,126,2152328,4677145
2019000,0.005232101625605424,0.029153494906919566,0.0002150888731675335,0.00013149047121694966,7.409638554216867,2.0,29.980731219362713,/net/nfs-ip34/jbod2/def-ilafores/ref_dbs/sourmash_db/RefSeq_20250528.k31.sbt.zip,GCF_042854225.1_ASM4285422v1_genomic,387027c4a6ea2f36548bc8ed31ebb8dc,0.7091675447839831,83000,155,278946000,/nfs3_ib/nfs-ip34/home/def-ilafores/analysis/MethodsComparison/Feces_RA/preproc/SRR5091569/SRR5091569_unmatched_2.fastq,SRR5091569,8f9de168,385887000,31,DNA,1000,385887,True,0.8441291711461474,0.9889753039949892,0.9165522375705684,0.9889753039949892,False,615,2152943,4677145
144000,0.00037316623778463646,0.029485796476087737,0.00021249744096069574,4.682343609188939e-05,2.6707317073170733,2.0,3.1431492598160924,/net/nfs-ip34/jbod2/def-ilafores/ref_dbs/sourmash_db/RefSeq_20250528.k31.sbt.zip,GCF_014334055.1_ASM1433405v1_genomic,7d82c091b7553167242da89b74e9d599,0.05177993527508091,82000,156,278864000,/nfs3_ib/nfs-ip34/home/def-ilafores/analysis/MethodsComparison/Feces_RA/preproc/SRR5091569/SRR5091569_unmatched_2.fastq,SRR5091569,8f9de168,385887000,31,DNA,1000,385887,True,0.7752043564030439,0.9089109567946106,0.8420576565988273,0.9089109567946106,False,219,2153162,4677145
3160000,0.0081889257736073,0.012012480499219968,0.00019954027992650697,0.00031194243496834075,18.948051948051948,2.0,77.22776166334079,/net/nfs-ip34/jbod2/def-ilafores/ref_dbs/sourmash_db/RefSeq_20250528.k31.sbt.zip,GCF_024758345.1_ASM2475834v1_genomic,183a75b530ce328e418f91cd67bce618,0.49297971918876754,77000,157,278787000,/nfs3_ib/nfs-ip34/home/def-ilafores/analysis/MethodsComparison/Feces_RA/preproc/SRR5091569/SRR5091569_unmatched_2.fastq,SRR5091569,8f9de168,385887000,31,DNA,1000,385887,True,0.8564159357458387,0.9774425927156101,0.9169292642307244,0.9774425927156101,False,1459,2154621,4677145
407000,0.0010547129081829654,0.019936204146730464,0.00019435741551283148,5.045813204422784e-05,3.1466666666666665,2.0,3.897668818950916,/net/nfs-ip34/jbod2/def-ilafores/ref_dbs/sourmash_db/RefSeq_20250528.k31.sbt.zip,GCF_042850355.1_ASM4285035v1_genomic,9019208c507d0a756fcff8594e0aec73,0.10818713450292397,75000,158,278712000,/nfs3_ib/nfs-ip34/home/def-ilafores/analysis/MethodsComparison/Feces_RA/preproc/SRR5091569/SRR5091569_unmatched_2.fastq,SRR5091569,8f9de168,385887000,31,DNA,1000,385887,True,0.801626513595479,0.9307742817434542,0.8662003976694665,0.9307742817434542,False,236,2154857,4677145
3084000,0.00799197692588763,0.014372908052766293,0.00018917455109915596,2.6511899887645135e-05,1.6986301369863013,1.0,1.593522259640095,/net/nfs-ip34/jbod2/def-ilafores/ref_dbs/sourmash_db/RefSeq_20250528.k31.sbt.zip,GCF_013402855.1_ASM1340285v1_genomic,567baa740c2e0f75c5175fbe23452d1c,0.607206142941524,73000,159,278639000,/nfs3_ib/nfs-ip34/home/def-ilafores/analysis/MethodsComparison/Feces_RA/preproc/SRR5091569/SRR5091569_unmatched_2.fastq,SRR5091569,8f9de168,385887000,31,DNA,1000,385887,True,0.8557436488109272,0.9840356755257045,0.9198896621683159,0.9840356755257045,False,124,2154981,4677145
1855000,0.004807106743684032,0.024260551678298437,0.00018917455109915596,0.00010027484715569006,6.424657534246576,5.0,5.311960678749441,/net/nfs-ip34/jbod2/def-ilafores/ref_dbs/sourmash_db/RefSeq_20250528.k31.sbt.zip,GCF_023347315.1_ASM2334731v1_genomic,0d91a03431f1ffb73e1088f604cc6227,0.6164838816882685,73000,160,278566000,/nfs3_ib/nfs-ip34/home/def-ilafores/analysis/MethodsComparison/Feces_RA/preproc/SRR5091569/SRR5091569_unmatched_2.fastq,SRR5091569,8f9de168,385887000,31,DNA,1000,385887,True,0.8418254612392755,0.9845171401799749,0.9131713007096252,0.9845171401799749,False,469,2155450,4677145
160000,0.0004146291530940405,0.02197471402769416,0.00018917455109915596,3.207084663828041e-05,2.0547945205479454,1.0,1.9506964752621339,/net/nfs-ip34/jbod2/def-ilafores/ref_dbs/sourmash_db/RefSeq_20250528.k31.sbt.zip,GCF_018408705.1_ASM1840870v1_genomic,ac6ff4cab85d8673ba368b5f66dcfee5,0.048163756773028296,73000,161,278493000,/nfs3_ib/nfs-ip34/home/def-ilafores/analysis/MethodsComparison/Feces_RA/preproc/SRR5091569/SRR5091569_unmatched_2.fastq,SRR5091569,8f9de168,385887000,31,DNA,1000,385887,True,0.7778435462474416,0.9067908061439286,0.8423171761956851,0.9067908061439286,False,150,2155600,4677145
2406000,0.006234985889651634,0.018260207963479585,0.00018658311889231823,4.276112885104054e-05,2.7777777777777777,2.0,2.620550314460168,/net/nfs-ip34/jbod2/def-ilafores/ref_dbs/sourmash_db/RefSeq_20250528.k31.sbt.zip,GCF_023497585.1_ASM2349758v1_genomic,d9c5bc738094fb07e8276cf458f5e9f1,0.6101952827796094,72000,162,278421000,/nfs3_ib/nfs-ip34/home/def-ilafores/analysis/MethodsComparison/Feces_RA/preproc/SRR5091569/SRR5091569_unmatched_2.fastq,SRR5091569,8f9de168,385887000,31,DNA,1000,385887,True,0.8489178402165146,0.9841915686079065,0.9165547044122105,0.9841915686079065,False,200,2155800,4677145
82000,0.00021249744096069574,0.037894736842105266,0.00018658311889231823,1.8387285405947433e-05,1.1944444444444444,1.0,0.42943402315945295,/net/nfs-ip34/jbod2/def-ilafores/ref_dbs/sourmash_db/RefSeq_20250528.k31.sbt.zip,GCF_000479315.1_ASM47931v1_genomic,627e7a1738309afefb9072e6f568238b,0.0431578947368421,72000,163,278349000,/nfs3_ib/nfs-ip34/home/def-ilafores/analysis/MethodsComparison/Feces_RA/preproc/SRR5091569/SRR5091569_unmatched_2.fastq,SRR5091569,8f9de168,385887000,31,DNA,1000,385887,True,0.7612504087788046,0.9035863997023947,0.8324184042405997,0.9035863997023947,False,86,2155886,4677145
399000,0.0010339814505282634,0.03123585332729742,0.00017880882227180495,2.138056442552027e-05,1.4492753623188406,1.0,0.7715264727076038,/net/nfs-ip34/jbod2/def-ilafores/ref_dbs/sourmash_db/RefSeq_20250528.k31.sbt.zip,GCF_030144815.1_ASM3014481v1_genomic,ad22e5ad28a5f3a0c3ac4b2630704238,0.18062471706654595,69000,164,278280000,/nfs3_ib/nfs-ip34/home/def-ilafores/analysis/MethodsComparison/Feces_RA/preproc/SRR5091569/SRR5091569_unmatched_2.fastq,SRR5091569,8f9de168,385887000,31,DNA,1000,385887,True,0.8011133326375702,0.9462917859372428,0.8737025592874066,0.9462917859372428,False,100,2155986,4677145
1665000,0.004314734624384859,0.012139338494018296,0.00017880882227180495,2.9505178907217972e-05,2.0,1.0,2.2714357331553696,/net/nfs-ip34/jbod2/def-ilafores/ref_dbs/sourmash_db/RefSeq_20250528.k31.sbt.zip,GCF_041926935.1_ASM4192693v1_genomic,ba65eef10610b5884af04a072c51ed41,0.2929275158339198,69000,165,278211000,/nfs3_ib/nfs-ip34/home/def-ilafores/analysis/MethodsComparison/Feces_RA/preproc/SRR5091569/SRR5091569_unmatched_2.fastq,SRR5091569,8f9de168,385887000,31,DNA,1000,385887,True,0.8388961406891156,0.961166697846781,0.9000314192679483,0.961166697846781,False,138,2156124,4677145
1167000,0.0030242013853796577,0.019400855920114122,0.0001762173900649672,2.223578700254108e-05,1.5294117647058822,1.0,0.7759356446042893,/net/nfs-ip34/jbod2/def-ilafores/ref_dbs/sourmash_db/RefSeq_20250528.k31.sbt.zip,GCF_017976505.1_ASM1797650v1_genomic,59a3a82a391321bebe8354a2d7740a54,0.33295292439372326,68000,166,278143000,/nfs3_ib/nfs-ip34/home/def-ilafores/analysis/MethodsComparison/Feces_RA/preproc/SRR5091569/SRR5091569_unmatched_2.fastq,SRR5091569,8f9de168,385887000,31,DNA,1000,385887,True,0.8293338229167289,0.9651459545160537,0.8972398887163913,0.9651459545160537,False,104,2156228,4677145
736000,0.0019072941042325862,0.010853950518754988,0.0001762173900649672,2.1594370069775473e-05,1.4852941176470589,1.0,0.8992259262476734,/net/nfs-ip34/jbod2/def-ilafores/ref_dbs/sourmash_db/RefSeq_20250528.k31.sbt.zip,GCF_024760225.1_ASM2476022v1_genomic,fd37f3934b2de6fbccbd050c0134acb3,0.1174780526735834,68000,167,278075000,/nfs3_ib/nfs-ip34/home/def-ilafores/analysis/MethodsComparison/Feces_RA/preproc/SRR5091569/SRR5091569_unmatched_2.fastq,SRR5091569,8f9de168,385887000,31,DNA,1000,385887,True,0.8170930897246432,0.9332513019812787,0.875172195852961,0.9332513019812787,False,101,2156329,4677145
400000,0.0010365728827351013,0.03041307308216069,0.00017362595785812946,2.7153316820410743e-05,1.8955223880597014,1.0,1.3618942948681065,/net/nfs-ip34/jbod2/def-ilafores/ref_dbs/sourmash_db/RefSeq_20250528.k31.sbt.zip,GCF_020181355.1_ASM2018135v1_genomic,12bb79a35fe0b383414df0f2f6def9ec,0.18157058556513844,67000,168,278008000,/nfs3_ib/nfs-ip34/home/def-ilafores/analysis/MethodsComparison/Feces_RA/preproc/SRR5091569/SRR5091569_unmatched_2.fastq,SRR5091569,8f9de168,385887000,31,DNA,1000,385887,True,0.8011780220554087,0.9464512338703525,0.8738146279628806,0.9464512338703525,False,127,2156456,4677145
719000,0.0018632397567163444,0.020807453416149067,0.00017362595785812946,0.0001979840265803177,13.82089552238806,1.0,72.1765921812573,/net/nfs-ip34/jbod2/def-ilafores/ref_dbs/sourmash_db/RefSeq_20250528.k31.sbt.zip,GCF_044324945.1_ASM4432494v1_genomic,d941499676ba65c47aeee15f709cbc7a,0.2232919254658385,67000,169,277941000,/nfs3_ib/nfs-ip34/home/def-ilafores/analysis/MethodsComparison/Feces_RA/preproc/SRR5091569/SRR5091569_unmatched_2.fastq,SRR5091569,8f9de168,385887000,31,DNA,1000,385887,True,0.8164773717263313,0.9527871774992067,0.884632274612769,0.9527871774992067,False,926,2157382,4677145
434000,0.0011246815777675848,0.013546300040436717,0.00017362595785812946,1.6890645896161014e-05,1.1791044776119404,1.0,0.38343977846761573,/net/nfs-ip34/jbod2/def-ilafores/ref_dbs/sourmash_db/RefSeq_20250528.k31.sbt.zip,GCF_021228875.1_ASM2122887v1_genomic,3ccfb2d7ac4cb3d5384697d9f5f0c3c9,0.08774767488879903,67000,170,277874000,/nfs3_ib/nfs-ip34/home/def-ilafores/analysis/MethodsComparison/Feces_RA/preproc/SRR5091569/SRR5091569_unmatched_2.fastq,SRR5091569,8f9de168,385887000,31,DNA,1000,385887,True,0.8032891888078607,0.9245083252739885,0.8638987570409247,0.9245083252739885,False,79,2157461,4677145
587000,0.0015211707054137611,0.017041053446940357,0.0001710345256512917,1.6035423319140204e-05,1.1363636363636365,1.0,0.38480076058182705,/net/nfs-ip34/jbod2/def-ilafores/ref_dbs/sourmash_db/RefSeq_20250528.k31.sbt.zip,GCF_020091485.1_ASM2009148v1_genomic,0bb666bd34472dc3dae293249907c788,0.15156209656596953,66000,171,277808000,/nfs3_ib/nfs-ip34/home/def-ilafores/analysis/MethodsComparison/Feces_RA/preproc/SRR5091569/SRR5091569_unmatched_2.fastq,SRR5091569,8f9de168,385887000,31,DNA,1000,385887,True,0.811152506699442,0.9409519331753491,0.8760522199373956,0.9409519331753491,False,75,2157536,4677145
826000,0.002140523002847984,0.015246015246015246,0.0001710345256512917,1.5607812030629795e-05,1.106060606060606,1.0,0.35371568272511367,/net/nfs-ip34/jbod2/def-ilafores/ref_dbs/sourmash_db/RefSeq_20250528.k31.sbt.zip,GCF_021307345.1_ASM2130734v1_genomic,dfba4b67e6f610d874569736a21fd762,0.1908061908061908,66000,172,277742000,/nfs3_ib/nfs-ip34/home/def-ilafores/analysis/MethodsComparison/Feces_RA/preproc/SRR5091569/SRR5091569_unmatched_2.fastq,SRR5091569,8f9de168,385887000,31,DNA,1000,385887,True,0.8201395180573484,0.947967187676877,0.8840533528671127,0.947967187676877,False,73,2157609,4677145
2016000,0.0052243273289849105,0.022093813732154997,0.00016844309344445394,5.238238284252466e-05,3.769230769230769,2.0,4.907668193815848,/net/nfs-ip34/jbod2/def-ilafores/ref_dbs/sourmash_db/RefSeq_20250528.k31.sbt.zip,GCF_036815185.2_ASM3681518v1_genomic,c6ed66af62435c7dcd0b26067f44e3e0,0.6852481305234535,65000,173,277677000,/nfs3_ib/nfs-ip34/home/def-ilafores/analysis/MethodsComparison/Feces_RA/preproc/SRR5091569/SRR5091569_unmatched_2.fastq,SRR5091569,8f9de168,385887000,31,DNA,1000,385887,True,0.8440886814432252,0.9878813115598089,0.915984996501517,0.9878813115598089,False,245,2157854,4677145
2777000,0.00719640723838844,0.013038906414300735,0.0001606687968239407,2.5015260377858716e-05,1.8870967741935485,1.0,1.2585813661225425,/net/nfs-ip34/jbod2/def-ilafores/ref_dbs/sourmash_db/RefSeq_20250528.k31.sbt.zip,GCF_018292165.1_ASM1829216v1_genomic,2391c2d4efd3d75a2653a2fd1570dca9,0.5840168243953733,62000,174,277615000,/nfs3_ib/nfs-ip34/home/def-ilafores/analysis/MethodsComparison/Feces_RA/preproc/SRR5091569/SRR5091569_unmatched_2.fastq,SRR5091569,8f9de168,385887000,31,DNA,1000,385887,True,0.8528540202779424,0.9828004216756873,0.9178272209768148,0.9828004216756873,False,117,2157971,4677145
829000,0.0021482972994684973,0.011213235294117647,0.00015807736461710293,2.2663398291051486e-05,1.7377049180327868,1.0,3.1927255397141527,/net/nfs-ip34/jbod2/def-ilafores/ref_dbs/sourmash_db/RefSeq_20250528.k31.sbt.zip,GCF_031172035.1_ASM3117203v1_genomic,d37848e0abc0eaa6dbc2ce09b1d4cada,0.15238970588235295,61000,175,277554000,/nfs3_ib/nfs-ip34/home/def-ilafores/analysis/MethodsComparison/Feces_RA/preproc/SRR5091569/SRR5091569_unmatched_2.fastq,SRR5091569,8f9de168,385887000,31,DNA,1000,385887,True,0.8202354371734211,0.9411172418362443,0.8806763395048327,0.9411172418362443,False,106,2158077,4677145
342000,0.0008862698147385115,0.017028772753963594,0.00015030306799658968,4.190590627401973e-05,3.3793103448275863,2.0,2.9526585694631238,/net/nfs-ip34/jbod2/def-ilafores/ref_dbs/sourmash_db/RefSeq_20250528.k31.sbt.zip,GCF_003574015.1_ASM357401v1_genomic,1874b1c1106f4973cf5b5c4b574ac6f1,0.10041103934233706,58000,176,277496000,/nfs3_ib/nfs-ip34/home/def-ilafores/analysis/MethodsComparison/Feces_RA/preproc/SRR5091569/SRR5091569_unmatched_2.fastq,SRR5091569,8f9de168,385887000,31,DNA,1000,385887,True,0.7971396024952653,0.9285374019226915,0.8628385022089784,0.9285374019226915,False,196,2158273,4677145
2711000,0.007025372712737148,0.008949976026849929,0.00014512020358291416,2.693951117615554e-05,2.25,2.0,1.5148078614606069,/net/nfs-ip34/jbod2/def-ilafores/ref_dbs/sourmash_db/RefSeq_20250528.k31.sbt.zip,GCF_018279805.1_ASM1827980v1_genomic,5b9c0b804dcb35d49a9058ef0c729857,0.4332747322998242,56000,177,277440000,/nfs3_ib/nfs-ip34/home/def-ilafores/analysis/MethodsComparison/Feces_RA/preproc/SRR5091569/SRR5091569_unmatched_2.fastq,SRR5091569,8f9de168,385887000,31,DNA,1000,385887,True,0.8521925272127538,0.9733806063777884,0.9127865667952711,0.9733806063777884,False,126,2158399,4677145
3399000,0.008808278071041523,0.00011823800042650135,0.00014512020358291416,6.37140819880504e-05,5.321428571428571,1.0,19.863019428483838,/net/nfs-ip34/jbod2/def-ilafores/ref_dbs/sourmash_db/RefSeq_20250528.k31.sbt.zip,plasmid.4.1.genomic,442f64582ff5c087c9bb2568876dea3a,0.007176624347315681,56000,178,277384000,/nfs3_ib/nfs-ip34/home/def-ilafores/analysis/MethodsComparison/Feces_RA/preproc/SRR5091569/SRR5091569_unmatched_2.fastq,SRR5091569,8f9de168,385887000,31,DNA,1000,385887,True,0.8584325203483931,0.8527782907282417,0.8556054055383174,0.8584325203483931,False,298,2158697,4677145
1563000,0.004050408539287408,0.015638089919017033,0.00014512020358291416,4.554060222635817e-05,3.8035714285714284,3.0,4.477800970410838,/net/nfs-ip34/jbod2/def-ilafores/ref_dbs/sourmash_db/RefSeq_20250528.k31.sbt.zip,GCF_000209955.1_ASM20995v1_genomic,bbe76ea739202f726b440dbf1d277c90,0.4364702597039933,56000,179,277328000,/nfs3_ib/nfs-ip34/home/def-ilafores/analysis/MethodsComparison/Feces_RA/preproc/SRR5091569/SRR5091569_unmatched_2.fastq,SRR5091569,8f9de168,385887000,31,DNA,1000,385887,True,0.8371871291391578,0.9736113634543061,0.905399246296732,0.9736113634543061,False,213,2158910,4677145
58000,0.00015030306799658968,0.02685851318944844,0.00014512020358291416,1.5180200742119391e-05,1.2678571428571428,1.0,0.6121120178929503,/net/nfs-ip34/jbod2/def-ilafores/ref_dbs/sourmash_db/RefSeq_20250528.k31.sbt.zip,GCF_000212375.1_ASM21237v1_genomic,e219bc1453db3539e254fdd8b53c7771,0.027817745803357313,56000,180,277272000,/nfs3_ib/nfs-ip34/home/def-ilafores/analysis/MethodsComparison/Feces_RA/preproc/SRR5091569/SRR5091569_unmatched_2.fastq,SRR5091569,8f9de168,385887000,31,DNA,1000,385887,True,0.7527944041211423,0.8908751328920258,0.8218347685065841,0.8908751328920258,False,71,2158981,4677145
2427000,0.006289405965995226,0.010209764247261928,0.0001425287713760764,1.5821617674884998e-05,1.3454545454545455,1.0,0.6932973078159134,/net/nfs-ip34/jbod2/def-ilafores/ref_dbs/sourmash_db/RefSeq_20250528.k31.sbt.zip,GCF_013010095.1_ASM1301009v1_genomic,268a950c26952ca77b008f048dc33ec9,0.45052905142008537,55000,181,277217000,/nfs3_ib/nfs-ip34/home/def-ilafores/analysis/MethodsComparison/Feces_RA/preproc/SRR5091569/SRR5091569_unmatched_2.fastq,SRR5091569,8f9de168,385887000,31,DNA,1000,385887,True,0.8491558528830817,0.9746075418235418,0.9118816973533117,0.9746075418235418,False,74,2159055,4677145
2622000,0.006794735246328588,0.008053691275167786,0.00013993733916923867,4.404396271657176e-05,3.814814814814815,2.0,9.38295158898638,/net/nfs-ip34/jbod2/def-ilafores/ref_dbs/sourmash_db/RefSeq_20250528.k31.sbt.zip,GCF_025914115.1_ASM2591411v1_genomic,a48aa7cbd40bd9ea89ac84a5bdb955a8,0.39105145413870246,54000,182,277163000,/nfs3_ib/nfs-ip34/home/def-ilafores/analysis/MethodsComparison/Feces_RA/preproc/SRR5091569/SRR5091569_unmatched_2.fastq,SRR5091569,8f9de168,385887000,31,DNA,1000,385887,True,0.8512753970634319,0.970166456913527,0.9107209269884795,0.970166456913527,False,206,2159261,4677145
2507000,0.0064967205425422465,0.007975921745673438,0.00013734590696240091,1.4966395097864189e-05,1.320754716981132,1.0,0.6942780940744941,/net/nfs-ip34/jbod2/def-ilafores/ref_dbs/sourmash_db/RefSeq_20250528.k31.sbt.zip,GCF_025914215.1_ASM2591421v1_genomic,2a77126e3a4d4eaa4c7e3a06f2b6d9a9,0.37727614747930777,53000,183,277110000,/nfs3_ib/nfs-ip34/home/def-ilafores/analysis/MethodsComparison/Feces_RA/preproc/SRR5091569/SRR5091569_unmatched_2.fastq,SRR5091569,8f9de168,385887000,31,DNA,1000,385887,True,0.8500446687590707,0.9690447878037801,0.9095447282814254,0.9690447878037801,False,70,2159331,4677145
61000,0.00015807736461710293,0.015802027429934407,0.00013734590696240091,2.0311536204244257e-05,1.7924528301886793,1.0,4.755765083642576,/net/nfs-ip34/jbod2/def-ilafores/ref_dbs/sourmash_db/RefSeq_20250528.k31.sbt.zip,GCF_030296935.1_ASM3029693v1_genomic,291e68c00c79fc78c6a795fcc0b4b014,0.018187239117471676,53000,184,277057000,/nfs3_ib/nfs-ip34/home/def-ilafores/analysis/MethodsComparison/Feces_RA/preproc/SRR5091569/SRR5091569_unmatched_2.fastq,SRR5091569,8f9de168,385887000,31,DNA,1000,385887,True,0.7540200480295367,0.8787461684702805,0.8163831082499087,0.8787461684702805,False,95,2159426,4677145
62000,0.0001606687968239407,0.018563922942206657,0.00013734590696240091,1.4111172520843378e-05,1.2452830188679245,1.0,0.5461930123067973,/net/nfs-ip34/jbod2/def-ilafores/ref_dbs/sourmash_db/RefSeq_20250528.k31.sbt.zip,GCF_025677705.1_ASM2567770v1_genomic,d45029f61afbe03f28178ce994b114d9,0.021716287215411557,53000,185,277004000,/nfs3_ib/nfs-ip34/home/def-ilafores/analysis/MethodsComparison/Feces_RA/preproc/SRR5091569/SRR5091569_unmatched_2.fastq,SRR5091569,8f9de168,385887000,31,DNA,1000,385887,True,0.7544156601223394,0.8837876365172003,0.8191016483197698,0.8837876365172003,False,66,2159492,4677145
266000,0.0006893209670188423,0.01840277777777778,0.00013734590696240091,4.8961492534441415e-05,4.320754716981132,2.0,6.071192680394665,/net/nfs-ip34/jbod2/def-ilafores/ref_dbs/sourmash_db/RefSeq_20250528.k31.sbt.zip,GCF_022174665.1_ASM2217466v1_genomic,b004fadcdc39cbd453a7420b36ad1d38,0.09236111111111112,53000,186,276951000,/nfs3_ib/nfs-ip34/home/def-ilafores/analysis/MethodsComparison/Feces_RA/preproc/SRR5091569/SRR5091569_unmatched_2.fastq,SRR5091569,8f9de168,385887000,31,DNA,1000,385887,True,0.7907033820701325,0.9260377310887283,0.8583705565794304,0.9260377310887283,False,229,2159721,4677145
293000,0.0007592896366034616,0.02619647355163728,0.00013475447475556315,1.5821617674884998e-05,1.4230769230769231,1.0,0.6890951102757276,/net/nfs-ip34/jbod2/def-ilafores/ref_dbs/sourmash_db/RefSeq_20250528.k31.sbt.zip,GCF_014931375.1_ASM1493137v1_genomic,dc44c461eba9c19dbe5e870542cbb36a,0.14760705289672543,52000,187,276899000,/nfs3_ib/nfs-ip34/home/def-ilafores/analysis/MethodsComparison/Feces_RA/preproc/SRR5091569/SRR5091569_unmatched_2.fastq,SRR5091569,8f9de168,385887000,31,DNA,1000,385887,True,0.7931731110262782,0.9401496820866946,0.8666613965564864,0.9401496820866946,False,74,2159795,4677145
153000,0.0003964891276461762,0.016174183514774496,0.00013475447475556315,4.917529817869662e-05,4.423076923076923,2.0,5.58275557080136,/net/nfs-ip34/jbod2/def-ilafores/ref_dbs/sourmash_db/RefSeq_20250528.k31.sbt.zip,GCF_025152575.1_ASM2515257v1_genomic,b72c2af051655353465586ef3b54cb03,0.04758942457231726,52000,188,276847000,/nfs3_ib/nfs-ip34/home/def-ilafores/analysis/MethodsComparison/Feces_RA/preproc/SRR5091569/SRR5091569_unmatched_2.fastq,SRR5091569,8f9de168,385887000,31,DNA,1000,385887,True,0.7767218549460182,0.9064399682102293,0.8415809115781238,0.9064399682102293,False,230,2160025,4677145
2936000,0.007608444959275643,0.01108213820078227,0.0001321630425487254,3.313987485955642e-05,3.0392156862745097,1.0,8.636359037468722,/net/nfs-ip34/jbod2/def-ilafores/ref_dbs/sourmash_db/RefSeq_20250528.k31.sbt.zip,GCF_044361425.1_ASM4436142v1_genomic,3fefc7b82ec3714f447cba888f85e7ce,0.6379834854411126,51000,189,276796000,/nfs3_ib/nfs-ip34/home/def-ilafores/analysis/MethodsComparison/Feces_RA/preproc/SRR5091569/SRR5091569_unmatched_2.fastq,SRR5091569,8f9de168,385887000,31,DNA,1000,385887,True,0.8543871472836728,0.9856064347626784,0.9199967910231757,0.9856064347626784,False,155,2160180,4677145
213000,0.0005519750600564414,0.01380071763731714,0.00012957161034188766,6.178983118975358e-05,5.78,2.0,8.777904077853664,/net/nfs-ip34/jbod2/def-ilafores/ref_dbs/sourmash_db/RefSeq_20250528.k31.sbt.zip,GCF_009831375.1_ASM983137v1_genomic,44920bdf186ead17b8d6437676295dba,0.05879105713497102,50000,190,276746000,/nfs3_ib/nfs-ip34/home/def-ilafores/analysis/MethodsComparison/Feces_RA/preproc/SRR5091569/SRR5091569_unmatched_2.fastq,SRR5091569,8f9de168,385887000,31,DNA,1000,385887,True,0.7850559827119253,0.9126418157002674,0.8488488992060963,0.9126418157002674,False,289,2160469,4677145
684000,0.001772539629477023,0.013408420488066506,0.00012957161034188766,1.646303460765061e-05,1.54,1.0,0.7539230729988305,/net/nfs-ip34/jbod2/def-ilafores/ref_dbs/sourmash_db/RefSeq_20250528.k31.sbt.zip,GCF_025145285.1_ASM2514528v1_genomic,f22e85c6befcb1bccc2db3184aa9ec05,0.1834271922767498,50000,191,276696000,/nfs3_ib/nfs-ip34/home/def-ilafores/analysis/MethodsComparison/Feces_RA/preproc/SRR5091569/SRR5091569_unmatched_2.fastq,SRR5091569,8f9de168,385887000,31,DNA,1000,385887,True,0.8151640732823077,0.9467618837920844,0.880962978537196,0.9467618837920844,False,77,2160546,4677145
