intersect_bp,f_orig_query,f_match,f_unique_to_query,f_unique_weighted,average_abund,median_abund,std_abund,filename,name,md5,f_match_orig,unique_intersect_bp,gather_result_rank,remaining_bp,query_filename,query_name,query_md5,query_bp,ksize,moltype,scaled,query_n_hashes,query_abundance,query_containment_ani,match_containment_ani,average_containment_ani,max_containment_ani,potential_false_negative,n_unique_weighted_found,sum_weighted_found,total_weighted_hashes
4085000,0.017153775090283027,0.8011374779368504,0.017153775090283027,0.046512859186173455,42.36646266829865,19.0,180.59409805143795,/net/nfs-ip34/jbod2/def-ilafores/ref_dbs/sourmash_db/RefSeq_20250528.k31.sbt.zip,GCF_018289355.1_ASM1828935v1_genomic,2cc034a4db3dba2e340c8fa9efefef92,0.8011374779368504,4085000,0,234055000,/nfs3_ib/nfs-ip34/home/def-ilafores/analysis/MethodsComparison/Feces_RA/preproc/SRR5091593/SRR5091593_unmatched_2.fastq,SRR5091593,ac04ca8d,238140000,31,DNA,1000,238140,True,0.8770893985014181,0.9928731715465609,0.9349812850239895,0.9928731715465609,False,173067,173067,3720842
3964000,0.016645670613924583,0.01123480427997963,0.016582682455698328,0.004597077758206341,4.3314763231197775,2.0,20.110111532330052,/net/nfs-ip34/jbod2/def-ilafores/ref_dbs/sourmash_db/RefSeq_20250528.k31.sbt.zip,plasmid.7.1.genomic,7a8c695160f2da22a8aff644e0702b99,0.011277478897401685,3949000,1,230106000,/nfs3_ib/nfs-ip34/home/def-ilafores/analysis/MethodsComparison/Feces_RA/preproc/SRR5091593/SRR5091593_unmatched_2.fastq,SRR5091593,ac04ca8d,238140000,31,DNA,1000,238140,True,0.8762390876483841,0.8653028413304533,0.8707709644894187,0.8762390876483841,False,17105,190172,3720842
2836000,0.011908961115310321,0.532766761095373,0.011845972957084068,0.002997708583164778,3.953917050691244,2.0,19.480909944272515,/net/nfs-ip34/jbod2/def-ilafores/ref_dbs/sourmash_db/RefSeq_20250528.k31.sbt.zip,GCF_040687805.1_Bfrag638R-erm-GA1tetQ-6_hyb1_genomic,19372aa6486247a78345b1022a14d0c2,0.5355996222851747,2821000,2,227285000,/nfs3_ib/nfs-ip34/home/def-ilafores/analysis/MethodsComparison/Feces_RA/preproc/SRR5091593/SRR5091593_unmatched_2.fastq,SRR5091593,ac04ca8d,238140000,31,DNA,1000,238140,True,0.8668249743095917,0.9800605581719717,0.9234427662407817,0.9800605581719717,False,11154,201326,3720842
2852000,0.011976148484084992,0.4001491424310216,0.011266481901402536,0.0025558731061410293,3.544539694371972,2.0,26.761222631170387,/net/nfs-ip34/jbod2/def-ilafores/ref_dbs/sourmash_db/RefSeq_20250528.k31.sbt.zip,GCF_025914115.1_ASM2591411v1_genomic,a48aa7cbd40bd9ea89ac84a5bdb955a8,0.42535421327367634,2683000,3,224602000,/nfs3_ib/nfs-ip34/home/def-ilafores/analysis/MethodsComparison/Feces_RA/preproc/SRR5091593/SRR5091593_unmatched_2.fastq,SRR5091593,ac04ca8d,238140000,31,DNA,1000,238140,True,0.866982300369474,0.9728014681978032,0.9198918842836386,0.9728014681978032,False,9510,210836,3720842
2610000,0.010959939531368102,0.6825438366919655,0.010951541110271268,0.012462501767073152,17.780291411042946,15.0,13.732310246289796,/net/nfs-ip34/jbod2/def-ilafores/ref_dbs/sourmash_db/RefSeq_20250528.k31.sbt.zip,GCF_014287515.2_ASM1428751v2_genomic,ba44e405458705e9ab11b89381454753,0.6830672598796127,2608000,4,221994000,/nfs3_ib/nfs-ip34/home/def-ilafores/analysis/MethodsComparison/Feces_RA/preproc/SRR5091593/SRR5091593_unmatched_2.fastq,SRR5091593,ac04ca8d,238140000,31,DNA,1000,238140,True,0.8645059866813917,0.987779734694708,0.9261428606880499,0.987779734694708,False,46371,257207,3720842
2584000,0.010850760057109263,0.6250310404767817,0.010569412950365332,0.00638215758691178,9.434644417957886,2.0,169.75234069326106,/net/nfs-ip34/jbod2/def-ilafores/ref_dbs/sourmash_db/RefSeq_20250528.k31.sbt.zip,GCF_027923645.1_ASM2792364v1_genomic,9fb8a945f847c19c6bae95891438e391,0.6416687360317854,2517000,5,219477000,/nfs3_ib/nfs-ip34/home/def-ilafores/analysis/MethodsComparison/Feces_RA/preproc/SRR5091593/SRR5091593_unmatched_2.fastq,SRR5091593,ac04ca8d,238140000,31,DNA,1000,238140,True,0.8642268343816708,0.9857895769718911,0.925008205676781,0.9857895769718911,False,23747,280954,3720842
2513000,0.010552616108171663,0.6735737351991389,0.010510624002687494,0.32125336147033384,477.5601278465841,406.0,417.3929525376655,/net/nfs-ip34/jbod2/def-ilafores/ref_dbs/sourmash_db/RefSeq_20250528.k31.sbt.zip,GCF_015074785.1_ASM1507478v1_genomic,988b2ef58a54374a65546dbc194ca3be,0.676264800861141,2503000,6,216974000,/nfs3_ib/nfs-ip34/home/def-ilafores/analysis/MethodsComparison/Feces_RA/preproc/SRR5091593/SRR5091593_unmatched_2.fastq,SRR5091593,ac04ca8d,238140000,31,DNA,1000,238140,True,0.863450457295319,0.9874608730315324,0.9254556651634257,0.9874608730315324,False,1195333,1476287,3720842
2774000,0.011648610061308474,0.46057619408642914,0.01020408163265306,0.00252066602129303,3.859670781893004,2.0,12.452793953883225,/net/nfs-ip34/jbod2/def-ilafores/ref_dbs/sourmash_db/RefSeq_20250528.k31.sbt.zip,GCF_018291785.1_ASM1829178v1_genomic,94290db9715a9c6fca358ac639119d83,0.5257771038665656,2430000,7,214544000,/nfs3_ib/nfs-ip34/home/def-ilafores/analysis/MethodsComparison/Feces_RA/preproc/SRR5091593/SRR5091593_unmatched_2.fastq,SRR5091593,ac04ca8d,238140000,31,DNA,1000,238140,True,0.8662071124286824,0.9794755562999033,0.9228413343642929,0.9794755562999033,False,9379,1485666,3720842
2321000,0.00974636768287562,0.7851801495581238,0.009700176366843033,0.036654337915987836,59.04112554112554,52.0,50.56665522237138,/net/nfs-ip34/jbod2/def-ilafores/ref_dbs/sourmash_db/RefSeq_20250528.k31.sbt.zip,GCF_036815185.2_ASM3681518v1_genomic,c6ed66af62435c7dcd0b26067f44e3e0,0.7889191026512576,2310000,8,212234000,/nfs3_ib/nfs-ip34/home/def-ilafores/analysis/MethodsComparison/Feces_RA/preproc/SRR5091593/SRR5091593_unmatched_2.fastq,SRR5091593,ac04ca8d,238140000,31,DNA,1000,238140,True,0.8612395413644326,0.9923810596573076,0.9268103005108701,0.9923810596573076,False,136385,1622051,3720842
2420000,0.010162089527168893,0.44475693049417436,0.009297052154195011,0.0013701199889702385,2.3026196928635954,2.0,1.9856354981284732,/net/nfs-ip34/jbod2/def-ilafores/ref_dbs/sourmash_db/RefSeq_20250528.k31.sbt.zip,GCF_020091545.1_ASM2009154v1_genomic,cbccf2735894b89c5383dfa9cc789cf8,0.48613901165126555,2214000,9,210020000,/nfs3_ib/nfs-ip34/home/def-ilafores/analysis/MethodsComparison/Feces_RA/preproc/SRR5091593/SRR5091593_unmatched_2.fastq,SRR5091593,ac04ca8d,238140000,31,DNA,1000,238140,True,0.8624007580164136,0.9770021043765336,0.9197014311964735,0.9770021043765336,False,5098,1627149,3720842
2208000,0.00927185689090451,0.6193474527761877,0.009087091626774166,0.006419514722742863,11.037892791127542,8.0,13.023845839057023,/net/nfs-ip34/jbod2/def-ilafores/ref_dbs/sourmash_db/RefSeq_20250528.k31.sbt.zip,GCF_014337175.1_ASM1433717v1_genomic,a712134ff5fdebda1dc08f01019daf8a,0.6319404693760733,2164000,10,207856000,/nfs3_ib/nfs-ip34/home/def-ilafores/analysis/MethodsComparison/Feces_RA/preproc/SRR5091593/SRR5091593_unmatched_2.fastq,SRR5091593,ac04ca8d,238140000,31,DNA,1000,238140,True,0.859854033607461,0.9853038935944354,0.9225789636009483,0.9853038935944354,False,23886,1651035,3720842
2291000,0.009620391366423113,0.7068614130434783,0.008738557151255565,0.03149985944041698,56.321960595867374,49.0,44.87705607159878,/net/nfs-ip34/jbod2/def-ilafores/ref_dbs/sourmash_db/RefSeq_20250528.k31.sbt.zip,GCF_019967975.1_ASM1996797v1_genomic,2c2d74013e8cf3a4113eeeae8dce1511,0.7781929347826086,2081000,11,205775000,/nfs3_ib/nfs-ip34/home/def-ilafores/analysis/MethodsComparison/Feces_RA/preproc/SRR5091593/SRR5091593_unmatched_2.fastq,SRR5091593,ac04ca8d,238140000,31,DNA,1000,238140,True,0.8608781820799111,0.9919429304487001,0.9264105562643056,0.9919429304487001,False,117206,1768241,3720842
1867000,0.007839926093894348,0.8119286025250326,0.007831527672797513,0.003349241918899002,6.682037533512064,5.0,7.217288160754985,/net/nfs-ip34/jbod2/def-ilafores/ref_dbs/sourmash_db/RefSeq_20250528.k31.sbt.zip,GCF_014489955.1_ASM1448995v1_genomic,579fa51da431e95a9307700dadd79bea,0.8127993034392686,1865000,12,203910000,/nfs3_ib/nfs-ip34/home/def-ilafores/analysis/MethodsComparison/Feces_RA/preproc/SRR5091593/SRR5091593_unmatched_2.fastq,SRR5091593,ac04ca8d,238140000,31,DNA,1000,238140,True,0.8552135626401179,0.9933361394567745,0.9242748510484462,0.9933361394567745,False,12462,1780703,3720842
2016000,0.008465608465608466,0.35060286360211,0.007814730830603847,0.0011236703950342423,2.246641590542719,1.0,4.236924223138449,/net/nfs-ip34/jbod2/def-ilafores/ref_dbs/sourmash_db/RefSeq_20250528.k31.sbt.zip,GCF_024759485.1_ASM2475948v1_genomic,9da38a9733af7807a37d2b3cea1d9a69,0.37980406932931426,1861000,13,202049000,/nfs3_ib/nfs-ip34/home/def-ilafores/analysis/MethodsComparison/Feces_RA/preproc/SRR5091593/SRR5091593_unmatched_2.fastq,SRR5091593,ac04ca8d,238140000,31,DNA,1000,238140,True,0.8573344275474845,0.9692535646298869,0.9132939960886857,0.9692535646298869,False,4181,1784884,3720842
2038000,0.008557991097673637,0.6222768798313423,0.007436801881246326,0.008026677832598106,16.863918690005647,13.0,17.088936069012682,/net/nfs-ip34/jbod2/def-ilafores/ref_dbs/sourmash_db/RefSeq_20250528.k31.sbt.zip,GCF_019968055.1_ASM1996805v1_genomic,68b64f4d4c3889600ebe30d1a4137e53,0.7160927617709065,1771000,14,200278000,/nfs3_ib/nfs-ip34/home/def-ilafores/analysis/MethodsComparison/Feces_RA/preproc/SRR5091593/SRR5091593_unmatched_2.fastq,SRR5091593,ac04ca8d,238140000,31,DNA,1000,238140,True,0.8576346462849741,0.98928537734055,0.923460011812762,0.98928537734055,False,29866,1814750,3720842
1964000,0.008247249517090787,0.36569511427972323,0.00732342319643907,0.001215853830933966,2.5940366972477062,2.0,2.1018474264698424,/net/nfs-ip34/jbod2/def-ilafores/ref_dbs/sourmash_db/RefSeq_20250528.k31.sbt.zip,GCF_018289315.1_ASM1828931v1_genomic,b8882c82de7b01fc8d6d7c5d0f9c6851,0.41182637869574334,1744000,15,198534000,/nfs3_ib/nfs-ip34/home/def-ilafores/analysis/MethodsComparison/Feces_RA/preproc/SRR5091593/SRR5091593_unmatched_2.fastq,SRR5091593,ac04ca8d,238140000,31,DNA,1000,238140,True,0.8566120229278303,0.9717877597211751,0.9141998913245027,0.9717877597211751,False,4524,1819274,3720842
1638000,0.0068783068783068784,0.3513761467889908,0.006433190560174687,0.0021559636232874172,5.236292428198434,2.0,16.11492792974279,/net/nfs-ip34/jbod2/def-ilafores/ref_dbs/sourmash_db/RefSeq_20250528.k31.sbt.zip,GCF_042847785.1_ASM4284778v1_genomic,88019d6ddc2b537fe7ac87c23df45062,0.3756880733944954,1532000,16,197002000,/nfs3_ib/nfs-ip34/home/def-ilafores/analysis/MethodsComparison/Feces_RA/preproc/SRR5091593/SRR5091593_unmatched_2.fastq,SRR5091593,ac04ca8d,238140000,31,DNA,1000,238140,True,0.8516111525786909,0.9689129379454919,0.9102620452620914,0.9689129379454919,False,8022,1827296,3720842
1387000,0.005824305030654237,0.42155949052500774,0.00569832871420173,0.0007471427166216679,2.0486366985998528,2.0,1.5737319532850185,/net/nfs-ip34/jbod2/def-ilafores/ref_dbs/sourmash_db/RefSeq_20250528.k31.sbt.zip,GCF_006542725.1_Aond_3.0_genomic,7fbb97287421b4f5df527beb1443bd37,0.43087915501708607,1357000,17,195645000,/nfs3_ib/nfs-ip34/home/def-ilafores/analysis/MethodsComparison/Feces_RA/preproc/SRR5091593/SRR5091593_unmatched_2.fastq,SRR5091593,ac04ca8d,238140000,31,DNA,1000,238140,True,0.8470540053362259,0.9732065329964886,0.9101302691663573,0.9732065329964886,False,2780,1830076,3720842
1398000,0.005870496346686823,0.2319321533923304,0.005282606869908457,0.0005979829296702198,1.7686804451510334,1.0,3.2811653589100156,/net/nfs-ip34/jbod2/def-ilafores/ref_dbs/sourmash_db/RefSeq_20250528.k31.sbt.zip,GCF_032452895.1_ASM3245289v1_genomic,063edc8e83e449bf2100964d1eef3113,0.2577433628318584,1258000,18,194387000,/nfs3_ib/nfs-ip34/home/def-ilafores/analysis/MethodsComparison/Feces_RA/preproc/SRR5091593/SRR5091593_unmatched_2.fastq,SRR5091593,ac04ca8d,238140000,31,DNA,1000,238140,True,0.8472698813954341,0.9572074014868053,0.9022386414411196,0.9572074014868053,False,2225,1832301,3720842
1236000,0.005190224237843285,0.2939746014590651,0.004568741076677585,0.0007955188637410565,2.7205882352941178,2.0,4.85460087483814,/net/nfs-ip34/jbod2/def-ilafores/ref_dbs/sourmash_db/RefSeq_20250528.k31.sbt.zip,GCF_005848555.1_ASM584855v1_genomic,1123379c731757b61c292acf7bd31a34,0.3339637935693056,1088000,19,193299000,/nfs3_ib/nfs-ip34/home/def-ilafores/analysis/MethodsComparison/Feces_RA/preproc/SRR5091593/SRR5091593_unmatched_2.fastq,SRR5091593,ac04ca8d,238140000,31,DNA,1000,238140,True,0.8439103757428842,0.9652403402187568,0.9045753579808204,0.9652403402187568,False,2960,1835261,3720842
1220000,0.005123036869068615,0.28743498494388176,0.004409171075837742,0.0006060456208567845,2.1476190476190475,2.0,3.177018525601974,/net/nfs-ip34/jbod2/def-ilafores/ref_dbs/sourmash_db/RefSeq_20250528.k31.sbt.zip,GCF_025145845.1_ASM2514584v1_genomic,00191848f4049b7a1cb875559983f7c7,0.33397207774431975,1050000,20,192249000,/nfs3_ib/nfs-ip34/home/def-ilafores/analysis/MethodsComparison/Feces_RA/preproc/SRR5091593/SRR5091593_unmatched_2.fastq,SRR5091593,ac04ca8d,238140000,31,DNA,1000,238140,True,0.8435557492905879,0.9652411125763798,0.9043984309334838,0.9652411125763798,False,2255,1837516,3720842
1079000,0.0045309481817418324,0.3735241502683363,0.004383975812547241,0.0028273170427553763,10.076628352490422,8.0,11.009481708171725,/net/nfs-ip34/jbod2/def-ilafores/ref_dbs/sourmash_db/RefSeq_20250528.k31.sbt.zip,GCF_000146185.1_ASM14618v1_genomic,5229119e2aa175d63f96a9ce9dfd479c,0.386046511627907,1044000,21,191205000,/nfs3_ib/nfs-ip34/home/def-ilafores/analysis/MethodsComparison/Feces_RA/preproc/SRR5091593/SRR5091593_unmatched_2.fastq,SRR5091593,ac04ca8d,238140000,31,DNA,1000,238140,True,0.8402203514598996,0.969763411803839,0.9049918816318693,0.969763411803839,False,10520,1848036,3720842
1081000,0.004539346602838667,0.22526997840172786,0.004379776601998824,0.0006890913400784016,2.458293384467881,1.0,6.621164803706169,/net/nfs-ip34/jbod2/def-ilafores/ref_dbs/sourmash_db/RefSeq_20250528.k31.sbt.zip,GCF_023008285.1_ASM2300828v1_genomic,3191b17cd9816a6b0abb68f0b35dbdf7,0.23347732181425487,1043000,22,190162000,/nfs3_ib/nfs-ip34/home/def-ilafores/analysis/MethodsComparison/Feces_RA/preproc/SRR5091593/SRR5091593_unmatched_2.fastq,SRR5091593,ac04ca8d,238140000,31,DNA,1000,238140,True,0.8402705453480883,0.9541591005852725,0.8972148229666804,0.9541591005852725,False,2564,1850600,3720842
1147000,0.004816494499034181,0.2912621359223301,0.004283194759385236,0.001188440680899646,4.3352941176470585,2.0,11.024897376773934,/net/nfs-ip34/jbod2/def-ilafores/ref_dbs/sourmash_db/RefSeq_20250528.k31.sbt.zip,GCF_000225345.1_ASM22534v1_genomic,2c4be6d3f461c9f71df87a5d7ae22e2f,0.3275271273557967,1020000,23,189142000,/nfs3_ib/nfs-ip34/home/def-ilafores/analysis/MethodsComparison/Feces_RA/preproc/SRR5091593/SRR5091593_unmatched_2.fastq,SRR5091593,ac04ca8d,238140000,31,DNA,1000,238140,True,0.8418784432341585,0.9646345555796073,0.9032564994068829,0.9646345555796073,False,4422,1855022,3720842
1119000,0.004698916603678508,0.31615776081424934,0.004174015285126396,0.0006173333885179752,2.310865191146881,2.0,2.6341173285445825,/net/nfs-ip34/jbod2/def-ilafores/ref_dbs/sourmash_db/RefSeq_20250528.k31.sbt.zip,GCF_042854315.1_ASM4285431v1_genomic,8c077732bd97ee96b603cc65c422945d,0.35591603053435117,994000,24,188148000,/nfs3_ib/nfs-ip34/home/def-ilafores/analysis/MethodsComparison/Feces_RA/preproc/SRR5091593/SRR5091593_unmatched_2.fastq,SRR5091593,ac04ca8d,238140000,31,DNA,1000,238140,True,0.8412075323845914,0.967224614769811,0.9042160735772012,0.967224614769811,False,2297,1857319,3720842
1046000,0.004392374233644075,0.281638846737481,0.003896867388930881,0.0009960111179136335,3.9935344827586206,2.0,6.616004075061074,/net/nfs-ip34/jbod2/def-ilafores/ref_dbs/sourmash_db/RefSeq_20250528.k31.sbt.zip,GCF_000210035.1_ASM21003v1_genomic,9b031f8e8d6f8498e950d180778cd938,0.3174506828528073,928000,25,187220000,/nfs3_ib/nfs-ip34/home/def-ilafores/analysis/MethodsComparison/Feces_RA/preproc/SRR5091593/SRR5091593_unmatched_2.fastq,SRR5091593,ac04ca8d,238140000,31,DNA,1000,238140,True,0.8393788907142254,0.9636626812088067,0.9015207859615161,0.9636626812088067,False,3706,1861025,3720842
1214000,0.005097841605778114,0.2574074074074074,0.0035021415973796924,0.0033266663835766204,14.841726618705035,9.0,21.059670503572168,/net/nfs-ip34/jbod2/def-ilafores/ref_dbs/sourmash_db/RefSeq_20250528.k31.sbt.zip,GCF_000209855.1_ASM20985v1_genomic,2b845165824bdb6c15dab3f5f2327265,0.37469135802469133,834000,26,186386000,/nfs3_ib/nfs-ip34/home/def-ilafores/analysis/MethodsComparison/Feces_RA/preproc/SRR5091593/SRR5091593_unmatched_2.fastq,SRR5091593,ac04ca8d,238140000,31,DNA,1000,238140,True,0.8434216028623817,0.9688299098763894,0.9061257563693855,0.9688299098763894,False,12378,1873403,3720842
863000,0.0036239187032837826,0.3634380453752182,0.0034979423868312758,0.0005654634085510752,2.525810324129652,2.0,3.735828778236708,/net/nfs-ip34/jbod2/def-ilafores/ref_dbs/sourmash_db/RefSeq_20250528.k31.sbt.zip,GCF_023921805.1_ASM2392180v1_genomic,0c9f72c07cb9e22587452a97c47fbca1,0.37652705061082026,833000,27,185553000,/nfs3_ib/nfs-ip34/home/def-ilafores/analysis/MethodsComparison/Feces_RA/preproc/SRR5091593/SRR5091593_unmatched_2.fastq,SRR5091593,ac04ca8d,238140000,31,DNA,1000,238140,True,0.8341877747507052,0.9689826610904773,0.9015852179205912,0.9689826610904773,False,2104,1875507,3720842
795000,0.0033383723859914337,0.34168466522678187,0.003321575543797766,0.0036623430933106003,17.2275600505689,16.0,9.90517871362228,/net/nfs-ip34/jbod2/def-ilafores/ref_dbs/sourmash_db/RefSeq_20250528.k31.sbt.zip,GCF_003856815.1_ASM385681v1_genomic,ec56179731d98b9fa6dca12eb7eea848,0.3434125269978402,791000,28,184762000,/nfs3_ib/nfs-ip34/home/def-ilafores/analysis/MethodsComparison/Feces_RA/preproc/SRR5091593/SRR5091593_unmatched_2.fastq,SRR5091593,ac04ca8d,238140000,31,DNA,1000,238140,True,0.8319821815054773,0.9661094426562138,0.8990458120808456,0.9661094426562138,False,13627,1889134,3720842
1821000,0.007646762408667171,0.14492470174066105,0.003111615016376921,0.0003604022960394448,1.8097165991902835,1.0,1.177940539367701,/net/nfs-ip34/jbod2/def-ilafores/ref_dbs/sourmash_db/RefSeq_20250528.k31.sbt.zip,GCF_014169455.1_ASM1416945v1_genomic,f04405cd5889ebb75cbb9e27a2dd6736,0.35615098767846665,741000,29,184021000,/nfs3_ib/nfs-ip34/home/def-ilafores/analysis/MethodsComparison/Feces_RA/preproc/SRR5091593/SRR5091593_unmatched_2.fastq,SRR5091593,ac04ca8d,238140000,31,DNA,1000,238140,True,0.8545256115113895,0.9672452053253826,0.9108854084183861,0.9672452053253826,False,1341,1890475,3720842
2002000,0.008406819517930628,0.18204365079365079,0.003082220542538003,0.07670817519260426,388.8542234332425,258.5,477.38696595262644,/net/nfs-ip34/jbod2/def-ilafores/ref_dbs/sourmash_db/RefSeq_20250528.k31.sbt.zip,GCF_032450655.1_ASM3245065v1_genomic,238dff01323d07dfd5222980fc0a672b,0.4965277777777778,734000,30,183287000,/nfs3_ib/nfs-ip34/home/def-ilafores/analysis/MethodsComparison/Feces_RA/preproc/SRR5091593/SRR5091593_unmatched_2.fastq,SRR5091593,ac04ca8d,238140000,31,DNA,1000,238140,True,0.8571417240426386,0.9776687358209012,0.9174052299317699,0.9776687358209012,False,285419,2175894,3720842
712000,0.002989837910472831,0.2274623034969522,0.0029772402788275803,0.0003131011744115982,1.6431593794076165,1.0,1.0110247862751944,/net/nfs-ip34/jbod2/def-ilafores/ref_dbs/sourmash_db/RefSeq_20250528.k31.sbt.zip,GCF_021378625.1_ASM2137862v1_genomic,2bdd5abd83858dddfbe835b62936671d,0.22842476740455567,709000,31,182578000,/nfs3_ib/nfs-ip34/home/def-ilafores/analysis/MethodsComparison/Feces_RA/preproc/SRR5091593/SRR5091593_unmatched_2.fastq,SRR5091593,ac04ca8d,238140000,31,DNA,1000,238140,True,0.8290281526670907,0.9534859468618786,0.8912570497644847,0.9534859468618786,False,1165,2177059,3720842
747000,0.0031368102796674223,0.2374870555747325,0.0028890568573108257,0.000439685426040665,2.377906976744186,1.0,4.861713286935988,/net/nfs-ip34/jbod2/def-ilafores/ref_dbs/sourmash_db/RefSeq_20250528.k31.sbt.zip,GCF_036419515.1_ASM3641951v1_genomic,6a297f754ff6c4bf21b2d1fd8119290f,0.25785295132896097,688000,32,181890000,/nfs3_ib/nfs-ip34/home/def-ilafores/analysis/MethodsComparison/Feces_RA/preproc/SRR5091593/SRR5091593_unmatched_2.fastq,SRR5091593,ac04ca8d,238140000,31,DNA,1000,238140,True,0.8303124626090412,0.9572205274898643,0.8937664950494528,0.9572205274898643,False,1636,2178695,3720842
2207000,0.009267657680356093,0.2162516382699869,0.002771478961955152,0.005172216396181295,29.15909090909091,14.0,34.838769231960484,/net/nfs-ip34/jbod2/def-ilafores/ref_dbs/sourmash_db/RefSeq_20250528.k31.sbt.zip,GCF_023347255.1_ASM2334725v1_genomic,58b144de4acaed89ce9d8071641d7213,0.723132372214941,660000,33,181230000,/nfs3_ib/nfs-ip34/home/def-ilafores/analysis/MethodsComparison/Feces_RA/preproc/SRR5091593/SRR5091593_unmatched_2.fastq,SRR5091593,ac04ca8d,238140000,31,DNA,1000,238140,True,0.8598414687038576,0.9895976124770655,0.9247195405904616,0.9895976124770655,False,19245,2197940,3720842
814000,0.0034181573864113545,0.21201298701298701,0.002742084488116234,0.0004055533666842075,2.3108728943338437,1.0,2.393806711154409,/net/nfs-ip34/jbod2/def-ilafores/ref_dbs/sourmash_db/RefSeq_20250528.k31.sbt.zip,GCF_025150245.1_ASM2515024v1_genomic,1a61bc75384814965146b3c8fd1a27a5,0.2642857142857143,653000,34,180577000,/nfs3_ib/nfs-ip34/home/def-ilafores/analysis/MethodsComparison/Feces_RA/preproc/SRR5091593/SRR5091593_unmatched_2.fastq,SRR5091593,ac04ca8d,238140000,31,DNA,1000,238140,True,0.832616292848371,0.9579817061258435,0.8952989994871072,0.9579817061258435,False,1509,2199449,3720842
1929000,0.008100277147896195,0.1886099203919167,0.002586713697824809,0.006136245505721554,37.064935064935064,26.5,35.99313161836689,/net/nfs-ip34/jbod2/def-ilafores/ref_dbs/sourmash_db/RefSeq_20250528.k31.sbt.zip,GCF_000210735.1_ASM21073v1_genomic,112a151e28f067050905850dc0b386c2,0.5906307409675444,616000,35,179961000,/nfs3_ib/nfs-ip34/home/def-ilafores/analysis/MethodsComparison/Feces_RA/preproc/SRR5091593/SRR5091593_unmatched_2.fastq,SRR5091593,ac04ca8d,238140000,31,DNA,1000,238140,True,0.8561152912464474,0.9831575039067092,0.9196363975765782,0.9831575039067092,False,22832,2222281,3720842
1998000,0.008390022675736962,0.18230029830957906,0.0023095658016292937,0.0022425031753565455,15.170909090909092,10.0,19.27588859149522,/net/nfs-ip34/jbod2/def-ilafores/ref_dbs/sourmash_db/RefSeq_20250528.k31.sbt.zip,GCF_023347335.1_ASM2334733v1_genomic,d566eb779c3a1233616a97a7ab79e713,0.6622472654955254,550000,36,179411000,/nfs3_ib/nfs-ip34/home/def-ilafores/analysis/MethodsComparison/Feces_RA/preproc/SRR5091593/SRR5091593_unmatched_2.fastq,SRR5091593,ac04ca8d,238140000,31,DNA,1000,238140,True,0.8570864263419546,0.9867939023646846,0.9219401643533196,0.9867939023646846,False,8344,2230625,3720842
619000,0.0025993113294700597,0.19904648390941598,0.0021038044847568656,0.0003413205935645749,2.534930139720559,1.0,4.315094132272093,/net/nfs-ip34/jbod2/def-ilafores/ref_dbs/sourmash_db/RefSeq_20250528.k31.sbt.zip,GCF_018408575.1_ASM1840857v1_genomic,be471ee2a9a4d83e479673ce2822bf12,0.24592769169646406,501000,37,178910000,/nfs3_ib/nfs-ip34/home/def-ilafores/analysis/MethodsComparison/Feces_RA/preproc/SRR5091593/SRR5091593_unmatched_2.fastq,SRR5091593,ac04ca8d,238140000,31,DNA,1000,238140,True,0.8252933244566425,0.9557595074821232,0.8905264159693829,0.9557595074821232,False,1270,2231895,3720842
495000,0.0020786092214663643,0.21503496503496503,0.002066011589821114,0.0001924295629860123,1.4552845528455285,1.0,0.8434543039976246,/net/nfs-ip34/jbod2/def-ilafores/ref_dbs/sourmash_db/RefSeq_20250528.k31.sbt.zip,GCF_001446255.1_ASM144625v1_genomic,f3602204e874a576bea83dfe1785c231,0.21634615384615385,492000,38,178418000,/nfs3_ib/nfs-ip34/home/def-ilafores/analysis/MethodsComparison/Feces_RA/preproc/SRR5091593/SRR5091593_unmatched_2.fastq,SRR5091593,ac04ca8d,238140000,31,DNA,1000,238140,True,0.8193633677580576,0.9518164346335515,0.8855899011958046,0.9518164346335515,False,716,2232611,3720842
2757000,0.011577223481985387,0.08615768819122369,0.0020282186948853615,0.00026499378366509515,2.041407867494824,2.0,1.3988843844345062,/net/nfs-ip34/jbod2/def-ilafores/ref_dbs/sourmash_db/RefSeq_20250528.k31.sbt.zip,GCF_039134825.1_ASM3913482v1_genomic,1fb832542bbd1151534312be10b6906d,0.4917945058865501,483000,39,177935000,/nfs3_ib/nfs-ip34/home/def-ilafores/analysis/MethodsComparison/Feces_RA/preproc/SRR5091593/SRR5091593_unmatched_2.fastq,SRR5091593,ac04ca8d,238140000,31,DNA,1000,238140,True,0.8660353636652375,0.97736669953493,0.9217010316000838,0.97736669953493,False,986,2233597,3720842
3899000,0.016372721928277482,0.08530158110482139,0.0018350550096581843,0.0014351590312085276,12.219679633867276,6.0,14.500604481612074,/net/nfs-ip34/jbod2/def-ilafores/ref_dbs/sourmash_db/RefSeq_20250528.k31.sbt.zip,GCF_020091465.1_ASM2009146v1_genomic,cfcaa7d93ee12c43b81dc72fd8321792,0.7610774936560609,437000,40,177498000,/nfs3_ib/nfs-ip34/home/def-ilafores/analysis/MethodsComparison/Feces_RA/preproc/SRR5091593/SRR5091593_unmatched_2.fastq,SRR5091593,ac04ca8d,238140000,31,DNA,1000,238140,True,0.8757718798423338,0.9912315690629077,0.9335017244526207,0.9912315690629077,False,5340,2238937,3720842
2516000,0.010565213739816915,0.08348794063079777,0.0017006802721088435,0.0008006252348258808,7.355555555555555,2.0,19.67531511034469,/net/nfs-ip34/jbod2/def-ilafores/ref_dbs/sourmash_db/RefSeq_20250528.k31.sbt.zip,GCF_006742345.1_ASM674234v1_genomic,aa13184474b5d866ab5daea20b7e99ed,0.5186559472273758,405000,41,177093000,/nfs3_ib/nfs-ip34/home/def-ilafores/analysis/MethodsComparison/Feces_RA/preproc/SRR5091593/SRR5091593_unmatched_2.fastq,SRR5091593,ac04ca8d,238140000,31,DNA,1000,238140,True,0.8634836890867548,0.9790447886820599,0.9212642388844073,0.9790447886820599,False,2979,2241916,3720842
519000,0.0021793902746283698,0.07272397533550962,0.001683883429915176,0.00020076101054546257,1.8628428927680798,1.0,3.053739933067089,/net/nfs-ip34/jbod2/def-ilafores/ref_dbs/sourmash_db/RefSeq_20250528.k31.sbt.zip,GCF_019930665.1_ASM1993066v1_genomic,d7320230ed69eef737078c57f068087a,0.0941240478781284,401000,42,176692000,/nfs3_ib/nfs-ip34/home/def-ilafores/analysis/MethodsComparison/Feces_RA/preproc/SRR5091593/SRR5091593_unmatched_2.fastq,SRR5091593,ac04ca8d,238140000,31,DNA,1000,238140,True,0.8206157328093312,0.9266027133748055,0.8736092230920683,0.9266027133748055,False,747,2242663,3720842
1878000,0.007886117409926934,0.11025641025641025,0.0016250944822373394,0.028143898612195843,270.59173126614985,86.0,390.5520292870168,/net/nfs-ip34/jbod2/def-ilafores/ref_dbs/sourmash_db/RefSeq_20250528.k31.sbt.zip,GCF_019249795.2_P1C_raw_genomic,daced544df689eeedcdbd81decd8f176,0.535042735042735,387000,43,176305000,/nfs3_ib/nfs-ip34/home/def-ilafores/analysis/MethodsComparison/Feces_RA/preproc/SRR5091593/SRR5091593_unmatched_2.fastq,SRR5091593,ac04ca8d,238140000,31,DNA,1000,238140,True,0.8553756414144082,0.9800276702212185,0.9177016558178134,0.9800276702212185,False,104719,2347382,3720842
700000,0.0029394473838918285,0.053371185237757274,0.0015789031662047535,0.0001792605007146232,1.773936170212766,1.0,1.8289810662241996,/net/nfs-ip34/jbod2/def-ilafores/ref_dbs/sourmash_db/RefSeq_20250528.k31.sbt.zip,GCF_018292125.1_ASM1829212v1_genomic,db815f18771b0ea0ac3270b94c8884ba,0.099361249112846,376000,44,175929000,/nfs3_ib/nfs-ip34/home/def-ilafores/analysis/MethodsComparison/Feces_RA/preproc/SRR5091593/SRR5091593_unmatched_2.fastq,SRR5091593,ac04ca8d,238140000,31,DNA,1000,238140,True,0.8285737137379454,0.9282226521930882,0.8783981829655167,0.9282226521930882,False,667,2348049,3720842
1071000,0.004497354497354497,0.12806539509536785,0.0015789031662047535,0.0013636698360209867,13.49468085106383,9.0,15.105831387891913,/net/nfs-ip34/jbod2/def-ilafores/ref_dbs/sourmash_db/RefSeq_20250528.k31.sbt.zip,GCF_023347295.1_ASM2334729v1_genomic,78db35fa6d9edc0fa99c8623efbe174d,0.36478201634877383,376000,45,175553000,/nfs3_ib/nfs-ip34/home/def-ilafores/analysis/MethodsComparison/Feces_RA/preproc/SRR5091593/SRR5091593_unmatched_2.fastq,SRR5091593,ac04ca8d,238140000,31,DNA,1000,238140,True,0.8400186714275676,0.9679926189839778,0.9040056452057728,0.9679926189839778,False,5074,2353123,3720842
558000,0.002343159486016629,0.10097902097902098,0.0015159150079785,0.00020022349779969157,2.063711911357341,1.0,2.2647085422347093,/net/nfs-ip34/jbod2/def-ilafores/ref_dbs/sourmash_db/RefSeq_20250528.k31.sbt.zip,GCF_025147765.1_ASM2514776v1_genomic,6fb5d9fae55cc8ecb2a67f82352fb7a7,0.15608391608391609,361000,46,175192000,/nfs3_ib/nfs-ip34/home/def-ilafores/analysis/MethodsComparison/Feces_RA/preproc/SRR5091593/SRR5091593_unmatched_2.fastq,SRR5091593,ac04ca8d,238140000,31,DNA,1000,238140,True,0.8225359688175058,0.9418446935294896,0.8821903311734978,0.9418446935294896,False,745,2353868,3720842
429000,0.0018014613252708492,0.10868226600985222,0.001482321323591165,0.00017469164237556982,1.841359773371105,1.0,1.504588023299038,/net/nfs-ip34/jbod2/def-ilafores/ref_dbs/sourmash_db/RefSeq_20250528.k31.sbt.zip,GCF_018140635.1_ASM1814063v1_genomic,03d45a9b9bd5d52d6fdc9c5ba2260f24,0.13208128078817735,353000,47,174839000,/nfs3_ib/nfs-ip34/home/def-ilafores/analysis/MethodsComparison/Feces_RA/preproc/SRR5091593/SRR5091593_unmatched_2.fastq,SRR5091593,ac04ca8d,238140000,31,DNA,1000,238140,True,0.8155897748779457,0.9367852435611501,0.8761875092195479,0.9367852435611501,False,650,2354518,3720842
517000,0.002170991853531536,0.09327258107745913,0.0014613252708490804,0.00029240693369941536,3.1264367816091956,1.0,6.754401881346642,/net/nfs-ip34/jbod2/def-ilafores/ref_dbs/sourmash_db/RefSeq_20250528.k31.sbt.zip,GCF_964272215.1_LUMC_Rgna_QRD018_genomic,1db489ce378c8c9dd0db628b18549369,0.1385687483248459,348000,48,174491000,/nfs3_ib/nfs-ip34/home/def-ilafores/analysis/MethodsComparison/Feces_RA/preproc/SRR5091593/SRR5091593_unmatched_2.fastq,SRR5091593,ac04ca8d,238140000,31,DNA,1000,238140,True,0.8205135325787911,0.9382353322788101,0.8793744324288006,0.9382353322788101,False,1088,2355606,3720842
675000,0.002834467120181406,0.07754551584625759,0.0014487276392038298,0.0001695852712907455,1.8289855072463768,1.0,4.142011744266912,/net/nfs-ip34/jbod2/def-ilafores/ref_dbs/sourmash_db/RefSeq_20250528.k31.sbt.zip,GCF_963360665.1_BFTSDC17_v2_genomic,f0ce3f7b0d131daf996251931d5e8c91,0.15171948752528658,345000,49,174146000,/nfs3_ib/nfs-ip34/home/def-ilafores/analysis/MethodsComparison/Feces_RA/preproc/SRR5091593/SRR5091593_unmatched_2.fastq,SRR5091593,ac04ca8d,238140000,31,DNA,1000,238140,True,0.8276022425934889,0.9409834379801182,0.8842928402868035,0.9409834379801182,False,631,2356237,3720842
371000,0.001557907113462669,0.1355397951142632,0.0014445284286554129,0.00012980932810369267,1.4040697674418605,1.0,0.8120357391421463,/net/nfs-ip34/jbod2/def-ilafores/ref_dbs/sourmash_db/RefSeq_20250528.k31.sbt.zip,GCF_020541925.1_ASM2054192v1_genomic,5dfb2de1c8a49d9f52117f79b9e8a991,0.1461780929866036,344000,50,173802000,/nfs3_ib/nfs-ip34/home/def-ilafores/analysis/MethodsComparison/Feces_RA/preproc/SRR5091593/SRR5091593_unmatched_2.fastq,SRR5091593,ac04ca8d,238140000,31,DNA,1000,238140,True,0.8117771536376784,0.9398547032891351,0.8758159284634068,0.9398547032891351,False,483,2356720,3720842
393000,0.0016502897455278407,0.07766081871345029,0.0013941379020744101,0.00013652823742582996,1.5301204819277108,1.0,1.101339265737488,/net/nfs-ip34/jbod2/def-ilafores/ref_dbs/sourmash_db/RefSeq_20250528.k31.sbt.zip,GCF_900187175.1_51342_A02_genomic,ebb5322e84d5def69ea51d3ef551ea04,0.09192982456140351,332000,51,173470000,/nfs3_ib/nfs-ip34/home/def-ilafores/analysis/MethodsComparison/Feces_RA/preproc/SRR5091593/SRR5091593_unmatched_2.fastq,SRR5091593,ac04ca8d,238140000,31,DNA,1000,238140,True,0.8132870881767681,0.9258979247280158,0.869592506452392,0.9258979247280158,False,508,2357228,3720842
595000,0.0024985302763080542,0.08237643534697953,0.001385739480977576,0.006492347699794831,73.2030303030303,1.0,237.66473328065044,/net/nfs-ip34/jbod2/def-ilafores/ref_dbs/sourmash_db/RefSeq_20250528.k31.sbt.zip,GCF_019249725.2_ASM1924972v2_genomic,b52efe698d9af7f8373fa734735ff63d,0.14852720918622067,330000,52,173140000,/nfs3_ib/nfs-ip34/home/def-ilafores/analysis/MethodsComparison/Feces_RA/preproc/SRR5091593/SRR5091593_unmatched_2.fastq,SRR5091593,ac04ca8d,238140000,31,DNA,1000,238140,True,0.8242412443439835,0.9403381698567121,0.8822897071003478,0.9403381698567121,False,24157,2381385,3720842
679000,0.0028512639623750734,0.06953420993982616,0.001310153691106072,0.00015964128549398227,1.9038461538461537,1.0,2.6573045099089874,/net/nfs-ip34/jbod2/def-ilafores/ref_dbs/sourmash_db/RefSeq_20250528.k31.sbt.zip,GCF_042850115.1_ASM4285011v1_genomic,0a531f0dc11d01b0c4c52863f5abf5c2,0.15132605304212168,312000,53,172828000,/nfs3_ib/nfs-ip34/home/def-ilafores/analysis/MethodsComparison/Feces_RA/preproc/SRR5091593/SRR5091593_unmatched_2.fastq,SRR5091593,ac04ca8d,238140000,31,DNA,1000,238140,True,0.827759994253803,0.9409046251611626,0.8843323097074828,0.9409046251611626,False,594,2381979,3720842
1009000,0.004237003443352649,0.074056491811061,0.001310153691106072,0.0011879031681538749,14.166666666666666,9.0,14.336538103263452,/net/nfs-ip34/jbod2/def-ilafores/ref_dbs/sourmash_db/RefSeq_20250528.k31.sbt.zip,GCF_025151715.1_ASM2515171v1_genomic,9078f78f3ee2e2a4ff118532503c417a,0.23949679563256587,312000,54,172516000,/nfs3_ib/nfs-ip34/home/def-ilafores/analysis/MethodsComparison/Feces_RA/preproc/SRR5091593/SRR5091593_unmatched_2.fastq,SRR5091593,ac04ca8d,238140000,31,DNA,1000,238140,True,0.8384043254310123,0.954942912789611,0.8966736191103116,0.954942912789611,False,4420,2386399,3720842
2309000,0.009695977156294616,0.10366062264796443,0.00127236079617032,0.002643218927328814,32.45874587458746,21.0,33.30047395194052,/net/nfs-ip34/jbod2/def-ilafores/ref_dbs/sourmash_db/RefSeq_20250528.k31.sbt.zip,GCF_019967955.1_ASM1996795v1_genomic,815b92b0272af68e89d6f30eed8923eb,0.7899418405747519,303000,55,172213000,/nfs3_ib/nfs-ip34/home/def-ilafores/analysis/MethodsComparison/Feces_RA/preproc/SRR5091593/SRR5091593_unmatched_2.fastq,SRR5091593,ac04ca8d,238140000,31,DNA,1000,238140,True,0.8610955431254282,0.9924225337011878,0.926759038413308,0.9924225337011878,False,9835,2396234,3720842
342000,0.001436130007558579,0.12416943521594684,0.0012555639539766524,0.00010185866532360148,1.2675585284280937,1.0,0.7282987867823231,/net/nfs-ip34/jbod2/def-ilafores/ref_dbs/sourmash_db/RefSeq_20250528.k31.sbt.zip,GCF_023497865.1_ASM2349786v1_genomic,baa00ac76429009e2c5ed32bad7d3024,0.1420265780730897,299000,56,171914000,/nfs3_ib/nfs-ip34/home/def-ilafores/analysis/MethodsComparison/Feces_RA/preproc/SRR5091593/SRR5091593_unmatched_2.fastq,SRR5091593,ac04ca8d,238140000,31,DNA,1000,238140,True,0.8096486066039913,0.9389816055828449,0.8743151060934181,0.9389816055828449,False,379,2396613,3720842
2120000,0.008902326362643823,0.05337690631808279,0.0012345679012345679,0.00062539607970454,7.914965986394558,2.0,11.57361445398348,/net/nfs-ip34/jbod2/def-ilafores/ref_dbs/sourmash_db/RefSeq_20250528.k31.sbt.zip,GCF_025146415.1_ASM2514641v1_genomic,fc9d6617c5819e3400afd74acbdba136,0.3848946986201888,294000,57,171620000,/nfs3_ib/nfs-ip34/home/def-ilafores/analysis/MethodsComparison/Feces_RA/preproc/SRR5091593/SRR5091593_unmatched_2.fastq,SRR5091593,ac04ca8d,238140000,31,DNA,1000,238140,True,0.8587266714443946,0.9696699413811636,0.9141983064127791,0.9696699413811636,False,2327,2398940,3720842
1917000,0.008049886621315193,0.09812606473594548,0.0012093726379440665,0.002442726673156237,31.55902777777778,21.5,31.3752488108648,/net/nfs-ip34/jbod2/def-ilafores/ref_dbs/sourmash_db/RefSeq_20250528.k31.sbt.zip,GCF_040058985.1_ASM4005898v1_genomic,9217c1f8c150568f8c71781398566ec7,0.6531516183986371,288000,58,171332000,/nfs3_ib/nfs-ip34/home/def-ilafores/analysis/MethodsComparison/Feces_RA/preproc/SRR5091593/SRR5091593_unmatched_2.fastq,SRR5091593,ac04ca8d,238140000,31,DNA,1000,238140,True,0.8559429734149699,0.9863537723932622,0.9211483729041161,0.9863537723932622,False,9089,2408029,3720842
1577000,0.006622155034853448,0.04468388527967042,0.0011841773746535651,0.00028971936997056045,3.8226950354609928,1.0,12.021425133499354,/net/nfs-ip34/jbod2/def-ilafores/ref_dbs/sourmash_db/RefSeq_20250528.k31.sbt.zip,GCF_029369765.1_ASM2936976v1_genomic,19e8b45e36249f6067d7a6393c2a7e02,0.24988115987957535,282000,59,171050000,/nfs3_ib/nfs-ip34/home/def-ilafores/analysis/MethodsComparison/Feces_RA/preproc/SRR5091593/SRR5091593_unmatched_2.fastq,SRR5091593,ac04ca8d,238140000,31,DNA,1000,238140,True,0.8505692075477121,0.9562513225397605,0.9034102650437363,0.9562513225397605,False,1078,2409107,3720842
363000,0.0015243134290753339,0.06154527341155634,0.0011673805324598976,0.00010965260013728076,1.4676258992805755,1.0,0.798399102101012,/net/nfs-ip34/jbod2/def-ilafores/ref_dbs/sourmash_db/RefSeq_20250528.k31.sbt.zip,GCF_019382615.1_ASM1938261v1_genomic,b2400b83c1a7d263519f3302faee3a52,0.08036307283595306,278000,60,170772000,/nfs3_ib/nfs-ip34/home/def-ilafores/analysis/MethodsComparison/Feces_RA/preproc/SRR5091593/SRR5091593_unmatched_2.fastq,SRR5091593,ac04ca8d,238140000,31,DNA,1000,238140,True,0.811206511862475,0.9218902949753085,0.8665484034188917,0.9218902949753085,False,408,2409515,3720842
1864000,0.007827328462249096,0.08530805687203792,0.0011337868480725624,0.0007245671812992865,9.985185185185186,7.0,11.411810117194012,/net/nfs-ip34/jbod2/def-ilafores/ref_dbs/sourmash_db/RefSeq_20250528.k31.sbt.zip,GCF_002734145.1_ASM273414v1_genomic,d36cd3d827e7c481f3d6eaa28052d315,0.5889415481832544,270000,61,170502000,/nfs3_ib/nfs-ip34/home/def-ilafores/analysis/MethodsComparison/Feces_RA/preproc/SRR5091593/SRR5091593_unmatched_2.fastq,SRR5091593,ac04ca8d,238140000,31,DNA,1000,238140,True,0.8551691989445817,0.9830666745389551,0.9191179367417683,0.9830666745389551,False,2696,2412211,3720842
303000,0.00127236079617032,0.08219602977667494,0.001112790795330478,0.0001319593790867766,1.8528301886792453,1.0,3.2326520319767424,/net/nfs-ip34/jbod2/def-ilafores/ref_dbs/sourmash_db/RefSeq_20250528.k31.sbt.zip,GCF_042848755.1_ASM4284875v1_genomic,92985eccd492baad7ea1e3f3c13c1b98,0.09398263027295285,265000,62,170237000,/nfs3_ib/nfs-ip34/home/def-ilafores/analysis/MethodsComparison/Feces_RA/preproc/SRR5091593/SRR5091593_unmatched_2.fastq,SRR5091593,ac04ca8d,238140000,31,DNA,1000,238140,True,0.8064924973586268,0.926557771551971,0.8665251344552989,0.926557771551971,False,491,2412702,3720842
261000,0.0010959939531368103,0.1259881422924901,0.001070798689846309,0.00012416544427309732,1.811764705882353,1.0,1.3847413659304872,/net/nfs-ip34/jbod2/def-ilafores/ref_dbs/sourmash_db/RefSeq_20250528.k31.sbt.zip,GCF_013267495.1_ASM1326749v1_genomic,a8c430254a9d54d434cc4d7fc56d7a1a,0.12895256916996048,255000,63,169982000,/nfs3_ib/nfs-ip34/home/def-ilafores/analysis/MethodsComparison/Feces_RA/preproc/SRR5091593/SRR5091593_unmatched_2.fastq,SRR5091593,ac04ca8d,238140000,31,DNA,1000,238140,True,0.802619931859163,0.9360610912279198,0.8693405115435414,0.9360610912279198,False,462,2413164,3720842
2691000,0.011300075585789871,0.04980314960629921,0.0010624002687494752,0.00019753593407083667,2.9051383399209487,2.0,2.2331701001663724,/net/nfs-ip34/jbod2/def-ilafores/ref_dbs/sourmash_db/RefSeq_20250528.k31.sbt.zip,GCF_005706655.1_ASM570665v1_genomic,83aa780b83c8ffdf47bc578f794bbd64,0.5297244094488189,253000,64,169729000,/nfs3_ib/nfs-ip34/home/def-ilafores/analysis/MethodsComparison/Feces_RA/preproc/SRR5091593/SRR5091593_unmatched_2.fastq,SRR5091593,ac04ca8d,238140000,31,DNA,1000,238140,True,0.8653587164539155,0.9797119077169385,0.9225353120854269,0.9797119077169385,False,735,2413899,3720842
639000,0.0026832955404383976,0.1111111111111111,0.0010498026371042245,0.0012013409867981494,17.88,17.0,9.382622234748665,/net/nfs-ip34/jbod2/def-ilafores/ref_dbs/sourmash_db/RefSeq_20250528.k31.sbt.zip,GCF_902388175.1_UHGG_MGYG-HGUT-02539_genomic,139286699907f4d64c15ca615fb65f4b,0.284,250000,65,169479000,/nfs3_ib/nfs-ip34/home/def-ilafores/analysis/MethodsComparison/Feces_RA/preproc/SRR5091593/SRR5091593_unmatched_2.fastq,SRR5091593,ac04ca8d,238140000,31,DNA,1000,238140,True,0.8261403282335941,0.9602075307425658,0.8931739294880799,0.9602075307425658,False,4470,2418369,3720842
1761000,0.007394809775762156,0.10353535353535354,0.001033005794910557,0.00035341463034442203,5.345528455284553,4.0,5.084501431019155,/net/nfs-ip34/jbod2/def-ilafores/ref_dbs/sourmash_db/RefSeq_20250528.k31.sbt.zip,GCF_003945365.1_PFJ30894_01_genomic,41e393347aeaa24ab6fcfff277c4c1f9,0.7411616161616161,246000,66,169233000,/nfs3_ib/nfs-ip34/home/def-ilafores/analysis/MethodsComparison/Feces_RA/preproc/SRR5091593/SRR5091593_unmatched_2.fastq,SRR5091593,ac04ca8d,238140000,31,DNA,1000,238140,True,0.853602561969241,0.9903840616088967,0.9219933117890688,0.9903840616088967,False,1315,2419684,3720842
1516000,0.006366003191400017,0.05469970975664211,0.00102880658436214,0.00019780469044372215,3.0040816326530613,2.0,4.3307141883402105,/net/nfs-ip34/jbod2/def-ilafores/ref_dbs/sourmash_db/RefSeq_20250528.k31.sbt.zip,GCF_025148125.1_ASM2514812v1_genomic,20e22b7a195404638366fe78b372a400,0.338468408126814,245000,67,168988000,/nfs3_ib/nfs-ip34/home/def-ilafores/analysis/MethodsComparison/Feces_RA/preproc/SRR5091593/SRR5091593_unmatched_2.fastq,SRR5091593,ac04ca8d,238140000,31,DNA,1000,238140,True,0.8494875049107156,0.9656576064601292,0.9075725556854224,0.9656576064601292,False,736,2420420,3720842
1917000,0.008049886621315193,0.05304039059032401,0.0010036113210716386,0.00017254159139248589,2.6861924686192467,2.0,2.2955883058747277,/net/nfs-ip34/jbod2/def-ilafores/ref_dbs/sourmash_db/RefSeq_20250528.k31.sbt.zip,GCF_020091365.1_ASM2009136v1_genomic,ef23ca7c0c2ee8ae3e8a4537f4cacf2d,0.42543275632490013,239000,68,168749000,/nfs3_ib/nfs-ip34/home/def-ilafores/analysis/MethodsComparison/Feces_RA/preproc/SRR5091593/SRR5091593_unmatched_2.fastq,SRR5091593,ac04ca8d,238140000,31,DNA,1000,238140,True,0.8559429734149699,0.9728072622279784,0.9143751178214742,0.9728072622279784,False,642,2421062,3720842
1428000,0.00599647266313933,0.05657604702424688,0.0009700176366843034,0.013878310339433923,223.54545454545453,111.0,283.4169467106758,/net/nfs-ip34/jbod2/def-ilafores/ref_dbs/sourmash_db/RefSeq_20250528.k31.sbt.zip,GCF_032452555.1_ASM3245255v1_genomic,1ad811d7d51280706b0cbe0a9464310c,0.34974283614988977,231000,69,168518000,/nfs3_ib/nfs-ip34/home/def-ilafores/analysis/MethodsComparison/Feces_RA/preproc/SRR5091593/SRR5091593_unmatched_2.fastq,SRR5091593,ac04ca8d,238140000,31,DNA,1000,238140,True,0.8478503840595459,0.9666788577674713,0.9072646209135087,0.9666788577674713,False,51639,2472701,3720842
312000,0.001310153691106072,0.04073680481756996,0.0009658184261358865,0.00011207140749325018,1.8130434782608695,1.0,2.3396031524925585,/net/nfs-ip34/jbod2/def-ilafores/ref_dbs/sourmash_db/RefSeq_20250528.k31.sbt.zip,GCF_020341675.1_ASM2034167v1_genomic,bd2850a06cddf8a9c679f450156df141,0.05526036131774708,230000,70,168288000,/nfs3_ib/nfs-ip34/home/def-ilafores/analysis/MethodsComparison/Feces_RA/preproc/SRR5091593/SRR5091593_unmatched_2.fastq,SRR5091593,ac04ca8d,238140000,31,DNA,1000,238140,True,0.8072543519345163,0.9108202983609701,0.8590373251477432,0.9108202983609701,False,417,2473118,3720842
420000,0.001763668430335097,0.05590690614722995,0.0009280255312001344,0.0001588350163753258,2.67420814479638,1.0,5.501354414238814,/net/nfs-ip34/jbod2/def-ilafores/ref_dbs/sourmash_db/RefSeq_20250528.k31.sbt.zip,GCF_036419255.1_ASM3641925v1_genomic,cc90865ac4b45b3dd14605490161db88,0.10624841892233747,221000,71,168067000,/nfs3_ib/nfs-ip34/home/def-ilafores/analysis/MethodsComparison/Feces_RA/preproc/SRR5091593/SRR5091593_unmatched_2.fastq,SRR5091593,ac04ca8d,238140000,31,DNA,1000,238140,True,0.8150321493410227,0.9302315125872084,0.8726318309641156,0.9302315125872084,False,591,2473709,3720842
1165000,0.004892080288905686,0.07292011932383162,0.0009238263206517175,0.001080938131745449,18.28181818181818,7.0,24.15880483880917,/net/nfs-ip34/jbod2/def-ilafores/ref_dbs/sourmash_db/RefSeq_20250528.k31.sbt.zip,GCF_040026365.1_ASM4002636v1_genomic,9de4932095473c9973b31ae4d68399ec,0.386145177328472,220000,72,167847000,/nfs3_ib/nfs-ip34/home/def-ilafores/analysis/MethodsComparison/Feces_RA/preproc/SRR5091593/SRR5091593_unmatched_2.fastq,SRR5091593,ac04ca8d,238140000,31,DNA,1000,238140,True,0.8423014236099297,0.9697714060399246,0.9060364148249271,0.9697714060399246,False,4022,2477731,3720842
503000,0.0021122029058536994,0.0578847714362997,0.0008986310573612161,0.00015480367078204342,2.691588785046729,1.0,6.721997943637498,/net/nfs-ip34/jbod2/def-ilafores/ref_dbs/sourmash_db/RefSeq_20250528.k31.sbt.zip,GCF_000210015.1_ASM21001v1_genomic,6f351faff0bbc09512221a953fad4daf,0.1360562618339194,214000,73,167633000,/nfs3_ib/nfs-ip34/home/def-ilafores/analysis/MethodsComparison/Feces_RA/preproc/SRR5091593/SRR5091593_unmatched_2.fastq,SRR5091593,ac04ca8d,238140000,31,DNA,1000,238140,True,0.8197872311422606,0.9376816919920528,0.8787344615671566,0.9376816919920528,False,576,2478307,3720842
629000,0.0026413034349542287,0.051400730816077954,0.0008860334257159653,0.009635184724317776,169.90995260663507,1.0,421.8534442011324,/net/nfs-ip34/jbod2/def-ilafores/ref_dbs/sourmash_db/RefSeq_20250528.k31.sbt.zip,GCF_019249655.2_ASM1924965v2_genomic,3f5e042dde22a559937bb52d73a1aae8,0.15322777101096224,211000,74,167422000,/nfs3_ib/nfs-ip34/home/def-ilafores/analysis/MethodsComparison/Feces_RA/preproc/SRR5091593/SRR5091593_unmatched_2.fastq,SRR5091593,ac04ca8d,238140000,31,DNA,1000,238140,True,0.8257200843584221,0.9412837559776339,0.8835019201680281,0.9412837559776339,False,35851,2514158,3720842
302000,0.001268161585621903,0.03230865746549561,0.0008650373729738809,0.00014835351783279161,2.679611650485437,1.0,8.158875793766976,/net/nfs-ip34/jbod2/def-ilafores/ref_dbs/sourmash_db/RefSeq_20250528.k31.sbt.zip,GCF_016889665.1_ASM1688966v1_genomic,93f73424a62c9a7810069426678c2739,0.04736511919698871,206000,75,167216000,/nfs3_ib/nfs-ip34/home/def-ilafores/analysis/MethodsComparison/Feces_RA/preproc/SRR5091593/SRR5091593_unmatched_2.fastq,SRR5091593,ac04ca8d,238140000,31,DNA,1000,238140,True,0.806406498933481,0.9063018347175724,0.8563541668255268,0.9063018347175724,False,552,2514710,3720842
1230000,0.005165028974552784,0.0630119722747322,0.0008398421096833795,0.0005737948561105255,10.675,7.0,12.577733301354423,/net/nfs-ip34/jbod2/def-ilafores/ref_dbs/sourmash_db/RefSeq_20250528.k31.sbt.zip,GCF_023347235.1_ASM2334723v1_genomic,463a8ff2f26f37a3c67c2a86a64398f8,0.387523629489603,200000,76,167016000,/nfs3_ib/nfs-ip34/home/def-ilafores/analysis/MethodsComparison/Feces_RA/preproc/SRR5091593/SRR5091593_unmatched_2.fastq,SRR5091593,ac04ca8d,238140000,31,DNA,1000,238140,True,0.8437779142707164,0.9698828867454828,0.9068304005080996,0.9698828867454828,False,2135,2516845,3720842
2274000,0.009549004787100026,0.042493528904227786,0.0008272444780381288,0.0002160801237999356,4.081218274111675,2.0,12.272022679566229,/net/nfs-ip34/jbod2/def-ilafores/ref_dbs/sourmash_db/RefSeq_20250528.k31.sbt.zip,GCF_024760085.1_ASM2476008v1_genomic,d22a231abb372af890fb48167198d8a7,0.4905090595340811,197000,77,166819000,/nfs3_ib/nfs-ip34/home/def-ilafores/analysis/MethodsComparison/Feces_RA/preproc/SRR5091593/SRR5091593_unmatched_2.fastq,SRR5091593,ac04ca8d,238140000,31,DNA,1000,238140,True,0.8606713737726704,0.9772841877483632,0.9189777807605168,0.9772841877483632,False,804,2517649,3720842
224000,0.0009406231628453851,0.06878118317890235,0.0008104476358444612,0.00010884633101862428,2.098445595854922,1.0,4.454217035271099,/net/nfs-ip34/jbod2/def-ilafores/ref_dbs/sourmash_db/RefSeq_20250528.k31.sbt.zip,GCF_015097455.1_ASM1509745v1_genomic,ad2202613b9c5f4de5c0bb121ca6ed7a,0.07982893799002139,193000,78,166626000,/nfs3_ib/nfs-ip34/home/def-ilafores/analysis/MethodsComparison/Feces_RA/preproc/SRR5091593/SRR5091593_unmatched_2.fastq,SRR5091593,ac04ca8d,238140000,31,DNA,1000,238140,True,0.7986716106273227,0.9216919996386043,0.8601818051329635,0.9216919996386043,False,405,2518054,3720842
303000,0.00127236079617032,0.06544321329639889,0.0007936507936507937,0.000101589908950716,2.0,1.0,3.113377859033769,/net/nfs-ip34/jbod2/def-ilafores/ref_dbs/sourmash_db/RefSeq_20250528.k31.sbt.zip,GCF_025150745.1_ASM2515074v1_genomic,f264b62f2a1798cf106db911e66dcf25,0.1049168975069252,189000,79,166437000,/nfs3_ib/nfs-ip34/home/def-ilafores/analysis/MethodsComparison/Feces_RA/preproc/SRR5091593/SRR5091593_unmatched_2.fastq,SRR5091593,ac04ca8d,238140000,31,DNA,1000,238140,True,0.8064924973586268,0.9298531550957567,0.8681728262271917,0.9298531550957567,False,378,2518432,3720842
230000,0.0009658184261358865,0.10112963959117806,0.0007894515831023768,7.578929715370876e-05,1.5,1.0,0.8154100913168028,/net/nfs-ip34/jbod2/def-ilafores/ref_dbs/sourmash_db/RefSeq_20250528.k31.sbt.zip,GCF_022024355.1_ASM2202435v1_genomic,8bcbc1827b642b2eb3eac7c9bde79c4f,0.12372243141473911,188000,80,166249000,/nfs3_ib/nfs-ip34/home/def-ilafores/analysis/MethodsComparison/Feces_RA/preproc/SRR5091593/SRR5091593_unmatched_2.fastq,SRR5091593,ac04ca8d,238140000,31,DNA,1000,238140,True,0.7993529169269793,0.9348117088064595,0.8670823128667193,0.9348117088064595,False,282,2518714,3720842
2822000,0.011850172167632485,0.0007587559630954015,0.0007894515831023768,0.0005823950600428613,11.52659574468085,1.0,72.04958646437635,/net/nfs-ip34/jbod2/def-ilafores/ref_dbs/sourmash_db/RefSeq_20250528.k31.sbt.zip,plasmid.1.1.genomic,8051cea624a45a3e4dc84e7fef1c6e83,0.011389411318378844,188000,81,166061000,/nfs3_ib/nfs-ip34/home/def-ilafores/analysis/MethodsComparison/Feces_RA/preproc/SRR5091593/SRR5091593_unmatched_2.fastq,SRR5091593,ac04ca8d,238140000,31,DNA,1000,238140,True,0.8666866077853015,0.8655785643977221,0.8661325860915118,0.8666866077853015,False,2167,2520881,3720842
2321000,0.00974636768287562,0.06146408839779006,0.0007474594776182078,0.0010887320665591282,22.758426966292134,11.0,27.066357528953088,/net/nfs-ip34/jbod2/def-ilafores/ref_dbs/sourmash_db/RefSeq_20250528.k31.sbt.zip,GCF_036632915.2_ASM3663291v2_genomic,1be8a5fa3d48a02ef6804d87b6dc2cbb,0.801450276243094,178000,82,165883000,/nfs3_ib/nfs-ip34/home/def-ilafores/analysis/MethodsComparison/Feces_RA/preproc/SRR5091593/SRR5091593_unmatched_2.fastq,SRR5091593,ac04ca8d,238140000,31,DNA,1000,238140,True,0.8612395413644326,0.9928856743496228,0.9270626078570277,0.9928856743496228,False,4051,2524932,3720842
1387000,0.005824305030654237,0.02634400367590749,0.0007222642143277064,7.256422067908285e-05,1.569767441860465,1.0,0.9218371151385392,/net/nfs-ip34/jbod2/def-ilafores/ref_dbs/sourmash_db/RefSeq_20250528.k31.sbt.zip,GCF_025916315.1_ASM2591631v1_genomic,a861cd4f4fc1c18dd8addbc67f8937d7,0.21243682034002145,172000,83,165711000,/nfs3_ib/nfs-ip34/home/def-ilafores/analysis/MethodsComparison/Feces_RA/preproc/SRR5091593/SRR5091593_unmatched_2.fastq,SRR5091593,ac04ca8d,238140000,31,DNA,1000,238140,True,0.8470540053362259,0.951256714410213,0.8991553598732194,0.951256714410213,False,270,2525202,3720842
1658000,0.006962291089275216,0.04408352668213457,0.0007180650037792895,0.010999123316711648,239.33333333333334,120.0,294.6632928281887,/net/nfs-ip34/jbod2/def-ilafores/ref_dbs/sourmash_db/RefSeq_20250528.k31.sbt.zip,GCF_032451715.1_ASM3245171v1_genomic,f1795b36006e7a505f203c85c8c93bd2,0.4274297499355504,171000,84,165540000,/nfs3_ib/nfs-ip34/home/def-ilafores/analysis/MethodsComparison/Feces_RA/preproc/SRR5091593/SRR5091593_unmatched_2.fastq,SRR5091593,ac04ca8d,238140000,31,DNA,1000,238140,True,0.8519446118355639,0.9729542314369336,0.9124494216362488,0.9729542314369336,False,40926,2566128,3720842
1743000,0.007319223985890653,0.023919429290809903,0.0007180650037792895,7.498302803505228e-05,1.631578947368421,1.0,1.4137782188004053,/net/nfs-ip34/jbod2/def-ilafores/ref_dbs/sourmash_db/RefSeq_20250528.k31.sbt.zip,GCF_918258265.1_BOVAC1_genomic,d7ca7470d77ebe0344d62e56d1ab47e0,0.24381032312211498,171000,85,165369000,/nfs3_ib/nfs-ip34/home/def-ilafores/analysis/MethodsComparison/Feces_RA/preproc/SRR5091593/SRR5091593_unmatched_2.fastq,SRR5091593,ac04ca8d,238140000,31,DNA,1000,238140,True,0.8533197066995114,0.9554929494873479,0.9044063280934296,0.9554929494873479,False,279,2566407,3720842
1645000,0.0069077013521457965,0.0318769923120195,0.0007138657932308726,0.00014244087762931078,3.1176470588235294,2.0,5.1068852362872805,/net/nfs-ip34/jbod2/def-ilafores/ref_dbs/sourmash_db/RefSeq_20250528.k31.sbt.zip,GCF_029369685.1_ASM2936968v1_genomic,616b6eb65d964b64030cd25de5f05d76,0.30845677854865927,170000,86,165199000,/nfs3_ib/nfs-ip34/home/def-ilafores/analysis/MethodsComparison/Feces_RA/preproc/SRR5091593/SRR5091593_unmatched_2.fastq,SRR5091593,ac04ca8d,238140000,31,DNA,1000,238140,True,0.8517283093322852,0.9627696635154879,0.9072489864238865,0.9627696635154879,False,530,2566937,3720842
694000,0.002914252120601327,0.057986481679117755,0.0006844713193919543,0.0006415214620776696,14.644171779141104,10.0,16.6315838871786,/net/nfs-ip34/jbod2/def-ilafores/ref_dbs/sourmash_db/RefSeq_20250528.k31.sbt.zip,GCF_028743395.1_ASM2874339v1_genomic,bc5680b67a040c88f41f779ed94a8fca,0.24688722874421914,163000,87,165036000,/nfs3_ib/nfs-ip34/home/def-ilafores/analysis/MethodsComparison/Feces_RA/preproc/SRR5091593/SRR5091593_unmatched_2.fastq,SRR5091593,ac04ca8d,238140000,31,DNA,1000,238140,True,0.8283436594599932,0.9558795742043064,0.8921116168321498,0.9558795742043064,False,2387,2569324,3720842
1029000,0.004320987654320987,0.046052631578947366,0.0006760728982951205,0.00012524046976463928,2.8944099378881987,1.0,4.513062455402192,/net/nfs-ip34/jbod2/def-ilafores/ref_dbs/sourmash_db/RefSeq_20250528.k31.sbt.zip,GCF_028743455.1_ASM2874345v1_genomic,e7c81f7d63e990a73ddfcefd48f5bb04,0.2943363844393593,161000,88,164875000,/nfs3_ib/nfs-ip34/home/def-ilafores/analysis/MethodsComparison/Feces_RA/preproc/SRR5091593/SRR5091593_unmatched_2.fastq,SRR5091593,ac04ca8d,238140000,31,DNA,1000,238140,True,0.8389353309865024,0.9613154758228654,0.9001254034046839,0.9613154758228654,False,466,2569790,3720842
162000,0.0006802721088435374,0.08303249097472924,0.0006760728982951205,6.7726605967144e-05,1.565217391304348,1.0,1.1133442916489185,/net/nfs-ip34/jbod2/def-ilafores/ref_dbs/sourmash_db/RefSeq_20250528.k31.sbt.zip,GCF_014931295.1_ASM1493129v1_genomic,6efc5a85cf36f959d48a31cf34e6abe4,0.08354822073233625,161000,89,164714000,/nfs3_ib/nfs-ip34/home/def-ilafores/analysis/MethodsComparison/Feces_RA/preproc/SRR5091593/SRR5091593_unmatched_2.fastq,SRR5091593,ac04ca8d,238140000,31,DNA,1000,238140,True,0.7903664069094916,0.9230469270740614,0.8567066669917764,0.9230469270740614,False,252,2570042,3720842
223000,0.0009364239522969682,0.06807410598879793,0.0006634752666498698,5.9663914780579236e-05,1.4050632911392404,1.0,0.7797920420891868,/net/nfs-ip34/jbod2/def-ilafores/ref_dbs/sourmash_db/RefSeq_20250528.k31.sbt.zip,GCF_003860285.1_ASM386028v1_genomic,39a83b91bee1d9f942ac708195c3697e,0.09607927617406291,158000,90,164556000,/nfs3_ib/nfs-ip34/home/def-ilafores/analysis/MethodsComparison/Feces_RA/preproc/SRR5091593/SRR5091593_unmatched_2.fastq,SRR5091593,ac04ca8d,238140000,31,DNA,1000,238140,True,0.7985563453738171,0.927217466244863,0.86288690580934,0.927217466244863,False,222,2570264,3720842
1792000,0.007524985302763081,0.05559490084985836,0.0006592760561014529,0.0004587671285155349,10.872611464968152,7.0,12.60003342157618,/net/nfs-ip34/jbod2/def-ilafores/ref_dbs/sourmash_db/RefSeq_20250528.k31.sbt.zip,GCF_024167885.1_ASM2416788v1_genomic,ce4fdc293b1b11e3766ab11638f10cc6,0.6345609065155807,157000,91,164399000,/nfs3_ib/nfs-ip34/home/def-ilafores/analysis/MethodsComparison/Feces_RA/preproc/SRR5091593/SRR5091593_unmatched_2.fastq,SRR5091593,ac04ca8d,238140000,31,DNA,1000,238140,True,0.8540832062299152,0.9854354270371039,0.9197593166335095,0.9854354270371039,False,1707,2571971,3720842
275000,0.0011547829008146469,0.04281767955801105,0.0006508776350046191,0.0001182528040696165,2.838709677419355,1.0,6.135548318917985,/net/nfs-ip34/jbod2/def-ilafores/ref_dbs/sourmash_db/RefSeq_20250528.k31.sbt.zip,GCF_005121165.3_ASM512116v3_genomic,74059216b7cd65a7ff314267c1b83b8e,0.07596685082872928,155000,92,164244000,/nfs3_ib/nfs-ip34/home/def-ilafores/analysis/MethodsComparison/Feces_RA/preproc/SRR5091593/SRR5091593_unmatched_2.fastq,SRR5091593,ac04ca8d,238140000,31,DNA,1000,238140,True,0.8039738934172157,0.92021879815428,0.8620963457857478,0.92021879815428,False,440,2572411,3720842
321000,0.001347946586041824,0.04423191870890616,0.0006214831611657008,7.874561725544917e-05,1.9797297297297298,1.0,3.293050821159273,/net/nfs-ip34/jbod2/def-ilafores/ref_dbs/sourmash_db/RefSeq_20250528.k31.sbt.zip,GCF_045061065.1_ASM4506106v1_genomic,af810c6e00a2b94057226e642af6e200,0.09593544530783024,148000,93,164096000,/nfs3_ib/nfs-ip34/home/def-ilafores/analysis/MethodsComparison/Feces_RA/preproc/SRR5091593/SRR5091593_unmatched_2.fastq,SRR5091593,ac04ca8d,238140000,31,DNA,1000,238140,True,0.8079952287067665,0.9271726580898171,0.8675839433982918,0.9271726580898171,False,293,2572704,3720842
959000,0.004027042915931805,0.05001736714136853,0.0006046863189720333,0.00010373995993379993,2.6805555555555554,2.0,3.110584032732657,/net/nfs-ip34/jbod2/def-ilafores/ref_dbs/sourmash_db/RefSeq_20250528.k31.sbt.zip,GCF_024168045.1_ASM2416804v1_genomic,1689b6c3fb62fec0dd444e73a686577b,0.33310177144841957,144000,94,163952000,/nfs3_ib/nfs-ip34/home/def-ilafores/analysis/MethodsComparison/Feces_RA/preproc/SRR5091593/SRR5091593_unmatched_2.fastq,SRR5091593,ac04ca8d,238140000,31,DNA,1000,238140,True,0.837030902695533,0.9651598698869198,0.9010953862912264,0.9651598698869198,False,386,2573090,3720842
3786000,0.015898211136306375,0.0286,0.0006004871084236164,0.0003614773215309868,9.405594405594405,4.0,14.066394890167222,/net/nfs-ip34/jbod2/def-ilafores/ref_dbs/sourmash_db/RefSeq_20250528.k31.sbt.zip,GCF_016766915.1_ASM1676691v1_genomic,bca43bd2d776e339740f17809f096165,0.7572,143000,95,163809000,/nfs3_ib/nfs-ip34/home/def-ilafores/analysis/MethodsComparison/Feces_RA/preproc/SRR5091593/SRR5091593_unmatched_2.fastq,SRR5091593,ac04ca8d,238140000,31,DNA,1000,238140,True,0.8749414189645891,0.991068260658826,0.9330048398117076,0.991068260658826,False,1345,2574435,3720842
649000,0.0027252876459225666,0.057211925866236905,0.0005962878978751995,0.0006950039802818824,18.211267605633804,17.5,14.495667631513795,/net/nfs-ip34/jbod2/def-ilafores/ref_dbs/sourmash_db/RefSeq_20250528.k31.sbt.zip,GCF_042851345.1_ASM4285134v1_genomic,f81cc3ef25c95cbc9b1785d595b1acfe,0.26148267526188557,142000,96,163667000,/nfs3_ib/nfs-ip34/home/def-ilafores/analysis/MethodsComparison/Feces_RA/preproc/SRR5091593/SRR5091593_unmatched_2.fastq,SRR5091593,ac04ca8d,238140000,31,DNA,1000,238140,True,0.8265542552416791,0.957652256046174,0.8921032556439266,0.957652256046174,False,2586,2577021,3720842
608000,0.0025531200134374737,0.027920344898378156,0.0005710926345846981,8.035815549276212e-05,2.198529411764706,1.0,2.957592057493175,/net/nfs-ip34/jbod2/def-ilafores/ref_dbs/sourmash_db/RefSeq_20250528.k31.sbt.zip,GCF_018289295.1_ASM1828929v1_genomic,efcaf620d43a1e990655112ba5460db1,0.12482036542804352,136000,97,163531000,/nfs3_ib/nfs-ip34/home/def-ilafores/analysis/MethodsComparison/Feces_RA/preproc/SRR5091593/SRR5091593_unmatched_2.fastq,SRR5091593,ac04ca8d,238140000,31,DNA,1000,238140,True,0.8248161130676405,0.935078168925269,0.8799471409964548,0.935078168925269,False,299,2577320,3720842
800000,0.003359368438733518,0.035254616675993285,0.0005291005291005291,6.987665695022793e-05,2.0634920634920637,2.0,1.494678559412946,/net/nfs-ip34/jbod2/def-ilafores/ref_dbs/sourmash_db/RefSeq_20250528.k31.sbt.zip,GCF_000209835.1_ASM20983v1_genomic,ab50710d4b2685ccaecb7b36ef7d16eb,0.2238388360380526,126000,98,163405000,/nfs3_ib/nfs-ip34/home/def-ilafores/analysis/MethodsComparison/Feces_RA/preproc/SRR5091593/SRR5091593_unmatched_2.fastq,SRR5091593,ac04ca8d,238140000,31,DNA,1000,238140,True,0.8321504632417724,0.9528623680606314,0.8925064156512019,0.9528623680606314,False,260,2577580,3720842
730000,0.0030654237003443353,0.04065040650406504,0.0005249013185521122,0.00013303440457831857,3.96,1.0,12.426037180050606,/net/nfs-ip34/jbod2/def-ilafores/ref_dbs/sourmash_db/RefSeq_20250528.k31.sbt.zip,GCF_042848525.1_ASM4284852v1_genomic,268c95f33661b42130c76be0c47d4640,0.23739837398373984,125000,99,163280000,/nfs3_ib/nfs-ip34/home/def-ilafores/analysis/MethodsComparison/Feces_RA/preproc/SRR5091593/SRR5091593_unmatched_2.fastq,SRR5091593,ac04ca8d,238140000,31,DNA,1000,238140,True,0.8296961000928015,0.9546718582370407,0.8921839791649211,0.9546718582370407,False,495,2578075,3720842
777000,0.0032627865961199296,0.040740740740740744,0.0005081044763584447,9.11084104081818e-05,2.8016528925619837,1.0,4.183042972241093,/net/nfs-ip34/jbod2/def-ilafores/ref_dbs/sourmash_db/RefSeq_20250528.k31.sbt.zip,GCF_001998765.1_ASM199876v1_genomic,c87f75fcf13611b56f2643edb90d05be,0.26161616161616164,121000,100,163159000,/nfs3_ib/nfs-ip34/home/def-ilafores/analysis/MethodsComparison/Feces_RA/preproc/SRR5091593/SRR5091593_unmatched_2.fastq,SRR5091593,ac04ca8d,238140000,31,DNA,1000,238140,True,0.8313677678484802,0.9576680224570421,0.8945178951527611,0.9576680224570421,False,339,2578414,3720842
1195000,0.005018056605358192,0.041305102395001736,0.0004997060552616109,0.00028891310085190394,9.033613445378151,7.0,8.740837001158852,/net/nfs-ip34/jbod2/def-ilafores/ref_dbs/sourmash_db/RefSeq_20250528.k31.sbt.zip,GCF_003312465.1_ASM331246v1_genomic,be5c860d5d238c3f38a0963a5d83b576,0.41478653245400904,119000,101,163040000,/nfs3_ib/nfs-ip34/home/def-ilafores/analysis/MethodsComparison/Feces_RA/preproc/SRR5091593/SRR5091593_unmatched_2.fastq,SRR5091593,ac04ca8d,238140000,31,DNA,1000,238140,True,0.8429925326778651,0.9720123049536609,0.907502418815763,0.9720123049536609,False,1075,2579489,3720842
952000,0.003997648442092887,0.0281086231538828,0.000495506844713194,4.6494852509190126e-05,1.4661016949152543,1.0,0.9176443994791406,/net/nfs-ip34/jbod2/def-ilafores/ref_dbs/sourmash_db/RefSeq_20250528.k31.sbt.zip,GCF_020181555.1_ASM2018155v1_genomic,8469ab5e4b1c2b2c7b791e98ae874535,0.22677465459742735,118000,102,162922000,/nfs3_ib/nfs-ip34/home/def-ilafores/analysis/MethodsComparison/Feces_RA/preproc/SRR5091593/SRR5091593_unmatched_2.fastq,SRR5091593,ac04ca8d,238140000,31,DNA,1000,238140,True,0.8368331156818195,0.9532629772645005,0.89504804647316,0.9532629772645005,False,173,2579662,3720842
1684000,0.007071470563534055,0.033628318584070796,0.00047871000251952634,0.004707536627462278,153.64912280701753,36.5,241.82993815997764,/net/nfs-ip34/jbod2/def-ilafores/ref_dbs/sourmash_db/RefSeq_20250528.k31.sbt.zip,GCF_020735445.1_ASM2073544v1_genomic,914c0a88ebdaaccdb90ec78fe93e1fa1,0.4967551622418879,114000,103,162808000,/nfs3_ib/nfs-ip34/home/def-ilafores/analysis/MethodsComparison/Feces_RA/preproc/SRR5091593/SRR5091593_unmatched_2.fastq,SRR5091593,ac04ca8d,238140000,31,DNA,1000,238140,True,0.8523723365296532,0.9776831752843599,0.9150277559070066,0.9776831752843599,False,17516,2597178,3720842
1908000,0.00801209372637944,0.040585009140767826,0.00046611237087427565,0.0008393261525213916,28.135135135135137,18.0,26.98497629612558,/net/nfs-ip34/jbod2/def-ilafores/ref_dbs/sourmash_db/RefSeq_20250528.k31.sbt.zip,GCF_902388275.1_UHGG_MGYG-HGUT-02545_genomic,35aa97e0127f24ba3813815f3d766914,0.6976234003656308,111000,104,162697000,/nfs3_ib/nfs-ip34/home/def-ilafores/analysis/MethodsComparison/Feces_RA/preproc/SRR5091593/SRR5091593_unmatched_2.fastq,SRR5091593,ac04ca8d,238140000,31,DNA,1000,238140,True,0.855813048619698,0.9884518473413778,0.922132447980538,0.9884518473413778,False,3123,2600301,3720842
299000,0.0012555639539766524,0.02006566946369938,0.00046191316032585876,0.00014620346684970768,4.945454545454545,1.0,10.441034748125793,/net/nfs-ip34/jbod2/def-ilafores/ref_dbs/sourmash_db/RefSeq_20250528.k31.sbt.zip,GCF_042852215.1_ASM4285221v1_genomic,d35409bea897b51a978082dedf226ca8,0.05454213790587377,110000,105,162587000,/nfs3_ib/nfs-ip34/home/def-ilafores/analysis/MethodsComparison/Feces_RA/preproc/SRR5091593/SRR5091593_unmatched_2.fastq,SRR5091593,ac04ca8d,238140000,31,DNA,1000,238140,True,0.806146840291634,0.9104360049891377,0.8582914226403858,0.9104360049891377,False,544,2600845,3720842
2267000,0.009519610313261108,0.03863716192483316,0.00046191316032585876,0.0007533241131980342,25.48181818181818,13.5,29.074115891562943,/net/nfs-ip34/jbod2/def-ilafores/ref_dbs/sourmash_db/RefSeq_20250528.k31.sbt.zip,GCF_042854225.1_ASM4285422v1_genomic,387027c4a6ea2f36548bc8ed31ebb8dc,0.7962767825781525,110000,106,162477000,/nfs3_ib/nfs-ip34/home/def-ilafores/analysis/MethodsComparison/Feces_RA/preproc/SRR5091593/SRR5091593_unmatched_2.fastq,SRR5091593,ac04ca8d,238140000,31,DNA,1000,238140,True,0.8605857822117265,0.99267827612571,0.9266320291687182,0.99267827612571,False,2803,2603648,3720842
1599000,0.006714537666918619,0.02509785862307161,0.00045771394977744186,7.256422067908285e-05,2.477064220183486,2.0,2.00273359184702,/net/nfs-ip34/jbod2/def-ilafores/ref_dbs/sourmash_db/RefSeq_20250528.k31.sbt.zip,GCF_015679285.1_ASM1567928v1_genomic,45fd681443cce466fcd8278dc02a4bdd,0.3681786783329496,109000,107,162368000,/nfs3_ib/nfs-ip34/home/def-ilafores/analysis/MethodsComparison/Feces_RA/preproc/SRR5091593/SRR5091593_unmatched_2.fastq,SRR5091593,ac04ca8d,238140000,31,DNA,1000,238140,True,0.850949418077047,0.9682820732972396,0.9096157456871433,0.9682820732972396,False,270,2603918,3720842
1242000,0.005215419501133787,0.030371203599550055,0.00045351473922902497,5.213873633978546e-05,1.7962962962962963,1.0,1.1118824483168943,/net/nfs-ip34/jbod2/def-ilafores/ref_dbs/sourmash_db/RefSeq_20250528.k31.sbt.zip,GCF_045070525.1_ASM4507052v1_genomic,214150bf2398bbfa49ab399581721b68,0.34926884139482567,108000,108,162260000,/nfs3_ib/nfs-ip34/home/def-ilafores/analysis/MethodsComparison/Feces_RA/preproc/SRR5091593/SRR5091593_unmatched_2.fastq,SRR5091593,ac04ca8d,238140000,31,DNA,1000,238140,True,0.8440422163964332,0.9666365684969299,0.9053393924466815,0.9666365684969299,False,194,2604112,3720842
494000,0.0020744100109179476,0.021739130434782608,0.00043251868648694044,0.00013572196830717348,4.902912621359223,2.0,9.608364643803197,/net/nfs-ip34/jbod2/def-ilafores/ref_dbs/sourmash_db/RefSeq_20250528.k31.sbt.zip,GCF_020735865.1_ASM2073586v1_genomic,be5dafe4a3de9c37ebecacd7a8f5820f,0.10426340227944281,103000,109,162157000,/nfs3_ib/nfs-ip34/home/def-ilafores/analysis/MethodsComparison/Feces_RA/preproc/SRR5091593/SRR5091593_unmatched_2.fastq,SRR5091593,ac04ca8d,238140000,31,DNA,1000,238140,True,0.8193099193792782,0.9296657583880157,0.874487838883647,0.9296657583880157,False,505,2604617,3720842
101000,0.00042412026539010664,0.028862973760932945,0.00041572184429327285,3.3863302983572e-05,1.2727272727272727,1.0,0.5999693900976766,/net/nfs-ip34/jbod2/def-ilafores/ref_dbs/sourmash_db/RefSeq_20250528.k31.sbt.zip,GCF_002056725.1_ASM205672v1_genomic,04b18999c2783fc451a2e8bd5e4b286c,0.02944606413994169,99000,110,162058000,/nfs3_ib/nfs-ip34/home/def-ilafores/analysis/MethodsComparison/Feces_RA/preproc/SRR5091593/SRR5091593_unmatched_2.fastq,SRR5091593,ac04ca8d,238140000,31,DNA,1000,238140,True,0.7784116432751759,0.8925114212475928,0.8354615322613843,0.8925114212475928,False,126,2604743,3720842
1787000,0.007503989250020996,0.03362218370883882,0.00040732342319643906,0.000303694701360606,11.649484536082474,10.0,9.4465847612681,/net/nfs-ip34/jbod2/def-ilafores/ref_dbs/sourmash_db/RefSeq_20250528.k31.sbt.zip,GCF_002586945.1_ASM258694v1_genomic,37548ff8695f19adfb807e1221069651,0.6194107452339688,97000,111,161961000,/nfs3_ib/nfs-ip34/home/def-ilafores/analysis/MethodsComparison/Feces_RA/preproc/SRR5091593/SRR5091593_unmatched_2.fastq,SRR5091593,ac04ca8d,238140000,31,DNA,1000,238140,True,0.8540062298467951,0.9846675743882074,0.9193369021175013,0.9846675743882074,False,1130,2605873,3720842
2629000,0.011039724531788024,0.01946077437664707,0.00040312421264802217,7.122043881465539e-05,2.7604166666666665,2.0,1.9986703479369035,/net/nfs-ip34/jbod2/def-ilafores/ref_dbs/sourmash_db/RefSeq_20250528.k31.sbt.zip,GCF_045689415.1_ASM4568941v1_genomic,6bce66b634b08044fc3b860c0033ad49,0.5329414149604703,96000,112,161865000,/nfs3_ib/nfs-ip34/home/def-ilafores/analysis/MethodsComparison/Feces_RA/preproc/SRR5091593/SRR5091593_unmatched_2.fastq,SRR5091593,ac04ca8d,238140000,31,DNA,1000,238140,True,0.8647082859078707,0.9799032740425271,0.9223057799751989,0.9799032740425271,False,265,2606138,3720842
1057000,0.004438565549676661,0.016424951948278876,0.0003947257915511884,4.085096867859479e-05,1.6170212765957446,1.0,1.1587445790800086,/net/nfs-ip34/jbod2/def-ilafores/ref_dbs/sourmash_db/RefSeq_20250528.k31.sbt.zip,GCF_042850145.1_ASM4285014v1_genomic,6350fb91e771d4a1538082fbe2684b37,0.18469334265245502,94000,113,161771000,/nfs3_ib/nfs-ip34/home/def-ilafores/analysis/MethodsComparison/Feces_RA/preproc/SRR5091593/SRR5091593_unmatched_2.fastq,SRR5091593,ac04ca8d,238140000,31,DNA,1000,238140,True,0.8396621975145846,0.9469719974144296,0.893317097464507,0.9469719974144296,False,152,2606290,3720842
215000,0.000902830267909633,0.02902621722846442,0.0003905265810027715,5.4288787322869395e-05,2.172043010752688,2.0,1.6888225580441174,/net/nfs-ip34/jbod2/def-ilafores/ref_dbs/sourmash_db/RefSeq_20250528.k31.sbt.zip,GCF_006542745.1_6CPBBH3_genomic,fd3fc44b40474382e7e9ffb3487da7b2,0.06710362047440699,93000,114,161678000,/nfs3_ib/nfs-ip34/home/def-ilafores/analysis/MethodsComparison/Feces_RA/preproc/SRR5091593/SRR5091593_unmatched_2.fastq,SRR5091593,ac04ca8d,238140000,31,DNA,1000,238140,True,0.7976157947845641,0.916543528359656,0.8570796615721101,0.916543528359656,False,202,2606492,3720842
103000,0.00043251868648694044,0.030557421087978508,0.0003821281599059377,3.574459759377044e-05,1.4615384615384615,1.0,1.1025215086755171,/net/nfs-ip34/jbod2/def-ilafores/ref_dbs/sourmash_db/RefSeq_20250528.k31.sbt.zip,GCF_000723465.1_Rb803_genomic,a0c72778e7e9a92bec9989c7d509e086,0.03458697112155809,91000,115,161587000,/nfs3_ib/nfs-ip34/home/def-ilafores/analysis/MethodsComparison/Feces_RA/preproc/SRR5091593/SRR5091593_unmatched_2.fastq,SRR5091593,ac04ca8d,238140000,31,DNA,1000,238140,True,0.7789041687836483,0.8971563722913442,0.8380302705374962,0.8971563722913442,False,133,2606625,3720842
91000,0.0003821281599059377,0.042642924086223055,0.0003821281599059377,2.633812454277822e-05,1.0769230769230769,1.0,0.30493267968157384,/net/nfs-ip34/jbod2/def-ilafores/ref_dbs/sourmash_db/RefSeq_20250528.k31.sbt.zip,GCF_928721995.1_min17_bin56_genomic,7d7bd610d15eed1259788fbc7a3a6ce1,0.042642924086223055,91000,116,161496000,/nfs3_ib/nfs-ip34/home/def-ilafores/analysis/MethodsComparison/Feces_RA/preproc/SRR5091593/SRR5091593_unmatched_2.fastq,SRR5091593,ac04ca8d,238140000,31,DNA,1000,238140,True,0.7757980413521264,0.9032365752477274,0.8395173082999269,0.9032365752477274,False,98,2606723,3720842
1609000,0.006756529772402788,0.023032143761073147,0.0003821281599059377,0.0063251812358600555,258.6263736263736,59.0,365.9727861242591,/net/nfs-ip34/jbod2/def-ilafores/ref_dbs/sourmash_db/RefSeq_20250528.k31.sbt.zip,GCF_032452275.1_ASM3245227v1_genomic,2a6b1835ddcd5f0e781fcfaaf5bdb754,0.4072386737534801,91000,117,161405000,/nfs3_ib/nfs-ip34/home/def-ilafores/analysis/MethodsComparison/Feces_RA/preproc/SRR5091593/SRR5091593_unmatched_2.fastq,SRR5091593,ac04ca8d,238140000,31,DNA,1000,238140,True,0.8511205703873753,0.9714366499765972,0.9112786101819863,0.9714366499765972,False,23535,2630258,3720842
113000,0.00047451079197110944,0.04005340453938585,0.0003779289493575208,3.0906982881831586e-05,1.2777777777777777,1.0,0.6151382460296181,/net/nfs-ip34/jbod2/def-ilafores/ref_dbs/sourmash_db/RefSeq_20250528.k31.sbt.zip,GCF_902386775.1_UHGG_MGYG-HGUT-02396_genomic,eab915f69d107141bfa6d27aee2223af,0.05028927458834001,90000,118,161315000,/nfs3_ib/nfs-ip34/home/def-ilafores/analysis/MethodsComparison/Feces_RA/preproc/SRR5091593/SRR5091593_unmatched_2.fastq,SRR5091593,ac04ca8d,238140000,31,DNA,1000,238140,True,0.781235791953403,0.9080549051491841,0.8446453485512935,0.9080549051491841,False,115,2630373,3720842
806000,0.0033845637020240194,0.03218806509945751,0.0003737297388091039,0.00043726661868469555,18.280898876404493,9.0,22.64180719156239,/net/nfs-ip34/jbod2/def-ilafores/ref_dbs/sourmash_db/RefSeq_20250528.k31.sbt.zip,GCF_023347275.1_ASM2334727v1_genomic,88f1b5eec91b23fd70f1b11b9f13bd9a,0.291500904159132,89000,119,161226000,/nfs3_ib/nfs-ip34/home/def-ilafores/analysis/MethodsComparison/Feces_RA/preproc/SRR5091593/SRR5091593_unmatched_2.fastq,SRR5091593,ac04ca8d,238140000,31,DNA,1000,238140,True,0.8323510629198742,0.9610153388888523,0.8966832009043633,0.9610153388888523,False,1627,2632000,3720842
322000,0.001352145796590241,0.022378677395021373,0.0003737297388091039,0.0004762362927530919,19.910112359550563,1.0,116.80365167154491,/net/nfs-ip34/jbod2/def-ilafores/ref_dbs/sourmash_db/RefSeq_20250528.k31.sbt.zip,GCF_016888945.1_ASM1688894v1_genomic,6371c60d4254945f85db4e1518aa1225,0.08096555192356047,89000,120,161137000,/nfs3_ib/nfs-ip34/home/def-ilafores/analysis/MethodsComparison/Feces_RA/preproc/SRR5091593/SRR5091593_unmatched_2.fastq,SRR5091593,ac04ca8d,238140000,31,DNA,1000,238140,True,0.8080763039505443,0.9221124378709313,0.8650943709107378,0.9221124378709313,False,1772,2633772,3720842
566000,0.002376753170403964,0.03853046594982079,0.0003611321071638532,0.0003722275764464065,16.1046511627907,16.0,11.884158959751346,/net/nfs-ip34/jbod2/def-ilafores/ref_dbs/sourmash_db/RefSeq_20250528.k31.sbt.zip,GCF_005576555.1_ASM557655v1_genomic,9382b14dc5fbc85a9b1dd4319ea3bf7e,0.253584229390681,86000,121,161051000,/nfs3_ib/nfs-ip34/home/def-ilafores/analysis/MethodsComparison/Feces_RA/preproc/SRR5091593/SRR5091593_unmatched_2.fastq,SRR5091593,ac04ca8d,238140000,31,DNA,1000,238140,True,0.8229137618349787,0.9567052050775477,0.8898094834562632,0.9567052050775477,False,1385,2635157,3720842
966000,0.004056437389770723,0.021608040201005024,0.0003611321071638532,0.0003270765058016438,14.151162790697674,11.5,11.265833758573963,/net/nfs-ip34/jbod2/def-ilafores/ref_dbs/sourmash_db/RefSeq_20250528.k31.sbt.zip,GCF_000209995.1_ASM20999v1_genomic,300ebb94b057c743776c0c6aab2d0089,0.24271356783919598,86000,122,160965000,/nfs3_ib/nfs-ip34/home/def-ilafores/analysis/MethodsComparison/Feces_RA/preproc/SRR5091593/SRR5091593_unmatched_2.fastq,SRR5091593,ac04ca8d,238140000,31,DNA,1000,238140,True,0.837227297484062,0.9553539956620466,0.8962906465730542,0.9553539956620466,False,1217,2636374,3720842
1832000,0.007692953724699757,0.019715726730857405,0.0003611321071638532,5.9663914780579236e-05,2.5813953488372094,2.0,2.6826969954284237,/net/nfs-ip34/jbod2/def-ilafores/ref_dbs/sourmash_db/RefSeq_20250528.k31.sbt.zip,GCF_020735605.1_ASM2073560v1_genomic,bf79e48da9be9fcacdb5c95f57331d86,0.4199908298945438,86000,123,160879000,/nfs3_ib/nfs-ip34/home/def-ilafores/analysis/MethodsComparison/Feces_RA/preproc/SRR5091593/SRR5091593_unmatched_2.fastq,SRR5091593,ac04ca8d,238140000,31,DNA,1000,238140,True,0.8546916389614162,0.9724033479230576,0.913547493442237,0.9724033479230576,False,222,2636596,3720842
216000,0.0009070294784580499,0.012797350195724179,0.0003569328966154363,6.127645301789219e-05,2.6823529411764704,1.0,7.640775699312026,/net/nfs-ip34/jbod2/def-ilafores/ref_dbs/sourmash_db/RefSeq_20250528.k31.sbt.zip,GCF_041119805.1_ASM4111980v1_genomic,c08a9f2c3f75003dafbdf763488e0761,0.032520325203252036,85000,124,160794000,/nfs3_ib/nfs-ip34/home/def-ilafores/analysis/MethodsComparison/Feces_RA/preproc/SRR5091593/SRR5091593_unmatched_2.fastq,SRR5091593,ac04ca8d,238140000,31,DNA,1000,238140,True,0.7977351985607116,0.8953750658886456,0.8465551322246786,0.8953750658886456,False,228,2636824,3720842
2171000,0.009116486100613086,0.016565656565656565,0.0003443352649701856,4.353853240744971e-05,1.975609756097561,2.0,1.2876108501283425,/net/nfs-ip34/jbod2/def-ilafores/ref_dbs/sourmash_db/RefSeq_20250528.k31.sbt.zip,GCF_032452855.1_ASM3245285v1_genomic,d3b7db64a3ee051cbbe16b797861660f,0.4385858585858586,82000,125,160712000,/nfs3_ib/nfs-ip34/home/def-ilafores/analysis/MethodsComparison/Feces_RA/preproc/SRR5091593/SRR5091593_unmatched_2.fastq,SRR5091593,ac04ca8d,238140000,31,DNA,1000,238140,True,0.8593854233620525,0.973763238379178,0.9165743308706152,0.973763238379178,False,162,2636986,3720842
4022000,0.01688922482573276,0.01519815313582147,0.0003317376333249349,0.0003012758940046366,14.189873417721518,8.0,18.52611974057722,/net/nfs-ip34/jbod2/def-ilafores/ref_dbs/sourmash_db/RefSeq_20250528.k31.sbt.zip,GCF_024759565.1_ASM2475956v1_genomic,960bb5f95152f9a5590d4499db9b2620,0.77375913813005,79000,126,160633000,/nfs3_ib/nfs-ip34/home/def-ilafores/analysis/MethodsComparison/Feces_RA/preproc/SRR5091593/SRR5091593_unmatched_2.fastq,SRR5091593,ac04ca8d,238140000,31,DNA,1000,238140,True,0.876649763343371,0.9917601146970755,0.9342049390202232,0.9917601146970755,False,1121,2638107,3720842
254000,0.001066599479297892,0.023737066342057214,0.000327538422776518,8.223945010296057e-05,3.923076923076923,1.5,7.036114222570381,/net/nfs-ip34/jbod2/def-ilafores/ref_dbs/sourmash_db/RefSeq_20250528.k31.sbt.zip,GCF_045002895.1_ASM4500289v1_genomic,dcf539ba4c82009d09e4501c72acd6ed,0.0772976262933658,78000,127,160555000,/nfs3_ib/nfs-ip34/home/def-ilafores/analysis/MethodsComparison/Feces_RA/preproc/SRR5091593/SRR5091593_unmatched_2.fastq,SRR5091593,ac04ca8d,238140000,31,DNA,1000,238140,True,0.8019163649866875,0.9207344484199008,0.8613254067032942,0.9207344484199008,False,306,2638413,3720842
241000,0.0010120097421684724,0.021684737281067557,0.000327538422776518,4.73011216278466e-05,2.2564102564102564,1.0,7.100805114040739,/net/nfs-ip34/jbod2/def-ilafores/ref_dbs/sourmash_db/RefSeq_20250528.k31.sbt.zip,GCF_000265365.1_ASM26536v1_genomic,79a393fb99d8977a1fe96a36cabdd09c,0.06700027800945232,78000,128,160477000,/nfs3_ib/nfs-ip34/home/def-ilafores/analysis/MethodsComparison/Feces_RA/preproc/SRR5091593/SRR5091593_unmatched_2.fastq,SRR5091593,ac04ca8d,238140000,31,DNA,1000,238140,True,0.8005584660428631,0.9164979616048229,0.858528213823843,0.9164979616048229,False,176,2638589,3720842
2165000,0.009091290837322583,0.02490986561783022,0.0003191400016796842,0.0004493606554645427,22.0,7.5,32.176323430026684,/net/nfs-ip34/jbod2/def-ilafores/ref_dbs/sourmash_db/RefSeq_20250528.k31.sbt.zip,GCF_042852915.1_ASM4285291v1_genomic,83df1fc7945fffe52952776a8424f7ce,0.709603408718453,76000,129,160401000,/nfs3_ib/nfs-ip34/home/def-ilafores/analysis/MethodsComparison/Feces_RA/preproc/SRR5091593/SRR5091593_unmatched_2.fastq,SRR5091593,ac04ca8d,238140000,31,DNA,1000,238140,True,0.8593087050298195,0.9889949058292361,0.9241518054295278,0.9889949058292361,False,1672,2640261,3720842
1717000,0.007210044511631813,0.030473135525260625,0.0003191400016796842,7.632680989947974e-05,3.736842105263158,2.0,3.928199068585714,/net/nfs-ip34/jbod2/def-ilafores/ref_dbs/sourmash_db/RefSeq_20250528.k31.sbt.zip,GCF_900683765.1_Phascolarctobacterium_succinatutens_82G5_genomic,3f78203e6069e7dd0f934cece4bae86a,0.6884522854851644,76000,130,160325000,/nfs3_ib/nfs-ip34/home/def-ilafores/analysis/MethodsComparison/Feces_RA/preproc/SRR5091593/SRR5091593_unmatched_2.fastq,SRR5091593,ac04ca8d,238140000,31,DNA,1000,238140,True,0.8529061069856508,0.9880299831609066,0.9204680450732787,0.9880299831609066,False,284,2640545,3720842
164000,0.0006886705299403712,0.03680078508341511,0.0003149407911312673,2.6606880915663713e-05,1.32,1.0,0.5455272678794342,/net/nfs-ip34/jbod2/def-ilafores/ref_dbs/sourmash_db/RefSeq_20250528.k31.sbt.zip,GCF_000210895.1_ASM21089v1_genomic,364e7e1727f57ba63e8216dbea229ae5,0.08047105004906771,75000,131,160250000,/nfs3_ib/nfs-ip34/home/def-ilafores/analysis/MethodsComparison/Feces_RA/preproc/SRR5091593/SRR5091593_unmatched_2.fastq,SRR5091593,ac04ca8d,238140000,31,DNA,1000,238140,True,0.7906793033127666,0.9219302260441101,0.8563047646784383,0.9219302260441101,False,99,2640644,3720842
502000,0.0021080036953052828,0.018993839835728953,0.0003107415805828504,3.117573925471708e-05,1.5675675675675675,1.0,1.1280344191734706,/net/nfs-ip34/jbod2/def-ilafores/ref_dbs/sourmash_db/RefSeq_20250528.k31.sbt.zip,GCF_025147325.1_ASM2514732v1_genomic,0878062848e44bf823b15b8a5d1eba75,0.12885010266940453,74000,132,160176000,/nfs3_ib/nfs-ip34/home/def-ilafores/analysis/MethodsComparison/Feces_RA/preproc/SRR5091593/SRR5091593_unmatched_2.fastq,SRR5091593,ac04ca8d,238140000,31,DNA,1000,238140,True,0.8197346064470878,0.9360370884536785,0.8778858474503832,0.9360370884536785,False,116,2640760,3720842
2548000,0.010699588477366255,0.01425544211134656,0.0003107415805828504,7.122043881465539e-05,3.581081081081081,2.5,5.492025562323035,/net/nfs-ip34/jbod2/def-ilafores/ref_dbs/sourmash_db/RefSeq_20250528.k31.sbt.zip,GCF_018289175.1_ASM1828917v1_genomic,c011021d83e072fd7dafbdfb08120209,0.4908495472933924,74000,133,160102000,/nfs3_ib/nfs-ip34/home/def-ilafores/analysis/MethodsComparison/Feces_RA/preproc/SRR5091593/SRR5091593_unmatched_2.fastq,SRR5091593,ac04ca8d,238140000,31,DNA,1000,238140,True,0.8638357947692306,0.9773060637435775,0.920570929256404,0.9773060637435775,False,265,2641025,3720842
398000,0.0016712857982699252,0.0231819625277866,0.0003065423700344335,5.186997996689997e-05,2.643835616438356,1.0,3.240877029167186,/net/nfs-ip34/jbod2/def-ilafores/ref_dbs/sourmash_db/RefSeq_20250528.k31.sbt.zip,GCF_042850025.1_ASM4285002v1_genomic,26ae838edf91db815bafb3211b734604,0.1263893299460146,73000,134,160029000,/nfs3_ib/nfs-ip34/home/def-ilafores/analysis/MethodsComparison/Feces_RA/preproc/SRR5091593/SRR5091593_unmatched_2.fastq,SRR5091593,ac04ca8d,238140000,31,DNA,1000,238140,True,0.8136188298603203,0.9354550341756037,0.874536932017962,0.9354550341756037,False,193,2641218,3720842
121000,0.0005081044763584447,0.025530384753685725,0.00029814394893759973,0.00011207140749325018,5.873239436619718,3.0,9.20797201673528,/net/nfs-ip34/jbod2/def-ilafores/ref_dbs/sourmash_db/RefSeq_20250528.k31.sbt.zip,GCF_014334055.1_ASM1433405v1_genomic,7d82c091b7553167242da89b74e9d599,0.04350952894642215,71000,135,159958000,/nfs3_ib/nfs-ip34/home/def-ilafores/analysis/MethodsComparison/Feces_RA/preproc/SRR5091593/SRR5091593_unmatched_2.fastq,SRR5091593,ac04ca8d,238140000,31,DNA,1000,238140,True,0.7829615228938722,0.9038229548731843,0.8433922388835282,0.9038229548731843,False,417,2641635,3720842
632000,0.002653901066599479,0.013712047012732615,0.00029394473838918284,9.030214128952533e-05,4.8,3.0,6.237215495945057,/net/nfs-ip34/jbod2/def-ilafores/ref_dbs/sourmash_db/RefSeq_20250528.k31.sbt.zip,GCF_009193325.2_ASM919332v2_genomic,20d3ad2db691676c0843017fd7066d73,0.1238001958863859,70000,136,159888000,/nfs3_ib/nfs-ip34/home/def-ilafores/analysis/MethodsComparison/Feces_RA/preproc/SRR5091593/SRR5091593_unmatched_2.fastq,SRR5091593,ac04ca8d,238140000,31,DNA,1000,238140,True,0.825846832461273,0.9348306567979237,0.8803387446295983,0.9348306567979237,False,336,2641971,3720842
72000,0.0003023431594860166,0.034013605442176874,0.00029394473838918284,2.7681906407205682e-05,1.4714285714285715,1.0,1.1553778426054715,/net/nfs-ip34/jbod2/def-ilafores/ref_dbs/sourmash_db/RefSeq_20250528.k31.sbt.zip,GCF_002082765.1_ASM208276v1_genomic,c888cf6718182132d09c086b08468787,0.03498542274052478,70000,137,159818000,/nfs3_ib/nfs-ip34/home/def-ilafores/analysis/MethodsComparison/Feces_RA/preproc/SRR5091593/SRR5091593_unmatched_2.fastq,SRR5091593,ac04ca8d,238140000,31,DNA,1000,238140,True,0.7699592604318602,0.8974879307279263,0.8337235955798933,0.8974879307279263,False,103,2642074,3720842
102000,0.00042831947593852354,0.020529604284439156,0.00028974552784076594,2.8488175525862158e-05,1.536231884057971,1.0,1.7576310650197717,/net/nfs-ip34/jbod2/def-ilafores/ref_dbs/sourmash_db/RefSeq_20250528.k31.sbt.zip,GCF_000210055.1_ASM21005v1_genomic,99e65f8593549ca8e3e843eee40eeb60,0.03034811068134484,69000,138,159749000,/nfs3_ib/nfs-ip34/home/def-ilafores/analysis/MethodsComparison/Feces_RA/preproc/SRR5091593/SRR5091593_unmatched_2.fastq,SRR5091593,ac04ca8d,238140000,31,DNA,1000,238140,True,0.7786590742778039,0.8933805747425516,0.8360198245101778,0.8933805747425516,False,106,2642180,3720842
1017000,0.0042705971277399845,0.024294390853876385,0.00028554631729234904,0.0003077260469538884,16.83823529411765,7.0,21.21431972964713,/net/nfs-ip34/jbod2/def-ilafores/ref_dbs/sourmash_db/RefSeq_20250528.k31.sbt.zip,GCF_023347535.1_ASM2334753v1_genomic,1a6ea346590b713f033b7fae8ab21643,0.3633440514469453,68000,139,159681000,/nfs3_ib/nfs-ip34/home/def-ilafores/analysis/MethodsComparison/Feces_RA/preproc/SRR5091593/SRR5091593_unmatched_2.fastq,SRR5091593,ac04ca8d,238140000,31,DNA,1000,238140,True,0.8386179395407486,0.9678692928971115,0.9032436162189301,0.9678692928971115,False,1145,2643325,3720842
953000,0.004001847652641303,0.018093437753173104,0.00028134710674393215,2.7681906407205682e-05,1.537313432835821,1.0,1.2967048733715505,/net/nfs-ip34/jbod2/def-ilafores/ref_dbs/sourmash_db/RefSeq_20250528.k31.sbt.zip,GCF_022845675.1_ASM2284567v1_genomic,dc5db18b01e855478b35f8ecd5651460,0.2573588981906562,67000,140,159614000,/nfs3_ib/nfs-ip34/home/def-ilafores/analysis/MethodsComparison/Feces_RA/preproc/SRR5091593/SRR5091593_unmatched_2.fastq,SRR5091593,ac04ca8d,238140000,31,DNA,1000,238140,True,0.8368614569691994,0.9571613093415036,0.8970113831553514,0.9571613093415036,False,103,2643428,3720842
107000,0.00044931552868060807,0.010885458976441918,0.00028134710674393215,4.703236525496111e-05,2.611940298507463,1.0,4.455267631475973,/net/nfs-ip34/jbod2/def-ilafores/ref_dbs/sourmash_db/RefSeq_20250528.k31.sbt.zip,GCF_025149125.1_ASM2514912v1_genomic,ee57b146d808065c374f21482d0a5cda,0.017384240454914702,67000,141,159547000,/nfs3_ib/nfs-ip34/home/def-ilafores/analysis/MethodsComparison/Feces_RA/preproc/SRR5091593/SRR5091593_unmatched_2.fastq,SRR5091593,ac04ca8d,238140000,31,DNA,1000,238140,True,0.7798620517810673,0.8774670753669619,0.8286645635740146,0.8774670753669619,False,175,2643603,3720842
2021000,0.00848660451835055,0.009427325172365273,0.00028134710674393215,2.875693189874765e-05,1.5970149253731343,1.0,1.1070965319792656,/net/nfs-ip34/jbod2/def-ilafores/ref_dbs/sourmash_db/RefSeq_20250528.k31.sbt.zip,GCF_007012325.1_ASM701232v1_genomic,a7b4985e87bb40499949cd88a98ca789,0.2843675249753764,67000,142,159480000,/nfs3_ib/nfs-ip34/home/def-ilafores/analysis/MethodsComparison/Feces_RA/preproc/SRR5091593/SRR5091593_unmatched_2.fastq,SRR5091593,ac04ca8d,238140000,31,DNA,1000,238140,True,0.8574029365105417,0.9602475897450613,0.9088252631278015,0.9602475897450613,False,107,2643710,3720842
332000,0.0013941379020744101,0.019303890026323486,0.00027714789619551525,3.8700917695510856e-05,2.1818181818181817,1.0,2.1313610028612953,/net/nfs-ip34/jbod2/def-ilafores/ref_dbs/sourmash_db/RefSeq_20250528.k31.sbt.zip,GCF_025149785.1_ASM2514978v1_genomic,8c91537000df08516afde1ea4eac7752,0.09710441649605148,66000,143,159414000,/nfs3_ib/nfs-ip34/home/def-ilafores/analysis/MethodsComparison/Feces_RA/preproc/SRR5091593/SRR5091593_unmatched_2.fastq,SRR5091593,ac04ca8d,238140000,31,DNA,1000,238140,True,0.8088739147424618,0.9275349643810034,0.8682044395617325,0.9275349643810034,False,144,2643854,3720842
155000,0.0006508776350046191,0.01875532821824382,0.00027714789619551525,0.0001459347104768222,8.227272727272727,6.0,8.594916493583893,/net/nfs-ip34/jbod2/def-ilafores/ref_dbs/sourmash_db/RefSeq_20250528.k31.sbt.zip,GCF_025146135.1_ASM2514613v1_genomic,7eaae742c69417c8e76f081fe338897d,0.04404660414890594,66000,144,159348000,/nfs3_ib/nfs-ip34/home/def-ilafores/analysis/MethodsComparison/Feces_RA/preproc/SRR5091593/SRR5091593_unmatched_2.fastq,SRR5091593,ac04ca8d,238140000,31,DNA,1000,238140,True,0.789241033146929,0.9041807147096146,0.8467108739282718,0.9041807147096146,False,543,2644397,3720842
494000,0.0020744100109179476,0.028297779712668697,0.00027294868564709836,2.633812454277822e-05,1.5076923076923077,1.0,0.99418427208637,/net/nfs-ip34/jbod2/def-ilafores/ref_dbs/sourmash_db/RefSeq_20250528.k31.sbt.zip,GCF_040711965.1_ASM4071196v1_genomic,cc2e35263b124926cc75d0a78323817c,0.21506312581628212,65000,145,159283000,/nfs3_ib/nfs-ip34/home/def-ilafores/analysis/MethodsComparison/Feces_RA/preproc/SRR5091593/SRR5091593_unmatched_2.fastq,SRR5091593,ac04ca8d,238140000,31,DNA,1000,238140,True,0.8193099193792782,0.9516338232785128,0.8854718713288955,0.9516338232785128,False,98,2644495,3720842
63000,0.00026455026455026457,0.02672889266016122,0.00026455026455026457,2.2844291695266825e-05,1.3492063492063493,1.0,0.7999748043399464,/net/nfs-ip34/jbod2/def-ilafores/ref_dbs/sourmash_db/RefSeq_20250528.k31.sbt.zip,GCF_005696695.1_ASM569669v1_genomic,3d0dfb3e84cae72bb819df8873e40343,0.02672889266016122,63000,146,159220000,/nfs3_ib/nfs-ip34/home/def-ilafores/analysis/MethodsComparison/Feces_RA/preproc/SRR5091593/SRR5091593_unmatched_2.fastq,SRR5091593,ac04ca8d,238140000,31,DNA,1000,238140,True,0.7666498211845536,0.88972839414169,0.8281891076631218,0.88972839414169,False,85,2644580,3720842
1198000,0.005030654237003444,0.01928734880679961,0.000247753422356597,0.0001663601948161196,10.491525423728813,10.0,10.108517773214206,/net/nfs-ip34/jbod2/def-ilafores/ref_dbs/sourmash_db/RefSeq_20250528.k31.sbt.zip,GCF_040059215.1_ASM4005921v1_genomic,32b4f8c9ded2e30d47a15c3a2652e364,0.39163125204315136,59000,147,159161000,/nfs3_ib/nfs-ip34/home/def-ilafores/analysis/MethodsComparison/Feces_RA/preproc/SRR5091593/SRR5091593_unmatched_2.fastq,SRR5091593,ac04ca8d,238140000,31,DNA,1000,238140,True,0.8430607176043037,0.9702128246523714,0.9066367711283375,0.9702128246523714,False,619,2645199,3720842
967000,0.00406063660031914,0.01429275505174963,0.00024355421180818006,0.0003034259449877205,19.46551724137931,16.5,13.051906344102381,/net/nfs-ip34/jbod2/def-ilafores/ref_dbs/sourmash_db/RefSeq_20250528.k31.sbt.zip,GCF_000210655.1_ASM21065v1_genomic,586860c088f340576435f05f9fd3cc1d,0.23829472646623953,58000,148,159103000,/nfs3_ib/nfs-ip34/home/def-ilafores/analysis/MethodsComparison/Feces_RA/preproc/SRR5091593/SRR5091593_unmatched_2.fastq,SRR5091593,ac04ca8d,238140000,31,DNA,1000,238140,True,0.8372552413902099,0.9547879232457296,0.8960215823179698,0.9547879232457296,False,1129,2646328,3720842
3438000,0.014436885865457294,0.01173563928350834,0.00023935500125976317,8.08956682385331e-05,5.280701754385965,2.0,8.902501887582948,/net/nfs-ip34/jbod2/def-ilafores/ref_dbs/sourmash_db/RefSeq_20250528.k31.sbt.zip,GCF_020885715.1_ASM2088571v1_genomic,520291c2858c53efa7059183f1ff7255,0.7078443483631871,57000,149,159046000,/nfs3_ib/nfs-ip34/home/def-ilafores/analysis/MethodsComparison/Feces_RA/preproc/SRR5091593/SRR5091593_unmatched_2.fastq,SRR5091593,ac04ca8d,238140000,31,DNA,1000,238140,True,0.8722242925633257,0.9889157252137267,0.9305700088885263,0.9889157252137267,False,301,2646629,3720842
1359000,0.005706727135298564,0.010882238631947143,0.00023515579071134627,2.0156727966411904e-05,1.3392857142857142,1.0,0.7140624651118646,/net/nfs-ip34/jbod2/def-ilafores/ref_dbs/sourmash_db/RefSeq_20250528.k31.sbt.zip,GCF_035974155.1_ASM3597415v1_genomic,84b6fed21e1a1b782ea4cb5345b67de7,0.26408861251457444,56000,150,158990000,/nfs3_ib/nfs-ip34/home/def-ilafores/analysis/MethodsComparison/Feces_RA/preproc/SRR5091593/SRR5091593_unmatched_2.fastq,SRR5091593,ac04ca8d,238140000,31,DNA,1000,238140,True,0.8464969361895431,0.9579586509132602,0.9022277935514016,0.9579586509132602,False,75,2646704,3720842
286000,0.0012009742168472327,0.010867455850960606,0.00023515579071134627,2.0156727966411904e-05,1.3392857142857142,1.0,0.6346198444256022,/net/nfs-ip34/jbod2/def-ilafores/ref_dbs/sourmash_db/RefSeq_20250528.k31.sbt.zip,GCF_029716005.1_ASM2971600v1_genomic,18dc63822e3fe9bcc3386ee5d227ae82,0.05550164952454881,56000,151,158934000,/nfs3_ib/nfs-ip34/home/def-ilafores/analysis/MethodsComparison/Feces_RA/preproc/SRR5091593/SRR5091593_unmatched_2.fastq,SRR5091593,ac04ca8d,238140000,31,DNA,1000,238140,True,0.8049917122894303,0.9109483182578322,0.8579700152736313,0.9109483182578322,False,75,2646779,3720842
2130000,0.008944318468127993,0.021132075471698115,0.00023515579071134627,0.00037706519115834533,25.053571428571427,13.5,27.409213546632415,/net/nfs-ip34/jbod2/def-ilafores/ref_dbs/sourmash_db/RefSeq_20250528.k31.sbt.zip,GCF_040234585.1_ASM4023458v1_genomic,ce4cae11ff96492908342ea8c11f5cfa,0.8037735849056604,56000,152,158878000,/nfs3_ib/nfs-ip34/home/def-ilafores/analysis/MethodsComparison/Feces_RA/preproc/SRR5091593/SRR5091593_unmatched_2.fastq,SRR5091593,ac04ca8d,238140000,31,DNA,1000,238140,True,0.8588570385697404,0.9929783913625261,0.9259177149661333,0.9929783913625261,False,1403,2648182,3720842
118000,0.000495506844713194,0.01655824955647546,0.00023515579071134627,3.144449562760257e-05,2.0892857142857144,1.0,2.76635904158133,/net/nfs-ip34/jbod2/def-ilafores/ref_dbs/sourmash_db/RefSeq_20250528.k31.sbt.zip,GCF_001454945.1_ASM145494v1_genomic,380e5279419db353c2f7e8db083c21b8,0.03489059727971614,56000,153,158822000,/nfs3_ib/nfs-ip34/home/def-ilafores/analysis/MethodsComparison/Feces_RA/preproc/SRR5091593/SRR5091593_unmatched_2.fastq,SRR5091593,ac04ca8d,238140000,31,DNA,1000,238140,True,0.7823276837773869,0.8974093574312378,0.8398685206043124,0.8974093574312378,False,117,2648299,3720842
59000,0.000247753422356597,0.010677538342069502,0.00023095658016292938,1.9081702474869936e-05,1.290909090909091,1.0,0.5930729611018214,/net/nfs-ip34/jbod2/def-ilafores/ref_dbs/sourmash_db/RefSeq_20250528.k31.sbt.zip,GCF_008693825.1_ASM869382v1_genomic,09a63423b32ae80ec9b81120b4308175,0.011454086585129102,55000,154,158767000,/nfs3_ib/nfs-ip34/home/def-ilafores/analysis/MethodsComparison/Feces_RA/preproc/SRR5091593/SRR5091593_unmatched_2.fastq,SRR5091593,ac04ca8d,238140000,31,DNA,1000,238140,True,0.7650292736237582,0.8657366860131797,0.8153829798184689,0.8657366860131797,False,71,2648370,3720842
567000,0.002380952380952381,0.016,0.00022675736961451248,4.5151070644762665e-05,3.111111111111111,1.5,5.024630690931117,/net/nfs-ip34/jbod2/def-ilafores/ref_dbs/sourmash_db/RefSeq_20250528.k31.sbt.zip,GCF_023008345.1_ASM2300834v1_genomic,80788e4d9f7a77cc8143de8cf6b02058,0.168,54000,155,158713000,/nfs3_ib/nfs-ip34/home/def-ilafores/analysis/MethodsComparison/Feces_RA/preproc/SRR5091593/SRR5091593_unmatched_2.fastq,SRR5091593,ac04ca8d,238140000,31,DNA,1000,238140,True,0.8229606221490441,0.9440825639732545,0.8835215930611493,0.9440825639732545,False,168,2648538,3720842
1514000,0.006357604770303183,0.007789959607616849,0.00022675736961451248,2.3919317186808793e-05,1.6481481481481481,1.0,0.9842727604383934,/net/nfs-ip34/jbod2/def-ilafores/ref_dbs/sourmash_db/RefSeq_20250528.k31.sbt.zip,GCF_019857385.1_ASM1985738v1_genomic,efcf1829099a4dce2fddc50e607d113f,0.2184073860357761,54000,156,158659000,/nfs3_ib/nfs-ip34/home/def-ilafores/analysis/MethodsComparison/Feces_RA/preproc/SRR5091593/SRR5091593_unmatched_2.fastq,SRR5091593,ac04ca8d,238140000,31,DNA,1000,238140,True,0.849451330332163,0.9521076236354915,0.9007794769838273,0.9521076236354915,False,89,2648627,3720842
426000,0.0017888636936255985,0.009834848766004824,0.00022255815906609556,2.230677894949584e-05,1.5660377358490567,1.0,0.7139957708839435,/net/nfs-ip34/jbod2/def-ilafores/ref_dbs/sourmash_db/RefSeq_20250528.k31.sbt.zip,GCF_025914175.1_ASM2591417v1_genomic,ba18ed1e33b6434317a63fe246283ba2,0.07904991649656708,53000,157,158606000,/nfs3_ib/nfs-ip34/home/def-ilafores/analysis/MethodsComparison/Feces_RA/preproc/SRR5091593/SRR5091593_unmatched_2.fastq,SRR5091593,ac04ca8d,238140000,31,DNA,1000,238140,True,0.8154051680155463,0.9214004770245319,0.8684028225200391,0.9214004770245319,False,83,2648710,3720842
224000,0.0009406231628453851,0.024743230625583566,0.00022255815906609556,2.1769266203724856e-05,1.528301886792453,1.0,0.902904612377766,/net/nfs-ip34/jbod2/def-ilafores/ref_dbs/sourmash_db/RefSeq_20250528.k31.sbt.zip,GCF_000253315.1_ASM25331v1_genomic,364d189a4dfc57262be49a5a0dd695cd,0.10457516339869281,53000,158,158553000,/nfs3_ib/nfs-ip34/home/def-ilafores/analysis/MethodsComparison/Feces_RA/preproc/SRR5091593/SRR5091593_unmatched_2.fastq,SRR5091593,ac04ca8d,238140000,31,DNA,1000,238140,True,0.7986716106273227,0.9297553005598396,0.8642134555935812,0.9297553005598396,False,81,2648791,3720842
1739000,0.007302427143696985,0.017281488866733134,0.00021835894851767867,0.00015130983793453203,10.826923076923077,9.5,9.54689066145492,/net/nfs-ip34/jbod2/def-ilafores/ref_dbs/sourmash_db/RefSeq_20250528.k31.sbt.zip,GCF_023347315.1_ASM2334731v1_genomic,0d91a03431f1ffb73e1088f604cc6227,0.5779328680624792,52000,159,158501000,/nfs3_ib/nfs-ip34/home/def-ilafores/analysis/MethodsComparison/Feces_RA/preproc/SRR5091593/SRR5091593_unmatched_2.fastq,SRR5091593,ac04ca8d,238140000,31,DNA,1000,238140,True,0.853256466184316,0.9824684790571734,0.9178624726207447,0.9824684790571734,False,563,2649354,3720842
2747000,0.011535231376501217,0.009706889988580129,0.00021415973796926177,0.00023166799342729414,16.901960784313726,3.0,27.224019744653535,/net/nfs-ip34/jbod2/def-ilafores/ref_dbs/sourmash_db/RefSeq_20250528.k31.sbt.zip,GCF_008369705.1_ASM836970v1_genomic,cebee0e6a30fafd04517fafb6687ddb3,0.5228397411496003,51000,160,158450000,/nfs3_ib/nfs-ip34/home/def-ilafores/analysis/MethodsComparison/Feces_RA/preproc/SRR5091593/SRR5091593_unmatched_2.fastq,SRR5091593,ac04ca8d,238140000,31,DNA,1000,238140,True,0.8659338556052327,0.979298559854067,0.9226162077296498,0.979298559854067,False,862,2650216,3720842
2232000,0.009372637944066516,0.011027027027027026,0.00021415973796926177,3.1982008373373555e-05,2.3333333333333335,2.0,2.0832352918107335,/net/nfs-ip34/jbod2/def-ilafores/ref_dbs/sourmash_db/RefSeq_20250528.k31.sbt.zip,GCF_025914195.1_ASM2591419v1_genomic,4ab236feb27bbefb635121ccd1c90e65,0.4825945945945946,51000,161,158399000,/nfs3_ib/nfs-ip34/home/def-ilafores/analysis/MethodsComparison/Feces_RA/preproc/SRR5091593/SRR5091593_unmatched_2.fastq,SRR5091593,ac04ca8d,238140000,31,DNA,1000,238140,True,0.8601539507337327,0.9767715066966932,0.918462728715213,0.9767715066966932,False,119,2650335,3720842
467000,0.001961031326110691,0.012673956262425448,0.00021415973796926177,4.353853240744971e-05,3.176470588235294,1.0,5.193154930433705,/net/nfs-ip34/jbod2/def-ilafores/ref_dbs/sourmash_db/RefSeq_20250528.k31.sbt.zip,GCF_964272205.1_LUMC_Rgna_QRD011_genomic,6e86d242a5fb72e2090f4121f3222291,0.11605367793240556,51000,162,158348000,/nfs3_ib/nfs-ip34/home/def-ilafores/analysis/MethodsComparison/Feces_RA/preproc/SRR5091593/SRR5091593_unmatched_2.fastq,SRR5091593,ac04ca8d,238140000,31,DNA,1000,238140,True,0.8178257702142877,0.9328841336534369,0.8753549519338624,0.9328841336534369,False,162,2650497,3720842
1644000,0.006903502141597379,0.00999607996863975,0.00021415973796926177,4.2463506915907745e-05,3.0980392156862746,1.0,4.607133862808274,/net/nfs-ip34/jbod2/def-ilafores/ref_dbs/sourmash_db/RefSeq_20250528.k31.sbt.zip,GCF_018292145.1_ASM1829214v1_genomic,a5cf97730b24448c8f962eccbe944cd6,0.3222265778126225,51000,163,158297000,/nfs3_ib/nfs-ip34/home/def-ilafores/analysis/MethodsComparison/Feces_RA/preproc/SRR5091593/SRR5091593_unmatched_2.fastq,SRR5091593,ac04ca8d,238140000,31,DNA,1000,238140,True,0.8517116022248793,0.9641269824757207,0.9079192923503,0.9641269824757207,False,158,2650655,3720842
875000,0.0036743092298647854,0.012889920082495489,0.00020996052742084487,2.2844291695266825e-05,1.7,1.0,2.368543856465403,/net/nfs-ip34/jbod2/def-ilafores/ref_dbs/sourmash_db/RefSeq_20250528.k31.sbt.zip,GCF_010508875.1_ASM1050887v1_genomic,59ccf44fc685eb2124290b6866f4a03f,0.22557360144367106,50000,164,158247000,/nfs3_ib/nfs-ip34/home/def-ilafores/analysis/MethodsComparison/Feces_RA/preproc/SRR5091593/SRR5091593_unmatched_2.fastq,SRR5091593,ac04ca8d,238140000,31,DNA,1000,238140,True,0.8345594530724989,0.9530996968254842,0.8938295749489915,0.9530996968254842,False,85,2650740,3720842
604000,0.002536323171243806,0.014371945961483185,0.00020996052742084487,2.0156727966411904e-05,1.5,1.0,0.9433981132056604,/net/nfs-ip34/jbod2/def-ilafores/ref_dbs/sourmash_db/RefSeq_20250528.k31.sbt.zip,GCF_000024265.1_ASM2426v1_genomic,85180973bcf7ff8f6fcf5e290ed49454,0.17361310721471687,50000,165,158197000,/nfs3_ib/nfs-ip34/home/def-ilafores/analysis/MethodsComparison/Feces_RA/preproc/SRR5091593/SRR5091593_unmatched_2.fastq,SRR5091593,ac04ca8d,238140000,31,DNA,1000,238140,True,0.8246405075525598,0.9450839843246973,0.8848622459386286,0.9450839843246973,False,75,2650815,3720842
