intersect_bp,f_orig_query,f_match,f_unique_to_query,f_unique_weighted,average_abund,median_abund,std_abund,filename,name,md5,f_match_orig,unique_intersect_bp,gather_result_rank,remaining_bp,query_filename,query_name,query_md5,query_bp,ksize,moltype,scaled,query_n_hashes,query_abundance,query_containment_ani,match_containment_ani,average_containment_ani,max_containment_ani,potential_false_negative,n_unique_weighted_found,sum_weighted_found,total_weighted_hashes
4760000,0.014088258797762453,0.7332101047443007,0.014088258797762453,0.010340566270107768,5.159453781512605,4.0,30.856451236247548,/net/nfs-ip34/jbod2/def-ilafores/ref_dbs/sourmash_db/RefSeq_20250528.k31.sbt.zip,GCF_001314995.1_ASM131499v1_genomic,514bdd6aa640f40cc6414be0e11ec2f6,0.7332101047443007,4760000,0,333110000,/nfs3_ib/nfs-ip34/home/def-ilafores/analysis/MethodsComparison/Feces_RA/preproc/SRR5091503/SRR5091503_unmatched_2.fastq,SRR5091503,20b689bc,337870000,31,DNA,1000,337870,True,0.8715367807978016,0.9900395187161192,0.9307881497569603,0.9900395187161192,False,24559,24559,2375015
4596000,0.01360286500725131,0.7986413516808918,0.013570308106668245,0.06895282766635158,35.71733914940022,16.0,60.73545200380377,/net/nfs-ip34/jbod2/def-ilafores/ref_dbs/sourmash_db/RefSeq_20250528.k31.sbt.zip,GCF_018292105.1_ASM1829210v1_genomic,833ce107256231b46fdcaa8f4db23439,0.8005573941821982,4585000,1,328525000,/nfs3_ib/nfs-ip34/home/def-ilafores/analysis/MethodsComparison/Feces_RA/preproc/SRR5091503/SRR5091503_unmatched_2.fastq,SRR5091503,20b689bc,337870000,31,DNA,1000,337870,True,0.8705516212499984,0.9928499726172926,0.9317007969336455,0.9928499726172926,False,163764,188323,2375015
4351000,0.012877734039719419,0.8017273751408186,0.012637996862698671,0.009761622558173318,5.4295081967213115,4.0,26.457930381758857,/net/nfs-ip34/jbod2/def-ilafores/ref_dbs/sourmash_db/RefSeq_20250528.k31.sbt.zip,GCF_018288975.1_ASM1828897v1_genomic,d32b97fcad91bbcf164599dd51518901,0.8169357867067217,4270000,2,324255000,/nfs3_ib/nfs-ip34/home/def-ilafores/analysis/MethodsComparison/Feces_RA/preproc/SRR5091503/SRR5091503_unmatched_2.fastq,SRR5091503,20b689bc,337870000,31,DNA,1000,337870,True,0.8690146122973781,0.9934988123850724,0.9312567123412252,0.9934988123850724,False,23184,211507,2375015
4117000,0.012185159972770592,0.802755905511811,0.012069730961612455,0.010916141582263691,6.357528200098088,6.0,4.538720230971627,/net/nfs-ip34/jbod2/def-ilafores/ref_dbs/sourmash_db/RefSeq_20250528.k31.sbt.zip,GCF_005706655.1_ASM570665v1_genomic,83aa780b83c8ffdf47bc578f794bbd64,0.8104330708661417,4078000,3,320177000,/nfs3_ib/nfs-ip34/home/def-ilafores/analysis/MethodsComparison/Feces_RA/preproc/SRR5091503/SRR5091503_unmatched_2.fastq,SRR5091503,20b689bc,337870000,31,DNA,1000,337870,True,0.8674663169908423,0.9932427234806036,0.930354520235723,0.9932427234806036,False,25926,237433,2375015
3791000,0.011220291828217953,0.7922778257118205,0.010871045076508717,0.041587105765647794,26.890824938742174,24.0,28.43317077511453,/net/nfs-ip34/jbod2/def-ilafores/ref_dbs/sourmash_db/RefSeq_20250528.k31.sbt.zip,GCF_024760085.1_ASM2476008v1_genomic,d22a231abb372af890fb48167198d8a7,0.8177308024158757,3673000,4,316504000,/nfs3_ib/nfs-ip34/home/def-ilafores/analysis/MethodsComparison/Feces_RA/preproc/SRR5091503/SRR5091503_unmatched_2.fastq,SRR5091503,20b689bc,337870000,31,DNA,1000,337870,True,0.865160948611827,0.9935299861334685,0.9293454673726478,0.9935299861334685,False,98770,336203,2375015
3898000,0.011536981679344126,0.7273660439334839,0.010486281705981591,0.01784704517655678,11.96359017781541,9.0,20.09572282755411,/net/nfs-ip34/jbod2/def-ilafores/ref_dbs/sourmash_db/RefSeq_20250528.k31.sbt.zip,GCF_018289295.1_ASM1828929v1_genomic,efcaf620d43a1e990655112ba5460db1,0.8002463559843974,3543000,5,312961000,/nfs3_ib/nfs-ip34/home/def-ilafores/analysis/MethodsComparison/Feces_RA/preproc/SRR5091503/SRR5091503_unmatched_2.fastq,SRR5091503,20b689bc,337870000,31,DNA,1000,337870,True,0.8659380937718841,0.9928375267591315,0.9293878102655078,0.9928375267591315,False,42387,378590,2375015
3718000,0.011004232397075799,0.5466022443890274,0.010379731849527925,0.005398281695062979,3.6558311947533504,2.0,24.18161246886866,/net/nfs-ip34/jbod2/def-ilafores/ref_dbs/sourmash_db/RefSeq_20250528.k31.sbt.zip,GCF_024799845.1_ASM2479984v1_genomic,1affe8cbd37c62a3073bbe0490a4ad0a,0.5794887780548629,3507000,6,309454000,/nfs3_ib/nfs-ip34/home/def-ilafores/analysis/MethodsComparison/Feces_RA/preproc/SRR5091503/SRR5091503_unmatched_2.fastq,SRR5091503,20b689bc,337870000,31,DNA,1000,337870,True,0.8646184689566554,0.9825536906908521,0.9235860798237537,0.9825536906908521,False,12821,391411,2375015
3643000,0.010782253529463996,0.7091633466135459,0.010009767070174919,0.009074469003353663,6.3725606150206975,5.0,17.3794111148598,/net/nfs-ip34/jbod2/def-ilafores/ref_dbs/sourmash_db/RefSeq_20250528.k31.sbt.zip,GCF_018289315.1_ASM1828931v1_genomic,b8882c82de7b01fc8d6d7c5d0f9c6851,0.7638918012161878,3382000,7,306072000,/nfs3_ib/nfs-ip34/home/def-ilafores/analysis/MethodsComparison/Feces_RA/preproc/SRR5091503/SRR5091503_unmatched_2.fastq,SRR5091503,20b689bc,337870000,31,DNA,1000,337870,True,0.8640502842406584,0.9913495957542507,0.9276999399974546,0.9913495957542507,False,21552,412963,2375015
3047000,0.009018261461508864,0.7031578947368421,0.008896913013881078,0.005130493912670025,4.053559547571524,2.0,33.090946960804175,/net/nfs-ip34/jbod2/def-ilafores/ref_dbs/sourmash_db/RefSeq_20250528.k31.sbt.zip,GCF_900187175.1_51342_A02_genomic,ebb5322e84d5def69ea51d3ef551ea04,0.7127485380116959,3006000,8,303066000,/nfs3_ib/nfs-ip34/home/def-ilafores/analysis/MethodsComparison/Feces_RA/preproc/SRR5091503/SRR5091503_unmatched_2.fastq,SRR5091503,20b689bc,337870000,31,DNA,1000,337870,True,0.8590851660586382,0.9891360053292413,0.9241105856939398,0.9891360053292413,False,12185,425148,2375015
2810000,0.008316808239855566,0.8484001242621932,0.008082990499304466,0.006815535901878515,5.927132918344928,5.0,6.235183813792485,/net/nfs-ip34/jbod2/def-ilafores/ref_dbs/sourmash_db/RefSeq_20250528.k31.sbt.zip,GCF_006542725.1_Aond_3.0_genomic,7fbb97287421b4f5df527beb1443bd37,0.872941907424666,2731000,9,300335000,/nfs3_ib/nfs-ip34/home/def-ilafores/analysis/MethodsComparison/Feces_RA/preproc/SRR5091503/SRR5091503_unmatched_2.fastq,SRR5091503,20b689bc,337870000,31,DNA,1000,337870,True,0.8568441355276175,0.9956261651671793,0.9262351503473985,0.9956261651671793,False,16187,441335,2375015
2723000,0.008059312753425875,0.6456356736242884,0.00805635303519105,0.010636143350673574,9.280308596620133,3.0,28.213700642523204,/net/nfs-ip34/jbod2/def-ilafores/ref_dbs/sourmash_db/RefSeq_20250528.k31.sbt.zip,GCF_900537995.1_Roseburia_intestinalis_strain_L1-82_genomic,e869cf0b15c41500b90acfad5f73aa6d,0.6458728652751423,2722000,10,297613000,/nfs3_ib/nfs-ip34/home/def-ilafores/analysis/MethodsComparison/Feces_RA/preproc/SRR5091503/SRR5091503_unmatched_2.fastq,SRR5091503,20b689bc,337870000,31,DNA,1000,337870,True,0.8559752866876671,0.9859972665006301,0.9209862765941486,0.9859972665006301,False,25261,466596,2375015
4374000,0.012945807559120372,0.49873269643205304,0.007570959244679906,0.05495544238667966,51.02423768569194,49.0,34.82429086529004,/net/nfs-ip34/jbod2/def-ilafores/ref_dbs/sourmash_db/RefSeq_20250528.k31.sbt.zip,GCF_036419465.1_ASM3641946v1_genomic,277623bb21bf8d096347cc62995689ef,0.8527978163384675,2558000,11,295055000,/nfs3_ib/nfs-ip34/home/def-ilafores/analysis/MethodsComparison/Feces_RA/preproc/SRR5091503/SRR5091503_unmatched_2.fastq,SRR5091503,20b689bc,337870000,31,DNA,1000,337870,True,0.8691624195410768,0.9948766279822809,0.9320195237616788,0.9948766279822809,False,130520,597116,2375015
2688000,0.007955722615207033,0.6132197263103537,0.007029330807707106,0.04721233339578908,47.21263157894737,47.0,18.51276226712272,/net/nfs-ip34/jbod2/def-ilafores/ref_dbs/sourmash_db/RefSeq_20250528.k31.sbt.zip,GCF_020091485.1_ASM2009148v1_genomic,0bb666bd34472dc3dae293249907c788,0.6940356312935708,2375000,12,292680000,/nfs3_ib/nfs-ip34/home/def-ilafores/analysis/MethodsComparison/Feces_RA/preproc/SRR5091503/SRR5091503_unmatched_2.fastq,SRR5091503,20b689bc,337870000,31,DNA,1000,337870,True,0.8556181491668953,0.9882874554834091,0.9219528023251522,0.9882874554834091,False,112130,709246,2375015
2548000,0.007541362062331666,0.00955709638622293,0.007008612780063338,0.006904377446037183,6.924831081081081,1.0,45.172205319393164,/net/nfs-ip34/jbod2/def-ilafores/ref_dbs/sourmash_db/RefSeq_20250528.k31.sbt.zip,plasmid.1.1.genomic,8051cea624a45a3e4dc84e7fef1c6e83,0.010283564861527037,2368000,13,290312000,/nfs3_ib/nfs-ip34/home/def-ilafores/analysis/MethodsComparison/Feces_RA/preproc/SRR5091503/SRR5091503_unmatched_2.fastq,SRR5091503,20b689bc,337870000,31,DNA,1000,337870,True,0.8541431030657176,0.8627313960953035,0.8584372495805106,0.8627313960953035,False,16398,725644,2375015
2354000,0.006967176724775801,0.8022579541566883,0.006940539260662385,0.014376330254756285,14.560341151385927,11.0,18.379019647680934,/net/nfs-ip34/jbod2/def-ilafores/ref_dbs/sourmash_db/RefSeq_20250528.k31.sbt.zip,GCF_019967955.1_ASM1996795v1_genomic,815b92b0272af68e89d6f30eed8923eb,0.8053369825521725,2345000,14,287967000,/nfs3_ib/nfs-ip34/home/def-ilafores/analysis/MethodsComparison/Feces_RA/preproc/SRR5091503/SRR5091503_unmatched_2.fastq,SRR5091503,20b689bc,337870000,31,DNA,1000,337870,True,0.8519638902420181,0.9930406364977373,0.9225022633698777,0.9930406364977373,False,34144,759788,2375015
2339000,0.0069227809512534405,0.39975203684024085,0.006680084055997869,0.0018900933257263639,1.9889233495790872,2.0,1.4526530026154707,/net/nfs-ip34/jbod2/def-ilafores/ref_dbs/sourmash_db/RefSeq_20250528.k31.sbt.zip,GCF_020341675.1_ASM2034167v1_genomic,bd2850a06cddf8a9c679f450156df141,0.41427559334041797,2257000,15,285710000,/nfs3_ib/nfs-ip34/home/def-ilafores/analysis/MethodsComparison/Feces_RA/preproc/SRR5091503/SRR5091503_unmatched_2.fastq,SRR5091503,20b689bc,337870000,31,DNA,1000,337870,True,0.8517882245720777,0.9719736581518171,0.9118809413619474,0.9719736581518171,False,4489,764277,2375015
2432000,0.007198034747092076,0.5964960306597318,0.006449226033681594,0.004114079279499287,4.4841670491050944,4.0,3.68220132415989,/net/nfs-ip34/jbod2/def-ilafores/ref_dbs/sourmash_db/RefSeq_20250528.k31.sbt.zip,GCF_025145845.1_ASM2514584v1_genomic,00191848f4049b7a1cb875559983f7c7,0.6657541746509718,2179000,16,283531000,/nfs3_ib/nfs-ip34/home/def-ilafores/analysis/MethodsComparison/Feces_RA/preproc/SRR5091503/SRR5091503_unmatched_2.fastq,SRR5091503,20b689bc,337870000,31,DNA,1000,337870,True,0.8528602414623491,0.9869620375994107,0.9199111395308799,0.9869620375994107,False,9771,774048,2375015
2221000,0.006573534199544203,0.49770642201834864,0.006422588569568177,0.005821015867268207,6.370967741935484,3.0,18.179727035913984,/net/nfs-ip34/jbod2/def-ilafores/ref_dbs/sourmash_db/RefSeq_20250528.k31.sbt.zip,GCF_042847785.1_ASM4284778v1_genomic,88019d6ddc2b537fe7ac87c23df45062,0.5094036697247707,2170000,17,281361000,/nfs3_ib/nfs-ip34/home/def-ilafores/analysis/MethodsComparison/Feces_RA/preproc/SRR5091503/SRR5091503_unmatched_2.fastq,SRR5091503,20b689bc,337870000,31,DNA,1000,337870,True,0.8503670366490729,0.9784764766401731,0.914421756644623,0.9784764766401731,False,13825,787873,2375015
2232000,0.006606091100127268,0.5910908052541405,0.006126616746085773,0.03377368142938045,38.75024154589372,37.0,20.918496944914786,/net/nfs-ip34/jbod2/def-ilafores/ref_dbs/sourmash_db/RefSeq_20250528.k31.sbt.zip,GCF_000225345.1_ASM22534v1_genomic,2c4be6d3f461c9f71df87a5d7ae22e2f,0.6373500856653341,2070000,18,279291000,/nfs3_ib/nfs-ip34/home/def-ilafores/analysis/MethodsComparison/Feces_RA/preproc/SRR5091503/SRR5091503_unmatched_2.fastq,SRR5091503,20b689bc,337870000,31,DNA,1000,337870,True,0.8505025712557058,0.985574854261112,0.9180387127584089,0.985574854261112,False,80213,868086,2375015
2178000,0.006446266315446769,0.6132695756126718,0.00607334181785894,0.010655090599427793,12.332358674463938,10.0,15.414660552011219,/net/nfs-ip34/jbod2/def-ilafores/ref_dbs/sourmash_db/RefSeq_20250528.k31.sbt.zip,GCF_045061065.1_ASM4506106v1_genomic,af810c6e00a2b94057226e642af6e200,0.6509264793783622,2052000,19,277239000,/nfs3_ib/nfs-ip34/home/def-ilafores/analysis/MethodsComparison/Feces_RA/preproc/SRR5091503/SRR5091503_unmatched_2.fastq,SRR5091503,20b689bc,337870000,31,DNA,1000,337870,True,0.8498309115914602,0.9862451970833117,0.918038054337386,0.9862451970833117,False,25306,893392,2375015
2173000,0.006431467724272649,0.5812821980538065,0.006011187734927635,0.02089586802609668,24.435253569670113,23.0,16.67107626320848,/net/nfs-ip34/jbod2/def-ilafores/ref_dbs/sourmash_db/RefSeq_20250528.k31.sbt.zip,GCF_014337175.1_ASM1433717v1_genomic,a712134ff5fdebda1dc08f01019daf8a,0.6219232970807098,2031000,20,275208000,/nfs3_ib/nfs-ip34/home/def-ilafores/analysis/MethodsComparison/Feces_RA/preproc/SRR5091503/SRR5091503_unmatched_2.fastq,SRR5091503,20b689bc,337870000,31,DNA,1000,337870,True,0.8497679079227862,0.9847961661820511,0.9172820370524186,0.9847961661820511,False,49628,943020,2375015
2064000,0.006108858436676828,0.6993103448275862,0.0060023085802231625,0.00785005568385884,9.193293885601578,8.0,10.579329068931534,/net/nfs-ip34/jbod2/def-ilafores/ref_dbs/sourmash_db/RefSeq_20250528.k31.sbt.zip,GCF_000210595.1_ASM21059v1_genomic,eba4ca0d68fa97c7e6ee4e9207591ef2,0.7117241379310345,2028000,21,273180000,/nfs3_ib/nfs-ip34/home/def-ilafores/analysis/MethodsComparison/Feces_RA/preproc/SRR5091503/SRR5091503_unmatched_2.fastq,SRR5091503,20b689bc,337870000,31,DNA,1000,337870,True,0.8483583852640126,0.9890901140891398,0.9187242496765762,0.9890901140891398,False,18644,961664,2375015
2227000,0.006591292508953147,0.6790081521739131,0.005916476751413265,0.01925208893417515,22.87343671835918,23.0,14.866404903077393,/net/nfs-ip34/jbod2/def-ilafores/ref_dbs/sourmash_db/RefSeq_20250528.k31.sbt.zip,GCF_019967975.1_ASM1996797v1_genomic,2c2d74013e8cf3a4113eeeae8dce1511,0.756453804347826,1999000,22,271181000,/nfs3_ib/nfs-ip34/home/def-ilafores/analysis/MethodsComparison/Feces_RA/preproc/SRR5091503/SRR5091503_unmatched_2.fastq,SRR5091503,20b689bc,337870000,31,DNA,1000,337870,True,0.8504410449360349,0.9910367402997663,0.9207388926179005,0.9910367402997663,False,45724,1007388,2375015
1975000,0.005845443513777488,0.6375679347826086,0.005555391126764732,0.00798563377494458,10.104421949920086,9.0,9.593982677784998,/net/nfs-ip34/jbod2/def-ilafores/ref_dbs/sourmash_db/RefSeq_20250528.k31.sbt.zip,GCF_014337155.1_ASM1433715v1_genomic,37519ff08fa08b5bc2ed2e92c46c0d51,0.6708559782608695,1877000,23,269304000,/nfs3_ib/nfs-ip34/home/def-ilafores/analysis/MethodsComparison/Feces_RA/preproc/SRR5091503/SRR5091503_unmatched_2.fastq,SRR5091503,20b689bc,337870000,31,DNA,1000,337870,True,0.8471530013199496,0.9872051142903542,0.917179057805152,0.9872051142903542,False,18966,1026354,2375015
4602000,0.013620623316660254,0.26724266348875314,0.005309734513274336,0.0032909265836215773,4.356744704570792,2.0,12.950073139109733,/net/nfs-ip34/jbod2/def-ilafores/ref_dbs/sourmash_db/RefSeq_20250528.k31.sbt.zip,GCF_030168555.1_ASM3016855v1_genomic,761bc93d29d61ce80809686c2d5128e5,0.6855355280798451,1794000,24,267510000,/nfs3_ib/nfs-ip34/home/def-ilafores/analysis/MethodsComparison/Feces_RA/preproc/SRR5091503/SRR5091503_unmatched_2.fastq,SRR5091503,20b689bc,337870000,31,DNA,1000,337870,True,0.8705882590911921,0.9878946741351788,0.9292414666131854,0.9878946741351788,False,7816,1034170,2375015
1753000,0.00518838606564655,0.35297941495124596,0.004821381004528369,0.0011903082717372312,1.7354205033763044,1.0,1.2316090273160856,/net/nfs-ip34/jbod2/def-ilafores/ref_dbs/sourmash_db/RefSeq_20250528.k31.sbt.zip,GCF_033096445.1_ASM3309644v1_genomic,cf08315c51e51d8784dde1b656115a6a,0.37984832069339114,1629000,25,265881000,/nfs3_ib/nfs-ip34/home/def-ilafores/analysis/MethodsComparison/Feces_RA/preproc/SRR5091503/SRR5091503_unmatched_2.fastq,SRR5091503,20b689bc,337870000,31,DNA,1000,337870,True,0.8439007328101079,0.9692572072868891,0.9065789700484985,0.9692572072868891,False,2827,1036997,2375015
1855000,0.005490277325598603,0.4057677713129269,0.004747388048657768,0.01566348002012619,23.192643391521198,22.0,12.501857048888192,/net/nfs-ip34/jbod2/def-ilafores/ref_dbs/sourmash_db/RefSeq_20250528.k31.sbt.zip,GCF_036419255.1_ASM3641925v1_genomic,cc90865ac4b45b3dd14605490161db88,0.4692638502403238,1604000,26,264277000,/nfs3_ib/nfs-ip34/home/def-ilafores/analysis/MethodsComparison/Feces_RA/preproc/SRR5091503/SRR5091503_unmatched_2.fastq,SRR5091503,20b689bc,337870000,31,DNA,1000,337870,True,0.845441742144903,0.9758892895128692,0.9106655158288861,0.9758892895128692,False,37201,1074198,2375015
1809000,0.005354130286796697,0.5375311277125578,0.004472134252819132,0.007240796373917638,11.381204500330906,10.0,8.193814805331504,/net/nfs-ip34/jbod2/def-ilafores/ref_dbs/sourmash_db/RefSeq_20250528.k31.sbt.zip,GCF_028743395.1_ASM2874339v1_genomic,bc5680b67a040c88f41f779ed94a8fca,0.6435432230522946,1511000,27,262766000,/nfs3_ib/nfs-ip34/home/def-ilafores/analysis/MethodsComparison/Feces_RA/preproc/SRR5091503/SRR5091503_unmatched_2.fastq,SRR5091503,20b689bc,337870000,31,DNA,1000,337870,True,0.8447571982630867,0.9858823412873925,0.9153197697752395,0.9858823412873925,False,17197,1091395,2375015
1498000,0.004433657915766419,0.4439475253428742,0.0044070204516530025,0.0014294646560126989,2.280053727333781,2.0,2.0861591913675253,/net/nfs-ip34/jbod2/def-ilafores/ref_dbs/sourmash_db/RefSeq_20250528.k31.sbt.zip,GCF_030296935.1_ASM3029693v1_genomic,291e68c00c79fc78c6a795fcc0b4b014,0.44663088849135363,1489000,28,261277000,/nfs3_ib/nfs-ip34/home/def-ilafores/analysis/MethodsComparison/Feces_RA/preproc/SRR5091503/SRR5091503_unmatched_2.fastq,SRR5091503,20b689bc,337870000,31,DNA,1000,337870,True,0.8396322331629563,0.9743343736831154,0.9069833034230359,0.9743343736831154,False,3395,1094790,2375015
1700000,0.005031520999200876,0.39227133722546564,0.004176162429336727,0.0013002023145116978,2.1885187810063784,2.0,2.722696947995738,/net/nfs-ip34/jbod2/def-ilafores/ref_dbs/sourmash_db/RefSeq_20250528.k31.sbt.zip,GCF_000265365.1_ASM26536v1_genomic,79a393fb99d8977a1fe96a36cabdd09c,0.47261606894634417,1411000,29,259866000,/nfs3_ib/nfs-ip34/home/def-ilafores/analysis/MethodsComparison/Feces_RA/preproc/SRR5091503/SRR5091503_unmatched_2.fastq,SRR5091503,20b689bc,337870000,31,DNA,1000,337870,True,0.8430654028940009,0.9761133975111328,0.9095894002025668,0.9761133975111328,False,3088,1097878,2375015
1805000,0.0053422914138574005,0.2616909839132061,0.004140645810518839,0.0012105186704083975,2.0550393137955685,1.0,3.4478408957822917,/net/nfs-ip34/jbod2/def-ilafores/ref_dbs/sourmash_db/RefSeq_20250528.k31.sbt.zip,GCF_018292205.1_ASM1829220v1_genomic,8ecf5298bc316c4919161fc4689e0594,0.3376356154133932,1399000,30,258467000,/nfs3_ib/nfs-ip34/home/def-ilafores/analysis/MethodsComparison/Feces_RA/preproc/SRR5091503/SRR5091503_unmatched_2.fastq,SRR5091503,20b689bc,337870000,31,DNA,1000,337870,True,0.8446968789040948,0.9655808706950934,0.9051388747995941,0.9655808706950934,False,2875,1100753,2375015
1361000,0.004028176517595525,0.4676207513416816,0.0038683517329150263,0.0148778007717846,27.035195103289976,29.0,20.733127394515062,/net/nfs-ip34/jbod2/def-ilafores/ref_dbs/sourmash_db/RefSeq_20250528.k31.sbt.zip,GCF_000146185.1_ASM14618v1_genomic,5229119e2aa175d63f96a9ce9dfd479c,0.48694096601073344,1307000,31,257160000,/nfs3_ib/nfs-ip34/home/def-ilafores/analysis/MethodsComparison/Feces_RA/preproc/SRR5091503/SRR5091503_unmatched_2.fastq,SRR5091503,20b689bc,337870000,31,DNA,1000,337870,True,0.8370385023678623,0.9770540533010886,0.9070462778344754,0.9770540533010886,False,35335,1136088,2375015
1587000,0.004697072838665759,0.37407407407407406,0.003587178500606742,0.0024795632869687137,4.858910891089109,3.0,8.335719481597733,/net/nfs-ip34/jbod2/def-ilafores/ref_dbs/sourmash_db/RefSeq_20250528.k31.sbt.zip,GCF_000209855.1_ASM20985v1_genomic,2b845165824bdb6c15dab3f5f2327265,0.4898148148148148,1212000,32,255948000,/nfs3_ib/nfs-ip34/home/def-ilafores/analysis/MethodsComparison/Feces_RA/preproc/SRR5091503/SRR5091503_unmatched_2.fastq,SRR5091503,20b689bc,337870000,31,DNA,1000,337870,True,0.8411968828222406,0.9772395376591575,0.909218210240699,0.9772395376591575,False,5889,1141977,2375015
1246000,0.0036878089205907598,0.4124956851915775,0.0035368632906147336,0.0015469375982888529,3.074476987447699,2.0,11.976908450160625,/net/nfs-ip34/jbod2/def-ilafores/ref_dbs/sourmash_db/RefSeq_20250528.k31.sbt.zip,GCF_036419515.1_ASM3641951v1_genomic,6a297f754ff6c4bf21b2d1fd8119290f,0.4301001035554021,1195000,33,254753000,/nfs3_ib/nfs-ip34/home/def-ilafores/analysis/MethodsComparison/Feces_RA/preproc/SRR5091503/SRR5091503_unmatched_2.fastq,SRR5091503,20b689bc,337870000,31,DNA,1000,337870,True,0.8346581884508136,0.9731497217632133,0.9039039551070135,0.9731497217632133,False,3674,1145651,2375015
1526000,0.004516530026341492,0.3854532677442024,0.0032468109036019772,0.0020429344656770587,4.422971741112124,2.0,8.026263924816758,/net/nfs-ip34/jbod2/def-ilafores/ref_dbs/sourmash_db/RefSeq_20250528.k31.sbt.zip,GCF_019968055.1_ASM1996805v1_genomic,68b64f4d4c3889600ebe30d1a4137e53,0.5361911454673226,1097000,34,253656000,/nfs3_ib/nfs-ip34/home/def-ilafores/analysis/MethodsComparison/Feces_RA/preproc/SRR5091503/SRR5091503_unmatched_2.fastq,SRR5091503,20b689bc,337870000,31,DNA,1000,337870,True,0.8401339697698076,0.9800954553852161,0.9101147125775119,0.9800954553852161,False,4852,1150503,2375015
1082000,0.0032024151300796165,0.3916857360793288,0.003039630627164294,0.0010639932800424418,2.460564751703992,2.0,3.454975790676636,/net/nfs-ip34/jbod2/def-ilafores/ref_dbs/sourmash_db/RefSeq_20250528.k31.sbt.zip,GCF_025152405.1_ASM2515240v1_genomic,f688e4f928dd46c9b090e97a39a1952a,0.41266209000762777,1027000,35,252629000,/nfs3_ib/nfs-ip34/home/def-ilafores/analysis/MethodsComparison/Feces_RA/preproc/SRR5091503/SRR5091503_unmatched_2.fastq,SRR5091503,20b689bc,337870000,31,DNA,1000,337870,True,0.8308670501601381,0.9718513112159725,0.9013591806880552,0.9718513112159725,False,2527,1153030,2375015
1172000,0.0034687897712137802,0.2913453299057412,0.0030189125995205256,0.0011275718258621525,2.6254901960784314,1.0,6.316872617179215,/net/nfs-ip34/jbod2/def-ilafores/ref_dbs/sourmash_db/RefSeq_20250528.k31.sbt.zip,GCF_000210555.1_ASM21055v1_genomic,6d00b0a0ca344fdf96ce690671c5fa63,0.3347614967152242,1020000,36,251609000,/nfs3_ib/nfs-ip34/home/def-ilafores/analysis/MethodsComparison/Feces_RA/preproc/SRR5091503/SRR5091503_unmatched_2.fastq,SRR5091503,20b689bc,337870000,31,DNA,1000,337870,True,0.8330113188355955,0.965314627461682,0.8991629731486388,0.965314627461682,False,2678,1155708,2375015
1177000,0.0034835883623879006,0.29802731411229133,0.002906443306597212,0.0012463079180552543,3.0142566191446027,2.0,7.118133265732604,/net/nfs-ip34/jbod2/def-ilafores/ref_dbs/sourmash_db/RefSeq_20250528.k31.sbt.zip,GCF_000210035.1_ASM21003v1_genomic,9b031f8e8d6f8498e950d180778cd938,0.35720789074355086,982000,37,250627000,/nfs3_ib/nfs-ip34/home/def-ilafores/analysis/MethodsComparison/Feces_RA/preproc/SRR5091503/SRR5091503_unmatched_2.fastq,SRR5091503,20b689bc,337870000,31,DNA,1000,337870,True,0.8331257216394083,0.9673376651463623,0.9002316933928853,0.9673376651463623,False,2960,1158668,2375015
1129000,0.0033415218871163466,0.301498127340824,0.0028590878148400272,0.0011894661717925992,2.9244306418219463,1.0,5.658819628037596,/net/nfs-ip34/jbod2/def-ilafores/ref_dbs/sourmash_db/RefSeq_20250528.k31.sbt.zip,GCF_006542745.1_6CPBBH3_genomic,fd3fc44b40474382e7e9ffb3487da7b2,0.3523720349563046,966000,38,249661000,/nfs3_ib/nfs-ip34/home/def-ilafores/analysis/MethodsComparison/Feces_RA/preproc/SRR5091503/SRR5091503_unmatched_2.fastq,SRR5091503,20b689bc,337870000,31,DNA,1000,337870,True,0.8320074896988214,0.9669124294930894,0.8994599595959554,0.9669124294930894,False,2825,1161493,2375015
3738000,0.01106342676177228,0.18635332921047207,0.0026755852842809363,0.005105651964303383,13.413716814159292,8.0,16.677155361873126,/net/nfs-ip34/jbod2/def-ilafores/ref_dbs/sourmash_db/RefSeq_20250528.k31.sbt.zip,GCF_006742345.1_ASM674234v1_genomic,aa13184474b5d866ab5daea20b7e99ed,0.7705627705627706,904000,39,248757000,/nfs3_ib/nfs-ip34/home/def-ilafores/analysis/MethodsComparison/Feces_RA/preproc/SRR5091503/SRR5091503_unmatched_2.fastq,SRR5091503,20b689bc,337870000,31,DNA,1000,337870,True,0.8647681116539526,0.9916276910797146,0.9281979013668336,0.9916276910797146,False,12126,1173619,2375015
843000,0.0024950424719566698,0.22120559741657697,0.0024328883890253647,0.0005810489617960308,1.6788321167883211,1.0,1.2357271167596156,/net/nfs-ip34/jbod2/def-ilafores/ref_dbs/sourmash_db/RefSeq_20250528.k31.sbt.zip,GCF_015074785.1_ASM1507478v1_genomic,988b2ef58a54374a65546dbc194ca3be,0.2268568353067815,822000,40,247935000,/nfs3_ib/nfs-ip34/home/def-ilafores/analysis/MethodsComparison/Feces_RA/preproc/SRR5091503/SRR5091503_unmatched_2.fastq,SRR5091503,20b689bc,337870000,31,DNA,1000,337870,True,0.8242041033378988,0.9532741189337511,0.8887391111358249,0.9532741189337511,False,1380,1174999,2375015
997000,0.0029508390801195727,0.23574144486692014,0.00238553289726818,0.0009616781367696625,2.833746898263027,1.0,7.683384322394457,/net/nfs-ip34/jbod2/def-ilafores/ref_dbs/sourmash_db/RefSeq_20250528.k31.sbt.zip,GCF_025149785.1_ASM2514978v1_genomic,8c91537000df08516afde1ea4eac7752,0.29160573267037143,806000,41,247129000,/nfs3_ib/nfs-ip34/home/def-ilafores/analysis/MethodsComparison/Feces_RA/preproc/SRR5091503/SRR5091503_unmatched_2.fastq,SRR5091503,20b689bc,337870000,31,DNA,1000,337870,True,0.8286771038647665,0.9610264852363422,0.8948517945505543,0.9610264852363422,False,2284,1177283,2375015
863000,0.0025542368366531505,0.2132596685082873,0.0022849024772841624,0.0009444150879047079,2.905440414507772,1.0,8.505872487578623,/net/nfs-ip34/jbod2/def-ilafores/ref_dbs/sourmash_db/RefSeq_20250528.k31.sbt.zip,GCF_005121165.3_ASM512116v3_genomic,74059216b7cd65a7ff314267c1b83b8e,0.2383977900552486,772000,42,246357000,/nfs3_ib/nfs-ip34/home/def-ilafores/analysis/MethodsComparison/Feces_RA/preproc/SRR5091503/SRR5091503_unmatched_2.fastq,SRR5091503,20b689bc,337870000,31,DNA,1000,337870,True,0.8248277494166565,0.954801241434999,0.8898144954258278,0.954801241434999,False,2243,1179526,2375015
730000,0.0021605943114215527,0.3145125716806352,0.002110279101429544,0.0007503110506670484,2.4992987377279103,2.0,4.454263389308135,/net/nfs-ip34/jbod2/def-ilafores/ref_dbs/sourmash_db/RefSeq_20250528.k31.sbt.zip,GCF_928721695.1_min17_bin50_genomic,08572a9202c4e37d7e91357abb84fe81,0.3220114689016321,713000,43,245644000,/nfs3_ib/nfs-ip34/home/def-ilafores/analysis/MethodsComparison/Feces_RA/preproc/SRR5091503/SRR5091503_unmatched_2.fastq,SRR5091503,20b689bc,337870000,31,DNA,1000,337870,True,0.82038647370952,0.9641062137471784,0.8922463437283492,0.9641062137471784,False,1782,1181308,2375015
976000,0.0028886849971882676,0.14738202973497092,0.0020244472726196464,0.0005671543127096039,1.969298245614035,1.0,12.879352172102365,/net/nfs-ip34/jbod2/def-ilafores/ref_dbs/sourmash_db/RefSeq_20250528.k31.sbt.zip,GCF_025148635.1_ASM2514863v1_genomic,d4b0f7a75de0de86779fc9973ed01479,0.21029950441715148,684000,44,244960000,/nfs3_ib/nfs-ip34/home/def-ilafores/analysis/MethodsComparison/Feces_RA/preproc/SRR5091503/SRR5091503_unmatched_2.fastq,SRR5091503,20b689bc,337870000,31,DNA,1000,337870,True,0.8281082337199063,0.9509464742170876,0.8895273539684969,0.9509464742170876,False,1347,1182655,2375015
671000,0.001985970935566934,0.2828836424957841,0.001985970935566934,0.00047031281907693217,1.6646795827123695,1.0,1.0611363212451537,/net/nfs-ip34/jbod2/def-ilafores/ref_dbs/sourmash_db/RefSeq_20250528.k31.sbt.zip,GCF_009832825.1_ASM983282v1_genomic,398f7909768585edf6b163d88d8e55f2,0.2828836424957841,671000,45,244289000,/nfs3_ib/nfs-ip34/home/def-ilafores/analysis/MethodsComparison/Feces_RA/preproc/SRR5091503/SRR5091503_unmatched_2.fastq,SRR5091503,20b689bc,337870000,31,DNA,1000,337870,True,0.8181592316924431,0.9600855431240274,0.8891223874082352,0.9600855431240274,False,1117,1183772,2375015
849000,0.002512800781365614,0.18405594405594405,0.0019474945985142214,0.0006181013593598356,2.231003039513678,1.0,3.6733840063001204,/net/nfs-ip34/jbod2/def-ilafores/ref_dbs/sourmash_db/RefSeq_20250528.k31.sbt.zip,GCF_025147765.1_ASM2514776v1_genomic,6fb5d9fae55cc8ecb2a67f82352fb7a7,0.23748251748251747,658000,46,243631000,/nfs3_ib/nfs-ip34/home/def-ilafores/analysis/MethodsComparison/Feces_RA/preproc/SRR5091503/SRR5091503_unmatched_2.fastq,SRR5091503,20b689bc,337870000,31,DNA,1000,337870,True,0.8243926876085551,0.9546827716548311,0.8895377296316931,0.9546827716548311,False,1468,1185240,2375015
949000,0.0028087726048480186,0.18962962962962962,0.0018942196702873887,0.0006698905059546993,2.4859375,1.0,5.286461694374958,/net/nfs-ip34/jbod2/def-ilafores/ref_dbs/sourmash_db/RefSeq_20250528.k31.sbt.zip,GCF_023008345.1_ASM2300834v1_genomic,80788e4d9f7a77cc8143de8cf6b02058,0.2811851851851852,640000,47,242991000,/nfs3_ib/nfs-ip34/home/def-ilafores/analysis/MethodsComparison/Feces_RA/preproc/SRR5091503/SRR5091503_unmatched_2.fastq,SRR5091503,20b689bc,337870000,31,DNA,1000,337870,True,0.8273591671391118,0.959899051256839,0.8936291091979754,0.959899051256839,False,1591,1186831,2375015
1967000,0.005821765767898896,0.1956521739130435,0.0018912599520525646,0.0035566091161529506,13.219092331768389,5.0,18.1123829140616,/net/nfs-ip34/jbod2/def-ilafores/ref_dbs/sourmash_db/RefSeq_20250528.k31.sbt.zip,GCF_000210735.1_ASM21073v1_genomic,112a151e28f067050905850dc0b386c2,0.6022657685241886,639000,48,242352000,/nfs3_ib/nfs-ip34/home/def-ilafores/analysis/MethodsComparison/Feces_RA/preproc/SRR5091503/SRR5091503_unmatched_2.fastq,SRR5091503,20b689bc,337870000,31,DNA,1000,337870,True,0.8470420900474768,0.9837763839456861,0.9154092369965814,0.9837763839456861,False,8447,1195278,2375015
3558000,0.010530677479503951,0.09480812641083522,0.001864622487939148,0.001547779698233485,5.834920634920635,2.0,11.476050406398935,/net/nfs-ip34/jbod2/def-ilafores/ref_dbs/sourmash_db/RefSeq_20250528.k31.sbt.zip,GCF_025914215.1_ASM2591421v1_genomic,2a77126e3a4d4eaa4c7e3a06f2b6d9a9,0.5354401805869075,630000,49,241722000,/nfs3_ib/nfs-ip34/home/def-ilafores/analysis/MethodsComparison/Feces_RA/preproc/SRR5091503/SRR5091503_unmatched_2.fastq,SRR5091503,20b689bc,337870000,31,DNA,1000,337870,True,0.8633924927644091,0.9800511454456422,0.9217218191050256,0.9800511454456422,False,3676,1198954,2375015
2812000,0.008322727676325213,0.09110266159695818,0.0017728712226596029,0.0008050475470681238,3.1919866444073457,2.0,11.668696014162858,/net/nfs-ip34/jbod2/def-ilafores/ref_dbs/sourmash_db/RefSeq_20250528.k31.sbt.zip,GCF_024759125.1_ASM2475912v1_genomic,6bd244397ae27f2890a12eadb785907c,0.42768060836501903,599000,50,241123000,/nfs3_ib/nfs-ip34/home/def-ilafores/analysis/MethodsComparison/Feces_RA/preproc/SRR5091503/SRR5091503_unmatched_2.fastq,SRR5091503,20b689bc,337870000,31,DNA,1000,337870,True,0.8568638014484722,0.9729726464218342,0.9149182239351532,0.9729726464218342,False,1912,1200866,2375015
819000,0.0024240092343208925,0.15164597949271452,0.001663361647971113,0.000578522661962135,2.4448398576512456,1.0,4.008618392368568,/net/nfs-ip34/jbod2/def-ilafores/ref_dbs/sourmash_db/RefSeq_20250528.k31.sbt.zip,GCF_020735365.1_ASM2073536v1_genomic,cc558956f3e16df0c5e2090af905f606,0.2209929843497032,562000,51,240561000,/nfs3_ib/nfs-ip34/home/def-ilafores/analysis/MethodsComparison/Feces_RA/preproc/SRR5091503/SRR5091503_unmatched_2.fastq,SRR5091503,20b689bc,337870000,31,DNA,1000,337870,True,0.8234365453692458,0.9524691520487999,0.8879528487090229,0.9524691520487999,False,1374,1202240,2375015
632000,0.0018705419244087963,0.22104018912529552,0.0016604019297362892,0.00038610282461373926,1.6345811051693404,1.0,1.0255984962486602,/net/nfs-ip34/jbod2/def-ilafores/ref_dbs/sourmash_db/RefSeq_20250528.k31.sbt.zip,GCF_020541925.1_ASM2054192v1_genomic,5dfb2de1c8a49d9f52117f79b9e8a991,0.24901497241922774,561000,52,240000000,/nfs3_ib/nfs-ip34/home/def-ilafores/analysis/MethodsComparison/Feces_RA/preproc/SRR5091503/SRR5091503_unmatched_2.fastq,SRR5091503,20b689bc,337870000,31,DNA,1000,337870,True,0.8165803968842335,0.9561442154500366,0.8863623061671351,0.9561442154500366,False,917,1203157,2375015
2234000,0.006612010536596916,0.17436905932481153,0.0015745701009263918,0.0017953570819552718,8.015037593984962,6.0,6.832567921146699,/net/nfs-ip34/jbod2/def-ilafores/ref_dbs/sourmash_db/RefSeq_20250528.k31.sbt.zip,GCF_042852915.1_ASM4285291v1_genomic,83df1fc7945fffe52952776a8424f7ce,0.7322189446083252,532000,53,239468000,/nfs3_ib/nfs-ip34/home/def-ilafores/analysis/MethodsComparison/Feces_RA/preproc/SRR5091503/SRR5091503_unmatched_2.fastq,SRR5091503,20b689bc,337870000,31,DNA,1000,337870,True,0.8505271444442313,0.9899963180490182,0.9202617312466248,0.9899963180490182,False,4264,1207421,2375015
653000,0.0019326960073401012,0.14064261555806087,0.0014768993991771983,0.000459786569769033,2.188376753507014,1.0,3.471121221653243,/net/nfs-ip34/jbod2/def-ilafores/ref_dbs/sourmash_db/RefSeq_20250528.k31.sbt.zip,GCF_036419155.1_ASM3641915v1_genomic,adc420f297b3ff1fa16ce829a637366f,0.18404735062006763,499000,54,238969000,/nfs3_ib/nfs-ip34/home/def-ilafores/analysis/MethodsComparison/Feces_RA/preproc/SRR5091503/SRR5091503_unmatched_2.fastq,SRR5091503,20b689bc,337870000,31,DNA,1000,337870,True,0.8174418885408932,0.9468649718729647,0.8821534302069289,0.9468649718729647,False,1092,1208513,2375015
1698000,0.005025601562731228,0.10422357638159277,0.0014680202444727261,0.0003456820272714067,1.655241935483871,1.0,1.021982548072126,/net/nfs-ip34/jbod2/def-ilafores/ref_dbs/sourmash_db/RefSeq_20250528.k31.sbt.zip,GCF_022493695.1_ASM2249369v1_genomic,fb6b868827cb7ec9f388d12d18da978b,0.35679764656440427,496000,55,238473000,/nfs3_ib/nfs-ip34/home/def-ilafores/analysis/MethodsComparison/Feces_RA/preproc/SRR5091503/SRR5091503_unmatched_2.fastq,SRR5091503,20b689bc,337870000,31,DNA,1000,337870,True,0.8430333897745727,0.9673018077091811,0.9051675987418768,0.9673018077091811,False,821,1209334,2375015
2714000,0.008032675289312457,0.10742143971473145,0.0014265841891851895,0.007967107576162678,39.25726141078838,43.0,24.563327402472208,/net/nfs-ip34/jbod2/def-ilafores/ref_dbs/sourmash_db/RefSeq_20250528.k31.sbt.zip,GCF_042850115.1_ASM4285011v1_genomic,0a531f0dc11d01b0c4c52863f5abf5c2,0.6048584800534879,482000,56,237991000,/nfs3_ib/nfs-ip34/home/def-ilafores/analysis/MethodsComparison/Feces_RA/preproc/SRR5091503/SRR5091503_unmatched_2.fastq,SRR5091503,20b689bc,337870000,31,DNA,1000,337870,True,0.8558838774870586,0.9839127159055311,0.9198982966962949,0.9839127159055311,False,18922,1228256,2375015
537000,0.001589368692100512,0.09827213822894168,0.0013466717968449403,0.0004728391189108279,2.4681318681318682,1.0,5.8289327453354405,/net/nfs-ip34/jbod2/def-ilafores/ref_dbs/sourmash_db/RefSeq_20250528.k31.sbt.zip,GCF_023008285.1_ASM2300828v1_genomic,3191b17cd9816a6b0abb68f0b35dbdf7,0.11598272138228942,455000,57,237536000,/nfs3_ib/nfs-ip34/home/def-ilafores/analysis/MethodsComparison/Feces_RA/preproc/SRR5091503/SRR5091503_unmatched_2.fastq,SRR5091503,20b689bc,337870000,31,DNA,1000,337870,True,0.812300881112609,0.9328657289801455,0.8725833050463773,0.9328657289801455,False,1123,1229379,2375015
489000,0.001447302216828958,0.1505005177770107,0.0012904371503832835,0.0003385241777420353,1.8440366972477065,1.0,2.831423644010963,/net/nfs-ip34/jbod2/def-ilafores/ref_dbs/sourmash_db/RefSeq_20250528.k31.sbt.zip,GCF_042853905.1_ASM4285390v1_genomic,1e694dab0a72999dda66e4cd13428d21,0.16879530548843633,436000,58,237100000,/nfs3_ib/nfs-ip34/home/def-ilafores/analysis/MethodsComparison/Feces_RA/preproc/SRR5091503/SRR5091503_unmatched_2.fastq,SRR5091503,20b689bc,337870000,31,DNA,1000,337870,True,0.8098510253104441,0.9442264041203434,0.8770387147153937,0.9442264041203434,False,804,1230183,2375015
478000,0.0014147453162458934,0.18673647469458987,0.0012667594045046911,0.0032416637368606095,17.988317757009344,16.0,10.207764772761951,/net/nfs-ip34/jbod2/def-ilafores/ref_dbs/sourmash_db/RefSeq_20250528.k31.sbt.zip,GCF_023921805.1_ASM2392180v1_genomic,0c9f72c07cb9e22587452a97c47fbca1,0.20855148342059338,428000,59,236672000,/nfs3_ib/nfs-ip34/home/def-ilafores/analysis/MethodsComparison/Feces_RA/preproc/SRR5091503/SRR5091503_unmatched_2.fastq,SRR5091503,20b689bc,337870000,31,DNA,1000,337870,True,0.8092568713146312,0.9506904650416822,0.8799736681781567,0.9506904650416822,False,7699,1237882,2375015
764000,0.0022612247314055703,0.13603896103896104,0.0012401219403912747,0.00042189207226059626,2.3914081145584727,1.0,4.752039900934897,/net/nfs-ip34/jbod2/def-ilafores/ref_dbs/sourmash_db/RefSeq_20250528.k31.sbt.zip,GCF_025150245.1_ASM2515024v1_genomic,1a61bc75384814965146b3c8fd1a27a5,0.24805194805194805,419000,60,236253000,/nfs3_ib/nfs-ip34/home/def-ilafores/analysis/MethodsComparison/Feces_RA/preproc/SRR5091503/SRR5091503_unmatched_2.fastq,SRR5091503,20b689bc,337870000,31,DNA,1000,337870,True,0.8215920897652694,0.9560247100529337,0.8888083999091015,0.9560247100529337,False,1002,1238884,2375015
3957000,0.011711605055198745,0.07955843167110772,0.0012371622221564508,0.0011364138752807877,6.456937799043062,6.0,4.512005484675157,/net/nfs-ip34/jbod2/def-ilafores/ref_dbs/sourmash_db/RefSeq_20250528.k31.sbt.zip,GCF_008369705.1_ASM836970v1_genomic,cebee0e6a30fafd04517fafb6687ddb3,0.75314046440807,418000,61,235835000,/nfs3_ib/nfs-ip34/home/def-ilafores/analysis/MethodsComparison/Feces_RA/preproc/SRR5091503/SRR5091503_unmatched_2.fastq,SRR5091503,20b689bc,337870000,31,DNA,1000,337870,True,0.8663578279847244,0.9908964157158336,0.9286271218502791,0.9908964157158336,False,2699,1241583,2375015
3091000,0.009148489063841123,0.07575473467091694,0.0011957261668689141,0.0010328355820910604,6.071782178217822,2.0,12.967105976967266,/net/nfs-ip34/jbod2/def-ilafores/ref_dbs/sourmash_db/RefSeq_20250528.k31.sbt.zip,GCF_029369685.1_ASM2936968v1_genomic,616b6eb65d964b64030cd25de5f05d76,0.5795987249203075,404000,62,235431000,/nfs3_ib/nfs-ip34/home/def-ilafores/analysis/MethodsComparison/Feces_RA/preproc/SRR5091503/SRR5091503_unmatched_2.fastq,SRR5091503,20b689bc,337870000,31,DNA,1000,337870,True,0.8594825755046019,0.9825597037095204,0.9210211396070611,0.9825597037095204,False,2453,1244036,2375015
526000,0.0015568117915174475,0.06873413130214001,0.001121733210998313,0.0005793647619067669,3.6306068601583115,1.0,6.887770693036129,/net/nfs-ip34/jbod2/def-ilafores/ref_dbs/sourmash_db/RefSeq_20250528.k31.sbt.zip,GCF_019930665.1_ASM1993066v1_genomic,d7320230ed69eef737078c57f068087a,0.09539354370692782,379000,63,235052000,/nfs3_ib/nfs-ip34/home/def-ilafores/analysis/MethodsComparison/Feces_RA/preproc/SRR5091503/SRR5091503_unmatched_2.fastq,SRR5091503,20b689bc,337870000,31,DNA,1000,337870,True,0.8117587364570351,0.9270032515945228,0.869380994025779,0.9270032515945228,False,1376,1245412,2375015
533000,0.001577529819161216,0.1501787842669845,0.0011187734927634889,0.0006079961600242525,3.82010582010582,1.0,7.253856335414554,/net/nfs-ip34/jbod2/def-ilafores/ref_dbs/sourmash_db/RefSeq_20250528.k31.sbt.zip,GCF_018408575.1_ASM1840857v1_genomic,be471ee2a9a4d83e479673ce2822bf12,0.21176003178386968,378000,64,234674000,/nfs3_ib/nfs-ip34/home/def-ilafores/analysis/MethodsComparison/Feces_RA/preproc/SRR5091503/SRR5091503_unmatched_2.fastq,SRR5091503,20b689bc,337870000,31,DNA,1000,337870,True,0.8121049916423674,0.9511588038310853,0.8816318977367263,0.9511588038310853,False,1444,1246856,2375015
1794000,0.005309734513274336,0.1297085998578536,0.0010802971557107763,0.0015776742462679182,10.265753424657534,9.0,6.449216139649294,/net/nfs-ip34/jbod2/def-ilafores/ref_dbs/sourmash_db/RefSeq_20250528.k31.sbt.zip,GCF_019968015.1_ASM1996801v1_genomic,517ce21e5547904474906c4ba8b4528a,0.6375266524520256,365000,65,234309000,/nfs3_ib/nfs-ip34/home/def-ilafores/analysis/MethodsComparison/Feces_RA/preproc/SRR5091503/SRR5091503_unmatched_2.fastq,SRR5091503,20b689bc,337870000,31,DNA,1000,337870,True,0.8445303312330393,0.9855836607071017,0.9150569959700705,0.9855836607071017,False,3747,1250603,2375015
3373000,0.009983129606061503,0.08011540168664004,0.00106845828277148,0.0011688347231491169,7.689750692520776,5.0,9.124144110820493,/net/nfs-ip34/jbod2/def-ilafores/ref_dbs/sourmash_db/RefSeq_20250528.k31.sbt.zip,GCF_020091365.1_ASM2009136v1_genomic,ef23ca7c0c2ee8ae3e8a4537f4cacf2d,0.7485574789169995,361000,66,233948000,/nfs3_ib/nfs-ip34/home/def-ilafores/analysis/MethodsComparison/Feces_RA/preproc/SRR5091503/SRR5091503_unmatched_2.fastq,SRR5091503,20b689bc,337870000,31,DNA,1000,337870,True,0.8619066200890625,0.9907013319864094,0.926303976037736,0.9907013319864094,False,2776,1253379,2375015
2130000,0.006304199840175215,0.08015181960258987,0.001062538846301832,0.0005709437624604476,3.777158774373259,2.0,5.975384208565316,/net/nfs-ip34/jbod2/def-ilafores/ref_dbs/sourmash_db/RefSeq_20250528.k31.sbt.zip,GCF_025148125.1_ASM2514812v1_genomic,20e22b7a195404638366fe78b372a400,0.4755525787006028,359000,67,233589000,/nfs3_ib/nfs-ip34/home/def-ilafores/analysis/MethodsComparison/Feces_RA/preproc/SRR5091503/SRR5091503_unmatched_2.fastq,SRR5091503,20b689bc,337870000,31,DNA,1000,337870,True,0.8492202111279318,0.9763084534643738,0.9127643322961527,0.9763084534643738,False,1356,1254735,2375015
2599000,0.007692307692307693,0.08894472361809046,0.0010477402551277118,0.001037888181758852,6.963276836158192,3.0,18.28745074631967,/net/nfs-ip34/jbod2/def-ilafores/ref_dbs/sourmash_db/RefSeq_20250528.k31.sbt.zip,GCF_000209995.1_ASM20999v1_genomic,300ebb94b057c743776c0c6aab2d0089,0.6530150753768844,354000,68,233235000,/nfs3_ib/nfs-ip34/home/def-ilafores/analysis/MethodsComparison/Feces_RA/preproc/SRR5091503/SRR5091503_unmatched_2.fastq,SRR5091503,20b689bc,337870000,31,DNA,1000,337870,True,0.85468932355846,0.9863471201142976,0.9205182218363788,0.9863471201142976,False,2465,1257200,2375015
4524000,0.013389765294343978,0.06353240152477764,0.0010359013821884156,0.0024606160382144955,16.697142857142858,11.0,26.063104581153855,/net/nfs-ip34/jbod2/def-ilafores/ref_dbs/sourmash_db/RefSeq_20250528.k31.sbt.zip,GCF_013010365.1_ASM1301036v1_genomic,5238ee0271b59904257c2ba3bb41a6da,0.8212016699945544,350000,69,232885000,/nfs3_ib/nfs-ip34/home/def-ilafores/analysis/MethodsComparison/Feces_RA/preproc/SRR5091503/SRR5091503_unmatched_2.fastq,SRR5091503,20b689bc,337870000,31,DNA,1000,337870,True,0.8701083200441474,0.9936657413679262,0.9318870307060367,0.9936657413679262,False,5844,1263044,2375015
670000,0.00198301121733211,0.09304841763592102,0.0010181430727794715,0.0005608385631248645,3.872093023255814,1.0,7.3334951716904495,/net/nfs-ip34/jbod2/def-ilafores/ref_dbs/sourmash_db/RefSeq_20250528.k31.sbt.zip,GCF_000210015.1_ASM21001v1_genomic,6f351faff0bbc09512221a953fad4daf,0.18122802272112523,344000,70,232541000,/nfs3_ib/nfs-ip34/home/def-ilafores/analysis/MethodsComparison/Feces_RA/preproc/SRR5091503/SRR5091503_unmatched_2.fastq,SRR5091503,20b689bc,337870000,31,DNA,1000,337870,True,0.8181198706136792,0.9463935800503682,0.8822567253320237,0.9463935800503682,False,1332,1264376,2375015
3571000,0.010569153816556664,0.07087276550998949,0.000997425045135703,0.0017519889348067276,12.347181008902076,4.0,15.525835635223746,/net/nfs-ip34/jbod2/def-ilafores/ref_dbs/sourmash_db/RefSeq_20250528.k31.sbt.zip,GCF_018292165.1_ASM1829216v1_genomic,2391c2d4efd3d75a2653a2fd1570dca9,0.7509989484752891,337000,71,232204000,/nfs3_ib/nfs-ip34/home/def-ilafores/analysis/MethodsComparison/Feces_RA/preproc/SRR5091503/SRR5091503_unmatched_2.fastq,SRR5091503,20b689bc,337870000,31,DNA,1000,337870,True,0.8634940748993396,0.9908054013126567,0.9271497381059981,0.9908054013126567,False,4161,1268537,2375015
2185000,0.006466984343090538,0.11041939711664482,0.000997425045135703,0.0008315736953240295,5.86053412462908,3.0,7.245267585488753,/net/nfs-ip34/jbod2/def-ilafores/ref_dbs/sourmash_db/RefSeq_20250528.k31.sbt.zip,GCF_023347255.1_ASM2334725v1_genomic,58b144de4acaed89ce9d8071641d7213,0.7159239842726082,337000,72,231867000,/nfs3_ib/nfs-ip34/home/def-ilafores/analysis/MethodsComparison/Feces_RA/preproc/SRR5091503/SRR5091503_unmatched_2.fastq,SRR5091503,20b689bc,337870000,31,DNA,1000,337870,True,0.8499188819784644,0.9892778549705498,0.919598368474507,0.9892778549705498,False,1975,1270512,2375015
1726000,0.005108473673306301,0.09271153309131527,0.0009826264539615829,0.0030589280488754807,21.882530120481928,22.0,10.761995083477952,/net/nfs-ip34/jbod2/def-ilafores/ref_dbs/sourmash_db/RefSeq_20250528.k31.sbt.zip,GCF_000209955.1_ASM20995v1_genomic,bbe76ea739202f726b440dbf1d277c90,0.48198827143256073,332000,73,231535000,/nfs3_ib/nfs-ip34/home/def-ilafores/analysis/MethodsComparison/Feces_RA/preproc/SRR5091503/SRR5091503_unmatched_2.fastq,SRR5091503,20b689bc,337870000,31,DNA,1000,337870,True,0.8434782889547303,0.9767318955740711,0.9101050922644007,0.9767318955740711,False,7265,1277777,2375015
2133000,0.006313078994879687,0.09410755148741419,0.0009737472992571107,0.004849232531162961,35.006079027355625,36.0,16.16517964497274,/net/nfs-ip34/jbod2/def-ilafores/ref_dbs/sourmash_db/RefSeq_20250528.k31.sbt.zip,GCF_028743455.1_ASM2874345v1_genomic,e7c81f7d63e990a73ddfcefd48f5bb04,0.6101258581235698,329000,74,231206000,/nfs3_ib/nfs-ip34/home/def-ilafores/analysis/MethodsComparison/Feces_RA/preproc/SRR5091503/SRR5091503_unmatched_2.fastq,SRR5091503,20b689bc,337870000,31,DNA,1000,337870,True,0.8492587682380872,0.9841879562834855,0.9167233622607864,0.9841879562834855,False,11517,1289294,2375015
4207000,0.012451534613904757,0.046020422436704435,0.0009737472992571107,0.0004206289223436484,3.0364741641337387,2.0,3.0861797584735964,/net/nfs-ip34/jbod2/def-ilafores/ref_dbs/sourmash_db/RefSeq_20250528.k31.sbt.zip,GCF_918258265.1_BOVAC1_genomic,d7ca7470d77ebe0344d62e56d1ab47e0,0.5884739124353057,329000,75,230877000,/nfs3_ib/nfs-ip34/home/def-ilafores/analysis/MethodsComparison/Feces_RA/preproc/SRR5091503/SRR5091503_unmatched_2.fastq,SRR5091503,20b689bc,337870000,31,DNA,1000,337870,True,0.8680716575468012,0.9830414847978904,0.9255565711723458,0.9830414847978904,False,999,1290293,2375015
353000,0.0010447805368928877,0.13747323340471093,0.0009500695533785184,0.00018820933762523606,1.3925233644859814,1.0,0.737390482020449,/net/nfs-ip34/jbod2/def-ilafores/ref_dbs/sourmash_db/RefSeq_20250528.k31.sbt.zip,GCF_009728915.1_ASM972891v1_genomic,dd9a7a25cf2d3a15ed15405a169aba38,0.1511777301927195,321000,76,230556000,/nfs3_ib/nfs-ip34/home/def-ilafores/analysis/MethodsComparison/Feces_RA/preproc/SRR5091503/SRR5091503_unmatched_2.fastq,SRR5091503,20b689bc,337870000,31,DNA,1000,337870,True,0.8013818801894206,0.9408748616392112,0.8711283709143158,0.9408748616392112,False,447,1290740,2375015
1513000,0.00447805368928878,0.10428244524354364,0.0009441501169088703,0.0004892600678311506,3.6426332288401255,2.0,4.116356314065923,/net/nfs-ip34/jbod2/def-ilafores/ref_dbs/sourmash_db/RefSeq_20250528.k31.sbt.zip,GCF_040059215.1_ASM4005921v1_genomic,32b4f8c9ded2e30d47a15c3a2652e364,0.4946060804184374,319000,77,230237000,/nfs3_ib/nfs-ip34/home/def-ilafores/analysis/MethodsComparison/Feces_RA/preproc/SRR5091503/SRR5091503_unmatched_2.fastq,SRR5091503,20b689bc,337870000,31,DNA,1000,337870,True,0.8399021383897074,0.9775464471874543,0.9087242927885808,0.9775464471874543,False,1162,1291902,2375015
3745000,0.011084144789416047,0.060867777092329836,0.0008760765975079172,0.0036395559606991956,29.2027027027027,26.0,23.69868837157947,/net/nfs-ip34/jbod2/def-ilafores/ref_dbs/sourmash_db/RefSeq_20250528.k31.sbt.zip,GCF_008728395.1_ASM872839v1_genomic,be62626804ebd51a937970eebfaaba96,0.7701007608472137,296000,78,229941000,/nfs3_ib/nfs-ip34/home/def-ilafores/analysis/MethodsComparison/Feces_RA/preproc/SRR5091503/SRR5091503_unmatched_2.fastq,SRR5091503,20b689bc,337870000,31,DNA,1000,337870,True,0.8648203036005785,0.9916085063331971,0.9282144049668878,0.9916085063331971,False,8644,1300546,2375015
295000,0.0008731168792730932,0.103886925795053,0.0008701571610382692,0.0001818935880404966,1.469387755102041,1.0,0.8273071014575974,/net/nfs-ip34/jbod2/def-ilafores/ref_dbs/sourmash_db/RefSeq_20250528.k31.sbt.zip,GCF_000478885.1_ASM47888v1_genomic,02b170c1c65259d332d2411d92d0f08f,0.10424028268551237,294000,79,229647000,/nfs3_ib/nfs-ip34/home/def-ilafores/analysis/MethodsComparison/Feces_RA/preproc/SRR5091503/SRR5091503_unmatched_2.fastq,SRR5091503,20b689bc,337870000,31,DNA,1000,337870,True,0.7967552166083764,0.9296591077998909,0.8632071622041337,0.9296591077998909,False,432,1300978,2375015
2030000,0.006008228016692811,0.05770046669495121,0.0008050433598721402,0.00019031458748681586,1.661764705882353,1.0,1.0052844800419176,/net/nfs-ip34/jbod2/def-ilafores/ref_dbs/sourmash_db/RefSeq_20250528.k31.sbt.zip,GCF_036498805.1_ASM3649880v1_genomic,1613e15175f47ab59de5a55f40bfa60a,0.4306321595248197,272000,80,229375000,/nfs3_ib/nfs-ip34/home/def-ilafores/analysis/MethodsComparison/Feces_RA/preproc/SRR5091503/SRR5091503_unmatched_2.fastq,SRR5091503,20b689bc,337870000,31,DNA,1000,337870,True,0.8479039496306877,0.9731885319665334,0.9105462407986106,0.9731885319665334,False,452,1301430,2375015
3137000,0.009284636102643028,0.04297994269340974,0.0007991239234024921,0.00024589318383252316,2.162962962962963,1.0,3.037317060261273,/net/nfs-ip34/jbod2/def-ilafores/ref_dbs/sourmash_db/RefSeq_20250528.k31.sbt.zip,GCF_012151035.1_ASM1215103v1_genomic,490ceba85d6fbbcb94ee2fcc57d259ec,0.4993632601082458,270000,81,229105000,/nfs3_ib/nfs-ip34/home/def-ilafores/analysis/MethodsComparison/Feces_RA/preproc/SRR5091503/SRR5091503_unmatched_2.fastq,SRR5091503,20b689bc,337870000,31,DNA,1000,337870,True,0.85989223779034,0.9778483399067239,0.918870288848532,0.9778483399067239,False,584,1302014,2375015
1378000,0.004078491727587534,0.08341232227488152,0.0007813656139935479,0.00034483992732677477,3.102272727272727,2.0,3.2684433768138033,/net/nfs-ip34/jbod2/def-ilafores/ref_dbs/sourmash_db/RefSeq_20250528.k31.sbt.zip,GCF_002734145.1_ASM273414v1_genomic,d36cd3d827e7c481f3d6eaa28052d315,0.4353870458135861,264000,82,228841000,/nfs3_ib/nfs-ip34/home/def-ilafores/analysis/MethodsComparison/Feces_RA/preproc/SRR5091503/SRR5091503_unmatched_2.fastq,SRR5091503,20b689bc,337870000,31,DNA,1000,337870,True,0.8373737480237833,0.9735333255562301,0.9054535367900067,0.9735333255562301,False,819,1302833,2375015
2318000,0.006860626868322135,0.07380281690140846,0.0007754461775238997,0.0009940989846379917,9.011450381679388,3.0,13.783628640785416,/net/nfs-ip34/jbod2/def-ilafores/ref_dbs/sourmash_db/RefSeq_20250528.k31.sbt.zip,GCF_042846995.1_ASM4284699v1_genomic,8b056a1755c5c7b70c25c16b2330fe86,0.6529577464788733,262000,83,228579000,/nfs3_ib/nfs-ip34/home/def-ilafores/analysis/MethodsComparison/Feces_RA/preproc/SRR5091503/SRR5091503_unmatched_2.fastq,SRR5091503,20b689bc,337870000,31,DNA,1000,337870,True,0.8515404522666719,0.9863443266898951,0.9189423894782836,0.9863443266898951,False,2361,1305194,2375015
766000,0.002267144167875218,0.07407407407407407,0.0007695267410542517,0.0001898935375144999,1.7346153846153847,1.0,4.028116787292916,/net/nfs-ip34/jbod2/def-ilafores/ref_dbs/sourmash_db/RefSeq_20250528.k31.sbt.zip,GCF_019249795.2_P1C_raw_genomic,daced544df689eeedcdbd81decd8f176,0.21823361823361823,260000,84,228319000,/nfs3_ib/nfs-ip34/home/def-ilafores/analysis/MethodsComparison/Feces_RA/preproc/SRR5091503/SRR5091503_unmatched_2.fastq,SRR5091503,20b689bc,337870000,31,DNA,1000,337870,True,0.8216613815386743,0.9520831784361556,0.8868722799874149,0.9520831784361556,False,451,1305645,2375015
1895000,0.005608666054991565,0.08654173764906303,0.0007517684316453074,0.001299360214567066,12.149606299212598,6.0,11.92468407951258,/net/nfs-ip34/jbod2/def-ilafores/ref_dbs/sourmash_db/RefSeq_20250528.k31.sbt.zip,GCF_040058985.1_ASM4005898v1_genomic,9217c1f8c150568f8c71781398566ec7,0.645655877342419,254000,85,228065000,/nfs3_ib/nfs-ip34/home/def-ilafores/analysis/MethodsComparison/Feces_RA/preproc/SRR5091503/SRR5091503_unmatched_2.fastq,SRR5091503,20b689bc,337870000,31,DNA,1000,337870,True,0.8460237738366004,0.9859865790734246,0.9160051764550126,0.9859865790734246,False,3086,1308731,2375015
475000,0.0014058661615414213,0.08794674141555711,0.0007428892769408352,0.0003221032288217127,3.047808764940239,1.0,5.509653351985647,/net/nfs-ip34/jbod2/def-ilafores/ref_dbs/sourmash_db/RefSeq_20250528.k31.sbt.zip,GCF_044591705.1_ASM4459170v1_genomic,534586fd213cdbccf2580b51187bb263,0.16643307638402244,251000,86,227814000,/nfs3_ib/nfs-ip34/home/def-ilafores/analysis/MethodsComparison/Feces_RA/preproc/SRR5091503/SRR5091503_unmatched_2.fastq,SRR5091503,20b689bc,337870000,31,DNA,1000,337870,True,0.8090925324109381,0.9437972293842755,0.8764448808976069,0.9437972293842755,False,765,1309496,2375015
3692000,0.010927279722970373,0.04982713036404311,0.0007251309675318909,0.0023090380481807483,22.383673469387755,5.0,42.5318096897512,/net/nfs-ip34/jbod2/def-ilafores/ref_dbs/sourmash_db/RefSeq_20250528.k31.sbt.zip,GCF_018289375.1_ASM1828937v1_genomic,d63aa3877a3e796774bd21a9b9ae06b0,0.7508643481797844,245000,87,227569000,/nfs3_ib/nfs-ip34/home/def-ilafores/analysis/MethodsComparison/Feces_RA/preproc/SRR5091503/SRR5091503_unmatched_2.fastq,SRR5091503,20b689bc,337870000,31,DNA,1000,337870,True,0.8644227645625554,0.9907996724155484,0.9276112184890519,0.9907996724155484,False,5484,1314980,2375015
373000,0.0011039749015893687,0.08483379501385041,0.0007251309675318909,0.00018147253806818063,1.7591836734693878,1.0,3.423085990879858,/net/nfs-ip34/jbod2/def-ilafores/ref_dbs/sourmash_db/RefSeq_20250528.k31.sbt.zip,GCF_025150745.1_ASM2515074v1_genomic,f264b62f2a1798cf106db911e66dcf25,0.1291551246537396,245000,88,227324000,/nfs3_ib/nfs-ip34/home/def-ilafores/analysis/MethodsComparison/Feces_RA/preproc/SRR5091503/SRR5091503_unmatched_2.fastq,SRR5091503,20b689bc,337870000,31,DNA,1000,337870,True,0.8028078068382098,0.9361084855847154,0.8694581462114626,0.9361084855847154,False,431,1315411,2375015
230000,0.0006807351940095302,0.07749733380732314,0.0006452185751916417,0.00013642019103037243,1.4862385321100917,1.0,1.193366058092411,/net/nfs-ip34/jbod2/def-ilafores/ref_dbs/sourmash_db/RefSeq_20250528.k31.sbt.zip,GCF_025144665.1_ASM2514466v1_genomic,b69c557c70b05f221753839e76da2c17,0.08176324209029506,218000,89,227106000,/nfs3_ib/nfs-ip34/home/def-ilafores/analysis/MethodsComparison/Feces_RA/preproc/SRR5091503/SRR5091503_unmatched_2.fastq,SRR5091503,20b689bc,337870000,31,DNA,1000,337870,True,0.790383757009096,0.9224041094879927,0.8563939332485444,0.9224041094879927,False,324,1315735,2375015
2326000,0.006884304614200728,0.07493093922651933,0.0006422588569568177,0.0005372597646751705,5.880184331797235,5.0,4.692814780608769,/net/nfs-ip34/jbod2/def-ilafores/ref_dbs/sourmash_db/RefSeq_20250528.k31.sbt.zip,GCF_036632915.2_ASM3663291v2_genomic,1be8a5fa3d48a02ef6804d87b6dc2cbb,0.8031767955801105,217000,90,226889000,/nfs3_ib/nfs-ip34/home/def-ilafores/analysis/MethodsComparison/Feces_RA/preproc/SRR5091503/SRR5091503_unmatched_2.fastq,SRR5091503,20b689bc,337870000,31,DNA,1000,337870,True,0.8516350968851679,0.992954599880481,0.9222948483828244,0.992954599880481,False,1276,1317011,2375015
289000,0.0008553585698641489,0.04862531242899341,0.0006333797022523456,0.00020589343646250656,2.2850467289719627,1.0,1.9111235496731938,/net/nfs-ip34/jbod2/def-ilafores/ref_dbs/sourmash_db/RefSeq_20250528.k31.sbt.zip,GCF_900683755.1_ASM90068375v1_genomic,8e291018769da4b390c897ca0d5c97dc,0.06566689388775278,214000,91,226675000,/nfs3_ib/nfs-ip34/home/def-ilafores/analysis/MethodsComparison/Feces_RA/preproc/SRR5091503/SRR5091503_unmatched_2.fastq,SRR5091503,20b689bc,337870000,31,DNA,1000,337870,True,0.7962272542360075,0.9159038535560283,0.8560655538960179,0.9159038535560283,False,489,1317500,2375015
4350000,0.012874774321484594,0.029748947903061963,0.0006067422381389292,0.0005566280634017049,6.4487804878048784,3.0,7.700716531476527,/net/nfs-ip34/jbod2/def-ilafores/ref_dbs/sourmash_db/RefSeq_20250528.k31.sbt.zip,GCF_020091525.1_ASM2009152v1_genomic,8f3ea558ca4f6e771ca0f137efec6697,0.631258162821071,205000,92,226470000,/nfs3_ib/nfs-ip34/home/def-ilafores/analysis/MethodsComparison/Feces_RA/preproc/SRR5091503/SRR5091503_unmatched_2.fastq,SRR5091503,20b689bc,337870000,31,DNA,1000,337870,True,0.8690081687562624,0.9852695584504605,0.9271388636033615,0.9852695584504605,False,1322,1318822,2375015
1298000,0.0038417142688016103,0.06395715185885319,0.0006008228016692811,0.0003759976252781561,4.399014778325123,2.0,4.666556310365403,/net/nfs-ip34/jbod2/def-ilafores/ref_dbs/sourmash_db/RefSeq_20250528.k31.sbt.zip,GCF_023347235.1_ASM2334723v1_genomic,463a8ff2f26f37a3c67c2a86a64398f8,0.40894770006301195,203000,93,226267000,/nfs3_ib/nfs-ip34/home/def-ilafores/analysis/MethodsComparison/Feces_RA/preproc/SRR5091503/SRR5091503_unmatched_2.fastq,SRR5091503,20b689bc,337870000,31,DNA,1000,337870,True,0.8357597534294404,0.9715678917724698,0.9036638226009551,0.9715678917724698,False,893,1319715,2375015
201000,0.000594903365199633,0.0859611231101512,0.0005889839287299849,0.00014947274017216734,1.7839195979899498,1.0,1.1511596571933826,/net/nfs-ip34/jbod2/def-ilafores/ref_dbs/sourmash_db/RefSeq_20250528.k31.sbt.zip,GCF_003856815.1_ASM385681v1_genomic,ec56179731d98b9fa6dca12eb7eea848,0.08682505399568034,199000,94,226068000,/nfs3_ib/nfs-ip34/home/def-ilafores/analysis/MethodsComparison/Feces_RA/preproc/SRR5091503/SRR5091503_unmatched_2.fastq,SRR5091503,20b689bc,337870000,31,DNA,1000,337870,True,0.7869549739835169,0.9241931471856737,0.8555740605845953,0.9241931471856737,False,355,1320070,2375015
1552000,0.004593482700446918,0.06224198158145443,0.0005801047740255128,0.0013267284627676036,16.0765306122449,17.0,11.96164193408526,/net/nfs-ip34/jbod2/def-ilafores/ref_dbs/sourmash_db/RefSeq_20250528.k31.sbt.zip,GCF_042850025.1_ASM4285002v1_genomic,26ae838edf91db815bafb3211b734604,0.4928548745633534,196000,95,225872000,/nfs3_ib/nfs-ip34/home/def-ilafores/analysis/MethodsComparison/Feces_RA/preproc/SRR5091503/SRR5091503_unmatched_2.fastq,SRR5091503,20b689bc,337870000,31,DNA,1000,337870,True,0.8405919537174434,0.9774346068207781,0.9090132802691108,0.9774346068207781,False,3151,1323221,2375015
2594000,0.007677509101133572,0.050051334702258726,0.0005771450557906887,0.003730081704747128,45.43076923076923,48.0,24.728040284894412,/net/nfs-ip34/jbod2/def-ilafores/ref_dbs/sourmash_db/RefSeq_20250528.k31.sbt.zip,GCF_025147325.1_ASM2514732v1_genomic,0878062848e44bf823b15b8a5d1eba75,0.6658110882956879,195000,96,225677000,/nfs3_ib/nfs-ip34/home/def-ilafores/analysis/MethodsComparison/Feces_RA/preproc/SRR5091503/SRR5091503_unmatched_2.fastq,SRR5091503,20b689bc,337870000,31,DNA,1000,337870,True,0.8546362332916457,0.9869647591931088,0.9208004962423773,0.9869647591931088,False,8859,1332080,2375015
1215000,0.0035960576553112143,0.06363636363636363,0.0005593867463817444,0.00026989303225453314,3.3915343915343916,2.0,6.0312354745397165,/net/nfs-ip34/jbod2/def-ilafores/ref_dbs/sourmash_db/RefSeq_20250528.k31.sbt.zip,GCF_001998765.1_ASM199876v1_genomic,c87f75fcf13611b56f2643edb90d05be,0.4090909090909091,189000,97,225488000,/nfs3_ib/nfs-ip34/home/def-ilafores/analysis/MethodsComparison/Feces_RA/preproc/SRR5091503/SRR5091503_unmatched_2.fastq,SRR5091503,20b689bc,337870000,31,DNA,1000,337870,True,0.8339801199906924,0.9715788651547199,0.9027794925727062,0.9715788651547199,False,641,1332721,2375015
262000,0.0007754461775238997,0.055689343768813966,0.0005475478734424483,0.00015494638981227487,1.9891891891891893,1.0,2.429523786480041,/net/nfs-ip34/jbod2/def-ilafores/ref_dbs/sourmash_db/RefSeq_20250528.k31.sbt.zip,GCF_018408705.1_ASM1840870v1_genomic,ac6ff4cab85d8673ba368b5f66dcfee5,0.07886815171583383,185000,98,225303000,/nfs3_ib/nfs-ip34/home/def-ilafores/analysis/MethodsComparison/Feces_RA/preproc/SRR5091503/SRR5091503_unmatched_2.fastq,SRR5091503,20b689bc,337870000,31,DNA,1000,337870,True,0.7937120189648634,0.9213320577105051,0.8575220383376843,0.9213320577105051,False,368,1333089,2375015
2666000,0.007890608814040903,0.045342533267619514,0.0005445881552076242,0.0006008383104948811,7.755434782608695,3.0,15.297057575335787,/net/nfs-ip34/jbod2/def-ilafores/ref_dbs/sourmash_db/RefSeq_20250528.k31.sbt.zip,GCF_000210655.1_ASM21065v1_genomic,586860c088f340576435f05f9fd3cc1d,0.6569738787580088,184000,99,225119000,/nfs3_ib/nfs-ip34/home/def-ilafores/analysis/MethodsComparison/Feces_RA/preproc/SRR5091503/SRR5091503_unmatched_2.fastq,SRR5091503,20b689bc,337870000,31,DNA,1000,337870,True,0.8553913520741829,0.9865394461329376,0.9209653991035602,0.9865394461329376,False,1427,1334516,2375015
244000,0.0007221712492970669,0.05876494023904383,0.0005238701275638559,0.00017852518826196888,2.3954802259887007,1.0,7.2705257405083366,/net/nfs-ip34/jbod2/def-ilafores/ref_dbs/sourmash_db/RefSeq_20250528.k31.sbt.zip,GCF_009557455.1_ASM955745v1_genomic,7e798acda951bd16b6d452563081e9df,0.08100929614873838,177000,100,224942000,/nfs3_ib/nfs-ip34/home/def-ilafores/analysis/MethodsComparison/Feces_RA/preproc/SRR5091503/SRR5091503_unmatched_2.fastq,SRR5091503,20b689bc,337870000,31,DNA,1000,337870,True,0.791891739528162,0.9221285046611474,0.8570101220946547,0.9221285046611474,False,424,1334940,2375015
2648000,0.00783733388581407,0.026989079563182528,0.0005120312546245597,0.00034778727713298654,4.77456647398844,2.0,12.497446697025882,/net/nfs-ip34/jbod2/def-ilafores/ref_dbs/sourmash_db/RefSeq_20250528.k31.sbt.zip,GCF_024758345.1_ASM2475834v1_genomic,183a75b530ce328e418f91cd67bce618,0.4131045241809672,173000,101,224769000,/nfs3_ib/nfs-ip34/home/def-ilafores/analysis/MethodsComparison/Feces_RA/preproc/SRR5091503/SRR5091503_unmatched_2.fastq,SRR5091503,20b689bc,337870000,31,DNA,1000,337870,True,0.8552044395856324,0.9718849056259822,0.9135446726058073,0.9718849056259822,False,826,1335766,2375015
2411000,0.007135880664160772,0.047244094488188976,0.0004972326634504396,0.00026399833264210965,3.732142857142857,3.0,3.3407177983426357,/net/nfs-ip34/jbod2/def-ilafores/ref_dbs/sourmash_db/RefSeq_20250528.k31.sbt.zip,GCF_045070525.1_ASM4507052v1_genomic,214150bf2398bbfa49ab399581721b68,0.6780089988751407,168000,102,224601000,/nfs3_ib/nfs-ip34/home/def-ilafores/analysis/MethodsComparison/Feces_RA/preproc/SRR5091503/SRR5091503_unmatched_2.fastq,SRR5091503,20b689bc,337870000,31,DNA,1000,337870,True,0.8526216840188007,0.9875429262825018,0.9200823051506513,0.9875429262825018,False,627,1336393,2375015
2330000,0.006896143487140024,0.03822242689385218,0.0004913132269807914,0.0009039942905623754,12.933734939759036,3.0,20.080901296844186,/net/nfs-ip34/jbod2/def-ilafores/ref_dbs/sourmash_db/RefSeq_20250528.k31.sbt.zip,GCF_015679285.1_ASM1567928v1_genomic,45fd681443cce466fcd8278dc02a4bdd,0.5364955100161178,166000,103,224435000,/nfs3_ib/nfs-ip34/home/def-ilafores/analysis/MethodsComparison/Feces_RA/preproc/SRR5091503/SRR5091503_unmatched_2.fastq,SRR5091503,20b689bc,337870000,31,DNA,1000,337870,True,0.8516823011257352,0.9801133970133957,0.9158978490695655,0.9801133970133957,False,2147,1338540,2375015
1516000,0.004486932843993252,0.057564057564057566,0.00048539379051114334,0.0005919962610762458,8.573170731707316,7.0,6.61489540098501,/net/nfs-ip34/jbod2/def-ilafores/ref_dbs/sourmash_db/RefSeq_20250528.k31.sbt.zip,GCF_951792925.1_DSM32379_genomic,6f632cf2c32182bcb83ab7f61da6abb4,0.5321165321165321,164000,104,224271000,/nfs3_ib/nfs-ip34/home/def-ilafores/analysis/MethodsComparison/Feces_RA/preproc/SRR5091503/SRR5091503_unmatched_2.fastq,SRR5091503,20b689bc,337870000,31,DNA,1000,337870,True,0.8399558085617751,0.9798543119713352,0.9099050602665552,0.9798543119713352,False,1406,1339946,2375015
1159000,0.0034303134341610677,0.05236990387802453,0.0004676354811021991,0.0003473662271606706,5.2215189873417724,3.0,6.144487513747709,/net/nfs-ip34/jbod2/def-ilafores/ref_dbs/sourmash_db/RefSeq_20250528.k31.sbt.zip,GCF_040026365.1_ASM4002636v1_genomic,9de4932095473c9973b31ae4d68399ec,0.3841564468014584,158000,105,224113000,/nfs3_ib/nfs-ip34/home/def-ilafores/analysis/MethodsComparison/Feces_RA/preproc/SRR5091503/SRR5091503_unmatched_2.fastq,SRR5091503,20b689bc,337870000,31,DNA,1000,337870,True,0.8327116464974682,0.9696098892779618,0.9011607678877149,0.9696098892779618,False,825,1340771,2375015
2859000,0.008461834433361943,0.037858693031106824,0.000464675762867375,0.0009717833361052457,14.700636942675159,10.0,14.749485565099157,/net/nfs-ip34/jbod2/def-ilafores/ref_dbs/sourmash_db/RefSeq_20250528.k31.sbt.zip,GCF_025146565.1_ASM2514656v1_genomic,9216287e15b5df82656d9407b3ab0a7c,0.6894140342416204,157000,106,223956000,/nfs3_ib/nfs-ip34/home/def-ilafores/analysis/MethodsComparison/Feces_RA/preproc/SRR5091503/SRR5091503_unmatched_2.fastq,SRR5091503,20b689bc,337870000,31,DNA,1000,337870,True,0.8573220956558851,0.9880744773016308,0.922698286478758,0.9880744773016308,False,2308,1343079,2375015
219000,0.0006481782934264658,0.05609492988133765,0.000461716044632551,0.00019536718715460743,2.9743589743589745,2.0,3.5209059111597933,/net/nfs-ip34/jbod2/def-ilafores/ref_dbs/sourmash_db/RefSeq_20250528.k31.sbt.zip,GCF_014334055.1_ASM1433405v1_genomic,7d82c091b7553167242da89b74e9d599,0.07874865156418555,156000,107,223800000,/nfs3_ib/nfs-ip34/home/def-ilafores/analysis/MethodsComparison/Feces_RA/preproc/SRR5091503/SRR5091503_unmatched_2.fastq,SRR5091503,20b689bc,337870000,31,DNA,1000,337870,True,0.7891352346572742,0.9212869926573624,0.8552111136573183,0.9212869926573624,False,464,1343543,2375015
3262000,0.009654600881996035,0.024830699774266364,0.0004557966081629029,0.00019873558693313516,3.064935064935065,2.0,3.0465550582676433,/net/nfs-ip34/jbod2/def-ilafores/ref_dbs/sourmash_db/RefSeq_20250528.k31.sbt.zip,GCF_016117715.1_ASM1611771v1_genomic,13dfd9c126207f9d424bf58f34d8dd9d,0.5259593679458239,154000,108,223646000,/nfs3_ib/nfs-ip34/home/def-ilafores/analysis/MethodsComparison/Feces_RA/preproc/SRR5091503/SRR5091503_unmatched_2.fastq,SRR5091503,20b689bc,337870000,31,DNA,1000,337870,True,0.8609767619033379,0.9794865074186387,0.9202316346609883,0.9794865074186387,False,472,1344015,2375015
3278000,0.009701956373753219,0.03460921384368554,0.00044691745345843076,0.0008117843466251793,12.7682119205298,4.0,21.31673586477535,/net/nfs-ip34/jbod2/def-ilafores/ref_dbs/sourmash_db/RefSeq_20250528.k31.sbt.zip,GCF_025151215.1_ASM2515121v1_genomic,a8c995daf67b413b45a7f31c15f510d6,0.7513179005271602,151000,109,223495000,/nfs3_ib/nfs-ip34/home/def-ilafores/analysis/MethodsComparison/Feces_RA/preproc/SRR5091503/SRR5091503_unmatched_2.fastq,SRR5091503,20b689bc,337870000,31,DNA,1000,337870,True,0.8611126674265891,0.9908189726770168,0.925965820051803,0.9908189726770168,False,1928,1345943,2375015
568000,0.0016811199573800574,0.023696682464454975,0.0004439577352236067,0.00013347284122416068,2.1133333333333333,2.0,1.831344375649272,/net/nfs-ip34/jbod2/def-ilafores/ref_dbs/sourmash_db/RefSeq_20250528.k31.sbt.zip,GCF_036416795.1_ASM3641679v1_genomic,c36698f0fba88541e862d1e6992e9d87,0.08973143759873618,150000,110,223345000,/nfs3_ib/nfs-ip34/home/def-ilafores/analysis/MethodsComparison/Feces_RA/preproc/SRR5091503/SRR5091503_unmatched_2.fastq,SRR5091503,20b689bc,337870000,31,DNA,1000,337870,True,0.8137728268703421,0.9251752799100579,0.8694740533902,0.9251752799100579,False,317,1346260,2375015
201000,0.000594903365199633,0.04854368932038835,0.0004439577352236067,0.000106104593023623,1.68,1.0,1.5548633380461447,/net/nfs-ip34/jbod2/def-ilafores/ref_dbs/sourmash_db/RefSeq_20250528.k31.sbt.zip,GCF_022453915.1_ASM2245391v1_genomic,54c821fbffdc1aacdf2b93cd12e19242,0.06504854368932039,150000,111,223195000,/nfs3_ib/nfs-ip34/home/def-ilafores/analysis/MethodsComparison/Feces_RA/preproc/SRR5091503/SRR5091503_unmatched_2.fastq,SRR5091503,20b689bc,337870000,31,DNA,1000,337870,True,0.7869549739835169,0.9156243658042342,0.8512896698938756,0.9156243658042342,False,252,1346512,2375015
311000,0.0009204723710302779,0.035809987819732034,0.0004350785805191346,0.00011578874238689019,1.870748299319728,1.0,5.4526684584338305,/net/nfs-ip34/jbod2/def-ilafores/ref_dbs/sourmash_db/RefSeq_20250528.k31.sbt.zip,GCF_019249655.2_ASM1924965v2_genomic,3f5e042dde22a559937bb52d73a1aae8,0.07576126674786846,147000,112,223048000,/nfs3_ib/nfs-ip34/home/def-ilafores/analysis/MethodsComparison/Feces_RA/preproc/SRR5091503/SRR5091503_unmatched_2.fastq,SRR5091503,20b689bc,337870000,31,DNA,1000,337870,True,0.7981138789815244,0.9201383596291338,0.8591261193053291,0.9201383596291338,False,275,1346787,2375015
4129000,0.012220676591588481,0.029532403609515995,0.00042619942581466244,0.0025326155834805254,41.770833333333336,46.5,27.340120790901985,/net/nfs-ip34/jbod2/def-ilafores/ref_dbs/sourmash_db/RefSeq_20250528.k31.sbt.zip,GCF_024022975.1_ASM2402297v1_genomic,8efc45baddac182f342bcfbc8a24e74d,0.8468006562756357,144000,113,222904000,/nfs3_ib/nfs-ip34/home/def-ilafores/analysis/MethodsComparison/Feces_RA/preproc/SRR5091503/SRR5091503_unmatched_2.fastq,SRR5091503,20b689bc,337870000,31,DNA,1000,337870,True,0.8675477648234722,0.9946501691790254,0.9310989670012488,0.9946501691790254,False,6015,1352802,2375015
860000,0.0025453576819486783,0.037424757916775714,0.0004232397075798384,0.00030484017995675817,5.062937062937063,3.0,5.804768696977474,/net/nfs-ip34/jbod2/def-ilafores/ref_dbs/sourmash_db/RefSeq_20250528.k31.sbt.zip,GCF_014287515.2_ASM1428751v2_genomic,ba44e405458705e9ab11b89381454753,0.22507197068830148,143000,114,222761000,/nfs3_ib/nfs-ip34/home/def-ilafores/analysis/MethodsComparison/Feces_RA/preproc/SRR5091503/SRR5091503_unmatched_2.fastq,SRR5091503,20b689bc,337870000,31,DNA,1000,337870,True,0.8247350998080725,0.9530312520559412,0.8888831759320068,0.9530312520559412,False,724,1353526,2375015
1573000,0.004655636783378222,0.046271637816245006,0.0004114008346405422,0.0002416826841093635,4.129496402877698,2.0,5.605540081250427,/net/nfs-ip34/jbod2/def-ilafores/ref_dbs/sourmash_db/RefSeq_20250528.k31.sbt.zip,GCF_023347355.1_ASM2334735v1_genomic,0b1b8956f9826b69686f1f8520bdfb5e,0.5236351531291611,139000,115,222622000,/nfs3_ib/nfs-ip34/home/def-ilafores/analysis/MethodsComparison/Feces_RA/preproc/SRR5091503/SRR5091503_unmatched_2.fastq,SRR5091503,20b689bc,337870000,31,DNA,1000,337870,True,0.8409564755035301,0.9793465837582196,0.9101515296308749,0.9793465837582196,False,574,1354100,2375015
3853000,0.011403794358777045,0.021121410120042546,0.0004114008346405422,0.00013852544089195225,2.366906474820144,1.0,2.12604230854606,/net/nfs-ip34/jbod2/def-ilafores/ref_dbs/sourmash_db/RefSeq_20250528.k31.sbt.zip,GCF_009734165.1_ASM973416v1_genomic,e3fa9c4f076a3f63536cf070ae5e7e25,0.5854733323203161,139000,116,222483000,/nfs3_ib/nfs-ip34/home/def-ilafores/analysis/MethodsComparison/Feces_RA/preproc/SRR5091503/SRR5091503_unmatched_2.fastq,SRR5091503,20b689bc,337870000,31,DNA,1000,337870,True,0.8656138038365205,0.9828793926669727,0.9242465982517466,0.9828793926669727,False,329,1354429,2375015
3478000,0.010293900020718028,0.029837837837837836,0.0004084411164057182,0.0007797845487291659,13.420289855072463,14.0,11.55441542692719,/net/nfs-ip34/jbod2/def-ilafores/ref_dbs/sourmash_db/RefSeq_20250528.k31.sbt.zip,GCF_025914195.1_ASM2591419v1_genomic,4ab236feb27bbefb635121ccd1c90e65,0.752,138000,117,222345000,/nfs3_ib/nfs-ip34/home/def-ilafores/analysis/MethodsComparison/Feces_RA/preproc/SRR5091503/SRR5091503_unmatched_2.fastq,SRR5091503,20b689bc,337870000,31,DNA,1000,337870,True,0.8627593521755795,0.9908479772106865,0.926803664693133,0.9908479772106865,False,1852,1356281,2375015
591000,0.0017491934767810105,0.04445165476963011,0.0004054813981708941,0.00047831276855093545,8.291970802919709,7.0,4.918549106496361,/net/nfs-ip34/jbod2/def-ilafores/ref_dbs/sourmash_db/RefSeq_20250528.k31.sbt.zip,GCF_025149915.1_ASM2514991v1_genomic,77a3e7c3120575d9da787e808e54cdea,0.1917585983127839,137000,118,222208000,/nfs3_ib/nfs-ip34/home/def-ilafores/analysis/MethodsComparison/Feces_RA/preproc/SRR5091503/SRR5091503_unmatched_2.fastq,SRR5091503,20b689bc,337870000,31,DNA,1000,337870,True,0.8148155067331249,0.9481194579743372,0.881467482353731,0.9481194579743372,False,1136,1357417,2375015
3690000,0.010921360286500726,0.027163997567403203,0.000396602243466422,0.0005861015614638224,10.388059701492537,5.0,57.57771003826191,/net/nfs-ip34/jbod2/def-ilafores/ref_dbs/sourmash_db/RefSeq_20250528.k31.sbt.zip,GCF_045689415.1_ASM4568941v1_genomic,6bce66b634b08044fc3b860c0033ad49,0.7480235151023717,134000,119,222074000,/nfs3_ib/nfs-ip34/home/def-ilafores/analysis/MethodsComparison/Feces_RA/preproc/SRR5091503/SRR5091503_unmatched_2.fastq,SRR5091503,20b689bc,337870000,31,DNA,1000,337870,True,0.8644076551817425,0.9906785276378665,0.9275430914098044,0.9906785276378665,False,1392,1358809,2375015
444000,0.0013141148962618758,0.03561935140882509,0.000396602243466422,0.00023452483457999212,4.156716417910448,1.0,8.362009397171661,/net/nfs-ip34/jbod2/def-ilafores/ref_dbs/sourmash_db/RefSeq_20250528.k31.sbt.zip,GCF_042850355.1_ASM4285035v1_genomic,9019208c507d0a756fcff8594e0aec73,0.11802232854864433,134000,120,221940000,/nfs3_ib/nfs-ip34/home/def-ilafores/analysis/MethodsComparison/Feces_RA/preproc/SRR5091503/SRR5091503_unmatched_2.fastq,SRR5091503,20b689bc,337870000,31,DNA,1000,337870,True,0.8073329694341301,0.9333904661815643,0.8703617178078472,0.9333904661815643,False,557,1359366,2375015
1737000,0.005141030573889366,0.03221047455126629,0.00038772308876194986,0.00019199878737607973,3.480916030534351,1.0,8.31291751638199,/net/nfs-ip34/jbod2/def-ilafores/ref_dbs/sourmash_db/RefSeq_20250528.k31.sbt.zip,GCF_022846055.1_ASM2284605v1_genomic,6b6a5701c4b4085bc7aae18a71eaefc2,0.42709613966068355,131000,121,221809000,/nfs3_ib/nfs-ip34/home/def-ilafores/analysis/MethodsComparison/Feces_RA/preproc/SRR5091503/SRR5091503_unmatched_2.fastq,SRR5091503,20b689bc,337870000,31,DNA,1000,337870,True,0.8436511624311799,0.9729297256045515,0.9082904440178656,0.9729297256045515,False,456,1359822,2375015
133000,0.00039364252523159794,0.04823747680890538,0.00038476337052712584,7.66310949615055e-05,1.4,1.0,0.66332495807108,/net/nfs-ip34/jbod2/def-ilafores/ref_dbs/sourmash_db/RefSeq_20250528.k31.sbt.zip,GCF_024499075.1_ASM2449907v1_genomic,8f79798699412d497a899a6efc21c6b5,0.04935064935064935,130000,122,221679000,/nfs3_ib/nfs-ip34/home/def-ilafores/analysis/MethodsComparison/Feces_RA/preproc/SRR5091503/SRR5091503_unmatched_2.fastq,SRR5091503,20b689bc,337870000,31,DNA,1000,337870,True,0.7765413402400968,0.9075031833696727,0.8420222618048847,0.9075031833696727,False,182,1360004,2375015
1370000,0.0040548139817089416,0.04242625124295658,0.0003788439340574777,0.00018357778792976045,3.40625,2.0,3.047636122882783,/net/nfs-ip34/jbod2/def-ilafores/ref_dbs/sourmash_db/RefSeq_20250528.k31.sbt.zip,GCF_023347335.1_ASM2334733v1_genomic,d566eb779c3a1233616a97a7ab79e713,0.45409347033476966,128000,123,221551000,/nfs3_ib/nfs-ip34/home/def-ilafores/analysis/MethodsComparison/Feces_RA/preproc/SRR5091503/SRR5091503_unmatched_2.fastq,SRR5091503,20b689bc,337870000,31,DNA,1000,337870,True,0.8372164869108727,0.9748553278794614,0.906035907395167,0.9748553278794614,False,436,1360440,2375015
160000,0.00047355491757184717,0.04264607118871726,0.0003758842158226537,0.0005338913648966427,9.984251968503937,9.0,9.453561801758186,/net/nfs-ip34/jbod2/def-ilafores/ref_dbs/sourmash_db/RefSeq_20250528.k31.sbt.zip,GCF_000723465.1_Rb803_genomic,a0c72778e7e9a92bec9989c7d509e086,0.053727333781061114,127000,124,221424000,/nfs3_ib/nfs-ip34/home/def-ilafores/analysis/MethodsComparison/Feces_RA/preproc/SRR5091503/SRR5091503_unmatched_2.fastq,SRR5091503,20b689bc,337870000,31,DNA,1000,337870,True,0.7811849761439895,0.9099940605256575,0.8455895183348234,0.9099940605256575,False,1268,1361708,2375015
2275000,0.006733358984224702,0.04460835967685283,0.0003758842158226537,0.0003178927290985531,5.94488188976378,3.0,6.848538077936605,/net/nfs-ip34/jbod2/def-ilafores/ref_dbs/sourmash_db/RefSeq_20250528.k31.sbt.zip,GCF_042854225.1_ASM4285422v1_genomic,387027c4a6ea2f36548bc8ed31ebb8dc,0.7990867579908676,127000,125,221297000,/nfs3_ib/nfs-ip34/home/def-ilafores/analysis/MethodsComparison/Feces_RA/preproc/SRR5091503/SRR5091503_unmatched_2.fastq,SRR5091503,20b689bc,337870000,31,DNA,1000,337870,True,0.851026258118795,0.9927910853990201,0.9219086717589076,0.9927910853990201,False,755,1362463,2375015
4538000,0.013431201349631515,0.02338964173009096,0.0003729244975878296,0.0005717858624050795,10.777777777777779,10.0,7.827392771632897,/net/nfs-ip34/jbod2/def-ilafores/ref_dbs/sourmash_db/RefSeq_20250528.k31.sbt.zip,GCF_013010095.1_ASM1301009v1_genomic,268a950c26952ca77b008f048dc33ec9,0.8423983664377205,126000,126,221171000,/nfs3_ib/nfs-ip34/home/def-ilafores/analysis/MethodsComparison/Feces_RA/preproc/SRR5091503/SRR5091503_unmatched_2.fastq,SRR5091503,20b689bc,337870000,31,DNA,1000,337870,True,0.8701950496934451,0.9944829442784716,0.9323389969859583,0.9944829442784716,False,1358,1363821,2375015
122000,0.00036108562464853345,0.050505050505050504,0.00035516618817888536,6.442064576434254e-05,1.275,1.0,0.6319612329882269,/net/nfs-ip34/jbod2/def-ilafores/ref_dbs/sourmash_db/RefSeq_20250528.k31.sbt.zip,GCF_003945365.1_PFJ30894_01_genomic,41e393347aeaa24ab6fcfff277c4c1f9,0.05134680134680135,120000,127,221051000,/nfs3_ib/nfs-ip34/home/def-ilafores/analysis/MethodsComparison/Feces_RA/preproc/SRR5091503/SRR5091503_unmatched_2.fastq,SRR5091503,20b689bc,337870000,31,DNA,1000,337870,True,0.7743818541033142,0.908664702232804,0.841523278168059,0.908664702232804,False,153,1363974,2375015
766000,0.002267144167875218,0.025116082735331363,0.00035220646994406135,0.00028505083125790785,5.689075630252101,1.0,22.043786791754506,/net/nfs-ip34/jbod2/def-ilafores/ref_dbs/sourmash_db/RefSeq_20250528.k31.sbt.zip,GCF_020735865.1_ASM2073586v1_genomic,be5dafe4a3de9c37ebecacd7a8f5820f,0.16167159138877163,119000,128,220932000,/nfs3_ib/nfs-ip34/home/def-ilafores/analysis/MethodsComparison/Feces_RA/preproc/SRR5091503/SRR5091503_unmatched_2.fastq,SRR5091503,20b689bc,337870000,31,DNA,1000,337870,True,0.8216613815386743,0.9429139375899296,0.8822876595643019,0.9429139375899296,False,677,1364651,2375015
757000,0.002240506703761802,0.029513888888888888,0.00035220646994406135,7.747319490613743e-05,1.546218487394958,1.0,1.3704437063459625,/net/nfs-ip34/jbod2/def-ilafores/ref_dbs/sourmash_db/RefSeq_20250528.k31.sbt.zip,GCF_032450655.1_ASM3245065v1_genomic,238dff01323d07dfd5222980fc0a672b,0.18774801587301587,119000,129,220813000,/nfs3_ib/nfs-ip34/home/def-ilafores/analysis/MethodsComparison/Feces_RA/preproc/SRR5091503/SRR5091503_unmatched_2.fastq,SRR5091503,20b689bc,337870000,31,DNA,1000,337870,True,0.8213481784380386,0.9474732272827172,0.8844107028603779,0.9474732272827172,False,184,1364835,2375015
3635000,0.010758575783585403,0.023128185025480204,0.0003492467517092373,0.00036041877630246544,7.254237288135593,3.0,14.294236387782176,/net/nfs-ip34/jbod2/def-ilafores/ref_dbs/sourmash_db/RefSeq_20250528.k31.sbt.zip,GCF_018292145.1_ASM1829214v1_genomic,a5cf97730b24448c8f962eccbe944cd6,0.7124656997255978,118000,130,220695000,/nfs3_ib/nfs-ip34/home/def-ilafores/analysis/MethodsComparison/Feces_RA/preproc/SRR5091503/SRR5091503_unmatched_2.fastq,SRR5091503,20b689bc,337870000,31,DNA,1000,337870,True,0.8639890111156205,0.9891233410761039,0.9265561760958623,0.9891233410761039,False,856,1365691,2375015
596000,0.0017639920679551307,0.031392540917628116,0.0003462870334744132,0.00017894623823428484,3.6324786324786325,2.0,7.510219010313664,/net/nfs-ip34/jbod2/def-ilafores/ref_dbs/sourmash_db/RefSeq_20250528.k31.sbt.zip,GCF_033096465.1_ASM3309646v1_genomic,2c68bd9dadc6532293ac0421ad590fc2,0.1599141400590287,117000,131,220578000,/nfs3_ib/nfs-ip34/home/def-ilafores/analysis/MethodsComparison/Feces_RA/preproc/SRR5091503/SRR5091503_unmatched_2.fastq,SRR5091503,20b689bc,337870000,31,DNA,1000,337870,True,0.8150369734437255,0.9425815424567282,0.8788092579502269,0.9425815424567282,False,425,1366116,2375015
286000,0.0008464794151596768,0.047192839707078924,0.0003433273152395892,0.0003469451771883546,7.103448275862069,3.0,9.994290879214947,/net/nfs-ip34/jbod2/def-ilafores/ref_dbs/sourmash_db/RefSeq_20250528.k31.sbt.zip,GCF_018326305.1_ASM1832630v1_genomic,5128153ef7f1c80fc4c112268b755214,0.11635475996745322,116000,132,220462000,/nfs3_ib/nfs-ip34/home/def-ilafores/analysis/MethodsComparison/Feces_RA/preproc/SRR5091503/SRR5091503_unmatched_2.fastq,SRR5091503,20b689bc,337870000,31,DNA,1000,337870,True,0.7959592821234763,0.9329621072114439,0.8644606946674601,0.9329621072114439,False,824,1366940,2375015
116000,0.0003433273152395892,0.05533596837944664,0.000331488442300293,8.547314438014076e-05,1.8125,1.0,4.714209617892332,/net/nfs-ip34/jbod2/def-ilafores/ref_dbs/sourmash_db/RefSeq_20250528.k31.sbt.zip,GCF_013267495.1_ASM1326749v1_genomic,a8c430254a9d54d434cc4d7fc56d7a1a,0.05731225296442688,112000,133,220350000,/nfs3_ib/nfs-ip34/home/def-ilafores/analysis/MethodsComparison/Feces_RA/preproc/SRR5091503/SRR5091503_unmatched_2.fastq,SRR5091503,20b689bc,337870000,31,DNA,1000,337870,True,0.773123112502566,0.9118921290431604,0.8425076207728632,0.9118921290431604,False,203,1367143,2375015
606000,0.001793589250303371,0.03609756097560975,0.00032852872406546896,0.0001936829872653436,4.1441441441441444,1.0,8.615768956858187,/net/nfs-ip34/jbod2/def-ilafores/ref_dbs/sourmash_db/RefSeq_20250528.k31.sbt.zip,GCF_042848525.1_ASM4284852v1_genomic,268c95f33661b42130c76be0c47d4640,0.19707317073170733,111000,134,220239000,/nfs3_ib/nfs-ip34/home/def-ilafores/analysis/MethodsComparison/Feces_RA/preproc/SRR5091503/SRR5091503_unmatched_2.fastq,SRR5091503,20b689bc,337870000,31,DNA,1000,337870,True,0.8154745637817283,0.9489559397906351,0.8822152517861817,0.9489559397906351,False,460,1367603,2375015
1855000,0.005490277325598603,0.03948811700182815,0.00031964956936099685,0.0006117856097750962,13.453703703703704,7.0,13.873358601116442,/net/nfs-ip34/jbod2/def-ilafores/ref_dbs/sourmash_db/RefSeq_20250528.k31.sbt.zip,GCF_902388275.1_UHGG_MGYG-HGUT-02545_genomic,35aa97e0127f24ba3813815f3d766914,0.6782449725776966,108000,135,220131000,/nfs3_ib/nfs-ip34/home/def-ilafores/analysis/MethodsComparison/Feces_RA/preproc/SRR5091503/SRR5091503_unmatched_2.fastq,SRR5091503,20b689bc,337870000,31,DNA,1000,337870,True,0.845441742144903,0.9875540116299618,0.9164978768874323,0.9875540116299618,False,1453,1369056,2375015
1092000,0.003232012312427857,0.035762942779291554,0.0003107704146565247,0.00024336688399862738,5.504761904761905,3.0,8.36104779207761,/net/nfs-ip34/jbod2/def-ilafores/ref_dbs/sourmash_db/RefSeq_20250528.k31.sbt.zip,GCF_023347295.1_ASM2334729v1_genomic,78db35fa6d9edc0fa99c8623efbe174d,0.37193460490463215,105000,136,220026000,/nfs3_ib/nfs-ip34/home/def-ilafores/analysis/MethodsComparison/Feces_RA/preproc/SRR5091503/SRR5091503_unmatched_2.fastq,SRR5091503,20b689bc,337870000,31,DNA,1000,337870,True,0.8311136585256014,0.9685991496937322,0.8998564041096668,0.9685991496937322,False,578,1369634,2375015
436000,0.0012904371503832835,0.035428968391802707,0.00030189125995205255,0.0002075776363517704,4.833333333333333,1.0,19.360908326879454,/net/nfs-ip34/jbod2/def-ilafores/ref_dbs/sourmash_db/RefSeq_20250528.k31.sbt.zip,GCF_024168045.1_ASM2416804v1_genomic,1689b6c3fb62fec0dd444e73a686577b,0.15144147273358805,102000,137,219924000,/nfs3_ib/nfs-ip34/home/def-ilafores/analysis/MethodsComparison/Feces_RA/preproc/SRR5091503/SRR5091503_unmatched_2.fastq,SRR5091503,20b689bc,337870000,31,DNA,1000,337870,True,0.8068595861556455,0.9409277665747475,0.8738936763651965,0.9409277665747475,False,493,1370127,2375015
105000,0.0003107704146565247,0.06107784431137724,0.00030189125995205255,6.0631196013498865e-05,1.411764705882353,1.0,0.7456138565424134,/net/nfs-ip34/jbod2/def-ilafores/ref_dbs/sourmash_db/RefSeq_20250528.k31.sbt.zip,GCF_001998805.1_ASM199880v1_genomic,e6d0ac1402b7fe41516b23e6424cd832,0.06287425149700598,102000,138,219822000,/nfs3_ib/nfs-ip34/home/def-ilafores/analysis/MethodsComparison/Feces_RA/preproc/SRR5091503/SRR5091503_unmatched_2.fastq,SRR5091503,20b689bc,337870000,31,DNA,1000,337870,True,0.7706423870381339,0.9146207688914852,0.8426315779648096,0.9146207688914852,False,144,1370271,2375015
1713000,0.005069997336253589,0.020606060606060607,0.00030189125995205255,0.00010778879291288687,2.5098039215686274,2.0,3.7331191238595376,/net/nfs-ip34/jbod2/def-ilafores/ref_dbs/sourmash_db/RefSeq_20250528.k31.sbt.zip,GCF_032452855.1_ASM3245285v1_genomic,d3b7db64a3ee051cbbe16b797861660f,0.34606060606060607,102000,139,219720000,/nfs3_ib/nfs-ip34/home/def-ilafores/analysis/MethodsComparison/Feces_RA/preproc/SRR5091503/SRR5091503_unmatched_2.fastq,SRR5091503,20b689bc,337870000,31,DNA,1000,337870,True,0.8432726040130495,0.9663488647212108,0.9048107343671301,0.9663488647212108,False,256,1370527,2375015
110000,0.00032556900583064494,0.029737609329446066,0.00030189125995205255,5.726279623497115e-05,1.3333333333333333,1.0,1.7111705277859939,/net/nfs-ip34/jbod2/def-ilafores/ref_dbs/sourmash_db/RefSeq_20250528.k31.sbt.zip,GCF_002056725.1_ASM205672v1_genomic,04b18999c2783fc451a2e8bd5e4b286c,0.03206997084548105,102000,140,219618000,/nfs3_ib/nfs-ip34/home/def-ilafores/analysis/MethodsComparison/Feces_RA/preproc/SRR5091503/SRR5091503_unmatched_2.fastq,SRR5091503,20b689bc,337870000,31,DNA,1000,337870,True,0.7717997163494238,0.8949723769025616,0.8333860466259927,0.8949723769025616,False,136,1370663,2375015
2301000,0.006810311658330127,0.033650577838205305,0.00029301210524758045,0.0001759988884280731,4.222222222222222,3.0,3.9912924302471997,/net/nfs-ip34/jbod2/def-ilafores/ref_dbs/sourmash_db/RefSeq_20250528.k31.sbt.zip,GCF_036815185.2_ASM3681518v1_genomic,c6ed66af62435c7dcd0b26067f44e3e0,0.7821210061182868,99000,141,219519000,/nfs3_ib/nfs-ip34/home/def-ilafores/analysis/MethodsComparison/Feces_RA/preproc/SRR5091503/SRR5091503_unmatched_2.fastq,SRR5091503,20b689bc,337870000,31,DNA,1000,337870,True,0.8513382784334983,0.9921040538245293,0.9217211661290138,0.9921040538245293,False,418,1371081,2375015
102000,0.00030189125995205255,0.05105724600309438,0.00029301210524758045,6.357854581971062e-05,1.5252525252525253,1.0,0.8449903991258333,/net/nfs-ip34/jbod2/def-ilafores/ref_dbs/sourmash_db/RefSeq_20250528.k31.sbt.zip,GCF_014931295.1_ASM1493129v1_genomic,6efc5a85cf36f959d48a31cf34e6abe4,0.05260443527591542,99000,142,219420000,/nfs3_ib/nfs-ip34/home/def-ilafores/analysis/MethodsComparison/Feces_RA/preproc/SRR5091503/SRR5091503_unmatched_2.fastq,SRR5091503,20b689bc,337870000,31,DNA,1000,337870,True,0.7699221101524243,0.9093742591627711,0.8396481846575977,0.9093742591627711,False,151,1371232,2375015
100000,0.00029597182348240446,0.03801396431342126,0.0002900523870127564,6.357854581971062e-05,1.5408163265306123,1.0,2.4208632603779443,/net/nfs-ip34/jbod2/def-ilafores/ref_dbs/sourmash_db/RefSeq_20250528.k31.sbt.zip,GCF_022846135.1_ASM2284613v1_genomic,dcaa90dde7a434e64f49683ce8eb4ee4,0.038789759503491075,98000,143,219322000,/nfs3_ib/nfs-ip34/home/def-ilafores/analysis/MethodsComparison/Feces_RA/preproc/SRR5091503/SRR5091503_unmatched_2.fastq,SRR5091503,20b689bc,337870000,31,DNA,1000,337870,True,0.7694304452508841,0.9004813960898833,0.8349559206703837,0.9004813960898833,False,151,1371383,2375015
585000,0.0017314351673720662,0.014096916299559472,0.0002841329505431083,8.37889444908769e-05,2.0729166666666665,1.0,2.341851082595893,/net/nfs-ip34/jbod2/def-ilafores/ref_dbs/sourmash_db/RefSeq_20250528.k31.sbt.zip,GCF_001318345.1_ASM131834v1_genomic,2b0cd9230817e091c6a0e14360a551e4,0.08590308370044053,96000,144,219226000,/nfs3_ib/nfs-ip34/home/def-ilafores/analysis/MethodsComparison/Feces_RA/preproc/SRR5091503/SRR5091503_unmatched_2.fastq,SRR5091503,20b689bc,337870000,31,DNA,1000,337870,True,0.814547340674731,0.9238749368867621,0.8692111387807466,0.9238749368867621,False,199,1371582,2375015
1639000,0.004850978186876609,0.02863170584689572,0.0002811732323082843,0.0007406269013037813,18.51578947368421,19.0,12.818459680759526,/net/nfs-ip34/jbod2/def-ilafores/ref_dbs/sourmash_db/RefSeq_20250528.k31.sbt.zip,GCF_000020605.1_ASM2060v1_genomic,c7f0f63b1e20051e05be14074e3f6057,0.4939722724532851,95000,145,219131000,/nfs3_ib/nfs-ip34/home/def-ilafores/analysis/MethodsComparison/Feces_RA/preproc/SRR5091503/SRR5091503_unmatched_2.fastq,SRR5091503,20b689bc,337870000,31,DNA,1000,337870,True,0.8420722059696875,0.9775060134974218,0.9097891097335546,0.9775060134974218,False,1759,1373341,2375015
794000,0.0023500162784502914,0.027891955372871403,0.0002811732323082843,0.00022020913552124935,5.505263157894737,2.0,10.30367709960154,/net/nfs-ip34/jbod2/def-ilafores/ref_dbs/sourmash_db/RefSeq_20250528.k31.sbt.zip,GCF_003574015.1_ASM357401v1_genomic,1874b1c1106f4973cf5b5c4b574ac6f1,0.23311802701115678,95000,146,219036000,/nfs3_ib/nfs-ip34/home/def-ilafores/analysis/MethodsComparison/Feces_RA/preproc/SRR5091503/SRR5091503_unmatched_2.fastq,SRR5091503,20b689bc,337870000,31,DNA,1000,337870,True,0.8226135038835231,0.9541116994299467,0.8883626016567349,0.9541116994299467,False,523,1373864,2375015
2918000,0.008636457809216562,0.018591772151898733,0.0002782135140734602,0.0003503135769668823,8.851063829787234,1.0,18.8927304756542,/net/nfs-ip34/jbod2/def-ilafores/ref_dbs/sourmash_db/RefSeq_20250528.k31.sbt.zip,GCF_012273055.1_ASM1227305v1_genomic,c1884ac4d25c83812a1bdd52c3c7dc1b,0.5771360759493671,94000,147,218942000,/nfs3_ib/nfs-ip34/home/def-ilafores/analysis/MethodsComparison/Feces_RA/preproc/SRR5091503/SRR5091503_unmatched_2.fastq,SRR5091503,20b689bc,337870000,31,DNA,1000,337870,True,0.857887188950017,0.9824247556042482,0.9201559722771326,0.9824247556042482,False,832,1374696,2375015
2407000,0.007124041791221476,0.00026742760251154346,0.0002782135140734602,8.505209440782479e-05,2.148936170212766,1.0,5.8272241609069475,/net/nfs-ip34/jbod2/def-ilafores/ref_dbs/sourmash_db/RefSeq_20250528.k31.sbt.zip,plasmid.7.1.genomic,7a8c695160f2da22a8aff644e0702b99,0.006847853608992396,94000,148,218848000,/nfs3_ib/nfs-ip34/home/def-ilafores/analysis/MethodsComparison/Feces_RA/preproc/SRR5091503/SRR5091503_unmatched_2.fastq,SRR5091503,20b689bc,337870000,31,DNA,1000,337870,True,0.8525760166131846,0.8514892636881786,0.8520326401506816,0.8525760166131846,False,202,1374898,2375015
840000,0.0024861633172521976,0.03399638336347197,0.0002782135140734602,0.00026694568244832136,6.74468085106383,3.0,8.427331636714271,/net/nfs-ip34/jbod2/def-ilafores/ref_dbs/sourmash_db/RefSeq_20250528.k31.sbt.zip,GCF_023347275.1_ASM2334727v1_genomic,88f1b5eec91b23fd70f1b11b9f13bd9a,0.3037974683544304,94000,149,218754000,/nfs3_ib/nfs-ip34/home/def-ilafores/analysis/MethodsComparison/Feces_RA/preproc/SRR5091503/SRR5091503_unmatched_2.fastq,SRR5091503,20b689bc,337870000,31,DNA,1000,337870,True,0.8241093235569275,0.9622970759501688,0.8932031997535481,0.9622970759501688,False,634,1375532,2375015
1779000,0.0052653387397519754,0.0249396621078037,0.00027525379583863614,0.00019957768687776708,5.096774193548387,4.0,3.9974844674233583,/net/nfs-ip34/jbod2/def-ilafores/ref_dbs/sourmash_db/RefSeq_20250528.k31.sbt.zip,GCF_025145285.1_ASM2514528v1_genomic,f22e85c6befcb1bccc2db3184aa9ec05,0.4770716009654063,93000,150,218661000,/nfs3_ib/nfs-ip34/home/def-ilafores/analysis/MethodsComparison/Feces_RA/preproc/SRR5091503/SRR5091503_unmatched_2.fastq,SRR5091503,20b689bc,337870000,31,DNA,1000,337870,True,0.8443016210323887,0.9764088966776492,0.910355258855019,0.9764088966776492,False,474,1376006,2375015
267000,0.0007902447686980199,0.028633004926108374,0.00027525379583863614,6.652589562592236e-05,1.6989247311827957,1.0,1.4795011236831712,/net/nfs-ip34/jbod2/def-ilafores/ref_dbs/sourmash_db/RefSeq_20250528.k31.sbt.zip,GCF_018140635.1_ASM1814063v1_genomic,03d45a9b9bd5d52d6fdc9c5ba2260f24,0.08220443349753695,93000,151,218568000,/nfs3_ib/nfs-ip34/home/def-ilafores/analysis/MethodsComparison/Feces_RA/preproc/SRR5091503/SRR5091503_unmatched_2.fastq,SRR5091503,20b689bc,337870000,31,DNA,1000,337870,True,0.7941961812429162,0.9225642484763681,0.8583802148596422,0.9225642484763681,False,158,1376164,2375015
651000,0.0019267765708704532,0.02458794920291813,0.00026933435936898805,0.0001073677429405709,2.802197802197802,1.0,5.347731942413275,/net/nfs-ip34/jbod2/def-ilafores/ref_dbs/sourmash_db/RefSeq_20250528.k31.sbt.zip,GCF_005848555.1_ASM584855v1_genomic,1123379c731757b61c292acf7bd31a34,0.17589840583626046,91000,152,218477000,/nfs3_ib/nfs-ip34/home/def-ilafores/analysis/MethodsComparison/Feces_RA/preproc/SRR5091503/SRR5091503_unmatched_2.fastq,SRR5091503,20b689bc,337870000,31,DNA,1000,337870,True,0.8173610056903696,0.9454827501874066,0.881421877938888,0.9454827501874066,False,255,1376419,2375015
2171000,0.006425548287803001,0.015900751354184867,0.00026933435936898805,0.00012294659191626158,3.208791208791209,2.0,3.841692860358479,/net/nfs-ip34/jbod2/def-ilafores/ref_dbs/sourmash_db/RefSeq_20250528.k31.sbt.zip,GCF_042850145.1_ASM4285014v1_genomic,6350fb91e771d4a1538082fbe2684b37,0.37934649659269615,91000,153,218386000,/nfs3_ib/nfs-ip34/home/def-ilafores/analysis/MethodsComparison/Feces_RA/preproc/SRR5091503/SRR5091503_unmatched_2.fastq,SRR5091503,20b689bc,337870000,31,DNA,1000,337870,True,0.849742667165122,0.9692158743348362,0.9094792707499791,0.9692158743348362,False,292,1376711,2375015
94000,0.0002782135140734602,0.03712770297837617,0.00026933435936898805,5.178914659486361e-05,1.3516483516483517,1.0,0.669157685610476,/net/nfs-ip34/jbod2/def-ilafores/ref_dbs/sourmash_db/RefSeq_20250528.k31.sbt.zip,GCF_010669225.1_ASM1066922v1_genomic,274d37fe38c89456352e287313491fb8,0.03835169318645451,91000,154,218295000,/nfs3_ib/nfs-ip34/home/def-ilafores/analysis/MethodsComparison/Feces_RA/preproc/SRR5091503/SRR5091503_unmatched_2.fastq,SRR5091503,20b689bc,337870000,31,DNA,1000,337870,True,0.7678962085449171,0.9001515432642326,0.8340238759045748,0.9001515432642326,False,123,1376834,2375015
3319000,0.009823304821381005,0.013478327462092205,0.00026045520466451595,0.00010652564299593898,2.875,2.0,2.9802856025433657,/net/nfs-ip34/jbod2/def-ilafores/ref_dbs/sourmash_db/RefSeq_20250528.k31.sbt.zip,GCF_025916315.1_ASM2591631v1_genomic,a861cd4f4fc1c18dd8addbc67f8937d7,0.508347373257773,88000,155,218207000,/nfs3_ib/nfs-ip34/home/def-ilafores/analysis/MethodsComparison/Feces_RA/preproc/SRR5091503/SRR5091503_unmatched_2.fastq,SRR5091503,20b689bc,337870000,31,DNA,1000,337870,True,0.8614580165169948,0.9784109604585504,0.9199344884877726,0.9784109604585504,False,253,1377087,2375015
784000,0.002320419096102051,0.019554956169925825,0.0002574954864296919,0.00017978833817891676,4.908045977011494,1.0,18.750406698368113,/net/nfs-ip34/jbod2/def-ilafores/ref_dbs/sourmash_db/RefSeq_20250528.k31.sbt.zip,GCF_963360665.1_BFTSDC17_v2_genomic,f0ce3f7b0d131daf996251931d5e8c91,0.176219375140481,87000,156,218120000,/nfs3_ib/nfs-ip34/home/def-ilafores/analysis/MethodsComparison/Feces_RA/preproc/SRR5091503/SRR5091503_unmatched_2.fastq,SRR5091503,20b689bc,337870000,31,DNA,1000,337870,True,0.8222772446853956,0.9455383547394902,0.8839077997124429,0.9455383547394902,False,427,1377514,2375015
3818000,0.011300204220558203,0.016489764973464747,0.0002574954864296919,0.0002770508817839045,7.563218390804598,4.0,9.294295802778542,/net/nfs-ip34/jbod2/def-ilafores/ref_dbs/sourmash_db/RefSeq_20250528.k31.sbt.zip,GCF_018291785.1_ASM1829178v1_genomic,94290db9715a9c6fca358ac639119d83,0.7236542835481425,87000,157,218033000,/nfs3_ib/nfs-ip34/home/def-ilafores/analysis/MethodsComparison/Feces_RA/preproc/SRR5091503/SRR5091503_unmatched_2.fastq,SRR5091503,20b689bc,337870000,31,DNA,1000,337870,True,0.8653590342211445,0.9896206440843335,0.927489839152739,0.9896206440843335,False,658,1378172,2375015
303000,0.0008967946251516855,0.022210608831983277,0.0002515760499600438,0.0003806291749736317,10.635294117647058,6.0,12.67219936231279,/net/nfs-ip34/jbod2/def-ilafores/ref_dbs/sourmash_db/RefSeq_20250528.k31.sbt.zip,GCF_020736365.1_ASM2073636v1_genomic,31dce30d78c030ed012824aeb71a6951,0.07917428795401098,85000,158,217948000,/nfs3_ib/nfs-ip34/home/def-ilafores/analysis/MethodsComparison/Feces_RA/preproc/SRR5091503/SRR5091503_unmatched_2.fastq,SRR5091503,20b689bc,337870000,31,DNA,1000,337870,True,0.7974432275952897,0.9214472048573142,0.859445216226302,0.9214472048573142,False,904,1379076,2375015
89000,0.00026341492289933997,0.028955532574974147,0.0002486163317252198,4.84207468163359e-05,1.369047619047619,1.0,0.7834563516082331,/net/nfs-ip34/jbod2/def-ilafores/ref_dbs/sourmash_db/RefSeq_20250528.k31.sbt.zip,GCF_025144995.1_ASM2514499v1_genomic,80a0c7df05d28f92f6b93af8a523bc03,0.03067907618062737,84000,159,217864000,/nfs3_ib/nfs-ip34/home/def-ilafores/analysis/MethodsComparison/Feces_RA/preproc/SRR5091503/SRR5091503_unmatched_2.fastq,SRR5091503,20b689bc,337870000,31,DNA,1000,337870,True,0.7665434663668853,0.8936932146531721,0.8301183405100288,0.8936932146531721,False,115,1379191,2375015
82000,0.00024269689525557167,0.04535398230088496,0.00024269689525557167,5.5999646318023254e-05,1.6219512195121952,1.0,1.470359537103824,/net/nfs-ip34/jbod2/def-ilafores/ref_dbs/sourmash_db/RefSeq_20250528.k31.sbt.zip,GCF_002813085.1_ASM281308v1_genomic,de25dacfedc93ecc9d5ec253c81f40f3,0.04535398230088496,82000,160,217782000,/nfs3_ib/nfs-ip34/home/def-ilafores/analysis/MethodsComparison/Feces_RA/preproc/SRR5091503/SRR5091503_unmatched_2.fastq,SRR5091503,20b689bc,337870000,31,DNA,1000,337870,True,0.7645205585241155,0.9050342476013777,0.8347774030627466,0.9050342476013777,False,133,1379324,2375015
195000,0.0005771450557906887,0.031829170024174055,0.00023381774055109954,5.810489617960307e-05,1.7468354430379747,1.0,1.107721511754895,/net/nfs-ip34/jbod2/def-ilafores/ref_dbs/sourmash_db/RefSeq_20250528.k31.sbt.zip,GCF_042851345.1_ASM4285134v1_genomic,f81cc3ef25c95cbc9b1785d595b1acfe,0.07856567284448025,79000,161,217703000,/nfs3_ib/nfs-ip34/home/def-ilafores/analysis/MethodsComparison/Feces_RA/preproc/SRR5091503/SRR5091503_unmatched_2.fastq,SRR5091503,20b689bc,337870000,31,DNA,1000,337870,True,0.7861860290785749,0.9212178606038728,0.8537019448412239,0.9212178606038728,False,138,1379462,2375015
289000,0.0008553585698641489,0.02404138770541692,0.00023381774055109954,0.0001242097418332095,3.7341772151898733,2.0,5.446422262574365,/net/nfs-ip34/jbod2/def-ilafores/ref_dbs/sourmash_db/RefSeq_20250528.k31.sbt.zip,GCF_045002895.1_ASM4500289v1_genomic,dcf539ba4c82009d09e4501c72acd6ed,0.08794887401095557,79000,162,217624000,/nfs3_ib/nfs-ip34/home/def-ilafores/analysis/MethodsComparison/Feces_RA/preproc/SRR5091503/SRR5091503_unmatched_2.fastq,SRR5091503,20b689bc,337870000,31,DNA,1000,337870,True,0.7962272542360075,0.9245766311729975,0.8604019427045024,0.9245766311729975,False,295,1379757,2375015
83000,0.0002456566134903957,0.03068450039339103,0.0002308580223162755,6.442064576434254e-05,1.9615384615384615,1.0,2.6137815599993246,/net/nfs-ip34/jbod2/def-ilafores/ref_dbs/sourmash_db/RefSeq_20250528.k31.sbt.zip,GCF_900015215.1_CRIB_assembly_V1_genomic,4f1f5b624ed155579fa4ba377193c4ab,0.032651455546813535,78000,163,217546000,/nfs3_ib/nfs-ip34/home/def-ilafores/analysis/MethodsComparison/Feces_RA/preproc/SRR5091503/SRR5091503_unmatched_2.fastq,SRR5091503,20b689bc,337870000,31,DNA,1000,337870,True,0.7648195534053589,0.8954913032342254,0.8301554283197922,0.8954913032342254,False,153,1379910,2375015
135000,0.00039956196170124603,0.023063276167947958,0.0002308580223162755,9.178889396488023e-05,2.7948717948717947,2.0,3.7428871838118405,/net/nfs-ip34/jbod2/def-ilafores/ref_dbs/sourmash_db/RefSeq_20250528.k31.sbt.zip,GCF_001454945.1_ASM145494v1_genomic,380e5279419db353c2f7e8db083c21b8,0.039917208752217624,78000,164,217468000,/nfs3_ib/nfs-ip34/home/def-ilafores/analysis/MethodsComparison/Feces_RA/preproc/SRR5091503/SRR5091503_unmatched_2.fastq,SRR5091503,20b689bc,337870000,31,DNA,1000,337870,True,0.7769153136303311,0.9013140361121333,0.8391146748712321,0.9013140361121333,False,218,1380128,2375015
1257000,0.0037203658211738245,0.025257560651379195,0.0002249385858466274,0.00014778854028290347,4.618421052631579,4.0,4.078077156749108,/net/nfs-ip34/jbod2/def-ilafores/ref_dbs/sourmash_db/RefSeq_20250528.k31.sbt.zip,GCF_023347315.1_ASM2334731v1_genomic,0d91a03431f1ffb73e1088f604cc6227,0.41774675972083747,76000,165,217392000,/nfs3_ib/nfs-ip34/home/def-ilafores/analysis/MethodsComparison/Feces_RA/preproc/SRR5091503/SRR5091503_unmatched_2.fastq,SRR5091503,20b689bc,337870000,31,DNA,1000,337870,True,0.8348948747731092,0.9722353102381595,0.9035650925056343,0.9722353102381595,False,351,1380479,2375015
123000,0.0003640453428833575,0.011340996168582376,0.0002190191493769793,4.294709717622836e-05,1.3783783783783783,1.0,0.8959775380676095,/net/nfs-ip34/jbod2/def-ilafores/ref_dbs/sourmash_db/RefSeq_20250528.k31.sbt.zip,GCF_024759285.1_ASM2475928v1_genomic,aaeb7a1a545ae549444b524e0f8ed687,0.01885057471264368,74000,166,217318000,/nfs3_ib/nfs-ip34/home/def-ilafores/analysis/MethodsComparison/Feces_RA/preproc/SRR5091503/SRR5091503_unmatched_2.fastq,SRR5091503,20b689bc,337870000,31,DNA,1000,337870,True,0.7745858009430736,0.8797622232001673,0.8271740120716204,0.8797622232001673,False,102,1380581,2375015
343000,0.0010151833545446473,0.025694444444444443,0.0002190191493769793,0.00025305103336189453,8.121621621621621,7.0,5.968278086373763,/net/nfs-ip34/jbod2/def-ilafores/ref_dbs/sourmash_db/RefSeq_20250528.k31.sbt.zip,GCF_022174665.1_ASM2217466v1_genomic,b004fadcdc39cbd453a7420b36ad1d38,0.11909722222222222,74000,167,217244000,/nfs3_ib/nfs-ip34/home/def-ilafores/analysis/MethodsComparison/Feces_RA/preproc/SRR5091503/SRR5091503_unmatched_2.fastq,SRR5091503,20b689bc,337870000,31,DNA,1000,337870,True,0.8006393276569506,0.9336634873301742,0.8671514074935625,0.9336634873301742,False,601,1381182,2375015
613000,0.0018143072779471395,0.03373382624768946,0.00021605943114215526,4.673654692707204e-05,1.5205479452054795,1.0,0.812734080777607,/net/nfs-ip34/jbod2/def-ilafores/ref_dbs/sourmash_db/RefSeq_20250528.k31.sbt.zip,GCF_042855075.1_ASM4285507v1_genomic,90140d51f7bdfeb9adcb72660cb3132a,0.283271719038817,73000,168,217171000,/nfs3_ib/nfs-ip34/home/def-ilafores/analysis/MethodsComparison/Feces_RA/preproc/SRR5091503/SRR5091503_unmatched_2.fastq,SRR5091503,20b689bc,337870000,31,DNA,1000,337870,True,0.81577673860776,0.9601280021152387,0.8879523703614993,0.9601280021152387,False,111,1381293,2375015
115000,0.0003403675970047651,0.01526070368800339,0.00021309971290733122,3.831554748075275e-05,1.2638888888888888,1.0,0.6007646876078381,/net/nfs-ip34/jbod2/def-ilafores/ref_dbs/sourmash_db/RefSeq_20250528.k31.sbt.zip,GCF_036542125.1_ASM3654212v1_genomic,83396676575583ecc9ef68c1be68a634,0.024374735057227637,72000,169,217099000,/nfs3_ib/nfs-ip34/home/def-ilafores/analysis/MethodsComparison/Feces_RA/preproc/SRR5091503/SRR5091503_unmatched_2.fastq,SRR5091503,20b689bc,337870000,31,DNA,1000,337870,True,0.7729072152849251,0.8870861595027768,0.8299966873938509,0.8870861595027768,False,91,1381384,2375015
2837000,0.008396720632195815,0.01050328227571116,0.00021309971290733122,7.157849529371393e-05,2.361111111111111,1.5,2.123319960420706,/net/nfs-ip34/jbod2/def-ilafores/ref_dbs/sourmash_db/RefSeq_20250528.k31.sbt.zip,GCF_025147085.1_ASM2514708v1_genomic,5b057d4064659334efb7b362a7eec964,0.4138584974471189,72000,170,217027000,/nfs3_ib/nfs-ip34/home/def-ilafores/analysis/MethodsComparison/Feces_RA/preproc/SRR5091503/SRR5091503_unmatched_2.fastq,SRR5091503,20b689bc,337870000,31,DNA,1000,337870,True,0.8571084898417223,0.9719420753228519,0.9145252825822872,0.9719420753228519,False,170,1381554,2375015
4500000,0.013318732056708202,0.013071895424836602,0.00021309971290733122,0.00023410378460767616,7.722222222222222,6.5,6.880371078135213,/net/nfs-ip34/jbod2/def-ilafores/ref_dbs/sourmash_db/RefSeq_20250528.k31.sbt.zip,GCF_025146415.1_ASM2514641v1_genomic,fc9d6617c5819e3400afd74acbdba136,0.8169934640522876,72000,171,216955000,/nfs3_ib/nfs-ip34/home/def-ilafores/analysis/MethodsComparison/Feces_RA/preproc/SRR5091503/SRR5091503_unmatched_2.fastq,SRR5091503,20b689bc,337870000,31,DNA,1000,337870,True,0.8699590345728828,0.9935010749870701,0.9317300547799765,0.9935010749870701,False,556,1382110,2375015
2178000,0.006446266315446769,0.02679245283018868,0.00021013999467250718,0.00010863089285751879,3.6338028169014085,2.0,3.6856762584694804,/net/nfs-ip34/jbod2/def-ilafores/ref_dbs/sourmash_db/RefSeq_20250528.k31.sbt.zip,GCF_040234585.1_ASM4023458v1_genomic,ce4cae11ff96492908342ea8c11f5cfa,0.8218867924528301,71000,172,216884000,/nfs3_ib/nfs-ip34/home/def-ilafores/analysis/MethodsComparison/Feces_RA/preproc/SRR5091503/SRR5091503_unmatched_2.fastq,SRR5091503,20b689bc,337870000,31,DNA,1000,337870,True,0.8498309115914602,0.9936924727703076,0.9217616921808839,0.9936924727703076,False,258,1382368,2375015
156000,0.000461716044632551,0.017382666997765087,0.00020718027643768313,9.978884343888354e-05,3.3857142857142857,2.0,3.0345291804394914,/net/nfs-ip34/jbod2/def-ilafores/ref_dbs/sourmash_db/RefSeq_20250528.k31.sbt.zip,GCF_027923645.1_ASM2792364v1_genomic,9fb8a945f847c19c6bae95891438e391,0.03873851502359076,70000,173,216814000,/nfs3_ib/nfs-ip34/home/def-ilafores/analysis/MethodsComparison/Feces_RA/preproc/SRR5091503/SRR5091503_unmatched_2.fastq,SRR5091503,20b689bc,337870000,31,DNA,1000,337870,True,0.7805472401088893,0.9004429970097172,0.8404951185593033,0.9004429970097172,False,237,1382605,2375015
2566000,0.007594636990558499,0.01775297996449404,0.00020718027643768313,0.000295156030593491,10.014285714285714,3.0,20.195114584008294,/net/nfs-ip34/jbod2/def-ilafores/ref_dbs/sourmash_db/RefSeq_20250528.k31.sbt.zip,GCF_023497585.1_ASM2349758v1_genomic,d9c5bc738094fb07e8276cf458f5e9f1,0.6507735226984529,70000,174,216744000,/nfs3_ib/nfs-ip34/home/def-ilafores/analysis/MethodsComparison/Feces_RA/preproc/SRR5091503/SRR5091503_unmatched_2.fastq,SRR5091503,20b689bc,337870000,31,DNA,1000,337870,True,0.8543370852414829,0.9862377203980058,0.9202874028197443,0.9862377203980058,False,701,1383306,2375015
283000,0.0008376002604552047,0.02445842068483578,0.00020718027643768313,4.168394725928047e-05,1.4142857142857144,1.0,0.8700222844905777,/net/nfs-ip34/jbod2/def-ilafores/ref_dbs/sourmash_db/RefSeq_20250528.k31.sbt.zip,GCF_016865385.1_ASM1686538v1_genomic,290112e27a9899f2f1b4e84c17e76c61,0.09888190076869321,70000,175,216674000,/nfs3_ib/nfs-ip34/home/def-ilafores/analysis/MethodsComparison/Feces_RA/preproc/SRR5091503/SRR5091503_unmatched_2.fastq,SRR5091503,20b689bc,337870000,31,DNA,1000,337870,True,0.7956885758604384,0.9280778615561959,0.8618832187083172,0.9280778615561959,False,99,1383405,2375015
1312000,0.0038831503240891467,0.0258493353028065,0.00020718027643768313,0.0005844173615745584,19.82857142857143,18.5,16.314736045823665,/net/nfs-ip34/jbod2/def-ilafores/ref_dbs/sourmash_db/RefSeq_20250528.k31.sbt.zip,GCF_024167965.1_ASM2416796v1_genomic,49c62e6ebbf2996fc1d9c85fb1c4ef14,0.4844903988183161,70000,176,216604000,/nfs3_ib/nfs-ip34/home/def-ilafores/analysis/MethodsComparison/Feces_RA/preproc/SRR5091503/SRR5091503_unmatched_2.fastq,SRR5091503,20b689bc,337870000,31,DNA,1000,337870,True,0.836049032223714,0.976895049697602,0.9064720409606579,0.976895049697602,False,1388,1384793,2375015
3812000,0.011282445911149259,0.01409910843873108,0.00020126083996803505,0.00019031458748681586,6.647058823529412,5.0,8.036250050794385,/net/nfs-ip34/jbod2/def-ilafores/ref_dbs/sourmash_db/RefSeq_20250528.k31.sbt.zip,GCF_025916355.1_ASM2591635v1_genomic,c47c7798e8a95acf4c34f89f87b195a1,0.7903794318888658,68000,177,216536000,/nfs3_ib/nfs-ip34/home/def-ilafores/analysis/MethodsComparison/Feces_RA/preproc/SRR5091503/SRR5091503_unmatched_2.fastq,SRR5091503,20b689bc,337870000,31,DNA,1000,337870,True,0.8653151326139944,0.9924402630226967,0.9288776978183455,0.9924402630226967,False,452,1385245,2375015
3250000,0.009619084263178146,0.01023838630806846,0.000198301121733211,0.0003233663787386606,11.462686567164178,2.0,44.31950763446569,/net/nfs-ip34/jbod2/def-ilafores/ref_dbs/sourmash_db/RefSeq_20250528.k31.sbt.zip,GCF_025914255.1_ASM2591425v1_genomic,55c73110299b6c07a1380c6e50d75062,0.49663814180929094,67000,178,216469000,/nfs3_ib/nfs-ip34/home/def-ilafores/analysis/MethodsComparison/Feces_RA/preproc/SRR5091503/SRR5091503_unmatched_2.fastq,SRR5091503,20b689bc,337870000,31,DNA,1000,337870,True,0.860874408741873,0.9776757450028851,0.9192750768723791,0.9776757450028851,False,768,1386013,2375015
708000,0.0020954805102554237,0.018746502518186905,0.000198301121733211,4.7578646871703966e-05,1.6865671641791045,1.0,2.045810828737963,/net/nfs-ip34/jbod2/def-ilafores/ref_dbs/sourmash_db/RefSeq_20250528.k31.sbt.zip,GCF_000209835.1_ASM20983v1_genomic,ab50710d4b2685ccaecb7b36ef7d16eb,0.19809736989367654,67000,179,216402000,/nfs3_ib/nfs-ip34/home/def-ilafores/analysis/MethodsComparison/Feces_RA/preproc/SRR5091503/SRR5091503_unmatched_2.fastq,SRR5091503,20b689bc,337870000,31,DNA,1000,337870,True,0.819577060767585,0.9491146304951045,0.8843458456313447,0.9491146304951045,False,113,1386126,2375015
492000,0.00145618137153343,0.015483563601715102,0.00019238168526356292,6.526274570897447e-05,2.3846153846153846,1.0,4.51217944164563,/net/nfs-ip34/jbod2/def-ilafores/ref_dbs/sourmash_db/RefSeq_20250528.k31.sbt.zip,GCF_020181555.1_ASM2018155v1_genomic,8469ab5e4b1c2b2c7b791e98ae874535,0.11719866603144355,65000,180,216337000,/nfs3_ib/nfs-ip34/home/def-ilafores/analysis/MethodsComparison/Feces_RA/preproc/SRR5091503/SRR5091503_unmatched_2.fastq,SRR5091503,20b689bc,337870000,31,DNA,1000,337870,True,0.8100108227744381,0.9331796239507437,0.871595223362591,0.9331796239507437,False,155,1386281,2375015
1093000,0.0032349720306626807,0.023628048780487805,0.00018350253055909077,4.631549695475607e-05,1.7741935483870968,1.0,1.2104298735028207,/net/nfs-ip34/jbod2/def-ilafores/ref_dbs/sourmash_db/RefSeq_20250528.k31.sbt.zip,GCF_030296915.1_ASM3029691v1_genomic,9d842f452bc2873386caa06583d801ad,0.4165396341463415,62000,181,216275000,/nfs3_ib/nfs-ip34/home/def-ilafores/analysis/MethodsComparison/Feces_RA/preproc/SRR5091503/SRR5091503_unmatched_2.fastq,SRR5091503,20b689bc,337870000,31,DNA,1000,337870,True,0.8311381990434061,0.9721445580688642,0.9016413785561352,0.9721445580688642,False,110,1386391,2375015
715000,0.002116198537899192,0.021463757916959886,0.00018054281232426672,5.2210196567179576e-05,2.0327868852459017,1.0,2.4019610370350644,/net/nfs-ip34/jbod2/def-ilafores/ref_dbs/sourmash_db/RefSeq_20250528.k31.sbt.zip,GCF_025150085.1_ASM2515008v1_genomic,2e1846f271e5a6c1736e89d400b10289,0.25158339197748064,61000,182,216214000,/nfs3_ib/nfs-ip34/home/def-ilafores/analysis/MethodsComparison/Feces_RA/preproc/SRR5091503/SRR5091503_unmatched_2.fastq,SRR5091503,20b689bc,337870000,31,DNA,1000,337870,True,0.8198372106637856,0.9564607666308053,0.8881489886472954,0.9564607666308053,False,124,1386515,2375015
2747000,0.008130345991061652,0.009558706388402102,0.00017758309408944268,6.652589562592236e-05,2.6333333333333333,2.0,1.9661016137411507,/net/nfs-ip34/jbod2/def-ilafores/ref_dbs/sourmash_db/RefSeq_20250528.k31.sbt.zip,GCF_006546965.1_ASM654696v1_genomic,d3b5011d40cba3b27ab151b054210724,0.4376294408156763,60000,183,216154000,/nfs3_ib/nfs-ip34/home/def-ilafores/analysis/MethodsComparison/Feces_RA/preproc/SRR5091503/SRR5091503_unmatched_2.fastq,SRR5091503,20b689bc,337870000,31,DNA,1000,337870,True,0.8562176225562677,0.9736946669245795,0.9149561447404235,0.9736946669245795,False,158,1386673,2375015
3675000,0.010876964512978364,0.011365825467154691,0.00017462337585461864,0.0002454721338602072,9.88135593220339,3.0,10.878504299239234,/net/nfs-ip34/jbod2/def-ilafores/ref_dbs/sourmash_db/RefSeq_20250528.k31.sbt.zip,GCF_018289175.1_ASM1828917v1_genomic,c011021d83e072fd7dafbdfb08120209,0.7079560778270083,59000,184,216095000,/nfs3_ib/nfs-ip34/home/def-ilafores/analysis/MethodsComparison/Feces_RA/preproc/SRR5091503/SRR5091503_unmatched_2.fastq,SRR5091503,20b689bc,337870000,31,DNA,1000,337870,True,0.8642940815581653,0.9889207601545097,0.9266074208563375,0.9889207601545097,False,583,1387256,2375015
213000,0.0006304199840175216,0.008444253613854301,0.00017462337585461864,0.0001688410388987017,6.796610169491525,2.0,9.557638991158868,/net/nfs-ip34/jbod2/def-ilafores/ref_dbs/sourmash_db/RefSeq_20250528.k31.sbt.zip,GCF_042853085.1_ASM4285308v1_genomic,400d90fee346891087f6d66c37bf84f7,0.030485186775440102,59000,185,216036000,/nfs3_ib/nfs-ip34/home/def-ilafores/analysis/MethodsComparison/Feces_RA/preproc/SRR5091503/SRR5091503_unmatched_2.fastq,SRR5091503,20b689bc,337870000,31,DNA,1000,337870,True,0.7884283955110707,0.8935104592863049,0.8409694273986879,0.8935104592863049,False,401,1387657,2375015
564000,0.0016692810844407613,0.025537634408602152,0.00016870393938497055,4.0841847314648536e-05,1.7017543859649122,1.0,1.138865429271402,/net/nfs-ip34/jbod2/def-ilafores/ref_dbs/sourmash_db/RefSeq_20250528.k31.sbt.zip,GCF_039830185.1_ASM3983018v1_genomic,639043fef0e3253487bcefaa8b68bd05,0.25268817204301075,57000,186,215979000,/nfs3_ib/nfs-ip34/home/def-ilafores/analysis/MethodsComparison/Feces_RA/preproc/SRR5091503/SRR5091503_unmatched_2.fastq,SRR5091503,20b689bc,337870000,31,DNA,1000,337870,True,0.8135873296718152,0.9565959671005017,0.8850916483861584,0.9565959671005017,False,97,1387754,2375015
622000,0.0018409447420605558,0.01442672741078208,0.00016870393938497055,3.410504775759311e-05,1.4210526315789473,1.0,0.8573187173944292,/net/nfs-ip34/jbod2/def-ilafores/ref_dbs/sourmash_db/RefSeq_20250528.k31.sbt.zip,GCF_032452275.1_ASM3245227v1_genomic,2a6b1835ddcd5f0e781fcfaaf5bdb754,0.15742849911414833,57000,187,215922000,/nfs3_ib/nfs-ip34/home/def-ilafores/analysis/MethodsComparison/Feces_RA/preproc/SRR5091503/SRR5091503_unmatched_2.fastq,SRR5091503,20b689bc,337870000,31,DNA,1000,337870,True,0.8161603795585937,0.9421053348259556,0.8791328571922746,0.9421053348259556,False,81,1387835,2375015
56000,0.0001657442211501465,0.017704710717673097,0.0001657442211501465,2.6947198228221718e-05,1.1428571428571428,1.0,0.3499271061118826,/net/nfs-ip34/jbod2/def-ilafores/ref_dbs/sourmash_db/RefSeq_20250528.k31.sbt.zip,GCF_018847415.1_ASM1884741v1_genomic,8b4b91db7a412c02e02886f457fb2e18,0.017704710717673097,56000,188,215866000,/nfs3_ib/nfs-ip34/home/def-ilafores/analysis/MethodsComparison/Feces_RA/preproc/SRR5091503/SRR5091503_unmatched_2.fastq,SRR5091503,20b689bc,337870000,31,DNA,1000,337870,True,0.7551729057204342,0.8779842729853167,0.8165785893528754,0.8779842729853167,False,64,1387899,2375015
464000,0.0013733092609583568,0.019957234497505347,0.0001657442211501465,3.5368197674541006e-05,1.5,1.0,1.0177004891982149,/net/nfs-ip34/jbod2/def-ilafores/ref_dbs/sourmash_db/RefSeq_20250528.k31.sbt.zip,GCF_015097455.1_ASM1509745v1_genomic,ad2202613b9c5f4de5c0bb121ca6ed7a,0.16535994297933002,56000,189,215810000,/nfs3_ib/nfs-ip34/home/def-ilafores/analysis/MethodsComparison/Feces_RA/preproc/SRR5091503/SRR5091503_unmatched_2.fastq,SRR5091503,20b689bc,337870000,31,DNA,1000,337870,True,0.808481239523989,0.9436003094543093,0.8760407744891492,0.9436003094543093,False,84,1387983,2375015
1725000,0.0051055139550714775,0.016885553470919325,0.00015982478468049843,0.00043747092123628693,19.24074074074074,19.0,11.25287648030195,/net/nfs-ip34/jbod2/def-ilafores/ref_dbs/sourmash_db/RefSeq_20250528.k31.sbt.zip,GCF_000209935.1_ASM20993v1_genomic,dcbd1d093e4e25fa785bf2accc52d95b,0.5393996247654784,54000,190,215756000,/nfs3_ib/nfs-ip34/home/def-ilafores/analysis/MethodsComparison/Feces_RA/preproc/SRR5091503/SRR5091503_unmatched_2.fastq,SRR5091503,20b689bc,337870000,31,DNA,1000,337870,True,0.8434625203523012,0.980284094578747,0.9118733074655241,0.980284094578747,False,1039,1389022,2375015
197000,0.0005830644922603368,0.015345268542199489,0.00015982478468049843,0.00015199904000606313,6.685185185185185,4.5,9.267274308762776,/net/nfs-ip34/jbod2/def-ilafores/ref_dbs/sourmash_db/RefSeq_20250528.k31.sbt.zip,GCF_025146135.1_ASM2514613v1_genomic,7eaae742c69417c8e76f081fe338897d,0.055981813015061097,54000,191,215702000,/nfs3_ib/nfs-ip34/home/def-ilafores/analysis/MethodsComparison/Feces_RA/preproc/SRR5091503/SRR5091503_unmatched_2.fastq,SRR5091503,20b689bc,337870000,31,DNA,1000,337870,True,0.7864448579987058,0.9112014833096057,0.8488231706541558,0.9112014833096057,False,361,1389383,2375015
1383000,0.004093290318761654,0.00014231855726576514,0.00015686506644567439,6.189434593044675e-05,2.7735849056603774,2.0,4.784572335274101,/net/nfs-ip34/jbod2/def-ilafores/ref_dbs/sourmash_db/RefSeq_20250528.k31.sbt.zip,plasmid.3.1.genomic,e2e03e1dce424a170899a4ee7698c481,0.0037137087678972298,53000,192,215649000,/nfs3_ib/nfs-ip34/home/def-ilafores/analysis/MethodsComparison/Feces_RA/preproc/SRR5091503/SRR5091503_unmatched_2.fastq,SRR5091503,20b689bc,337870000,31,DNA,1000,337870,True,0.8374715881684932,0.834846641938461,0.8361591150534771,0.8374715881684932,False,147,1389530,2375015
1244000,0.0036818894841211115,0.018370883882149046,0.00015686506644567439,7.78942448784534e-05,3.490566037735849,2.0,4.664691304107931,/net/nfs-ip34/jbod2/def-ilafores/ref_dbs/sourmash_db/RefSeq_20250528.k31.sbt.zip,GCF_002586945.1_ASM258694v1_genomic,37548ff8695f19adfb807e1221069651,0.4311958405545927,53000,193,215596000,/nfs3_ib/nfs-ip34/home/def-ilafores/analysis/MethodsComparison/Feces_RA/preproc/SRR5091503/SRR5091503_unmatched_2.fastq,SRR5091503,20b689bc,337870000,31,DNA,1000,337870,True,0.8346149374212897,0.9732295984323179,0.9039222679268037,0.9732295984323179,False,185,1389715,2375015
165000,0.0004883535087459674,0.0076067875950848445,0.00015390534821085032,6.568379568129043e-05,3.0,2.0,4.385290096535146,/net/nfs-ip34/jbod2/def-ilafores/ref_dbs/sourmash_db/RefSeq_20250528.k31.sbt.zip,GCF_025149285.1_ASM2514928v1_genomic,0f58288732b3804f3c8d60da453de357,0.024136922176711526,52000,194,215544000,/nfs3_ib/nfs-ip34/home/def-ilafores/analysis/MethodsComparison/Feces_RA/preproc/SRR5091503/SRR5091503_unmatched_2.fastq,SRR5091503,20b689bc,337870000,31,DNA,1000,337870,True,0.7819607920161614,0.8868056431584412,0.8343832175873014,0.8868056431584412,False,156,1389871,2375015
3988000,0.01180335632047829,0.009955104430997463,0.00015094562997602627,0.0008766260423618377,40.8235294117647,25.0,48.01009121144729,/net/nfs-ip34/jbod2/def-ilafores/ref_dbs/sourmash_db/RefSeq_20250528.k31.sbt.zip,GCF_020091465.1_ASM2009146v1_genomic,cfcaa7d93ee12c43b81dc72fd8321792,0.778450126878782,51000,195,215493000,/nfs3_ib/nfs-ip34/home/def-ilafores/analysis/MethodsComparison/Feces_RA/preproc/SRR5091503/SRR5091503_unmatched_2.fastq,SRR5091503,20b689bc,337870000,31,DNA,1000,337870,True,0.8665759453614991,0.9919535041219316,0.9292647247417154,0.9919535041219316,False,2082,1391953,2375015
97000,0.00028709266877793236,0.016977363515312916,0.00015094562997602627,0.0001204202920823658,5.607843137254902,3.0,9.772065893071503,/net/nfs-ip34/jbod2/def-ilafores/ref_dbs/sourmash_db/RefSeq_20250528.k31.sbt.zip,GCF_963931595.1_6755_HET_CTRL_s308.ctg000382l_hifiasm_large_MAG_genomic,8b81679f12b525c13c9f662932994a00,0.032290279627163784,51000,196,215442000,/nfs3_ib/nfs-ip34/home/def-ilafores/analysis/MethodsComparison/Feces_RA/preproc/SRR5091503/SRR5091503_unmatched_2.fastq,SRR5091503,20b689bc,337870000,31,DNA,1000,337870,True,0.7686748087461144,0.8951700473151893,0.8319224280306519,0.8951700473151893,False,286,1392239,2375015
254000,0.0007517684316453074,0.01380071763731714,0.00014798591174120223,0.00016715683900943784,7.94,6.0,7.195581977852799,/net/nfs-ip34/jbod2/def-ilafores/ref_dbs/sourmash_db/RefSeq_20250528.k31.sbt.zip,GCF_009831375.1_ASM983137v1_genomic,44920bdf186ead17b8d6437676295dba,0.07010764559757107,50000,197,215392000,/nfs3_ib/nfs-ip34/home/def-ilafores/analysis/MethodsComparison/Feces_RA/preproc/SRR5091503/SRR5091503_unmatched_2.fastq,SRR5091503,20b689bc,337870000,31,DNA,1000,337870,True,0.7929184418340655,0.9178392490399684,0.8553788454370169,0.9178392490399684,False,397,1392636,2375015
3350000,0.00991505608666055,0.007630093087135663,0.00014798591174120223,5.263124653949554e-05,2.5,2.0,1.6401219466856725,/net/nfs-ip34/jbod2/def-ilafores/ref_dbs/sourmash_db/RefSeq_20250528.k31.sbt.zip,GCF_038561945.1_B_ovatus_H2495_genomic,d732c80bcf4e6f003145adb06bb926a4,0.5112162368380895,50000,198,215342000,/nfs3_ib/nfs-ip34/home/def-ilafores/analysis/MethodsComparison/Feces_RA/preproc/SRR5091503/SRR5091503_unmatched_2.fastq,SRR5091503,20b689bc,337870000,31,DNA,1000,337870,True,0.8617164041041829,0.9785885943167947,0.9201524992104888,0.9785885943167947,False,125,1392761,2375015
