intersect_bp,f_orig_query,f_match,f_unique_to_query,f_unique_weighted,average_abund,median_abund,std_abund,filename,name,md5,f_match_orig,unique_intersect_bp,gather_result_rank,remaining_bp,query_filename,query_name,query_md5,query_bp,ksize,moltype,scaled,query_n_hashes,query_abundance,query_containment_ani,match_containment_ani,average_containment_ani,max_containment_ani,potential_false_negative,n_unique_weighted_found,sum_weighted_found,total_weighted_hashes
4768000,0.014162614618265852,0.6669464260735767,0.014162614618265852,0.011856211046058341,10.30494966442953,6.0,145.04498882838269,/net/nfs-ip34/jbod2/def-ilafores/ref_dbs/sourmash_db/RefSeq_20250528.k31.sbt.zip,GCF_918258265.1_BOVAC1_genomic,d7ca7470d77ebe0344d62e56d1ab47e0,0.6669464260735767,4768000,0,331893000,/nfs3_ib/nfs-ip34/home/def-ilafores/analysis/MethodsComparison/Feces_RA/preproc/SRR5091458/SRR5091458_unmatched_2.fastq,SRR5091458,77291cc9,336661000,31,DNA,1000,336661,True,0.8716847853213603,0.9870190037213282,0.9293518945213443,0.9870190037213282,False,49134,49134,4144157
4245000,0.01260912312385456,0.7989826676714393,0.012597241735751987,0.008611642850403592,8.414996463098326,5.0,28.87628036309149,/net/nfs-ip34/jbod2/def-ilafores/ref_dbs/sourmash_db/RefSeq_20250528.k31.sbt.zip,GCF_024759485.1_ASM2475948v1_genomic,9da38a9733af7807a37d2b3cea1d9a69,0.7997362471740769,4241000,1,327652000,/nfs3_ib/nfs-ip34/home/def-ilafores/analysis/MethodsComparison/Feces_RA/preproc/SRR5091458/SRR5091458_unmatched_2.fastq,SRR5091458,77291cc9,336661000,31,DNA,1000,336661,True,0.8684239065613739,0.9928171051670006,0.9306205058641872,0.9928171051670006,False,35688,84822,4144157
4177000,0.012407139526110835,0.8008979113800507,0.012187333846213254,0.011308693179336594,11.422130148671704,9.0,23.229449604452235,/net/nfs-ip34/jbod2/def-ilafores/ref_dbs/sourmash_db/RefSeq_20250528.k31.sbt.zip,GCF_020091465.1_ASM2009146v1_genomic,cfcaa7d93ee12c43b81dc72fd8321792,0.815342572711302,4103000,2,323549000,/nfs3_ib/nfs-ip34/home/def-ilafores/analysis/MethodsComparison/Feces_RA/preproc/SRR5091458/SRR5091458_unmatched_2.fastq,SRR5091458,77291cc9,336661000,31,DNA,1000,336661,True,0.8679716445873064,0.9934362516262457,0.930703948106776,0.9934362516262457,False,46865,131687,4144157
3821000,0.011349695984981926,0.686296092460099,0.011112068222930486,0.003634273508460225,4.025928896017108,2.0,22.11220496391004,/net/nfs-ip34/jbod2/def-ilafores/ref_dbs/sourmash_db/RefSeq_20250528.k31.sbt.zip,GCF_032878955.1_ASM3287895v1_genomic,d537b5d78c84c0e05f44ffcd0d82c127,0.7009722986607961,3741000,3,319808000,/nfs3_ib/nfs-ip34/home/def-ilafores/analysis/MethodsComparison/Feces_RA/preproc/SRR5091458/SRR5091458_unmatched_2.fastq,SRR5091458,77291cc9,336661000,31,DNA,1000,336661,True,0.8654810349938818,0.9886045575129587,0.9270427962534202,0.9886045575129587,False,15061,146748,4144157
3765000,0.011183356551545917,0.7323571283302827,0.010696219639340464,0.012766166918869145,14.69175229103027,13.0,17.86267655872,/net/nfs-ip34/jbod2/def-ilafores/ref_dbs/sourmash_db/RefSeq_20250528.k31.sbt.zip,GCF_018289375.1_ASM1828937v1_genomic,d63aa3877a3e796774bd21a9b9ae06b0,0.7657107992678462,3601000,4,316207000,/nfs3_ib/nfs-ip34/home/def-ilafores/analysis/MethodsComparison/Feces_RA/preproc/SRR5091458/SRR5091458_unmatched_2.fastq,SRR5091458,77291cc9,336661000,31,DNA,1000,336661,True,0.8650689322377444,0.9914256573830347,0.9282472948103895,0.9914256573830347,False,52905,199653,4144157
3580000,0.010633842351801962,0.7718597425654683,0.010330866955186374,0.007040273812020153,8.388729154686601,6.0,33.60585071781041,/net/nfs-ip34/jbod2/def-ilafores/ref_dbs/sourmash_db/RefSeq_20250528.k31.sbt.zip,GCF_020091365.1_ASM2009136v1_genomic,ef23ca7c0c2ee8ae3e8a4537f4cacf2d,0.7944962272525522,3478000,5,312729000,/nfs3_ib/nfs-ip34/home/def-ilafores/analysis/MethodsComparison/Feces_RA/preproc/SRR5091458/SRR5091458_unmatched_2.fastq,SRR5091458,77291cc9,336661000,31,DNA,1000,336661,True,0.8636640564694198,0.9926065943790645,0.9281353254242422,0.9926065943790645,False,29176,228829,4144157
3461000,0.010280371055750444,0.6393809435017714,0.010185319950929868,0.004905943476562302,5.929133858267717,5.0,11.94250564574847,/net/nfs-ip34/jbod2/def-ilafores/ref_dbs/sourmash_db/RefSeq_20250528.k31.sbt.zip,GCF_030944245.1_ASM3094424v1_genomic,6becccb8a4a952caa753de225af3e504,0.6453477531232519,3429000,6,309300000,/nfs3_ib/nfs-ip34/home/def-ilafores/analysis/MethodsComparison/Feces_RA/preproc/SRR5091458/SRR5091458_unmatched_2.fastq,SRR5091458,77291cc9,336661000,31,DNA,1000,336661,True,0.862722751513414,0.9859713968862122,0.9243470741998131,0.9859713968862122,False,20331,249160,4144157
3527000,0.010476413959442881,0.4995552920249037,0.01001006947641693,0.0029202561582488307,3.5910979228486646,2.0,9.648550158420205,/net/nfs-ip34/jbod2/def-ilafores/ref_dbs/sourmash_db/RefSeq_20250528.k31.sbt.zip,GCF_025914275.1_ASM2591427v1_genomic,00f84a19a7eccd4339a873932a896c19,0.5228283427216128,3370000,7,305930000,/nfs3_ib/nfs-ip34/home/def-ilafores/analysis/MethodsComparison/Feces_RA/preproc/SRR5091458/SRR5091458_unmatched_2.fastq,SRR5091458,77291cc9,336661000,31,DNA,1000,336661,True,0.863248618410823,0.9792978711472652,0.9212732447790442,0.9792978711472652,False,12102,261262,4144157
3200000,0.009505110482057618,0.5926914391295421,0.008575391863031358,0.006809828874726512,9.775199168687218,7.0,13.577104143786919,/net/nfs-ip34/jbod2/def-ilafores/ref_dbs/sourmash_db/RefSeq_20250528.k31.sbt.zip,GCF_018289295.1_ASM1828929v1_genomic,efcaf620d43a1e990655112ba5460db1,0.6569492917265448,2887000,8,303043000,/nfs3_ib/nfs-ip34/home/def-ilafores/analysis/MethodsComparison/Feces_RA/preproc/SRR5091458/SRR5091458_unmatched_2.fastq,SRR5091458,77291cc9,336661000,31,DNA,1000,336661,True,0.8605434669988523,0.986538255114128,0.9235408610564901,0.986538255114128,False,28221,289483,4144157
2295000,0.006816946423850698,0.6821705426356589,0.006796153994671197,0.013124502763770774,23.771853146853147,22.0,15.553046316162629,/net/nfs-ip34/jbod2/def-ilafores/ref_dbs/sourmash_db/RefSeq_20250528.k31.sbt.zip,GCF_030296935.1_ASM3029693v1_genomic,291e68c00c79fc78c6a795fcc0b4b014,0.684257602862254,2288000,9,300755000,/nfs3_ib/nfs-ip34/home/def-ilafores/analysis/MethodsComparison/Feces_RA/preproc/SRR5091458/SRR5091458_unmatched_2.fastq,SRR5091458,77291cc9,336661000,31,DNA,1000,336661,True,0.8513650204662276,0.9878352152916037,0.9196001178789157,0.9878352152916037,False,54390,343873,4144157
2178000,0.006469415821850467,0.963716814159292,0.006469415821850467,0.0030717948185843345,5.844811753902663,5.0,3.858347322968117,/net/nfs-ip34/jbod2/def-ilafores/ref_dbs/sourmash_db/RefSeq_20250528.k31.sbt.zip,GCF_026016425.1_ASM2601642v1_genomic,e398982b56ac2cfc30c56fbabc1e9297,0.963716814159292,2178000,10,298577000,/nfs3_ib/nfs-ip34/home/def-ilafores/analysis/MethodsComparison/Feces_RA/preproc/SRR5091458/SRR5091458_unmatched_2.fastq,SRR5091458,77291cc9,336661000,31,DNA,1000,336661,True,0.8499291883419888,0.9988085236376516,0.9243688559898202,0.9988085236376516,False,12730,356603,4144157
2278000,0.006766450524414767,0.006005741158530514,0.006270402571132386,0.0013479219054683498,2.6461392704879203,1.0,15.22841509350504,/net/nfs-ip34/jbod2/def-ilafores/ref_dbs/sourmash_db/RefSeq_20250528.k31.sbt.zip,plasmid.7.1.genomic,7a8c695160f2da22a8aff644e0702b99,0.006480851899162724,2111000,11,296466000,/nfs3_ib/nfs-ip34/home/def-ilafores/analysis/MethodsComparison/Feces_RA/preproc/SRR5091458/SRR5091458_unmatched_2.fastq,SRR5091458,77291cc9,336661000,31,DNA,1000,336661,True,0.8511608552533286,0.849977612476394,0.8505692338648614,0.8511608552533286,False,5586,362189,4144157
2075000,0.006163470078209238,0.5726519337016575,0.006157529384157951,0.0017344902714834403,3.467438494934877,3.0,4.217784006893044,/net/nfs-ip34/jbod2/def-ilafores/ref_dbs/sourmash_db/RefSeq_20250528.k31.sbt.zip,GCF_005121165.3_ASM512116v3_genomic,74059216b7cd65a7ff314267c1b83b8e,0.5732044198895028,2073000,12,294393000,/nfs3_ib/nfs-ip34/home/def-ilafores/analysis/MethodsComparison/Feces_RA/preproc/SRR5091458/SRR5091458_unmatched_2.fastq,SRR5091458,77291cc9,336661000,31,DNA,1000,336661,True,0.8486019818110264,0.9822081495858448,0.9154050656984356,0.9822081495858448,False,7188,369377,4144157
2066000,0.00613673695497845,0.5849002849002849,0.006098122443645091,0.24163997647772514,487.7710667316123,581.0,445.3736296044976,/net/nfs-ip34/jbod2/def-ilafores/ref_dbs/sourmash_db/RefSeq_20250528.k31.sbt.zip,GCF_019249795.2_P1C_raw_genomic,daced544df689eeedcdbd81decd8f176,0.5886039886039887,2053000,13,292340000,/nfs3_ib/nfs-ip34/home/def-ilafores/analysis/MethodsComparison/Feces_RA/preproc/SRR5091458/SRR5091458_unmatched_2.fastq,SRR5091458,77291cc9,336661000,31,DNA,1000,336661,True,0.8484830001963141,0.9830484934455537,0.9157657468209339,0.9830484934455537,False,1001394,1370771,4144157
1837000,0.005456527486106201,0.6104377104377104,0.0053852391574907696,0.0015802972715560728,3.6122448979591835,3.0,3.360686387754279,/net/nfs-ip34/jbod2/def-ilafores/ref_dbs/sourmash_db/RefSeq_20250528.k31.sbt.zip,GCF_001998765.1_ASM199876v1_genomic,c87f75fcf13611b56f2643edb90d05be,0.6185185185185185,1813000,14,290527000,/nfs3_ib/nfs-ip34/home/def-ilafores/analysis/MethodsComparison/Feces_RA/preproc/SRR5091458/SRR5091458_unmatched_2.fastq,SRR5091458,77291cc9,336661000,31,DNA,1000,336661,True,0.8452735930593015,0.9846217889568735,0.9149476910080875,0.9846217889568735,False,6549,1377320,4144157
1787000,0.005308010134824051,0.5349050826699326,0.005189196253798331,0.0040109484269056405,9.514596451058958,9.0,6.769167185054626,/net/nfs-ip34/jbod2/def-ilafores/ref_dbs/sourmash_db/RefSeq_20250528.k31.sbt.zip,GCF_000210735.1_ASM21073v1_genomic,112a151e28f067050905850dc0b386c2,0.5471524800979792,1747000,15,288780000,/nfs3_ib/nfs-ip34/home/def-ilafores/analysis/MethodsComparison/Feces_RA/preproc/SRR5091458/SRR5091458_unmatched_2.fastq,SRR5091458,77291cc9,336661000,31,DNA,1000,336661,True,0.8445214824898205,0.9807354708435582,0.9126284766666893,0.9807354708435582,False,16622,1393942,4144157
1742000,0.005174344518670116,0.7319023569023569,0.005165433477593187,0.0067089639702356835,15.987924094307074,15.0,10.01071152612706,/net/nfs-ip34/jbod2/def-ilafores/ref_dbs/sourmash_db/RefSeq_20250528.k31.sbt.zip,GCF_003945365.1_PFJ30894_01_genomic,41e393347aeaa24ab6fcfff277c4c1f9,0.7331649831649831,1739000,16,287041000,/nfs3_ib/nfs-ip34/home/def-ilafores/analysis/MethodsComparison/Feces_RA/preproc/SRR5091458/SRR5091458_unmatched_2.fastq,SRR5091458,77291cc9,336661000,31,DNA,1000,336661,True,0.8438269624847666,0.9900375532768924,0.9169322578808294,0.9900375532768924,False,27803,1421745,4144157
1656000,0.004918894674464817,0.34773218142548595,0.004782258711285239,0.000896925478450744,2.3086956521739133,2.0,2.270192792982633,/net/nfs-ip34/jbod2/def-ilafores/ref_dbs/sourmash_db/RefSeq_20250528.k31.sbt.zip,GCF_023008285.1_ASM2300828v1_genomic,3191b17cd9816a6b0abb68f0b35dbdf7,0.35766738660907127,1610000,17,285431000,/nfs3_ib/nfs-ip34/home/def-ilafores/analysis/MethodsComparison/Feces_RA/preproc/SRR5091458/SRR5091458_unmatched_2.fastq,SRR5091458,77291cc9,336661000,31,DNA,1000,336661,True,0.8424499593246323,0.9673777801461859,0.9049138697354091,0.9673777801461859,False,3717,1425462,4144157
1621000,0.004814932528567312,0.36701754385964913,0.004660474483233876,0.0009502535738872827,2.509878903760357,2.0,4.581678318283794,/net/nfs-ip34/jbod2/def-ilafores/ref_dbs/sourmash_db/RefSeq_20250528.k31.sbt.zip,GCF_900187175.1_51342_A02_genomic,ebb5322e84d5def69ea51d3ef551ea04,0.3791812865497076,1569000,18,283862000,/nfs3_ib/nfs-ip34/home/def-ilafores/analysis/MethodsComparison/Feces_RA/preproc/SRR5091458/SRR5091458_unmatched_2.fastq,SRR5091458,77291cc9,336661000,31,DNA,1000,336661,True,0.8418696348225102,0.9692022551621194,0.9055359449923148,0.9692022551621194,False,3938,1429400,4144157
1456000,0.0043248252693362165,0.36941536890477406,0.00429809214610543,0.0010815227318849165,3.097442985487215,2.0,5.656198203704474,/net/nfs-ip34/jbod2/def-ilafores/ref_dbs/sourmash_db/RefSeq_20250528.k31.sbt.zip,GCF_020735725.1_ASM2073572v1_genomic,468818a695d78a01f7215c72831539a1,0.37171304569823843,1447000,19,282415000,/nfs3_ib/nfs-ip34/home/def-ilafores/analysis/MethodsComparison/Feces_RA/preproc/SRR5091458/SRR5091458_unmatched_2.fastq,SRR5091458,77291cc9,336661000,31,DNA,1000,336661,True,0.8389593557213952,0.9685805317885208,0.903769943754958,0.9685805317885208,False,4482,1433882,4144157
1465000,0.004351558392567003,0.32087155963302755,0.004155515488874565,0.0009792100057985254,2.9006433166547536,2.0,3.8683841049312178,/net/nfs-ip34/jbod2/def-ilafores/ref_dbs/sourmash_db/RefSeq_20250528.k31.sbt.zip,GCF_042847785.1_ASM4284778v1_genomic,88019d6ddc2b537fe7ac87c23df45062,0.3360091743119266,1399000,20,281016000,/nfs3_ib/nfs-ip34/home/def-ilafores/analysis/MethodsComparison/Feces_RA/preproc/SRR5091458/SRR5091458_unmatched_2.fastq,SRR5091458,77291cc9,336661000,31,DNA,1000,336661,True,0.8391261436888109,0.9654304764006467,0.9022783100447288,0.9654304764006467,False,4058,1437940,4144157
1442000,0.004283240410977215,0.5965738758029978,0.004137693406720707,0.0008846189948884659,2.63173007896626,2.0,2.0014491394835585,/net/nfs-ip34/jbod2/def-ilafores/ref_dbs/sourmash_db/RefSeq_20250528.k31.sbt.zip,GCF_009728915.1_ASM972891v1_genomic,dd9a7a25cf2d3a15ed15405a169aba38,0.617558886509636,1393000,21,279623000,/nfs3_ib/nfs-ip34/home/def-ilafores/analysis/MethodsComparison/Feces_RA/preproc/SRR5091458/SRR5091458_unmatched_2.fastq,SRR5091458,77291cc9,336661000,31,DNA,1000,336661,True,0.8386979141899259,0.9845724731648049,0.9116351936773655,0.9845724731648049,False,3666,1441606,4144157
1398000,0.004152545141848922,0.4460990611848495,0.004093138201336062,0.0008467343298045899,2.54644412191582,2.0,4.541018310651907,/net/nfs-ip34/jbod2/def-ilafores/ref_dbs/sourmash_db/RefSeq_20250528.k31.sbt.zip,GCF_014163495.1_ASM1416349v1_genomic,a350fcb0d912191bf783d6a3905b8c8f,0.4525736484299126,1378000,22,278245000,/nfs3_ib/nfs-ip34/home/def-ilafores/analysis/MethodsComparison/Feces_RA/preproc/SRR5091458/SRR5091458_unmatched_2.fastq,SRR5091458,77291cc9,336661000,31,DNA,1000,336661,True,0.8378599491404303,0.9747499061277282,0.9063049276340792,0.9747499061277282,False,3509,1445115,4144157
1389000,0.004125812018618135,0.601426660722247,0.004006998137592415,0.0009828295597874308,3.0192735359525575,2.0,2.091583417423849,/net/nfs-ip34/jbod2/def-ilafores/ref_dbs/sourmash_db/RefSeq_20250528.k31.sbt.zip,GCF_020541885.1_ASM2054188v1_genomic,23e33ee6b93d2bbac1d6e39486e33d71,0.6192599197503343,1349000,23,276896000,/nfs3_ib/nfs-ip34/home/def-ilafores/analysis/MethodsComparison/Feces_RA/preproc/SRR5091458/SRR5091458_unmatched_2.fastq,SRR5091458,77291cc9,336661000,31,DNA,1000,336661,True,0.8376854064993026,0.984659839124771,0.9111726228120367,0.984659839124771,False,4073,1449188,4144157
1465000,0.004351558392567003,0.18227448730818874,0.0037753110695922603,0.001442271612779149,4.702596380802517,2.0,13.706131836047513,/net/nfs-ip34/jbod2/def-ilafores/ref_dbs/sourmash_db/RefSeq_20250528.k31.sbt.zip,GCF_020091425.1_ASM2009142v1_genomic,b391704addc37a9e6e34e49aa9d20a35,0.21009608489889575,1271000,24,275625000,/nfs3_ib/nfs-ip34/home/def-ilafores/analysis/MethodsComparison/Feces_RA/preproc/SRR5091458/SRR5091458_unmatched_2.fastq,SRR5091458,77291cc9,336661000,31,DNA,1000,336661,True,0.8391261436888109,0.9509167881885896,0.8950214659387002,0.9509167881885896,False,5977,1455165,4144157
1711000,0.005082263760875183,0.2794740361043013,0.0037248151701563294,0.0009309492859464543,3.076555023923445,1.0,10.899155356915568,/net/nfs-ip34/jbod2/def-ilafores/ref_dbs/sourmash_db/RefSeq_20250528.k31.sbt.zip,GCF_042850115.1_ASM4285011v1_genomic,0a531f0dc11d01b0c4c52863f5abf5c2,0.3813238243815467,1254000,25,274371000,/nfs3_ib/nfs-ip34/home/def-ilafores/analysis/MethodsComparison/Feces_RA/preproc/SRR5091458/SRR5091458_unmatched_2.fastq,SRR5091458,77291cc9,336661000,31,DNA,1000,336661,True,0.8433383408264007,0.9693784323599319,0.9063583865931664,0.9693784323599319,False,3858,1459023,4144157
1385000,0.004113930630515563,0.22705839680812478,0.0037188744761050435,0.000776997589618347,2.571884984025559,1.0,8.337841023457944,/net/nfs-ip34/jbod2/def-ilafores/ref_dbs/sourmash_db/RefSeq_20250528.k31.sbt.zip,GCF_019930665.1_ASM1993066v1_genomic,d7320230ed69eef737078c57f068087a,0.25117881755531374,1252000,26,273119000,/nfs3_ib/nfs-ip34/home/def-ilafores/analysis/MethodsComparison/Feces_RA/preproc/SRR5091458/SRR5091458_unmatched_2.fastq,SRR5091458,77291cc9,336661000,31,DNA,1000,336661,True,0.8376074804092581,0.9564111119632341,0.8970092961862461,0.9564111119632341,False,3220,1462243,4144157
1298000,0.0038555104392846216,0.28311747330152237,0.0037010523939511853,0.0005632026006736713,1.8731942215088282,1.0,1.3843787647187344,/net/nfs-ip34/jbod2/def-ilafores/ref_dbs/sourmash_db/RefSeq_20250528.k31.sbt.zip,GCF_900683755.1_ASM90068375v1_genomic,8e291018769da4b390c897ca0d5c97dc,0.29493296977959554,1246000,27,271873000,/nfs3_ib/nfs-ip34/home/def-ilafores/analysis/MethodsComparison/Feces_RA/preproc/SRR5091458/SRR5091458_unmatched_2.fastq,SRR5091458,77291cc9,336661000,31,DNA,1000,336661,True,0.8358564029530919,0.961378268252757,0.8986173356029244,0.961378268252757,False,2334,1464577,4144157
3940000,0.011703167281033443,0.21432589536846053,0.003395106650309956,0.002023571983397347,7.336832895888014,3.0,33.05790830127552,/net/nfs-ip34/jbod2/def-ilafores/ref_dbs/sourmash_db/RefSeq_20250528.k31.sbt.zip,GCF_029369685.1_ASM2936968v1_genomic,616b6eb65d964b64030cd25de5f05d76,0.7387961747609225,1143000,28,270730000,/nfs3_ib/nfs-ip34/home/def-ilafores/analysis/MethodsComparison/Feces_RA/preproc/SRR5091458/SRR5091458_unmatched_2.fastq,SRR5091458,77291cc9,336661000,31,DNA,1000,336661,True,0.8663376861729133,0.9902819411430722,0.9283098136579928,0.9902819411430722,False,8386,1472963,4144157
1214000,0.003606001289130609,0.16051844466600199,0.0033475810978996676,0.0005238701139942333,1.9263531499556343,1.0,5.750574780225819,/net/nfs-ip34/jbod2/def-ilafores/ref_dbs/sourmash_db/RefSeq_20250528.k31.sbt.zip,GCF_020091405.1_ASM2009140v1_genomic,6567e1e09256d8c7a31fd1e8d0b378f2,0.17290984190286285,1127000,29,269603000,/nfs3_ib/nfs-ip34/home/def-ilafores/analysis/MethodsComparison/Feces_RA/preproc/SRR5091458/SRR5091458_unmatched_2.fastq,SRR5091458,77291cc9,336661000,31,DNA,1000,336661,True,0.8340544102834712,0.9449602477571486,0.8895073290203099,0.9449602477571486,False,2171,1475134,4144157
1167000,0.003466394978925388,0.4247119586809694,0.003175300970412373,0.0008061953251288501,3.125350795135641,2.0,2.808380315034715,/net/nfs-ip34/jbod2/def-ilafores/ref_dbs/sourmash_db/RefSeq_20250528.k31.sbt.zip,GCF_018408575.1_ASM1840857v1_genomic,be471ee2a9a4d83e479673ce2822bf12,0.4636471990464839,1069000,30,268534000,/nfs3_ib/nfs-ip34/home/def-ilafores/analysis/MethodsComparison/Feces_RA/preproc/SRR5091458/SRR5091458_unmatched_2.fastq,SRR5091458,77291cc9,336661000,31,DNA,1000,336661,True,0.8329927611334448,0.9755103001901911,0.904251530661818,0.9755103001901911,False,3341,1478475,4144157
963000,0.0028604441856942145,0.3373622467116957,0.0028188593273352127,0.0004944310748844699,2.159114857744995,2.0,1.759805782607245,/net/nfs-ip34/jbod2/def-ilafores/ref_dbs/sourmash_db/RefSeq_20250528.k31.sbt.zip,GCF_025144665.1_ASM2514466v1_genomic,b69c557c70b05f221753839e76da2c17,0.3423391397084963,949000,31,267585000,/nfs3_ib/nfs-ip34/home/def-ilafores/analysis/MethodsComparison/Feces_RA/preproc/SRR5091458/SRR5091458_unmatched_2.fastq,SRR5091458,77291cc9,336661000,31,DNA,1000,336661,True,0.8278458329008691,0.9660118847139728,0.8969288588074209,0.9660118847139728,False,2049,1480524,4144157
966000,0.0028693552267711436,0.220675944333996,0.002637668158770989,0.0004804354661273692,2.2421171171171173,1.0,3.0095465260716416,/net/nfs-ip34/jbod2/def-ilafores/ref_dbs/sourmash_db/RefSeq_20250528.k31.sbt.zip,GCF_964272205.1_LUMC_Rgna_QRD011_genomic,6e86d242a5fb72e2090f4121f3222291,0.2400596421471173,888000,32,266697000,/nfs3_ib/nfs-ip34/home/def-ilafores/analysis/MethodsComparison/Feces_RA/preproc/SRR5091458/SRR5091458_unmatched_2.fastq,SRR5091458,77291cc9,336661000,31,DNA,1000,336661,True,0.8279288999789015,0.9550152251619309,0.8914720625704162,0.9550152251619309,False,1991,1482515,4144157
1999000,0.0059377237042603686,0.22066738428417654,0.0024356845610272646,0.08384793336738931,423.7548780487805,438.5,698.57913437806,/net/nfs-ip34/jbod2/def-ilafores/ref_dbs/sourmash_db/RefSeq_20250528.k31.sbt.zip,GCF_015074785.1_ASM1507478v1_genomic,988b2ef58a54374a65546dbc194ca3be,0.5379440258342304,820000,33,265877000,/nfs3_ib/nfs-ip34/home/def-ilafores/analysis/MethodsComparison/Feces_RA/preproc/SRR5091458/SRR5091458_unmatched_2.fastq,SRR5091458,77291cc9,336661000,31,DNA,1000,336661,True,0.8475811505809422,0.9801986491042803,0.9138898998426113,0.9801986491042803,False,347479,1829994,4144157
4015000,0.011925943307956668,0.12262574076888011,0.002397070049693906,0.0010421902452054784,5.351920693928129,4.0,4.273206127816785,/net/nfs-ip34/jbod2/def-ilafores/ref_dbs/sourmash_db/RefSeq_20250528.k31.sbt.zip,GCF_009734165.1_ASM973416v1_genomic,e3fa9c4f076a3f63536cf070ae5e7e25,0.6100896520285671,807000,34,265070000,/nfs3_ib/nfs-ip34/home/def-ilafores/analysis/MethodsComparison/Feces_RA/preproc/SRR5091458/SRR5091458_unmatched_2.fastq,SRR5091458,77291cc9,336661000,31,DNA,1000,336661,True,0.8668648208041433,0.9841860722393251,0.9255254465217342,0.9841860722393251,False,4319,1834313,4144157
784000,0.0023287520681041164,0.2531163434903047,0.0021713236757450374,0.00042903779948491334,2.432284541723666,2.0,2.5580532111231604,/net/nfs-ip34/jbod2/def-ilafores/ref_dbs/sourmash_db/RefSeq_20250528.k31.sbt.zip,GCF_025150745.1_ASM2515074v1_genomic,f264b62f2a1798cf106db911e66dcf25,0.27146814404432135,731000,35,264339000,/nfs3_ib/nfs-ip34/home/def-ilafores/analysis/MethodsComparison/Feces_RA/preproc/SRR5091458/SRR5091458_unmatched_2.fastq,SRR5091458,77291cc9,336661000,31,DNA,1000,336661,True,0.8223723350551846,0.9588106888058008,0.8905915119304927,0.9588106888058008,False,1778,1836091,4144157
747000,0.0022188492281553255,0.2262135922330097,0.002076272570924461,0.0003127294646414216,1.854077253218884,1.0,1.503984160337788,/net/nfs-ip34/jbod2/def-ilafores/ref_dbs/sourmash_db/RefSeq_20250528.k31.sbt.zip,GCF_022453915.1_ASM2245391v1_genomic,54c821fbffdc1aacdf2b93cd12e19242,0.24174757281553397,699000,36,263640000,/nfs3_ib/nfs-ip34/home/def-ilafores/analysis/MethodsComparison/Feces_RA/preproc/SRR5091458/SRR5091458_unmatched_2.fastq,SRR5091458,77291cc9,336661000,31,DNA,1000,336661,True,0.8210908625082938,0.955231104341957,0.8881609834251254,0.955231104341957,False,1296,1837387,4144157
2504000,0.007437748952210087,0.12123323462811357,0.002067361529847532,0.0006968847946639087,4.149425287356322,1.0,11.534459850271336,/net/nfs-ip34/jbod2/def-ilafores/ref_dbs/sourmash_db/RefSeq_20250528.k31.sbt.zip,GCF_018292105.1_ASM1829210v1_genomic,833ce107256231b46fdcaa8f4db23439,0.43616094757010976,696000,37,262944000,/nfs3_ib/nfs-ip34/home/def-ilafores/analysis/MethodsComparison/Feces_RA/preproc/SRR5091458/SRR5091458_unmatched_2.fastq,SRR5091458,77291cc9,336661000,31,DNA,1000,336661,True,0.8537620042199286,0.9735890988385145,0.9136755515292216,0.9735890988385145,False,2888,1840275,4144157
709000,0.002105976041180891,0.10351317440401506,0.0019604290369243838,0.0002738795851605043,1.7196969696969697,1.0,2.56820416545207,/net/nfs-ip34/jbod2/def-ilafores/ref_dbs/sourmash_db/RefSeq_20250528.k31.sbt.zip,GCF_016889665.1_ASM1688966v1_genomic,93f73424a62c9a7810069426678c2739,0.11119824341279799,660000,38,262284000,/nfs3_ib/nfs-ip34/home/def-ilafores/analysis/MethodsComparison/Feces_RA/preproc/SRR5091458/SRR5091458_unmatched_2.fastq,SRR5091458,77291cc9,336661000,31,DNA,1000,336661,True,0.8197091594642584,0.9315988963910082,0.8756540279276332,0.9315988963910082,False,1135,1841410,4144157
3344000,0.009932840453750211,0.1006857855361596,0.0019188441785653817,0.0008802755301017794,5.647058823529412,2.0,29.98037359585441,/net/nfs-ip34/jbod2/def-ilafores/ref_dbs/sourmash_db/RefSeq_20250528.k31.sbt.zip,GCF_024799845.1_ASM2479984v1_genomic,1affe8cbd37c62a3073bbe0490a4ad0a,0.5211970074812967,646000,39,261638000,/nfs3_ib/nfs-ip34/home/def-ilafores/analysis/MethodsComparison/Feces_RA/preproc/SRR5091458/SRR5091458_unmatched_2.fastq,SRR5091458,77291cc9,336661000,31,DNA,1000,336661,True,0.8617662201506997,0.9791991537379658,0.9204826869443328,0.9791991537379658,False,3648,1845058,4144157
3476000,0.01032492626113509,0.11236774899671653,0.0018297337677960915,0.006379101950046776,42.91558441558441,7.0,70.62570089744852,/net/nfs-ip34/jbod2/def-ilafores/ref_dbs/sourmash_db/RefSeq_20250528.k31.sbt.zip,GCF_021359565.1_ASM2135956v1_genomic,78795f413b3261069c5b320544daa37f,0.6340751550529004,616000,40,261022000,/nfs3_ib/nfs-ip34/home/def-ilafores/analysis/MethodsComparison/Feces_RA/preproc/SRR5091458/SRR5091458_unmatched_2.fastq,SRR5091458,77291cc9,336661000,31,DNA,1000,336661,True,0.8628431137052924,0.9854110843680328,0.9241270990366626,0.9854110843680328,False,26436,1871494,4144157
1651000,0.004904042939336602,0.20652173913043478,0.0018059709915909476,0.0012320961778233789,8.398026315789474,6.0,9.314469292978199,/net/nfs-ip34/jbod2/def-ilafores/ref_dbs/sourmash_db/RefSeq_20250528.k31.sbt.zip,GCF_019967975.1_ASM1996797v1_genomic,2c2d74013e8cf3a4113eeeae8dce1511,0.5608016304347826,608000,41,260414000,/nfs3_ib/nfs-ip34/home/def-ilafores/analysis/MethodsComparison/Feces_RA/preproc/SRR5091458/SRR5091458_unmatched_2.fastq,SRR5091458,77291cc9,336661000,31,DNA,1000,336661,True,0.8423677866591979,0.9815152984527893,0.9119415425559936,0.9815152984527893,False,5106,1876600,4144157
600000,0.0017822082153858036,0.20812544547398432,0.0017346826629755154,0.0002748447995575457,1.9503424657534247,1.0,1.7728739589993503,/net/nfs-ip34/jbod2/def-ilafores/ref_dbs/sourmash_db/RefSeq_20250528.k31.sbt.zip,GCF_015097455.1_ASM1509745v1_genomic,ad2202613b9c5f4de5c0bb121ca6ed7a,0.21382751247327156,584000,42,259830000,/nfs3_ib/nfs-ip34/home/def-ilafores/analysis/MethodsComparison/Feces_RA/preproc/SRR5091458/SRR5091458_unmatched_2.fastq,SRR5091458,77291cc9,336661000,31,DNA,1000,336661,True,0.8153071294773327,0.9514569610734145,0.8833820452753736,0.9514569610734145,False,1139,1877739,4144157
671000,0.001993102854206457,0.1574825174825175,0.0016723053754370122,0.00027291437076346287,2.008880994671403,1.0,1.9132869966332924,/net/nfs-ip34/jbod2/def-ilafores/ref_dbs/sourmash_db/RefSeq_20250528.k31.sbt.zip,GCF_025147765.1_ASM2514776v1_genomic,6fb5d9fae55cc8ecb2a67f82352fb7a7,0.18769230769230769,563000,43,259267000,/nfs3_ib/nfs-ip34/home/def-ilafores/analysis/MethodsComparison/Feces_RA/preproc/SRR5091458/SRR5091458_unmatched_2.fastq,SRR5091458,77291cc9,336661000,31,DNA,1000,336661,True,0.8182538458440455,0.9474641572002984,0.882859001522172,0.9474641572002984,False,1131,1878870,4144157
671000,0.001993102854206457,0.15569547796222094,0.0016158687819497952,0.00029125344430724995,2.21875,1.0,2.2116705615425905,/net/nfs-ip34/jbod2/def-ilafores/ref_dbs/sourmash_db/RefSeq_20250528.k31.sbt.zip,GCF_014337175.1_ASM1433717v1_genomic,a712134ff5fdebda1dc08f01019daf8a,0.19204350314825416,544000,44,258723000,/nfs3_ib/nfs-ip34/home/def-ilafores/analysis/MethodsComparison/Feces_RA/preproc/SRR5091458/SRR5091458_unmatched_2.fastq,SRR5091458,77291cc9,336661000,31,DNA,1000,336661,True,0.8182538458440455,0.948164866177062,0.8832093560105537,0.948164866177062,False,1207,1880077,4144157
694000,0.002061420835796246,0.17111959287531806,0.0015980466997959372,0.00023044493729364017,1.775092936802974,1.0,1.3604792544436952,/net/nfs-ip34/jbod2/def-ilafores/ref_dbs/sourmash_db/RefSeq_20250528.k31.sbt.zip,GCF_042854315.1_ASM4285431v1_genomic,8c077732bd97ee96b603cc65c422945d,0.22073791348600508,538000,45,258185000,/nfs3_ib/nfs-ip34/home/def-ilafores/analysis/MethodsComparison/Feces_RA/preproc/SRR5091458/SRR5091458_unmatched_2.fastq,SRR5091458,77291cc9,336661000,31,DNA,1000,336661,True,0.8191439252424345,0.9524336695453052,0.8857887973938698,0.9524336695453052,False,955,1881032,4144157
528000,0.001568343229539507,0.17730020147750167,0.001568343229539507,0.00022224061491878808,1.7443181818181819,1.0,1.3015746251448423,/net/nfs-ip34/jbod2/def-ilafores/ref_dbs/sourmash_db/RefSeq_20250528.k31.sbt.zip,GCF_000723465.1_Rb803_genomic,a0c72778e7e9a92bec9989c7d509e086,0.17730020147750167,528000,46,257657000,/nfs3_ib/nfs-ip34/home/def-ilafores/analysis/MethodsComparison/Feces_RA/preproc/SRR5091458/SRR5091458_unmatched_2.fastq,SRR5091458,77291cc9,336661000,31,DNA,1000,336661,True,0.8119520048532811,0.9457248784679645,0.8788384416606227,0.9457248784679645,False,921,1881953,4144157
518000,0.001538639759283077,0.17376719221737671,0.001538639759283077,0.00043000301388195476,3.44015444015444,2.0,26.8095544538651,/net/nfs-ip34/jbod2/def-ilafores/ref_dbs/sourmash_db/RefSeq_20250528.k31.sbt.zip,GCF_951793255.1_DSM32187_genomic,a5ad7c2533187a7fdaf238ebeb236ee8,0.17376719221737671,518000,47,257139000,/nfs3_ib/nfs-ip34/home/def-ilafores/analysis/MethodsComparison/Feces_RA/preproc/SRR5091458/SRR5091458_unmatched_2.fastq,SRR5091458,77291cc9,336661000,31,DNA,1000,336661,True,0.8114513409552826,0.945111030143431,0.8782811855493569,0.945111030143431,False,1782,1883735,4144157
789000,0.0023436038032323314,0.09883487344314985,0.0014614107366163588,0.0005422091875380204,4.567073170731708,1.0,15.976150071543119,/net/nfs-ip34/jbod2/def-ilafores/ref_dbs/sourmash_db/RefSeq_20250528.k31.sbt.zip,GCF_020091545.1_ASM2009154v1_genomic,cbccf2735894b89c5383dfa9cc789cf8,0.15849738850944153,492000,48,256647000,/nfs3_ib/nfs-ip34/home/def-ilafores/analysis/MethodsComparison/Feces_RA/preproc/SRR5091458/SRR5091458_unmatched_2.fastq,SRR5091458,77291cc9,336661000,31,DNA,1000,336661,True,0.8225409997055302,0.9423110017137176,0.8824260007096238,0.9423110017137176,False,2247,1885982,4144157
578000,0.0017168605808216574,0.14506828528072838,0.0014198258782573568,0.0002555405116167172,2.215481171548117,2.0,2.0703149151691513,/net/nfs-ip34/jbod2/def-ilafores/ref_dbs/sourmash_db/RefSeq_20250528.k31.sbt.zip,GCF_000210035.1_ASM21003v1_genomic,9b031f8e8d6f8498e950d180778cd938,0.17541729893778452,478000,49,256169000,/nfs3_ib/nfs-ip34/home/def-ilafores/analysis/MethodsComparison/Feces_RA/preproc/SRR5091458/SRR5091458_unmatched_2.fastq,SRR5091458,77291cc9,336661000,31,DNA,1000,336661,True,0.8143252554104259,0.9453992193148881,0.879862237362657,0.9453992193148881,False,1059,1887041,4144157
2205000,0.0065496151915428276,0.10564784053156147,0.0014168555312317139,0.0011097552529983781,9.641509433962264,4.0,35.42860355592451,/net/nfs-ip34/jbod2/def-ilafores/ref_dbs/sourmash_db/RefSeq_20250528.k31.sbt.zip,GCF_004328515.1_ASM432851v1_genomic,a5fd52ab16a56bc3d037173d70801227,0.4883720930232558,477000,50,255692000,/nfs3_ib/nfs-ip34/home/def-ilafores/analysis/MethodsComparison/Feces_RA/preproc/SRR5091458/SRR5091458_unmatched_2.fastq,SRR5091458,77291cc9,336661000,31,DNA,1000,336661,True,0.8502670470661698,0.9771465533369547,0.9137068002015623,0.9771465533369547,False,4599,1891640,4144157
584000,0.0017346826629755154,0.12604588394062077,0.0013871520609752836,0.00020776239896316668,1.8436830835117772,1.0,1.4319607146947277,/net/nfs-ip34/jbod2/def-ilafores/ref_dbs/sourmash_db/RefSeq_20250528.k31.sbt.zip,GCF_025147905.1_ASM2514790v1_genomic,c5e7fe36cbc07f4ac5cce0f7ee4db8ee,0.15762483130904184,467000,51,255225000,/nfs3_ib/nfs-ip34/home/def-ilafores/analysis/MethodsComparison/Feces_RA/preproc/SRR5091458/SRR5091458_unmatched_2.fastq,SRR5091458,77291cc9,336661000,31,DNA,1000,336661,True,0.8145965789842836,0.9421432125606988,0.8783698957724912,0.9421432125606988,False,861,1892501,4144157
2126000,0.006314957776517031,0.0017959915083907109,0.0013218044264111375,0.0005120462376304759,4.7685393258426965,1.0,26.162893336824805,/net/nfs-ip34/jbod2/def-ilafores/ref_dbs/sourmash_db/RefSeq_20250528.k31.sbt.zip,plasmid.1.1.genomic,8051cea624a45a3e4dc84e7fef1c6e83,0.008580399880536296,445000,52,254780000,/nfs3_ib/nfs-ip34/home/def-ilafores/analysis/MethodsComparison/Feces_RA/preproc/SRR5091458/SRR5091458_unmatched_2.fastq,SRR5091458,77291cc9,336661000,31,DNA,1000,336661,True,0.8492669199889451,0.8577069960968964,0.8534869580429207,0.8577069960968964,False,2122,1894623,4144157
2668000,0.00792488586441554,0.06529822995686449,0.0013039823442572796,0.0005950546757760385,5.617312072892939,2.0,11.874410037208909,/net/nfs-ip34/jbod2/def-ilafores/ref_dbs/sourmash_db/RefSeq_20250528.k31.sbt.zip,GCF_014334015.1_ASM1433401v1_genomic,32a90d9faa0865b9d4716569d60e47de,0.3968466458426298,439000,53,254341000,/nfs3_ib/nfs-ip34/home/def-ilafores/analysis/MethodsComparison/Feces_RA/preproc/SRR5091458/SRR5091458_unmatched_2.fastq,SRR5091458,77291cc9,336661000,31,DNA,1000,336661,True,0.8555109668588458,0.9706269500821801,0.913068958470513,0.9706269500821801,False,2466,1897089,4144157
465000,0.0013812113669239977,0.1345679012345679,0.0012950713031803505,0.0001674646978866872,1.591743119266055,1.0,1.04851388412598,/net/nfs-ip34/jbod2/def-ilafores/ref_dbs/sourmash_db/RefSeq_20250528.k31.sbt.zip,GCF_041085325.1_ASM4108532v1_genomic,5e83b012f9b56827c1d4b59cdc28942e,0.14351851851851852,436000,54,253905000,/nfs3_ib/nfs-ip34/home/def-ilafores/analysis/MethodsComparison/Feces_RA/preproc/SRR5091458/SRR5091458_unmatched_2.fastq,SRR5091458,77291cc9,336661000,31,DNA,1000,336661,True,0.8086308894308823,0.9392981825542082,0.8739645359925452,0.9392981825542082,False,694,1897783,4144157
426000,0.0012653678329239205,0.12917933130699089,0.0012623974858982775,0.00015298648193106583,1.4917647058823529,1.0,0.8598511177155487,/net/nfs-ip34/jbod2/def-ilafores/ref_dbs/sourmash_db/RefSeq_20250528.k31.sbt.zip,GCF_021378685.1_ASM2137868v1_genomic,c83ab87d48343a7fd9339d450bece59c,0.12948328267477205,425000,55,253480000,/nfs3_ib/nfs-ip34/home/def-ilafores/analysis/MethodsComparison/Feces_RA/preproc/SRR5091458/SRR5091458_unmatched_2.fastq,SRR5091458,77291cc9,336661000,31,DNA,1000,336661,True,0.806349131019673,0.9361851162328688,0.8712671236262709,0.9361851162328688,False,634,1898417,4144157
854000,0.002536676359899127,0.07689379520365436,0.0012000201983597743,0.00029776864148727954,3.0544554455445545,1.5,5.853153922636438,/net/nfs-ip34/jbod2/def-ilafores/ref_dbs/sourmash_db/RefSeq_20250528.k31.sbt.zip,GCF_008369705.1_ASM836970v1_genomic,cebee0e6a30fafd04517fafb6687ddb3,0.1625428245146555,404000,56,253076000,/nfs3_ib/nfs-ip34/home/def-ilafores/analysis/MethodsComparison/Feces_RA/preproc/SRR5091458/SRR5091458_unmatched_2.fastq,SRR5091458,77291cc9,336661000,31,DNA,1000,336661,True,0.8246442115942414,0.9430774237931219,0.8838608176936816,0.9430774237931219,False,1234,1899651,4144157
2001000,0.005943664398311655,0.06255850234009361,0.0011911091572828453,0.0004249356382974873,4.3915211970074814,2.0,6.8093985167395745,/net/nfs-ip34/jbod2/def-ilafores/ref_dbs/sourmash_db/RefSeq_20250528.k31.sbt.zip,GCF_024758345.1_ASM2475834v1_genomic,183a75b530ce328e418f91cd67bce618,0.31216848673946956,401000,57,252675000,/nfs3_ib/nfs-ip34/home/def-ilafores/analysis/MethodsComparison/Feces_RA/preproc/SRR5091458/SRR5091458_unmatched_2.fastq,SRR5091458,77291cc9,336661000,31,DNA,1000,336661,True,0.8476084923516527,0.9631412193109911,0.9053748558313219,0.9631412193109911,False,1761,1901412,4144157
591000,0.0017554750921550165,0.13315579227696406,0.0011881388102572023,0.0002577122440100604,2.67,1.0,4.18880651259998,/net/nfs-ip34/jbod2/def-ilafores/ref_dbs/sourmash_db/RefSeq_20250528.k31.sbt.zip,GCF_023347355.1_ASM2334735v1_genomic,0b1b8956f9826b69686f1f8520bdfb5e,0.19673768308921438,400000,58,252275000,/nfs3_ib/nfs-ip34/home/def-ilafores/analysis/MethodsComparison/Feces_RA/preproc/SRR5091458/SRR5091458_unmatched_2.fastq,SRR5091458,77291cc9,336661000,31,DNA,1000,336661,True,0.8149097342073081,0.9489037853409794,0.8819067597741437,0.9489037853409794,False,1068,1902480,4144157
677000,0.002010924936360315,0.09378806333739342,0.0011435836048725573,0.014945862330987943,160.87792207792208,1.0,306.8189078916716,/net/nfs-ip34/jbod2/def-ilafores/ref_dbs/sourmash_db/RefSeq_20250528.k31.sbt.zip,GCF_019249655.2_ASM1924965v2_genomic,3f5e042dde22a559937bb52d73a1aae8,0.16492082825822169,385000,59,251890000,/nfs3_ib/nfs-ip34/home/def-ilafores/analysis/MethodsComparison/Feces_RA/preproc/SRR5091458/SRR5091458_unmatched_2.fastq,SRR5091458,77291cc9,336661000,31,DNA,1000,336661,True,0.8184888540039438,0.9435193751359464,0.8810041145699451,0.9435193751359464,False,61938,1964418,4144157
415000,0.0012326940156418475,0.10806742925948223,0.0010663545822058391,0.00014816040994585872,1.7103064066852367,1.0,1.896978881135548,/net/nfs-ip34/jbod2/def-ilafores/ref_dbs/sourmash_db/RefSeq_20250528.k31.sbt.zip,GCF_018408705.1_ASM1840870v1_genomic,ac6ff4cab85d8673ba368b5f66dcfee5,0.12492474413004215,359000,60,251531000,/nfs3_ib/nfs-ip34/home/def-ilafores/analysis/MethodsComparison/Feces_RA/preproc/SRR5091458/SRR5091458_unmatched_2.fastq,SRR5091458,77291cc9,336661000,31,DNA,1000,336661,True,0.8056689419571637,0.9351033826495355,0.8703861623033495,0.9351033826495355,False,614,1965032,4144157
3806000,0.01130514077959728,0.07267441860465117,0.001039621458975052,0.0009652143970414248,11.428571428571429,2.0,33.09517505989201,/net/nfs-ip34/jbod2/def-ilafores/ref_dbs/sourmash_db/RefSeq_20250528.k31.sbt.zip,GCF_020885775.1_ASM2088577v1_genomic,3e8e6512d8fba7f340a66394caebf5dc,0.790282392026578,350000,61,251181000,/nfs3_ib/nfs-ip34/home/def-ilafores/analysis/MethodsComparison/Feces_RA/preproc/SRR5091458/SRR5091458_unmatched_2.fastq,SRR5091458,77291cc9,336661000,31,DNA,1000,336661,True,0.8653712263879539,0.9924363322038953,0.9289037792959246,0.9924363322038953,False,4000,1969032,4144157
351000,0.001042591806000695,0.1419828641370869,0.001033680764923766,0.00015612342872145047,1.8591954022988506,1.0,1.4798459988149937,/net/nfs-ip34/jbod2/def-ilafores/ref_dbs/sourmash_db/RefSeq_20250528.k31.sbt.zip,GCF_010669225.1_ASM1066922v1_genomic,274d37fe38c89456352e287313491fb8,0.14320685434516525,348000,62,250833000,/nfs3_ib/nfs-ip34/home/def-ilafores/analysis/MethodsComparison/Feces_RA/preproc/SRR5091458/SRR5091458_unmatched_2.fastq,SRR5091458,77291cc9,336661000,31,DNA,1000,336661,True,0.8013276693998692,0.9392323140983322,0.8702799917491006,0.9392323140983322,False,647,1969679,4144157
352000,0.001045562153026338,0.05345247766043867,0.000977244171436549,0.0001421278199643498,1.790273556231003,1.0,1.768114132272421,/net/nfs-ip34/jbod2/def-ilafores/ref_dbs/sourmash_db/RefSeq_20250528.k31.sbt.zip,GCF_025149125.1_ASM2514912v1_genomic,ee57b146d808065c374f21482d0a5cda,0.05718927701056052,329000,63,250504000,/nfs3_ib/nfs-ip34/home/def-ilafores/analysis/MethodsComparison/Feces_RA/preproc/SRR5091458/SRR5091458_unmatched_2.fastq,SRR5091458,77291cc9,336661000,31,DNA,1000,336661,True,0.8014012127377309,0.9118289452347141,0.8566150789862226,0.9118289452347141,False,589,1970268,4144157
363000,0.0010782359703084112,0.11735241502683363,0.000974273824410906,0.00012813221120724916,1.6189024390243902,1.0,1.582452177135499,/net/nfs-ip34/jbod2/def-ilafores/ref_dbs/sourmash_db/RefSeq_20250528.k31.sbt.zip,GCF_000146185.1_ASM14618v1_genomic,5229119e2aa175d63f96a9ce9dfd479c,0.1298747763864043,328000,64,250176000,/nfs3_ib/nfs-ip34/home/def-ilafores/analysis/MethodsComparison/Feces_RA/preproc/SRR5091458/SRR5091458_unmatched_2.fastq,SRR5091458,77291cc9,336661000,31,DNA,1000,336661,True,0.8021971058997943,0.9362762913971029,0.8692366986484485,0.9362762913971029,False,531,1970799,4144157
1458000,0.004330765963387503,0.08367556468172485,0.00096833313035962,0.0001978689513934921,2.5153374233128836,1.0,9.598604083212736,/net/nfs-ip34/jbod2/def-ilafores/ref_dbs/sourmash_db/RefSeq_20250528.k31.sbt.zip,GCF_025147325.1_ASM2514732v1_genomic,0878062848e44bf823b15b8a5d1eba75,0.3742299794661191,326000,65,249850000,/nfs3_ib/nfs-ip34/home/def-ilafores/analysis/MethodsComparison/Feces_RA/preproc/SRR5091458/SRR5091458_unmatched_2.fastq,SRR5091458,77291cc9,336661000,31,DNA,1000,336661,True,0.838996505767329,0.9687914038709574,0.9038939548191431,0.9687914038709574,False,820,1971619,4144157
402000,0.0011940795043084884,0.09473998804542738,0.0009416000071288329,0.00016842991228372865,2.2018927444794953,1.0,2.5903721669404303,/net/nfs-ip34/jbod2/def-ilafores/ref_dbs/sourmash_db/RefSeq_20250528.k31.sbt.zip,GCF_045061065.1_ASM4506106v1_genomic,af810c6e00a2b94057226e642af6e200,0.12014345487148835,317000,66,249533000,/nfs3_ib/nfs-ip34/home/def-ilafores/analysis/MethodsComparison/Feces_RA/preproc/SRR5091458/SRR5091458_unmatched_2.fastq,SRR5091458,77291cc9,336661000,31,DNA,1000,336661,True,0.8048422190729025,0.9339269481013895,0.8693845835871461,0.9339269481013895,False,698,1972317,4144157
3762000,0.011174445510468988,0.06012898330804249,0.0009416000071288329,0.0003301033237881673,4.315457413249211,3.0,7.864076823508356,/net/nfs-ip34/jbod2/def-ilafores/ref_dbs/sourmash_db/RefSeq_20250528.k31.sbt.zip,GCF_018279895.1_ASM1827989v1_genomic,eef05f88d650d6818de3c980b9d8b8f4,0.7135811836115327,317000,67,249216000,/nfs3_ib/nfs-ip34/home/def-ilafores/analysis/MethodsComparison/Feces_RA/preproc/SRR5091458/SRR5091458_unmatched_2.fastq,SRR5091458,77291cc9,336661000,31,DNA,1000,336661,True,0.8650466882424244,0.9891732593197498,0.9271099737810871,0.9891732593197498,False,1368,1973685,4144157
313000,0.0009297186190262609,0.09528158295281583,0.0009297186190262609,0.00010738010167085852,1.4217252396166133,1.0,0.7798014582463215,/net/nfs-ip34/jbod2/def-ilafores/ref_dbs/sourmash_db/RefSeq_20250528.k31.sbt.zip,GCF_031344955.1_ASM3134495v1_genomic,8878fc3109be09de83a27bdcd0632cd1,0.09528158295281583,313000,68,248903000,/nfs3_ib/nfs-ip34/home/def-ilafores/analysis/MethodsComparison/Feces_RA/preproc/SRR5091458/SRR5091458_unmatched_2.fastq,SRR5091458,77291cc9,336661000,31,DNA,1000,336661,True,0.7983712477062613,0.9269681349384181,0.8626696913223397,0.9269681349384181,False,445,1974130,4144157
3436000,0.010206112380109367,0.060104026199190905,0.0009267482720006178,0.0006471762532162754,8.596153846153847,7.0,7.559404777607558,/net/nfs-ip34/jbod2/def-ilafores/ref_dbs/sourmash_db/RefSeq_20250528.k31.sbt.zip,GCF_018289175.1_ASM1828917v1_genomic,c011021d83e072fd7dafbdfb08120209,0.6619148526295512,312000,69,248591000,/nfs3_ib/nfs-ip34/home/def-ilafores/analysis/MethodsComparison/Feces_RA/preproc/SRR5091458/SRR5091458_unmatched_2.fastq,SRR5091458,77291cc9,336661000,31,DNA,1000,336661,True,0.8625210215278216,0.9867779204828,0.9246494710053108,0.9867779204828,False,2682,1976812,4144157
572000,0.0016990384986677993,0.045970237218211286,0.0009267482720006178,0.00018773420022455712,2.4935897435897436,2.0,4.133969339310144,/net/nfs-ip34/jbod2/def-ilafores/ref_dbs/sourmash_db/RefSeq_20250528.k31.sbt.zip,GCF_012113595.1_ASM1211359v1_genomic,6a82102a8a9caa7158b1d7ae1e0d3d95,0.08427876823338736,312000,70,248279000,/nfs3_ib/nfs-ip34/home/def-ilafores/analysis/MethodsComparison/Feces_RA/preproc/SRR5091458/SRR5091458_unmatched_2.fastq,SRR5091458,77291cc9,336661000,31,DNA,1000,336661,True,0.8140511923740014,0.9233061912233897,0.8686786917986955,0.9233061912233897,False,778,1977590,4144157
364000,0.0010812063173340541,0.060649377169695734,0.0008821930666159727,8.059540215295897e-05,1.1245791245791246,1.0,0.3952179315722791,/net/nfs-ip34/jbod2/def-ilafores/ref_dbs/sourmash_db/RefSeq_20250528.k31.sbt.zip,GCF_013781945.1_ASM1378194v1_genomic,e948adacb2bfffa7d69565d56855cd80,0.07433122319787624,297000,71,247982000,/nfs3_ib/nfs-ip34/home/def-ilafores/analysis/MethodsComparison/Feces_RA/preproc/SRR5091458/SRR5091458_unmatched_2.fastq,SRR5091458,77291cc9,336661000,31,DNA,1000,336661,True,0.8022682984460605,0.9195729132789665,0.8609206058625135,0.9195729132789665,False,334,1977924,4144157
1751000,0.005201077641900903,0.07291666666666667,0.0008732820255390437,0.033642065201680345,474.2108843537415,380.0,1052.7686415688142,/net/nfs-ip34/jbod2/def-ilafores/ref_dbs/sourmash_db/RefSeq_20250528.k31.sbt.zip,GCF_032450655.1_ASM3245065v1_genomic,238dff01323d07dfd5222980fc0a672b,0.43427579365079366,294000,72,247688000,/nfs3_ib/nfs-ip34/home/def-ilafores/analysis/MethodsComparison/Feces_RA/preproc/SRR5091458/SRR5091458_unmatched_2.fastq,SRR5091458,77291cc9,336661000,31,DNA,1000,336661,True,0.8439672447215413,0.9734530722070313,0.9087101584642863,0.9734530722070313,False,139418,2117342,4144157
3383000,0.010048683987750289,0.06059970643740826,0.0008584302904108287,0.0004941897712852095,7.086505190311419,6.0,5.572062470382802,/net/nfs-ip34/jbod2/def-ilafores/ref_dbs/sourmash_db/RefSeq_20250528.k31.sbt.zip,GCF_018289315.1_ASM1828931v1_genomic,b8882c82de7b01fc8d6d7c5d0f9c6851,0.7093730341790732,289000,73,247399000,/nfs3_ib/nfs-ip34/home/def-ilafores/analysis/MethodsComparison/Feces_RA/preproc/SRR5091458/SRR5091458_unmatched_2.fastq,SRR5091458,77291cc9,336661000,31,DNA,1000,336661,True,0.8620886142150934,0.988984546792336,0.9255365805037148,0.988984546792336,False,2048,2119390,4144157
848000,0.002518854277745269,0.06428410878849179,0.0008495192493338996,0.00013513001558579949,1.9580419580419581,1.0,3.9487523494289487,/net/nfs-ip34/jbod2/def-ilafores/ref_dbs/sourmash_db/RefSeq_20250528.k31.sbt.zip,GCF_963360665.1_BFTSDC17_v2_genomic,f0ce3f7b0d131daf996251931d5e8c91,0.19060463025398966,286000,74,247113000,/nfs3_ib/nfs-ip34/home/def-ilafores/analysis/MethodsComparison/Feces_RA/preproc/SRR5091458/SRR5091458_unmatched_2.fastq,SRR5091458,77291cc9,336661000,31,DNA,1000,336661,True,0.8244566780230401,0.9479348680176353,0.8861957730203377,0.9479348680176353,False,560,2119950,4144157
3232000,0.009600161586878195,0.043390671005733766,0.0008316971671800417,0.0003368598245674573,4.985714285714286,1.5,14.643128917338531,/net/nfs-ip34/jbod2/def-ilafores/ref_dbs/sourmash_db/RefSeq_20250528.k31.sbt.zip,GCF_001314975.1_ASM131497v1_genomic,685529102892bda2558b335a7361de94,0.5008523167518983,280000,75,246833000,/nfs3_ib/nfs-ip34/home/def-ilafores/analysis/MethodsComparison/Feces_RA/preproc/SRR5091458/SRR5091458_unmatched_2.fastq,SRR5091458,77291cc9,336661000,31,DNA,1000,336661,True,0.8608197272110103,0.9779422643407939,0.919380995775902,0.9779422643407939,False,1396,2121346,4144157
578000,0.0017168605808216574,0.09408142319534725,0.0008168454320518266,0.00020076459458461636,3.0254545454545454,1.0,3.8218614304273815,/net/nfs-ip34/jbod2/def-ilafores/ref_dbs/sourmash_db/RefSeq_20250528.k31.sbt.zip,GCF_019967955.1_ASM1996795v1_genomic,815b92b0272af68e89d6f30eed8923eb,0.19774204584331168,275000,76,246558000,/nfs3_ib/nfs-ip34/home/def-ilafores/analysis/MethodsComparison/Feces_RA/preproc/SRR5091458/SRR5091458_unmatched_2.fastq,SRR5091458,77291cc9,336661000,31,DNA,1000,336661,True,0.8143252554104259,0.949059666273986,0.8816924608422059,0.949059666273986,False,832,2122178,4144157
402000,0.0011940795043084884,0.06628881222276983,0.0007990233498979686,0.00014236912356361015,2.193308550185874,1.0,2.3487305401322525,/net/nfs-ip34/jbod2/def-ilafores/ref_dbs/sourmash_db/RefSeq_20250528.k31.sbt.zip,GCF_000210655.1_ASM21065v1_genomic,586860c088f340576435f05f9fd3cc1d,0.09906357811729916,269000,77,246289000,/nfs3_ib/nfs-ip34/home/def-ilafores/analysis/MethodsComparison/Feces_RA/preproc/SRR5091458/SRR5091458_unmatched_2.fastq,SRR5091458,77291cc9,336661000,31,DNA,1000,336661,True,0.8048422190729025,0.9281328182871718,0.8664875186800371,0.9281328182871718,False,590,2122768,4144157
384000,0.0011406132578469143,0.08201304753028892,0.0007841716147697535,0.00014188651636508944,2.227272727272727,1.0,5.880232562256861,/net/nfs-ip34/jbod2/def-ilafores/ref_dbs/sourmash_db/RefSeq_20250528.k31.sbt.zip,GCF_006542725.1_Aond_3.0_genomic,7fbb97287421b4f5df527beb1443bd37,0.11929170549860205,264000,78,246025000,/nfs3_ib/nfs-ip34/home/def-ilafores/analysis/MethodsComparison/Feces_RA/preproc/SRR5091458/SRR5091458_unmatched_2.fastq,SRR5091458,77291cc9,336661000,31,DNA,1000,336661,True,0.8036537603452129,0.9337126308642519,0.8686831956047324,0.9337126308642519,False,588,2123356,4144157
1349000,0.004006998137592415,0.058718463942844384,0.0007812012677441106,0.00015177996393476407,2.3916349809885933,2.0,2.156131584687576,/net/nfs-ip34/jbod2/def-ilafores/ref_dbs/sourmash_db/RefSeq_20250528.k31.sbt.zip,GCF_025148125.1_ASM2514812v1_genomic,20e22b7a195404638366fe78b372a400,0.3011832998437151,263000,79,245762000,/nfs3_ib/nfs-ip34/home/def-ilafores/analysis/MethodsComparison/Feces_RA/preproc/SRR5091458/SRR5091458_unmatched_2.fastq,SRR5091458,77291cc9,336661000,31,DNA,1000,336661,True,0.8368961793206469,0.9620288432966817,0.8994625113086643,0.9620288432966817,False,629,2123985,4144157
1613000,0.004791169752362169,0.062172463077656025,0.0007752605736928245,0.000144299552357693,2.2911877394636013,1.0,2.817480826222816,/net/nfs-ip34/jbod2/def-ilafores/ref_dbs/sourmash_db/RefSeq_20250528.k31.sbt.zip,GCF_020181555.1_ASM2018155v1_genomic,8469ab5e4b1c2b2c7b791e98ae874535,0.38423058599333015,261000,80,245501000,/nfs3_ib/nfs-ip34/home/def-ilafores/analysis/MethodsComparison/Feces_RA/preproc/SRR5091458/SRR5091458_unmatched_2.fastq,SRR5091458,77291cc9,336661000,31,DNA,1000,336661,True,0.8417352873967472,0.9696159250733921,0.9056756062350697,0.9696159250733921,False,598,2124583,4144157
2776000,0.008245683343184984,0.06221364842054497,0.0007663495326158956,0.0006148415709153876,9.875968992248062,6.0,17.12743288979371,/net/nfs-ip34/jbod2/def-ilafores/ref_dbs/sourmash_db/RefSeq_20250528.k31.sbt.zip,GCF_025146565.1_ASM2514656v1_genomic,9216287e15b5df82656d9407b3ab0a7c,0.6693995659512901,258000,81,245243000,/nfs3_ib/nfs-ip34/home/def-ilafores/analysis/MethodsComparison/Feces_RA/preproc/SRR5091458/SRR5091458_unmatched_2.fastq,SRR5091458,77291cc9,336661000,31,DNA,1000,336661,True,0.856606774935022,0.9871359061190036,0.9218713405270128,0.9871359061190036,False,2548,2127131,4144157
4127000,0.012258622174828685,0.03419164204305614,0.0007217943272312504,0.0004073204755514813,6.946502057613169,4.0,10.877224388516765,/net/nfs-ip34/jbod2/def-ilafores/ref_dbs/sourmash_db/RefSeq_20250528.k31.sbt.zip,GCF_007012325.1_ASM701232v1_genomic,a7b4985e87bb40499949cd88a98ca789,0.5806950893485296,243000,82,245000000,/nfs3_ib/nfs-ip34/home/def-ilafores/analysis/MethodsComparison/Feces_RA/preproc/SRR5091458/SRR5091458_unmatched_2.fastq,SRR5091458,77291cc9,336661000,31,DNA,1000,336661,True,0.8676345301131303,0.9826196038136289,0.9251270669633795,0.9826196038136289,False,1688,2128819,4144157
1250000,0.0037129337820537575,0.03616071428571429,0.0007217943272312504,0.00012113440682869882,2.065843621399177,1.0,2.124660710805271,/net/nfs-ip34/jbod2/def-ilafores/ref_dbs/sourmash_db/RefSeq_20250528.k31.sbt.zip,GCF_017873595.1_ASM1787359v1_genomic,8314f9f37434b00a96c923f258f58e3d,0.18601190476190477,243000,83,244757000,/nfs3_ib/nfs-ip34/home/def-ilafores/analysis/MethodsComparison/Feces_RA/preproc/SRR5091458/SRR5091458_unmatched_2.fastq,SRR5091458,77291cc9,336661000,31,DNA,1000,336661,True,0.8348410214405076,0.9471893320582387,0.8910151767493732,0.9471893320582387,False,502,2129321,4144157
412000,0.0012237829745649184,0.06121932709334683,0.0007188239802056074,0.00012764960400872845,2.1859504132231407,1.0,2.730779738648328,/net/nfs-ip34/jbod2/def-ilafores/ref_dbs/sourmash_db/RefSeq_20250528.k31.sbt.zip,GCF_036419255.1_ASM3641925v1_genomic,cc90865ac4b45b3dd14605490161db88,0.10422463951429294,242000,84,244515000,/nfs3_ib/nfs-ip34/home/def-ilafores/analysis/MethodsComparison/Feces_RA/preproc/SRR5091458/SRR5091458_unmatched_2.fastq,SRR5091458,77291cc9,336661000,31,DNA,1000,336661,True,0.8054804070573437,0.9296546070716489,0.8675675070644964,0.9296546070716489,False,529,2129850,4144157
545000,0.0016188391289754381,0.08186929023190442,0.0006920908569748203,0.00015732994671775226,2.7982832618025753,1.0,4.139996119353326,/net/nfs-ip34/jbod2/def-ilafores/ref_dbs/sourmash_db/RefSeq_20250528.k31.sbt.zip,GCF_019968055.1_ASM1996805v1_genomic,68b64f4d4c3889600ebe30d1a4137e53,0.19149683766690093,233000,85,244282000,/nfs3_ib/nfs-ip34/home/def-ilafores/analysis/MethodsComparison/Feces_RA/preproc/SRR5091458/SRR5091458_unmatched_2.fastq,SRR5091458,77291cc9,336661000,31,DNA,1000,336661,True,0.8127824409103398,0.9480776809127192,0.8804300609115294,0.9480776809127192,False,652,2130502,4144157
1566000,0.004651563442156947,0.07870210562651019,0.0006772391218466053,0.00017566902026153931,3.192982456140351,2.0,2.3910549421822824,/net/nfs-ip34/jbod2/def-ilafores/ref_dbs/sourmash_db/RefSeq_20250528.k31.sbt.zip,GCF_036419515.1_ASM3641951v1_genomic,6a297f754ff6c4bf21b2d1fd8119290f,0.5405591991715568,228000,86,244054000,/nfs3_ib/nfs-ip34/home/def-ilafores/analysis/MethodsComparison/Feces_RA/preproc/SRR5091458/SRR5091458_unmatched_2.fastq,SRR5091458,77291cc9,336661000,31,DNA,1000,336661,True,0.8409327307616707,0.9803520035092922,0.9106423671354815,0.9803520035092922,False,728,2131230,4144157
1523000,0.004523838520054298,0.04473684210526316,0.0006564466926671043,9.603883250562178e-05,1.8009049773755657,1.0,1.2820370862491506,/net/nfs-ip34/jbod2/def-ilafores/ref_dbs/sourmash_db/RefSeq_20250528.k31.sbt.zip,GCF_015571855.1_ASM1557185v1_genomic,8d17c49007dfb2dd1bb54049dba7e33b,0.3082995951417004,221000,87,243833000,/nfs3_ib/nfs-ip34/home/def-ilafores/analysis/MethodsComparison/Feces_RA/preproc/SRR5091458/SRR5091458_unmatched_2.fastq,SRR5091458,77291cc9,336661000,31,DNA,1000,336661,True,0.8401777895313081,0.9627538335419149,0.9014658115366114,0.9627538335419149,False,398,2131628,4144157
1667000,0.0049515684917468905,0.06371681415929203,0.0006415949575388893,0.02063411207635232,395.88425925925924,452.5,374.42319903346174,/net/nfs-ip34/jbod2/def-ilafores/ref_dbs/sourmash_db/RefSeq_20250528.k31.sbt.zip,GCF_020735445.1_ASM2073544v1_genomic,914c0a88ebdaaccdb90ec78fe93e1fa1,0.491740412979351,216000,88,243617000,/nfs3_ib/nfs-ip34/home/def-ilafores/analysis/MethodsComparison/Feces_RA/preproc/SRR5091458/SRR5091458_unmatched_2.fastq,SRR5091458,77291cc9,336661000,31,DNA,1000,336661,True,0.8426298972553471,0.9773632315627162,0.9099965644090316,0.9773632315627162,False,85511,2217139,4144157
3914000,0.011625938258366724,0.04110127826941986,0.0006208025283593882,0.00027098394196938,5.373205741626794,3.0,10.876622125548751,/net/nfs-ip34/jbod2/def-ilafores/ref_dbs/sourmash_db/RefSeq_20250528.k31.sbt.zip,GCF_016766935.1_ASM1676693v1_genomic,c60a8486f807da7d37d77690059a2520,0.7697148475909538,209000,89,243408000,/nfs3_ib/nfs-ip34/home/def-ilafores/analysis/MethodsComparison/Feces_RA/preproc/SRR5091458/SRR5091458_unmatched_2.fastq,SRR5091458,77291cc9,336661000,31,DNA,1000,336661,True,0.8661526770392088,0.9915924729185983,0.9288725749789035,0.9915924729185983,False,1123,2218262,4144157
1556000,0.004621859971900517,0.07018739352640545,0.0006118914872824592,0.0003477184865341733,6.995145631067961,5.5,5.736527122344453,/net/nfs-ip34/jbod2/def-ilafores/ref_dbs/sourmash_db/RefSeq_20250528.k31.sbt.zip,GCF_040058985.1_ASM4005898v1_genomic,9217c1f8c150568f8c71781398566ec7,0.53015332197615,206000,90,243202000,/nfs3_ib/nfs-ip34/home/def-ilafores/analysis/MethodsComparison/Feces_RA/preproc/SRR5091458/SRR5091458_unmatched_2.fastq,SRR5091458,77291cc9,336661000,31,DNA,1000,336661,True,0.8407589693757312,0.9797374868219587,0.910248228098845,0.9797374868219587,False,1441,2219703,4144157
296000,0.0008792227195903297,0.06590538336052203,0.0006000100991798872,7.60106337670122e-05,1.5594059405940595,1.0,1.1810951636965092,/net/nfs-ip34/jbod2/def-ilafores/ref_dbs/sourmash_db/RefSeq_20250528.k31.sbt.zip,GCF_042845805.1_ASM4284580v1_genomic,f48a62df3908b7dc6f03cbd76e940509,0.0965742251223491,202000,91,243000000,/nfs3_ib/nfs-ip34/home/def-ilafores/analysis/MethodsComparison/Feces_RA/preproc/SRR5091458/SRR5091458_unmatched_2.fastq,SRR5091458,77291cc9,336661000,31,DNA,1000,336661,True,0.7969343476939684,0.9273711650011734,0.8621527563475709,0.9273711650011734,False,315,2220018,4144157
456000,0.0013544782436932107,0.04953482524515967,0.0005851583640516722,0.0011046878774139107,23.238578680203045,1.0,69.7668265387605,/net/nfs-ip34/jbod2/def-ilafores/ref_dbs/sourmash_db/RefSeq_20250528.k31.sbt.zip,GCF_016888945.1_ASM1688894v1_genomic,6371c60d4254945f85db4e1518aa1225,0.11465929092280613,197000,92,242803000,/nfs3_ib/nfs-ip34/home/def-ilafores/analysis/MethodsComparison/Feces_RA/preproc/SRR5091458/SRR5091458_unmatched_2.fastq,SRR5091458,77291cc9,336661000,31,DNA,1000,336661,True,0.8081212319128971,0.932520446510815,0.870320839211856,0.932520446510815,False,4578,2224596,4144157
2054000,0.006101092790670734,0.056664709336465065,0.0005732769759491001,0.0001553995179236694,3.3367875647668392,2.0,2.89282550825184,/net/nfs-ip34/jbod2/def-ilafores/ref_dbs/sourmash_db/RefSeq_20250528.k31.sbt.zip,GCF_003574015.1_ASM357401v1_genomic,1874b1c1106f4973cf5b5c4b574ac6f1,0.6030534351145038,193000,93,242610000,/nfs3_ib/nfs-ip34/home/def-ilafores/analysis/MethodsComparison/Feces_RA/preproc/SRR5091458/SRR5091458_unmatched_2.fastq,SRR5091458,77291cc9,336661000,31,DNA,1000,336661,True,0.8483235753887202,0.983817861606949,0.9160707184978345,0.983817861606949,False,644,2225240,4144157
1388000,0.004122841671592492,0.08178277801817395,0.0005613955878465281,0.00010810401246863959,2.3703703703703702,2.0,1.9654072831735703,/net/nfs-ip34/jbod2/def-ilafores/ref_dbs/sourmash_db/RefSeq_20250528.k31.sbt.zip,GCF_000219455.1_ASM21945v1_genomic,74d8a99f3f24c56621d02f86936252a8,0.6006057983556902,189000,94,242421000,/nfs3_ib/nfs-ip34/home/def-ilafores/analysis/MethodsComparison/Feces_RA/preproc/SRR5091458/SRR5091458_unmatched_2.fastq,SRR5091458,77291cc9,336661000,31,DNA,1000,336661,True,0.8376659453562241,0.9836887995653987,0.9106773724608114,0.9836887995653987,False,448,2225688,4144157
1651000,0.004904042939336602,0.08184588593818024,0.0005584252408208851,0.0006824065787082873,15.042553191489361,15.0,8.310356130342917,/net/nfs-ip34/jbod2/def-ilafores/ref_dbs/sourmash_db/RefSeq_20250528.k31.sbt.zip,GCF_014489955.1_ASM1448995v1_genomic,579fa51da431e95a9307700dadd79bea,0.7187636047017849,188000,95,242233000,/nfs3_ib/nfs-ip34/home/def-ilafores/analysis/MethodsComparison/Feces_RA/preproc/SRR5091458/SRR5091458_unmatched_2.fastq,SRR5091458,77291cc9,336661000,31,DNA,1000,336661,True,0.8423677866591979,0.9894041882691365,0.9158859874641672,0.9894041882691365,False,2828,2228516,4144157
393000,0.0011673463810777014,0.04845332603339721,0.0005257514235388121,0.0002198275789261845,5.146892655367232,1.0,12.260399895543646,/net/nfs-ip34/jbod2/def-ilafores/ref_dbs/sourmash_db/RefSeq_20250528.k31.sbt.zip,GCF_025145845.1_ASM2514584v1_genomic,00191848f4049b7a1cb875559983f7c7,0.10758280865042431,177000,96,242056000,/nfs3_ib/nfs-ip34/home/def-ilafores/analysis/MethodsComparison/Feces_RA/preproc/SRR5091458/SRR5091458_unmatched_2.fastq,SRR5091458,77291cc9,336661000,31,DNA,1000,336661,True,0.8042545749579477,0.9306061093127884,0.8674303421353681,0.9306061093127884,False,911,2229427,4144157
1318000,0.003914917379797482,0.04310555963752143,0.000522781076513169,0.013360256380248143,314.58522727272725,2.5,372.91717580320596,/net/nfs-ip34/jbod2/def-ilafores/ref_dbs/sourmash_db/RefSeq_20250528.k31.sbt.zip,GCF_032452555.1_ASM3245255v1_genomic,1ad811d7d51280706b0cbe0a9464310c,0.3228018613764389,176000,97,241880000,/nfs3_ib/nfs-ip34/home/def-ilafores/analysis/MethodsComparison/Feces_RA/preproc/SRR5091458/SRR5091458_unmatched_2.fastq,SRR5091458,77291cc9,336661000,31,DNA,1000,336661,True,0.8362687926496035,0.9641824601507484,0.900225626400176,0.9641824601507484,False,55367,2284794,4144157
174000,0.000516840382461883,0.08178792201616739,0.000510899688410597,6.925413298772223e-05,1.6686046511627908,1.0,1.1260924027419998,/net/nfs-ip34/jbod2/def-ilafores/ref_dbs/sourmash_db/RefSeq_20250528.k31.sbt.zip,GCF_900637515.1_51184_A01_genomic,f9bf15287cd9221ded6fd4c037b0f1df,0.08273894436519258,172000,98,241708000,/nfs3_ib/nfs-ip34/home/def-ilafores/analysis/MethodsComparison/Feces_RA/preproc/SRR5091458/SRR5091458_unmatched_2.fastq,SRR5091458,77291cc9,336661000,31,DNA,1000,336661,True,0.7833921943714984,0.9227571490406032,0.8530746717060509,0.9227571490406032,False,287,2285081,4144157
3517000,0.010446710489186451,0.03203184230477635,0.000501988647333668,0.0004283138886871323,10.502958579881657,7.0,14.972212629071183,/net/nfs-ip34/jbod2/def-ilafores/ref_dbs/sourmash_db/RefSeq_20250528.k31.sbt.zip,GCF_018291785.1_ASM1829178v1_genomic,94290db9715a9c6fca358ac639119d83,0.6666034874905231,169000,99,241539000,/nfs3_ib/nfs-ip34/home/def-ilafores/analysis/MethodsComparison/Feces_RA/preproc/SRR5091458/SRR5091458_unmatched_2.fastq,SRR5091458,77291cc9,336661000,31,DNA,1000,336661,True,0.8631695568744027,0.9870026281184896,0.9250860924964461,0.9870026281184896,False,1775,2286856,4144157
3185000,0.009460555276672973,0.026424705507800062,0.000493077606256739,0.0001052083692775153,2.6265060240963853,2.0,2.0605932200796957,/net/nfs-ip34/jbod2/def-ilafores/ref_dbs/sourmash_db/RefSeq_20250528.k31.sbt.zip,GCF_012151035.1_ASM1215103v1_genomic,490ceba85d6fbbcb94ee2fcc57d259ec,0.5070041388092964,166000,100,241373000,/nfs3_ib/nfs-ip34/home/def-ilafores/analysis/MethodsComparison/Feces_RA/preproc/SRR5091458/SRR5091458_unmatched_2.fastq,SRR5091458,77291cc9,336661000,31,DNA,1000,336661,True,0.8604130484514891,0.9783274565637877,0.9193702525076384,0.9783274565637877,False,436,2287292,4144157
1240000,0.003683230311797327,0.030432362219335683,0.000487136912205453,7.794106256109505e-05,1.9695121951219512,1.0,2.507121030107517,/net/nfs-ip34/jbod2/def-ilafores/ref_dbs/sourmash_db/RefSeq_20250528.k31.sbt.zip,GCF_025914175.1_ASM2591417v1_genomic,ba18ed1e33b6434317a63fe246283ba2,0.23009834848766006,164000,101,241209000,/nfs3_ib/nfs-ip34/home/def-ilafores/analysis/MethodsComparison/Feces_RA/preproc/SRR5091458/SRR5091458_unmatched_2.fastq,SRR5091458,77291cc9,336661000,31,DNA,1000,336661,True,0.8346247402217115,0.9537105010633399,0.8941676206425258,0.9537105010633399,False,323,2287615,4144157
367000,0.0010901173584109832,0.02922794117647059,0.00047228517707723793,0.0001030366368841721,2.6855345911949686,1.0,5.912504991985206,/net/nfs-ip34/jbod2/def-ilafores/ref_dbs/sourmash_db/RefSeq_20250528.k31.sbt.zip,GCF_031172035.1_ASM3117203v1_genomic,d37848e0abc0eaa6dbc2ce09b1d4cada,0.06746323529411764,159000,102,241050000,/nfs3_ib/nfs-ip34/home/def-ilafores/analysis/MethodsComparison/Feces_RA/preproc/SRR5091458/SRR5091458_unmatched_2.fastq,SRR5091458,77291cc9,336661000,31,DNA,1000,336661,True,0.8024807460050192,0.9167015655667677,0.8595911557858935,0.9167015655667677,False,427,2288042,4144157
3621000,0.010755626579853324,0.028677150786308975,0.0004604037889746659,0.00017711684185710145,4.735483870967742,3.0,6.766213425595413,/net/nfs-ip34/jbod2/def-ilafores/ref_dbs/sourmash_db/RefSeq_20250528.k31.sbt.zip,GCF_963360645.1_PDTSDC17_v2_genomic,6c9a04f4937f91792100b630c90d3f36,0.6699352451433858,155000,103,240895000,/nfs3_ib/nfs-ip34/home/def-ilafores/analysis/MethodsComparison/Feces_RA/preproc/SRR5091458/SRR5091458_unmatched_2.fastq,SRR5091458,77291cc9,336661000,31,DNA,1000,336661,True,0.8639813700464976,0.9871613783214408,0.9255713741839692,0.9871613783214408,False,734,2288776,4144157
740000,0.002198056798975824,0.024170616113744076,0.0004544630949233799,6.684109699511868e-05,1.8104575163398693,1.0,1.422285898228522,/net/nfs-ip34/jbod2/def-ilafores/ref_dbs/sourmash_db/RefSeq_20250528.k31.sbt.zip,GCF_036416795.1_ASM3641679v1_genomic,c36698f0fba88541e862d1e6992e9d87,0.11690363349131122,153000,104,240742000,/nfs3_ib/nfs-ip34/home/def-ilafores/analysis/MethodsComparison/Feces_RA/preproc/SRR5091458/SRR5091458_unmatched_2.fastq,SRR5091458,77291cc9,336661000,31,DNA,1000,336661,True,0.8208415271602197,0.9331037521551601,0.8769726396576899,0.9331037521551601,False,277,2289053,4144157
270000,0.0008019936969236116,0.04120488775220233,0.00043070031871823584,0.00011437790604940885,3.268965517241379,1.0,4.012489419754091,/net/nfs-ip34/jbod2/def-ilafores/ref_dbs/sourmash_db/RefSeq_20250528.k31.sbt.zip,GCF_025146135.1_ASM2514613v1_genomic,7eaae742c69417c8e76f081fe338897d,0.07672634271099744,145000,105,240597000,/nfs3_ib/nfs-ip34/home/def-ilafores/analysis/MethodsComparison/Feces_RA/preproc/SRR5091458/SRR5091458_unmatched_2.fastq,SRR5091458,77291cc9,336661000,31,DNA,1000,336661,True,0.7945743603204581,0.9205141475777541,0.857544253949106,0.9205141475777541,False,474,2289527,4144157
1209000,0.003591149554002394,0.06132879045996593,0.0004277299716925928,0.00010279533328491175,2.9583333333333335,2.0,2.13721976720536,/net/nfs-ip34/jbod2/def-ilafores/ref_dbs/sourmash_db/RefSeq_20250528.k31.sbt.zip,GCF_021484885.1_ASM2148488v1_genomic,900b4b516a4394bde113876bc484f3c5,0.5149063032367973,144000,106,240453000,/nfs3_ib/nfs-ip34/home/def-ilafores/analysis/MethodsComparison/Feces_RA/preproc/SRR5091458/SRR5091458_unmatched_2.fastq,SRR5091458,77291cc9,336661000,31,DNA,1000,336661,True,0.8339433775625718,0.9788156621721416,0.9063795198673567,0.9788156621721416,False,426,2289953,4144157
433000,0.0012861602621034216,0.050515830665243684,0.00042178927764130686,0.00010207142248713068,2.9788732394366195,1.0,3.875652257433769,/net/nfs-ip34/jbod2/def-ilafores/ref_dbs/sourmash_db/RefSeq_20250528.k31.sbt.zip,GCF_028743395.1_ASM2874339v1_genomic,bc5680b67a040c88f41f779ed94a8fca,0.15403770900035574,142000,107,240311000,/nfs3_ib/nfs-ip34/home/def-ilafores/analysis/MethodsComparison/Feces_RA/preproc/SRR5091458/SRR5091458_unmatched_2.fastq,SRR5091458,77291cc9,336661000,31,DNA,1000,336661,True,0.8067731839659026,0.9414438461965533,0.874108515081228,0.9414438461965533,False,423,2290376,4144157
3201000,0.009508080829083262,0.020568927789934355,0.00041881893061566385,0.00012596047881390594,3.702127659574468,2.0,3.5704553633162157,/net/nfs-ip34/jbod2/def-ilafores/ref_dbs/sourmash_db/RefSeq_20250528.k31.sbt.zip,GCF_025147085.1_ASM2514708v1_genomic,5b057d4064659334efb7b362a7eec964,0.4669584245076586,141000,108,240170000,/nfs3_ib/nfs-ip34/home/def-ilafores/analysis/MethodsComparison/Feces_RA/preproc/SRR5091458/SRR5091458_unmatched_2.fastq,SRR5091458,77291cc9,336661000,31,DNA,1000,336661,True,0.860552140520739,0.9757342624924044,0.9181432015065717,0.9757342624924044,False,522,2290898,4144157
275000,0.0008168454320518266,0.04244694132334582,0.0004039671954874488,0.0004671637681680496,14.235294117647058,1.0,19.290821992563952,/net/nfs-ip34/jbod2/def-ilafores/ref_dbs/sourmash_db/RefSeq_20250528.k31.sbt.zip,GCF_006542745.1_6CPBBH3_genomic,fd3fc44b40474382e7e9ffb3487da7b2,0.08583021223470662,136000,109,240034000,/nfs3_ib/nfs-ip34/home/def-ilafores/analysis/MethodsComparison/Feces_RA/preproc/SRR5091458/SRR5091458_unmatched_2.fastq,SRR5091458,77291cc9,336661000,31,DNA,1000,336661,True,0.7950448142206464,0.9238496451549022,0.8594472296877743,0.9238496451549022,False,1936,2292834,4144157
1440000,0.004277299716925928,0.03391546443938243,0.0003980265014361628,0.008894691972335991,275.0820895522388,2.0,389.20297525567884,/net/nfs-ip34/jbod2/def-ilafores/ref_dbs/sourmash_db/RefSeq_20250528.k31.sbt.zip,GCF_032452275.1_ASM3245227v1_genomic,2a6b1835ddcd5f0e781fcfaaf5bdb754,0.36446469248291574,134000,110,239900000,/nfs3_ib/nfs-ip34/home/def-ilafores/analysis/MethodsComparison/Feces_RA/preproc/SRR5091458/SRR5091458_unmatched_2.fastq,SRR5091458,77291cc9,336661000,31,DNA,1000,336661,True,0.838660365029437,0.9679654444229254,0.9033129047261812,0.9679654444229254,False,36861,2329695,4144157
1933000,0.00574168080056793,0.0004520811026699978,0.00039505615441051976,0.0010576336755581412,32.954887218045116,1.0,173.09794978703823,/net/nfs-ip34/jbod2/def-ilafores/ref_dbs/sourmash_db/RefSeq_20250528.k31.sbt.zip,plasmid.5.1.genomic,0f0c4d9f3e14a466d58e8f18d86b27e8,0.006570471965872976,133000,111,239767000,/nfs3_ib/nfs-ip34/home/def-ilafores/analysis/MethodsComparison/Feces_RA/preproc/SRR5091458/SRR5091458_unmatched_2.fastq,SRR5091458,77291cc9,336661000,31,DNA,1000,336661,True,0.8466636937152691,0.8503542551428384,0.8485089744290537,0.8503542551428384,False,4383,2334078,4144157
3284000,0.009754619632211631,0.024180252793551932,0.00039208580738487675,0.0001631212331000008,5.121212121212121,4.0,3.7639242558119363,/net/nfs-ip34/jbod2/def-ilafores/ref_dbs/sourmash_db/RefSeq_20250528.k31.sbt.zip,GCF_000710375.2_ASM71037v3_genomic,75e7859a4f9bdde246606cdd417e2318,0.6015753801062466,132000,112,239635000,/nfs3_ib/nfs-ip34/home/def-ilafores/analysis/MethodsComparison/Feces_RA/preproc/SRR5091458/SRR5091458_unmatched_2.fastq,SRR5091458,77291cc9,336661000,31,DNA,1000,336661,True,0.8612630538298646,0.9837399856523112,0.922501519741088,0.9837399856523112,False,676,2334754,4144157
1533000,0.004553541990310728,0.03377159061613818,0.00038911546035923374,6.949543658698259e-05,2.198473282442748,2.0,1.8050812391193156,/net/nfs-ip34/jbod2/def-ilafores/ref_dbs/sourmash_db/RefSeq_20250528.k31.sbt.zip,GCF_010508875.1_ASM1050887v1_genomic,59ccf44fc685eb2124290b6866f4a03f,0.3952049497293117,131000,113,239504000,/nfs3_ib/nfs-ip34/home/def-ilafores/analysis/MethodsComparison/Feces_RA/preproc/SRR5091458/SRR5091458_unmatched_2.fastq,SRR5091458,77291cc9,336661000,31,DNA,1000,336661,True,0.8403551813319788,0.9704971629821038,0.9054261721570414,0.9704971629821038,False,288,2335042,4144157
219000,0.0006505059986158183,0.032033772038738514,0.0003831747663079478,9.386710011227856e-05,3.0155038759689923,1.0,6.051439057661379,/net/nfs-ip34/jbod2/def-ilafores/ref_dbs/sourmash_db/RefSeq_20250528.k31.sbt.zip,GCF_027923645.1_ASM2792364v1_genomic,9fb8a945f847c19c6bae95891438e391,0.054382915321579336,129000,114,239375000,/nfs3_ib/nfs-ip34/home/def-ilafores/analysis/MethodsComparison/Feces_RA/preproc/SRR5091458/SRR5091458_unmatched_2.fastq,SRR5091458,77291cc9,336661000,31,DNA,1000,336661,True,0.7892264923951746,0.9103501482391186,0.8497883203171466,0.9103501482391186,False,389,2335431,4144157
3734000,0.011091275793750984,0.026115566522722598,0.00037723407225666175,0.00021234716734911345,6.929133858267717,3.0,11.622121929640745,/net/nfs-ip34/jbod2/def-ilafores/ref_dbs/sourmash_db/RefSeq_20250528.k31.sbt.zip,GCF_008728395.1_ASM872839v1_genomic,be62626804ebd51a937970eebfaaba96,0.7678387826444582,127000,115,239248000,/nfs3_ib/nfs-ip34/home/def-ilafores/analysis/MethodsComparison/Feces_RA/preproc/SRR5091458/SRR5091458_unmatched_2.fastq,SRR5091458,77291cc9,336661000,31,DNA,1000,336661,True,0.8648382458766176,0.9915144176466938,0.9281763317616557,0.9915144176466938,False,880,2336311,4144157
169000,0.000501988647333668,0.027356997513000227,0.0003594119901028037,4.319334426760376e-05,1.4793388429752066,1.0,1.0373135483459823,/net/nfs-ip34/jbod2/def-ilafores/ref_dbs/sourmash_db/RefSeq_20250528.k31.sbt.zip,GCF_044336395.1_ASM4433639v1_genomic,7004ceefcd6696a06bbad6d1e5c7b9f6,0.03820936016278544,121000,116,239127000,/nfs3_ib/nfs-ip34/home/def-ilafores/analysis/MethodsComparison/Feces_RA/preproc/SRR5091458/SRR5091458_unmatched_2.fastq,SRR5091458,77291cc9,336661000,31,DNA,1000,336661,True,0.7826557330000001,0.9000435849328291,0.8413496589664147,0.9000435849328291,False,179,2336490,4144157
247000,0.0007336757153338225,0.041325136612021855,0.0003594119901028037,7.046065098402401e-05,2.4132231404958677,1.0,7.8199463352215846,/net/nfs-ip34/jbod2/def-ilafores/ref_dbs/sourmash_db/RefSeq_20250528.k31.sbt.zip,GCF_042846195.1_ASM4284619v1_genomic,9bab8405ddcf9b15b6bad48d1c7a73f0,0.08435792349726776,121000,117,239006000,/nfs3_ib/nfs-ip34/home/def-ilafores/analysis/MethodsComparison/Feces_RA/preproc/SRR5091458/SRR5091458_unmatched_2.fastq,SRR5091458,77291cc9,336661000,31,DNA,1000,336661,True,0.7922955751355129,0.9233341519455864,0.8578148635405496,0.9233341519455864,False,292,2336782,4144157
3416000,0.010146705439596507,0.017875763444063757,0.0003564416430771607,9.36257965130182e-05,3.2333333333333334,1.0,4.27733042393916,/net/nfs-ip34/jbod2/def-ilafores/ref_dbs/sourmash_db/RefSeq_20250528.k31.sbt.zip,GCF_030168555.1_ASM3016855v1_genomic,761bc93d29d61ce80809686c2d5128e5,0.5088633993743483,120000,118,238886000,/nfs3_ib/nfs-ip34/home/def-ilafores/analysis/MethodsComparison/Feces_RA/preproc/SRR5091458/SRR5091458_unmatched_2.fastq,SRR5091458,77291cc9,336661000,31,DNA,1000,336661,True,0.8623586121981085,0.9784429831246205,0.9204007976613645,0.9784429831246205,False,388,2337170,4144157
152000,0.0004514927478977369,0.026728110599078342,0.0003445602549745887,5.83954710210062e-05,2.086206896551724,1.0,2.234405596794575,/net/nfs-ip34/jbod2/def-ilafores/ref_dbs/sourmash_db/RefSeq_20250528.k31.sbt.zip,GCF_002441855.2_ASM244185v2_genomic,ea2a30b8bc2d2be809413c5f458c5f4e,0.035023041474654376,116000,119,238770000,/nfs3_ib/nfs-ip34/home/def-ilafores/analysis/MethodsComparison/Feces_RA/preproc/SRR5091458/SRR5091458_unmatched_2.fastq,SRR5091458,77291cc9,336661000,31,DNA,1000,336661,True,0.7799836677453363,0.8975190448904161,0.8387513563178762,0.8975190448904161,False,242,2337412,4144157
207000,0.0006148618343081022,0.016676418958455237,0.00033861956092330267,4.7295505455029814e-05,1.719298245614035,1.0,1.5304441043904833,/net/nfs-ip34/jbod2/def-ilafores/ref_dbs/sourmash_db/RefSeq_20250528.k31.sbt.zip,GCF_025149285.1_ASM2514928v1_genomic,0f58288732b3804f3c8d60da453de357,0.030280866003510824,114000,120,238656000,/nfs3_ib/nfs-ip34/home/def-ilafores/analysis/MethodsComparison/Feces_RA/preproc/SRR5091458/SRR5091458_unmatched_2.fastq,SRR5091458,77291cc9,336661000,31,DNA,1000,336661,True,0.7877931107634975,0.8933166502740097,0.8405548805187536,0.8933166502740097,False,196,2337608,4144157
113000,0.00033564921389765966,0.034015653220951236,0.00033564921389765966,4.391725506538483e-05,1.6106194690265487,1.0,1.0511993009132121,/net/nfs-ip34/jbod2/def-ilafores/ref_dbs/sourmash_db/RefSeq_20250528.k31.sbt.zip,GCF_043172115.1_ASM4317211v1_genomic,fe0d7fdac632c37585865c318e9e959a,0.034015653220951236,113000,121,238543000,/nfs3_ib/nfs-ip34/home/def-ilafores/analysis/MethodsComparison/Feces_RA/preproc/SRR5091458/SRR5091458_unmatched_2.fastq,SRR5091458,77291cc9,336661000,31,DNA,1000,336661,True,0.7725592462164552,0.8966744611989684,0.8346168537077119,0.8966744611989684,False,182,2337790,4144157
742000,0.0022039974930271105,0.016778523489932886,0.00032673817282073063,8.011279495443826e-05,3.018181818181818,1.0,5.039808470714697,/net/nfs-ip34/jbod2/def-ilafores/ref_dbs/sourmash_db/RefSeq_20250528.k31.sbt.zip,GCF_025263845.1_ASM2526384v1_genomic,d20001d187626a256609db74af93bd0e,0.11317876754118365,110000,122,238433000,/nfs3_ib/nfs-ip34/home/def-ilafores/analysis/MethodsComparison/Feces_RA/preproc/SRR5091458/SRR5091458_unmatched_2.fastq,SRR5091458,77291cc9,336661000,31,DNA,1000,336661,True,0.8209129979503788,0.932129577946747,0.8765212879485629,0.932129577946747,False,332,2338122,4144157
547000,0.0016247798230267243,0.034026465028355386,0.00032079747876944466,7.721715176331398e-05,2.962962962962963,1.0,3.731561896017999,/net/nfs-ip34/jbod2/def-ilafores/ref_dbs/sourmash_db/RefSeq_20250528.k31.sbt.zip,GCF_023347235.1_ASM2334723v1_genomic,463a8ff2f26f37a3c67c2a86a64398f8,0.17233774417139255,108000,123,238325000,/nfs3_ib/nfs-ip34/home/def-ilafores/analysis/MethodsComparison/Feces_RA/preproc/SRR5091458/SRR5091458_unmatched_2.fastq,SRR5091458,77291cc9,336661000,31,DNA,1000,336661,True,0.8128784862100525,0.9448592297959808,0.8788688580030166,0.9448592297959808,False,320,2338442,4144157
3204000,0.009516991870160191,0.024759284731774415,0.00032079747876944466,0.0001527451783318055,5.861111111111111,5.0,4.585521363251894,/net/nfs-ip34/jbod2/def-ilafores/ref_dbs/sourmash_db/RefSeq_20250528.k31.sbt.zip,GCF_020735605.1_ASM2073560v1_genomic,bf79e48da9be9fcacdb5c95f57331d86,0.734525447042641,108000,124,238217000,/nfs3_ib/nfs-ip34/home/def-ilafores/analysis/MethodsComparison/Feces_RA/preproc/SRR5091458/SRR5091458_unmatched_2.fastq,SRR5091458,77291cc9,336661000,31,DNA,1000,336661,True,0.8605781453618906,0.9900967619915293,0.9253374536767099,0.9900967619915293,False,633,2339075,4144157
273000,0.0008109047380005407,0.019473494410385865,0.00032079747876944466,2.8956431911242745e-05,1.1111111111111112,1.0,0.36851386559504445,/net/nfs-ip34/jbod2/def-ilafores/ref_dbs/sourmash_db/RefSeq_20250528.k31.sbt.zip,GCF_038180105.1_ASM3818010v1_genomic,6cec29f968ad2cbfea44e8f256feb227,0.04922466642625316,108000,125,238109000,/nfs3_ib/nfs-ip34/home/def-ilafores/analysis/MethodsComparison/Feces_RA/preproc/SRR5091458/SRR5091458_unmatched_2.fastq,SRR5091458,77291cc9,336661000,31,DNA,1000,336661,True,0.7948576339169111,0.9074283591322887,0.8511429965245999,0.9074283591322887,False,120,2339195,4144157
1489000,0.004422846721182436,0.027110766847405113,0.00031188643769251563,5.863677462026656e-05,2.3142857142857145,1.0,3.7905001195703165,/net/nfs-ip34/jbod2/def-ilafores/ref_dbs/sourmash_db/RefSeq_20250528.k31.sbt.zip,GCF_020091485.1_ASM2009148v1_genomic,0bb666bd34472dc3dae293249907c788,0.3844564936741544,105000,126,238004000,/nfs3_ib/nfs-ip34/home/def-ilafores/analysis/MethodsComparison/Feces_RA/preproc/SRR5091458/SRR5091458_unmatched_2.fastq,SRR5091458,77291cc9,336661000,31,DNA,1000,336661,True,0.8395661102696593,0.9696343096480717,0.9046002099588655,0.9696343096480717,False,243,2339438,4144157
3039000,0.009026884610929094,0.022082018927444796,0.00031188643769251563,0.00010906922686568101,4.304761904761905,1.0,5.836051844679488,/net/nfs-ip34/jbod2/def-ilafores/ref_dbs/sourmash_db/RefSeq_20250528.k31.sbt.zip,GCF_018292165.1_ASM1829216v1_genomic,2391c2d4efd3d75a2653a2fd1570dca9,0.6391167192429023,105000,127,237899000,/nfs3_ib/nfs-ip34/home/def-ilafores/analysis/MethodsComparison/Feces_RA/preproc/SRR5091458/SRR5091458_unmatched_2.fastq,SRR5091458,77291cc9,336661000,31,DNA,1000,336661,True,0.8591116520820877,0.9856628607183022,0.9223872564001949,0.9856628607183022,False,452,2339890,4144157
1373000,0.004078286466207847,0.035504998276456395,0.0003059457436412296,5.694764942544407e-05,2.29126213592233,2.0,1.4854051649635167,/net/nfs-ip34/jbod2/def-ilafores/ref_dbs/sourmash_db/RefSeq_20250528.k31.sbt.zip,GCF_025144995.1_ASM2514499v1_genomic,80a0c7df05d28f92f6b93af8a523bc03,0.473285074112375,103000,128,237796000,/nfs3_ib/nfs-ip34/home/def-ilafores/analysis/MethodsComparison/Feces_RA/preproc/SRR5091458/SRR5091458_unmatched_2.fastq,SRR5091458,77291cc9,336661000,31,DNA,1000,336661,True,0.8373723885342076,0.9761579387484829,0.9067651636413452,0.9761579387484829,False,236,2340126,4144157
3358000,0.009974425312109214,0.015053128689492325,0.0003029753966155866,6.635848979659795e-05,2.696078431372549,1.5,3.5776792118450373,/net/nfs-ip34/jbod2/def-ilafores/ref_dbs/sourmash_db/RefSeq_20250528.k31.sbt.zip,GCF_018289275.1_ASM1828927v1_genomic,0044674628c604b7150c9a157e063dcf,0.49557260920897284,102000,129,237694000,/nfs3_ib/nfs-ip34/home/def-ilafores/analysis/MethodsComparison/Feces_RA/preproc/SRR5091458/SRR5091458_unmatched_2.fastq,SRR5091458,77291cc9,336661000,31,DNA,1000,336661,True,0.8618823680280677,0.977608010323693,0.9197451891758803,0.977608010323693,False,275,2340401,4144157
903000,0.002682223364155634,0.019784524975514202,0.0003000050495899436,7.263238337736722e-05,2.98019801980198,1.0,5.397065939273613,/net/nfs-ip34/jbod2/def-ilafores/ref_dbs/sourmash_db/RefSeq_20250528.k31.sbt.zip,GCF_009193325.2_ASM919332v2_genomic,20d3ad2db691676c0843017fd7066d73,0.17688540646425074,101000,130,237593000,/nfs3_ib/nfs-ip34/home/def-ilafores/analysis/MethodsComparison/Feces_RA/preproc/SRR5091458/SRR5091458_unmatched_2.fastq,SRR5091458,77291cc9,336661000,31,DNA,1000,336661,True,0.8261296776403783,0.9456534256232108,0.8858915516317944,0.9456534256232108,False,301,2340702,4144157
372000,0.0011049690935391982,0.0349002849002849,0.00029109400851301455,5.06737558446748e-05,2.142857142857143,2.0,1.406979685970872,/net/nfs-ip34/jbod2/def-ilafores/ref_dbs/sourmash_db/RefSeq_20250528.k31.sbt.zip,GCF_900116045.1_DESPIGER_genomic,a44e1050d7701308bc590bde0c3457fd,0.13247863247863248,98000,131,237495000,/nfs3_ib/nfs-ip34/home/def-ilafores/analysis/MethodsComparison/Feces_RA/preproc/SRR5091458/SRR5091458_unmatched_2.fastq,SRR5091458,77291cc9,336661000,31,DNA,1000,336661,True,0.8028311184209421,0.9368760215875215,0.8698535700042318,0.9368760215875215,False,210,2340912,4144157
3323000,0.009870463166211709,0.019211919231523232,0.00029109400851301455,9.555622530710105e-05,4.040816326530612,3.0,6.558867447262054,/net/nfs-ip34/jbod2/def-ilafores/ref_dbs/sourmash_db/RefSeq_20250528.k31.sbt.zip,GCF_024759645.1_ASM2475964v1_genomic,443dbc629c3d6f4328d5baf1db671df5,0.6514408939423643,98000,132,237397000,/nfs3_ib/nfs-ip34/home/def-ilafores/analysis/MethodsComparison/Feces_RA/preproc/SRR5091458/SRR5091458_unmatched_2.fastq,SRR5091458,77291cc9,336661000,31,DNA,1000,336661,True,0.8615911129856056,0.9862703297462686,0.9239307213659371,0.9862703297462686,False,396,2341308,4144157
302000,0.0008970448017441878,0.027984009137635636,0.00029109400851301455,6.65997933958583e-05,2.816326530612245,1.0,3.6793603558324697,/net/nfs-ip34/jbod2/def-ilafores/ref_dbs/sourmash_db/RefSeq_20250528.k31.sbt.zip,GCF_000225345.1_ASM22534v1_genomic,2c4be6d3f461c9f71df87a5d7ae22e2f,0.08623643632210165,98000,133,237299000,/nfs3_ib/nfs-ip34/home/def-ilafores/analysis/MethodsComparison/Feces_RA/preproc/SRR5091458/SRR5091458_unmatched_2.fastq,SRR5091458,77291cc9,336661000,31,DNA,1000,336661,True,0.7974504027809055,0.9239903705419447,0.860720386661425,0.9239903705419447,False,276,2341584,4144157
1314000,0.00390303599169491,0.014754591990364349,0.00029109400851301455,0.000147677802747338,6.244897959183674,2.0,41.72677435962401,/net/nfs-ip34/jbod2/def-ilafores/ref_dbs/sourmash_db/RefSeq_20250528.k31.sbt.zip,GCF_041119805.1_ASM4111980v1_genomic,c08a9f2c3f75003dafbdf763488e0761,0.1978319783197832,98000,134,237201000,/nfs3_ib/nfs-ip34/home/def-ilafores/analysis/MethodsComparison/Feces_RA/preproc/SRR5091458/SRR5091458_unmatched_2.fastq,SRR5091458,77291cc9,336661000,31,DNA,1000,336661,True,0.8361868014308397,0.9490735867407758,0.8926301940858077,0.9490735867407758,False,612,2342196,4144157
97000,0.00028812366148737154,0.04733432984554061,0.0002821829674360856,3.5230325492012005e-05,1.5368421052631578,1.0,1.0443887793526283,/net/nfs-ip34/jbod2/def-ilafores/ref_dbs/sourmash_db/RefSeq_20250528.k31.sbt.zip,GCF_014931475.1_ASM1493147v1_genomic,6b6764affe22bb6e4a27a6cccfadde34,0.04833084205281515,95000,135,237106000,/nfs3_ib/nfs-ip34/home/def-ilafores/analysis/MethodsComparison/Feces_RA/preproc/SRR5091458/SRR5091458_unmatched_2.fastq,SRR5091458,77291cc9,336661000,31,DNA,1000,336661,True,0.7687637003848938,0.9068921121719139,0.8378279062784039,0.9068921121719139,False,146,2342342,4144157
290000,0.0008614006374364717,0.026323486399532026,0.0002673312323078705,3.4747718293491294e-05,1.6,1.0,1.3564659966250536,/net/nfs-ip34/jbod2/def-ilafores/ref_dbs/sourmash_db/RefSeq_20250528.k31.sbt.zip,GCF_025149785.1_ASM2514978v1_genomic,8c91537000df08516afde1ea4eac7752,0.08482012284293654,90000,136,237016000,/nfs3_ib/nfs-ip34/home/def-ilafores/analysis/MethodsComparison/Feces_RA/preproc/SRR5091458/SRR5091458_unmatched_2.fastq,SRR5091458,77291cc9,336661000,31,DNA,1000,336661,True,0.7964080684774528,0.9234969135182926,0.8599524909978726,0.9234969135182926,False,144,2342486,4144157
4016000,0.01192891365498231,0.017547280171573407,0.0002673312323078705,0.00012499526441686452,5.7555555555555555,3.0,5.645669158471259,/net/nfs-ip34/jbod2/def-ilafores/ref_dbs/sourmash_db/RefSeq_20250528.k31.sbt.zip,GCF_036419465.1_ASM3641946v1_genomic,277623bb21bf8d096347cc62995689ef,0.7829986352115422,90000,137,236926000,/nfs3_ib/nfs-ip34/home/def-ilafores/analysis/MethodsComparison/Feces_RA/preproc/SRR5091458/SRR5091458_unmatched_2.fastq,SRR5091458,77291cc9,336661000,31,DNA,1000,336661,True,0.8668717846925212,0.9921399457615705,0.9295058652270458,0.9921399457615705,False,518,2343004,4144157
1694000,0.005031767861439252,0.015376550760090861,0.0002613905382565845,6.515197180029617e-05,3.0681818181818183,1.5,2.7912014948985617,/net/nfs-ip34/jbod2/def-ilafores/ref_dbs/sourmash_db/RefSeq_20250528.k31.sbt.zip,GCF_042850145.1_ASM4285014v1_genomic,6350fb91e771d4a1538082fbe2684b37,0.29599860213174906,88000,138,236838000,/nfs3_ib/nfs-ip34/home/def-ilafores/analysis/MethodsComparison/Feces_RA/preproc/SRR5091458/SRR5091458_unmatched_2.fastq,SRR5091458,77291cc9,336661000,31,DNA,1000,336661,True,0.8430667371668125,0.9614901240610138,0.9022784306139131,0.9614901240610138,False,270,2343274,4144157
115000,0.0003415899079489457,0.03963553530751709,0.0002584201912309415,2.6302092319378826e-05,1.2528735632183907,1.0,0.4603444688390985,/net/nfs-ip34/jbod2/def-ilafores/ref_dbs/sourmash_db/RefSeq_20250528.k31.sbt.zip,GCF_000448705.1_HSIVP1_1.0_genomic,890daac7386a0cc6474a6211556dd0ed,0.05239179954441914,87000,139,236751000,/nfs3_ib/nfs-ip34/home/def-ilafores/analysis/MethodsComparison/Feces_RA/preproc/SRR5091458/SRR5091458_unmatched_2.fastq,SRR5091458,77291cc9,336661000,31,DNA,1000,336661,True,0.7729965963706709,0.9092554511583983,0.8411260237645346,0.9092554511583983,False,109,2343383,4144157
515000,0.001529728718206148,0.028505137553861453,0.0002554498442052985,9.579752890636142e-05,4.616279069767442,2.0,5.256598521396067,/net/nfs-ip34/jbod2/def-ilafores/ref_dbs/sourmash_db/RefSeq_20250528.k31.sbt.zip,GCF_023347335.1_ASM2334733v1_genomic,d566eb779c3a1233616a97a7ab79e713,0.1706993702353331,86000,140,236665000,/nfs3_ib/nfs-ip34/home/def-ilafores/analysis/MethodsComparison/Feces_RA/preproc/SRR5091458/SRR5091458_unmatched_2.fastq,SRR5091458,77291cc9,336661000,31,DNA,1000,336661,True,0.8112993169211198,0.9445681287777637,0.8779337228494417,0.9445681287777637,False,397,2343780,4144157
1532000,0.004550571643285085,0.030712979890310785,0.0002495091501540125,0.00014405824875843266,7.107142857142857,5.5,6.423576101516412,/net/nfs-ip34/jbod2/def-ilafores/ref_dbs/sourmash_db/RefSeq_20250528.k31.sbt.zip,GCF_902388275.1_UHGG_MGYG-HGUT-02545_genomic,35aa97e0127f24ba3813815f3d766914,0.560146252285192,84000,141,236581000,/nfs3_ib/nfs-ip34/home/def-ilafores/analysis/MethodsComparison/Feces_RA/preproc/SRR5091458/SRR5091458_unmatched_2.fastq,SRR5091458,77291cc9,336661000,31,DNA,1000,336661,True,0.8403374926224748,0.9814782761208392,0.9109078843716569,0.9814782761208392,False,597,2344377,4144157
1436000,0.0042654183288233566,0.03602430555555555,0.0002465388031283695,3.8367272282396635e-05,1.9156626506024097,2.0,1.2044577770921625,/net/nfs-ip34/jbod2/def-ilafores/ref_dbs/sourmash_db/RefSeq_20250528.k31.sbt.zip,GCF_005406285.1_ASM540628v1_genomic,85070a922427c1e42d773e75b3229881,0.6232638888888888,83000,142,236498000,/nfs3_ib/nfs-ip34/home/def-ilafores/analysis/MethodsComparison/Feces_RA/preproc/SRR5091458/SRR5091458_unmatched_2.fastq,SRR5091458,77291cc9,336661000,31,DNA,1000,336661,True,0.838585115060374,0.9848645718078477,0.9117248434341109,0.9848645718078477,False,159,2344536,4144157
508000,0.001508936289026647,0.013221541438245728,0.0002435684561027265,3.0162949907544527e-05,1.524390243902439,1.0,1.1177679168782666,/net/nfs-ip34/jbod2/def-ilafores/ref_dbs/sourmash_db/RefSeq_20250528.k31.sbt.zip,GCF_013112035.1_ASM1311203v1_genomic,2c7f1ed5ed72fbc8e35c73aaa96fdec4,0.0819090615930345,82000,143,236416000,/nfs3_ib/nfs-ip34/home/def-ilafores/analysis/MethodsComparison/Feces_RA/preproc/SRR5091458/SRR5091458_unmatched_2.fastq,SRR5091458,77291cc9,336661000,31,DNA,1000,336661,True,0.8109412347178636,0.922457129832478,0.8666991822751708,0.922457129832478,False,125,2344661,4144157
772000,0.0022931079037964005,0.014469737074289748,0.0002435684561027265,2.4371663525295978e-05,1.2317073170731707,1.0,0.5476954042167225,/net/nfs-ip34/jbod2/def-ilafores/ref_dbs/sourmash_db/RefSeq_20250528.k31.sbt.zip,GCF_027594885.1_ASM2759488v1_genomic,8758707bbe782db112d9b0f561bc49c3,0.1362272807481913,82000,144,236334000,/nfs3_ib/nfs-ip34/home/def-ilafores/analysis/MethodsComparison/Feces_RA/preproc/SRR5091458/SRR5091458_unmatched_2.fastq,SRR5091458,77291cc9,336661000,31,DNA,1000,336661,True,0.8219632543296912,0.9377196895203718,0.8798414719250315,0.9377196895203718,False,101,2344762,4144157
846000,0.0025129135836939828,0.02228948816730875,0.00024059810907708348,4.5606380260207325e-05,2.3333333333333335,2.0,2.078698548207745,/net/nfs-ip34/jbod2/def-ilafores/ref_dbs/sourmash_db/RefSeq_20250528.k31.sbt.zip,GCF_020181455.1_ASM2018145v1_genomic,b6d43479d19d1b4213aef74c6e98692d,0.23280132085855806,81000,145,236253000,/nfs3_ib/nfs-ip34/home/def-ilafores/analysis/MethodsComparison/Feces_RA/preproc/SRR5091458/SRR5091458_unmatched_2.fastq,SRR5091458,77291cc9,336661000,31,DNA,1000,336661,True,0.8243938813850112,0.9540698582597582,0.8892318698223847,0.9540698582597582,False,189,2344951,4144157
565000,0.0016782460694882984,0.02796961325966851,0.00024059810907708348,8.035409855369862e-05,4.111111111111111,2.0,4.656072631057103,/net/nfs-ip34/jbod2/def-ilafores/ref_dbs/sourmash_db/RefSeq_20250528.k31.sbt.zip,GCF_036632915.2_ASM3663291v2_genomic,1be8a5fa3d48a02ef6804d87b6dc2cbb,0.19509668508287292,81000,146,236172000,/nfs3_ib/nfs-ip34/home/def-ilafores/analysis/MethodsComparison/Feces_RA/preproc/SRR5091458/SRR5091458_unmatched_2.fastq,SRR5091458,77291cc9,336661000,31,DNA,1000,336661,True,0.8137279138663556,0.9486474314715624,0.8811876726689589,0.9486474314715624,False,333,2345284,4144157
132000,0.00039208580738487675,0.02840704782452355,0.00023465741502579746,7.287368697662758e-05,3.8227848101265822,3.0,3.3855967956261535,/net/nfs-ip34/jbod2/def-ilafores/ref_dbs/sourmash_db/RefSeq_20250528.k31.sbt.zip,GCF_014334055.1_ASM1433405v1_genomic,7d82c091b7553167242da89b74e9d599,0.04746494066882417,79000,147,236093000,/nfs3_ib/nfs-ip34/home/def-ilafores/analysis/MethodsComparison/Feces_RA/preproc/SRR5091458/SRR5091458_unmatched_2.fastq,SRR5091458,77291cc9,336661000,31,DNA,1000,336661,True,0.7764420873444908,0.906363385561618,0.8414027364530544,0.906363385561618,False,302,2345586,4144157
373000,0.0011079394405648412,0.024769768180374723,0.00023168706800015445,5.0432452245414445e-05,2.6794871794871793,2.0,2.5292828097875724,/net/nfs-ip34/jbod2/def-ilafores/ref_dbs/sourmash_db/RefSeq_20250528.k31.sbt.zip,GCF_042850025.1_ASM4285002v1_genomic,26ae838edf91db815bafb3211b734604,0.118450301683074,78000,148,236015000,/nfs3_ib/nfs-ip34/home/def-ilafores/analysis/MethodsComparison/Feces_RA/preproc/SRR5091458/SRR5091458_unmatched_2.fastq,SRR5091458,77291cc9,336661000,31,DNA,1000,336661,True,0.802900645709424,0.9334994578039029,0.8682000517566635,0.9334994578039029,False,209,2345795,4144157
3177000,0.00943679250046783,0.014376400298730396,0.00022871672097451144,0.00010279533328491175,5.532467532467533,5.0,4.088579010716063,/net/nfs-ip34/jbod2/def-ilafores/ref_dbs/sourmash_db/RefSeq_20250528.k31.sbt.zip,GCF_016864615.1_ASM1686461v1_genomic,a4549b57103f0c0588bad926ec71a84d,0.5931665421956684,77000,149,235938000,/nfs3_ib/nfs-ip34/home/def-ilafores/analysis/MethodsComparison/Feces_RA/preproc/SRR5091458/SRR5091458_unmatched_2.fastq,SRR5091458,77291cc9,336661000,31,DNA,1000,336661,True,0.860343248644039,0.9832933852849693,0.9218183169645042,0.9832933852849693,False,426,2346221,4144157
583000,0.0017317123159498724,0.02657921988263721,0.00022871672097451144,3.547162909127236e-05,1.9090909090909092,1.0,1.291146859390812,/net/nfs-ip34/jbod2/def-ilafores/ref_dbs/sourmash_db/RefSeq_20250528.k31.sbt.zip,GCF_042853905.1_ASM4285390v1_genomic,1e694dab0a72999dda66e4cd13428d21,0.20124266482568173,77000,150,235861000,/nfs3_ib/nfs-ip34/home/def-ilafores/analysis/MethodsComparison/Feces_RA/preproc/SRR5091458/SRR5091458_unmatched_2.fastq,SRR5091458,77291cc9,336661000,31,DNA,1000,336661,True,0.8145515462694762,0.9495970499609316,0.8820742981152039,0.9495970499609316,False,147,2346368,4144157
253000,0.0007514977974876804,0.030105777054515868,0.00021980567989758243,5.791286382248549e-05,3.2432432432432434,2.5,2.798700522833481,/net/nfs-ip34/jbod2/def-ilafores/ref_dbs/sourmash_db/RefSeq_20250528.k31.sbt.zip,GCF_018326305.1_ASM1832630v1_genomic,5128153ef7f1c80fc4c112268b755214,0.10292921074043938,74000,151,235787000,/nfs3_ib/nfs-ip34/home/def-ilafores/analysis/MethodsComparison/Feces_RA/preproc/SRR5091458/SRR5091458_unmatched_2.fastq,SRR5091458,77291cc9,336661000,31,DNA,1000,336661,True,0.792909232228899,0.9292796094507314,0.8610944208398152,0.9292796094507314,False,240,2346608,4144157
557000,0.0016544832932831543,0.020705092333519866,0.00021980567989758243,2.606078872011847e-05,1.4594594594594594,1.0,0.9032851333550488,/net/nfs-ip34/jbod2/def-ilafores/ref_dbs/sourmash_db/RefSeq_20250528.k31.sbt.zip,GCF_000209835.1_ASM20983v1_genomic,ab50710d4b2685ccaecb7b36ef7d16eb,0.15584778959149412,74000,152,235713000,/nfs3_ib/nfs-ip34/home/def-ilafores/analysis/MethodsComparison/Feces_RA/preproc/SRR5091458/SRR5091458_unmatched_2.fastq,SRR5091458,77291cc9,336661000,31,DNA,1000,336661,True,0.8133536722169682,0.9417986972958824,0.8775761847564253,0.9417986972958824,False,108,2346716,4144157
1272000,0.0037782814166179035,0.031816173221387536,0.0002138649858462964,5.525852423062157e-05,3.1805555555555554,3.0,2.077166799652894,/net/nfs-ip34/jbod2/def-ilafores/ref_dbs/sourmash_db/RefSeq_20250528.k31.sbt.zip,GCF_029541965.1_ASM2954196v1_genomic,e354b247edb1270dcf82decb4e5a9a34,0.5620857269111799,72000,153,235641000,/nfs3_ib/nfs-ip34/home/def-ilafores/analysis/MethodsComparison/Feces_RA/preproc/SRR5091458/SRR5091458_unmatched_2.fastq,SRR5091458,77291cc9,336661000,31,DNA,1000,336661,True,0.8353110052686678,0.9815877158726387,0.9084493605706532,0.9815877158726387,False,229,2346945,4144157
219000,0.0006505059986158183,0.02452697967764541,0.00020792429179501042,3.233468230088773e-05,1.9142857142857144,1.0,2.05456187295392,/net/nfs-ip34/jbod2/def-ilafores/ref_dbs/sourmash_db/RefSeq_20250528.k31.sbt.zip,GCF_044591705.1_ASM4459170v1_genomic,534586fd213cdbccf2580b51187bb263,0.0767344078486335,70000,154,235571000,/nfs3_ib/nfs-ip34/home/def-ilafores/analysis/MethodsComparison/Feces_RA/preproc/SRR5091458/SRR5091458_unmatched_2.fastq,SRR5091458,77291cc9,336661000,31,DNA,1000,336661,True,0.7892264923951746,0.9205172687229422,0.8548718805590584,0.9205172687229422,False,134,2347079,4144157
595000,0.0017673564802575886,0.02288329519450801,0.00020792429179501042,4.2469433469822695e-05,2.5142857142857142,1.0,3.1881156868365146,/net/nfs-ip34/jbod2/def-ilafores/ref_dbs/sourmash_db/RefSeq_20250528.k31.sbt.zip,GCF_040059215.1_ASM4005921v1_genomic,32b4f8c9ded2e30d47a15c3a2652e364,0.1945080091533181,70000,155,235501000,/nfs3_ib/nfs-ip34/home/def-ilafores/analysis/MethodsComparison/Feces_RA/preproc/SRR5091458/SRR5091458_unmatched_2.fastq,SRR5091458,77291cc9,336661000,31,DNA,1000,336661,True,0.815087072289286,0.948554960717908,0.881821016503597,0.948554960717908,False,176,2347255,4144157
1037000,0.003080249865591797,0.013210798391728892,0.0002049539447693674,2.9680342709023812e-05,1.7826086956521738,1.0,1.3282828101321276,/net/nfs-ip34/jbod2/def-ilafores/ref_dbs/sourmash_db/RefSeq_20250528.k31.sbt.zip,GCF_024224055.1_ASM2422405v1_genomic,3ec92b6ba16820c45f736cbbedbe45e7,0.19854489756844726,69000,156,235432000,/nfs3_ib/nfs-ip34/home/def-ilafores/analysis/MethodsComparison/Feces_RA/preproc/SRR5091458/SRR5091458_unmatched_2.fastq,SRR5091458,77291cc9,336661000,31,DNA,1000,336661,True,0.8298252462055775,0.9491837218748929,0.8895044840402352,0.9491837218748929,False,123,2347378,4144157
3709000,0.01101701711810991,0.01422387136672851,0.0002049539447693674,0.00016456905469556293,9.884057971014492,8.0,8.707045675913069,/net/nfs-ip34/jbod2/def-ilafores/ref_dbs/sourmash_db/RefSeq_20250528.k31.sbt.zip,GCF_006742345.1_ASM674234v1_genomic,aa13184474b5d866ab5daea20b7e99ed,0.7645846217274789,69000,157,235363000,/nfs3_ib/nfs-ip34/home/def-ilafores/analysis/MethodsComparison/Feces_RA/preproc/SRR5091458/SRR5091458_unmatched_2.fastq,SRR5091458,77291cc9,336661000,31,DNA,1000,336661,True,0.8646508544330892,0.991378586775099,0.9280147206040941,0.991378586775099,False,682,2348060,4144157
1324000,0.003932739461951339,0.01807068828062716,0.0002019835977437244,3.498902189275165e-05,2.1323529411764706,1.0,1.6351327681721057,/net/nfs-ip34/jbod2/def-ilafores/ref_dbs/sourmash_db/RefSeq_20250528.k31.sbt.zip,GCF_016696805.1_ASM1669680v1_genomic,aae5e198dca9a13d7ca553c9a4da3e8e,0.3518469306404465,68000,158,235295000,/nfs3_ib/nfs-ip34/home/def-ilafores/analysis/MethodsComparison/Feces_RA/preproc/SRR5091458/SRR5091458_unmatched_2.fastq,SRR5091458,77291cc9,336661000,31,DNA,1000,336661,True,0.8363913290707632,0.9668659155721995,0.9016286223214813,0.9668659155721995,False,145,2348205,4144157
3817000,0.011337814596879353,0.010320394331484904,0.0001990132507180814,9.628013610488213e-05,5.955223880597015,5.0,4.226543119491655,/net/nfs-ip34/jbod2/def-ilafores/ref_dbs/sourmash_db/RefSeq_20250528.k31.sbt.zip,GCF_001314995.1_ASM131499v1_genomic,514bdd6aa640f40cc6414be0e11ec2f6,0.5879544054220579,67000,159,235228000,/nfs3_ib/nfs-ip34/home/def-ilafores/analysis/MethodsComparison/Feces_RA/preproc/SRR5091458/SRR5091458_unmatched_2.fastq,SRR5091458,77291cc9,336661000,31,DNA,1000,336661,True,0.8654517935443111,0.9830134782272052,0.9242326358857582,0.9830134782272052,False,399,2348604,4144157
585000,0.0017376530100011583,0.02423146473779385,0.0001990132507180814,7.408020497292936e-05,4.582089552238806,2.0,5.119903374004687,/net/nfs-ip34/jbod2/def-ilafores/ref_dbs/sourmash_db/RefSeq_20250528.k31.sbt.zip,GCF_023347275.1_ASM2334727v1_genomic,88f1b5eec91b23fd70f1b11b9f13bd9a,0.2115732368896926,67000,160,235161000,/nfs3_ib/nfs-ip34/home/def-ilafores/analysis/MethodsComparison/Feces_RA/preproc/SRR5091458/SRR5091458_unmatched_2.fastq,SRR5091458,77291cc9,336661000,31,DNA,1000,336661,True,0.8146415371374642,0.9511317270033703,0.8828866320704173,0.9511317270033703,False,307,2348911,4144157
704000,0.002091124306052676,0.013929928239763613,0.00019604290369243838,0.00011172356645754492,7.015151515151516,4.0,12.581241958545565,/net/nfs-ip34/jbod2/def-ilafores/ref_dbs/sourmash_db/RefSeq_20250528.k31.sbt.zip,GCF_020735865.1_ASM2073586v1_genomic,be5dafe4a3de9c37ebecacd7a8f5820f,0.14858590122414522,66000,161,235095000,/nfs3_ib/nfs-ip34/home/def-ilafores/analysis/MethodsComparison/Feces_RA/preproc/SRR5091458/SRR5091458_unmatched_2.fastq,SRR5091458,77291cc9,336661000,31,DNA,1000,336661,True,0.8195220446503285,0.9403501541523421,0.8799360994013353,0.9403501541523421,False,463,2349374,4144157
3166000,0.009404118683185756,0.009770028558545018,0.0001930725566667954,3.6678147087574146e-05,2.3384615384615386,2.0,2.3156784888894495,/net/nfs-ip34/jbod2/def-ilafores/ref_dbs/sourmash_db/RefSeq_20250528.k31.sbt.zip,GCF_024759965.1_ASM2475996v1_genomic,0597e5616bafe946d72cf45ce141c96e,0.4758755448669773,65000,162,235030000,/nfs3_ib/nfs-ip34/home/def-ilafores/analysis/MethodsComparison/Feces_RA/preproc/SRR5091458/SRR5091458_unmatched_2.fastq,SRR5091458,77291cc9,336661000,31,DNA,1000,336661,True,0.8602469956669644,0.9763298351119764,0.9182884153894704,0.9763298351119764,False,152,2349526,4144157
136000,0.0004039671954874488,0.017064846416382253,0.0001930725566667954,2.219993113195277e-05,1.4153846153846155,1.0,0.6992811186069853,/net/nfs-ip34/jbod2/def-ilafores/ref_dbs/sourmash_db/RefSeq_20250528.k31.sbt.zip,GCF_020097255.1_ASM2009725v1_genomic,a9ae12c9613585a6c5f8cf95f5708c40,0.03570490942504594,65000,163,234965000,/nfs3_ib/nfs-ip34/home/def-ilafores/analysis/MethodsComparison/Feces_RA/preproc/SRR5091458/SRR5091458_unmatched_2.fastq,SRR5091458,77291cc9,336661000,31,DNA,1000,336661,True,0.7771901602904987,0.8980774761291235,0.8376338182098111,0.8980774761291235,False,92,2349618,4144157
3830000,0.011376429108212712,0.0128,0.00019010220964115238,4.970854144763338e-05,3.21875,1.0,4.49815500372097,/net/nfs-ip34/jbod2/def-ilafores/ref_dbs/sourmash_db/RefSeq_20250528.k31.sbt.zip,GCF_016766915.1_ASM1676691v1_genomic,bca43bd2d776e339740f17809f096165,0.766,64000,164,234901000,/nfs3_ib/nfs-ip34/home/def-ilafores/analysis/MethodsComparison/Feces_RA/preproc/SRR5091458/SRR5091458_unmatched_2.fastq,SRR5091458,77291cc9,336661000,31,DNA,1000,336661,True,0.8655467200908081,0.9914377342343589,0.9284922271625835,0.9914377342343589,False,206,2349824,4144157
165000,0.0004901072592310959,0.0091598683268928,0.00019010220964115238,2.606078872011847e-05,1.6875,1.0,1.4670868242881878,/net/nfs-ip34/jbod2/def-ilafores/ref_dbs/sourmash_db/RefSeq_20250528.k31.sbt.zip,GCF_042853085.1_ASM4285308v1_genomic,400d90fee346891087f6d66c37bf84f7,0.0236152855302705,64000,165,234837000,/nfs3_ib/nfs-ip34/home/def-ilafores/analysis/MethodsComparison/Feces_RA/preproc/SRR5091458/SRR5091458_unmatched_2.fastq,SRR5091458,77291cc9,336661000,31,DNA,1000,336661,True,0.7820512200820648,0.886180850913344,0.8341160354977044,0.886180850913344,False,108,2349932,4144157
335000,0.0009950662535904069,0.011158342189160468,0.00018713186261550937,3.426511109497058e-05,2.253968253968254,1.0,4.514415196946417,/net/nfs-ip34/jbod2/def-ilafores/ref_dbs/sourmash_db/RefSeq_20250528.k31.sbt.zip,GCF_020341675.1_ASM2034167v1_genomic,bd2850a06cddf8a9c679f450156df141,0.05933404179950407,63000,166,234774000,/nfs3_ib/nfs-ip34/home/def-ilafores/analysis/MethodsComparison/Feces_RA/preproc/SRR5091458/SRR5091458_unmatched_2.fastq,SRR5091458,77291cc9,336661000,31,DNA,1000,336661,True,0.800122560464397,0.9129125114908376,0.8565175359776174,0.9129125114908376,False,142,2350074,4144157
65000,0.0001930725566667954,0.02903225806451613,0.00018713186261550937,2.2682538330473485e-05,1.492063492063492,1.0,1.110884330598266,/net/nfs-ip34/jbod2/def-ilafores/ref_dbs/sourmash_db/RefSeq_20250528.k31.sbt.zip,GCF_900475225.1_42685_C01_genomic,bf58ac4caf31c3b7029b937caca63424,0.029953917050691243,63000,167,234711000,/nfs3_ib/nfs-ip34/home/def-ilafores/analysis/MethodsComparison/Feces_RA/preproc/SRR5091458/SRR5091458_unmatched_2.fastq,SRR5091458,77291cc9,336661000,31,DNA,1000,336661,True,0.7588999667384295,0.8930038734574287,0.8259519200979291,0.8930038734574287,False,94,2350168,4144157
530000,0.0015742839235907931,0.02153525529697812,0.00018416151558986636,2.292384192973384e-05,1.532258064516129,1.0,0.9283655762037522,/net/nfs-ip34/jbod2/def-ilafores/ref_dbs/sourmash_db/RefSeq_20250528.k31.sbt.zip,GCF_024168045.1_ASM2416804v1_genomic,1689b6c3fb62fec0dd444e73a686577b,0.18409169850642584,62000,168,234649000,/nfs3_ib/nfs-ip34/home/def-ilafores/analysis/MethodsComparison/Feces_RA/preproc/SRR5091458/SRR5091458_unmatched_2.fastq,SRR5091458,77291cc9,336661000,31,DNA,1000,336661,True,0.8120510355852077,0.9468723308776932,0.8794616832314505,0.9468723308776932,False,95,2350263,4144157
132000,0.00039208580738487675,0.02326468344774981,0.00018119116856422335,2.7026003117159896e-05,1.8360655737704918,1.0,1.5700091664016889,/net/nfs-ip34/jbod2/def-ilafores/ref_dbs/sourmash_db/RefSeq_20250528.k31.sbt.zip,GCF_025152405.1_ASM2515240v1_genomic,f688e4f928dd46c9b090e97a39a1952a,0.05034324942791762,61000,169,234588000,/nfs3_ib/nfs-ip34/home/def-ilafores/analysis/MethodsComparison/Feces_RA/preproc/SRR5091458/SRR5091458_unmatched_2.fastq,SRR5091458,77291cc9,336661000,31,DNA,1000,336661,True,0.7764420873444908,0.9080863276655382,0.8422642075050145,0.9080863276655382,False,112,2350375,4144157
1458000,0.004330765963387503,0.023246951219512195,0.00018119116856422335,4.391725506538483e-05,2.9836065573770494,2.0,2.315250956752612,/net/nfs-ip34/jbod2/def-ilafores/ref_dbs/sourmash_db/RefSeq_20250528.k31.sbt.zip,GCF_030296915.1_ASM3029691v1_genomic,9d842f452bc2873386caa06583d801ad,0.555640243902439,61000,170,234527000,/nfs3_ib/nfs-ip34/home/def-ilafores/analysis/MethodsComparison/Feces_RA/preproc/SRR5091458/SRR5091458_unmatched_2.fastq,SRR5091458,77291cc9,336661000,31,DNA,1000,336661,True,0.838996505767329,0.9812225908719372,0.9101095483196331,0.9812225908719372,False,182,2350557,4144157
285000,0.0008465489023082567,0.016229375169055992,0.00017822082153858034,4.994984504689373e-05,3.45,1.0,4.890211311044409,/net/nfs-ip34/jbod2/def-ilafores/ref_dbs/sourmash_db/RefSeq_20250528.k31.sbt.zip,GCF_000210015.1_ASM21001v1_genomic,6f351faff0bbc09512221a953fad4daf,0.07708953205301596,60000,171,234467000,/nfs3_ib/nfs-ip34/home/def-ilafores/analysis/MethodsComparison/Feces_RA/preproc/SRR5091458/SRR5091458_unmatched_2.fastq,SRR5091458,77291cc9,336661000,31,DNA,1000,336661,True,0.7959613897807774,0.9206543852169101,0.8583078874988437,0.9206543852169101,False,207,2350764,4144157
360000,0.001069324929231482,0.014977533699450823,0.00017822082153858034,0.00302811886711821,209.15,2.0,309.47540693890363,/net/nfs-ip34/jbod2/def-ilafores/ref_dbs/sourmash_db/RefSeq_20250528.k31.sbt.zip,GCF_019249725.2_ASM1924972v2_genomic,b52efe698d9af7f8373fa734735ff63d,0.08986520219670495,60000,172,234407000,/nfs3_ib/nfs-ip34/home/def-ilafores/analysis/MethodsComparison/Feces_RA/preproc/SRR5091458/SRR5091458_unmatched_2.fastq,SRR5091458,77291cc9,336661000,31,DNA,1000,336661,True,0.8019823838161649,0.9252197374900368,0.8636010606531008,0.9252197374900368,False,12549,2363313,4144157
3284000,0.009754619632211631,0.010741138560687433,0.00017822082153858034,7.190847257958614e-05,4.966666666666667,4.0,4.366412206326328,/net/nfs-ip34/jbod2/def-ilafores/ref_dbs/sourmash_db/RefSeq_20250528.k31.sbt.zip,GCF_013267555.1_ASM1326755v1_genomic,8ba6909a0cd9ed021d840de375f8dd88,0.5878983172216254,60000,173,234347000,/nfs3_ib/nfs-ip34/home/def-ilafores/analysis/MethodsComparison/Feces_RA/preproc/SRR5091458/SRR5091458_unmatched_2.fastq,SRR5091458,77291cc9,336661000,31,DNA,1000,336661,True,0.8612630538298646,0.9830104530857751,0.9221367534578198,0.9830104530857751,False,298,2363611,4144157
508000,0.001508936289026647,0.02107481559536354,0.00017822082153858034,5.743025662396478e-05,3.966666666666667,2.0,4.1189265052384165,/net/nfs-ip34/jbod2/def-ilafores/ref_dbs/sourmash_db/RefSeq_20250528.k31.sbt.zip,GCF_042854225.1_ASM4285422v1_genomic,387027c4a6ea2f36548bc8ed31ebb8dc,0.17843343870741132,60000,174,234287000,/nfs3_ib/nfs-ip34/home/def-ilafores/analysis/MethodsComparison/Feces_RA/preproc/SRR5091458/SRR5091458_unmatched_2.fastq,SRR5091458,77291cc9,336661000,31,DNA,1000,336661,True,0.8109412347178636,0.9459192690017019,0.8784302518597827,0.9459192690017019,False,238,2363849,4144157
169000,0.000501988647333668,0.020040760869565216,0.00017525047451293736,1.9304287940828495e-05,1.3559322033898304,1.0,0.7074114154138714,/net/nfs-ip34/jbod2/def-ilafores/ref_dbs/sourmash_db/RefSeq_20250528.k31.sbt.zip,GCF_014337155.1_ASM1433715v1_genomic,37519ff08fa08b5bc2ed2e92c46c0d51,0.057404891304347824,59000,175,234228000,/nfs3_ib/nfs-ip34/home/def-ilafores/analysis/MethodsComparison/Feces_RA/preproc/SRR5091458/SRR5091458_unmatched_2.fastq,SRR5091458,77291cc9,336661000,31,DNA,1000,336661,True,0.7826557330000001,0.9119396391069173,0.8472976860534587,0.9119396391069173,False,80,2363929,4144157
490000,0.001455470042565073,0.01714961561206387,0.00017228012748729435,3.7884665083875924e-05,2.706896551724138,2.0,2.341592596044448,/net/nfs-ip34/jbod2/def-ilafores/ref_dbs/sourmash_db/RefSeq_20250528.k31.sbt.zip,GCF_001454945.1_ASM145494v1_genomic,380e5279419db353c2f7e8db083c21b8,0.14488468361916026,58000,176,234170000,/nfs3_ib/nfs-ip34/home/def-ilafores/analysis/MethodsComparison/Feces_RA/preproc/SRR5091458/SRR5091458_unmatched_2.fastq,SRR5091458,77291cc9,336661000,31,DNA,1000,336661,True,0.8099980558342031,0.9395852900335188,0.874791672933861,0.9395852900335188,False,157,2364086,4144157
2031000,0.006032774809080945,0.0088212927756654,0.00017228012748729435,6.273893580769262e-05,4.482758620689655,2.0,6.1117224258552145,/net/nfs-ip34/jbod2/def-ilafores/ref_dbs/sourmash_db/RefSeq_20250528.k31.sbt.zip,GCF_024759125.1_ASM2475912v1_genomic,6bd244397ae27f2890a12eadb785907c,0.30889733840304184,58000,177,234112000,/nfs3_ib/nfs-ip34/home/def-ilafores/analysis/MethodsComparison/Feces_RA/preproc/SRR5091458/SRR5091458_unmatched_2.fastq,SRR5091458,77291cc9,336661000,31,DNA,1000,336661,True,0.8480154756530122,0.9628139908218949,0.9054147332374536,0.9628139908218949,False,260,2364346,4144157
3728000,0.011073453711597125,0.01127373417721519,0.00016930978046165134,5.429330983358015e-05,3.9473684210526314,3.0,4.627989039364338,/net/nfs-ip34/jbod2/def-ilafores/ref_dbs/sourmash_db/RefSeq_20250528.k31.sbt.zip,GCF_012273055.1_ASM1227305v1_genomic,c1884ac4d25c83812a1bdd52c3c7dc1b,0.7373417721518988,57000,178,234055000,/nfs3_ib/nfs-ip34/home/def-ilafores/analysis/MethodsComparison/Feces_RA/preproc/SRR5091458/SRR5091458_unmatched_2.fastq,SRR5091458,77291cc9,336661000,31,DNA,1000,336661,True,0.8647933829063558,0.9902189946993691,0.9275061888028624,0.9902189946993691,False,225,2364571,4144157
414000,0.0012297236686162043,0.01645021645021645,0.00016930978046165134,1.858037714304743e-05,1.3508771929824561,1.0,0.6349810902053985,/net/nfs-ip34/jbod2/def-ilafores/ref_dbs/sourmash_db/RefSeq_20250528.k31.sbt.zip,GCF_042848385.1_ASM4284838v1_genomic,e8ef29c997c2b15b3aefce07de5bc023,0.11948051948051948,57000,179,233998000,/nfs3_ib/nfs-ip34/home/def-ilafores/analysis/MethodsComparison/Feces_RA/preproc/SRR5091458/SRR5091458_unmatched_2.fastq,SRR5091458,77291cc9,336661000,31,DNA,1000,336661,True,0.8056062439546492,0.9337602677157236,0.8696832558351864,0.9337602677157236,False,77,2364648,4144157
1476000,0.0043842322098490765,0.014178912090745037,0.00016336908641036531,0.003622208328497207,272.92727272727274,2.0,357.129915477443,/net/nfs-ip34/jbod2/def-ilafores/ref_dbs/sourmash_db/RefSeq_20250528.k31.sbt.zip,GCF_032451715.1_ASM3245171v1_genomic,f1795b36006e7a505f203c85c8c93bd2,0.3805104408352668,55000,180,233943000,/nfs3_ib/nfs-ip34/home/def-ilafores/analysis/MethodsComparison/Feces_RA/preproc/SRR5091458/SRR5091458_unmatched_2.fastq,SRR5091458,77291cc9,336661000,31,DNA,1000,336661,True,0.839328654232547,0.9693116623035171,0.904320158268032,0.9693116623035171,False,15011,2379659,4144157
868000,0.002578261218258129,0.011534276387377584,0.00015742839235907932,1.399560875710066e-05,1.0943396226415094,1.0,0.35096368373091086,/net/nfs-ip34/jbod2/def-ilafores/ref_dbs/sourmash_db/RefSeq_20250528.k31.sbt.zip,GCF_022493255.1_ASM2249325v1_genomic,a44b32e232a762d2038a4c8e83948a52,0.18890097932535366,53000,181,233890000,/nfs3_ib/nfs-ip34/home/def-ilafores/analysis/MethodsComparison/Feces_RA/preproc/SRR5091458/SRR5091458_unmatched_2.fastq,SRR5091458,77291cc9,336661000,31,DNA,1000,336661,True,0.8250768781038641,0.9476603636602474,0.8863686208820558,0.9476603636602474,False,58,2379717,4144157
135000,0.0004009968484618058,0.025070955534531692,0.00015742839235907932,2.3889056326775263e-05,1.8679245283018868,1.0,1.4147169308041885,/net/nfs-ip34/jbod2/def-ilafores/ref_dbs/sourmash_db/RefSeq_20250528.k31.sbt.zip,GCF_018406505.1_ASM1840650v1_genomic,872ba7f893b2935ffad03d3bc2f1bde1,0.06385998107852413,53000,182,233837000,/nfs3_ib/nfs-ip34/home/def-ilafores/analysis/MethodsComparison/Feces_RA/preproc/SRR5091458/SRR5091458_unmatched_2.fastq,SRR5091458,77291cc9,336661000,31,DNA,1000,336661,True,0.7770051582234355,0.9150798516058996,0.8460425049146676,0.9150798516058996,False,99,2379816,4144157
412000,0.0012237829745649184,0.013316582914572864,0.00015742839235907932,5.4534613432840504e-05,4.264150943396227,2.0,5.892595108209248,/net/nfs-ip34/jbod2/def-ilafores/ref_dbs/sourmash_db/RefSeq_20250528.k31.sbt.zip,GCF_000209995.1_ASM20999v1_genomic,300ebb94b057c743776c0c6aab2d0089,0.1035175879396985,53000,183,233784000,/nfs3_ib/nfs-ip34/home/def-ilafores/analysis/MethodsComparison/Feces_RA/preproc/SRR5091458/SRR5091458_unmatched_2.fastq,SRR5091458,77291cc9,336661000,31,DNA,1000,336661,True,0.8054804070573437,0.9294504942747319,0.8674654506660378,0.9294504942747319,False,226,2380042,4144157
2339000,0.006947641692978991,0.009923235349185546,0.00015742839235907932,2.5095574323077044e-05,1.9622641509433962,1.0,2.346914989504334,/net/nfs-ip34/jbod2/def-ilafores/ref_dbs/sourmash_db/RefSeq_20250528.k31.sbt.zip,GCF_025916455.1_ASM2591645v1_genomic,27ccee7b3170a58b99749b4c684abf80,0.4379329713536791,53000,184,233731000,/nfs3_ib/nfs-ip34/home/def-ilafores/analysis/MethodsComparison/Feces_RA/preproc/SRR5091458/SRR5091458_unmatched_2.fastq,SRR5091458,77291cc9,336661000,31,DNA,1000,336661,True,0.8518867276715857,0.9737164445864177,0.9128015861290018,0.9737164445864177,False,104,2380146,4144157
660000,0.0019604290369243838,0.010827374872318692,0.00015742839235907932,7.76997589618347e-05,6.0754716981132075,1.0,21.647997908738496,/net/nfs-ip34/jbod2/def-ilafores/ref_dbs/sourmash_db/RefSeq_20250528.k31.sbt.zip,GCF_040687835.1_BfineCL09T03C10_hyb1_genomic,2fc098c7ce25807ec176d4c82a66ac2e,0.1348314606741573,53000,185,233678000,/nfs3_ib/nfs-ip34/home/def-ilafores/analysis/MethodsComparison/Feces_RA/preproc/SRR5091458/SRR5091458_unmatched_2.fastq,SRR5091458,77291cc9,336661000,31,DNA,1000,336661,True,0.8178176664988749,0.9374082031433211,0.8776129348210979,0.9374082031433211,False,322,2380468,4144157
146000,0.00043367066574387885,0.016317733990147784,0.00015742839235907932,2.3165145528994196e-05,1.8113207547169812,1.0,1.8638224445111669,/net/nfs-ip34/jbod2/def-ilafores/ref_dbs/sourmash_db/RefSeq_20250528.k31.sbt.zip,GCF_018140635.1_ASM1814063v1_genomic,03d45a9b9bd5d52d6fdc9c5ba2260f24,0.04495073891625616,53000,186,233625000,/nfs3_ib/nfs-ip34/home/def-ilafores/analysis/MethodsComparison/Feces_RA/preproc/SRR5091458/SRR5091458_unmatched_2.fastq,SRR5091458,77291cc9,336661000,31,DNA,1000,336661,True,0.7789710036426701,0.9047735539585132,0.8418722788005917,0.9047735539585132,False,96,2380564,4144157
1604000,0.004764436629131381,0.02044907778668805,0.0001514876983077933,0.00016384514389778187,13.313725490196079,13.0,8.113146426895808,/net/nfs-ip34/jbod2/def-ilafores/ref_dbs/sourmash_db/RefSeq_20250528.k31.sbt.zip,GCF_900683765.1_Phascolarctobacterium_succinatutens_82G5_genomic,3f78203e6069e7dd0f934cece4bae86a,0.6431435445068163,51000,187,233574000,/nfs3_ib/nfs-ip34/home/def-ilafores/analysis/MethodsComparison/Feces_RA/preproc/SRR5091458/SRR5091458_unmatched_2.fastq,SRR5091458,77291cc9,336661000,31,DNA,1000,336661,True,0.8415833735977472,0.9858625840120002,0.9137229788048737,0.9858625840120002,False,679,2381243,4144157
1400000,0.004158485835900208,0.02220287331301698,0.0001514876983077933,2.340644912825455e-05,1.9019607843137254,1.0,1.1923761408243743,/net/nfs-ip34/jbod2/def-ilafores/ref_dbs/sourmash_db/RefSeq_20250528.k31.sbt.zip,GCF_040711965.1_ASM4071196v1_genomic,cc2e35263b124926cc75d0a78323817c,0.6094906399651719,51000,188,233523000,/nfs3_ib/nfs-ip34/home/def-ilafores/analysis/MethodsComparison/Feces_RA/preproc/SRR5091458/SRR5091458_unmatched_2.fastq,SRR5091458,77291cc9,336661000,31,DNA,1000,336661,True,0.8378985886945575,0.9841548859400955,0.9110267373173264,0.9841548859400955,False,97,2381340,4144157
603000,0.0017911192564627326,0.01563966218329684,0.0001485173512821503,3.1610771503106664e-05,2.62,1.0,2.9454371492191105,/net/nfs-ip34/jbod2/def-ilafores/ref_dbs/sourmash_db/RefSeq_20250528.k31.sbt.zip,GCF_964272105.1_LUMC_Rgna_QRD038_genomic,9c7aa30b4e916cf0ec4a851bb377fdda,0.1886143259305599,50000,189,233473000,/nfs3_ib/nfs-ip34/home/def-ilafores/analysis/MethodsComparison/Feces_RA/preproc/SRR5091458/SRR5091458_unmatched_2.fastq,SRR5091458,77291cc9,336661000,31,DNA,1000,336661,True,0.8154383135188381,0.9476139406829582,0.8815261271008982,0.9476139406829582,False,131,2381471,4144157
3395000,0.010084328152058005,0.0077724234416291,0.0001485173512821503,2.8473824712722034e-05,2.36,1.0,2.4228908353452496,/net/nfs-ip34/jbod2/def-ilafores/ref_dbs/sourmash_db/RefSeq_20250528.k31.sbt.zip,GCF_025916295.1_ASM2591629v1_genomic,2b995a328d689c9331c85dafdfef990d,0.5277475516866159,50000,190,233423000,/nfs3_ib/nfs-ip34/home/def-ilafores/analysis/MethodsComparison/Feces_RA/preproc/SRR5091458/SRR5091458_unmatched_2.fastq,SRR5091458,77291cc9,336661000,31,DNA,1000,336661,True,0.8621870890246526,0.9795937539515779,0.9208904214881153,0.9795937539515779,False,118,2381589,4144157
3087000,0.00916946126815996,0.010810810810810811,0.0001485173512821503,8.831711732929037e-05,7.32,1.5,9.137702118147647,/net/nfs-ip34/jbod2/def-ilafores/ref_dbs/sourmash_db/RefSeq_20250528.k31.sbt.zip,GCF_025914195.1_ASM2591419v1_genomic,4ab236feb27bbefb635121ccd1c90e65,0.6674594594594595,50000,191,233373000,/nfs3_ib/nfs-ip34/home/def-ilafores/analysis/MethodsComparison/Feces_RA/preproc/SRR5091458/SRR5091458_unmatched_2.fastq,SRR5091458,77291cc9,336661000,31,DNA,1000,336661,True,0.8595460630901016,0.9870434862855871,0.9232947746878444,0.9870434862855871,False,366,2381955,4144157
103000,0.0003059457436412296,0.008067118425298484,0.0001485173512821503,1.906298434156814e-05,1.58,1.0,0.9184770002564028,/net/nfs-ip34/jbod2/def-ilafores/ref_dbs/sourmash_db/RefSeq_20250528.k31.sbt.zip,GCF_020215665.1_ASM2021566v1_genomic,dbd6c540cf449ec70979210a14f4ba9c,0.016618263956114876,50000,192,233323000,/nfs3_ib/nfs-ip34/home/def-ilafores/analysis/MethodsComparison/Feces_RA/preproc/SRR5091458/SRR5091458_unmatched_2.fastq,SRR5091458,77291cc9,336661000,31,DNA,1000,336661,True,0.7702535184745369,0.8761925116750318,0.8232230150747843,0.8761925116750318,False,79,2382034,4144157
2025000,0.006014952726927087,0.007505253677574302,0.0001485173512821503,5.549982782988193e-05,4.6,2.0,12.14084016862095,/net/nfs-ip34/jbod2/def-ilafores/ref_dbs/sourmash_db/RefSeq_20250528.k31.sbt.zip,GCF_018289035.1_ASM1828903v1_genomic,2c57a91b8fe09d51df24c6e20ef5d122,0.30396277394175925,50000,193,233273000,/nfs3_ib/nfs-ip34/home/def-ilafores/analysis/MethodsComparison/Feces_RA/preproc/SRR5091458/SRR5091458_unmatched_2.fastq,SRR5091458,77291cc9,336661000,31,DNA,1000,336661,True,0.847934546503463,0.9623139623292924,0.9051242544163778,0.9623139623292924,False,230,2382264,4144157
446000,0.0013247747734367807,0.0170299727520436,0.0001485173512821503,5.1397666642455874e-05,4.26,2.0,4.795039103073092,/net/nfs-ip34/jbod2/def-ilafores/ref_dbs/sourmash_db/RefSeq_20250528.k31.sbt.zip,GCF_023347295.1_ASM2334729v1_genomic,78db35fa6d9edc0fa99c8623efbe174d,0.15190735694822888,50000,194,233223000,/nfs3_ib/nfs-ip34/home/def-ilafores/analysis/MethodsComparison/Feces_RA/preproc/SRR5091458/SRR5091458_unmatched_2.fastq,SRR5091458,77291cc9,336661000,31,DNA,1000,336661,True,0.8075434010128705,0.9410210022490046,0.8742822016309375,0.9410210022490046,False,213,2382477,4144157
