intersect_bp,f_orig_query,f_match,f_unique_to_query,f_unique_weighted,average_abund,median_abund,std_abund,filename,name,md5,f_match_orig,unique_intersect_bp,gather_result_rank,remaining_bp,query_filename,query_name,query_md5,query_bp,ksize,moltype,scaled,query_n_hashes,query_abundance,query_containment_ani,match_containment_ani,average_containment_ani,max_containment_ani,potential_false_negative,n_unique_weighted_found,sum_weighted_found,total_weighted_hashes
8880000,0.01802105297337227,0.02526337351385645,0.01802105297337227,0.02766607578306045,16.357657657657658,4.0,146.66609058008248,/net/nfs-ip34/jbod2/def-ilafores/ref_dbs/sourmash_db/RefSeq_20250528.k31.sbt.zip,plasmid.7.1.genomic,7a8c695160f2da22a8aff644e0702b99,0.02526337351385645,8880000,0,483877000,/nfs3_ib/nfs-ip34/home/def-ilafores/analysis/MethodsComparison/Feces_RA/preproc/SRR5091513/SRR5091513_unmatched_2.fastq,SRR5091513,68636763,492757000,31,DNA,1000,492757,True,0.8784859984394335,0.8881114365638673,0.8832987175016505,0.8881114365638673,False,145256,145256,5250329
5947000,0.01206882905773028,0.9100934293153622,0.012058682068443472,0.009978041376073766,8.816560080780881,5.0,61.11981221930687,/net/nfs-ip34/jbod2/def-ilafores/ref_dbs/sourmash_db/RefSeq_20250528.k31.sbt.zip,GCF_025916315.1_ASM2591631v1_genomic,a861cd4f4fc1c18dd8addbc67f8937d7,0.9108592433757083,5942000,1,477935000,/nfs3_ib/nfs-ip34/home/def-ilafores/analysis/MethodsComparison/Feces_RA/preproc/SRR5091513/SRR5091513_unmatched_2.fastq,SRR5091513,68636763,492757000,31,DNA,1000,492757,True,0.8671979253245351,0.9969926954949768,0.932095310409756,0.9969926954949768,False,52388,197644,5250329
5491000,0.011143423634773327,0.8305606900800986,0.010942513246894514,0.029109794833809464,28.344955489614243,21.0,28.617956945179014,/net/nfs-ip34/jbod2/def-ilafores/ref_dbs/sourmash_db/RefSeq_20250528.k31.sbt.zip,GCF_001314995.1_ASM131499v1_genomic,514bdd6aa640f40cc6414be0e11ec2f6,0.8458102279728897,5392000,2,472543000,/nfs3_ib/nfs-ip34/home/def-ilafores/analysis/MethodsComparison/Feces_RA/preproc/SRR5091513/SRR5091513_unmatched_2.fastq,SRR5091513,68636763,492757000,31,DNA,1000,492757,True,0.8649691164221345,0.9946126203474214,0.929790868384778,0.9946126203474214,False,152836,350480,5250329
4538000,0.009209407476707586,0.6275372604684173,0.008971967927396263,0.013405826568201726,15.92060619769283,3.0,59.323093226046616,/net/nfs-ip34/jbod2/def-ilafores/ref_dbs/sourmash_db/RefSeq_20250528.k31.sbt.zip,GCF_018292125.1_ASM1829212v1_genomic,db815f18771b0ea0ac3270b94c8884ba,0.6441447835344216,4421000,3,468122000,/nfs3_ib/nfs-ip34/home/def-ilafores/analysis/MethodsComparison/Feces_RA/preproc/SRR5091513/SRR5091513_unmatched_2.fastq,SRR5091513,68636763,492757000,31,DNA,1000,492757,True,0.859666601478281,0.9859120558001923,0.9227893286392366,0.9859120558001923,False,70385,420865,5250329
4435000,0.009000379497399326,0.8255098114659485,0.008708146205939236,0.10398891193294744,127.23747378233512,131.0,109.17334027821582,/net/nfs-ip34/jbod2/def-ilafores/ref_dbs/sourmash_db/RefSeq_20250528.k31.sbt.zip,GCF_024759565.1_ASM2475956v1_genomic,960bb5f95152f9a5590d4499db9b2620,0.8532127741439015,4291000,4,463831000,/nfs3_ib/nfs-ip34/home/def-ilafores/analysis/MethodsComparison/Feces_RA/preproc/SRR5091513/SRR5091513_unmatched_2.fastq,SRR5091513,68636763,492757000,31,DNA,1000,492757,True,0.8590301633662691,0.9948922401483278,0.9269612017572985,0.9948922401483278,False,545976,966841,5250329
3970000,0.008056709493726116,0.7654272151898734,0.007853769707989943,0.004913596843169257,6.666149870801034,2.0,59.415626812025735,/net/nfs-ip34/jbod2/def-ilafores/ref_dbs/sourmash_db/RefSeq_20250528.k31.sbt.zip,GCF_012273055.1_ASM1227305v1_genomic,c1884ac4d25c83812a1bdd52c3c7dc1b,0.7852056962025317,3870000,5,459961000,/nfs3_ib/nfs-ip34/home/def-ilafores/analysis/MethodsComparison/Feces_RA/preproc/SRR5091513/SRR5091513_unmatched_2.fastq,SRR5091513,68636763,492757000,31,DNA,1000,492757,True,0.8559663662347411,0.9922300350023315,0.9240982006185363,0.9922300350023315,False,25798,992639,5250329
3986000,0.008089179859443905,0.8309430682312038,0.0077604174065513025,0.10795971071527137,148.22803347280336,156.0,61.53991279522638,/net/nfs-ip34/jbod2/def-ilafores/ref_dbs/sourmash_db/RefSeq_20250528.k31.sbt.zip,GCF_044361425.1_ASM4436142v1_genomic,3fefc7b82ec3714f447cba888f85e7ce,0.8661451542807475,3824000,6,456137000,/nfs3_ib/nfs-ip34/home/def-ilafores/analysis/MethodsComparison/Feces_RA/preproc/SRR5091513/SRR5091513_unmatched_2.fastq,SRR5091513,68636763,492757000,31,DNA,1000,492757,True,0.8560774316820279,0.9953751544667291,0.9257262930743785,0.9953751544667291,False,566824,1559463,5250329
4114000,0.008348942785186208,0.7033295922184811,0.0076305359436801504,0.006164185139636011,8.607446808510637,4.0,35.7792827234507,/net/nfs-ip34/jbod2/def-ilafores/ref_dbs/sourmash_db/RefSeq_20250528.k31.sbt.zip,GCF_018292205.1_ASM1829220v1_genomic,8ecf5298bc316c4919161fc4689e0594,0.7695473251028807,3760000,7,452377000,/nfs3_ib/nfs-ip34/home/def-ilafores/analysis/MethodsComparison/Feces_RA/preproc/SRR5091513/SRR5091513_unmatched_2.fastq,SRR5091513,68636763,492757000,31,DNA,1000,492757,True,0.8569507325201299,0.9915855104937875,0.9242681215069587,0.9915855104937875,False,32364,1591827,5250329
3905000,0.007924798632997603,0.5968827488487425,0.006839070779309071,0.0028403934305831122,4.425222551928783,3.0,18.231088783839517,/net/nfs-ip34/jbod2/def-ilafores/ref_dbs/sourmash_db/RefSeq_20250528.k31.sbt.zip,GCF_020341675.1_ASM2034167v1_genomic,bd2850a06cddf8a9c679f450156df141,0.6916400991852639,3370000,8,449007000,/nfs3_ib/nfs-ip34/home/def-ilafores/analysis/MethodsComparison/Feces_RA/preproc/SRR5091513/SRR5091513_unmatched_2.fastq,SRR5091513,68636763,492757000,31,DNA,1000,492757,True,0.855510663087982,0.9881772335096211,0.9218439482988015,0.9881772335096211,False,14913,1606740,5250329
3367000,0.006832982585736986,0.7777777777777778,0.0067477478757277925,0.0034043580887978637,5.375639097744361,4.0,15.905395375002882,/net/nfs-ip34/jbod2/def-ilafores/ref_dbs/sourmash_db/RefSeq_20250528.k31.sbt.zip,GCF_900187175.1_51342_A02_genomic,ebb5322e84d5def69ea51d3ef551ea04,0.7876023391812865,3325000,9,445682000,/nfs3_ib/nfs-ip34/home/def-ilafores/analysis/MethodsComparison/Feces_RA/preproc/SRR5091513/SRR5091513_unmatched_2.fastq,SRR5091513,68636763,492757000,31,DNA,1000,492757,True,0.851429551823865,0.9923275856099452,0.9218785687169051,0.9923275856099452,False,17874,1624614,5250329
3382000,0.006863423553597412,0.5760058255962134,0.006421014820692552,0.0014364814090697935,2.3836915297092287,2.0,1.5845531303570928,/net/nfs-ip34/jbod2/def-ilafores/ref_dbs/sourmash_db/RefSeq_20250528.k31.sbt.zip,GCF_031201845.1_ASM3120184v1_genomic,ef75108aed3d0aa1111b397d0cca273e,0.6156926997997452,3164000,10,442518000,/nfs3_ib/nfs-ip34/home/def-ilafores/analysis/MethodsComparison/Feces_RA/preproc/SRR5091513/SRR5091513_unmatched_2.fastq,SRR5091513,68636763,492757000,31,DNA,1000,492757,True,0.8515516476182688,0.984476356535328,0.9180140020767984,0.984476356535328,False,7542,1632156,5250329
4776000,0.00969240416675968,0.4656786271450858,0.006057752604224801,0.018056582739862586,31.759798994974876,33.0,25.755159349641502,/net/nfs-ip34/jbod2/def-ilafores/ref_dbs/sourmash_db/RefSeq_20250528.k31.sbt.zip,GCF_024758345.1_ASM2475834v1_genomic,183a75b530ce328e418f91cd67bce618,0.7450858034321373,2985000,11,439533000,/nfs3_ib/nfs-ip34/home/def-ilafores/analysis/MethodsComparison/Feces_RA/preproc/SRR5091513/SRR5091513_unmatched_2.fastq,SRR5091513,68636763,492757000,31,DNA,1000,492757,True,0.8610853053108889,0.9905527823813254,0.9258190438461071,0.9905527823813254,False,94803,1726959,5250329
2911000,0.0059075771627800314,0.6646788990825688,0.005881194990634329,0.006724911905520587,12.183574879227054,5.0,37.70389857323132,/net/nfs-ip34/jbod2/def-ilafores/ref_dbs/sourmash_db/RefSeq_20250528.k31.sbt.zip,GCF_042847785.1_ASM4284778v1_genomic,88019d6ddc2b537fe7ac87c23df45062,0.6676605504587156,2898000,12,436635000,/nfs3_ib/nfs-ip34/home/def-ilafores/analysis/MethodsComparison/Feces_RA/preproc/SRR5091513/SRR5091513_unmatched_2.fastq,SRR5091513,68636763,492757000,31,DNA,1000,492757,True,0.8474419931909434,0.9870530776199099,0.9172475354054266,0.9870530776199099,False,35308,1762267,5250329
2719000,0.005517932774166577,0.5476994512452512,0.005266287439853721,0.0017353198247195556,3.5109826589595374,2.0,16.522052023905026,/net/nfs-ip34/jbod2/def-ilafores/ref_dbs/sourmash_db/RefSeq_20250528.k31.sbt.zip,GCF_020735865.1_ASM2073586v1_genomic,be5dafe4a3de9c37ebecacd7a8f5820f,0.573870831574504,2595000,13,434040000,/nfs3_ib/nfs-ip34/home/def-ilafores/analysis/MethodsComparison/Feces_RA/preproc/SRR5091513/SRR5091513_unmatched_2.fastq,SRR5091513,68636763,492757000,31,DNA,1000,492757,True,0.8455787836422861,0.9822449650869939,0.9139118743646399,0.9822449650869939,False,9111,1771378,5250329
2576000,0.005227728880563848,0.680810292909937,0.005047112471258653,0.005929533177825618,12.517893043827906,10.0,17.86777321228252,/net/nfs-ip34/jbod2/def-ilafores/ref_dbs/sourmash_db/RefSeq_20250528.k31.sbt.zip,GCF_025145845.1_ASM2514584v1_genomic,00191848f4049b7a1cb875559983f7c7,0.7051738297289899,2487000,14,431553000,/nfs3_ib/nfs-ip34/home/def-ilafores/analysis/MethodsComparison/Feces_RA/preproc/SRR5091513/SRR5091513_unmatched_2.fastq,SRR5091513,68636763,492757000,31,DNA,1000,492757,True,0.8441064044040419,0.9887951523742384,0.9164507783891402,0.9887951523742384,False,31132,1802510,5250329
2589000,0.005254111052709551,0.627420604182804,0.004931436793389033,0.022734956228457302,49.12181069958848,50.0,20.112215480552653,/net/nfs-ip34/jbod2/def-ilafores/ref_dbs/sourmash_db/RefSeq_20250528.k31.sbt.zip,GCF_020091485.1_ASM2009148v1_genomic,0bb666bd34472dc3dae293249907c788,0.6684740511231604,2430000,15,429123000,/nfs3_ib/nfs-ip34/home/def-ilafores/analysis/MethodsComparison/Feces_RA/preproc/SRR5091513/SRR5091513_unmatched_2.fastq,SRR5091513,68636763,492757000,31,DNA,1000,492757,True,0.84424348459551,0.9870918502349437,0.9156676674152269,0.9870918502349437,False,119366,1921876,5250329
2438000,0.004947671976247928,0.6701657458563536,0.004923319201959587,0.0038471874810130945,8.326051112943116,2.0,36.04305553438278,/net/nfs-ip34/jbod2/def-ilafores/ref_dbs/sourmash_db/RefSeq_20250528.k31.sbt.zip,GCF_005121165.3_ASM512116v3_genomic,74059216b7cd65a7ff314267c1b83b8e,0.6734806629834255,2426000,16,426697000,/nfs3_ib/nfs-ip34/home/def-ilafores/analysis/MethodsComparison/Feces_RA/preproc/SRR5091513/SRR5091513_unmatched_2.fastq,SRR5091513,68636763,492757000,31,DNA,1000,492757,True,0.8426084992048497,0.9873294719986648,0.9149689856017573,0.9873294719986648,False,20199,1942075,5250329
2513000,0.005099876815550058,0.7058092575333955,0.004610791931925878,0.002163673933576353,5.0,4.0,9.9931314439638,/net/nfs-ip34/jbod2/def-ilafores/ref_dbs/sourmash_db/RefSeq_20250528.k31.sbt.zip,GCF_006542725.1_Aond_3.0_genomic,7fbb97287421b4f5df527beb1443bd37,0.780677228953091,2272000,17,424425000,/nfs3_ib/nfs-ip34/home/def-ilafores/analysis/MethodsComparison/Feces_RA/preproc/SRR5091513/SRR5091513_unmatched_2.fastq,SRR5091513,68636763,492757000,31,DNA,1000,492757,True,0.8434324626663854,0.9920449235406884,0.917738693103537,0.9920449235406884,False,11360,1953435,5250329
2282000,0.004631085910499495,0.7426958831341302,0.004539763006918217,0.0025766004378011357,6.04738489047832,3.0,29.219415480769335,/net/nfs-ip34/jbod2/def-ilafores/ref_dbs/sourmash_db/RefSeq_20250528.k31.sbt.zip,GCF_009557455.1_ASM955745v1_genomic,7e798acda951bd16b6d452563081e9df,0.7576361221779548,2237000,18,422188000,/nfs3_ib/nfs-ip34/home/def-ilafores/analysis/MethodsComparison/Feces_RA/preproc/SRR5091513/SRR5091513_unmatched_2.fastq,SRR5091513,68636763,492757000,31,DNA,1000,492757,True,0.8408130553256153,0.9910866691602206,0.915949862242918,0.9910866691602206,False,13528,1966963,5250329
2365000,0.004799525932660521,0.6910112359550562,0.004493086856198897,0.004334775973086639,10.279584462511291,8.0,15.371461038609015,/net/nfs-ip34/jbod2/def-ilafores/ref_dbs/sourmash_db/RefSeq_20250528.k31.sbt.zip,GCF_006542745.1_6CPBBH3_genomic,fd3fc44b40474382e7e9ffb3487da7b2,0.7381398252184769,2214000,19,419974000,/nfs3_ib/nfs-ip34/home/def-ilafores/analysis/MethodsComparison/Feces_RA/preproc/SRR5091513/SRR5091513_unmatched_2.fastq,SRR5091513,68636763,492757000,31,DNA,1000,492757,True,0.841782604030844,0.9902535492419224,0.9160180766363832,0.9902535492419224,False,22759,1989722,5250329
2231000,0.004527586619774046,0.5356344673454184,0.004377411178329278,0.022820284214570174,55.546592489568845,55.0,20.418370643564305,/net/nfs-ip34/jbod2/def-ilafores/ref_dbs/sourmash_db/RefSeq_20250528.k31.sbt.zip,GCF_027923645.1_ASM2792364v1_genomic,9fb8a945f847c19c6bae95891438e391,0.5540104296001986,2157000,20,417817000,/nfs3_ib/nfs-ip34/home/def-ilafores/analysis/MethodsComparison/Feces_RA/preproc/SRR5091513/SRR5091513_unmatched_2.fastq,SRR5091513,68636763,492757000,31,DNA,1000,492757,True,0.8402002355591603,0.9811296156080597,0.91066492558361,0.9811296156080597,False,119814,2109536,5250329
2158000,0.004379440576186639,0.7245244565217391,0.004328705629752596,0.02521346757507958,62.06235349273324,60.0,26.40732458685775,/net/nfs-ip34/jbod2/def-ilafores/ref_dbs/sourmash_db/RefSeq_20250528.k31.sbt.zip,GCF_014337155.1_ASM1433715v1_genomic,37519ff08fa08b5bc2ed2e92c46c0d51,0.733016304347826,2133000,21,415684000,/nfs3_ib/nfs-ip34/home/def-ilafores/analysis/MethodsComparison/Feces_RA/preproc/SRR5091513/SRR5091513_unmatched_2.fastq,SRR5091513,68636763,492757000,31,DNA,1000,492757,True,0.8392990475198855,0.9900310761862344,0.91466506185306,0.9900310761862344,False,132379,2241915,5250329
2127000,0.004316529242608426,0.7274001401541695,0.004213029951882977,0.002105010943123755,5.323699421965318,3.0,14.292170033689352,/net/nfs-ip34/jbod2/def-ilafores/ref_dbs/sourmash_db/RefSeq_20250528.k31.sbt.zip,GCF_044591705.1_ASM4459170v1_genomic,534586fd213cdbccf2580b51187bb263,0.7452697967764541,2076000,22,413608000,/nfs3_ib/nfs-ip34/home/def-ilafores/analysis/MethodsComparison/Feces_RA/preproc/SRR5091513/SRR5091513_unmatched_2.fastq,SRR5091513,68636763,492757000,31,DNA,1000,492757,True,0.8389073939165743,0.9905606720699806,0.9147340329932774,0.9905606720699806,False,11052,2252967,5250329
2177000,0.0044179991354765125,0.589091947458595,0.004186647779737274,0.003381883306741349,8.606883179835192,6.0,16.173894189464253,/net/nfs-ip34/jbod2/def-ilafores/ref_dbs/sourmash_db/RefSeq_20250528.k31.sbt.zip,GCF_000225345.1_ASM22534v1_genomic,2c4be6d3f461c9f71df87a5d7ae22e2f,0.6216447744146202,2063000,23,411545000,/nfs3_ib/nfs-ip34/home/def-ilafores/analysis/MethodsComparison/Feces_RA/preproc/SRR5091513/SRR5091513_unmatched_2.fastq,SRR5091513,68636763,492757000,31,DNA,1000,492757,True,0.8395364108993792,0.9847819362606505,0.9121591735800149,0.9847819362606505,False,17756,2270723,5250329
2138000,0.004338852619039405,0.6987092391304348,0.004174471392593104,0.013616289569663159,34.75449684005834,27.0,43.85379774342535,/net/nfs-ip34/jbod2/def-ilafores/ref_dbs/sourmash_db/RefSeq_20250528.k31.sbt.zip,GCF_019967975.1_ASM1996797v1_genomic,2c2d74013e8cf3a4113eeeae8dce1511,0.7262228260869565,2057000,24,409488000,/nfs3_ib/nfs-ip34/home/def-ilafores/analysis/MethodsComparison/Feces_RA/preproc/SRR5091513/SRR5091513_unmatched_2.fastq,SRR5091513,68636763,492757000,31,DNA,1000,492757,True,0.8390469963760286,0.9897337584829153,0.9143903774294719,0.9897337584829153,False,71490,2342213,5250329
7870000,0.015971361137436912,0.008015368844188657,0.00403038414472042,0.004155739573653385,10.986404833836858,2.0,44.705608783036276,/net/nfs-ip34/jbod2/def-ilafores/ref_dbs/sourmash_db/RefSeq_20250528.k31.sbt.zip,plasmid.1.1.genomic,8051cea624a45a3e4dc84e7fef1c6e83,0.031762816114685156,1986000,25,407502000,/nfs3_ib/nfs-ip34/home/def-ilafores/analysis/MethodsComparison/Feces_RA/preproc/SRR5091513/SRR5091513_unmatched_2.fastq,SRR5091513,68636763,492757000,31,DNA,1000,492757,True,0.8750709930939499,0.8946945800782405,0.8848827865860952,0.8946945800782405,False,21819,2364032,5250329
2063000,0.004186647779737274,0.5926479378362224,0.004024295951148334,0.005557556488364824,14.714573877962684,14.0,12.220458710777963,/net/nfs-ip34/jbod2/def-ilafores/ref_dbs/sourmash_db/RefSeq_20250528.k31.sbt.zip,GCF_045061065.1_ASM4506106v1_genomic,af810c6e00a2b94057226e642af6e200,0.6165570830842797,1983000,26,405519000,/nfs3_ib/nfs-ip34/home/def-ilafores/analysis/MethodsComparison/Feces_RA/preproc/SRR5091513/SRR5091513_unmatched_2.fastq,SRR5091513,68636763,492757000,31,DNA,1000,492757,True,0.838081036238354,0.9845209109867074,0.9113009736125306,0.9845209109867074,False,29179,2393211,5250329
1935000,0.003926884853994971,0.8131313131313131,0.003920796660422886,0.005538510062893202,15.051242236024844,15.0,7.576248949598386,/net/nfs-ip34/jbod2/def-ilafores/ref_dbs/sourmash_db/RefSeq_20250528.k31.sbt.zip,GCF_003945365.1_PFJ30894_01_genomic,41e393347aeaa24ab6fcfff277c4c1f9,0.8143939393939394,1932000,27,403587000,/nfs3_ib/nfs-ip34/home/def-ilafores/analysis/MethodsComparison/Feces_RA/preproc/SRR5091513/SRR5091513_unmatched_2.fastq,SRR5091513,68636763,492757000,31,DNA,1000,492757,True,0.8363511348605613,0.9933989454121458,0.9148750401363536,0.9933989454121458,False,29079,2422290,5250329
1909000,0.003874120509703566,0.398488120950324,0.003744239046832414,0.0008408996845721478,2.392953929539295,1.0,5.690295471064135,/net/nfs-ip34/jbod2/def-ilafores/ref_dbs/sourmash_db/RefSeq_20250528.k31.sbt.zip,GCF_023008285.1_ASM2300828v1_genomic,3191b17cd9816a6b0abb68f0b35dbdf7,0.4123110151187905,1845000,28,401742000,/nfs3_ib/nfs-ip34/home/def-ilafores/analysis/MethodsComparison/Feces_RA/preproc/SRR5091513/SRR5091513_unmatched_2.fastq,SRR5091513,68636763,492757000,31,DNA,1000,492757,True,0.8359862475260058,0.9718246289832504,0.9039054382546281,0.9718246289832504,False,4415,2426705,5250329
3271000,0.006638160391430259,0.3297452457839971,0.0037300332618308823,0.0006845285314501244,1.9553862894450489,2.0,1.3681321062450302,/net/nfs-ip34/jbod2/def-ilafores/ref_dbs/sourmash_db/RefSeq_20250528.k31.sbt.zip,GCF_040930385.1_ASM4093038v1_genomic,6ded8bc9128d0b56afde8c5cebee667c,0.5868317186939361,1838000,29,399904000,/nfs3_ib/nfs-ip34/home/def-ilafores/analysis/MethodsComparison/Feces_RA/preproc/SRR5091513/SRR5091513_unmatched_2.fastq,SRR5091513,68636763,492757000,31,DNA,1000,492757,True,0.8506354454511861,0.9829528724117816,0.9167941589314839,0.9829528724117816,False,3594,2430299,5250329
2009000,0.00407706029543974,0.48893685914732865,0.0036772689175394767,0.00134677274509845,3.902317880794702,2.0,8.241247623864245,/net/nfs-ip34/jbod2/def-ilafores/ref_dbs/sourmash_db/RefSeq_20250528.k31.sbt.zip,GCF_020735365.1_ASM2073536v1_genomic,cc558956f3e16df0c5e2090af905f606,0.5420939017808959,1812000,30,398092000,/nfs3_ib/nfs-ip34/home/def-ilafores/analysis/MethodsComparison/Feces_RA/preproc/SRR5091513/SRR5091513_unmatched_2.fastq,SRR5091513,68636763,492757000,31,DNA,1000,492757,True,0.8373642659660976,0.9804416648853859,0.9089029654257417,0.9804416648853859,False,7071,2437370,5250329
1866000,0.003786856401837011,0.5922558922558923,0.0035697108310993046,0.0016012329893993309,4.779420125071063,4.0,8.01825713095751,/net/nfs-ip34/jbod2/def-ilafores/ref_dbs/sourmash_db/RefSeq_20250528.k31.sbt.zip,GCF_001998765.1_ASM199876v1_genomic,c87f75fcf13611b56f2643edb90d05be,0.6282828282828283,1759000,31,396333000,/nfs3_ib/nfs-ip34/home/def-ilafores/analysis/MethodsComparison/Feces_RA/preproc/SRR5091513/SRR5091513_unmatched_2.fastq,SRR5091513,68636763,492757000,31,DNA,1000,492757,True,0.8353720923121829,0.985119412169757,0.9102457522409699,0.985119412169757,False,8407,2445777,5250329
1761000,0.003573769626814028,0.6517925247902364,0.0034682409382312176,0.0014164826623245896,4.351667641895846,3.0,9.414194670364935,/net/nfs-ip34/jbod2/def-ilafores/ref_dbs/sourmash_db/RefSeq_20250528.k31.sbt.zip,GCF_025152405.1_ASM2515240v1_genomic,f688e4f928dd46c9b090e97a39a1952a,0.6716247139588101,1709000,32,394624000,/nfs3_ib/nfs-ip34/home/def-ilafores/analysis/MethodsComparison/Feces_RA/preproc/SRR5091513/SRR5091513_unmatched_2.fastq,SRR5091513,68636763,492757000,31,DNA,1000,492757,True,0.8338128781994634,0.9872415857184158,0.9105272319589396,0.9872415857184158,False,7437,2453214,5250329
1864000,0.0037827976061222874,0.5455439056356488,0.0033789474325073006,0.004729798837368096,14.914714714714714,5.0,29.012577675157555,/net/nfs-ip34/jbod2/def-ilafores/ref_dbs/sourmash_db/RefSeq_20250528.k31.sbt.zip,GCF_023347255.1_ASM2334725v1_genomic,58b144de4acaed89ce9d8071641d7213,0.6107470511140236,1665000,33,392959000,/nfs3_ib/nfs-ip34/home/def-ilafores/analysis/MethodsComparison/Feces_RA/preproc/SRR5091513/SRR5091513_unmatched_2.fastq,SRR5091513,68636763,492757000,31,DNA,1000,492757,True,0.8353431947000242,0.984220264248446,0.9097817294742351,0.984220264248446,False,24833,2478047,5250329
1795000,0.003642769153964327,0.46370370370370373,0.0031760076467711265,0.001104692677354124,3.7060702875399363,2.0,8.119506442934126,/net/nfs-ip34/jbod2/def-ilafores/ref_dbs/sourmash_db/RefSeq_20250528.k31.sbt.zip,GCF_023008345.1_ASM2300834v1_genomic,80788e4d9f7a77cc8143de8cf6b02058,0.5318518518518518,1565000,34,391394000,/nfs3_ib/nfs-ip34/home/def-ilafores/analysis/MethodsComparison/Feces_RA/preproc/SRR5091513/SRR5091513_unmatched_2.fastq,SRR5091513,68636763,492757000,31,DNA,1000,492757,True,0.8343273970134173,0.9798385859387547,0.9070829914760861,0.9798385859387547,False,5800,2483847,5250329
1815000,0.003683357111111562,0.5446240337315531,0.0031455666789107005,0.01111397019120135,37.64645161290323,34.0,25.309366562520793,/net/nfs-ip34/jbod2/def-ilafores/ref_dbs/sourmash_db/RefSeq_20250528.k31.sbt.zip,GCF_019968055.1_ASM1996805v1_genomic,68b64f4d4c3889600ebe30d1a4137e53,0.6377371749824314,1550000,35,389844000,/nfs3_ib/nfs-ip34/home/def-ilafores/analysis/MethodsComparison/Feces_RA/preproc/SRR5091513/SRR5091513_unmatched_2.fastq,SRR5091513,68636763,492757000,31,DNA,1000,492757,True,0.8346256670736331,0.9855941576456261,0.9101099123596296,0.9855941576456261,False,58352,2542199,5250329
1540000,0.003125272700337083,0.2289655172413793,0.003031920398898443,0.0004923500984414501,1.7302543507362784,1.0,1.0879320075768772,/net/nfs-ip34/jbod2/def-ilafores/ref_dbs/sourmash_db/RefSeq_20250528.k31.sbt.zip,GCF_024759285.1_ASM2475928v1_genomic,aaeb7a1a545ae549444b524e0f8ed687,0.23601532567049807,1494000,36,388350000,/nfs3_ib/nfs-ip34/home/def-ilafores/analysis/MethodsComparison/Feces_RA/preproc/SRR5091513/SRR5091513_unmatched_2.fastq,SRR5091513,68636763,492757000,31,DNA,1000,492757,True,0.8302137709567118,0.9544919383123625,0.8923528546345372,0.9544919383123625,False,2585,2544784,5250329
1720000,0.0034905643146621967,0.37667594232228685,0.0030217734096116343,0.0046227579262175765,16.30020147750168,15.0,11.711061681514257,/net/nfs-ip34/jbod2/def-ilafores/ref_dbs/sourmash_db/RefSeq_20250528.k31.sbt.zip,GCF_036419255.1_ASM3641925v1_genomic,cc90865ac4b45b3dd14605490161db88,0.4351125727295725,1489000,37,386861000,/nfs3_ib/nfs-ip34/home/def-ilafores/analysis/MethodsComparison/Feces_RA/preproc/SRR5091513/SRR5091513_unmatched_2.fastq,SRR5091513,68636763,492757000,31,DNA,1000,492757,True,0.8331794873082632,0.973513521876298,0.9033465045922806,0.973513521876298,False,24271,2569055,5250329
1587000,0.0032206543996330847,0.45320197044334976,0.0029872736460364846,0.0007557621627139937,2.6956521739130435,2.0,4.138700253951776,/net/nfs-ip34/jbod2/def-ilafores/ref_dbs/sourmash_db/RefSeq_20250528.k31.sbt.zip,GCF_018140635.1_ASM1814063v1_genomic,03d45a9b9bd5d52d6fdc9c5ba2260f24,0.48860837438423643,1472000,38,385389000,/nfs3_ib/nfs-ip34/home/def-ilafores/analysis/MethodsComparison/Feces_RA/preproc/SRR5091513/SRR5091513_unmatched_2.fastq,SRR5091513,68636763,492757000,31,DNA,1000,492757,True,0.831019282038748,0.9771618000064337,0.9040905410225908,0.9771618000064337,False,3968,2573023,5250329
1467000,0.002977126656749676,0.5138987883107626,0.0029263917103156322,0.0008342334356570797,3.0374479889042996,2.0,6.254428545246959,/net/nfs-ip34/jbod2/def-ilafores/ref_dbs/sourmash_db/RefSeq_20250528.k31.sbt.zip,GCF_015097455.1_ASM1509745v1_genomic,ad2202613b9c5f4de5c0bb121ca6ed7a,0.522808267997149,1442000,39,383947000,/nfs3_ib/nfs-ip34/home/def-ilafores/analysis/MethodsComparison/Feces_RA/preproc/SRR5091513/SRR5091513_unmatched_2.fastq,SRR5091513,68636763,492757000,31,DNA,1000,492757,True,0.8289142212963587,0.9792966581728078,0.9041054397345832,0.9792966581728078,False,4380,2577403,5250329
1517000,0.003078596549617763,0.5526420341676599,0.0028228924195901834,0.002161959755283907,8.160316319194823,6.0,9.57190238211124,/net/nfs-ip34/jbod2/def-ilafores/ref_dbs/sourmash_db/RefSeq_20250528.k31.sbt.zip,GCF_018408575.1_ASM1840857v1_genomic,be471ee2a9a4d83e479673ce2822bf12,0.6027016289233215,1391000,40,382556000,/nfs3_ib/nfs-ip34/home/def-ilafores/analysis/MethodsComparison/Feces_RA/preproc/SRR5091513/SRR5091513_unmatched_2.fastq,SRR5091513,68636763,492757000,31,DNA,1000,492757,True,0.829810874520811,0.983799342360419,0.906805108440615,0.983799342360419,False,11351,2588754,5250329
2092000,0.004245500317600764,0.3115306810519218,0.0028127454303033747,0.0014313388741924553,5.422077922077922,2.0,14.486947013690564,/net/nfs-ip34/jbod2/def-ilafores/ref_dbs/sourmash_db/RefSeq_20250528.k31.sbt.zip,GCF_963360665.1_BFTSDC17_v2_genomic,f0ce3f7b0d131daf996251931d5e8c91,0.47021802652281414,1386000,41,381170000,/nfs3_ib/nfs-ip34/home/def-ilafores/analysis/MethodsComparison/Feces_RA/preproc/SRR5091513/SRR5091513_unmatched_2.fastq,SRR5091513,68636763,492757000,31,DNA,1000,492757,True,0.8384585094382471,0.9759532369939471,0.907205873216097,0.9759532369939471,False,7515,2596269,5250329
1387000,0.0028147748281607365,0.36759956942949407,0.00277215747315614,0.0008199486165533626,3.151537335285505,2.0,7.411341856894926,/net/nfs-ip34/jbod2/def-ilafores/ref_dbs/sourmash_db/RefSeq_20250528.k31.sbt.zip,GCF_015074785.1_ASM1507478v1_genomic,988b2ef58a54374a65546dbc194ca3be,0.3732508073196986,1366000,42,379804000,/nfs3_ib/nfs-ip34/home/def-ilafores/analysis/MethodsComparison/Feces_RA/preproc/SRR5091513/SRR5091513_unmatched_2.fastq,SRR5091513,68636763,492757000,31,DNA,1000,492757,True,0.8274161414773642,0.9687095310994637,0.898062836288414,0.9687095310994637,False,4305,2600574,5250329
1388000,0.0028168042260180983,0.458025520483546,0.0027680986774414164,0.0011115493905239082,4.278592375366569,4.0,4.059323190318914,/net/nfs-ip34/jbod2/def-ilafores/ref_dbs/sourmash_db/RefSeq_20250528.k31.sbt.zip,GCF_000723465.1_Rb803_genomic,a0c72778e7e9a92bec9989c7d509e086,0.46608462055070515,1364000,43,378440000,/nfs3_ib/nfs-ip34/home/def-ilafores/analysis/MethodsComparison/Feces_RA/preproc/SRR5091513/SRR5091513_unmatched_2.fastq,SRR5091513,68636763,492757000,31,DNA,1000,492757,True,0.8274353783456163,0.9756753104044833,0.9015553443750498,0.9756753104044833,False,5836,2606410,5250329
1510000,0.0030643907646162307,0.24174827711280378,0.002705187343863202,0.0009629872718452501,3.7929482370592646,1.0,22.620534087984698,/net/nfs-ip34/jbod2/def-ilafores/ref_dbs/sourmash_db/RefSeq_20250528.k31.sbt.zip,GCF_019930665.1_ASM1993066v1_genomic,d7320230ed69eef737078c57f068087a,0.27384838592673194,1333000,44,377107000,/nfs3_ib/nfs-ip34/home/def-ilafores/analysis/MethodsComparison/Feces_RA/preproc/SRR5091513/SRR5091513_unmatched_2.fastq,SRR5091513,68636763,492757000,31,DNA,1000,492757,True,0.8296870800008719,0.9590807346565144,0.8943839073286932,0.9590807346565144,False,5056,2611466,5250329
1333000,0.002705187343863202,0.3944543828264758,0.002684893365289585,0.0005797731913561988,2.3008314436885864,2.0,3.9163850514294007,/net/nfs-ip34/jbod2/def-ilafores/ref_dbs/sourmash_db/RefSeq_20250528.k31.sbt.zip,GCF_030296935.1_ASM3029693v1_genomic,291e68c00c79fc78c6a795fcc0b4b014,0.3974358974358974,1323000,45,375784000,/nfs3_ib/nfs-ip34/home/def-ilafores/analysis/MethodsComparison/Feces_RA/preproc/SRR5091513/SRR5091513_unmatched_2.fastq,SRR5091513,68636763,492757000,31,DNA,1000,492757,True,0.8263568973198567,0.9706734076926301,0.8985151525062434,0.9706734076926301,False,3044,2614510,5250329
1333000,0.002705187343863202,0.4557049293347122,0.002682863967432223,0.0004769224938094356,1.8940998487140697,2.0,1.1724181338154152,/net/nfs-ip34/jbod2/def-ilafores/ref_dbs/sourmash_db/RefSeq_20250528.k31.sbt.zip,GCF_025144995.1_ASM2514499v1_genomic,80a0c7df05d28f92f6b93af8a523bc03,0.45949672526714924,1322000,46,374462000,/nfs3_ib/nfs-ip34/home/def-ilafores/analysis/MethodsComparison/Feces_RA/preproc/SRR5091513/SRR5091513_unmatched_2.fastq,SRR5091513,68636763,492757000,31,DNA,1000,492757,True,0.8263568973198567,0.9752273771211728,0.9007921372205148,0.9752273771211728,False,2504,2617014,5250329
1379000,0.0027985396453018424,0.364822695035461,0.0026098056445672006,0.0007948073349308205,3.244945567651633,2.0,11.115183811150787,/net/nfs-ip34/jbod2/def-ilafores/ref_dbs/sourmash_db/RefSeq_20250528.k31.sbt.zip,GCF_964271905.1_LUMC_Rgna_QRD036_genomic,f7b834043bc68cbce7bca47eedf3ec37,0.3912056737588652,1286000,47,373176000,/nfs3_ib/nfs-ip34/home/def-ilafores/analysis/MethodsComparison/Feces_RA/preproc/SRR5091513/SRR5091513_unmatched_2.fastq,SRR5091513,68636763,492757000,31,DNA,1000,492757,True,0.8272617615634642,0.9701787966937396,0.898720279128602,0.9701787966937396,False,4173,2621187,5250329
2067000,0.004194765371166721,0.32074973600844775,0.0024657183966945166,0.0006011051878844164,2.5975308641975308,2.0,2.9248745311055573,/net/nfs-ip34/jbod2/def-ilafores/ref_dbs/sourmash_db/RefSeq_20250528.k31.sbt.zip,GCF_042852885.1_ASM4285288v1_genomic,f32238affe7c3d61e1c1adbb08f0b285,0.5456705385427666,1215000,48,371961000,/nfs3_ib/nfs-ip34/home/def-ilafores/analysis/MethodsComparison/Feces_RA/preproc/SRR5091513/SRR5091513_unmatched_2.fastq,SRR5091513,68636763,492757000,31,DNA,1000,492757,True,0.8381334056819373,0.9806496717508426,0.90939153871639,0.9806496717508426,False,3156,2624343,5250329
1168000,0.002370336697398515,0.6202259279182356,0.0023398957295380886,0.0005182532370828571,2.359930615784909,2.0,1.7742566928674564,/net/nfs-ip34/jbod2/def-ilafores/ref_dbs/sourmash_db/RefSeq_20250528.k31.sbt.zip,GCF_022024355.1_ASM2202435v1_genomic,8bcbc1827b642b2eb3eac7c9bde79c4f,0.628294782140936,1153000,49,370808000,/nfs3_ib/nfs-ip34/home/def-ilafores/analysis/MethodsComparison/Feces_RA/preproc/SRR5091513/SRR5091513_unmatched_2.fastq,SRR5091513,68636763,492757000,31,DNA,1000,492757,True,0.8228420034140155,0.9851200167808227,0.903981010097419,0.9851200167808227,False,2721,2627064,5250329
2262000,0.004590497953352261,0.22510822510822512,0.0022161024602390224,0.00036683415458345565,1.7637362637362637,1.0,1.1188707497378807,/net/nfs-ip34/jbod2/def-ilafores/ref_dbs/sourmash_db/RefSeq_20250528.k31.sbt.zip,GCF_028743675.1_ASM2874367v1_genomic,3f1ff99b84525d9be43c34484ae7eabc,0.46629560915275203,1092000,50,369716000,/nfs3_ib/nfs-ip34/home/def-ilafores/analysis/MethodsComparison/Feces_RA/preproc/SRR5091513/SRR5091513_unmatched_2.fastq,SRR5091513,68636763,492757000,31,DNA,1000,492757,True,0.8405743288617188,0.975689554757664,0.9081319418096914,0.975689554757664,False,1926,2628990,5250329
1071000,0.002173485105234426,0.3652951699463327,0.002072015212366339,0.0008557558964400136,4.400587659157688,2.0,21.601573373959656,/net/nfs-ip34/jbod2/def-ilafores/ref_dbs/sourmash_db/RefSeq_20250528.k31.sbt.zip,GCF_000146185.1_ASM14618v1_genomic,5229119e2aa175d63f96a9ce9dfd479c,0.38318425760286223,1021000,51,368695000,/nfs3_ib/nfs-ip34/home/def-ilafores/analysis/MethodsComparison/Feces_RA/preproc/SRR5091513/SRR5091513_unmatched_2.fastq,SRR5091513,68636763,492757000,31,DNA,1000,492757,True,0.8205439127882428,0.9695306372514169,0.8950372750198299,0.9695306372514169,False,4493,2633483,5250329
4304000,0.008734528378084938,0.1757819325528569,0.0020415742445059125,0.004319538832709341,22.543737574552683,21.0,23.409560661501796,/net/nfs-ip34/jbod2/def-ilafores/ref_dbs/sourmash_db/RefSeq_20250528.k31.sbt.zip,GCF_042850145.1_ASM4285014v1_genomic,6350fb91e771d4a1538082fbe2684b37,0.7520531189935349,1006000,52,367689000,/nfs3_ib/nfs-ip34/home/def-ilafores/analysis/MethodsComparison/Feces_RA/preproc/SRR5091513/SRR5091513_unmatched_2.fastq,SRR5091513,68636763,492757000,31,DNA,1000,492757,True,0.858199722333777,0.9908502348912129,0.9245249786124949,0.9908502348912129,False,22679,2656162,5250329
1009000,0.002047662438077998,0.2149511474664849,0.001919810373064208,0.0006593872498275822,3.6596194503171247,1.0,7.523915180527053,/net/nfs-ip34/jbod2/def-ilafores/ref_dbs/sourmash_db/RefSeq_20250528.k31.sbt.zip,GCF_900683755.1_ASM90068375v1_genomic,8e291018769da4b390c897ca0d5c97dc,0.22926607589184275,946000,53,366743000,/nfs3_ib/nfs-ip34/home/def-ilafores/analysis/MethodsComparison/Feces_RA/preproc/SRR5091513/SRR5091513_unmatched_2.fastq,SRR5091513,68636763,492757000,31,DNA,1000,492757,True,0.8189669933391115,0.9535990284465178,0.8862830108928146,0.9535990284465178,False,3462,2659624,5250329
1156000,0.002345983923110174,0.25314685314685315,0.0018366050609123768,0.00046473278150759695,2.696132596685083,1.0,5.490065006215625,/net/nfs-ip34/jbod2/def-ilafores/ref_dbs/sourmash_db/RefSeq_20250528.k31.sbt.zip,GCF_025147765.1_ASM2514776v1_genomic,6fb5d9fae55cc8ecb2a67f82352fb7a7,0.3233566433566434,905000,54,365838000,/nfs3_ib/nfs-ip34/home/def-ilafores/analysis/MethodsComparison/Feces_RA/preproc/SRR5091513/SRR5091513_unmatched_2.fastq,SRR5091513,68636763,492757000,31,DNA,1000,492757,True,0.8225679334770107,0.9642358701959143,0.8934019018364625,0.9642358701959143,False,2440,2662064,5250329
918000,0.0018629872330580793,0.28122977346278316,0.0017635467380473539,0.00033216966022510207,2.0069044879171463,1.0,5.053221758603656,/net/nfs-ip34/jbod2/def-ilafores/ref_dbs/sourmash_db/RefSeq_20250528.k31.sbt.zip,GCF_022453915.1_ASM2245391v1_genomic,54c821fbffdc1aacdf2b93cd12e19242,0.2970873786407767,869000,55,364969000,/nfs3_ib/nfs-ip34/home/def-ilafores/analysis/MethodsComparison/Feces_RA/preproc/SRR5091513/SRR5091513_unmatched_2.fastq,SRR5091513,68636763,492757000,31,DNA,1000,492757,True,0.8164738019231592,0.9616040074597773,0.8890389046914682,0.9616040074597773,False,1744,2663808,5250329
4959000,0.01006378397465688,0.12385550191443316,0.0015098720058771362,0.0012104003387216305,8.541666666666666,3.0,33.16407379636298,/net/nfs-ip34/jbod2/def-ilafores/ref_dbs/sourmash_db/RefSeq_20250528.k31.sbt.zip,GCF_024758905.1_ASM2475890v1_genomic,5087e51480cbff0221b860855a630520,0.8255368736474114,744000,56,364225000,/nfs3_ib/nfs-ip34/home/def-ilafores/analysis/MethodsComparison/Feces_RA/preproc/SRR5091513/SRR5091513_unmatched_2.fastq,SRR5091513,68636763,492757000,31,DNA,1000,492757,True,0.8621303724387661,0.9938345253998995,0.9279824489193328,0.9938345253998995,False,6355,2670163,5250329
1001000,0.002031427255219104,0.23804878048780487,0.0014855192315887953,0.0003411214801967648,2.44672131147541,1.0,5.533420829902841,/net/nfs-ip34/jbod2/def-ilafores/ref_dbs/sourmash_db/RefSeq_20250528.k31.sbt.zip,GCF_042848525.1_ASM4284852v1_genomic,268c95f33661b42130c76be0c47d4640,0.3255284552845528,732000,57,363493000,/nfs3_ib/nfs-ip34/home/def-ilafores/analysis/MethodsComparison/Feces_RA/preproc/SRR5091513/SRR5091513_unmatched_2.fastq,SRR5091513,68636763,492757000,31,DNA,1000,492757,True,0.818756724379826,0.9644441055716225,0.8916004149757243,0.9644441055716225,False,1791,2671954,5250329
4806000,0.009753286102480533,0.10127290530144076,0.0014692840487299014,0.0018448367711813869,13.378453038674033,10.0,13.684098923669291,/net/nfs-ip34/jbod2/def-ilafores/ref_dbs/sourmash_db/RefSeq_20250528.k31.sbt.zip,GCF_918258265.1_BOVAC1_genomic,d7ca7470d77ebe0344d62e56d1ab47e0,0.6722618548048678,724000,58,362769000,/nfs3_ib/nfs-ip34/home/def-ilafores/analysis/MethodsComparison/Feces_RA/preproc/SRR5091513/SRR5091513_unmatched_2.fastq,SRR5091513,68636763,492757000,31,DNA,1000,492757,True,0.8612592554777987,0.9872717832366139,0.9242655193572062,0.9872717832366139,False,9686,2681640,5250329
711000,0.0014429018765841988,0.20404040404040405,0.0014347842851547517,0.00019370214704640413,1.4384724186704385,1.0,0.767141270386411,/net/nfs-ip34/jbod2/def-ilafores/ref_dbs/sourmash_db/RefSeq_20250528.k31.sbt.zip,GCF_042848385.1_ASM4284838v1_genomic,e8ef29c997c2b15b3aefce07de5bc023,0.2051948051948052,707000,59,362062000,/nfs3_ib/nfs-ip34/home/def-ilafores/analysis/MethodsComparison/Feces_RA/preproc/SRR5091513/SRR5091513_unmatched_2.fastq,SRR5091513,68636763,492757000,31,DNA,1000,492757,True,0.8097714808040685,0.9501929812751705,0.8799822310396195,0.9501929812751705,False,1017,2682657,5250329
753000,0.001528136586593392,0.20710415412402167,0.0013962257258648787,0.0005211102009036005,3.9767441860465116,1.0,22.358782543813426,/net/nfs-ip34/jbod2/def-ilafores/ref_dbs/sourmash_db/RefSeq_20250528.k31.sbt.zip,GCF_018408705.1_ASM1840870v1_genomic,ac6ff4cab85d8673ba368b5f66dcfee5,0.22667068031306442,688000,60,361374000,/nfs3_ib/nfs-ip34/home/def-ilafores/analysis/MethodsComparison/Feces_RA/preproc/SRR5091513/SRR5091513_unmatched_2.fastq,SRR5091513,68636763,492757000,31,DNA,1000,492757,True,0.8112720646455758,0.9532488753257183,0.8822604699856471,0.9532488753257183,False,2736,2685393,5250329
3900000,0.007914651643710795,0.14120799835085548,0.0013901375322927934,0.016918558817933124,129.67591240875913,147.0,122.14559968323759,/net/nfs-ip34/jbod2/def-ilafores/ref_dbs/sourmash_db/RefSeq_20250528.k31.sbt.zip,GCF_006742345.1_ASM674234v1_genomic,aa13184474b5d866ab5daea20b7e99ed,0.8039579468150897,685000,61,360689000,/nfs3_ib/nfs-ip34/home/def-ilafores/analysis/MethodsComparison/Feces_RA/preproc/SRR5091513/SRR5091513_unmatched_2.fastq,SRR5091513,68636763,492757000,31,DNA,1000,492757,True,0.8554753055586385,0.9929857376408122,0.9242305215997253,0.9929857376408122,False,88828,2774221,5250329
940000,0.0019076339859200376,0.1603415559772296,0.0013718729515765377,0.000630817611620148,4.899408284023669,1.0,12.257298258450668,/net/nfs-ip34/jbod2/def-ilafores/ref_dbs/sourmash_db/RefSeq_20250528.k31.sbt.zip,GCF_900537995.1_Roseburia_intestinalis_strain_L1-82_genomic,e869cf0b15c41500b90acfad5f73aa6d,0.22296015180265655,676000,62,360013000,/nfs3_ib/nfs-ip34/home/def-ilafores/analysis/MethodsComparison/Feces_RA/preproc/SRR5091513/SRR5091513_unmatched_2.fastq,SRR5091513,68636763,492757000,31,DNA,1000,492757,True,0.8170977863130142,0.9527414775699982,0.8849196319415062,0.9527414775699982,False,3312,2777533,5250329
694000,0.0014084021130090492,0.16979166666666667,0.001323167402999856,0.00020798696615012126,1.6748466257668713,1.0,3.0282583943343924,/net/nfs-ip34/jbod2/def-ilafores/ref_dbs/sourmash_db/RefSeq_20250528.k31.sbt.zip,GCF_042853155.1_ASM4285315v1_genomic,efaf2d7610e4ff97776a88ae72c12130,0.18072916666666666,652000,63,359361000,/nfs3_ib/nfs-ip34/home/def-ilafores/analysis/MethodsComparison/Feces_RA/preproc/SRR5091513/SRR5091513_unmatched_2.fastq,SRR5091513,68636763,492757000,31,DNA,1000,492757,True,0.8091395710425497,0.946309432961741,0.8777245020021454,0.946309432961741,False,1092,2778625,5250329
2490000,0.005053200664830738,0.11182720780351856,0.0013028734244262385,0.0057920179859205015,47.36760124610592,21.0,58.5637715367921,/net/nfs-ip34/jbod2/def-ilafores/ref_dbs/sourmash_db/RefSeq_20250528.k31.sbt.zip,GCF_018292105.1_ASM1829210v1_genomic,833ce107256231b46fdcaa8f4db23439,0.43372234802299253,642000,64,358719000,/nfs3_ib/nfs-ip34/home/def-ilafores/analysis/MethodsComparison/Feces_RA/preproc/SRR5091513/SRR5091513_unmatched_2.fastq,SRR5091513,68636763,492757000,31,DNA,1000,492757,True,0.8431823391053884,0.973413028837616,0.9082976839715022,0.973413028837616,False,30410,2809035,5250329
2883000,0.005850754022773903,0.14177271712435813,0.0012886676394247064,0.0006035812231957274,4.990551181102362,3.0,12.172121451952462,/net/nfs-ip34/jbod2/def-ilafores/ref_dbs/sourmash_db/RefSeq_20250528.k31.sbt.zip,GCF_025148125.1_ASM2514812v1_genomic,20e22b7a195404638366fe78b372a400,0.6436704621567314,635000,65,358084000,/nfs3_ib/nfs-ip34/home/def-ilafores/analysis/MethodsComparison/Feces_RA/preproc/SRR5091513/SRR5091513_unmatched_2.fastq,SRR5091513,68636763,492757000,31,DNA,1000,492757,True,0.8471778171039757,0.9858886285953237,0.9165332228496497,0.9858886285953237,False,3169,2812204,5250329
2937000,0.005960341507071437,0.11588224264016501,0.0012541678758495568,0.0003283603751307775,2.7896440129449838,1.0,3.3478616374002272,/net/nfs-ip34/jbod2/def-ilafores/ref_dbs/sourmash_db/RefSeq_20250528.k31.sbt.zip,GCF_027944575.1_ASM2794457v1_genomic,3da7d412f47ff9ae7da9b0e810416474,0.5507219201200075,618000,66,357466000,/nfs3_ib/nfs-ip34/home/def-ilafores/analysis/MethodsComparison/Feces_RA/preproc/SRR5091513/SRR5091513_unmatched_2.fastq,SRR5091513,68636763,492757000,31,DNA,1000,492757,True,0.8476851068812938,0.9809412089291618,0.9143131579052278,0.9809412089291618,False,1724,2813928,5250329
581000,0.0011790801551271723,0.22498060512024826,0.0011770507572698105,0.00017275107902761904,1.563793103448276,1.0,0.7907216860438467,/net/nfs-ip34/jbod2/def-ilafores/ref_dbs/sourmash_db/RefSeq_20250528.k31.sbt.zip,GCF_022846135.1_ASM2284613v1_genomic,dcaa90dde7a434e64f49683ce8eb4ee4,0.22536850271528316,580000,67,356886000,/nfs3_ib/nfs-ip34/home/def-ilafores/analysis/MethodsComparison/Feces_RA/preproc/SRR5091513/SRR5091513_unmatched_2.fastq,SRR5091513,68636763,492757000,31,DNA,1000,492757,True,0.8045140922382894,0.9530717300450937,0.8787929111416916,0.9530717300450937,False,907,2814835,5250329
640000,0.001298814628711515,0.16794795978710822,0.0011526979829814695,0.00023293778351794717,2.153169014084507,1.0,3.490851800832843,/net/nfs-ip34/jbod2/def-ilafores/ref_dbs/sourmash_db/RefSeq_20250528.k31.sbt.zip,GCF_001454945.1_ASM145494v1_genomic,380e5279419db353c2f7e8db083c21b8,0.18923713778829096,568000,68,356318000,/nfs3_ib/nfs-ip34/home/def-ilafores/analysis/MethodsComparison/Feces_RA/preproc/SRR5091513/SRR5091513_unmatched_2.fastq,SRR5091513,68636763,492757000,31,DNA,1000,492757,True,0.8070280288340703,0.947714717118183,0.8773713729761267,0.947714717118183,False,1223,2816058,5250329
4222000,0.008568117753781275,0.07914831130690161,0.0010938454451179791,0.00041425975400779646,4.0352504638218925,3.0,8.812237468681225,/net/nfs-ip34/jbod2/def-ilafores/ref_dbs/sourmash_db/RefSeq_20250528.k31.sbt.zip,GCF_001318345.1_ASM131834v1_genomic,2b0cd9230817e091c6a0e14360a551e4,0.6199706314243759,539000,69,355779000,/nfs3_ib/nfs-ip34/home/def-ilafores/analysis/MethodsComparison/Feces_RA/preproc/SRR5091513/SRR5091513_unmatched_2.fastq,SRR5091513,68636763,492757000,31,DNA,1000,492757,True,0.857667364252374,0.98469627288085,0.9211818185666121,0.98469627288085,False,2175,2818233,5250329
1024000,0.002078103405938424,0.10212604403948368,0.0010918160472606173,0.00015922811694276683,1.553903345724907,1.0,1.7633910402738737,/net/nfs-ip34/jbod2/def-ilafores/ref_dbs/sourmash_db/RefSeq_20250528.k31.sbt.zip,GCF_013749735.1_ASM1374973v1_genomic,2d538c7c9df150c86cb4e6ae69f608eb,0.19438116932422173,538000,70,355241000,/nfs3_ib/nfs-ip34/home/def-ilafores/analysis/MethodsComparison/Feces_RA/preproc/SRR5091513/SRR5091513_unmatched_2.fastq,SRR5091513,68636763,492757000,31,DNA,1000,492757,True,0.819356935176526,0.9485350009247034,0.8839459680506148,0.9485350009247034,False,836,2819069,5250329
642000,0.0013028734244262385,0.23029772329246936,0.0010674632729722763,0.00017560804284836245,1.752851711026616,1.0,1.1419004924529863,/net/nfs-ip34/jbod2/def-ilafores/ref_dbs/sourmash_db/RefSeq_20250528.k31.sbt.zip,GCF_002094975.1_ASM209497v1_genomic,9c3e18fe8819a5356cca94ed98c26da2,0.28108581436077057,526000,71,354715000,/nfs3_ib/nfs-ip34/home/def-ilafores/analysis/MethodsComparison/Feces_RA/preproc/SRR5091513/SRR5091513_unmatched_2.fastq,SRR5091513,68636763,492757000,31,DNA,1000,492757,True,0.8071092597030085,0.9598881065382001,0.8834986831206043,0.9598881065382001,False,922,2819991,5250329
2647000,0.005371816128436532,0.13218685831622176,0.0010451398965412972,0.005290906531762105,53.93980582524272,51.0,35.6262457518339,/net/nfs-ip34/jbod2/def-ilafores/ref_dbs/sourmash_db/RefSeq_20250528.k31.sbt.zip,GCF_025147325.1_ASM2514732v1_genomic,0878062848e44bf823b15b8a5d1eba75,0.6794147843942505,515000,72,354200000,/nfs3_ib/nfs-ip34/home/def-ilafores/analysis/MethodsComparison/Feces_RA/preproc/SRR5091513/SRR5091513_unmatched_2.fastq,SRR5091513,68636763,492757000,31,DNA,1000,492757,True,0.8448470680694262,0.987608910878127,0.9162279894737766,0.987608910878127,False,27779,2847770,5250329
1695000,0.003439829368228153,0.15278628291488058,0.0010126695308235094,0.0020339677761146016,21.400801603206414,16.0,24.87700565138569,/net/nfs-ip34/jbod2/def-ilafores/ref_dbs/sourmash_db/RefSeq_20250528.k31.sbt.zip,GCF_000210735.1_ASM21073v1_genomic,112a151e28f067050905850dc0b386c2,0.5189834660134721,499000,73,353701000,/nfs3_ib/nfs-ip34/home/def-ilafores/analysis/MethodsComparison/Feces_RA/preproc/SRR5091513/SRR5091513_unmatched_2.fastq,SRR5091513,68636763,492757000,31,DNA,1000,492757,True,0.8327860628334972,0.9790647259228704,0.9059253943781838,0.9790647259228704,False,10679,2858449,5250329
781000,0.0015849597265995207,0.1256063313760531,0.000998463745821977,0.00031312323475347925,3.341463414634146,1.0,8.063850144889265,/net/nfs-ip34/jbod2/def-ilafores/ref_dbs/sourmash_db/RefSeq_20250528.k31.sbt.zip,GCF_020735725.1_ASM2073572v1_genomic,468818a695d78a01f7215c72831539a1,0.1993872861884095,492000,74,353209000,/nfs3_ib/nfs-ip34/home/def-ilafores/analysis/MethodsComparison/Feces_RA/preproc/SRR5091513/SRR5091513_unmatched_2.fastq,SRR5091513,68636763,492757000,31,DNA,1000,492757,True,0.8122280946035494,0.949313365843054,0.8807707302233017,0.949313365843054,False,1644,2860093,5250329
494000,0.0010025225415367007,0.20947098976109216,0.0009964343479646155,0.00030417141478181653,3.2525458248472505,2.0,6.728164397993979,/net/nfs-ip34/jbod2/def-ilafores/ref_dbs/sourmash_db/RefSeq_20250528.k31.sbt.zip,GCF_005601135.1_ASM560113v1_genomic,ca73131023ce3a6dac548f8b1fc0b289,0.21075085324232082,491000,75,352718000,/nfs3_ib/nfs-ip34/home/def-ilafores/analysis/MethodsComparison/Feces_RA/preproc/SRR5091513/SRR5091513_unmatched_2.fastq,SRR5091513,68636763,492757000,31,DNA,1000,492757,True,0.8003152666728092,0.9510122427015345,0.8756637546871718,0.9510122427015345,False,1597,2861690,5250329
4061000,0.008241384698746036,0.0972,0.0009862873586778066,0.008645934378588465,93.40329218106996,97.0,59.91501104758577,/net/nfs-ip34/jbod2/def-ilafores/ref_dbs/sourmash_db/RefSeq_20250528.k31.sbt.zip,GCF_016766915.1_ASM1676691v1_genomic,bca43bd2d776e339740f17809f096165,0.8122,486000,76,352232000,/nfs3_ib/nfs-ip34/home/def-ilafores/analysis/MethodsComparison/Feces_RA/preproc/SRR5091513/SRR5091513_unmatched_2.fastq,SRR5091513,68636763,492757000,31,DNA,1000,492757,True,0.8565923659212078,0.9933125045996175,0.9249524352604126,0.9933125045996175,False,45394,2907084,5250329
662000,0.0013434613815734733,0.1327990841442473,0.0009416406058158484,0.00078776015750632,8.913793103448276,1.0,34.249482494332774,/net/nfs-ip34/jbod2/def-ilafores/ref_dbs/sourmash_db/RefSeq_20250528.k31.sbt.zip,GCF_014337175.1_ASM1433717v1_genomic,a712134ff5fdebda1dc08f01019daf8a,0.18946765884373212,464000,77,351768000,/nfs3_ib/nfs-ip34/home/def-ilafores/analysis/MethodsComparison/Feces_RA/preproc/SRR5091513/SRR5091513_unmatched_2.fastq,SRR5091513,68636763,492757000,31,DNA,1000,492757,True,0.8079083612981651,0.9477519360840053,0.8778301486910852,0.9477519360840053,False,4136,2911220,5250329
829000,0.0016823708237528844,0.15312916111850866,0.0009335230143864014,0.0014261963393151173,16.278260869565216,2.0,31.478646406478806,/net/nfs-ip34/jbod2/def-ilafores/ref_dbs/sourmash_db/RefSeq_20250528.k31.sbt.zip,GCF_023347355.1_ASM2334735v1_genomic,0b1b8956f9826b69686f1f8520bdfb5e,0.275965379494008,460000,78,351308000,/nfs3_ib/nfs-ip34/home/def-ilafores/analysis/MethodsComparison/Feces_RA/preproc/SRR5091513/SRR5091513_unmatched_2.fastq,SRR5091513,68636763,492757000,31,DNA,1000,492757,True,0.8137923521557909,0.9593190124052203,0.8865556822805056,0.9593190124052203,False,7488,2918708,5250329
1332000,0.002703157946005841,0.12962962962962962,0.0009233760250995927,0.00025293653026315114,2.9186813186813185,2.0,5.884602969379789,/net/nfs-ip34/jbod2/def-ilafores/ref_dbs/sourmash_db/RefSeq_20250528.k31.sbt.zip,GCF_019249795.2_P1C_raw_genomic,daced544df689eeedcdbd81decd8f176,0.37948717948717947,455000,79,350853000,/nfs3_ib/nfs-ip34/home/def-ilafores/analysis/MethodsComparison/Feces_RA/preproc/SRR5091513/SRR5091513_unmatched_2.fastq,SRR5091513,68636763,492757000,31,DNA,1000,492757,True,0.8263368925523525,0.9692274670755322,0.8977821798139424,0.9692274670755322,False,1328,2920036,5250329
4543000,0.009219554465994395,0.0664638783269962,0.0008868468636670814,0.0024716546334524942,29.695652173913043,24.0,39.35877693802878,/net/nfs-ip34/jbod2/def-ilafores/ref_dbs/sourmash_db/RefSeq_20250528.k31.sbt.zip,GCF_024759125.1_ASM2475912v1_genomic,6bd244397ae27f2890a12eadb785907c,0.6909505703422053,437000,80,350416000,/nfs3_ib/nfs-ip34/home/def-ilafores/analysis/MethodsComparison/Feces_RA/preproc/SRR5091513/SRR5091513_unmatched_2.fastq,SRR5091513,68636763,492757000,31,DNA,1000,492757,True,0.85969713960849,0.9881454387891773,0.9239212891988337,0.9881454387891773,False,12977,2933013,5250329
3983000,0.008083091665871818,0.0809325246398787,0.0008665528850934639,0.005285192604120618,64.98594847775176,6.0,149.34197522357488,/net/nfs-ip34/jbod2/def-ilafores/ref_dbs/sourmash_db/RefSeq_20250528.k31.sbt.zip,GCF_018291785.1_ASM1829178v1_genomic,94290db9715a9c6fca358ac639119d83,0.7549279757391963,427000,81,349989000,/nfs3_ib/nfs-ip34/home/def-ilafores/analysis/MethodsComparison/Feces_RA/preproc/SRR5091513/SRR5091513_unmatched_2.fastq,SRR5091513,68636763,492757000,31,DNA,1000,492757,True,0.8560566398133073,0.9909721933636393,0.9235144165884732,0.9909721933636393,False,27749,2960762,5250329
4003000,0.008123679623019055,0.0793058406419108,0.0008624940893787404,0.0005780590130637528,7.141176470588236,7.0,4.144884703360547,/net/nfs-ip34/jbod2/def-ilafores/ref_dbs/sourmash_db/RefSeq_20250528.k31.sbt.zip,GCF_002934895.1_ASM293489v1_genomic,8fc6ee7305700fbafd811f12508b4b16,0.7469677178578092,425000,82,349564000,/nfs3_ib/nfs-ip34/home/def-ilafores/analysis/MethodsComparison/Feces_RA/preproc/SRR5091513/SRR5091513_unmatched_2.fastq,SRR5091513,68636763,492757000,31,DNA,1000,492757,True,0.8561949669812375,0.9906333905944192,0.9234141787878284,0.9906333905944192,False,3035,2963797,5250329
415000,0.000842200110805123,0.18824065633546036,0.0008381413150903996,0.00012894430044288653,1.639225181598063,1.0,1.0170990319623117,/net/nfs-ip34/jbod2/def-ilafores/ref_dbs/sourmash_db/RefSeq_20250528.k31.sbt.zip,GCF_031190775.1_ASM3119077v1_genomic,2a63b221beb2461692c4cb4dd29d423f,0.18915223336371922,413000,83,349151000,/nfs3_ib/nfs-ip34/home/def-ilafores/analysis/MethodsComparison/Feces_RA/preproc/SRR5091513/SRR5091513_unmatched_2.fastq,SRR5091513,68636763,492757000,31,DNA,1000,492757,True,0.7958291601864566,0.9477009977476801,0.8717650789670683,0.9477009977476801,False,677,2964474,5250329
1119000,0.0022708962023877894,0.10064773293472845,0.0008198767343741438,0.0030106684742994202,39.12623762376238,48.0,26.755889602455426,/net/nfs-ip34/jbod2/def-ilafores/ref_dbs/sourmash_db/RefSeq_20250528.k31.sbt.zip,GCF_900683745.1_Paraprevotella_xylaniphila_82A6_genomic,5e6e3eba0c8b886e7c308dc9056f6fdf,0.2787742899850523,404000,84,348747000,/nfs3_ib/nfs-ip34/home/def-ilafores/analysis/MethodsComparison/Feces_RA/preproc/SRR5091513/SRR5091513_unmatched_2.fastq,SRR5091513,68636763,492757000,31,DNA,1000,492757,True,0.8217052115243526,0.9596324525946902,0.8906688320595214,0.9596324525946902,False,15807,2980281,5250329
1511000,0.0030664201624735926,0.12194347411876787,0.000779288777226909,0.0010309830107789436,14.096354166666666,13.0,10.903391446757867,/net/nfs-ip34/jbod2/def-ilafores/ref_dbs/sourmash_db/RefSeq_20250528.k31.sbt.zip,GCF_042850025.1_ASM4285002v1_genomic,26ae838edf91db815bafb3211b734604,0.47983486821213084,384000,85,348363000,/nfs3_ib/nfs-ip34/home/def-ilafores/analysis/MethodsComparison/Feces_RA/preproc/SRR5091513/SRR5091513_unmatched_2.fastq,SRR5091513,68636763,492757000,31,DNA,1000,492757,True,0.8297047988927091,0.9765908228120609,0.9031478108523849,0.9765908228120609,False,5413,2985694,5250329
955000,0.0019380749537804638,0.08366622281402575,0.0007650829922253768,0.0005508226246393321,7.6710875331564985,1.0,23.125721143196127,/net/nfs-ip34/jbod2/def-ilafores/ref_dbs/sourmash_db/RefSeq_20250528.k31.sbt.zip,GCF_020091365.1_ASM2009136v1_genomic,ef23ca7c0c2ee8ae3e8a4537f4cacf2d,0.21193963604083443,377000,86,347986000,/nfs3_ib/nfs-ip34/home/def-ilafores/analysis/MethodsComparison/Feces_RA/preproc/SRR5091513/SRR5091513_unmatched_2.fastq,SRR5091513,68636763,492757000,31,DNA,1000,492757,True,0.8175151785345187,0.9511848165531679,0.8843499975438434,0.9511848165531679,False,2892,2988586,5250329
1517000,0.003078596549617763,0.1306657223796034,0.0007488478093664829,0.0019170227237188375,27.276422764227643,29.0,17.77957514544247,/net/nfs-ip34/jbod2/def-ilafores/ref_dbs/sourmash_db/RefSeq_20250528.k31.sbt.zip,GCF_024167885.1_ASM2416788v1_genomic,ce4fdc293b1b11e3766ab11638f10cc6,0.5371813031161473,369000,87,347617000,/nfs3_ib/nfs-ip34/home/def-ilafores/analysis/MethodsComparison/Feces_RA/preproc/SRR5091513/SRR5091513_unmatched_2.fastq,SRR5091513,68636763,492757000,31,DNA,1000,492757,True,0.829810874520811,0.9801537869500214,0.9049823307354162,0.9801537869500214,False,10065,2998651,5250329
402000,0.0008158179386594204,0.058813972380178714,0.0007346420243649507,0.00019294029002753924,2.798342541436464,1.0,9.042300684710755,/net/nfs-ip34/jbod2/def-ilafores/ref_dbs/sourmash_db/RefSeq_20250528.k31.sbt.zip,GCF_025149125.1_ASM2514912v1_genomic,ee57b146d808065c374f21482d0a5cda,0.0653127538586515,362000,88,347255000,/nfs3_ib/nfs-ip34/home/def-ilafores/analysis/MethodsComparison/Feces_RA/preproc/SRR5091513/SRR5091513_unmatched_2.fastq,SRR5091513,68636763,492757000,31,DNA,1000,492757,True,0.7950125342196045,0.9157440992515479,0.8553783167355762,0.9157440992515479,False,1013,2999664,5250329
1533000,0.003111066915335551,0.09516214779372674,0.0007265244329355037,0.0004374963930831763,6.416201117318436,2.0,28.658799288001276,/net/nfs-ip34/jbod2/def-ilafores/ref_dbs/sourmash_db/RefSeq_20250528.k31.sbt.zip,GCF_042850355.1_ASM4285035v1_genomic,9019208c507d0a756fcff8594e0aec73,0.40749601275917063,358000,89,346897000,/nfs3_ib/nfs-ip34/home/def-ilafores/analysis/MethodsComparison/Feces_RA/preproc/SRR5091513/SRR5091513_unmatched_2.fastq,SRR5091513,68636763,492757000,31,DNA,1000,492757,True,0.830091770191787,0.971456445939799,0.9007741080657929,0.971456445939799,False,2297,3001961,5250329
3877000,0.007867975492991475,0.06930494174367216,0.0007001422607898011,0.00038854707962110565,5.913043478260869,3.0,13.00071250046892,/net/nfs-ip34/jbod2/def-ilafores/ref_dbs/sourmash_db/RefSeq_20250528.k31.sbt.zip,GCF_020091545.1_ASM2009154v1_genomic,cbccf2735894b89c5383dfa9cc789cf8,0.7788268380875853,345000,90,346552000,/nfs3_ib/nfs-ip34/home/def-ilafores/analysis/MethodsComparison/Feces_RA/preproc/SRR5091513/SRR5091513_unmatched_2.fastq,SRR5091513,68636763,492757000,31,DNA,1000,492757,True,0.8553120938351281,0.9919689853603174,0.9236405395977227,0.9919689853603174,False,2040,3004001,5250329
4337000,0.008801498507377875,0.05879336865493078,0.0006981128629324393,0.00015065722548053656,2.2994186046511627,2.0,1.6265957135895264,/net/nfs-ip34/jbod2/def-ilafores/ref_dbs/sourmash_db/RefSeq_20250528.k31.sbt.zip,GCF_023657775.1_ASM2365777v1_genomic,00a1444277ae6e2e64e74f9c13856d56,0.7412408135361477,344000,91,346208000,/nfs3_ib/nfs-ip34/home/def-ilafores/analysis/MethodsComparison/Feces_RA/preproc/SRR5091513/SRR5091513_unmatched_2.fastq,SRR5091513,68636763,492757000,31,DNA,1000,492757,True,0.8584111988859845,0.990387475246074,0.9243993370660293,0.990387475246074,False,791,3004792,5250329
1576000,0.0031983310232021056,0.09186706295595785,0.0006899952715029924,0.00026988784893289546,4.16764705882353,2.0,11.009280058425452,/net/nfs-ip34/jbod2/def-ilafores/ref_dbs/sourmash_db/RefSeq_20250528.k31.sbt.zip,GCF_005848555.1_ASM584855v1_genomic,1123379c731757b61c292acf7bd31a34,0.4258308565252634,340000,92,345868000,/nfs3_ib/nfs-ip34/home/def-ilafores/analysis/MethodsComparison/Feces_RA/preproc/SRR5091513/SRR5091513_unmatched_2.fastq,SRR5091513,68636763,492757000,31,DNA,1000,492757,True,0.8308328476915272,0.9728366137087032,0.9018347307001152,0.9728366137087032,False,1417,3006209,5250329
2063000,0.004186647779737274,0.09639588100686498,0.0006839070779309072,0.0005746306564788607,8.952522255192878,6.0,15.974872735647311,/net/nfs-ip34/jbod2/def-ilafores/ref_dbs/sourmash_db/RefSeq_20250528.k31.sbt.zip,GCF_028743455.1_ASM2874345v1_genomic,e7c81f7d63e990a73ddfcefd48f5bb04,0.5901029748283753,337000,93,345531000,/nfs3_ib/nfs-ip34/home/def-ilafores/analysis/MethodsComparison/Feces_RA/preproc/SRR5091513/SRR5091513_unmatched_2.fastq,SRR5091513,68636763,492757000,31,DNA,1000,492757,True,0.838081036238354,0.9831291524926059,0.91060509436548,0.9831291524926059,False,3017,3009226,5250329
400000,0.0008117591429446969,0.15406562054208273,0.0006575249057852045,0.00010494580434864177,1.7006172839506173,1.0,1.0627820998680917,/net/nfs-ip34/jbod2/def-ilafores/ref_dbs/sourmash_db/RefSeq_20250528.k31.sbt.zip,GCF_900637515.1_51184_A01_genomic,f9bf15287cd9221ded6fd4c037b0f1df,0.1902044698050404,324000,94,345207000,/nfs3_ib/nfs-ip34/home/def-ilafores/analysis/MethodsComparison/Feces_RA/preproc/SRR5091513/SRR5091513_unmatched_2.fastq,SRR5091513,68636763,492757000,31,DNA,1000,492757,True,0.794884636185434,0.9478706053008056,0.8713776207431199,0.9478706053008056,False,551,3009777,5250329
4854000,0.009850697199633896,0.0446039116364148,0.0006433191207836723,0.000987176232194211,16.350157728706623,5.0,40.81404056100284,/net/nfs-ip34/jbod2/def-ilafores/ref_dbs/sourmash_db/RefSeq_20250528.k31.sbt.zip,GCF_007012325.1_ASM701232v1_genomic,a7b4985e87bb40499949cd88a98ca789,0.6829886027859856,317000,95,344890000,/nfs3_ib/nfs-ip34/home/def-ilafores/analysis/MethodsComparison/Feces_RA/preproc/SRR5091513/SRR5091513_unmatched_2.fastq,SRR5091513,68636763,492757000,31,DNA,1000,492757,True,0.861535401952929,0.9877760652779223,0.9246557336154256,0.9877760652779223,False,5183,3014960,5250329
753000,0.001528136586593392,0.06423147958136671,0.0006352015293542253,0.0001504667612258203,2.523961661341853,1.0,7.5152816173226356,/net/nfs-ip34/jbod2/def-ilafores/ref_dbs/sourmash_db/RefSeq_20250528.k31.sbt.zip,GCF_003991565.1_ASM399156v1_genomic,a0b4e7d5cd51e8887dc8f1ea3a46b770,0.15452493330597167,313000,96,344577000,/nfs3_ib/nfs-ip34/home/def-ilafores/analysis/MethodsComparison/Feces_RA/preproc/SRR5091513/SRR5091513_unmatched_2.fastq,SRR5091513,68636763,492757000,31,DNA,1000,492757,True,0.8112720646455758,0.941539757723598,0.8764059111845869,0.941539757723598,False,790,3015750,5250329
1926000,0.003908620273278715,0.12389735364875702,0.0006270839379247784,0.0006531019294219467,11.097087378640778,10.0,6.349346315675175,/net/nfs-ip34/jbod2/def-ilafores/ref_dbs/sourmash_db/RefSeq_20250528.k31.sbt.zip,GCF_900683765.1_Phascolarctobacterium_succinatutens_82G5_genomic,3f78203e6069e7dd0f934cece4bae86a,0.7722534081796311,309000,97,344268000,/nfs3_ib/nfs-ip34/home/def-ilafores/analysis/MethodsComparison/Feces_RA/preproc/SRR5091513/SRR5091513_unmatched_2.fastq,SRR5091513,68636763,492757000,31,DNA,1000,492757,True,0.8362253675450776,0.9916977992797004,0.913961583412389,0.9916977992797004,False,3429,3019179,5250329
1733000,0.003516946486807899,0.10537119397878891,0.0006250545400674166,0.0009791767334961295,16.691558441558442,5.0,32.685122020077635,/net/nfs-ip34/jbod2/def-ilafores/ref_dbs/sourmash_db/RefSeq_20250528.k31.sbt.zip,GCF_019967955.1_ASM1996795v1_genomic,815b92b0272af68e89d6f30eed8923eb,0.5928840232637701,308000,98,343960000,/nfs3_ib/nfs-ip34/home/def-ilafores/analysis/MethodsComparison/Feces_RA/preproc/SRR5091513/SRR5091513_unmatched_2.fastq,SRR5091513,68636763,492757000,31,DNA,1000,492757,True,0.8333818863452243,0.9832782743115599,0.908330080328392,0.9832782743115599,False,5141,3024320,5250329
587000,0.0011912565422713428,0.07694241890872516,0.0006209957443526931,0.0004811127074131926,8.254901960784315,1.0,55.662266987312506,/net/nfs-ip34/jbod2/def-ilafores/ref_dbs/sourmash_db/RefSeq_20250528.k31.sbt.zip,GCF_016888945.1_ASM1688894v1_genomic,6371c60d4254945f85db4e1518aa1225,0.14759869248177018,306000,99,343654000,/nfs3_ib/nfs-ip34/home/def-ilafores/analysis/MethodsComparison/Feces_RA/preproc/SRR5091513/SRR5091513_unmatched_2.fastq,SRR5091513,68636763,492757000,31,DNA,1000,492757,True,0.8047807696029098,0.9401479643051338,0.8724643669540217,0.9401479643051338,False,2526,3026846,5250329
427000,0.0008665528850934639,0.05848066835049543,0.0006108487550658844,7.75189516695049e-05,1.3521594684385383,1.0,0.6172253214940271,/net/nfs-ip34/jbod2/def-ilafores/ref_dbs/sourmash_db/RefSeq_20250528.k31.sbt.zip,GCF_040930405.1_ASM4093040v1_genomic,c69ee6c9ab13dcaa12d9af219659749d,0.08296094812512143,301000,100,343353000,/nfs3_ib/nfs-ip34/home/def-ilafores/analysis/MethodsComparison/Feces_RA/preproc/SRR5091513/SRR5091513_unmatched_2.fastq,SRR5091513,68636763,492757000,31,DNA,1000,492757,True,0.7965612871469089,0.9228369141294879,0.8596991006381984,0.9228369141294879,False,407,3027253,5250329
1801000,0.0036549455411084976,0.10355540214014498,0.0006088193572085227,0.00023503289031982569,4.113333333333333,3.0,3.351689457903614,/net/nfs-ip34/jbod2/def-ilafores/ref_dbs/sourmash_db/RefSeq_20250528.k31.sbt.zip,GCF_036419515.1_ASM3641951v1_genomic,6a297f754ff6c4bf21b2d1fd8119290f,0.6216775975146703,300000,101,343053000,/nfs3_ib/nfs-ip34/home/def-ilafores/analysis/MethodsComparison/Feces_RA/preproc/SRR5091513/SRR5091513_unmatched_2.fastq,SRR5091513,68636763,492757000,31,DNA,1000,492757,True,0.8344172143458471,0.9847836135368865,0.9096004139413668,0.9847836135368865,False,1234,3028487,5250329
2734000,0.005548373742027003,0.05422913196372386,0.0005946135722069905,0.0002896961314233832,5.191126279863481,1.0,18.688692437175938,/net/nfs-ip34/jbod2/def-ilafores/ref_dbs/sourmash_db/RefSeq_20250528.k31.sbt.zip,GCF_002257605.1_ASM225760v1_genomic,f7997817cc52d394fc177270fcbc526c,0.5060151767536554,293000,102,342760000,/nfs3_ib/nfs-ip34/home/def-ilafores/analysis/MethodsComparison/Feces_RA/preproc/SRR5091513/SRR5091513_unmatched_2.fastq,SRR5091513,68636763,492757000,31,DNA,1000,492757,True,0.8457288618981478,0.9782658395129639,0.9119973507055559,0.9782658395129639,False,1521,3030008,5250329
290000,0.0005885253786349052,0.11674098094852046,0.0005844665829201817,8.113777250911324e-05,1.4791666666666667,1.0,1.2016698451183117,/net/nfs-ip34/jbod2/def-ilafores/ref_dbs/sourmash_db/RefSeq_20250528.k31.sbt.zip,GCF_003006415.1_ASM300641v1_genomic,981398250c3043d1e1d476a7dd6246ad,0.11755168220510742,288000,103,342472000,/nfs3_ib/nfs-ip34/home/def-ilafores/analysis/MethodsComparison/Feces_RA/preproc/SRR5091513/SRR5091513_unmatched_2.fastq,SRR5091513,68636763,492757000,31,DNA,1000,492757,True,0.7866813914440651,0.9332701645370097,0.8599757779905375,0.9332701645370097,False,426,3030434,5250329
372000,0.0007549360029385681,0.04595291841341503,0.0005783783893480966,9.10419137543571e-05,1.6771929824561405,1.0,1.6376081771001083,/net/nfs-ip34/jbod2/def-ilafores/ref_dbs/sourmash_db/RefSeq_20250528.k31.sbt.zip,GCF_013112035.1_ASM1311203v1_genomic,2c7f1ed5ed72fbc8e35c73aaa96fdec4,0.0599806514027733,285000,104,342187000,/nfs3_ib/nfs-ip34/home/def-ilafores/analysis/MethodsComparison/Feces_RA/preproc/SRR5091513/SRR5091513_unmatched_2.fastq,SRR5091513,68636763,492757000,31,DNA,1000,492757,True,0.7930259955068026,0.9132317577813595,0.853128876644081,0.9132317577813595,False,478,3030912,5250329
2183000,0.0044301755226206834,0.08695652173913043,0.0005682314000612878,0.0005668216220354953,10.628571428571428,8.0,13.383274667148042,/net/nfs-ip34/jbod2/def-ilafores/ref_dbs/sourmash_db/RefSeq_20250528.k31.sbt.zip,GCF_044324945.1_ASM4432494v1_genomic,d941499676ba65c47aeee15f709cbc7a,0.6779503105590062,280000,105,341907000,/nfs3_ib/nfs-ip34/home/def-ilafores/analysis/MethodsComparison/Feces_RA/preproc/SRR5091513/SRR5091513_unmatched_2.fastq,SRR5091513,68636763,492757000,31,DNA,1000,492757,True,0.839610951373831,0.987540168699012,0.9135755600364215,0.987540168699012,False,2976,3033888,5250329
5230000,0.010613750794001911,0.039671090594345065,0.0005580844107744791,0.0004245448237624728,8.105454545454545,3.0,18.32335239455943,/net/nfs-ip34/jbod2/def-ilafores/ref_dbs/sourmash_db/RefSeq_20250528.k31.sbt.zip,GCF_019857385.1_ASM1985738v1_genomic,efcf1829099a4dce2fddc50e607d113f,0.7544720138488171,275000,106,341632000,/nfs3_ib/nfs-ip34/home/def-ilafores/analysis/MethodsComparison/Feces_RA/preproc/SRR5091513/SRR5091513_unmatched_2.fastq,SRR5091513,68636763,492757000,31,DNA,1000,492757,True,0.8636113694174273,0.990952880363026,0.9272821248902267,0.990952880363026,False,2229,3036117,5250329
807000,0.0016377240708909258,0.07324926214113228,0.0005540256150597556,0.0001622755450182265,3.120879120879121,2.0,5.807980801051966,/net/nfs-ip34/jbod2/def-ilafores/ref_dbs/sourmash_db/RefSeq_20250528.k31.sbt.zip,GCF_033096465.1_ASM3309646v1_genomic,2c68bd9dadc6532293ac0421ad590fc2,0.21652803863697342,273000,107,341359000,/nfs3_ib/nfs-ip34/home/def-ilafores/analysis/MethodsComparison/Feces_RA/preproc/SRR5091513/SRR5091513_unmatched_2.fastq,SRR5091513,68636763,492757000,31,DNA,1000,492757,True,0.8130865888441273,0.9518422371523879,0.8824644129982576,0.9518422371523879,False,852,3036969,5250329
274000,0.0005560550129171173,0.1109751121991024,0.0005519962172023939,7.561430912234262e-05,1.4595588235294117,1.0,4.370504054192865,/net/nfs-ip34/jbod2/def-ilafores/ref_dbs/sourmash_db/RefSeq_20250528.k31.sbt.zip,GCF_010669225.1_ASM1066922v1_genomic,274d37fe38c89456352e287313491fb8,0.11179110567115463,272000,108,341087000,/nfs3_ib/nfs-ip34/home/def-ilafores/analysis/MethodsComparison/Feces_RA/preproc/SRR5091513/SRR5091513_unmatched_2.fastq,SRR5091513,68636763,492757000,31,DNA,1000,492757,True,0.7852425029995163,0.9317587068586806,0.8585006049290984,0.9317587068586806,False,397,3037366,5250329
1362000,0.0027640398817266928,0.05584388623624663,0.0005459080236303087,7.028130999028823e-05,1.3717472118959109,1.0,0.8107669479603038,/net/nfs-ip34/jbod2/def-ilafores/ref_dbs/sourmash_db/RefSeq_20250528.k31.sbt.zip,GCF_902164655.1_25426_7_113_genomic,10d1a9dcd61ee395522ea44469b211d4,0.2827485987128918,269000,109,340818000,/nfs3_ib/nfs-ip34/home/def-ilafores/analysis/MethodsComparison/Feces_RA/preproc/SRR5091513/SRR5091513_unmatched_2.fastq,SRR5091513,68636763,492757000,31,DNA,1000,492757,True,0.8269308058979643,0.9600707549233908,0.8935007804106776,0.9600707549233908,False,369,3037735,5250329
4595000,0.009325083154577205,0.04253624342838936,0.0005418492279155851,0.0012022103757688327,23.640449438202246,22.0,24.633605980818764,/net/nfs-ip34/jbod2/def-ilafores/ref_dbs/sourmash_db/RefSeq_20250528.k31.sbt.zip,GCF_006546965.1_ASM654696v1_genomic,d3b5011d40cba3b27ab151b054210724,0.7320375975784611,267000,110,340551000,/nfs3_ib/nfs-ip34/home/def-ilafores/analysis/MethodsComparison/Feces_RA/preproc/SRR5091513/SRR5091513_unmatched_2.fastq,SRR5091513,68636763,492757000,31,DNA,1000,492757,True,0.8600128220203722,0.9899884077404982,0.9250006148804353,0.9899884077404982,False,6312,3044047,5250329
1806000,0.0036650925303953062,0.061219628394473556,0.0005215552493419678,9.980326947130361e-05,2.0389105058365757,1.0,3.4175166165910027,/net/nfs-ip34/jbod2/def-ilafores/ref_dbs/sourmash_db/RefSeq_20250528.k31.sbt.zip,GCF_020181555.1_ASM2018155v1_genomic,8469ab5e4b1c2b2c7b791e98ae874535,0.43020485945688425,257000,111,340294000,/nfs3_ib/nfs-ip34/home/def-ilafores/analysis/MethodsComparison/Feces_RA/preproc/SRR5091513/SRR5091513_unmatched_2.fastq,SRR5091513,68636763,492757000,31,DNA,1000,492757,True,0.834491841197014,0.9731573667324633,0.9038246039647386,0.9731573667324633,False,524,3044571,5250329
2588000,0.0052520816548521886,0.05660797860485848,0.0005154670557698826,0.0022219559955195187,45.92913385826772,41.0,106.38129172913092,/net/nfs-ip34/jbod2/def-ilafores/ref_dbs/sourmash_db/RefSeq_20250528.k31.sbt.zip,GCF_042850115.1_ASM4285011v1_genomic,0a531f0dc11d01b0c4c52863f5abf5c2,0.576777356808558,254000,112,340040000,/nfs3_ib/nfs-ip34/home/def-ilafores/analysis/MethodsComparison/Feces_RA/preproc/SRR5091513/SRR5091513_unmatched_2.fastq,SRR5091513,68636763,492757000,31,DNA,1000,492757,True,0.8442329636407335,0.9824050520497318,0.9133190078452327,0.9824050520497318,False,11666,3056237,5250329
2533000,0.005140464772697293,0.06535211267605634,0.0004708203029079242,0.0005696785858562387,12.892241379310345,9.0,28.451585165408527,/net/nfs-ip34/jbod2/def-ilafores/ref_dbs/sourmash_db/RefSeq_20250528.k31.sbt.zip,GCF_042846995.1_ASM4284699v1_genomic,8b056a1755c5c7b70c25c16b2330fe86,0.7135211267605633,232000,113,339808000,/nfs3_ib/nfs-ip34/home/def-ilafores/analysis/MethodsComparison/Feces_RA/preproc/SRR5091513/SRR5091513_unmatched_2.fastq,SRR5091513,68636763,492757000,31,DNA,1000,492757,True,0.8436481671471194,0.9891705736814156,0.9164093704142675,0.9891705736814156,False,2991,3059228,5250329
5464000,0.01108862989262456,0.0006229793450124059,0.0004708203029079242,0.0004125455757153504,9.336206896551724,2.0,31.793499651581683,/net/nfs-ip34/jbod2/def-ilafores/ref_dbs/sourmash_db/RefSeq_20250528.k31.sbt.zip,plasmid.3.1.genomic,e2e03e1dce424a170899a4ee7698c481,0.014672237677361146,232000,114,339576000,/nfs3_ib/nfs-ip34/home/def-ilafores/analysis/MethodsComparison/Feces_RA/preproc/SRR5091513/SRR5091513_unmatched_2.fastq,SRR5091513,68636763,492757000,31,DNA,1000,492757,True,0.864831589844085,0.8726793934029445,0.8687554916235147,0.8726793934029445,False,2166,3061394,5250329
4290000,0.008706116808081874,0.04503801910703841,0.00046879090505056245,0.0031453267023837934,71.4891774891775,51.0,53.77923942219683,/net/nfs-ip34/jbod2/def-ilafores/ref_dbs/sourmash_db/RefSeq_20250528.k31.sbt.zip,GCF_036419465.1_ASM3641946v1_genomic,277623bb21bf8d096347cc62995689ef,0.836420354844999,231000,115,339345000,/nfs3_ib/nfs-ip34/home/def-ilafores/analysis/MethodsComparison/Feces_RA/preproc/SRR5091513/SRR5091513_unmatched_2.fastq,SRR5091513,68636763,492757000,31,DNA,1000,492757,True,0.8581095305616713,0.9942545051255701,0.9261820178436206,0.9942545051255701,False,16514,3077908,5250329
3741000,0.007591977384390277,0.04372953188210364,0.0004606733136211155,0.002308807695670119,53.40088105726872,4.0,71.58385981496023,/net/nfs-ip34/jbod2/def-ilafores/ref_dbs/sourmash_db/RefSeq_20250528.k31.sbt.zip,GCF_018289175.1_ASM1828917v1_genomic,c011021d83e072fd7dafbdfb08120209,0.7206703910614525,227000,116,339118000,/nfs3_ib/nfs-ip34/home/def-ilafores/analysis/MethodsComparison/Feces_RA/preproc/SRR5091513/SRR5091513_unmatched_2.fastq,SRR5091513,68636763,492757000,31,DNA,1000,492757,True,0.8543274324821623,0.989488749469577,0.9219080909758697,0.989488749469577,False,12122,3090030,5250329
3445000,0.006991275618611202,0.03355704697986577,0.0004464675286195833,0.00020989160869728355,5.009090909090909,3.0,13.41403298757445,/net/nfs-ip34/jbod2/def-ilafores/ref_dbs/sourmash_db/RefSeq_20250528.k31.sbt.zip,GCF_025263845.1_ASM2526384v1_genomic,d20001d187626a256609db74af93bd0e,0.5254728492983527,220000,117,338898000,/nfs3_ib/nfs-ip34/home/def-ilafores/analysis/MethodsComparison/Feces_RA/preproc/SRR5091513/SRR5091513_unmatched_2.fastq,SRR5091513,68636763,492757000,31,DNA,1000,492757,True,0.8520587919325662,0.97945726734118,0.915758029636873,0.97945726734118,False,1102,3091132,5250329
2324000,0.004716320620508689,0.06459189665296536,0.0004464675286195833,0.00017694129263137607,4.222727272727273,2.0,8.232995247405507,/net/nfs-ip34/jbod2/def-ilafores/ref_dbs/sourmash_db/RefSeq_20250528.k31.sbt.zip,GCF_003574015.1_ASM357401v1_genomic,1874b1c1106f4973cf5b5c4b574ac6f1,0.6823253082795068,220000,118,338678000,/nfs3_ib/nfs-ip34/home/def-ilafores/analysis/MethodsComparison/Feces_RA/preproc/SRR5091513/SRR5091513_unmatched_2.fastq,SRR5091513,68636763,492757000,31,DNA,1000,492757,True,0.841307858979795,0.9877451057796646,0.9145264823797298,0.9877451057796646,False,929,3092061,5250329
450000,0.0009132290358127839,0.035164835164835165,0.0004221147543312424,5.1615813028097855e-05,1.3028846153846154,1.0,0.6351796733646483,/net/nfs-ip34/jbod2/def-ilafores/ref_dbs/sourmash_db/RefSeq_20250528.k31.sbt.zip,GCF_003699975.1_ASM369997v1_genomic,fe7bf49b0d949b88ab87dc5e98047089,0.0760777683854607,208000,119,338470000,/nfs3_ib/nfs-ip34/home/def-ilafores/analysis/MethodsComparison/Feces_RA/preproc/SRR5091513/SRR5091513_unmatched_2.fastq,SRR5091513,68636763,492757000,31,DNA,1000,492757,True,0.7979105075002233,0.9202621092268493,0.8590863083635363,0.9202621092268493,False,271,3092332,5250329
1700000,0.0034499763575149616,0.06916524701873936,0.0004119677650444337,0.0006835762101765432,17.679802955665025,18.0,16.641716706414126,/net/nfs-ip34/jbod2/def-ilafores/ref_dbs/sourmash_db/RefSeq_20250528.k31.sbt.zip,GCF_040058985.1_ASM4005898v1_genomic,9217c1f8c150568f8c71781398566ec7,0.5792163543441227,203000,120,338267000,/nfs3_ib/nfs-ip34/home/def-ilafores/analysis/MethodsComparison/Feces_RA/preproc/SRR5091513/SRR5091513_unmatched_2.fastq,SRR5091513,68636763,492757000,31,DNA,1000,492757,True,0.832865194975681,0.9825387870189578,0.9077019909973194,0.9825387870189578,False,3589,3095921,5250329
1550000,0.0031455666789107005,0.039569049951028404,0.0004099383671870719,0.00041635486080967497,10.821782178217822,2.0,28.504610028264636,/net/nfs-ip34/jbod2/def-ilafores/ref_dbs/sourmash_db/RefSeq_20250528.k31.sbt.zip,GCF_009193325.2_ASM919332v2_genomic,20d3ad2db691676c0843017fd7066d73,0.3036238981390793,202000,121,338065000,/nfs3_ib/nfs-ip34/home/def-ilafores/analysis/MethodsComparison/Feces_RA/preproc/SRR5091513/SRR5091513_unmatched_2.fastq,SRR5091513,68636763,492757000,31,DNA,1000,492757,True,0.8303871300434976,0.9622793357459724,0.896333232894735,0.9622793357459724,False,2186,3098107,5250329
1238000,0.0025123945474138367,0.0496031746031746,0.00040587957147234844,8.62803073864514e-05,2.265,2.0,2.6219792142578098,/net/nfs-ip34/jbod2/def-ilafores/ref_dbs/sourmash_db/RefSeq_20250528.k31.sbt.zip,GCF_032450655.1_ASM3245065v1_genomic,238dff01323d07dfd5222980fc0a672b,0.3070436507936508,200000,122,337865000,/nfs3_ib/nfs-ip34/home/def-ilafores/analysis/MethodsComparison/Feces_RA/preproc/SRR5091513/SRR5091513_unmatched_2.fastq,SRR5091513,68636763,492757000,31,DNA,1000,492757,True,0.824388388043036,0.9626270658668173,0.8935077269549268,0.9626270658668173,False,453,3098560,5250329
607000,0.0012318444994185774,0.09526089037817137,0.0004038501736149867,6.456738234880138e-05,1.7035175879396984,1.0,1.193591635949774,/net/nfs-ip34/jbod2/def-ilafores/ref_dbs/sourmash_db/RefSeq_20250528.k31.sbt.zip,GCF_000448685.2_ASM44868v2_genomic,4b390ec30d0e1ae7a8a1bfe1682435c4,0.29056965055050266,199000,123,337666000,/nfs3_ib/nfs-ip34/home/def-ilafores/analysis/MethodsComparison/Feces_RA/preproc/SRR5091513/SRR5091513_unmatched_2.fastq,SRR5091513,68636763,492757000,31,DNA,1000,492757,True,0.8056510253331622,0.96091614865438,0.8832835869937712,0.96091614865438,False,339,3098899,5250329
3206000,0.006506249530701745,0.036705794671138436,0.0003997913779002632,6.913852446199086e-05,1.8426395939086295,1.0,1.3927328199159024,/net/nfs-ip34/jbod2/def-ilafores/ref_dbs/sourmash_db/RefSeq_20250528.k31.sbt.zip,GCF_041889465.1_ASM4188946v1_genomic,0fed4767b9c5b82dc76c65ad700c5757,0.597354201602385,197000,124,337469000,/nfs3_ib/nfs-ip34/home/def-ilafores/analysis/MethodsComparison/Feces_RA/preproc/SRR5091513/SRR5091513_unmatched_2.fastq,SRR5091513,68636763,492757000,31,DNA,1000,492757,True,0.8500848593709798,0.9835165558306436,0.9168007076008117,0.9835165558306436,False,363,3099262,5250329
471000,0.0009558463908173806,0.04,0.0003997913779002632,4.875884920735444e-05,1.299492385786802,1.0,0.6101092073275748,/net/nfs-ip34/jbod2/def-ilafores/ref_dbs/sourmash_db/RefSeq_20250528.k31.sbt.zip,GCF_004801555.1_ASM480155v1_genomic,9f1e57d8df894c9fcefac744b5fcc895,0.09563451776649746,197000,125,337272000,/nfs3_ib/nfs-ip34/home/def-ilafores/analysis/MethodsComparison/Feces_RA/preproc/SRR5091513/SRR5091513_unmatched_2.fastq,SRR5091513,68636763,492757000,31,DNA,1000,492757,True,0.7990853427269381,0.9270786983534199,0.863082020540179,0.9270786983534199,False,256,3099518,5250329
437000,0.0008868468636670814,0.04726308174584037,0.0003977619800429015,0.0006759576399878941,18.107142857142858,1.0,40.741767041117065,/net/nfs-ip34/jbod2/def-ilafores/ref_dbs/sourmash_db/RefSeq_20250528.k31.sbt.zip,GCF_025146565.1_ASM2514656v1_genomic,9216287e15b5df82656d9407b3ab0a7c,0.1053773812394502,196000,126,337076000,/nfs3_ib/nfs-ip34/home/def-ilafores/analysis/MethodsComparison/Feces_RA/preproc/SRR5091513/SRR5091513_unmatched_2.fastq,SRR5091513,68636763,492757000,31,DNA,1000,492757,True,0.7971563396868081,0.9299845265105998,0.863570433098704,0.9299845265105998,False,3549,3103067,5250329
218000,0.0004424087329048598,0.037502493516856174,0.00038152679718400753,5.066349175451672e-05,1.4148936170212767,1.0,1.1290136390643384,/net/nfs-ip34/jbod2/def-ilafores/ref_dbs/sourmash_db/RefSeq_20250528.k31.sbt.zip,GCF_040267475.1_UoG_LM19R_1.0_genomic,361dbedd535289fa0d5c0308f46e417d,0.04348693397167365,188000,127,336888000,/nfs3_ib/nfs-ip34/home/def-ilafores/analysis/MethodsComparison/Feces_RA/preproc/SRR5091513/SRR5091513_unmatched_2.fastq,SRR5091513,68636763,492757000,31,DNA,1000,492757,True,0.779472439803833,0.9038078102558279,0.8416401250298304,0.9038078102558279,False,266,3103333,5250329
1548000,0.003141507883195977,0.06615059817030261,0.00038152679718400753,9.923187670715492e-05,2.771276595744681,2.0,2.155108840635237,/net/nfs-ip34/jbod2/def-ilafores/ref_dbs/sourmash_db/RefSeq_20250528.k31.sbt.zip,GCF_025150085.1_ASM2515008v1_genomic,2e1846f271e5a6c1736e89d400b10289,0.5446868402533427,188000,128,336700000,/nfs3_ib/nfs-ip34/home/def-ilafores/analysis/MethodsComparison/Feces_RA/preproc/SRR5091513/SRR5091513_unmatched_2.fastq,SRR5091513,68636763,492757000,31,DNA,1000,492757,True,0.830352544985385,0.9805925945433348,0.90547256976436,0.9805925945433348,False,521,3103854,5250329
214000,0.0004342911414754128,0.08502939846223428,0.00038152679718400753,5.580602663185488e-05,1.5585106382978724,1.0,0.906115108754047,/net/nfs-ip34/jbod2/def-ilafores/ref_dbs/sourmash_db/RefSeq_20250528.k31.sbt.zip,GCF_023497905.1_ASM2349790v1_genomic,db63ed1c41913b0bf713d411d3223db9,0.09678878335594754,188000,129,336512000,/nfs3_ib/nfs-ip34/home/def-ilafores/analysis/MethodsComparison/Feces_RA/preproc/SRR5091513/SRR5091513_unmatched_2.fastq,SRR5091513,68636763,492757000,31,DNA,1000,492757,True,0.7790069308836444,0.9274375560308078,0.8532222434572261,0.9274375560308078,False,293,3104147,5250329
185000,0.0003754386036119223,0.07210401891252956,0.0003713798078971988,3.9045172216826794e-05,1.1202185792349726,1.0,0.41393217189957654,/net/nfs-ip34/jbod2/def-ilafores/ref_dbs/sourmash_db/RefSeq_20250528.k31.sbt.zip,GCF_020541925.1_ASM2054192v1_genomic,5dfb2de1c8a49d9f52117f79b9e8a991,0.07289204097714735,183000,130,336329000,/nfs3_ib/nfs-ip34/home/def-ilafores/analysis/MethodsComparison/Feces_RA/preproc/SRR5091513/SRR5091513_unmatched_2.fastq,SRR5091513,68636763,492757000,31,DNA,1000,492757,True,0.775356185141908,0.9189931233035932,0.8471746542227505,0.9189931233035932,False,205,3104352,5250329
283000,0.000574319593633373,0.04125374510255819,0.00036326221646775186,6.551970362238252e-05,1.9217877094972067,1.0,3.48252222532819,/net/nfs-ip34/jbod2/def-ilafores/ref_dbs/sourmash_db/RefSeq_20250528.k31.sbt.zip,GCF_033539535.1_ASM3353953v1_genomic,0427dc13b30085ec6c0b07b74b672320,0.06522240147499424,179000,131,336150000,/nfs3_ib/nfs-ip34/home/def-ilafores/analysis/MethodsComparison/Feces_RA/preproc/SRR5091513/SRR5091513_unmatched_2.fastq,SRR5091513,68636763,492757000,31,DNA,1000,492757,True,0.786061577902572,0.9157032066324342,0.8508823922675031,0.9157032066324342,False,344,3104696,5250329
537000,0.0010897866494032555,0.028314028314028315,0.0003571740228956666,4.24735288017189e-05,1.2670454545454546,1.0,0.5956702853449845,/net/nfs-ip34/jbod2/def-ilafores/ref_dbs/sourmash_db/RefSeq_20250528.k31.sbt.zip,GCF_013707575.1_ASM1370757v1_genomic,cf7e8e4a3dc5003a8bad3ddbe2befe68,0.08638996138996138,176000,132,335974000,/nfs3_ib/nfs-ip34/home/def-ilafores/analysis/MethodsComparison/Feces_RA/preproc/SRR5091513/SRR5091513_unmatched_2.fastq,SRR5091513,68636763,492757000,31,DNA,1000,492757,True,0.8024728916693927,0.9240433881842766,0.8632581399268346,0.9240433881842766,False,223,3104919,5250329
4473000,0.009077496615979072,0.026217786384626844,0.0003571740228956666,0.0007995689412987262,23.852272727272727,20.0,18.839356636336454,/net/nfs-ip34/jbod2/def-ilafores/ref_dbs/sourmash_db/RefSeq_20250528.k31.sbt.zip,GCF_030168555.1_ASM3016855v1_genomic,761bc93d29d61ce80809686c2d5128e5,0.6663190823774765,176000,133,335798000,/nfs3_ib/nfs-ip34/home/def-ilafores/analysis/MethodsComparison/Feces_RA/preproc/SRR5091513/SRR5091513_unmatched_2.fastq,SRR5091513,68636763,492757000,31,DNA,1000,492757,True,0.8592666150995413,0.9869890413521561,0.9231278282258487,0.9869890413521561,False,4198,3109117,5250329
345000,0.0007001422607898011,0.0352041842687588,0.00035514462503830486,0.0002476035311310967,7.428571428571429,1.0,16.66559452333839,/net/nfs-ip34/jbod2/def-ilafores/ref_dbs/sourmash_db/RefSeq_20250528.k31.sbt.zip,GCF_000724795.2_ASM72479v2_genomic,530ecbc54a096415e9e9d83c37295139,0.06940253470126735,175000,134,335623000,/nfs3_ib/nfs-ip34/home/def-ilafores/analysis/MethodsComparison/Feces_RA/preproc/SRR5091513/SRR5091513_unmatched_2.fastq,SRR5091513,68636763,492757000,31,DNA,1000,492757,True,0.7911007857854453,0.9175400092468632,0.8543203975161542,0.9175400092468632,False,1300,3110417,5250329
176000,0.0003571740228956666,0.05030355594102342,0.00035311522718094315,4.533049262246233e-05,1.367816091954023,1.0,0.721029636209756,/net/nfs-ip34/jbod2/def-ilafores/ref_dbs/sourmash_db/RefSeq_20250528.k31.sbt.zip,GCF_001701045.1_ASM170104v1_genomic,9d91951929bacfb6e297eba2f87e2e3e,0.050881757733448975,174000,135,335449000,/nfs3_ib/nfs-ip34/home/def-ilafores/analysis/MethodsComparison/Feces_RA/preproc/SRR5091513/SRR5091513_unmatched_2.fastq,SRR5091513,68636763,492757000,31,DNA,1000,492757,True,0.7741098191974727,0.9083980577073117,0.8412539384523923,0.9083980577073117,False,238,3110655,5250329
1892000,0.003839620746128416,0.04728595411303861,0.00034296823789413443,0.0001173259809051966,3.6449704142011834,2.0,9.75277178772801,/net/nfs-ip34/jbod2/def-ilafores/ref_dbs/sourmash_db/RefSeq_20250528.k31.sbt.zip,GCF_000209835.1_ASM20983v1_genomic,ab50710d4b2685ccaecb7b36ef7d16eb,0.5293788472299944,169000,136,335280000,/nfs3_ib/nfs-ip34/home/def-ilafores/analysis/MethodsComparison/Feces_RA/preproc/SRR5091513/SRR5091513_unmatched_2.fastq,SRR5091513,68636763,492757000,31,DNA,1000,492757,True,0.8357450578434035,0.9796912848004407,0.907718171321922,0.9796912848004407,False,616,3111271,5250329
1691000,0.003431711776798706,0.058011049723756904,0.00034093884003677267,0.0006481498587993247,20.25595238095238,5.0,29.0328215382853,/net/nfs-ip34/jbod2/def-ilafores/ref_dbs/sourmash_db/RefSeq_20250528.k31.sbt.zip,GCF_036632915.2_ASM3663291v2_genomic,1be8a5fa3d48a02ef6804d87b6dc2cbb,0.5839088397790055,168000,137,335112000,/nfs3_ib/nfs-ip34/home/def-ilafores/analysis/MethodsComparison/Feces_RA/preproc/SRR5091513/SRR5091513_unmatched_2.fastq,SRR5091513,68636763,492757000,31,DNA,1000,492757,True,0.8327225943034551,0.9827945592273322,0.9077585767653936,0.9827945592273322,False,3403,3114674,5250329
1525000,0.0030948317324766567,0.04663501815135437,0.00033890944217941096,0.00047673202955471935,14.988023952095809,13.0,14.695711225747601,/net/nfs-ip34/jbod2/def-ilafores/ref_dbs/sourmash_db/RefSeq_20250528.k31.sbt.zip,GCF_000209955.1_ASM20995v1_genomic,bbe76ea739202f726b440dbf1d277c90,0.42585869868751747,167000,138,334945000,/nfs3_ib/nfs-ip34/home/def-ilafores/analysis/MethodsComparison/Feces_RA/preproc/SRR5091513/SRR5091513_unmatched_2.fastq,SRR5091513,68636763,492757000,31,DNA,1000,492757,True,0.8299516788622486,0.972838665486407,0.9013951721743279,0.972838665486407,False,2503,3117177,5250329
1643000,0.0033343006796453423,0.05369572422936692,0.00032876245289260224,0.0010052703363922528,32.58024691358025,32.0,21.5116185646819,/net/nfs-ip34/jbod2/def-ilafores/ref_dbs/sourmash_db/RefSeq_20250528.k31.sbt.zip,GCF_023347335.1_ASM2334733v1_genomic,d566eb779c3a1233616a97a7ab79e713,0.544580709313888,162000,139,334783000,/nfs3_ib/nfs-ip34/home/def-ilafores/analysis/MethodsComparison/Feces_RA/preproc/SRR5091513/SRR5091513_unmatched_2.fastq,SRR5091513,68636763,492757000,31,DNA,1000,492757,True,0.8319494285545572,0.9805864305382237,0.9062679295463905,0.9805864305382237,False,5278,3122455,5250329
1700000,0.0034499763575149616,0.04374831217931407,0.00032876245289260224,0.00017960779219740325,5.820987654320987,4.0,9.136079825619658,/net/nfs-ip34/jbod2/def-ilafores/ref_dbs/sourmash_db/RefSeq_20250528.k31.sbt.zip,GCF_022845675.1_ASM2284567v1_genomic,dc5db18b01e855478b35f8ecd5651460,0.4590872265730489,162000,140,334621000,/nfs3_ib/nfs-ip34/home/def-ilafores/analysis/MethodsComparison/Feces_RA/preproc/SRR5091513/SRR5091513_unmatched_2.fastq,SRR5091513,68636763,492757000,31,DNA,1000,492757,True,0.832865194975681,0.9751993291380681,0.9040322620568746,0.9751993291380681,False,943,3123398,5250329
1458000,0.00295886207603342,0.05591991715567829,0.00032876245289260224,9.10419137543571e-05,2.950617283950617,2.0,2.3142139137758226,/net/nfs-ip34/jbod2/def-ilafores/ref_dbs/sourmash_db/RefSeq_20250528.k31.sbt.zip,GCF_042853905.1_ASM4285390v1_genomic,1e694dab0a72999dda66e4cd13428d21,0.5032792544011045,162000,141,334459000,/nfs3_ib/nfs-ip34/home/def-ilafores/analysis/MethodsComparison/Feces_RA/preproc/SRR5091513/SRR5091513_unmatched_2.fastq,SRR5091513,68636763,492757000,31,DNA,1000,492757,True,0.8287496883796789,0.9780947693893544,0.9034222288845166,0.9780947693893544,False,478,3123876,5250329
4393000,0.008915144787390134,0.0270042194092827,0.00032470365717787876,6.990038148085577e-05,2.29375,2.0,1.5149128481533187,/net/nfs-ip34/jbod2/def-ilafores/ref_dbs/sourmash_db/RefSeq_20250528.k31.sbt.zip,GCF_000695935.1_ASM69593v1_genomic,e90abc6346e942856ce58cd5d32eaf79,0.7414345991561181,160000,142,334299000,/nfs3_ib/nfs-ip34/home/def-ilafores/analysis/MethodsComparison/Feces_RA/preproc/SRR5091513/SRR5091513_unmatched_2.fastq,SRR5091513,68636763,492757000,31,DNA,1000,492757,True,0.8587665300408223,0.990395826481673,0.9245811782612476,0.990395826481673,False,367,3124243,5250329
162000,0.00032876245289260224,0.06938954765041722,0.0003206448614631553,4.475909985831364e-05,1.4873417721518987,1.0,0.7773481517406349,/net/nfs-ip34/jbod2/def-ilafores/ref_dbs/sourmash_db/RefSeq_20250528.k31.sbt.zip,GCF_041729635.1_ASM4172963v1_genomic,2876d406ca5e65991ea7ee08e04c3d2d,0.07114624505928854,158000,143,334141000,/nfs3_ib/nfs-ip34/home/def-ilafores/analysis/MethodsComparison/Feces_RA/preproc/SRR5091513/SRR5091513_unmatched_2.fastq,SRR5091513,68636763,492757000,31,DNA,1000,492757,True,0.772042772525229,0.9182747543371181,0.8451587634311736,0.9182747543371181,False,235,3124478,5250329
2693000,0.005465168429875171,0.02320392681838465,0.00031658606574843176,0.000326265268328899,10.98076923076923,6.0,12.522529007417686,/net/nfs-ip34/jbod2/def-ilafores/ref_dbs/sourmash_db/RefSeq_20250528.k31.sbt.zip,GCF_014334015.1_ASM1433401v1_genomic,32a90d9faa0865b9d4716569d60e47de,0.40056522385839655,156000,144,333985000,/nfs3_ib/nfs-ip34/home/def-ilafores/analysis/MethodsComparison/Feces_RA/preproc/SRR5091513/SRR5091513_unmatched_2.fastq,SRR5091513,68636763,492757000,31,DNA,1000,492757,True,0.8453167397882313,0.9709190176470872,0.9081178787176593,0.9709190176470872,False,1713,3126191,5250329
3699000,0.007506742674381084,0.03424657534246575,0.00031455666789107005,0.0001420863340183063,4.812903225806451,3.0,7.255509227609394,/net/nfs-ip34/jbod2/def-ilafores/ref_dbs/sourmash_db/RefSeq_20250528.k31.sbt.zip,GCF_016726305.1_ASM1672630v1_genomic,47030cb09435e5a03e1ce6a49f0753a5,0.8172779496243924,155000,145,333830000,/nfs3_ib/nfs-ip34/home/def-ilafores/analysis/MethodsComparison/Feces_RA/preproc/SRR5091513/SRR5091513_unmatched_2.fastq,SRR5091513,68636763,492757000,31,DNA,1000,492757,True,0.8540163364030262,0.9935122326990828,0.9237642845510545,0.9935122326990828,False,746,3126937,5250329
3434000,0.0069689522421802225,0.03300258843830889,0.00031049787217634657,0.0023358536198398233,80.15686274509804,55.0,79.80557400611322,/net/nfs-ip34/jbod2/def-ilafores/ref_dbs/sourmash_db/RefSeq_20250528.k31.sbt.zip,GCF_024760085.1_ASM2476008v1_genomic,d22a231abb372af890fb48167198d8a7,0.7407247627264884,153000,146,333677000,/nfs3_ib/nfs-ip34/home/def-ilafores/analysis/MethodsComparison/Feces_RA/preproc/SRR5091513/SRR5091513_unmatched_2.fastq,SRR5091513,68636763,492757000,31,DNA,1000,492757,True,0.851970893079605,0.9903652256091476,0.9211680593443763,0.9903652256091476,False,12264,3139201,5250329
4860000,0.009862873586778067,0.021765235664965476,0.0002942626893174526,0.0006494831085823384,23.517241379310345,22.0,17.680733113321253,/net/nfs-ip34/jbod2/def-ilafores/ref_dbs/sourmash_db/RefSeq_20250528.k31.sbt.zip,GCF_018289035.1_ASM1828903v1_genomic,2c57a91b8fe09d51df24c6e20ef5d122,0.7295106574602221,145000,147,333532000,/nfs3_ib/nfs-ip34/home/def-ilafores/analysis/MethodsComparison/Feces_RA/preproc/SRR5091513/SRR5091513_unmatched_2.fastq,SRR5091513,68636763,492757000,31,DNA,1000,492757,True,0.8615697342838209,0.989877985535813,0.925723859909817,0.989877985535813,False,3410,3142611,5250329
558000,0.0011324040044078522,0.03813903164728158,0.00028614509788800566,0.0001388484416881304,5.170212765957447,2.0,18.9294912119524,/net/nfs-ip34/jbod2/def-ilafores/ref_dbs/sourmash_db/RefSeq_20250528.k31.sbt.zip,GCF_000210015.1_ASM21001v1_genomic,6f351faff0bbc09512221a953fad4daf,0.15093318907222072,141000,148,333391000,/nfs3_ib/nfs-ip34/home/def-ilafores/analysis/MethodsComparison/Feces_RA/preproc/SRR5091513/SRR5091513_unmatched_2.fastq,SRR5091513,68636763,492757000,31,DNA,1000,492757,True,0.8034665242804442,0.9408257285130593,0.8721461263967518,0.9408257285130593,False,729,3143340,5250329
163000,0.000330791850749964,0.0711743772241993,0.0002841157000306439,3.77119224338132e-05,1.4142857142857144,1.0,0.9257098765327094,/net/nfs-ip34/jbod2/def-ilafores/ref_dbs/sourmash_db/RefSeq_20250528.k31.sbt.zip,GCF_021432185.1_ASM2143218v1_genomic,912ec0e6bf5bfd166e4f58a37845e259,0.08286731062531774,140000,149,333251000,/nfs3_ib/nfs-ip34/home/def-ilafores/analysis/MethodsComparison/Feces_RA/preproc/SRR5091513/SRR5091513_unmatched_2.fastq,SRR5091513,68636763,492757000,31,DNA,1000,492757,True,0.7721960473329861,0.9228032957585918,0.847499671545789,0.9228032957585918,False,198,3143538,5250329
678000,0.0013759317472912611,0.0473433242506812,0.0002820863021732822,0.0006357696822427699,24.014388489208635,4.0,47.827776405025105,/net/nfs-ip34/jbod2/def-ilafores/ref_dbs/sourmash_db/RefSeq_20250528.k31.sbt.zip,GCF_023347295.1_ASM2334729v1_genomic,78db35fa6d9edc0fa99c8623efbe174d,0.23092643051771117,139000,150,333112000,/nfs3_ib/nfs-ip34/home/def-ilafores/analysis/MethodsComparison/Feces_RA/preproc/SRR5091513/SRR5091513_unmatched_2.fastq,SRR5091513,68636763,492757000,31,DNA,1000,492757,True,0.8085309962921731,0.9538210258255416,0.8811760110588573,0.9538210258255416,False,3338,3146876,5250329
1346000,0.002731569516008905,0.04222708789490147,0.0002739687107438352,0.00013180126426362996,5.125925925925926,2.0,21.668693795642778,/net/nfs-ip34/jbod2/def-ilafores/ref_dbs/sourmash_db/RefSeq_20250528.k31.sbt.zip,GCF_964272105.1_LUMC_Rgna_QRD038_genomic,9c7aa30b4e916cf0ec4a851bb377fdda,0.42101970597435096,135000,151,332977000,/nfs3_ib/nfs-ip34/home/def-ilafores/analysis/MethodsComparison/Feces_RA/preproc/SRR5091513/SRR5091513_unmatched_2.fastq,SRR5091513,68636763,492757000,31,DNA,1000,492757,True,0.8266156459087068,0.9724801006363076,0.8995478732725073,0.9724801006363076,False,692,3147568,5250329
995000,0.0020192508680749333,0.04383116883116883,0.0002739687107438352,8.132823676382947e-05,3.162962962962963,2.0,6.685758670385003,/net/nfs-ip34/jbod2/def-ilafores/ref_dbs/sourmash_db/RefSeq_20250528.k31.sbt.zip,GCF_025150245.1_ASM2515024v1_genomic,1a61bc75384814965146b3c8fd1a27a5,0.32305194805194803,135000,152,332842000,/nfs3_ib/nfs-ip34/home/def-ilafores/analysis/MethodsComparison/Feces_RA/preproc/SRR5091513/SRR5091513_unmatched_2.fastq,SRR5091513,68636763,492757000,31,DNA,1000,492757,True,0.8185979526812295,0.9642065475162638,0.8914022500987466,0.9642065475162638,False,427,3147995,5250329
2765000,0.005611285075605217,0.026541608461384952,0.0002699099150291117,3.77119224338132e-05,1.4887218045112782,1.0,1.0592701512996285,/net/nfs-ip34/jbod2/def-ilafores/ref_dbs/sourmash_db/RefSeq_20250528.k31.sbt.zip,GCF_016904255.1_ASM1690425v1_genomic,0995aa03f35d3b8d9ae2238c636bbbf3,0.551786070644582,133000,153,332709000,/nfs3_ib/nfs-ip34/home/def-ilafores/analysis/MethodsComparison/Feces_RA/preproc/SRR5091513/SRR5091513_unmatched_2.fastq,SRR5091513,68636763,492757000,31,DNA,1000,492757,True,0.8460365147950208,0.981002295571695,0.913519405183358,0.981002295571695,False,198,3148193,5250329
1287000,0.0026118350424245624,0.024679903507144184,0.0002699099150291117,4.228306454700267e-05,1.669172932330827,1.0,0.9316635982584984,/net/nfs-ip34/jbod2/def-ilafores/ref_dbs/sourmash_db/RefSeq_20250528.k31.sbt.zip,GCF_025914175.1_ASM2591417v1_genomic,ba18ed1e33b6434317a63fe246283ba2,0.23881981814807943,133000,154,332576000,/nfs3_ib/nfs-ip34/home/def-ilafores/analysis/MethodsComparison/Feces_RA/preproc/SRR5091513/SRR5091513_unmatched_2.fastq,SRR5091513,68636763,492757000,31,DNA,1000,492757,True,0.8254212952823454,0.9548557191246149,0.8901385072034802,0.9548557191246149,False,222,3148415,5250329
2564000,0.005203376106275507,0.03712035995500562,0.00026788051717175,0.00038454733027206485,15.295454545454545,9.0,41.130748402956726,/net/nfs-ip34/jbod2/def-ilafores/ref_dbs/sourmash_db/RefSeq_20250528.k31.sbt.zip,GCF_045070525.1_ASM4507052v1_genomic,214150bf2398bbfa49ab399581721b68,0.7210348706411699,132000,155,332444000,/nfs3_ib/nfs-ip34/home/def-ilafores/analysis/MethodsComparison/Feces_RA/preproc/SRR5091513/SRR5091513_unmatched_2.fastq,SRR5091513,68636763,492757000,31,DNA,1000,492757,True,0.8439792733327586,0.9895048885740015,0.9167420809533801,0.9895048885740015,False,2019,3150434,5250329
327000,0.0006636130993572897,0.06054872280037843,0.000259762925742303,3.5807279886650915e-05,1.46875,1.0,0.8744417862270764,/net/nfs-ip34/jbod2/def-ilafores/ref_dbs/sourmash_db/RefSeq_20250528.k31.sbt.zip,GCF_018406505.1_ASM1840650v1_genomic,872ba7f893b2935ffad03d3bc2f1bde1,0.15468306527909176,128000,156,332316000,/nfs3_ib/nfs-ip34/home/def-ilafores/analysis/MethodsComparison/Feces_RA/preproc/SRR5091513/SRR5091513_unmatched_2.fastq,SRR5091513,68636763,492757000,31,DNA,1000,492757,True,0.7897345301793592,0.9415708235662292,0.8656526768727942,0.9415708235662292,False,188,3150622,5250329
2013000,0.004085177886869187,0.04828366654092795,0.000259762925742303,7.599523763177508e-05,3.1171875,3.0,2.3171274435912563,/net/nfs-ip34/jbod2/def-ilafores/ref_dbs/sourmash_db/RefSeq_20250528.k31.sbt.zip,GCF_033096525.1_ASM3309652v1_genomic,435d8e70fb203ed034f71349b4691d0d,0.7593360995850622,128000,157,332188000,/nfs3_ib/nfs-ip34/home/def-ilafores/analysis/MethodsComparison/Feces_RA/preproc/SRR5091513/SRR5091513_unmatched_2.fastq,SRR5091513,68636763,492757000,31,DNA,1000,492757,True,0.8374179957045769,0.9911583266085663,0.9142881611565716,0.9911583266085663,False,399,3151021,5250329
464000,0.0009416406058158484,0.03626791459491079,0.00025164533431285604,0.00013522962084852206,5.725806451612903,1.0,13.184386360558255,/net/nfs-ip34/jbod2/def-ilafores/ref_dbs/sourmash_db/RefSeq_20250528.k31.sbt.zip,GCF_025149785.1_ASM2514978v1_genomic,8c91537000df08516afde1ea4eac7752,0.13571219654869845,124000,158,332064000,/nfs3_ib/nfs-ip34/home/def-ilafores/analysis/MethodsComparison/Feces_RA/preproc/SRR5091513/SRR5091513_unmatched_2.fastq,SRR5091513,68636763,492757000,31,DNA,1000,492757,True,0.7986994637413543,0.9376051062297193,0.8681522849855368,0.9376051062297193,False,710,3151731,5250329
4165000,0.008452442075911656,0.024204567636150694,0.00025164533431285604,0.0015779963503239512,66.81451612903226,45.0,55.12074238337961,/net/nfs-ip34/jbod2/def-ilafores/ref_dbs/sourmash_db/RefSeq_20250528.k31.sbt.zip,GCF_020091465.1_ASM2009146v1_genomic,cfcaa7d93ee12c43b81dc72fd8321792,0.813000195198126,124000,159,331940000,/nfs3_ib/nfs-ip34/home/def-ilafores/analysis/MethodsComparison/Feces_RA/preproc/SRR5091513/SRR5091513_unmatched_2.fastq,SRR5091513,68636763,492757000,31,DNA,1000,492757,True,0.8572913824061987,0.9933440582938396,0.9253177203500191,0.9933440582938396,False,8285,3160016,5250329
334000,0.0006778188843588219,0.03773584905660377,0.00025164533431285604,0.00012703965789572424,5.379032258064516,2.0,21.18908450804994,/net/nfs-ip34/jbod2/def-ilafores/ref_dbs/sourmash_db/RefSeq_20250528.k31.sbt.zip,GCF_045002895.1_ASM4500289v1_genomic,dcf539ba4c82009d09e4501c72acd6ed,0.10164333536214243,124000,160,331816000,/nfs3_ib/nfs-ip34/home/def-ilafores/analysis/MethodsComparison/Feces_RA/preproc/SRR5091513/SRR5091513_unmatched_2.fastq,SRR5091513,68636763,492757000,31,DNA,1000,492757,True,0.7902743025127026,0.9289028328684924,0.8595885676905974,0.9289028328684924,False,667,3160683,5250329
1784000,0.003620445777533348,0.01943127962085308,0.0002496159364554943,6.913852446199086e-05,2.951219512195122,2.0,2.987381752020019,/net/nfs-ip34/jbod2/def-ilafores/ref_dbs/sourmash_db/RefSeq_20250528.k31.sbt.zip,GCF_036416795.1_ASM3641679v1_genomic,c36698f0fba88541e862d1e6992e9d87,0.28183254344391784,123000,161,331693000,/nfs3_ib/nfs-ip34/home/def-ilafores/analysis/MethodsComparison/Feces_RA/preproc/SRR5091513/SRR5091513_unmatched_2.fastq,SRR5091513,68636763,492757000,31,DNA,1000,492757,True,0.8341619746948787,0.9599702599124291,0.8970661173036539,0.9599702599124291,False,363,3161046,5250329
2255000,0.004576292168350728,0.02724252491694352,0.0002496159364554943,0.0006799573893369349,29.024390243902438,3.0,55.68836976485504,/net/nfs-ip34/jbod2/def-ilafores/ref_dbs/sourmash_db/RefSeq_20250528.k31.sbt.zip,GCF_004328515.1_ASM432851v1_genomic,a5fd52ab16a56bc3d037173d70801227,0.4994462901439646,123000,162,331570000,/nfs3_ib/nfs-ip34/home/def-ilafores/analysis/MethodsComparison/Feces_RA/preproc/SRR5091513/SRR5091513_unmatched_2.fastq,SRR5091513,68636763,492757000,31,DNA,1000,492757,True,0.8404902917706236,0.9778535842789499,0.9091719380247867,0.9778535842789499,False,3570,3164616,5250329
209000,0.0004241441521886041,0.03985507246376811,0.0002455571407407708,0.00010818369667881765,4.694214876033058,1.0,36.10014605295576,/net/nfs-ip34/jbod2/def-ilafores/ref_dbs/sourmash_db/RefSeq_20250528.k31.sbt.zip,GCF_018406465.1_ASM1840646v1_genomic,8aba6659b6915b21c1eb4ba9db50d3da,0.06884057971014493,121000,163,331449000,/nfs3_ib/nfs-ip34/home/def-ilafores/analysis/MethodsComparison/Feces_RA/preproc/SRR5091513/SRR5091513_unmatched_2.fastq,SRR5091513,68636763,492757000,31,DNA,1000,492757,True,0.7784130574552571,0.9172994086053887,0.847856233030323,0.9172994086053887,False,568,3165184,5250329
190000,0.000385585592898731,0.03753101736972705,0.0002455571407407708,5.485370535827374e-05,2.3801652892561984,1.0,4.946417350040193,/net/nfs-ip34/jbod2/def-ilafores/ref_dbs/sourmash_db/RefSeq_20250528.k31.sbt.zip,GCF_042848755.1_ASM4284875v1_genomic,92985eccd492baad7ea1e3f3c13c1b98,0.05893300248138958,121000,164,331328000,/nfs3_ib/nfs-ip34/home/def-ilafores/analysis/MethodsComparison/Feces_RA/preproc/SRR5091513/SRR5091513_unmatched_2.fastq,SRR5091513,68636763,492757000,31,DNA,1000,492757,True,0.7760234847193691,0.9127128129780241,0.8443681488486966,0.9127128129780241,False,288,3165472,5250329
120000,0.00024352774288340906,0.041025641025641026,0.00024352774288340906,3.1997994792326346e-05,1.4,1.0,0.7788880963698616,/net/nfs-ip34/jbod2/def-ilafores/ref_dbs/sourmash_db/RefSeq_20250528.k31.sbt.zip,GCF_042846815.1_ASM4284681v1_genomic,213ce8fc3a2dac29a907fd1c18a3126a,0.041025641025641026,120000,165,331208000,/nfs3_ib/nfs-ip34/home/def-ilafores/analysis/MethodsComparison/Feces_RA/preproc/SRR5091513/SRR5091513_unmatched_2.fastq,SRR5091513,68636763,492757000,31,DNA,1000,492757,True,0.7646048466222725,0.9021107348508098,0.8333577907365411,0.9021107348508098,False,168,3165640,5250329
670000,0.0013596965644323672,0.03753609239653513,0.00023743954931132385,3.3712173084772404e-05,1.5128205128205128,1.0,0.7234223579315839,/net/nfs-ip34/jbod2/def-ilafores/ref_dbs/sourmash_db/RefSeq_20250528.k31.sbt.zip,GCF_021378625.1_ASM2137862v1_genomic,2bdd5abd83858dddfbe835b62936671d,0.21495027269810715,117000,166,331091000,/nfs3_ib/nfs-ip34/home/def-ilafores/analysis/MethodsComparison/Feces_RA/preproc/SRR5091513/SRR5091513_unmatched_2.fastq,SRR5091513,68636763,492757000,31,DNA,1000,492757,True,0.8082214774952775,0.9516177106616512,0.8799195940784643,0.9516177106616512,False,177,3165817,5250329
2771000,0.005623461462749388,0.02195945945945946,0.00023743954931132385,0.00011199298177314222,5.0256410256410255,2.0,15.439134169548677,/net/nfs-ip34/jbod2/def-ilafores/ref_dbs/sourmash_db/RefSeq_20250528.k31.sbt.zip,GCF_030875795.1_ASM3087579v1_genomic,8fa656a91271df1507c7ca1413cd3acd,0.5200825825825826,117000,167,330974000,/nfs3_ib/nfs-ip34/home/def-ilafores/analysis/MethodsComparison/Feces_RA/preproc/SRR5091513/SRR5091513_unmatched_2.fastq,SRR5091513,68636763,492757000,31,DNA,1000,492757,True,0.8460956747632555,0.9791315442021439,0.9126136094826998,0.9791315442021439,False,588,3166405,5250329
4067000,0.008253561085890206,0.01853923605561771,0.0002354101514539621,0.00043768685733789253,19.810344827586206,7.0,23.337447262043895,/net/nfs-ip34/jbod2/def-ilafores/ref_dbs/sourmash_db/RefSeq_20250528.k31.sbt.zip,GCF_018279805.1_ASM1827980v1_genomic,5b9c0b804dcb35d49a9058ef0c729857,0.649992008949976,116000,168,330858000,/nfs3_ib/nfs-ip34/home/def-ilafores/analysis/MethodsComparison/Feces_RA/preproc/SRR5091513/SRR5091513_unmatched_2.fastq,SRR5091513,68636763,492757000,31,DNA,1000,492757,True,0.856633162193091,0.9861994926118204,0.9214163274024557,0.9861994926118204,False,2298,3168703,5250329
816000,0.0016559886516071816,0.021884858044164037,0.0002252631621671534,4.209260029228644e-05,1.990990990990991,1.0,1.8477914525646804,/net/nfs-ip34/jbod2/def-ilafores/ref_dbs/sourmash_db/RefSeq_20250528.k31.sbt.zip,GCF_013740195.1_ASM1374019v1_genomic,a3544e1263412af28a0c77ab3c858b10,0.1608832807570978,111000,169,330747000,/nfs3_ib/nfs-ip34/home/def-ilafores/analysis/MethodsComparison/Feces_RA/preproc/SRR5091513/SRR5091513_unmatched_2.fastq,SRR5091513,68636763,492757000,31,DNA,1000,492757,True,0.8133775340669352,0.9427652753195588,0.878071404693247,0.9427652753195588,False,221,3168924,5250329
1788000,0.0036285633689627952,0.03782668500687758,0.00022323376430979165,7.370966657518034e-05,3.518181818181818,3.0,2.801726150337967,/net/nfs-ip34/jbod2/def-ilafores/ref_dbs/sourmash_db/RefSeq_20250528.k31.sbt.zip,GCF_000210695.1_ASM21069v1_genomic,63c45790e4e0e34800467d47c7de68dd,0.6148555708390646,110000,170,330637000,/nfs3_ib/nfs-ip34/home/def-ilafores/analysis/MethodsComparison/Feces_RA/preproc/SRR5091513/SRR5091513_unmatched_2.fastq,SRR5091513,68636763,492757000,31,DNA,1000,492757,True,0.8342222421844405,0.9844331491644163,0.9093276956744284,0.9844331491644163,False,387,3169311,5250329
134000,0.00027193931288647347,0.045531197301854974,0.00021917496859506815,2.952195948101538e-05,1.4351851851851851,1.0,1.0208307088233668,/net/nfs-ip34/jbod2/def-ilafores/ref_dbs/sourmash_db/RefSeq_20250528.k31.sbt.zip,GCF_009832825.1_ASM983282v1_genomic,398f7909768585edf6b163d88d8e55f2,0.05649241146711636,108000,171,330529000,/nfs3_ib/nfs-ip34/home/def-ilafores/analysis/MethodsComparison/Feces_RA/preproc/SRR5091513/SRR5091513_unmatched_2.fastq,SRR5091513,68636763,492757000,31,DNA,1000,492757,True,0.767331395162451,0.9114684000365181,0.8393998975994845,0.9114684000365181,False,155,3169466,5250329
402000,0.0008158179386594204,0.04661389621811785,0.00021511617288034468,3.104567351874521e-05,1.5377358490566038,1.0,0.9434433950472287,/net/nfs-ip34/jbod2/def-ilafores/ref_dbs/sourmash_db/RefSeq_20250528.k31.sbt.zip,GCF_002005185.1_ASM200518v1_genomic,5bb1d2c925b9b1bf01edf18d7c60e249,0.17678100263852242,106000,172,330423000,/nfs3_ib/nfs-ip34/home/def-ilafores/analysis/MethodsComparison/Feces_RA/preproc/SRR5091513/SRR5091513_unmatched_2.fastq,SRR5091513,68636763,492757000,31,DNA,1000,492757,True,0.7950125342196045,0.9456354154131144,0.8703239748163594,0.9456354154131144,False,163,3169629,5250329
139000,0.0002820863021732822,0.03153823266884856,0.00021511617288034468,2.7617316933853097e-05,1.3679245283018868,1.0,0.6343243575099713,/net/nfs-ip34/jbod2/def-ilafores/ref_dbs/sourmash_db/RefSeq_20250528.k31.sbt.zip,GCF_000210055.1_ASM21005v1_genomic,99e65f8593549ca8e3e843eee40eeb60,0.04135673906575424,106000,173,330317000,/nfs3_ib/nfs-ip34/home/def-ilafores/analysis/MethodsComparison/Feces_RA/preproc/SRR5091513/SRR5091513_unmatched_2.fastq,SRR5091513,68636763,492757000,31,DNA,1000,492757,True,0.768238722156613,0.9023446773215795,0.8352916997390962,0.9023446773215795,False,145,3169774,5250329
3466000,0.007033892973615798,0.02219430485762144,0.00021511617288034468,0.00016322786629180763,8.084905660377359,8.0,3.6293300086730547,/net/nfs-ip34/jbod2/def-ilafores/ref_dbs/sourmash_db/RefSeq_20250528.k31.sbt.zip,GCF_900747785.1_VREC0864_Chromosome_genomic,e9f72129e1062519ad7e3262a7131757,0.72571189279732,106000,174,330211000,/nfs3_ib/nfs-ip34/home/def-ilafores/analysis/MethodsComparison/Feces_RA/preproc/SRR5091513/SRR5091513_unmatched_2.fastq,SRR5091513,68636763,492757000,31,DNA,1000,492757,True,0.8522258471995828,0.9897112886996632,0.920968567949623,0.9897112886996632,False,857,3170631,5250329
319000,0.0006473779164983957,0.04231082180634662,0.0002110573771656212,0.0001959877181029989,9.89423076923077,4.5,15.177740703735271,/net/nfs-ip34/jbod2/def-ilafores/ref_dbs/sourmash_db/RefSeq_20250528.k31.sbt.zip,GCF_018326305.1_ASM1832630v1_genomic,5128153ef7f1c80fc4c112268b755214,0.12978030919446704,104000,175,330107000,/nfs3_ib/nfs-ip34/home/def-ilafores/analysis/MethodsComparison/Feces_RA/preproc/SRR5091513/SRR5091513_unmatched_2.fastq,SRR5091513,68636763,492757000,31,DNA,1000,492757,True,0.7891037825724793,0.9362543152565888,0.862679048914534,0.9362543152565888,False,1029,3171660,5250329
411000,0.000834082519375676,0.03125948406676783,0.00020902797930825943,0.0003100758066780196,15.805825242718447,2.0,59.59231367854158,/net/nfs-ip34/jbod2/def-ilafores/ref_dbs/sourmash_db/RefSeq_20250528.k31.sbt.zip,GCF_000210035.1_ASM21003v1_genomic,9b031f8e8d6f8498e950d180778cd938,0.12473444613050076,103000,176,330004000,/nfs3_ib/nfs-ip34/home/def-ilafores/analysis/MethodsComparison/Feces_RA/preproc/SRR5091513/SRR5091513_unmatched_2.fastq,SRR5091513,68636763,492757000,31,DNA,1000,492757,True,0.7955805587420817,0.9350573989402473,0.8653189788411645,0.9350573989402473,False,1628,3173288,5250329
566000,0.001148639187266746,0.03660270078180526,0.00020902797930825943,0.0004454958917812579,22.70873786407767,16.0,22.679117064696264,/net/nfs-ip34/jbod2/def-ilafores/ref_dbs/sourmash_db/RefSeq_20250528.k31.sbt.zip,GCF_019968015.1_ASM1996801v1_genomic,517ce21e5547904474906c4ba8b4528a,0.20113717128642503,103000,177,329901000,/nfs3_ib/nfs-ip34/home/def-ilafores/analysis/MethodsComparison/Feces_RA/preproc/SRR5091513/SRR5091513_unmatched_2.fastq,SRR5091513,68636763,492757000,31,DNA,1000,492757,True,0.8038355586499475,0.9495809881818149,0.8767082734158812,0.9495809881818149,False,2339,3175627,5250329
3759000,0.007628506545822789,0.015717991759499467,0.00020902797930825943,0.00026474531405555726,13.495145631067961,13.0,10.843882250391001,/net/nfs-ip34/jbod2/def-ilafores/ref_dbs/sourmash_db/RefSeq_20250528.k31.sbt.zip,GCF_038561945.1_B_ovatus_H2495_genomic,d732c80bcf4e6f003145adb06bb926a4,0.5736303982908592,103000,178,329798000,/nfs3_ib/nfs-ip34/home/def-ilafores/analysis/MethodsComparison/Feces_RA/preproc/SRR5091513/SRR5091513_unmatched_2.fastq,SRR5091513,68636763,492757000,31,DNA,1000,492757,True,0.8544597259352631,0.9822316872720287,0.9183457066036459,0.9822316872720287,False,1390,3177017,5250329
1941000,0.003939061241139141,0.029522431259044864,0.0002069985814508977,9.10419137543571e-05,4.686274509803922,4.0,3.2236272109585817,/net/nfs-ip34/jbod2/def-ilafores/ref_dbs/sourmash_db/RefSeq_20250528.k31.sbt.zip,GCF_006542645.1_Aond_1.0_genomic,566b2b26a16f5715c1c9a70e9e58a94c,0.561794500723589,102000,179,329696000,/nfs3_ib/nfs-ip34/home/def-ilafores/analysis/MethodsComparison/Feces_RA/preproc/SRR5091513/SRR5091513_unmatched_2.fastq,SRR5091513,68636763,492757000,31,DNA,1000,492757,True,0.8364346656273268,0.9815713060385453,0.909002985832936,0.9815713060385453,False,478,3177495,5250329
2566000,0.00520743490199023,0.019505600617999226,0.00020496918359353596,2.723638842442064e-05,1.4158415841584158,1.0,0.9674640396282067,/net/nfs-ip34/jbod2/def-ilafores/ref_dbs/sourmash_db/RefSeq_20250528.k31.sbt.zip,GCF_024917535.1_ASM2491753v1_genomic,5a3dfc405176ca5c51fba99cb1d7e0fa,0.49555813055233683,101000,180,329595000,/nfs3_ib/nfs-ip34/home/def-ilafores/analysis/MethodsComparison/Feces_RA/preproc/SRR5091513/SRR5091513_unmatched_2.fastq,SRR5091513,68636763,492757000,31,DNA,1000,492757,True,0.8440005017784674,0.9776070889619582,0.9108037953702128,0.9776070889619582,False,143,3177638,5250329
181000,0.00036732101218247534,0.028815977175463622,0.00020496918359353596,0.000361310691196685,18.782178217821784,4.0,36.14508825769218,/net/nfs-ip34/jbod2/def-ilafores/ref_dbs/sourmash_db/RefSeq_20250528.k31.sbt.zip,GCF_045865535.1_ASM4586553v1_genomic,d256ac8ac3b99e32f5341206201ec025,0.05164051355206847,101000,181,329494000,/nfs3_ib/nfs-ip34/home/def-ilafores/analysis/MethodsComparison/Feces_RA/preproc/SRR5091513/SRR5091513_unmatched_2.fastq,SRR5091513,68636763,492757000,31,DNA,1000,492757,True,0.7748096568497899,0.9088319080376717,0.8418207824437307,0.9088319080376717,False,1897,3179535,5250329
2189000,0.0044423519097648535,0.031036623215394164,0.00020293978573617422,0.0005797731913561988,30.44,9.0,36.247570953099746,/net/nfs-ip34/jbod2/def-ilafores/ref_dbs/sourmash_db/RefSeq_20250528.k31.sbt.zip,GCF_006542665.1_Acom_1.0_genomic,56a187d0b325a22e72d7369e11bd76b9,0.6793916821849783,100000,182,329394000,/nfs3_ib/nfs-ip34/home/def-ilafores/analysis/MethodsComparison/Feces_RA/preproc/SRR5091513/SRR5091513_unmatched_2.fastq,SRR5091513,68636763,492757000,31,DNA,1000,492757,True,0.8396852938449102,0.987607827577556,0.9136465607112332,0.987607827577556,False,3044,3182579,5250329
1585000,0.0032165956039183615,0.025522041763341066,0.00020091038787881248,4.494956411302987e-05,2.3838383838383836,1.0,2.9083893654655224,/net/nfs-ip34/jbod2/def-ilafores/ref_dbs/sourmash_db/RefSeq_20250528.k31.sbt.zip,GCF_010508875.1_ASM1050887v1_genomic,59ccf44fc685eb2124290b6866f4a03f,0.40861046661510697,99000,183,329295000,/nfs3_ib/nfs-ip34/home/def-ilafores/analysis/MethodsComparison/Feces_RA/preproc/SRR5091513/SRR5091513_unmatched_2.fastq,SRR5091513,68636763,492757000,31,DNA,1000,492757,True,0.8309854780892678,0.9715420365854637,0.9012637573373657,0.9715420365854637,False,236,3182815,5250329
3876000,0.007865946095134113,0.02,0.00020091038787881248,0.00011713551665048038,6.212121212121212,3.0,12.048112914203136,/net/nfs-ip34/jbod2/def-ilafores/ref_dbs/sourmash_db/RefSeq_20250528.k31.sbt.zip,GCF_032452855.1_ASM3245285v1_genomic,d3b7db64a3ee051cbbe16b797861660f,0.7830303030303031,99000,184,329196000,/nfs3_ib/nfs-ip34/home/def-ilafores/analysis/MethodsComparison/Feces_RA/preproc/SRR5091513/SRR5091513_unmatched_2.fastq,SRR5091513,68636763,492757000,31,DNA,1000,492757,True,0.8553049764359122,0.9921412401358919,0.9237231082859021,0.9921412401358919,False,615,3183430,5250329
1570000,0.003186154636057935,0.029535864978902954,0.00019888099002145074,0.00026074556470651646,13.96938775510204,15.0,8.357392037350678,/net/nfs-ip34/jbod2/def-ilafores/ref_dbs/sourmash_db/RefSeq_20250528.k31.sbt.zip,GCF_000020605.1_ASM2060v1_genomic,c7f0f63b1e20051e05be14074e3f6057,0.4731766124171187,98000,185,329098000,/nfs3_ib/nfs-ip34/home/def-ilafores/analysis/MethodsComparison/Feces_RA/preproc/SRR5091513/SRR5091513_unmatched_2.fastq,SRR5091513,68636763,492757000,31,DNA,1000,492757,True,0.8307306247672857,0.9761507216914229,0.9034406732293543,0.9761507216914229,False,1369,3184799,5250329
842000,0.001708752995898587,0.024854171950291656,0.00019888099002145074,0.00014875258293337428,7.969387755102041,2.0,13.852321754583349,/net/nfs-ip34/jbod2/def-ilafores/ref_dbs/sourmash_db/RefSeq_20250528.k31.sbt.zip,GCF_023497585.1_ASM2349758v1_genomic,d9c5bc738094fb07e8276cf458f5e9f1,0.213542987572914,98000,186,329000000,/nfs3_ib/nfs-ip34/home/def-ilafores/analysis/MethodsComparison/Feces_RA/preproc/SRR5091513/SRR5091513_unmatched_2.fastq,SRR5091513,68636763,492757000,31,DNA,1000,492757,True,0.8142009222436141,0.9514160949044856,0.8828085085740498,0.9514160949044856,False,781,3185580,5250329
141000,0.00028614509788800566,0.025257731958762887,0.00019888099002145074,3.7521458179096966e-05,2.010204081632653,1.0,2.418022880832239,/net/nfs-ip34/jbod2/def-ilafores/ref_dbs/sourmash_db/RefSeq_20250528.k31.sbt.zip,GCF_014337215.1_ASM1433721v1_genomic,d5aef74860ab7c1cca263aa607c62d70,0.03634020618556701,98000,187,328902000,/nfs3_ib/nfs-ip34/home/def-ilafores/analysis/MethodsComparison/Feces_RA/preproc/SRR5091513/SRR5091513_unmatched_2.fastq,SRR5091513,68636763,492757000,31,DNA,1000,492757,True,0.7685928368269301,0.8985885562711154,0.8335906965490227,0.8985885562711154,False,197,3185777,5250329
1061000,0.0021531911266608086,0.02526424336169116,0.00019888099002145074,5.5425098122422424e-05,2.9693877551020407,2.0,6.790530744236526,/net/nfs-ip34/jbod2/def-ilafores/ref_dbs/sourmash_db/RefSeq_20250528.k31.sbt.zip,GCF_032451715.1_ASM3245171v1_genomic,f1795b36006e7a505f203c85c8c93bd2,0.2735241041505543,98000,188,328804000,/nfs3_ib/nfs-ip34/home/def-ilafores/analysis/MethodsComparison/Feces_RA/preproc/SRR5091513/SRR5091513_unmatched_2.fastq,SRR5091513,68636763,492757000,31,DNA,1000,492757,True,0.8202956449830148,0.9590440778357054,0.8896698614093601,0.9590440778357054,False,291,3186068,5250329
423000,0.000858435293664017,0.027244926327495134,0.00019888099002145074,0.00017351293604648394,9.295918367346939,5.5,15.441931506336807,/net/nfs-ip34/jbod2/def-ilafores/ref_dbs/sourmash_db/RefSeq_20250528.k31.sbt.zip,GCF_000265365.1_ASM26536v1_genomic,79a393fb99d8977a1fe96a36cabdd09c,0.11759799833194329,98000,189,328706000,/nfs3_ib/nfs-ip34/home/def-ilafores/analysis/MethodsComparison/Feces_RA/preproc/SRR5091513/SRR5091513_unmatched_2.fastq,SRR5091513,68636763,492757000,31,DNA,1000,492757,True,0.7963194818315102,0.9332820240345819,0.8648007529330461,0.9332820240345819,False,911,3186979,5250329
121000,0.0002455571407407708,0.03504335260115607,0.00019685159216408898,3.5235887122502225e-05,1.907216494845361,1.0,1.5201903992714856,/net/nfs-ip34/jbod2/def-ilafores/ref_dbs/sourmash_db/RefSeq_20250528.k31.sbt.zip,GCF_003315775.1_ASM331577v1_genomic,cac76ad0bdf939dad9e12f985e564323,0.043713872832369945,97000,190,328609000,/nfs3_ib/nfs-ip34/home/def-ilafores/analysis/MethodsComparison/Feces_RA/preproc/SRR5091513/SRR5091513_unmatched_2.fastq,SRR5091513,68636763,492757000,31,DNA,1000,492757,True,0.7648095612757773,0.9039595747572456,0.8343845680165114,0.9039595747572456,False,185,3187164,5250329
1525000,0.0030948317324766567,0.03362218370883882,0.00019685159216408898,0.0005694881216015225,30.824742268041238,30.0,22.437546914302207,/net/nfs-ip34/jbod2/def-ilafores/ref_dbs/sourmash_db/RefSeq_20250528.k31.sbt.zip,GCF_002586945.1_ASM258694v1_genomic,37548ff8695f19adfb807e1221069651,0.5285961871750433,97000,191,328512000,/nfs3_ib/nfs-ip34/home/def-ilafores/analysis/MethodsComparison/Feces_RA/preproc/SRR5091513/SRR5091513_unmatched_2.fastq,SRR5091513,68636763,492757000,31,DNA,1000,492757,True,0.8299516788622486,0.9796445279756033,0.904798103418926,0.9796445279756033,False,2990,3190154,5250329
1411000,0.0028634803767374185,0.025889967637540454,0.00019482219430672724,0.00014722886889564443,8.052083333333334,2.0,16.111182575871194,/net/nfs-ip34/jbod2/def-ilafores/ref_dbs/sourmash_db/RefSeq_20250528.k31.sbt.zip,GCF_964272285.1_LUMC_Rgna_QRD029_genomic,c661224dbde67e91bffdcd4e1d64d062,0.38052858683926644,96000,192,328416000,/nfs3_ib/nfs-ip34/home/def-ilafores/analysis/MethodsComparison/Feces_RA/preproc/SRR5091513/SRR5091513_unmatched_2.fastq,SRR5091513,68636763,492757000,31,DNA,1000,492757,True,0.8278741638049779,0.9693131534013786,0.8985936586031782,0.9693131534013786,False,773,3190927,5250329
110000,0.00022323376430979165,0.044642857142857144,0.0001927927964493655,2.4950817367825902e-05,1.3789473684210527,1.0,0.6186393791543204,/net/nfs-ip34/jbod2/def-ilafores/ref_dbs/sourmash_db/RefSeq_20250528.k31.sbt.zip,GCF_032163505.1_ASM3216350v1_genomic,a325d7fa78cbc093e75b422899a3e18d,0.05169172932330827,95000,193,328321000,/nfs3_ib/nfs-ip34/home/def-ilafores/analysis/MethodsComparison/Feces_RA/preproc/SRR5091513/SRR5091513_unmatched_2.fastq,SRR5091513,68636763,492757000,31,DNA,1000,492757,True,0.762461748558265,0.9088609701186292,0.8356613593384471,0.9088609701186292,False,131,3191058,5250329
5257000,0.010668544536150678,0.014437689969604863,0.0001927927964493655,8.49470576034378e-05,4.6947368421052635,3.0,6.306343813904295,/net/nfs-ip34/jbod2/def-ilafores/ref_dbs/sourmash_db/RefSeq_20250528.k31.sbt.zip,GCF_024759205.1_ASM2475920v1_genomic,eafc51ad0e556595cd5127eef166c516,0.798936170212766,95000,194,328226000,/nfs3_ib/nfs-ip34/home/def-ilafores/analysis/MethodsComparison/Feces_RA/preproc/SRR5091513/SRR5091513_unmatched_2.fastq,SRR5091513,68636763,492757000,31,DNA,1000,492757,True,0.8637548311853316,0.9927850496444629,0.9282699404148973,0.9927850496444629,False,446,3191504,5250329
392000,0.000795523960085803,0.014899623588456713,0.0001927927964493655,3.237892330175881e-05,1.7894736842105263,1.0,1.9941743409088029,/net/nfs-ip34/jbod2/def-ilafores/ref_dbs/sourmash_db/RefSeq_20250528.k31.sbt.zip,GCF_016889665.1_ASM1688966v1_genomic,93f73424a62c9a7810069426678c2739,0.06148055207026349,95000,195,328131000,/nfs3_ib/nfs-ip34/home/def-ilafores/analysis/MethodsComparison/Feces_RA/preproc/SRR5091513/SRR5091513_unmatched_2.fastq,SRR5091513,68636763,492757000,31,DNA,1000,492757,True,0.7943667784427352,0.9139596537665449,0.85416321610464,0.9139596537665449,False,170,3191674,5250329
1335000,0.002709246139577926,0.030754289414049854,0.0001927927964493655,3.447403010363732e-05,1.9052631578947368,1.0,1.2902360796669101,/net/nfs-ip34/jbod2/def-ilafores/ref_dbs/sourmash_db/RefSeq_20250528.k31.sbt.zip,GCF_014163495.1_ASM1416349v1_genomic,a350fcb0d912191bf783d6a3905b8c8f,0.43217869860796376,95000,196,328036000,/nfs3_ib/nfs-ip34/home/def-ilafores/analysis/MethodsComparison/Feces_RA/preproc/SRR5091513/SRR5091513_unmatched_2.fastq,SRR5091513,68636763,492757000,31,DNA,1000,492757,True,0.8263968633224176,0.9733010795459053,0.8998489714341614,0.9733010795459053,False,181,3191855,5250329
621000,0.001260256069421642,0.04190560211733568,0.0001927927964493655,2.7807781188569327e-05,1.5368421052631578,1.0,0.9603785034069089,/net/nfs-ip34/jbod2/def-ilafores/ref_dbs/sourmash_db/RefSeq_20250528.k31.sbt.zip,GCF_022936265.1_ASM2293626v1_genomic,b0ceb0f243027b084ee39ec253dbc89b,0.27393030436700483,95000,197,327941000,/nfs3_ib/nfs-ip34/home/def-ilafores/analysis/MethodsComparison/Feces_RA/preproc/SRR5091513/SRR5091513_unmatched_2.fastq,SRR5091513,68636763,492757000,31,DNA,1000,492757,True,0.8062438462051288,0.959089988072982,0.8826669171390553,0.959089988072982,False,146,3192001,5250329
4406000,0.008941526959535836,0.01474972540404833,0.00019076339859200377,0.0008856587844304614,49.46808510638298,34.0,50.012488254830565,/net/nfs-ip34/jbod2/def-ilafores/ref_dbs/sourmash_db/RefSeq_20250528.k31.sbt.zip,GCF_016864215.1_ASM1686421v1_genomic,3460a6d706973d7ef76859c83dbd244e,0.6913541503216696,94000,198,327847000,/nfs3_ib/nfs-ip34/home/def-ilafores/analysis/MethodsComparison/Feces_RA/preproc/SRR5091513/SRR5091513_unmatched_2.fastq,SRR5091513,68636763,492757000,31,DNA,1000,492757,True,0.8588483905535552,0.9881640519057561,0.9235062212296556,0.9881640519057561,False,4650,3196651,5250329
285000,0.0005783783893480966,0.024301019074993466,0.00018873400073464203,0.0001430386552918874,8.075268817204302,2.0,12.33339426820732,/net/nfs-ip34/jbod2/def-ilafores/ref_dbs/sourmash_db/RefSeq_20250528.k31.sbt.zip,GCF_020736365.1_ASM2073636v1_genomic,31dce30d78c030ed012824aeb71a6951,0.07447086490723805,93000,199,327754000,/nfs3_ib/nfs-ip34/home/def-ilafores/analysis/MethodsComparison/Feces_RA/preproc/SRR5091513/SRR5091513_unmatched_2.fastq,SRR5091513,68636763,492757000,31,DNA,1000,492757,True,0.7862401681158022,0.9196285900291122,0.8529343790724573,0.9196285900291122,False,751,3197402,5250329
3315000,0.006727453897154175,0.016140350877192983,0.0001867046028772803,2.5903138641407043e-05,1.4782608695652173,1.0,0.7144207271806514,/net/nfs-ip34/jbod2/def-ilafores/ref_dbs/sourmash_db/RefSeq_20250528.k31.sbt.zip,GCF_041926745.1_ASM4192674v1_genomic,73f0173e068b47f9220f6d334ffe00d8,0.5815789473684211,92000,200,327662000,/nfs3_ib/nfs-ip34/home/def-ilafores/analysis/MethodsComparison/Feces_RA/preproc/SRR5091513/SRR5091513_unmatched_2.fastq,SRR5091513,68636763,492757000,31,DNA,1000,492757,True,0.8510021723694348,0.9826678139582138,0.9168349931638242,0.9826678139582138,False,136,3197538,5250329
125000,0.00025367473217021775,0.037562604340567615,0.0001826458071625568,2.6664995660271956e-05,1.5555555555555556,1.0,2.028196303840824,/net/nfs-ip34/jbod2/def-ilafores/ref_dbs/sourmash_db/RefSeq_20250528.k31.sbt.zip,GCF_042851965.1_ASM4285196v1_genomic,80a4b2a5f71b8ad7c315da992ab23acd,0.052170283806343906,90000,201,327572000,/nfs3_ib/nfs-ip34/home/def-ilafores/analysis/MethodsComparison/Feces_RA/preproc/SRR5091513/SRR5091513_unmatched_2.fastq,SRR5091513,68636763,492757000,31,DNA,1000,492757,True,0.7656123709746079,0.9091311842352604,0.8373717776049341,0.9091311842352604,False,140,3197678,5250329
2017000,0.004093295478298634,0.012818686796752599,0.0001826458071625568,5.847252619788207e-05,3.411111111111111,3.0,4.189655102337567,/net/nfs-ip34/jbod2/def-ilafores/ref_dbs/sourmash_db/RefSeq_20250528.k31.sbt.zip,GCF_020091405.1_ASM2009140v1_genomic,6567e1e09256d8c7a31fd1e8d0b378f2,0.28728101410055545,90000,202,327482000,/nfs3_ib/nfs-ip34/home/def-ilafores/analysis/MethodsComparison/Feces_RA/preproc/SRR5091513/SRR5091513_unmatched_2.fastq,SRR5091513,68636763,492757000,31,DNA,1000,492757,True,0.8374716222207818,0.960563388923223,0.8990175055720024,0.960563388923223,False,307,3197985,5250329
863000,0.0017513703509031836,0.029499502817368246,0.00018061640930519505,0.00038169036645132145,22.51685393258427,5.0,27.006496247022902,/net/nfs-ip34/jbod2/def-ilafores/ref_dbs/sourmash_db/RefSeq_20250528.k31.sbt.zip,GCF_040026365.1_ASM4002636v1_genomic,9de4932095473c9973b31ae4d68399ec,0.2860457408021213,89000,203,327393000,/nfs3_ib/nfs-ip34/home/def-ilafores/analysis/MethodsComparison/Feces_RA/preproc/SRR5091513/SRR5091513_unmatched_2.fastq,SRR5091513,68636763,492757000,31,DNA,1000,492757,True,0.8148481979939922,0.9604298752746053,0.8876390366342988,0.9604298752746053,False,2004,3199989,5250329
1444000,0.002930450506030356,0.0177732379979571,0.00017655761359047157,0.0001502762969711041,9.068965517241379,2.0,41.585473011575964,/net/nfs-ip34/jbod2/def-ilafores/ref_dbs/sourmash_db/RefSeq_20250528.k31.sbt.zip,GCF_040687835.1_BfineCL09T03C10_hyb1_genomic,2fc098c7ce25807ec176d4c82a66ac2e,0.29499489274770174,87000,204,327306000,/nfs3_ib/nfs-ip34/home/def-ilafores/analysis/MethodsComparison/Feces_RA/preproc/SRR5091513/SRR5091513_unmatched_2.fastq,SRR5091513,68636763,492757000,31,DNA,1000,492757,True,0.828491784371031,0.961384778791551,0.894938281581291,0.961384778791551,False,789,3200778,5250329
210000,0.0004261735500459659,0.012580456407255705,0.00017452821573310984,5.3901384084692597e-05,3.2906976744186047,1.5,3.961636609979451,/net/nfs-ip34/jbod2/def-ilafores/ref_dbs/sourmash_db/RefSeq_20250528.k31.sbt.zip,GCF_025149285.1_ASM2514928v1_genomic,0f58288732b3804f3c8d60da453de357,0.03071971913399649,86000,205,327220000,/nfs3_ib/nfs-ip34/home/def-ilafores/analysis/MethodsComparison/Feces_RA/preproc/SRR5091513/SRR5091513_unmatched_2.fastq,SRR5091513,68636763,492757000,31,DNA,1000,492757,True,0.7785329241836202,0.8937313819593075,0.8361321530714638,0.8937313819593075,False,283,3201061,5250329
131000,0.00026585111931438823,0.029614325068870524,0.00017452821573310984,3.428356584892109e-05,2.0930232558139537,1.0,5.273073123165453,/net/nfs-ip34/jbod2/def-ilafores/ref_dbs/sourmash_db/RefSeq_20250528.k31.sbt.zip,GCF_003628755.1_ASM362875v1_genomic,24bd6eedf3ac190a9b4b403e833d9da5,0.04511019283746556,86000,206,327134000,/nfs3_ib/nfs-ip34/home/def-ilafores/analysis/MethodsComparison/Feces_RA/preproc/SRR5091513/SRR5091513_unmatched_2.fastq,SRR5091513,68636763,492757000,31,DNA,1000,492757,True,0.7667711390428021,0.9048769091332748,0.8358240240880385,0.9048769091332748,False,180,3201241,5250329
91000,0.00018467520501991855,0.05128205128205128,0.00017452821573310984,1.9427353981055282e-05,1.186046511627907,1.0,0.38914419838794206,/net/nfs-ip34/jbod2/def-ilafores/ref_dbs/sourmash_db/RefSeq_20250528.k31.sbt.zip,GCF_041320655.1_ASM4132065v1_genomic,f001008d5eb28fd28badbcb4f1ff3a56,0.05426356589147287,86000,207,327048000,/nfs3_ib/nfs-ip34/home/def-ilafores/analysis/MethodsComparison/Feces_RA/preproc/SRR5091513/SRR5091513_unmatched_2.fastq,SRR5091513,68636763,492757000,31,DNA,1000,492757,True,0.7578121558925597,0.9102856324165732,0.8340488941545665,0.9102856324165732,False,102,3201343,5250329
150000,0.00030440967860426133,0.04081632653061224,0.00017046942001838633,2.1331996528217567e-05,1.3333333333333333,1.0,0.7292091824339788,/net/nfs-ip34/jbod2/def-ilafores/ref_dbs/sourmash_db/RefSeq_20250528.k31.sbt.zip,GCF_002082765.1_ASM208276v1_genomic,c888cf6718182132d09c086b08468787,0.0728862973760933,84000,208,326964000,/nfs3_ib/nfs-ip34/home/def-ilafores/analysis/MethodsComparison/Feces_RA/preproc/SRR5091513/SRR5091513_unmatched_2.fastq,SRR5091513,68636763,492757000,31,DNA,1000,492757,True,0.7701284653781345,0.9189907873119617,0.8445596263450481,0.9189907873119617,False,112,3201455,5250329
86000,0.00017452821573310984,0.0438871473354232,0.00017046942001838633,2.1331996528217567e-05,1.3333333333333333,1.0,0.6042179781166438,/net/nfs-ip34/jbod2/def-ilafores/ref_dbs/sourmash_db/RefSeq_20250528.k31.sbt.zip,GCF_014931415.1_ASM1493141v1_genomic,69146d045c21b5026b6fb5d1114cad8c,0.04493207941483804,84000,209,326880000,/nfs3_ib/nfs-ip34/home/def-ilafores/analysis/MethodsComparison/Feces_RA/preproc/SRR5091513/SRR5091513_unmatched_2.fastq,SRR5091513,68636763,492757000,31,DNA,1000,492757,True,0.7564319420674693,0.9047614360226011,0.8305966890450351,0.9047614360226011,False,112,3201567,5250329
101000,0.00020496918359353596,0.028395484091686622,0.0001684400221610246,2.1331996528217567e-05,1.3493975903614457,1.0,0.7352359663803546,/net/nfs-ip34/jbod2/def-ilafores/ref_dbs/sourmash_db/RefSeq_20250528.k31.sbt.zip,GCF_025148965.1_ASM2514896v1_genomic,4fe134d0444f089dec5e462a3d358d30,0.034553540882654804,83000,210,326797000,/nfs3_ib/nfs-ip34/home/def-ilafores/analysis/MethodsComparison/Feces_RA/preproc/SRR5091513/SRR5091513_unmatched_2.fastq,SRR5091513,68636763,492757000,31,DNA,1000,492757,True,0.7603651647974277,0.8971283865641028,0.8287467756807652,0.8971283865641028,False,112,3201679,5250329
1864000,0.0037827976061222874,0.036134087940792335,0.0001684400221610246,0.00016684668713141596,10.55421686746988,8.0,7.965668823670125,/net/nfs-ip34/jbod2/def-ilafores/ref_dbs/sourmash_db/RefSeq_20250528.k31.sbt.zip,GCF_014489955.1_ASM1448995v1_genomic,579fa51da431e95a9307700dadd79bea,0.8114932520679147,83000,211,326714000,/nfs3_ib/nfs-ip34/home/def-ilafores/analysis/MethodsComparison/Feces_RA/preproc/SRR5091513/SRR5091513_unmatched_2.fastq,SRR5091513,68636763,492757000,31,DNA,1000,492757,True,0.8353431947000242,0.9932846107346153,0.9143139027173197,0.9932846107346153,False,876,3202555,5250329
4209000,0.008541735581635573,0.012612065035708858,0.0001684400221610246,0.0002443656388009209,15.457831325301205,16.0,11.398902087079524,/net/nfs-ip34/jbod2/def-ilafores/ref_dbs/sourmash_db/RefSeq_20250528.k31.sbt.zip,GCF_009734165.1_ASM973416v1_genomic,e3fa9c4f076a3f63536cf070ae5e7e25,0.6395684546421516,83000,212,326631000,/nfs3_ib/nfs-ip34/home/def-ilafores/analysis/MethodsComparison/Feces_RA/preproc/SRR5091513/SRR5091513_unmatched_2.fastq,SRR5091513,68636763,492757000,31,DNA,1000,492757,True,0.8575820483099931,0.9856853265321943,0.9216336874210938,0.9856853265321943,False,1283,3203838,5250329
791000,0.001605253705173138,0.027133050016345212,0.0001684400221610246,0.00017541757859364622,11.096385542168674,2.0,20.79655581878034,/net/nfs-ip34/jbod2/def-ilafores/ref_dbs/sourmash_db/RefSeq_20250528.k31.sbt.zip,GCF_040059215.1_ASM4005921v1_genomic,32b4f8c9ded2e30d47a15c3a2652e364,0.2585812356979405,83000,213,326548000,/nfs3_ib/nfs-ip34/home/def-ilafores/analysis/MethodsComparison/Feces_RA/preproc/SRR5091513/SRR5091513_unmatched_2.fastq,SRR5091513,68636763,492757000,31,DNA,1000,492757,True,0.812561512378561,0.9573076211123567,0.8849345667454589,0.9573076211123567,False,921,3204759,5250329
403000,0.0008178473365167821,0.022829763246899663,0.00016438122644630112,6.151995427334172e-05,3.9876543209876543,2.0,10.339297952574483,/net/nfs-ip34/jbod2/def-ilafores/ref_dbs/sourmash_db/RefSeq_20250528.k31.sbt.zip,GCF_036419155.1_ASM3641915v1_genomic,adc420f297b3ff1fa16ce829a637366f,0.11358511837655016,81000,214,326467000,/nfs3_ib/nfs-ip34/home/def-ilafores/analysis/MethodsComparison/Feces_RA/preproc/SRR5091513/SRR5091513_unmatched_2.fastq,SRR5091513,68636763,492757000,31,DNA,1000,492757,True,0.7950762524966545,0.9322373478335455,0.8636568001650999,0.9322373478335455,False,323,3205082,5250329
1630000,0.00330791850749964,0.029250457038391225,0.00016235182858893938,0.00033788358786658894,22.175,23.0,17.11853892713978,/net/nfs-ip34/jbod2/def-ilafores/ref_dbs/sourmash_db/RefSeq_20250528.k31.sbt.zip,GCF_902388275.1_UHGG_MGYG-HGUT-02545_genomic,35aa97e0127f24ba3813815f3d766914,0.5959780621572212,80000,215,326387000,/nfs3_ib/nfs-ip34/home/def-ilafores/analysis/MethodsComparison/Feces_RA/preproc/SRR5091513/SRR5091513_unmatched_2.fastq,SRR5091513,68636763,492757000,31,DNA,1000,492757,True,0.8317362668339676,0.983443385490392,0.9075898261621798,0.983443385490392,False,1774,3206856,5250329
132000,0.00026788051717175,0.034904013961605584,0.00016235182858893938,0.00013999122721642778,9.1875,1.0,17.271431433149946,/net/nfs-ip34/jbod2/def-ilafores/ref_dbs/sourmash_db/RefSeq_20250528.k31.sbt.zip,GCF_023921805.1_ASM2392180v1_genomic,0c9f72c07cb9e22587452a97c47fbca1,0.05759162303664921,80000,216,326307000,/nfs3_ib/nfs-ip34/home/def-ilafores/analysis/MethodsComparison/Feces_RA/preproc/SRR5091513/SRR5091513_unmatched_2.fastq,SRR5091513,68636763,492757000,31,DNA,1000,492757,True,0.766959258481183,0.9120351803693321,0.8394972194252575,0.9120351803693321,False,735,3207591,5250329
3759000,0.007628506545822789,0.01624511618342587,0.00016032243073157764,0.0006932898871670709,46.075949367088604,36.0,42.94234349223422,/net/nfs-ip34/jbod2/def-ilafores/ref_dbs/sourmash_db/RefSeq_20250528.k31.sbt.zip,GCF_008728395.1_ASM872839v1_genomic,be62626804ebd51a937970eebfaaba96,0.7729796421961752,79000,217,326228000,/nfs3_ib/nfs-ip34/home/def-ilafores/analysis/MethodsComparison/Feces_RA/preproc/SRR5091513/SRR5091513_unmatched_2.fastq,SRR5091513,68636763,492757000,31,DNA,1000,492757,True,0.8544597259352631,0.9917278695177549,0.923093797726509,0.9917278695177549,False,3640,3211231,5250329
160000,0.00032470365717787876,0.017861180194438164,0.00016032243073157764,2.304617482066362e-05,1.5316455696202531,1.0,1.2910151342686695,/net/nfs-ip34/jbod2/def-ilafores/ref_dbs/sourmash_db/RefSeq_20250528.k31.sbt.zip,GCF_044336395.1_ASM4433639v1_genomic,7004ceefcd6696a06bbad6d1e5c7b9f6,0.036174542165950715,79000,218,326149000,/nfs3_ib/nfs-ip34/home/def-ilafores/analysis/MethodsComparison/Feces_RA/preproc/SRR5091513/SRR5091513_unmatched_2.fastq,SRR5091513,68636763,492757000,31,DNA,1000,492757,True,0.7717334565442244,0.8984561221827797,0.8350947893635021,0.8984561221827797,False,121,3211352,5250329
2856000,0.005795960280625135,0.0145413870246085,0.00015829303287421588,2.647453140555573e-05,1.7820512820512822,1.0,1.5076508802960091,/net/nfs-ip34/jbod2/def-ilafores/ref_dbs/sourmash_db/RefSeq_20250528.k31.sbt.zip,GCF_014169295.1_ASM1416929v1_genomic,cbc636cfc9d0c0216621bd6f33c0aa27,0.5324384787472036,78000,219,326071000,/nfs3_ib/nfs-ip34/home/def-ilafores/analysis/MethodsComparison/Feces_RA/preproc/SRR5091513/SRR5091513_unmatched_2.fastq,SRR5091513,68636763,492757000,31,DNA,1000,492757,True,0.8469207137676763,0.9798734302961489,0.9133970720319127,0.9798734302961489,False,139,3211491,5250329
897000,0.0018203698780534829,0.01861376438892971,0.0001542342371594924,2.933149522629915e-05,2.026315789473684,2.0,1.1467767668158382,/net/nfs-ip34/jbod2/def-ilafores/ref_dbs/sourmash_db/RefSeq_20250528.k31.sbt.zip,GCF_032452555.1_ASM3245255v1_genomic,1ad811d7d51280706b0cbe0a9464310c,0.21969140337986776,76000,220,325995000,/nfs3_ib/nfs-ip34/home/def-ilafores/analysis/MethodsComparison/Feces_RA/preproc/SRR5091513/SRR5091513_unmatched_2.fastq,SRR5091513,68636763,492757000,31,DNA,1000,492757,True,0.815864530916747,0.952287674614013,0.8840761027653801,0.952287674614013,False,154,3211645,5250329
412000,0.0008361119172330377,0.013421617752326413,0.00015220483930213067,2.399849609424476e-05,1.68,1.0,1.767559522807271,/net/nfs-ip34/jbod2/def-ilafores/ref_dbs/sourmash_db/RefSeq_20250528.k31.sbt.zip,GCF_030717445.1_ASM3071744v1_genomic,0191f2a9139788a09426b63737c31b6c,0.0737294201861131,75000,221,325920000,/nfs3_ib/nfs-ip34/home/def-ilafores/analysis/MethodsComparison/Feces_RA/preproc/SRR5091513/SRR5091513_unmatched_2.fastq,SRR5091513,68636763,492757000,31,DNA,1000,492757,True,0.7956429278977636,0.9193318035989233,0.8574873657483435,0.9193318035989233,False,126,3211771,5250329
130000,0.00026382172145702647,0.020042757883484766,0.00015220483930213067,3.5045422867786e-05,2.453333333333333,1.0,5.962758496609509,/net/nfs-ip34/jbod2/def-ilafores/ref_dbs/sourmash_db/RefSeq_20250528.k31.sbt.zip,GCF_042854125.1_ASM4285412v1_genomic,c47a93bd32f231be1ec96546cc3273b3,0.034740780331373594,75000,222,325845000,/nfs3_ib/nfs-ip34/home/def-ilafores/analysis/MethodsComparison/Feces_RA/preproc/SRR5091513/SRR5091513_unmatched_2.fastq,SRR5091513,68636763,492757000,31,DNA,1000,492757,True,0.7665816247356558,0.8972847954857792,0.8319332101107175,0.8972847954857792,False,184,3211955,5250329
232000,0.0004708203029079242,0.02370417193426043,0.00015220483930213067,0.00010418394732977685,7.293333333333333,2.0,13.798331622176486,/net/nfs-ip34/jbod2/def-ilafores/ref_dbs/sourmash_db/RefSeq_20250528.k31.sbt.zip,GCF_042852765.1_ASM4285276v1_genomic,3aa76380a2dbd057e75b72c09cae7f14,0.07332490518331226,75000,223,325770000,/nfs3_ib/nfs-ip34/home/def-ilafores/analysis/MethodsComparison/Feces_RA/preproc/SRR5091513/SRR5091513_unmatched_2.fastq,SRR5091513,68636763,492757000,31,DNA,1000,492757,True,0.781039049569928,0.9191686637801769,0.8501038566750525,0.9191686637801769,False,547,3212502,5250329
1617000,0.003281536335353937,0.024254342838413635,0.00015017544144476893,0.00045597142579065046,32.351351351351354,5.0,49.82141958560797,/net/nfs-ip34/jbod2/def-ilafores/ref_dbs/sourmash_db/RefSeq_20250528.k31.sbt.zip,GCF_042852915.1_ASM4285291v1_genomic,83df1fc7945fffe52952776a8424f7ce,0.5299901671583087,74000,224,325696000,/nfs3_ib/nfs-ip34/home/def-ilafores/analysis/MethodsComparison/Feces_RA/preproc/SRR5091513/SRR5091513_unmatched_2.fastq,SRR5091513,68636763,492757000,31,DNA,1000,492757,True,0.8315214534997969,0.979727759100495,0.905624606300146,0.979727759100495,False,2394,3214896,5250329
78000,0.00015829303287421588,0.027190332326283987,0.00014611664573004542,1.847503270747414e-05,1.3472222222222223,1.0,0.7483263218346775,/net/nfs-ip34/jbod2/def-ilafores/ref_dbs/sourmash_db/RefSeq_20250528.k31.sbt.zip,GCF_043550855.1_ASM4355085v1_genomic,947029b68cc6a0ba1cb8ab54df8a5b80,0.02945619335347432,72000,225,325624000,/nfs3_ib/nfs-ip34/home/def-ilafores/analysis/MethodsComparison/Feces_RA/preproc/SRR5091513/SRR5091513_unmatched_2.fastq,SRR5091513,68636763,492757000,31,DNA,1000,492757,True,0.7540532108302413,0.8925213233698545,0.823287267100048,0.8925213233698545,False,97,3214993,5250329
974000,0.001976633513070337,0.015097504717970224,0.00014611664573004542,6.818620318840972e-05,4.972222222222222,1.0,9.240569099571228,/net/nfs-ip34/jbod2/def-ilafores/ref_dbs/sourmash_db/RefSeq_20250528.k31.sbt.zip,GCF_018289315.1_ASM1828931v1_genomic,b8882c82de7b01fc8d6d7c5d0f9c6851,0.20423568882365276,72000,226,325552000,/nfs3_ib/nfs-ip34/home/def-ilafores/analysis/MethodsComparison/Feces_RA/preproc/SRR5091513/SRR5091513_unmatched_2.fastq,SRR5091513,68636763,492757000,31,DNA,1000,492757,True,0.8180348603801896,0.9500493863091424,0.884042123344666,0.9500493863091424,False,358,3215351,5250329
4492000,0.009116055175268947,0.011188150015757958,0.0001440872478726837,7.332873806574788e-05,5.422535211267606,2.0,18.847543996485705,/net/nfs-ip34/jbod2/def-ilafores/ref_dbs/sourmash_db/RefSeq_20250528.k31.sbt.zip,GCF_020091305.1_ASM2009130v1_genomic,6d0ae679c2f742228ffe16430c5e44b3,0.7078474629687992,71000,227,325481000,/nfs3_ib/nfs-ip34/home/def-ilafores/analysis/MethodsComparison/Feces_RA/preproc/SRR5091513/SRR5091513_unmatched_2.fastq,SRR5091513,68636763,492757000,31,DNA,1000,492757,True,0.8593841129412295,0.9889158655797375,0.9241499892604835,0.9889158655797375,False,385,3215736,5250329
916000,0.001858928437343356,0.014850449696716167,0.0001440872478726837,1.88559612169066e-05,1.3943661971830985,1.0,0.7214787873163773,/net/nfs-ip34/jbod2/def-ilafores/ref_dbs/sourmash_db/RefSeq_20250528.k31.sbt.zip,GCF_020783255.1_ASM2078325v1_genomic,bb1369acd47aedad2dd49d1dcb62305b,0.19159171721397197,71000,228,325410000,/nfs3_ib/nfs-ip34/home/def-ilafores/analysis/MethodsComparison/Feces_RA/preproc/SRR5091513/SRR5091513_unmatched_2.fastq,SRR5091513,68636763,492757000,31,DNA,1000,492757,True,0.8164163603778356,0.9480928300928235,0.8822545952353296,0.9480928300928235,False,99,3215835,5250329
3936000,0.007987709966575817,0.00021685925834133646,0.00014205785001532195,0.00013027755022590012,9.771428571428572,2.0,29.119051902036052,/net/nfs-ip34/jbod2/def-ilafores/ref_dbs/sourmash_db/RefSeq_20250528.k31.sbt.zip,plasmid.6.1.genomic,65dad25ba1b8fe8a2d0774a605c3027f,0.012193686297592862,70000,229,325340000,/nfs3_ib/nfs-ip34/home/def-ilafores/analysis/MethodsComparison/Feces_RA/preproc/SRR5091513/SRR5091513_unmatched_2.fastq,SRR5091513,68636763,492757000,31,DNA,1000,492757,True,0.8557289067401479,0.8674858907646192,0.8616073987523836,0.8674858907646192,False,684,3216519,5250329
177000,0.0003592034207530284,0.0287283481199831,0.00013799905430059847,2.2474782056514934e-05,1.7352941176470589,1.0,1.4206217265568613,/net/nfs-ip34/jbod2/def-ilafores/ref_dbs/sourmash_db/RefSeq_20250528.k31.sbt.zip,GCF_017968825.1_ASM1796882v1_genomic,0b5354ff0e5fe896cc94aee14ef3d3fb,0.07477820025348543,68000,230,325272000,/nfs3_ib/nfs-ip34/home/def-ilafores/analysis/MethodsComparison/Feces_RA/preproc/SRR5091513/SRR5091513_unmatched_2.fastq,SRR5091513,68636763,492757000,31,DNA,1000,492757,True,0.7742513128710263,0.9197507731236226,0.8470010429973245,0.9197507731236226,False,118,3216637,5250329
1566000,0.0031780370446284883,0.024320457796852647,0.00013799905430059847,6.247227554692287e-05,4.823529411764706,3.0,6.9068192570194675,/net/nfs-ip34/jbod2/def-ilafores/ref_dbs/sourmash_db/RefSeq_20250528.k31.sbt.zip,GCF_030864025.1_ASM3086402v1_genomic,f73fd890bde9240f282aef5dc2a2f54a,0.5600858369098712,68000,231,325204000,/nfs3_ib/nfs-ip34/home/def-ilafores/analysis/MethodsComparison/Feces_RA/preproc/SRR5091513/SRR5091513_unmatched_2.fastq,SRR5091513,68636763,492757000,31,DNA,1000,492757,True,0.8306622659049288,0.9814748611444368,0.9060685635246828,0.9814748611444368,False,328,3216965,5250329
223000,0.0004525557221916685,0.009732360097323601,0.00013799905430059847,3.5616815631934685e-05,2.75,1.5,3.344772040064913,/net/nfs-ip34/jbod2/def-ilafores/ref_dbs/sourmash_db/RefSeq_20250528.k31.sbt.zip,GCF_042853085.1_ASM4285308v1_genomic,400d90fee346891087f6d66c37bf84f7,0.031916416201517105,68000,232,325136000,/nfs3_ib/nfs-ip34/home/def-ilafores/analysis/MethodsComparison/Feces_RA/preproc/SRR5091513/SRR5091513_unmatched_2.fastq,SRR5091513,68636763,492757000,31,DNA,1000,492757,True,0.7800428377399604,0.8948338224413992,0.8374383300906798,0.8948338224413992,False,187,3217152,5250329
72000,0.00014611664573004542,0.016461916461916463,0.00013596965644323674,1.4665747613149576e-05,1.1492537313432836,1.0,0.3960149003409432,/net/nfs-ip34/jbod2/def-ilafores/ref_dbs/sourmash_db/RefSeq_20250528.k31.sbt.zip,GCF_022845715.1_ASM2284571v1_genomic,0997265d51c515e91fdfb672e1434202,0.01769041769041769,67000,233,325069000,/nfs3_ib/nfs-ip34/home/def-ilafores/analysis/MethodsComparison/Feces_RA/preproc/SRR5091513/SRR5091513_unmatched_2.fastq,SRR5091513,68636763,492757000,31,DNA,1000,492757,True,0.752108739641006,0.877961399616407,0.8150350696287065,0.877961399616407,False,77,3217229,5250329
166000,0.0003368800443220492,0.02409205321826681,0.00013596965644323674,0.00015199047526355015,11.91044776119403,3.0,19.530864470465435,/net/nfs-ip34/jbod2/def-ilafores/ref_dbs/sourmash_db/RefSeq_20250528.k31.sbt.zip,GCF_014334055.1_ASM1433405v1_genomic,7d82c091b7553167242da89b74e9d599,0.05969075871988493,67000,234,325002000,/nfs3_ib/nfs-ip34/home/def-ilafores/analysis/MethodsComparison/Feces_RA/preproc/SRR5091513/SRR5091513_unmatched_2.fastq,SRR5091513,68636763,492757000,31,DNA,1000,492757,True,0.7726504710881161,0.9130890449357364,0.8428697580119262,0.9130890449357364,False,798,3218027,5250329
379000,0.0007691417879401003,0.011415914125063894,0.00013596965644323674,2.1141532273501336e-05,1.6567164179104477,1.0,0.939231804331479,/net/nfs-ip34/jbod2/def-ilafores/ref_dbs/sourmash_db/RefSeq_20250528.k31.sbt.zip,GCF_029581355.1_ASM2958135v1_genomic,51d7fd9bdf03a1793a8850d12786c650,0.06457658885670473,67000,235,324935000,/nfs3_ib/nfs-ip34/home/def-ilafores/analysis/MethodsComparison/Feces_RA/preproc/SRR5091513/SRR5091513_unmatched_2.fastq,SRR5091513,68636763,492757000,31,DNA,1000,492757,True,0.793503037924851,0.9154093116781932,0.854456174801522,0.9154093116781932,False,111,3218138,5250329
305000,0.0006189663464953313,0.012039401678219628,0.000133940258585875,0.00031045673518745206,24.696969696969695,2.0,71.17455488827827,/net/nfs-ip34/jbod2/def-ilafores/ref_dbs/sourmash_db/RefSeq_20250528.k31.sbt.zip,GCF_042852215.1_ASM4285221v1_genomic,d35409bea897b51a978082dedf226ca8,0.0556366289675301,66000,236,324869000,/nfs3_ib/nfs-ip34/home/def-ilafores/analysis/MethodsComparison/Feces_RA/preproc/SRR5091513/SRR5091513_unmatched_2.fastq,SRR5091513,68636763,492757000,31,DNA,1000,492757,True,0.7879622076270658,0.9110196993576127,0.8494909534923393,0.9110196993576127,False,1630,3219768,5250329
66000,0.000133940258585875,0.8354430379746836,0.000133940258585875,0.00014189586976359004,11.287878787878787,10.0,4.650725428963814,/net/nfs-ip34/jbod2/def-ilafores/ref_dbs/sourmash_db/RefSeq_20250528.k31.sbt.zip,GCF_015161085.1_ASM1516108v1_genomic,efd9b00d736a2ef60e9cf5ad3e4ef23d,0.8354430379746836,66000,237,324803000,/nfs3_ib/nfs-ip34/home/def-ilafores/analysis/MethodsComparison/Feces_RA/preproc/SRR5091513/SRR5091513_unmatched_2.fastq,SRR5091513,68636763,492757000,31,DNA,1000,492757,True,,,,,False,745,3220513,5250329
566000,0.001148639187266746,0.020370370370370372,0.000133940258585875,1.9617818235771512e-05,1.5606060606060606,1.0,0.8188829767801007,/net/nfs-ip34/jbod2/def-ilafores/ref_dbs/sourmash_db/RefSeq_20250528.k31.sbt.zip,GCF_041085325.1_ASM4108532v1_genomic,5e83b012f9b56827c1d4b59cdc28942e,0.17469135802469135,66000,238,324737000,/nfs3_ib/nfs-ip34/home/def-ilafores/analysis/MethodsComparison/Feces_RA/preproc/SRR5091513/SRR5091513_unmatched_2.fastq,SRR5091513,68636763,492757000,31,DNA,1000,492757,True,0.8038355586499475,0.9452727592095003,0.8745541589297239,0.9452727592095003,False,103,3220616,5250329
2374000,0.004817790513376776,0.01198277476128066,0.0001298814628711515,0.0005487275178374536,45.015625,14.0,48.940171442889074,/net/nfs-ip34/jbod2/def-ilafores/ref_dbs/sourmash_db/RefSeq_20250528.k31.sbt.zip,GCF_025916455.1_ASM2591645v1_genomic,27ccee7b3170a58b99749b4c684abf80,0.44448605130125446,64000,239,324673000,/nfs3_ib/nfs-ip34/home/def-ilafores/analysis/MethodsComparison/Feces_RA/preproc/SRR5091513/SRR5091513_unmatched_2.fastq,SRR5091513,68636763,492757000,31,DNA,1000,492757,True,0.8418857497426967,0.974183086172233,0.9080344179574649,0.974183086172233,False,2881,3223497,5250329
161000,0.0003267330550352405,0.022068965517241378,0.0001298814628711515,6.60910963865312e-05,5.421875,1.0,9.990315134387654,/net/nfs-ip34/jbod2/def-ilafores/ref_dbs/sourmash_db/RefSeq_20250528.k31.sbt.zip,GCF_000210595.1_ASM21059v1_genomic,eba4ca0d68fa97c7e6ee4e9207591ef2,0.05551724137931034,64000,240,324609000,/nfs3_ib/nfs-ip34/home/def-ilafores/analysis/MethodsComparison/Feces_RA/preproc/SRR5091513/SRR5091513_unmatched_2.fastq,SRR5091513,68636763,492757000,31,DNA,1000,492757,True,0.7718885793483927,0.9109565722662405,0.8414225758073166,0.9109565722662405,False,347,3223844,5250329
211000,0.0004282029479033276,0.02937062937062937,0.00012785206501378976,1.7522711433893e-05,1.4603174603174602,1.0,0.7730663912308521,/net/nfs-ip34/jbod2/def-ilafores/ref_dbs/sourmash_db/RefSeq_20250528.k31.sbt.zip,GCF_028743475.1_ASM2874347v1_genomic,011d3b2bf57ad0cebabeb13bedbc6e52,0.09836829836829837,63000,241,324546000,/nfs3_ib/nfs-ip34/home/def-ilafores/analysis/MethodsComparison/Feces_RA/preproc/SRR5091513/SRR5091513_unmatched_2.fastq,SRR5091513,68636763,492757000,31,DNA,1000,492757,True,0.778652239798478,0.9279219684849295,0.8532871041417037,0.9279219684849295,False,92,3223936,5250329
4156000,0.008434177495195401,0.01140125045972784,0.00012582266715642802,1.9046425471622825e-05,1.6129032258064515,1.0,0.9563849729273287,/net/nfs-ip34/jbod2/def-ilafores/ref_dbs/sourmash_db/RefSeq_20250528.k31.sbt.zip,GCF_045348675.1_ASM4534867v1_genomic,0d4a663f3ab54d36be3fe88db3f7b63a,0.7642515630746598,62000,242,324484000,/nfs3_ib/nfs-ip34/home/def-ilafores/analysis/MethodsComparison/Feces_RA/preproc/SRR5091513/SRR5091513_unmatched_2.fastq,SRR5091513,68636763,492757000,31,DNA,1000,492757,True,0.8572315620817519,0.9913646531359589,0.9242981076088554,0.9913646531359589,False,100,3224036,5250329
348000,0.0007062304543618863,0.021527777777777778,0.00012582266715642802,0.0005502512318751834,46.596774193548384,56.0,27.411123052759578,/net/nfs-ip34/jbod2/def-ilafores/ref_dbs/sourmash_db/RefSeq_20250528.k31.sbt.zip,GCF_022174665.1_ASM2217466v1_genomic,b004fadcdc39cbd453a7420b36ad1d38,0.12083333333333333,62000,243,324422000,/nfs3_ib/nfs-ip34/home/def-ilafores/analysis/MethodsComparison/Feces_RA/preproc/SRR5091513/SRR5091513_unmatched_2.fastq,SRR5091513,68636763,492757000,31,DNA,1000,492757,True,0.791321765037737,0.934099460326829,0.862710612682283,0.934099460326829,False,2889,3226925,5250329
619000,0.0012561972737069184,0.028478057889822595,0.00012379326929906628,1.6760854415028087e-05,1.4426229508196722,1.0,0.75800839486537,/net/nfs-ip34/jbod2/def-ilafores/ref_dbs/sourmash_db/RefSeq_20250528.k31.sbt.zip,GCF_000253315.1_ASM25331v1_genomic,364d189a4dfc57262be49a5a0dd695cd,0.28898225957049484,61000,244,324361000,/nfs3_ib/nfs-ip34/home/def-ilafores/analysis/MethodsComparison/Feces_RA/preproc/SRR5091513/SRR5091513_unmatched_2.fastq,SRR5091513,68636763,492757000,31,DNA,1000,492757,True,0.8061599541553313,0.9607463602312304,0.8834531571932809,0.9607463602312304,False,88,3227013,5250329
581000,0.0011790801551271723,0.02084056964223689,0.00012176387144170453,4.51400283677461e-05,3.95,1.5,8.902106492285968,/net/nfs-ip34/jbod2/def-ilafores/ref_dbs/sourmash_db/RefSeq_20250528.k31.sbt.zip,GCF_024168045.1_ASM2416804v1_genomic,1689b6c3fb62fec0dd444e73a686577b,0.2018061827023272,60000,245,324301000,/nfs3_ib/nfs-ip34/home/def-ilafores/analysis/MethodsComparison/Feces_RA/preproc/SRR5091513/SRR5091513_unmatched_2.fastq,SRR5091513,68636763,492757000,31,DNA,1000,492757,True,0.8045140922382894,0.9496827098569993,0.8770984010476444,0.9496827098569993,False,237,3227250,5250329
862000,0.0017493409530458218,0.014785608674223755,0.00012176387144170453,7.88522014525185e-05,6.9,1.5,16.52140026349663,/net/nfs-ip34/jbod2/def-ilafores/ref_dbs/sourmash_db/RefSeq_20250528.k31.sbt.zip,GCF_000210655.1_ASM21065v1_genomic,586860c088f340576435f05f9fd3cc1d,0.21241991128634796,60000,246,324241000,/nfs3_ib/nfs-ip34/home/def-ilafores/analysis/MethodsComparison/Feces_RA/preproc/SRR5091513/SRR5091513_unmatched_2.fastq,SRR5091513,68636763,492757000,31,DNA,1000,492757,True,0.8148177227045473,0.9512542718668722,0.8830359972857098,0.9512542718668722,False,414,3227664,5250329
3178000,0.006449426390695617,0.011380880121396054,0.00012176387144170453,0.00010189837627318212,8.916666666666666,2.0,25.918649441837992,/net/nfs-ip34/jbod2/def-ilafores/ref_dbs/sourmash_db/RefSeq_20250528.k31.sbt.zip,GCF_018279895.1_ASM1827989v1_genomic,eef05f88d650d6818de3c980b9d8b8f4,0.6028072837632777,60000,247,324181000,/nfs3_ib/nfs-ip34/home/def-ilafores/analysis/MethodsComparison/Feces_RA/preproc/SRR5091513/SRR5091513_unmatched_2.fastq,SRR5091513,68636763,492757000,31,DNA,1000,492757,True,0.8498443471899272,0.9838049051807032,0.9168246261853152,0.9838049051807032,False,535,3228199,5250329
1275000,0.0025874822681362214,0.022156573116691284,0.00012176387144170453,0.00019255936151810676,16.85,11.0,22.758020564187916,/net/nfs-ip34/jbod2/def-ilafores/ref_dbs/sourmash_db/RefSeq_20250528.k31.sbt.zip,GCF_024167965.1_ASM2416796v1_genomic,49c62e6ebbf2996fc1d9c85fb1c4ef14,0.4708271787296898,60000,248,324121000,/nfs3_ib/nfs-ip34/home/def-ilafores/analysis/MethodsComparison/Feces_RA/preproc/SRR5091513/SRR5091513_unmatched_2.fastq,SRR5091513,68636763,492757000,31,DNA,1000,492757,True,0.8251719026320544,0.9759939958302078,0.9005829492311311,0.9759939958302078,False,1011,3229210,5250329
1287000,0.0026118350424245624,0.017378497790868926,0.00011973447358434279,1.9427353981055282e-05,1.728813559322034,1.0,1.070886033825852,/net/nfs-ip34/jbod2/def-ilafores/ref_dbs/sourmash_db/RefSeq_20250528.k31.sbt.zip,GCF_964271965.1_LUMC_Rgna_QRD016_genomic,d04ff4c68e241ecea06810fc348534b4,0.37908689248895433,59000,249,324062000,/nfs3_ib/nfs-ip34/home/def-ilafores/analysis/MethodsComparison/Feces_RA/preproc/SRR5091513/SRR5091513_unmatched_2.fastq,SRR5091513,68636763,492757000,31,DNA,1000,492757,True,0.8254212952823454,0.9691944711623484,0.8973078832223469,0.9691944711623484,False,102,3229312,5250329
174000,0.00035311522718094315,0.01235370611183355,0.0001156756778696193,0.00011694505239576415,10.771929824561404,10.0,9.485015964916693,/net/nfs-ip34/jbod2/def-ilafores/ref_dbs/sourmash_db/RefSeq_20250528.k31.sbt.zip,GCF_032878895.1_ASM3287889v1_genomic,c900494a9310f6feff2b1d01e0c2af2d,0.0377113133940182,57000,250,324005000,/nfs3_ib/nfs-ip34/home/def-ilafores/analysis/MethodsComparison/Feces_RA/preproc/SRR5091513/SRR5091513_unmatched_2.fastq,SRR5091513,68636763,492757000,31,DNA,1000,492757,True,0.7738244825831239,0.8996627329286304,0.8367436077558772,0.8996627329286304,False,614,3229926,5250329
5371000,0.010899895891889918,0.00019374904400142761,0.0001156756778696193,9.485119884868168e-05,8.736842105263158,1.0,25.80597395530901,/net/nfs-ip34/jbod2/def-ilafores/ref_dbs/sourmash_db/RefSeq_20250528.k31.sbt.zip,plasmid.5.1.genomic,0f0c4d9f3e14a466d58e8f18d86b27e8,0.018256598514590664,57000,251,323948000,/nfs3_ib/nfs-ip34/home/def-ilafores/analysis/MethodsComparison/Feces_RA/preproc/SRR5091513/SRR5091513_unmatched_2.fastq,SRR5091513,68636763,492757000,31,DNA,1000,492757,True,0.8643528006942198,0.8788540731152273,0.8716034369047236,0.8788540731152273,False,498,3230424,5250329
802000,0.0016275770816041172,0.017643352236925015,0.00011364628001225756,0.00015256186802769882,14.303571428571429,2.0,22.573625288674155,/net/nfs-ip34/jbod2/def-ilafores/ref_dbs/sourmash_db/RefSeq_20250528.k31.sbt.zip,GCF_023347235.1_ASM2334723v1_genomic,463a8ff2f26f37a3c67c2a86a64398f8,0.2526780088216761,56000,252,323892000,/nfs3_ib/nfs-ip34/home/def-ilafores/analysis/MethodsComparison/Feces_RA/preproc/SRR5091513/SRR5091513_unmatched_2.fastq,SRR5091513,68636763,492757000,31,DNA,1000,492757,True,0.8129235928528048,0.9565947259576395,0.8847591594052222,0.9565947259576395,False,801,3231225,5250329
1128000,0.0022891607831040453,0.016519174041297935,0.00011364628001225756,2.2093853547082477e-05,2.0714285714285716,1.0,1.4982983545287878,/net/nfs-ip34/jbod2/def-ilafores/ref_dbs/sourmash_db/RefSeq_20250528.k31.sbt.zip,GCF_020735445.1_ASM2073544v1_genomic,914c0a88ebdaaccdb90ec78fe93e1fa1,0.3327433628318584,56000,253,323836000,/nfs3_ib/nfs-ip34/home/def-ilafores/analysis/MethodsComparison/Feces_RA/preproc/SRR5091513/SRR5091513_unmatched_2.fastq,SRR5091513,68636763,492757000,31,DNA,1000,492757,True,0.821917576169864,0.9651263528767905,0.8935219645233272,0.9651263528767905,False,116,3231341,5250329
136000,0.00027599810860119695,0.00914380714879468,0.00011161688215489583,2.399849609424476e-05,2.290909090909091,1.0,4.91259134459689,/net/nfs-ip34/jbod2/def-ilafores/ref_dbs/sourmash_db/RefSeq_20250528.k31.sbt.zip,GCF_042852025.1_ASM4285202v1_genomic,aae15f05a8de1e478c910ec861e8329c,0.02261014131338321,55000,254,323781000,/nfs3_ib/nfs-ip34/home/def-ilafores/analysis/MethodsComparison/Feces_RA/preproc/SRR5091513/SRR5091513_unmatched_2.fastq,SRR5091513,68636763,492757000,31,DNA,1000,492757,True,0.7676981950758263,0.8849383350780216,0.8263182650769239,0.8849383350780216,False,126,3231467,5250329
3118000,0.006327662519253912,0.008023340627279359,0.00011161688215489583,0.00010932648220711502,10.436363636363636,8.0,10.344543816759609,/net/nfs-ip34/jbod2/def-ilafores/ref_dbs/sourmash_db/RefSeq_20250528.k31.sbt.zip,GCF_025147085.1_ASM2514708v1_genomic,5b057d4064659334efb7b362a7eec964,0.4548504741064916,55000,255,323726000,/nfs3_ib/nfs-ip34/home/def-ilafores/analysis/MethodsComparison/Feces_RA/preproc/SRR5091513/SRR5091513_unmatched_2.fastq,SRR5091513,68636763,492757000,31,DNA,1000,492757,True,0.8493219824368852,0.9749077097716347,0.9121148461042599,0.9749077097716347,False,574,3232041,5250329
1050000,0.0021308677502298295,0.030951041080472707,0.00011161688215489583,1.6951318669744314e-05,1.6181818181818182,1.0,0.819997984274886,/net/nfs-ip34/jbod2/def-ilafores/ref_dbs/sourmash_db/RefSeq_20250528.k31.sbt.zip,GCF_903886075.1_Streptococcus_thermophilus_CIRM_19_genomic,8a667e09f6de9e5b205a4288199d1109,0.5908835115362971,55000,256,323671000,/nfs3_ib/nfs-ip34/home/def-ilafores/analysis/MethodsComparison/Feces_RA/preproc/SRR5091513/SRR5091513_unmatched_2.fastq,SRR5091513,68636763,492757000,31,DNA,1000,492757,True,0.8200199212873225,0.9831710739722336,0.901595497629778,0.9831710739722336,False,89,3232130,5250329
348000,0.0007062304543618863,0.024280575539568347,0.00010958748429753408,1.3713426339568435e-05,1.3333333333333333,1.0,0.7200822998230956,/net/nfs-ip34/jbod2/def-ilafores/ref_dbs/sourmash_db/RefSeq_20250528.k31.sbt.zip,GCF_000024945.1_ASM2494v1_genomic,bb6c752a62c434e57bfc3292c79595c6,0.1564748201438849,54000,257,323617000,/nfs3_ib/nfs-ip34/home/def-ilafores/analysis/MethodsComparison/Feces_RA/preproc/SRR5091513/SRR5091513_unmatched_2.fastq,SRR5091513,68636763,492757000,31,DNA,1000,492757,True,0.791321765037737,0.9419206918305207,0.8666212284341288,0.9419206918305207,False,72,3232202,5250329
410000,0.0008320531215183143,0.0077441560304029825,0.00010958748429753408,1.6760854415028087e-05,1.6296296296296295,1.0,1.404968647288197,/net/nfs-ip34/jbod2/def-ilafores/ref_dbs/sourmash_db/RefSeq_20250528.k31.sbt.zip,GCF_020091425.1_ASM2009142v1_genomic,b391704addc37a9e6e34e49aa9d20a35,0.058798221712318945,54000,258,323563000,/nfs3_ib/nfs-ip34/home/def-ilafores/analysis/MethodsComparison/Feces_RA/preproc/SRR5091513/SRR5091513_unmatched_2.fastq,SRR5091513,68636763,492757000,31,DNA,1000,492757,True,0.7955180425585396,0.9126454032040543,0.8540817228812969,0.9126454032040543,False,88,3232290,5250329
3312000,0.00672136570358209,0.011675675675675675,0.00010958748429753408,0.0006032002946862949,58.648148148148145,7.5,74.87697500206278,/net/nfs-ip34/jbod2/def-ilafores/ref_dbs/sourmash_db/RefSeq_20250528.k31.sbt.zip,GCF_025914195.1_ASM2591419v1_genomic,4ab236feb27bbefb635121ccd1c90e65,0.7161081081081081,54000,259,323509000,/nfs3_ib/nfs-ip34/home/def-ilafores/analysis/MethodsComparison/Feces_RA/preproc/SRR5091513/SRR5091513_unmatched_2.fastq,SRR5091513,68636763,492757000,31,DNA,1000,492757,True,0.8509773183323307,0.9892860612377808,0.9201316897850558,0.9892860612377808,False,3167,3235457,5250329
1237000,0.002510365149556475,0.01680672268907563,0.0001055286885828106,3.085520926402898e-05,3.1153846153846154,1.5,5.097713839608157,/net/nfs-ip34/jbod2/def-ilafores/ref_dbs/sourmash_db/RefSeq_20250528.k31.sbt.zip,GCF_964272245.1_LUMC_Rgna_QRD041_genomic,4b584db5b353e797bf6f9422247873ec,0.39980607627666453,52000,260,323457000,/nfs3_ib/nfs-ip34/home/def-ilafores/analysis/MethodsComparison/Feces_RA/preproc/SRR5091513/SRR5091513_unmatched_2.fastq,SRR5091513,68636763,492757000,31,DNA,1000,492757,True,0.8243668988885681,0.9708596058269364,0.8976132523577522,0.9708596058269364,False,162,3235619,5250329
59000,0.00011973447358434279,0.008658008658008658,0.0001055286885828106,1.0665998264108783e-05,1.0769230769230769,1.0,0.2664693550105965,/net/nfs-ip34/jbod2/def-ilafores/ref_dbs/sourmash_db/RefSeq_20250528.k31.sbt.zip,GCF_900101415.1_IMG-taxon_2636416187_annotated_assembly_genomic,ba8786944618b1ea3575b5d480826bc6,0.009823509823509824,52000,261,323405000,/nfs3_ib/nfs-ip34/home/def-ilafores/analysis/MethodsComparison/Feces_RA/preproc/SRR5091513/SRR5091513_unmatched_2.fastq,SRR5091513,68636763,492757000,31,DNA,1000,492757,True,0.747293048272337,0.8614585964379311,0.804375822355134,0.8614585964379311,False,56,3235675,5250329
1758000,0.003567681433241943,0.009069891516983817,0.00010349929072544885,0.00023008081969720374,23.686274509803923,22.0,29.508051540699288,/net/nfs-ip34/jbod2/def-ilafores/ref_dbs/sourmash_db/RefSeq_20250528.k31.sbt.zip,GCF_009193295.2_ASM919329v2_genomic,b4482d10cb2488078dd11fc3de09368a,0.3126444958207363,51000,262,323354000,/nfs3_ib/nfs-ip34/home/def-ilafores/analysis/MethodsComparison/Feces_RA/preproc/SRR5091513/SRR5091513_unmatched_2.fastq,SRR5091513,68636763,492757000,31,DNA,1000,492757,True,0.8337670189386569,0.9631885599615722,0.8984777894501146,0.9631885599615722,False,1208,3236883,5250329
4678000,0.00949352317673823,0.007378984651711925,0.00010146989286808711,5.7520204924300936e-05,6.04,4.0,6.925200358112392,/net/nfs-ip34/jbod2/def-ilafores/ref_dbs/sourmash_db/RefSeq_20250528.k31.sbt.zip,GCF_018289275.1_ASM1828927v1_genomic,0044674628c604b7150c9a157e063dcf,0.6903778040141676,50000,263,323304000,/nfs3_ib/nfs-ip34/home/def-ilafores/analysis/MethodsComparison/Feces_RA/preproc/SRR5091513/SRR5091513_unmatched_2.fastq,SRR5091513,68636763,492757000,31,DNA,1000,492757,True,0.8605096065504364,0.9881190047253847,0.9243143056379106,0.9881190047253847,False,302,3237185,5250329
700000,0.0014205785001532194,0.018083182640144666,0.00010146989286808711,0.00019027379046151203,19.98,7.0,23.178861059163367,/net/nfs-ip34/jbod2/def-ilafores/ref_dbs/sourmash_db/RefSeq_20250528.k31.sbt.zip,GCF_023347275.1_ASM2334727v1_genomic,88f1b5eec91b23fd70f1b11b9f13bd9a,0.25316455696202533,50000,264,323254000,/nfs3_ib/nfs-ip34/home/def-ilafores/analysis/MethodsComparison/Feces_RA/preproc/SRR5091513/SRR5091513_unmatched_2.fastq,SRR5091513,68636763,492757000,31,DNA,1000,492757,True,0.8093642918062723,0.9566540895724418,0.8830091906893571,0.9566540895724418,False,999,3238184,5250329
