intersect_bp,f_orig_query,f_match,f_unique_to_query,f_unique_weighted,average_abund,median_abund,std_abund,filename,name,md5,f_match_orig,unique_intersect_bp,gather_result_rank,remaining_bp,query_filename,query_name,query_md5,query_bp,ksize,moltype,scaled,query_n_hashes,query_abundance,query_containment_ani,match_containment_ani,average_containment_ani,max_containment_ani,potential_false_negative,n_unique_weighted_found,sum_weighted_found,total_weighted_hashes
6258000,0.02142409645978617,0.017803850388481268,0.02142409645978617,0.012509598920617758,5.1099392777245125,2.0,43.6605861390264,/net/nfs-ip34/jbod2/def-ilafores/ref_dbs/sourmash_db/RefSeq_20250528.k31.sbt.zip,plasmid.7.1.genomic,7a8c695160f2da22a8aff644e0702b99,0.017803850388481268,6258000,0,285843000,/nfs3_ib/nfs-ip34/home/def-ilafores/analysis/MethodsComparison/Feces_RA/preproc/SRR5091524/SRR5091524_unmatched_2.fastq,SRR5091524,6d088e50,292101000,31,DNA,1000,292101,True,0.8834015270518257,0.8781424377285215,0.8807719823901736,0.8834015270518257,False,31978,31978,2556277
5928000,0.020294350241868396,0.9071833358860468,0.020277232874930246,0.03527004311348105,15.222015870335978,13.0,48.10369421838376,/net/nfs-ip34/jbod2/def-ilafores/ref_dbs/sourmash_db/RefSeq_20250528.k31.sbt.zip,GCF_025916315.1_ASM2591631v1_genomic,a861cd4f4fc1c18dd8addbc67f8937d7,0.907949149946393,5923000,1,279920000,/nfs3_ib/nfs-ip34/home/def-ilafores/analysis/MethodsComparison/Feces_RA/preproc/SRR5091524/SRR5091524_unmatched_2.fastq,SRR5091524,6d088e50,292101000,31,DNA,1000,292101,True,0.8818590951792509,0.9968897853437243,0.9393744402614876,0.9968897853437243,False,90160,122138,2556277
5028000,0.017213224193001735,0.9285582084027392,0.01717556598573781,0.0347767475903433,17.71955351803867,13.0,39.39476438554496,/net/nfs-ip34/jbod2/def-ilafores/ref_dbs/sourmash_db/RefSeq_20250528.k31.sbt.zip,GCF_002257605.1_ASM225760v1_genomic,f7997817cc52d394fc177270fcbc526c,0.9305941143808995,5017000,2,274903000,/nfs3_ib/nfs-ip34/home/def-ilafores/analysis/MethodsComparison/Feces_RA/preproc/SRR5091524/SRR5091524_unmatched_2.fastq,SRR5091524,6d088e50,292101000,31,DNA,1000,292101,True,0.8771872889956581,0.9976823008562945,0.9374347949259763,0.9976823008562945,False,88899,211037,2556277
5041000,0.01725772934704092,0.6943628479507623,0.01699412189619344,0.027753252092789633,14.291901692183723,13.0,9.443884420663528,/net/nfs-ip34/jbod2/def-ilafores/ref_dbs/sourmash_db/RefSeq_20250528.k31.sbt.zip,GCF_918258265.1_BOVAC1_genomic,d7ca7470d77ebe0344d62e56d1ab47e0,0.7051335851167996,4964000,3,269939000,/nfs3_ib/nfs-ip34/home/def-ilafores/analysis/MethodsComparison/Feces_RA/preproc/SRR5091524/SRR5091524_unmatched_2.fastq,SRR5091524,6d088e50,292101000,31,DNA,1000,292101,True,0.8772603584681584,0.9887933319685318,0.9330268452183451,0.9887933319685318,False,70945,281982,2556277
4593000,0.01572401326938285,0.8622002283974115,0.015508334445962184,0.03242371620915887,18.296688741721855,17.0,23.552483548647245,/net/nfs-ip34/jbod2/def-ilafores/ref_dbs/sourmash_db/RefSeq_20250528.k31.sbt.zip,GCF_008369705.1_ASM836970v1_genomic,cebee0e6a30fafd04517fafb6687ddb3,0.8741910925009516,4530000,4,265409000,/nfs3_ib/nfs-ip34/home/def-ilafores/analysis/MethodsComparison/Feces_RA/preproc/SRR5091524/SRR5091524_unmatched_2.fastq,SRR5091524,6d088e50,292101000,31,DNA,1000,292101,True,0.8746305159632239,0.9956720929536106,0.9351513044584172,0.9956720929536106,False,82884,364866,2556277
4025000,0.013779480385209226,0.768974308687978,0.013423439152895745,0.18342613104917815,119.58377964804896,119.0,85.61519088380457,/net/nfs-ip34/jbod2/def-ilafores/ref_dbs/sourmash_db/RefSeq_20250528.k31.sbt.zip,GCF_018289355.1_ASM1828935v1_genomic,2cc034a4db3dba2e340c8fa9efefef92,0.789370464797019,3921000,5,261488000,/nfs3_ib/nfs-ip34/home/def-ilafores/analysis/MethodsComparison/Feces_RA/preproc/SRR5091524/SRR5091524_unmatched_2.fastq,SRR5091524,6d088e50,292101000,31,DNA,1000,292101,True,0.8709139619251589,0.9923993696948427,0.9316566658100007,0.9923993696948427,False,468888,833754,2556277
3703000,0.012677121954392488,0.7709691438504997,0.012146483579309897,0.053408531235073504,38.47998872604284,40.0,33.13441408290911,/net/nfs-ip34/jbod2/def-ilafores/ref_dbs/sourmash_db/RefSeq_20250528.k31.sbt.zip,GCF_044361425.1_ASM4436142v1_genomic,3fefc7b82ec3714f447cba888f85e7ce,0.8046501521077792,3548000,6,257940000,/nfs3_ib/nfs-ip34/home/def-ilafores/analysis/MethodsComparison/Feces_RA/preproc/SRR5091524/SRR5091524_unmatched_2.fastq,SRR5091524,6d088e50,292101000,31,DNA,1000,292101,True,0.8685745866595369,0.9930133054359357,0.9307939460477364,0.9930133054359357,False,136527,970281,2556277
2898000,0.009921225877350642,0.7136520453425332,0.009914378930575384,0.00790368179974236,6.976519337016574,6.0,6.452932096060396,/net/nfs-ip34/jbod2/def-ilafores/ref_dbs/sourmash_db/RefSeq_20250528.k31.sbt.zip,GCF_000210655.1_ASM21065v1_genomic,586860c088f340576435f05f9fd3cc1d,0.7141448989650074,2896000,7,255044000,/nfs3_ib/nfs-ip34/home/def-ilafores/analysis/MethodsComparison/Feces_RA/preproc/SRR5091524/SRR5091524_unmatched_2.fastq,SRR5091524,6d088e50,292101000,31,DNA,1000,292101,True,0.8617336961824149,0.9891984570367053,0.9254660766095602,0.9891984570367053,False,20204,990485,2556277
2898000,0.009921225877350642,0.6248380129589632,0.009904108510412494,0.003972574177211624,3.5101970273072935,2.0,9.64429501135537,/net/nfs-ip34/jbod2/def-ilafores/ref_dbs/sourmash_db/RefSeq_20250528.k31.sbt.zip,GCF_023008285.1_ASM2300828v1_genomic,3191b17cd9816a6b0abb68f0b35dbdf7,0.6259179265658747,2893000,8,252151000,/nfs3_ib/nfs-ip34/home/def-ilafores/analysis/MethodsComparison/Feces_RA/preproc/SRR5091524/SRR5091524_unmatched_2.fastq,SRR5091524,6d088e50,292101000,31,DNA,1000,292101,True,0.8617336961824149,0.9849995789256759,0.9233666375540455,0.9849995789256759,False,10155,1000640,2556277
2713000,0.009287883300639163,0.6103211009174312,0.009109862684482422,0.006059593698179031,5.821119879744457,3.0,12.691359064841082,/net/nfs-ip34/jbod2/def-ilafores/ref_dbs/sourmash_db/RefSeq_20250528.k31.sbt.zip,GCF_042847785.1_ASM4284778v1_genomic,88019d6ddc2b537fe7ac87c23df45062,0.6222477064220183,2661000,9,249490000,/nfs3_ib/nfs-ip34/home/def-ilafores/analysis/MethodsComparison/Feces_RA/preproc/SRR5091524/SRR5091524_unmatched_2.fastq,SRR5091524,6d088e50,292101000,31,DNA,1000,292101,True,0.8599019373659731,0.9848127327135056,0.9223573350397394,0.9848127327135056,False,15490,1016130,2556277
3150000,0.010783941171033307,0.5972128568217577,0.009096168790931903,0.0064875598379987775,6.241625893865262,5.0,11.73902126732432,/net/nfs-ip34/jbod2/def-ilafores/ref_dbs/sourmash_db/RefSeq_20250528.k31.sbt.zip,GCF_963360665.1_BFTSDC17_v2_genomic,f0ce3f7b0d131daf996251931d5e8c91,0.708024275118004,2657000,10,246833000,/nfs3_ib/nfs-ip34/home/def-ilafores/analysis/MethodsComparison/Feces_RA/preproc/SRR5091524/SRR5091524_unmatched_2.fastq,SRR5091524,6d088e50,292101000,31,DNA,1000,292101,True,0.8640546465364372,0.9889238329974773,0.9264892397669573,0.9889238329974773,False,16584,1032714,2556277
2639000,0.00903454626995457,0.40934755332496864,0.008935265541713311,0.0018597358580466827,1.821455938697318,1.0,2.3789303809983897,/net/nfs-ip34/jbod2/def-ilafores/ref_dbs/sourmash_db/RefSeq_20250528.k31.sbt.zip,GCF_016889665.1_ASM1688966v1_genomic,93f73424a62c9a7810069426678c2739,0.4138958594730238,2610000,11,244223000,/nfs3_ib/nfs-ip34/home/def-ilafores/analysis/MethodsComparison/Feces_RA/preproc/SRR5091524/SRR5091524_unmatched_2.fastq,SRR5091524,6d088e50,292101000,31,DNA,1000,292101,True,0.859135164351364,0.9719449056605731,0.9155400350059686,0.9719449056605731,False,4754,1037468,2556277
2792000,0.009558337698261903,0.34648687012065293,0.008356698539203905,0.002310782438679376,2.419909873002868,1.0,6.000088500650459,/net/nfs-ip34/jbod2/def-ilafores/ref_dbs/sourmash_db/RefSeq_20250528.k31.sbt.zip,GCF_018292125.1_ASM1829212v1_genomic,db815f18771b0ea0ac3270b94c8884ba,0.39630943931866575,2441000,12,241782000,/nfs3_ib/nfs-ip34/home/def-ilafores/analysis/MethodsComparison/Feces_RA/preproc/SRR5091524/SRR5091524_unmatched_2.fastq,SRR5091524,6d088e50,292101000,31,DNA,1000,292101,True,0.860698496251663,0.9705845375850861,0.9156415169183745,0.9705845375850861,False,5907,1043375,2556277
2498000,0.008551836522298795,0.6057319907048799,0.008031468567379092,0.07349907697796444,80.08695652173913,72.0,49.552327783631476,/net/nfs-ip34/jbod2/def-ilafores/ref_dbs/sourmash_db/RefSeq_20250528.k31.sbt.zip,GCF_020091485.1_ASM2009148v1_genomic,0bb666bd34472dc3dae293249907c788,0.6449780531887426,2346000,13,239436000,/nfs3_ib/nfs-ip34/home/def-ilafores/analysis/MethodsComparison/Feces_RA/preproc/SRR5091524/SRR5091524_unmatched_2.fastq,SRR5091524,6d088e50,292101000,31,DNA,1000,292101,True,0.8576147433071515,0.9859531714216817,0.9217839573644167,0.9859531714216817,False,187884,1231259,2556277
4045000,0.013847949852961818,0.34305772230889237,0.007528217979397537,0.0075347859406472775,8.758981355161437,3.0,42.00980991629671,/net/nfs-ip34/jbod2/def-ilafores/ref_dbs/sourmash_db/RefSeq_20250528.k31.sbt.zip,GCF_024758345.1_ASM2475834v1_genomic,183a75b530ce328e418f91cd67bce618,0.6310452418096724,2199000,14,237237000,/nfs3_ib/nfs-ip34/home/def-ilafores/analysis/MethodsComparison/Feces_RA/preproc/SRR5091524/SRR5091524_unmatched_2.fastq,SRR5091524,6d088e50,292101000,31,DNA,1000,292101,True,0.8710532248863074,0.9852588364511614,0.9281560306687344,0.9852588364511614,False,19261,1250520,2556277
2179000,0.007459748511644945,0.7180706521739131,0.007237222741449019,0.012008088325326245,14.520340586565752,9.0,24.512461115345083,/net/nfs-ip34/jbod2/def-ilafores/ref_dbs/sourmash_db/RefSeq_20250528.k31.sbt.zip,GCF_019967975.1_ASM1996797v1_genomic,2c2d74013e8cf3a4113eeeae8dce1511,0.7401494565217391,2114000,15,235123000,/nfs3_ib/nfs-ip34/home/def-ilafores/analysis/MethodsComparison/Feces_RA/preproc/SRR5091524/SRR5091524_unmatched_2.fastq,SRR5091524,6d088e50,292101000,31,DNA,1000,292101,True,0.8538433484574266,0.9903404034732322,0.9220918759653294,0.9903404034732322,False,30696,1281216,2556277
1982000,0.0067853242542819095,0.4687579053883127,0.006343696187277688,0.004616479356501662,6.368591473286562,5.0,5.839887964005348,/net/nfs-ip34/jbod2/def-ilafores/ref_dbs/sourmash_db/RefSeq_20250528.k31.sbt.zip,GCF_036419255.1_ASM3641925v1_genomic,cc90865ac4b45b3dd14605490161db88,0.5013913483430306,1853000,16,233270000,/nfs3_ib/nfs-ip34/home/def-ilafores/analysis/MethodsComparison/Feces_RA/preproc/SRR5091524/SRR5091524_unmatched_2.fastq,SRR5091524,6d088e50,292101000,31,DNA,1000,292101,True,0.8512373376160323,0.9779761979452275,0.9146067677806299,0.9779761979452275,False,11801,1293017,2556277
1845000,0.006316308400176651,0.6234035208836728,0.006182792938059096,0.002800166022696288,3.963455149501661,3.0,5.221960827471548,/net/nfs-ip34/jbod2/def-ilafores/ref_dbs/sourmash_db/RefSeq_20250528.k31.sbt.zip,GCF_036419515.1_ASM3641951v1_genomic,6a297f754ff6c4bf21b2d1fd8119290f,0.6368657231618916,1806000,17,231464000,/nfs3_ib/nfs-ip34/home/def-ilafores/analysis/MethodsComparison/Feces_RA/preproc/SRR5091524/SRR5091524_unmatched_2.fastq,SRR5091524,6d088e50,292101000,31,DNA,1000,292101,True,0.8492727786918538,0.9855506840670091,0.9174117313794314,0.9855506840670091,False,7158,1300175,2556277
1735000,0.005939726327537393,0.7001223990208079,0.00587468033317243,0.038778661310961214,57.76748251748252,49.0,51.348824359727566,/net/nfs-ip34/jbod2/def-ilafores/ref_dbs/sourmash_db/RefSeq_20250528.k31.sbt.zip,GCF_010669225.1_ASM1066922v1_genomic,274d37fe38c89456352e287313491fb8,0.707874337005304,1716000,18,229748000,/nfs3_ib/nfs-ip34/home/def-ilafores/analysis/MethodsComparison/Feces_RA/preproc/SRR5091524/SRR5091524_unmatched_2.fastq,SRR5091524,6d088e50,292101000,31,DNA,1000,292101,True,0.8475903705190486,0.9889170766878006,0.9182537236034246,0.9889170766878006,False,99129,1399304,2556277
1708000,0.005847292546071393,0.6631660832360949,0.005837022125908504,0.0029734649257494397,4.458064516129032,4.0,5.956009391094461,/net/nfs-ip34/jbod2/def-ilafores/ref_dbs/sourmash_db/RefSeq_20250528.k31.sbt.zip,GCF_003019315.1_ASM301931v1_genomic,46c2fb9b85752a6d85b9f337e3f036b2,0.6643329443796189,1705000,19,228043000,/nfs3_ib/nfs-ip34/home/def-ilafores/analysis/MethodsComparison/Feces_RA/preproc/SRR5091524/SRR5091524_unmatched_2.fastq,SRR5091524,6d088e50,292101000,31,DNA,1000,292101,True,0.8471616442445542,0.9868940016722485,0.9170278229584014,0.9868940016722485,False,7601,1406905,2556277
1688000,0.005778823078318801,0.4981527093596059,0.005539179941184727,0.001514702827588716,2.393077873918418,2.0,2.462826527978501,/net/nfs-ip34/jbod2/def-ilafores/ref_dbs/sourmash_db/RefSeq_20250528.k31.sbt.zip,GCF_018140635.1_ASM1814063v1_genomic,03d45a9b9bd5d52d6fdc9c5ba2260f24,0.5197044334975369,1618000,20,226425000,/nfs3_ib/nfs-ip34/home/def-ilafores/analysis/MethodsComparison/Feces_RA/preproc/SRR5091524/SRR5091524_unmatched_2.fastq,SRR5091524,6d088e50,292101000,31,DNA,1000,292101,True,0.8468398195117577,0.9791085709260415,0.9129741952188997,0.9791085709260415,False,3872,1410777,2556277
1606000,0.005498098260533172,0.6315996847911741,0.005487827840370283,0.0021511753225491605,3.430442919525889,3.0,2.149002639089047,/net/nfs-ip34/jbod2/def-ilafores/ref_dbs/sourmash_db/RefSeq_20250528.k31.sbt.zip,GCF_020541925.1_ASM2054192v1_genomic,5dfb2de1c8a49d9f52117f79b9e8a991,0.6327817178881009,1603000,21,224822000,/nfs3_ib/nfs-ip34/home/def-ilafores/analysis/MethodsComparison/Feces_RA/preproc/SRR5091524/SRR5091524_unmatched_2.fastq,SRR5091524,6d088e50,292101000,31,DNA,1000,292101,True,0.8454805649767118,0.9853461776909115,0.9154133713338116,0.9853461776909115,False,5499,1416276,2556277
1676000,0.005737741397667245,0.533731553056922,0.005200256075809395,0.008445876561890593,14.213298222514812,10.0,17.059839140650627,/net/nfs-ip34/jbod2/def-ilafores/ref_dbs/sourmash_db/RefSeq_20250528.k31.sbt.zip,GCF_019968055.1_ASM1996805v1_genomic,68b64f4d4c3889600ebe30d1a4137e53,0.5888966971187631,1519000,22,223303000,/nfs3_ib/nfs-ip34/home/def-ilafores/analysis/MethodsComparison/Feces_RA/preproc/SRR5091524/SRR5091524_unmatched_2.fastq,SRR5091524,6d088e50,292101000,31,DNA,1000,292101,True,0.8466449487422538,0.9830642594237872,0.9148546040830206,0.9830642594237872,False,21590,1437866,2556277
1518000,0.0051968326024217654,0.6380471380471381,0.005189985655646506,0.001722817988817331,2.905013192612137,2.0,1.9360354963423896,/net/nfs-ip34/jbod2/def-ilafores/ref_dbs/sourmash_db/RefSeq_20250528.k31.sbt.zip,GCF_003945365.1_PFJ30894_01_genomic,41e393347aeaa24ab6fcfff277c4c1f9,0.6388888888888888,1516000,23,221787000,/nfs3_ib/nfs-ip34/home/def-ilafores/analysis/MethodsComparison/Feces_RA/preproc/SRR5091524/SRR5091524_unmatched_2.fastq,SRR5091524,6d088e50,292101000,31,DNA,1000,292101,True,0.8439450155198002,0.9856515243740108,0.9147982699469055,0.9856515243740108,False,4404,1442270,2556277
1555000,0.005323501117764061,0.40326273611906127,0.004823674003170136,0.0017212532131689953,3.1227821149751596,2.0,6.95497833933179,/net/nfs-ip34/jbod2/def-ilafores/ref_dbs/sourmash_db/RefSeq_20250528.k31.sbt.zip,GCF_014337175.1_ASM1433717v1_genomic,a712134ff5fdebda1dc08f01019daf8a,0.4450486548368632,1409000,24,220378000,/nfs3_ib/nfs-ip34/home/def-ilafores/analysis/MethodsComparison/Feces_RA/preproc/SRR5091524/SRR5091524_unmatched_2.fastq,SRR5091524,6d088e50,292101000,31,DNA,1000,292101,True,0.8446008757610002,0.9742228380240938,0.909411856892547,0.9742228380240938,False,4400,1446670,2556277
1543000,0.005282419437112506,0.4062591400994443,0.004755204535417544,0.0016070245908405075,2.9575233981281497,2.0,3.924640540187459,/net/nfs-ip34/jbod2/def-ilafores/ref_dbs/sourmash_db/RefSeq_20250528.k31.sbt.zip,GCF_025149785.1_ASM2514978v1_genomic,8c91537000df08516afde1ea4eac7752,0.45130155016086576,1389000,25,218989000,/nfs3_ib/nfs-ip34/home/def-ilafores/analysis/MethodsComparison/Feces_RA/preproc/SRR5091524/SRR5091524_unmatched_2.fastq,SRR5091524,6d088e50,292101000,31,DNA,1000,292101,True,0.8443898344046395,0.9746614038871465,0.909525619145893,0.9746614038871465,False,4108,1450778,2556277
1375000,0.004707275907990729,0.4828937990021383,0.004638806440238136,0.0011712345727790845,2.2095940959409592,2.0,2.680595196994437,/net/nfs-ip34/jbod2/def-ilafores/ref_dbs/sourmash_db/RefSeq_20250528.k31.sbt.zip,GCF_015097455.1_ASM1509745v1_genomic,ad2202613b9c5f4de5c0bb121ca6ed7a,0.49002138275124735,1355000,26,217634000,/nfs3_ib/nfs-ip34/home/def-ilafores/analysis/MethodsComparison/Feces_RA/preproc/SRR5091524/SRR5091524_unmatched_2.fastq,SRR5091524,6d088e50,292101000,31,DNA,1000,292101,True,0.8412557649422245,0.9772528293956549,0.9092542971689397,0.9772528293956549,False,2994,1453772,2556277
1590000,0.005443322686331097,0.4394141145139814,0.0045189848716711,0.026634828698141867,51.58030303030303,55.0,25.26786028821072,/net/nfs-ip34/jbod2/def-ilafores/ref_dbs/sourmash_db/RefSeq_20250528.k31.sbt.zip,GCF_023347355.1_ASM2334735v1_genomic,0b1b8956f9826b69686f1f8520bdfb5e,0.5292942743009321,1320000,27,216314000,/nfs3_ib/nfs-ip34/home/def-ilafores/analysis/MethodsComparison/Feces_RA/preproc/SRR5091524/SRR5091524_unmatched_2.fastq,SRR5091524,6d088e50,292101000,31,DNA,1000,292101,True,0.8452075297787424,0.9796862355616122,0.9124468826701773,0.9796862355616122,False,68086,1521858,2556277
1281000,0.004385469409553545,0.1906513409961686,0.0042588008942112485,0.0006787214374655016,1.394694533762058,1.0,0.7454066111962895,/net/nfs-ip34/jbod2/def-ilafores/ref_dbs/sourmash_db/RefSeq_20250528.k31.sbt.zip,GCF_024759285.1_ASM2475928v1_genomic,aaeb7a1a545ae549444b524e0f8ed687,0.19632183908045978,1244000,28,215070000,/nfs3_ib/nfs-ip34/home/def-ilafores/analysis/MethodsComparison/Feces_RA/preproc/SRR5091524/SRR5091524_unmatched_2.fastq,SRR5091524,6d088e50,292101000,31,DNA,1000,292101,True,0.8393362935986179,0.9488390192108045,0.8940876564047112,0.9488390192108045,False,1735,1523593,2556277
1281000,0.004385469409553545,0.5184563758389261,0.004231413107110212,0.0009384741950891864,1.940938511326861,2.0,1.1955582951056138,/net/nfs-ip34/jbod2/def-ilafores/ref_dbs/sourmash_db/RefSeq_20250528.k31.sbt.zip,GCF_014900535.1_ASM1490053v1_genomic,ef9749d10d43e9abf69441f9bbcd8051,0.5373322147651006,1236000,29,213834000,/nfs3_ib/nfs-ip34/home/def-ilafores/analysis/MethodsComparison/Feces_RA/preproc/SRR5091524/SRR5091524_unmatched_2.fastq,SRR5091524,6d088e50,292101000,31,DNA,1000,292101,True,0.8393362935986179,0.9801626682262017,0.9097494809124098,0.9801626682262017,False,2399,1525992,2556277
1236000,0.004231413107110212,0.39053648783738754,0.0040123108103019165,0.0013840440609527058,3.0187713310580206,2.0,7.18832404569631,/net/nfs-ip34/jbod2/def-ilafores/ref_dbs/sourmash_db/RefSeq_20250528.k31.sbt.zip,GCF_025147655.1_ASM2514765v1_genomic,d12e4eb914cf40ca3d7c1ab8366c189f,0.41186271242919026,1172000,30,212662000,/nfs3_ib/nfs-ip34/home/def-ilafores/analysis/MethodsComparison/Feces_RA/preproc/SRR5091524/SRR5091524_unmatched_2.fastq,SRR5091524,6d088e50,292101000,31,DNA,1000,292101,True,0.838368618843634,0.9717905253064626,0.9050795720750483,0.9717905253064626,False,3538,1529530,2556277
1130000,0.003868524928021472,0.24676209952283573,0.0037178920989657687,0.0006462523427625409,1.5211786372007365,1.0,1.0437099553281943,/net/nfs-ip34/jbod2/def-ilafores/ref_dbs/sourmash_db/RefSeq_20250528.k31.sbt.zip,GCF_900683755.1_ASM90068375v1_genomic,8e291018769da4b390c897ca0d5c97dc,0.25675982731197455,1086000,31,211576000,/nfs3_ib/nfs-ip34/home/def-ilafores/analysis/MethodsComparison/Feces_RA/preproc/SRR5091524/SRR5091524_unmatched_2.fastq,SRR5091524,6d088e50,292101000,31,DNA,1000,292101,True,0.8359472700911961,0.957089355813062,0.896518312952129,0.957089355813062,False,1652,1531182,2556277
1191000,0.004077356804666879,0.19241929633659774,0.0036323052642750282,0.0006458611488504571,1.5560791705937795,1.0,2.668967347236065,/net/nfs-ip34/jbod2/def-ilafores/ref_dbs/sourmash_db/RefSeq_20250528.k31.sbt.zip,GCF_019930665.1_ASM1993066v1_genomic,d7320230ed69eef737078c57f068087a,0.2159956474428727,1061000,32,210515000,/nfs3_ib/nfs-ip34/home/def-ilafores/analysis/MethodsComparison/Feces_RA/preproc/SRR5091524/SRR5091524_unmatched_2.fastq,SRR5091524,6d088e50,292101000,31,DNA,1000,292101,True,0.8373662303597676,0.9517666518739285,0.8945664411168481,0.9517666518739285,False,1651,1532833,2556277
5246000,0.017959541391504994,0.0042256249646855605,0.0035843766368482133,0.0015467807283795927,3.7765042979942693,1.0,28.508945662958077,/net/nfs-ip34/jbod2/def-ilafores/ref_dbs/sourmash_db/RefSeq_20250528.k31.sbt.zip,plasmid.1.1.genomic,8051cea624a45a3e4dc84e7fef1c6e83,0.02117252011914083,1047000,33,209468000,/nfs3_ib/nfs-ip34/home/def-ilafores/analysis/MethodsComparison/Feces_RA/preproc/SRR5091524/SRR5091524_unmatched_2.fastq,SRR5091524,6d088e50,292101000,31,DNA,1000,292101,True,0.878389110843185,0.883064981814158,0.8807270463286716,0.883064981814158,False,3954,1536787,2556277
1096000,0.003752126832842065,0.3396814404432133,0.0033584273932646585,0.000885271823045781,2.306829765545362,2.0,4.347617511121235,/net/nfs-ip34/jbod2/def-ilafores/ref_dbs/sourmash_db/RefSeq_20250528.k31.sbt.zip,GCF_025150745.1_ASM2515074v1_genomic,f264b62f2a1798cf106db911e66dcf25,0.37950138504155123,981000,34,208487000,/nfs3_ib/nfs-ip34/home/def-ilafores/analysis/MethodsComparison/Feces_RA/preproc/SRR5091524/SRR5091524_unmatched_2.fastq,SRR5091524,6d088e50,292101000,31,DNA,1000,292101,True,0.8351238513667466,0.9692286374294989,0.9021762443981227,0.9692286374294989,False,2263,1539050,2556277
1123000,0.003844560614308065,0.24179920477137176,0.0033310396061636215,0.0007471803720801775,1.9630010277492291,1.0,3.3667053738034296,/net/nfs-ip34/jbod2/def-ilafores/ref_dbs/sourmash_db/RefSeq_20250528.k31.sbt.zip,GCF_964272205.1_LUMC_Rgna_QRD011_genomic,6e86d242a5fb72e2090f4121f3222291,0.27907554671968193,973000,35,207514000,/nfs3_ib/nfs-ip34/home/def-ilafores/analysis/MethodsComparison/Feces_RA/preproc/SRR5091524/SRR5091524_unmatched_2.fastq,SRR5091524,6d088e50,292101000,31,DNA,1000,292101,True,0.8357797210661893,0.9596658875148256,0.8977228042905074,0.9596658875148256,False,1910,1540960,2556277
956000,0.003272840558573918,0.24270833333333333,0.003190677197270807,0.0006356901071362767,1.7435622317596566,1.0,4.695869723567668,/net/nfs-ip34/jbod2/def-ilafores/ref_dbs/sourmash_db/RefSeq_20250528.k31.sbt.zip,GCF_042853155.1_ASM4285315v1_genomic,efaf2d7610e4ff97776a88ae72c12130,0.24895833333333334,932000,36,206582000,/nfs3_ib/nfs-ip34/home/def-ilafores/analysis/MethodsComparison/Feces_RA/preproc/SRR5091524/SRR5091524_unmatched_2.fastq,SRR5091524,6d088e50,292101000,31,DNA,1000,292101,True,0.8314502829368761,0.9561371992770994,0.8937937411069877,0.9561371992770994,False,1625,1542585,2556277
1264000,0.004327270361963841,0.3000342114266165,0.003002386160951178,0.0015260474510391479,4.448118586088939,1.0,11.765714128663463,/net/nfs-ip34/jbod2/def-ilafores/ref_dbs/sourmash_db/RefSeq_20250528.k31.sbt.zip,GCF_019967955.1_ASM1996795v1_genomic,815b92b0272af68e89d6f30eed8923eb,0.43243243243243246,877000,37,205705000,/nfs3_ib/nfs-ip34/home/def-ilafores/analysis/MethodsComparison/Feces_RA/preproc/SRR5091524/SRR5091524_unmatched_2.fastq,SRR5091524,6d088e50,292101000,31,DNA,1000,292101,True,0.8389746520498,0.9733195075022122,0.9061470797760061,0.9733195075022122,False,3901,1546486,2556277
900000,0.003081126048866659,0.32025650697849867,0.0029065289060975484,0.0006403844340812831,1.928150765606596,1.0,4.694258477978249,/net/nfs-ip34/jbod2/def-ilafores/ref_dbs/sourmash_db/RefSeq_20250528.k31.sbt.zip,GCF_033096525.1_ASM3309652v1_genomic,435d8e70fb203ed034f71349b4691d0d,0.33949453036589966,849000,38,204856000,/nfs3_ib/nfs-ip34/home/def-ilafores/analysis/MethodsComparison/Feces_RA/preproc/SRR5091524/SRR5091524_unmatched_2.fastq,SRR5091524,6d088e50,292101000,31,DNA,1000,292101,True,0.8298328595274792,0.9657519052566393,0.8977923823920593,0.9657519052566393,False,1637,1548123,2556277
930000,0.003183830250495548,0.22596685082872928,0.0028004012310810303,0.0004893835840169121,1.5293398533007334,1.0,0.9801176539329748,/net/nfs-ip34/jbod2/def-ilafores/ref_dbs/sourmash_db/RefSeq_20250528.k31.sbt.zip,GCF_005121165.3_ASM512116v3_genomic,74059216b7cd65a7ff314267c1b83b8e,0.2569060773480663,818000,39,204038000,/nfs3_ib/nfs-ip34/home/def-ilafores/analysis/MethodsComparison/Feces_RA/preproc/SRR5091524/SRR5091524_unmatched_2.fastq,SRR5091524,6d088e50,292101000,31,DNA,1000,292101,True,0.8307110681742962,0.9571069366696309,0.8939090024219636,0.9571069366696309,False,1251,1549374,2556277
743000,0.0025436407270088084,0.225531914893617,0.002540217253621179,0.0004025385355342946,1.3867924528301887,1.0,0.7118467744111342,/net/nfs-ip34/jbod2/def-ilafores/ref_dbs/sourmash_db/RefSeq_20250528.k31.sbt.zip,GCF_021378685.1_ASM2137868v1_genomic,c83ab87d48343a7fd9339d450bece59c,0.22583586626139818,742000,40,203296000,/nfs3_ib/nfs-ip34/home/def-ilafores/analysis/MethodsComparison/Feces_RA/preproc/SRR5091524/SRR5091524_unmatched_2.fastq,SRR5091524,6d088e50,292101000,31,DNA,1000,292101,True,0.8247171481465003,0.9531354228089374,0.8889262854777189,0.9531354228089374,False,1029,1550403,2556277
895000,0.003064008681928511,0.22646310432569974,0.0024375130519922903,0.0005676223664336847,2.037921348314607,1.0,3.168484228842027,/net/nfs-ip34/jbod2/def-ilafores/ref_dbs/sourmash_db/RefSeq_20250528.k31.sbt.zip,GCF_042854315.1_ASM4285431v1_genomic,8c077732bd97ee96b603cc65c422945d,0.28466921119592875,712000,41,202584000,/nfs3_ib/nfs-ip34/home/def-ilafores/analysis/MethodsComparison/Feces_RA/preproc/SRR5091524/SRR5091524_unmatched_2.fastq,SRR5091524,6d088e50,292101000,31,DNA,1000,292101,True,0.8296837427254374,0.9602804351155758,0.8949820889205067,0.9602804351155758,False,1451,1551854,2556277
4245000,0.014532644530487743,0.10773438687129616,0.0024272426318294013,0.0037053887352583464,13.35966149506347,12.0,17.635443472111834,/net/nfs-ip34/jbod2/def-ilafores/ref_dbs/sourmash_db/RefSeq_20250528.k31.sbt.zip,GCF_009734165.1_ASM973416v1_genomic,e3fa9c4f076a3f63536cf070ae5e7e25,0.6450387479106519,709000,42,201875000,/nfs3_ib/nfs-ip34/home/def-ilafores/analysis/MethodsComparison/Feces_RA/preproc/SRR5091524/SRR5091524_unmatched_2.fastq,SRR5091524,6d088e50,292101000,31,DNA,1000,292101,True,0.8724103217120831,0.9859561642431391,0.9291832429776111,0.9859561642431391,False,9472,1561326,2556277
711000,0.0024340895786046607,0.22466817740369052,0.002375890531014957,0.00043891956935809384,1.61671469740634,1.0,3.30357550372383,/net/nfs-ip34/jbod2/def-ilafores/ref_dbs/sourmash_db/RefSeq_20250528.k31.sbt.zip,GCF_014163495.1_ASM1416349v1_genomic,a350fcb0d912191bf783d6a3905b8c8f,0.23017157656199416,694000,43,201181000,/nfs3_ib/nfs-ip34/home/def-ilafores/analysis/MethodsComparison/Feces_RA/preproc/SRR5091524/SRR5091524_unmatched_2.fastq,SRR5091524,6d088e50,292101000,31,DNA,1000,292101,True,0.8235467848486173,0.9537202903740813,0.8886335376113493,0.9537202903740813,False,1122,1562448,2556277
661000,0.0022629159092231797,0.17411194833153928,0.0022149872817963647,0.0011657578580099104,4.605873261205564,1.0,47.539270314904726,/net/nfs-ip34/jbod2/def-ilafores/ref_dbs/sourmash_db/RefSeq_20250528.k31.sbt.zip,GCF_015074785.1_ASM1507478v1_genomic,988b2ef58a54374a65546dbc194ca3be,0.1778794402583423,647000,44,200534000,/nfs3_ib/nfs-ip34/home/def-ilafores/analysis/MethodsComparison/Feces_RA/preproc/SRR5091524/SRR5091524_unmatched_2.fastq,SRR5091524,6d088e50,292101000,31,DNA,1000,292101,True,0.82161190425919,0.94582438828186,0.883718146270525,0.94582438828186,False,2980,1565428,2556277
3742000,0.012810637416510043,0.13296227581941866,0.002208140335021106,0.015082090086481238,59.77364341085271,39.0,65.70897726282998,/net/nfs-ip34/jbod2/def-ilafores/ref_dbs/sourmash_db/RefSeq_20250528.k31.sbt.zip,GCF_006742345.1_ASM674234v1_genomic,aa13184474b5d866ab5daea20b7e99ed,0.7713873428159143,645000,45,199889000,/nfs3_ib/nfs-ip34/home/def-ilafores/analysis/MethodsComparison/Feces_RA/preproc/SRR5091524/SRR5091524_unmatched_2.fastq,SRR5091524,6d088e50,292101000,31,DNA,1000,292101,True,0.8688681843858265,0.9916619034271936,0.9302650439065101,0.9916619034271936,False,38554,1603982,2556277
812000,0.0027798603907552523,0.17454545454545456,0.0021362473938808836,0.0004674767249402158,1.9150641025641026,1.0,3.546056494552438,/net/nfs-ip34/jbod2/def-ilafores/ref_dbs/sourmash_db/RefSeq_20250528.k31.sbt.zip,GCF_025147765.1_ASM2514776v1_genomic,6fb5d9fae55cc8ecb2a67f82352fb7a7,0.22713286713286712,624000,46,199265000,/nfs3_ib/nfs-ip34/home/def-ilafores/analysis/MethodsComparison/Feces_RA/preproc/SRR5091524/SRR5091524_unmatched_2.fastq,SRR5091524,6d088e50,292101000,31,DNA,1000,292101,True,0.8270830651439682,0.9533115134424704,0.8901972892932193,0.9533115134424704,False,1195,1605177,2556277
606000,0.0020746248729035504,0.310415597742432,0.0020712013995159207,0.0004905571657531637,2.0727272727272728,2.0,1.4584039731022165,/net/nfs-ip34/jbod2/def-ilafores/ref_dbs/sourmash_db/RefSeq_20250528.k31.sbt.zip,GCF_014931275.1_ASM1493127v1_genomic,90ed85567504e269bdef87c296aa46c1,0.31092868137506413,605000,47,198660000,/nfs3_ib/nfs-ip34/home/def-ilafores/analysis/MethodsComparison/Feces_RA/preproc/SRR5091524/SRR5091524_unmatched_2.fastq,SRR5091524,6d088e50,292101000,31,DNA,1000,292101,True,0.819312656725553,0.9630175879349072,0.8911651223302302,0.9630175879349072,False,1254,1606431,2556277
599000,0.002050660559190143,0.26290251433612705,0.002040390139027254,0.00037984928863343055,1.6291946308724832,1.0,1.0721082640778674,/net/nfs-ip34/jbod2/def-ilafores/ref_dbs/sourmash_db/RefSeq_20250528.k31.sbt.zip,GCF_022936265.1_ASM2293626v1_genomic,b0ceb0f243027b084ee39ec253dbc89b,0.2642258491398324,596000,48,198064000,/nfs3_ib/nfs-ip34/home/def-ilafores/analysis/MethodsComparison/Feces_RA/preproc/SRR5091524/SRR5091524_unmatched_2.fastq,SRR5091524,6d088e50,292101000,31,DNA,1000,292101,True,0.8190056467671806,0.9579747053933357,0.8884901760802582,0.9579747053933357,False,971,1607402,2556277
3441000,0.011780171926833527,0.10379171763061332,0.002033543192251995,0.0029398222493102273,12.651515151515152,3.0,36.38405466315226,/net/nfs-ip34/jbod2/def-ilafores/ref_dbs/sourmash_db/RefSeq_20250528.k31.sbt.zip,GCF_042850145.1_ASM4285014v1_genomic,6350fb91e771d4a1538082fbe2684b37,0.6012580814258256,594000,49,197470000,/nfs3_ib/nfs-ip34/home/def-ilafores/analysis/MethodsComparison/Feces_RA/preproc/SRR5091524/SRR5091524_unmatched_2.fastq,SRR5091524,6d088e50,292101000,31,DNA,1000,292101,True,0.8665209851668499,0.9837232436381325,0.9251221144024913,0.9837232436381325,False,7515,1614917,2556277
2649000,0.009068781003830866,0.13149097392467127,0.0020198492987014765,0.015001504140591962,64.99661016949153,66.0,53.290028214977674,/net/nfs-ip34/jbod2/def-ilafores/ref_dbs/sourmash_db/RefSeq_20250528.k31.sbt.zip,GCF_042850115.1_ASM4285011v1_genomic,0a531f0dc11d01b0c4c52863f5abf5c2,0.5903721863160241,590000,50,196880000,/nfs3_ib/nfs-ip34/home/def-ilafores/analysis/MethodsComparison/Feces_RA/preproc/SRR5091524/SRR5091524_unmatched_2.fastq,SRR5091524,6d088e50,292101000,31,DNA,1000,292101,True,0.859239989469714,0.9831436175051027,0.9211918034874084,0.9831436175051027,False,38348,1653265,2556277
613000,0.0020985891866169577,0.12751526113497627,0.0019308389906231064,0.000310216772282503,1.4060283687943262,1.0,1.4911199938551707,/net/nfs-ip34/jbod2/def-ilafores/ref_dbs/sourmash_db/RefSeq_20250528.k31.sbt.zip,GCF_044336395.1_ASM4433639v1_genomic,7004ceefcd6696a06bbad6d1e5c7b9f6,0.13859371467329867,564000,51,196316000,/nfs3_ib/nfs-ip34/home/def-ilafores/analysis/MethodsComparison/Feces_RA/preproc/SRR5091524/SRR5091524_unmatched_2.fastq,SRR5091524,6d088e50,292101000,31,DNA,1000,292101,True,0.8196162537603439,0.9382407848577803,0.8789285193090621,0.9382407848577803,False,793,1654058,2556277
2865000,0.009808251255558864,0.13292043830395425,0.0019102981502973286,0.0005175495456869502,2.370967741935484,2.0,3.8465666107212657,/net/nfs-ip34/jbod2/def-ilafores/ref_dbs/sourmash_db/RefSeq_20250528.k31.sbt.zip,GCF_020181555.1_ASM2018155v1_genomic,8469ab5e4b1c2b2c7b791e98ae874535,0.6824678418294426,558000,52,195758000,/nfs3_ib/nfs-ip34/home/def-ilafores/analysis/MethodsComparison/Feces_RA/preproc/SRR5091524/SRR5091524_unmatched_2.fastq,SRR5091524,6d088e50,292101000,31,DNA,1000,292101,True,0.861415400150153,0.9877517610380401,0.9245835805940965,0.9877517610380401,False,1323,1655381,2556277
3435000,0.011759631086507748,0.10959765297569153,0.001790476581730292,0.00042522778243515863,2.078393881453155,2.0,1.4814247256294697,/net/nfs-ip34/jbod2/def-ilafores/ref_dbs/sourmash_db/RefSeq_20250528.k31.sbt.zip,GCF_024502345.1_ASM2450234v1_genomic,9adacc2792159cae6a914c39b6504e54,0.7198239731768651,523000,53,195235000,/nfs3_ib/nfs-ip34/home/def-ilafores/analysis/MethodsComparison/Feces_RA/preproc/SRR5091524/SRR5091524_unmatched_2.fastq,SRR5091524,6d088e50,292101000,31,DNA,1000,292101,True,0.8664722041718397,0.9894512397127673,0.9279617219423035,0.9894512397127673,False,1087,1656468,2556277
1783000,0.006104053050143615,0.1576852418860992,0.0017630887946292549,0.0020392938636931758,10.122330097087378,6.0,13.40028207237412,/net/nfs-ip34/jbod2/def-ilafores/ref_dbs/sourmash_db/RefSeq_20250528.k31.sbt.zip,GCF_000210735.1_ASM21073v1_genomic,112a151e28f067050905850dc0b386c2,0.5459277403551746,515000,54,194720000,/nfs3_ib/nfs-ip34/home/def-ilafores/analysis/MethodsComparison/Feces_RA/preproc/SRR5091524/SRR5091524_unmatched_2.fastq,SRR5091524,6d088e50,292101000,31,DNA,1000,292101,True,0.8483368499461585,0.9806645789715153,0.9145007144588368,0.9806645789715153,False,5213,1661681,2556277
3933000,0.013464520833547301,0.09955104430997462,0.001745971427691107,0.01816821885891083,91.06470588235294,102.0,60.012659852405754,/net/nfs-ip34/jbod2/def-ilafores/ref_dbs/sourmash_db/RefSeq_20250528.k31.sbt.zip,GCF_020091465.1_ASM2009146v1_genomic,cfcaa7d93ee12c43b81dc72fd8321792,0.7677142299433926,510000,55,194210000,/nfs3_ib/nfs-ip34/home/def-ilafores/analysis/MethodsComparison/Feces_RA/preproc/SRR5091524/SRR5091524_unmatched_2.fastq,SRR5091524,6d088e50,292101000,31,DNA,1000,292101,True,0.8702646029620134,0.9915092289947883,0.9308869159784008,0.9915092289947883,False,46443,1708124,2556277
2527000,0.008651117250540052,0.11096226836347399,0.0017014662736519219,0.0007405300755747518,3.808853118712274,2.0,6.221084588178735,/net/nfs-ip34/jbod2/def-ilafores/ref_dbs/sourmash_db/RefSeq_20250528.k31.sbt.zip,GCF_025148125.1_ASM2514812v1_genomic,20e22b7a195404638366fe78b372a400,0.5641884349185086,497000,56,193713000,/nfs3_ib/nfs-ip34/home/def-ilafores/analysis/MethodsComparison/Feces_RA/preproc/SRR5091524/SRR5091524_unmatched_2.fastq,SRR5091524,6d088e50,292101000,31,DNA,1000,292101,True,0.8579341236243636,0.981705954376092,0.9198200390002278,0.981705954376092,False,1893,1710017,2556277
602000,0.002060930979353032,0.16188524590163936,0.0016227263857364405,0.00030786960880999987,1.660337552742616,1.0,1.9347555946301491,/net/nfs-ip34/jbod2/def-ilafores/ref_dbs/sourmash_db/RefSeq_20250528.k31.sbt.zip,GCF_042846195.1_ASM4284619v1_genomic,9bab8405ddcf9b15b6bad48d1c7a73f0,0.20560109289617487,474000,57,193239000,/nfs3_ib/nfs-ip34/home/def-ilafores/analysis/MethodsComparison/Feces_RA/preproc/SRR5091524/SRR5091524_unmatched_2.fastq,SRR5091524,6d088e50,292101000,31,DNA,1000,292101,True,0.8191376453728364,0.950253613247394,0.8846956293101151,0.950253613247394,False,787,1710804,2556277
4757000,0.01628546290495411,0.07790910604294989,0.0016021855454106627,0.0009631194115504697,5.260683760683761,1.0,11.322034014845833,/net/nfs-ip34/jbod2/def-ilafores/ref_dbs/sourmash_db/RefSeq_20250528.k31.sbt.zip,GCF_024758905.1_ASM2475890v1_genomic,5087e51480cbff0221b860855a630520,0.7919094389878475,468000,58,192771000,/nfs3_ib/nfs-ip34/home/def-ilafores/analysis/MethodsComparison/Feces_RA/preproc/SRR5091524/SRR5091524_unmatched_2.fastq,SRR5091524,6d088e50,292101000,31,DNA,1000,292101,True,0.8756209270311429,0.9925021777595492,0.934061552395346,0.9925021777595492,False,2462,1713266,2556277
511000,0.0017493949010787364,0.16819221967963388,0.0015097517639446629,0.00034464183654588294,1.997732426303855,1.0,4.161424656961826,/net/nfs-ip34/jbod2/def-ilafores/ref_dbs/sourmash_db/RefSeq_20250528.k31.sbt.zip,GCF_025152405.1_ASM2515240v1_genomic,f688e4f928dd46c9b090e97a39a1952a,0.1948893974065599,441000,59,192330000,/nfs3_ib/nfs-ip34/home/def-ilafores/analysis/MethodsComparison/Feces_RA/preproc/SRR5091524/SRR5091524_unmatched_2.fastq,SRR5091524,6d088e50,292101000,31,DNA,1000,292101,True,0.814818533279991,0.9486149010189332,0.8817167171494621,0.9486149010189332,False,881,1714147,2556277
427000,0.0014618231365178484,0.19237749546279492,0.0014515527163549593,0.00027344454454661995,1.6485849056603774,1.0,1.196140758643874,/net/nfs-ip34/jbod2/def-ilafores/ref_dbs/sourmash_db/RefSeq_20250528.k31.sbt.zip,GCF_026057735.1_ASM2605773v1_genomic,56d84de4b8c18cfc7ab690ad56d35743,0.19373865698729584,424000,60,191906000,/nfs3_ib/nfs-ip34/home/def-ilafores/analysis/MethodsComparison/Feces_RA/preproc/SRR5091524/SRR5091524_unmatched_2.fastq,SRR5091524,6d088e50,292101000,31,DNA,1000,292101,True,0.8101118679967929,0.9484336997432742,0.8792727838700336,0.9484336997432742,False,699,1714846,2556277
438000,0.001499481343781774,0.14266164899076292,0.001427588402641552,0.00024058425593157548,1.474820143884892,1.0,1.162963232798538,/net/nfs-ip34/jbod2/def-ilafores/ref_dbs/sourmash_db/RefSeq_20250528.k31.sbt.zip,GCF_025148965.1_ASM2514896v1_genomic,4fe134d0444f089dec5e462a3d358d30,0.1498460485802258,417000,61,191489000,/nfs3_ib/nfs-ip34/home/def-ilafores/analysis/MethodsComparison/Feces_RA/preproc/SRR5091524/SRR5091524_unmatched_2.fastq,SRR5091524,6d088e50,292101000,31,DNA,1000,292101,True,0.810776821783887,0.9406063639048532,0.87569159284437,0.9406063639048532,False,615,1715461,2556277
3647000,0.012485407444685228,0.07744172606434213,0.0013762363018271077,0.005708692759039806,36.30099502487562,36.0,35.16254295227554,/net/nfs-ip34/jbod2/def-ilafores/ref_dbs/sourmash_db/RefSeq_20250528.k31.sbt.zip,GCF_018289175.1_ASM1828917v1_genomic,c011021d83e072fd7dafbdfb08120209,0.7025621267578501,402000,62,191087000,/nfs3_ib/nfs-ip34/home/def-ilafores/analysis/MethodsComparison/Feces_RA/preproc/SRR5091524/SRR5091524_unmatched_2.fastq,SRR5091524,6d088e50,292101000,31,DNA,1000,292101,True,0.8681477342128191,0.9886768068828132,0.9284122705478162,0.9886768068828132,False,14593,1730054,2556277
2807000,0.009609689799076346,0.10017752979964493,0.0013522719881137004,0.000959598666341715,6.210126582278481,5.0,5.54054320182766,/net/nfs-ip34/jbod2/def-ilafores/ref_dbs/sourmash_db/RefSeq_20250528.k31.sbt.zip,GCF_023497585.1_ASM2349758v1_genomic,d9c5bc738094fb07e8276cf458f5e9f1,0.711894496576211,395000,63,190692000,/nfs3_ib/nfs-ip34/home/def-ilafores/analysis/MethodsComparison/Feces_RA/preproc/SRR5091524/SRR5091524_unmatched_2.fastq,SRR5091524,6d088e50,292101000,31,DNA,1000,292101,True,0.8608472742493112,0.9890977502726204,0.9249725122609658,0.9890977502726204,False,2453,1732507,2556277
472000,0.0016158794389611812,0.09006066262249184,0.0013214607276250338,0.0002832243923487165,1.8756476683937824,1.0,4.301473144476205,/net/nfs-ip34/jbod2/def-ilafores/ref_dbs/sourmash_db/RefSeq_20250528.k31.sbt.zip,GCF_033539475.1_ASM3353947v1_genomic,5fe7dc1ea22e5d76d4054687abfbe0ba,0.11012599160055997,386000,64,190306000,/nfs3_ib/nfs-ip34/home/def-ilafores/analysis/MethodsComparison/Feces_RA/preproc/SRR5091524/SRR5091524_unmatched_2.fastq,SRR5091524,6d088e50,292101000,31,DNA,1000,292101,True,0.8127344631861857,0.9313077572398479,0.8720211102130169,0.9313077572398479,False,724,1733231,2556277
1636000,0.005600802462162061,0.12562147828969175,0.0012974964139116265,0.0015753378839617146,10.62532981530343,8.0,11.875208297995169,/net/nfs-ip34/jbod2/def-ilafores/ref_dbs/sourmash_db/RefSeq_20250528.k31.sbt.zip,GCF_023347335.1_ASM2334733v1_genomic,d566eb779c3a1233616a97a7ab79e713,0.5422605236990388,379000,65,189927000,/nfs3_ib/nfs-ip34/home/def-ilafores/analysis/MethodsComparison/Feces_RA/preproc/SRR5091524/SRR5091524_unmatched_2.fastq,SRR5091524,6d088e50,292101000,31,DNA,1000,292101,True,0.8459854845646226,0.980451384590525,0.9132184345775738,0.980451384590525,False,4027,1737258,2556277
1865000,0.006384777867929244,0.11788617886178862,0.0012906494671363672,0.0008762743630678522,5.941644562334218,5.0,5.20169228236874,/net/nfs-ip34/jbod2/def-ilafores/ref_dbs/sourmash_db/RefSeq_20250528.k31.sbt.zip,GCF_000209935.1_ASM20993v1_genomic,dcbd1d093e4e25fa785bf2accc52d95b,0.5831769856160101,377000,66,189550000,/nfs3_ib/nfs-ip34/home/def-ilafores/analysis/MethodsComparison/Feces_RA/preproc/SRR5091524/SRR5091524_unmatched_2.fastq,SRR5091524,6d088e50,292101000,31,DNA,1000,292101,True,0.849568206467709,0.9827547994383867,0.9161615029530479,0.9827547994383867,False,2240,1739498,2556277
660000,0.00225949243583555,0.10105376925155364,0.0012803790469734784,0.0002769652897553747,1.893048128342246,1.0,3.1991484182453522,/net/nfs-ip34/jbod2/def-ilafores/ref_dbs/sourmash_db/RefSeq_20250528.k31.sbt.zip,GCF_005848555.1_ASM584855v1_genomic,1123379c731757b61c292acf7bd31a34,0.17833018103215348,374000,67,189176000,/nfs3_ib/nfs-ip34/home/def-ilafores/analysis/MethodsComparison/Feces_RA/preproc/SRR5091524/SRR5091524_unmatched_2.fastq,SRR5091524,6d088e50,292101000,31,DNA,1000,292101,True,0.8215717786457384,0.945901606178855,0.8837366924122967,0.945901606178855,False,708,1740206,2556277
3554000,0.012167024419635674,0.07484452069483165,0.001194792212282738,0.00025153768546992363,1.842406876790831,1.0,1.2210338733377124,/net/nfs-ip34/jbod2/def-ilafores/ref_dbs/sourmash_db/RefSeq_20250528.k31.sbt.zip,GCF_022559805.1_ASM2255980v1_genomic,2eb28f5b22cd8efc57bfdebbbb6f70c1,0.7621702766459361,349000,68,188827000,/nfs3_ib/nfs-ip34/home/def-ilafores/analysis/MethodsComparison/Feces_RA/preproc/SRR5091524/SRR5091524_unmatched_2.fastq,SRR5091524,6d088e50,292101000,31,DNA,1000,292101,True,0.8674246393188811,0.9912774483781244,0.9293510438485028,0.9912774483781244,False,643,1740849,2556277
2836000,0.009708970527317605,0.05176260597947345,0.0011913687388951082,0.0012083979944270515,8.876436781609195,5.0,12.783305247493745,/net/nfs-ip34/jbod2/def-ilafores/ref_dbs/sourmash_db/RefSeq_20250528.k31.sbt.zip,GCF_014334015.1_ASM1433401v1_genomic,32a90d9faa0865b9d4716569d60e47de,0.42183549010858246,348000,69,188479000,/nfs3_ib/nfs-ip34/home/def-ilafores/analysis/MethodsComparison/Feces_RA/preproc/SRR5091524/SRR5091524_unmatched_2.fastq,SRR5091524,6d088e50,292101000,31,DNA,1000,292101,True,0.8611327427410512,0.9725408280809211,0.9168367854109862,0.9725408280809211,False,3089,1743938,2556277
2206000,0.0075521822931109445,0.052623550945698594,0.0011810983187322194,0.0005453243134449045,4.040579710144928,1.0,12.803467814218665,/net/nfs-ip34/jbod2/def-ilafores/ref_dbs/sourmash_db/RefSeq_20250528.k31.sbt.zip,GCF_025263845.1_ASM2526384v1_genomic,d20001d187626a256609db74af93bd0e,0.3364856619890177,345000,70,188134000,/nfs3_ib/nfs-ip34/home/def-ilafores/analysis/MethodsComparison/Feces_RA/preproc/SRR5091524/SRR5091524_unmatched_2.fastq,SRR5091524,6d088e50,292101000,31,DNA,1000,292101,True,0.8541826082731196,0.9654746092557758,0.9098286087644477,0.9654746092557758,False,1394,1745332,2556277
4525000,0.015491217079024035,0.06632852126414358,0.0011639809517940713,0.0017912769234320067,13.467647058823529,12.0,14.123681002199925,/net/nfs-ip34/jbod2/def-ilafores/ref_dbs/sourmash_db/RefSeq_20250528.k31.sbt.zip,GCF_023702735.1_ASM2370273v1_genomic,34e26f24d16712061ef31d5398a64e72,0.8827545844713227,340000,71,187794000,/nfs3_ib/nfs-ip34/home/def-ilafores/analysis/MethodsComparison/Feces_RA/preproc/SRR5091524/SRR5091524_unmatched_2.fastq,SRR5091524,6d088e50,292101000,31,DNA,1000,292101,True,0.8742097836899786,0.9959852404346377,0.9350975120623082,0.9959852404346377,False,4579,1749911,2556277
1502000,0.0051420570282196916,0.11114743380189604,0.0011639809517940713,0.006835331225841331,51.391176470588235,56.0,26.86595120054443,/net/nfs-ip34/jbod2/def-ilafores/ref_dbs/sourmash_db/RefSeq_20250528.k31.sbt.zip,GCF_040059215.1_ASM4005921v1_genomic,32b4f8c9ded2e30d47a15c3a2652e364,0.491010134030729,340000,72,187454000,/nfs3_ib/nfs-ip34/home/def-ilafores/analysis/MethodsComparison/Feces_RA/preproc/SRR5091524/SRR5091524_unmatched_2.fastq,SRR5091524,6d088e50,292101000,31,DNA,1000,292101,True,0.8436565955437898,0.9773163761836609,0.9104864858637254,0.9773163761836609,False,17473,1767384,2556277
3777000,0.01293045898507708,0.05125475285171103,0.0011537105316311823,0.0008903573439028713,6.753709198813056,3.0,16.43443568099688,/net/nfs-ip34/jbod2/def-ilafores/ref_dbs/sourmash_db/RefSeq_20250528.k31.sbt.zip,GCF_024759125.1_ASM2475912v1_genomic,6bd244397ae27f2890a12eadb785907c,0.5744486692015209,337000,73,187117000,/nfs3_ib/nfs-ip34/home/def-ilafores/analysis/MethodsComparison/Feces_RA/preproc/SRR5091524/SRR5091524_unmatched_2.fastq,SRR5091524,6d088e50,292101000,31,DNA,1000,292101,True,0.8691291591462112,0.9822768538944109,0.9257030065203111,0.9822768538944109,False,2276,1769660,2556277
1217000,0.004166367112745249,0.054518420617875436,0.001129746217917775,0.00015334801353687413,1.187878787878788,1.0,0.4346768745949359,/net/nfs-ip34/jbod2/def-ilafores/ref_dbs/sourmash_db/RefSeq_20250528.k31.sbt.zip,GCF_002164805.3_ASM216480v3_genomic,7365c141f645cbf982794396c2e87a23,0.20105732694531636,330000,74,186787000,/nfs3_ib/nfs-ip34/home/def-ilafores/analysis/MethodsComparison/Feces_RA/preproc/SRR5091524/SRR5091524_unmatched_2.fastq,SRR5091524,6d088e50,292101000,31,DNA,1000,292101,True,0.8379497678560223,0.9495688261662976,0.8937592970111599,0.9495688261662976,False,392,1770052,2556277
356000,0.0012187565259961452,0.05264012997562957,0.0011092053775919972,0.0001881642717123379,1.4845679012345678,1.0,1.7435266866663721,/net/nfs-ip34/jbod2/def-ilafores/ref_dbs/sourmash_db/RefSeq_20250528.k31.sbt.zip,GCF_025149125.1_ASM2514912v1_genomic,ee57b146d808065c374f21482d0a5cda,0.0578391551584078,324000,75,186463000,/nfs3_ib/nfs-ip34/home/def-ilafores/analysis/MethodsComparison/Feces_RA/preproc/SRR5091524/SRR5091524_unmatched_2.fastq,SRR5091524,6d088e50,292101000,31,DNA,1000,292101,True,0.8053734733279257,0.912161369091346,0.8587674212096359,0.912161369091346,False,481,1770533,2556277
1857000,0.006357390080828207,0.10505050505050505,0.0010681236969404418,0.0004827332875114864,3.9551282051282053,3.0,5.795492223424045,/net/nfs-ip34/jbod2/def-ilafores/ref_dbs/sourmash_db/RefSeq_20250528.k31.sbt.zip,GCF_001998765.1_ASM199876v1_genomic,c87f75fcf13611b56f2643edb90d05be,0.6252525252525253,312000,76,186151000,/nfs3_ib/nfs-ip34/home/def-ilafores/analysis/MethodsComparison/Feces_RA/preproc/SRR5091524/SRR5091524_unmatched_2.fastq,SRR5091524,6d088e50,292101000,31,DNA,1000,292101,True,0.8494504049925988,0.9849657830182792,0.917208094005439,0.9849657830182792,False,1234,1771767,2556277
369000,0.0012632616800353302,0.08940397350993377,0.0010167715961259976,0.00020537680384402786,1.7676767676767677,1.0,5.276518626077784,/net/nfs-ip34/jbod2/def-ilafores/ref_dbs/sourmash_db/RefSeq_20250528.k31.sbt.zip,GCF_018408705.1_ASM1840870v1_genomic,ac6ff4cab85d8673ba368b5f66dcfee5,0.11107766405779651,297000,77,185854000,/nfs3_ib/nfs-ip34/home/def-ilafores/analysis/MethodsComparison/Feces_RA/preproc/SRR5091524/SRR5091524_unmatched_2.fastq,SRR5091524,6d088e50,292101000,31,DNA,1000,292101,True,0.8063058014328992,0.9315662924368039,0.8689360469348515,0.9315662924368039,False,525,1772292,2556277
300000,0.0010270420162888864,0.0737621235324145,0.0009893838090249605,0.00024527858287658183,2.169550173010381,2.0,1.6435804041970454,/net/nfs-ip34/jbod2/def-ilafores/ref_dbs/sourmash_db/RefSeq_20250528.k31.sbt.zip,GCF_025145645.1_ASM2514564v1_genomic,6501011acd325617cc2e04b178f8f630,0.07656967840735068,289000,78,185565000,/nfs3_ib/nfs-ip34/home/def-ilafores/analysis/MethodsComparison/Feces_RA/preproc/SRR5091524/SRR5091524_unmatched_2.fastq,SRR5091524,6d088e50,292101000,31,DNA,1000,292101,True,0.8009393291866979,0.9204534566504137,0.8606963929185558,0.9204534566504137,False,627,1772919,2556277
2708000,0.009270765933701014,0.05490584737363727,0.000948302128373405,0.0001255732457789199,1.1588447653429603,1.0,0.49184993134448346,/net/nfs-ip34/jbod2/def-ilafores/ref_dbs/sourmash_db/RefSeq_20250528.k31.sbt.zip,GCF_963924195.1_ST38_2_FIN_genomic,8aedd7aec66df082e8ce9af90569af2d,0.5367690782953419,277000,79,185288000,/nfs3_ib/nfs-ip34/home/def-ilafores/analysis/MethodsComparison/Feces_RA/preproc/SRR5091524/SRR5091524_unmatched_2.fastq,SRR5091524,6d088e50,292101000,31,DNA,1000,292101,True,0.8598507697682112,0.9801295148647445,0.9199901423164778,0.9801295148647445,False,321,1773240,2556277
346000,0.001184521792119849,0.12619589977220957,0.000948302128373405,0.00013652667531726805,1.259927797833935,1.0,0.5548772868401689,/net/nfs-ip34/jbod2/def-ilafores/ref_dbs/sourmash_db/RefSeq_20250528.k31.sbt.zip,GCF_000448705.1_HSIVP1_1.0_genomic,890daac7386a0cc6474a6211556dd0ed,0.15763097949886104,277000,80,185011000,/nfs3_ib/nfs-ip34/home/def-ilafores/analysis/MethodsComparison/Feces_RA/preproc/SRR5091524/SRR5091524_unmatched_2.fastq,SRR5091524,6d088e50,292101000,31,DNA,1000,292101,True,0.8046335983749207,0.942144397973645,0.8733889981742828,0.942144397973645,False,349,1773589,2556277
335000,0.0011468635848559232,0.0859181141439206,0.000948302128373405,0.00023471634725031755,2.1660649819494586,1.0,6.508633813521931,/net/nfs-ip34/jbod2/def-ilafores/ref_dbs/sourmash_db/RefSeq_20250528.k31.sbt.zip,GCF_042848755.1_ASM4284875v1_genomic,92985eccd492baad7ea1e3f3c13c1b98,0.10390818858560794,277000,81,184734000,/nfs3_ib/nfs-ip34/home/def-ilafores/analysis/MethodsComparison/Feces_RA/preproc/SRR5091524/SRR5091524_unmatched_2.fastq,SRR5091524,6d088e50,292101000,31,DNA,1000,292101,True,0.8037954449547482,0.9295634196888266,0.8666794323217875,0.9295634196888266,False,600,1774189,2556277
2202000,0.007538488399560426,0.043198049120362306,0.0008490214001321461,0.005973531037520582,61.57258064516129,52.5,62.95405049705247,/net/nfs-ip34/jbod2/def-ilafores/ref_dbs/sourmash_db/RefSeq_20250528.k31.sbt.zip,GCF_018292105.1_ASM1829210v1_genomic,833ce107256231b46fdcaa8f4db23439,0.3835568716251524,248000,82,184486000,/nfs3_ib/nfs-ip34/home/def-ilafores/analysis/MethodsComparison/Feces_RA/preproc/SRR5091524/SRR5091524_unmatched_2.fastq,SRR5091524,6d088e50,292101000,31,DNA,1000,292101,True,0.8541326019597115,0.9695610353987654,0.9118468186792384,0.9695610353987654,False,15270,1789459,2556277
562000,0.0019239920438478472,0.0668109277792805,0.0008455979267445164,0.00025662320632701384,2.6558704453441297,1.0,5.167536859838589,/net/nfs-ip34/jbod2/def-ilafores/ref_dbs/sourmash_db/RefSeq_20250528.k31.sbt.zip,GCF_000210015.1_ASM21001v1_genomic,6f351faff0bbc09512221a953fad4daf,0.15201514741682445,247000,83,184239000,/nfs3_ib/nfs-ip34/home/def-ilafores/analysis/MethodsComparison/Feces_RA/preproc/SRR5091524/SRR5091524_unmatched_2.fastq,SRR5091524,6d088e50,292101000,31,DNA,1000,292101,True,0.8173228748676958,0.9410425345333269,0.8791827047005114,0.9410425345333269,False,656,1790115,2556277
1644000,0.005628190249263097,0.03898305084745763,0.0007873988791548129,0.0001349618996689326,1.5,1.0,0.9679651448988907,/net/nfs-ip34/jbod2/def-ilafores/ref_dbs/sourmash_db/RefSeq_20250528.k31.sbt.zip,GCF_023008325.1_ASM2300832v1_genomic,62ca62058406f40d09a0e591171d7363,0.27864406779661016,230000,84,184009000,/nfs3_ib/nfs-ip34/home/def-ilafores/analysis/MethodsComparison/Feces_RA/preproc/SRR5091524/SRR5091524_unmatched_2.fastq,SRR5091524,6d088e50,292101000,31,DNA,1000,292101,True,0.8461186165436141,0.9596179890851836,0.9028683028143989,0.9596179890851836,False,345,1790460,2556277
836000,0.0028620237520583635,0.08245931283905968,0.0007805519323795537,0.0007526570868493516,8.43859649122807,2.0,16.520606530494767,/net/nfs-ip34/jbod2/def-ilafores/ref_dbs/sourmash_db/RefSeq_20250528.k31.sbt.zip,GCF_023347275.1_ASM2334727v1_genomic,88f1b5eec91b23fd70f1b11b9f13bd9a,0.3023508137432188,228000,85,183781000,/nfs3_ib/nfs-ip34/home/def-ilafores/analysis/MethodsComparison/Feces_RA/preproc/SRR5091524/SRR5091524_unmatched_2.fastq,SRR5091524,6d088e50,292101000,31,DNA,1000,292101,True,0.8278605755712632,0.9621489159962036,0.8950047457837333,0.9621489159962036,False,1924,1792384,2556277
439000,0.0015029048171694038,0.10318181818181818,0.000777128458991924,0.00015452159527312573,1.7400881057268722,1.0,1.1977681121098362,/net/nfs-ip34/jbod2/def-ilafores/ref_dbs/sourmash_db/RefSeq_20250528.k31.sbt.zip,GCF_031191205.1_ASM3119120v1_genomic,3e006854992e86a9a691fd68b9847087,0.19954545454545455,227000,86,183554000,/nfs3_ib/nfs-ip34/home/def-ilafores/analysis/MethodsComparison/Feces_RA/preproc/SRR5091524/SRR5091524_unmatched_2.fastq,SRR5091524,6d088e50,292101000,31,DNA,1000,292101,True,0.8108364684529678,0.9493376489021863,0.8800870586775771,0.9493376489021863,False,395,1792779,2556277
4562000,0.015617885594366332,0.03341825265997302,0.0007634345654414055,0.0009373006133529348,10.74439461883408,6.0,15.08814616440193,/net/nfs-ip34/jbod2/def-ilafores/ref_dbs/sourmash_db/RefSeq_20250528.k31.sbt.zip,GCF_024760065.1_ASM2476006v1_genomic,8926e6dbfdbe4c050b0786edbb8a4eb9,0.6836505319946051,223000,87,183331000,/nfs3_ib/nfs-ip34/home/def-ilafores/analysis/MethodsComparison/Feces_RA/preproc/SRR5091524/SRR5091524_unmatched_2.fastq,SRR5091524,6d088e50,292101000,31,DNA,1000,292101,True,0.8744394644440145,0.9878069320569132,0.9311231982504639,0.9878069320569132,False,2396,1795175,2556277
4496000,0.015391936350782778,0.03123680878007598,0.000760011092053776,0.00078590856937648,9.04954954954955,8.0,9.081823981124133,/net/nfs-ip34/jbod2/def-ilafores/ref_dbs/sourmash_db/RefSeq_20250528.k31.sbt.zip,GCF_007012325.1_ASM701232v1_genomic,a7b4985e87bb40499949cd88a98ca789,0.6326157309694668,222000,88,183109000,/nfs3_ib/nfs-ip34/home/def-ilafores/analysis/MethodsComparison/Feces_RA/preproc/SRR5091524/SRR5091524_unmatched_2.fastq,SRR5091524,6d088e50,292101000,31,DNA,1000,292101,True,0.8740284895612547,0.9853378389167672,0.9296831642390109,0.9853378389167672,False,2009,1797184,2556277
933000,0.003194100670658437,0.041014168530947054,0.0007531641452785167,9.701609019679793e-05,1.1272727272727272,1.0,0.37195040991779604,/net/nfs-ip34/jbod2/def-ilafores/ref_dbs/sourmash_db/RefSeq_20250528.k31.sbt.zip,GCF_015285825.1_ASM1528582v1_genomic,298dbb7ef1692ae32d0c8c9f7edd1c24,0.1739373601789709,220000,89,182889000,/nfs3_ib/nfs-ip34/home/def-ilafores/analysis/MethodsComparison/Feces_RA/preproc/SRR5091524/SRR5091524_unmatched_2.fastq,SRR5091524,6d088e50,292101000,31,DNA,1000,292101,True,0.8307973758922702,0.945140871972903,0.8879691239325866,0.945140871972903,False,248,1797432,2556277
955000,0.0032694170851862883,0.056006281078251764,0.0007326233049527389,0.00047177985797313825,5.635514018691588,5.0,4.5207569529198945,/net/nfs-ip34/jbod2/def-ilafores/ref_dbs/sourmash_db/RefSeq_20250528.k31.sbt.zip,GCF_014287515.2_ASM1428751v2_genomic,ba44e405458705e9ab11b89381454753,0.2499345721015441,214000,90,182675000,/nfs3_ib/nfs-ip34/home/def-ilafores/analysis/MethodsComparison/Feces_RA/preproc/SRR5091524/SRR5091524_unmatched_2.fastq,SRR5091524,6d088e50,292101000,31,DNA,1000,292101,True,0.8314222133119901,0.9562579153803193,0.8938400643461547,0.9562579153803193,False,1206,1798638,2556277
3222000,0.01103043125494264,0.04416403785488959,0.0007189294114022204,0.0028580627216847,34.79047619047619,34.0,31.554848767275427,/net/nfs-ip34/jbod2/def-ilafores/ref_dbs/sourmash_db/RefSeq_20250528.k31.sbt.zip,GCF_018292165.1_ASM1829216v1_genomic,2391c2d4efd3d75a2653a2fd1570dca9,0.677602523659306,210000,91,182465000,/nfs3_ib/nfs-ip34/home/def-ilafores/analysis/MethodsComparison/Feces_RA/preproc/SRR5091524/SRR5091524_unmatched_2.fastq,SRR5091524,6d088e50,292101000,31,DNA,1000,292101,True,0.8646847952313126,0.9875238225197779,0.9261043088755452,0.9875238225197779,False,7306,1805944,2556277
581000,0.00198903803821281,0.0413820811570912,0.000705235517851702,0.002146872189516238,26.640776699029125,1.0,75.49974016144216,/net/nfs-ip34/jbod2/def-ilafores/ref_dbs/sourmash_db/RefSeq_20250528.k31.sbt.zip,GCF_020091545.1_ASM2009154v1_genomic,cbccf2735894b89c5383dfa9cc789cf8,0.11671353957412615,206000,92,182259000,/nfs3_ib/nfs-ip34/home/def-ilafores/analysis/MethodsComparison/Feces_RA/preproc/SRR5091524/SRR5091524_unmatched_2.fastq,SRR5091524,6d088e50,292101000,31,DNA,1000,292101,True,0.8181999610190747,0.9330547685901507,0.8756273648046127,0.9330547685901507,False,5488,1811432,2556277
1747000,0.0059808080081889484,0.06950596252129472,0.0006983885710764427,0.0006055681759058193,7.588235294117647,5.0,9.85368741686799,/net/nfs-ip34/jbod2/def-ilafores/ref_dbs/sourmash_db/RefSeq_20250528.k31.sbt.zip,GCF_040058985.1_ASM4005898v1_genomic,9217c1f8c150568f8c71781398566ec7,0.5952299829642249,204000,93,182055000,/nfs3_ib/nfs-ip34/home/def-ilafores/analysis/MethodsComparison/Feces_RA/preproc/SRR5091524/SRR5091524_unmatched_2.fastq,SRR5091524,6d088e50,292101000,31,DNA,1000,292101,True,0.8477788468402985,0.9834035409444335,0.915591193892366,0.9834035409444335,False,1548,1812980,2556277
2480000,0.008490214001321461,0.052361396303901436,0.0006983885710764427,0.005300286314824254,66.41666666666667,68.0,28.223684892105936,/net/nfs-ip34/jbod2/def-ilafores/ref_dbs/sourmash_db/RefSeq_20250528.k31.sbt.zip,GCF_025147325.1_ASM2514732v1_genomic,0878062848e44bf823b15b8a5d1eba75,0.6365503080082136,204000,94,181851000,/nfs3_ib/nfs-ip34/home/def-ilafores/analysis/MethodsComparison/Feces_RA/preproc/SRR5091524/SRR5091524_unmatched_2.fastq,SRR5091524,6d088e50,292101000,31,DNA,1000,292101,True,0.857414697529354,0.9855349349559333,0.9214748162426436,0.9855349349559333,False,13549,1826529,2556277
1954000,0.0066894669994282795,0.04065372829417773,0.0006812712041382946,0.0007581338016185257,9.738693467336683,5.0,25.44976449529222,/net/nfs-ip34/jbod2/def-ilafores/ref_dbs/sourmash_db/RefSeq_20250528.k31.sbt.zip,GCF_040687835.1_BfineCL09T03C10_hyb1_genomic,2fc098c7ce25807ec176d4c82a66ac2e,0.39918283963227785,199000,95,181652000,/nfs3_ib/nfs-ip34/home/def-ilafores/analysis/MethodsComparison/Feces_RA/preproc/SRR5091524/SRR5091524_unmatched_2.fastq,SRR5091524,6d088e50,292101000,31,DNA,1000,292101,True,0.850846740011608,0.9708107489029938,0.9108287444573009,0.9708107489029938,False,1938,1828467,2556277
1211000,0.0041458262724194716,0.06143667296786389,0.0006675773105877761,0.003176494566120964,41.64102564102564,49.0,29.74893851111,/net/nfs-ip34/jbod2/def-ilafores/ref_dbs/sourmash_db/RefSeq_20250528.k31.sbt.zip,GCF_023347235.1_ASM2334723v1_genomic,463a8ff2f26f37a3c67c2a86a64398f8,0.38153749212350346,195000,96,181457000,/nfs3_ib/nfs-ip34/home/def-ilafores/analysis/MethodsComparison/Feces_RA/preproc/SRR5091524/SRR5091524_unmatched_2.fastq,SRR5091524,6d088e50,292101000,31,DNA,1000,292101,True,0.8378161836481978,0.9693959493287675,0.9036060664884826,0.9693959493287675,False,8120,1836587,2556277
1432000,0.004902413891085618,0.08272296423955192,0.0006573068904248873,0.0036631397927532894,48.770833333333336,42.5,34.549173641428176,/net/nfs-ip34/jbod2/def-ilafores/ref_dbs/sourmash_db/RefSeq_20250528.k31.sbt.zip,GCF_020181475.1_ASM2018147v1_genomic,a39f185fc49b93265fe933249aa6be17,0.6169754416199914,192000,97,181265000,/nfs3_ib/nfs-ip34/home/def-ilafores/analysis/MethodsComparison/Feces_RA/preproc/SRR5091524/SRR5091524_unmatched_2.fastq,SRR5091524,6d088e50,292101000,31,DNA,1000,292101,True,0.8423587587006548,0.984542453483847,0.9134506060922509,0.984542453483847,False,9364,1845951,2556277
616000,0.0021088596067798467,0.0547008547008547,0.0006573068904248873,0.00015530398309729346,2.0677083333333335,1.0,8.241194730231607,/net/nfs-ip34/jbod2/def-ilafores/ref_dbs/sourmash_db/RefSeq_20250528.k31.sbt.zip,GCF_019249795.2_P1C_raw_genomic,daced544df689eeedcdbd81decd8f176,0.1754985754985755,192000,98,181073000,/nfs3_ib/nfs-ip34/home/def-ilafores/analysis/MethodsComparison/Feces_RA/preproc/SRR5091524/SRR5091524_unmatched_2.fastq,SRR5091524,6d088e50,292101000,31,DNA,1000,292101,True,0.8197453409947152,0.945413346287299,0.8825793436410071,0.945413346287299,False,397,1846348,2556277
1526000,0.005224220389522802,0.08395934600088378,0.000650459943649628,0.0002581879819753493,3.473684210526316,3.0,2.063936480372846,/net/nfs-ip34/jbod2/def-ilafores/ref_dbs/sourmash_db/RefSeq_20250528.k31.sbt.zip,GCF_029541965.1_ASM2954196v1_genomic,e354b247edb1270dcf82decb4e5a9a34,0.6743261157755193,190000,99,180883000,/nfs3_ib/nfs-ip34/home/def-ilafores/analysis/MethodsComparison/Feces_RA/preproc/SRR5091524/SRR5091524_unmatched_2.fastq,SRR5091524,6d088e50,292101000,31,DNA,1000,292101,True,0.8440881240800135,0.9873694297439508,0.9157287769119822,0.9873694297439508,False,660,1847008,2556277
2471000,0.008459402740832794,0.027606461086637297,0.0006436129968743688,0.0003411210913371282,4.638297872340425,1.0,15.023988664819798,/net/nfs-ip34/jbod2/def-ilafores/ref_dbs/sourmash_db/RefSeq_20250528.k31.sbt.zip,GCF_001318345.1_ASM131834v1_genomic,2b0cd9230817e091c6a0e14360a551e4,0.362848751835536,188000,100,180695000,/nfs3_ib/nfs-ip34/home/def-ilafores/analysis/MethodsComparison/Feces_RA/preproc/SRR5091524/SRR5091524_unmatched_2.fastq,SRR5091524,6d088e50,292101000,31,DNA,1000,292101,True,0.8573141471251805,0.9678267044728252,0.9125704257990028,0.9678267044728252,False,872,1847880,2556277
212000,0.0007257763581774797,0.05534067241892294,0.0006367660500991095,8.68450484826175e-05,1.1935483870967742,1.0,0.45809480439012457,/net/nfs-ip34/jbod2/def-ilafores/ref_dbs/sourmash_db/RefSeq_20250528.k31.sbt.zip,GCF_000210055.1_ASM21005v1_genomic,99e65f8593549ca8e3e843eee40eeb60,0.06307646533769712,186000,101,180509000,/nfs3_ib/nfs-ip34/home/def-ilafores/analysis/MethodsComparison/Feces_RA/preproc/SRR5091524/SRR5091524_unmatched_2.fastq,SRR5091524,6d088e50,292101000,31,DNA,1000,292101,True,0.7920189536813924,0.9147155108723554,0.8533672322768739,0.9147155108723554,False,222,1848102,2556277
2527000,0.008651117250540052,0.04691930910028358,0.000623072156548591,0.0001924674047452604,2.7032967032967035,2.0,4.648039892904652,/net/nfs-ip34/jbod2/def-ilafores/ref_dbs/sourmash_db/RefSeq_20250528.k31.sbt.zip,GCF_010508875.1_ASM1050887v1_genomic,59ccf44fc685eb2124290b6866f4a03f,0.651456560969322,182000,102,180327000,/nfs3_ib/nfs-ip34/home/def-ilafores/analysis/MethodsComparison/Feces_RA/preproc/SRR5091524/SRR5091524_unmatched_2.fastq,SRR5091524,6d088e50,292101000,31,DNA,1000,292101,True,0.8579341236243636,0.9862710948860696,0.9221026092552166,0.9862710948860696,False,492,1848594,2556277
3816000,0.013063974447194635,0.02867611916520631,0.0006162252097733318,0.0006579881601250569,9.344444444444445,3.0,25.805753497626203,/net/nfs-ip34/jbod2/def-ilafores/ref_dbs/sourmash_db/RefSeq_20250528.k31.sbt.zip,GCF_006546965.1_ASM654696v1_genomic,d3b5011d40cba3b27ab151b054210724,0.6079337263023737,180000,103,180147000,/nfs3_ib/nfs-ip34/home/def-ilafores/analysis/MethodsComparison/Feces_RA/preproc/SRR5091524/SRR5091524_unmatched_2.fastq,SRR5091524,6d088e50,292101000,31,DNA,1000,292101,True,0.869417216925706,0.9840736895697896,0.9267454532477477,0.9840736895697896,False,1682,1850276,2556277
1589000,0.005439899212943468,0.05684344236265481,0.0006128017363857023,0.0004056680868309655,5.793296089385475,4.0,5.937924677106496,/net/nfs-ip34/jbod2/def-ilafores/ref_dbs/sourmash_db/RefSeq_20250528.k31.sbt.zip,GCF_042850025.1_ASM4285002v1_genomic,26ae838edf91db815bafb3211b734604,0.5046046363925055,179000,104,179968000,/nfs3_ib/nfs-ip34/home/def-ilafores/analysis/MethodsComparison/Feces_RA/preproc/SRR5091524/SRR5091524_unmatched_2.fastq,SRR5091524,6d088e50,292101000,31,DNA,1000,292101,True,0.8451903769110076,0.9781777541743077,0.9116840655426577,0.9781777541743077,False,1037,1851313,2556277
1225000,0.004193754899846286,0.06077348066298342,0.0006025313162228134,0.0002487993280853366,3.6136363636363638,1.0,8.348832006201143,/net/nfs-ip34/jbod2/def-ilafores/ref_dbs/sourmash_db/RefSeq_20250528.k31.sbt.zip,GCF_036632915.2_ASM3663291v2_genomic,1be8a5fa3d48a02ef6804d87b6dc2cbb,0.42299723756906077,176000,105,179792000,/nfs3_ib/nfs-ip34/home/def-ilafores/analysis/MethodsComparison/Feces_RA/preproc/SRR5091524/SRR5091524_unmatched_2.fastq,SRR5091524,6d088e50,292101000,31,DNA,1000,292101,True,0.8381268921221999,0.972627113355453,0.9053770027388265,0.972627113355453,False,636,1851949,2556277
2800000,0.009585725485362939,0.04296482412060301,0.0005854139492846652,0.0004217070372264039,6.304093567251462,5.0,5.518807362528199,/net/nfs-ip34/jbod2/def-ilafores/ref_dbs/sourmash_db/RefSeq_20250528.k31.sbt.zip,GCF_000209995.1_ASM20999v1_genomic,300ebb94b057c743776c0c6aab2d0089,0.7035175879396985,171000,106,179621000,/nfs3_ib/nfs-ip34/home/def-ilafores/analysis/MethodsComparison/Feces_RA/preproc/SRR5091524/SRR5091524_unmatched_2.fastq,SRR5091524,6d088e50,292101000,31,DNA,1000,292101,True,0.8607779405088951,0.9887201515167328,0.9247490460128139,0.9887201515167328,False,1078,1853027,2556277
1383000,0.004734663695091766,0.05833620987228167,0.000578567002509406,0.0001525656257127064,2.3076923076923075,2.0,1.6208698081311907,/net/nfs-ip34/jbod2/def-ilafores/ref_dbs/sourmash_db/RefSeq_20250528.k31.sbt.zip,GCF_042853905.1_ASM4285390v1_genomic,1e694dab0a72999dda66e4cd13428d21,0.47739040386606835,169000,107,179452000,/nfs3_ib/nfs-ip34/home/def-ilafores/analysis/MethodsComparison/Feces_RA/preproc/SRR5091524/SRR5091524_unmatched_2.fastq,SRR5091524,6d088e50,292101000,31,DNA,1000,292101,True,0.8414132117775693,0.9764299377730153,0.9089215747752923,0.9764299377730153,False,390,1853417,2556277
1490000,0.0051009753475681355,0.059490084985835696,0.0005751435291217764,0.0007264470947397328,11.053571428571429,8.0,13.235620647010274,/net/nfs-ip34/jbod2/def-ilafores/ref_dbs/sourmash_db/RefSeq_20250528.k31.sbt.zip,GCF_024167885.1_ASM2416788v1_genomic,ce4fdc293b1b11e3766ab11638f10cc6,0.5276203966005666,168000,108,179284000,/nfs3_ib/nfs-ip34/home/def-ilafores/analysis/MethodsComparison/Feces_RA/preproc/SRR5091524/SRR5091524_unmatched_2.fastq,SRR5091524,6d088e50,292101000,31,DNA,1000,292101,True,0.8434383226498504,0.9795861394328526,0.9115122310413515,0.9795861394328526,False,1857,1855274,2556277
1280000,0.004382045936165915,0.07012987012987013,0.0005546026887959986,0.00013144115446017782,2.074074074074074,2.0,1.254894396007216,/net/nfs-ip34/jbod2/def-ilafores/ref_dbs/sourmash_db/RefSeq_20250528.k31.sbt.zip,GCF_037997085.1_ASM3799708v1_genomic,b3541581858a0a4755b1a49dfceec8f6,0.5541125541125541,162000,109,179122000,/nfs3_ib/nfs-ip34/home/def-ilafores/analysis/MethodsComparison/Feces_RA/preproc/SRR5091524/SRR5091524_unmatched_2.fastq,SRR5091524,6d088e50,292101000,31,DNA,1000,292101,True,0.8393151494950254,0.9811354492264008,0.9102252993607132,0.9811354492264008,False,336,1855610,2556277
355000,0.0012153330526085155,0.048691418137553254,0.0005477557420207394,0.00019990008907485378,3.19375,2.0,3.5026719711528798,/net/nfs-ip34/jbod2/def-ilafores/ref_dbs/sourmash_db/RefSeq_20250528.k31.sbt.zip,GCF_045002895.1_ASM4500289v1_genomic,dcf539ba4c82009d09e4501c72acd6ed,0.10803408399269629,160000,110,178962000,/nfs3_ib/nfs-ip34/home/def-ilafores/analysis/MethodsComparison/Feces_RA/preproc/SRR5091524/SRR5091524_unmatched_2.fastq,SRR5091524,6d088e50,292101000,31,DNA,1000,292101,True,0.8053003970187157,0.930731776813584,0.8680160869161498,0.930731776813584,False,511,1856121,2556277
3650000,0.012495677864848117,0.0004269556717972954,0.0005443322686331098,0.00014552413529519688,2.339622641509434,1.0,5.373859614206353,/net/nfs-ip34/jbod2/def-ilafores/ref_dbs/sourmash_db/RefSeq_20250528.k31.sbt.zip,plasmid.3.1.genomic,e2e03e1dce424a170899a4ee7698c481,0.009801183660755523,159000,111,178803000,/nfs3_ib/nfs-ip34/home/def-ilafores/analysis/MethodsComparison/Feces_RA/preproc/SRR5091524/SRR5091524_unmatched_2.fastq,SRR5091524,6d088e50,292101000,31,DNA,1000,292101,True,0.8681707615982697,0.8613953700801555,0.8647830658392126,0.8681707615982697,False,372,1856493,2556277
430000,0.0014720935566807372,0.07741617357001973,0.0005374853218578506,0.00011931414318557809,1.9426751592356688,2.0,1.25805449952609,/net/nfs-ip34/jbod2/def-ilafores/ref_dbs/sourmash_db/RefSeq_20250528.k31.sbt.zip,GCF_004104465.2_ASM410446v2_genomic,423553e86f965f856513baed41f27bad,0.21203155818540434,157000,112,178646000,/nfs3_ib/nfs-ip34/home/def-ilafores/analysis/MethodsComparison/Feces_RA/preproc/SRR5091524/SRR5091524_unmatched_2.fastq,SRR5091524,6d088e50,292101000,31,DNA,1000,292101,True,0.8102948483854416,0.951198121711677,0.8807464850485593,0.951198121711677,False,305,1856798,2556277
4139000,0.014169756351399002,0.030149776308111262,0.0005306383750825913,0.0003919762999080303,6.464516129032258,1.0,8.855308172524829,/net/nfs-ip34/jbod2/def-ilafores/ref_dbs/sourmash_db/RefSeq_20250528.k31.sbt.zip,GCF_016889925.1_ASM1688992v1_genomic,bd19c8a2a9ce8f274cafdaf9ebebf7a6,0.8050962847695001,155000,113,178491000,/nfs3_ib/nfs-ip34/home/def-ilafores/analysis/MethodsComparison/Feces_RA/preproc/SRR5091524/SRR5091524_unmatched_2.fastq,SRR5091524,6d088e50,292101000,31,DNA,1000,292101,True,0.8716989612659277,0.9930310609728776,0.9323650111194026,0.9930310609728776,False,1002,1857800,2556277
3966000,0.013577495455339077,0.029434397845325123,0.0005237914283073321,0.004744790959665169,79.27450980392157,83.0,67.32423111590613,/net/nfs-ip34/jbod2/def-ilafores/ref_dbs/sourmash_db/RefSeq_20250528.k31.sbt.zip,GCF_024759565.1_ASM2475956v1_genomic,960bb5f95152f9a5590d4499db9b2620,0.7629857637552905,153000,114,178338000,/nfs3_ib/nfs-ip34/home/def-ilafores/analysis/MethodsComparison/Feces_RA/preproc/SRR5091524/SRR5091524_unmatched_2.fastq,SRR5091524,6d088e50,292101000,31,DNA,1000,292101,True,0.8704991999888343,0.99131164426576,0.9309054221272972,0.99131164426576,False,12129,1869929,2556277
334000,0.0011434401114682935,0.031199021207177813,0.0005237914283073321,7.354445547176616e-05,1.2287581699346406,1.0,0.5658787142983885,/net/nfs-ip34/jbod2/def-ilafores/ref_dbs/sourmash_db/RefSeq_20250528.k31.sbt.zip,GCF_023547315.1_ASM2354731v1_genomic,10e1fe190b3d7fd1ccb6903dd1cd540b,0.06810766721044045,153000,115,178185000,/nfs3_ib/nfs-ip34/home/def-ilafores/analysis/MethodsComparison/Feces_RA/preproc/SRR5091524/SRR5091524_unmatched_2.fastq,SRR5091524,6d088e50,292101000,31,DNA,1000,292101,True,0.8037179332823323,0.9169827405616663,0.8603503369219994,0.9169827405616663,False,188,1870117,2556277
559000,0.0019137216236849582,0.06669591926283458,0.0005203679549197024,9.153937542762385e-05,1.5394736842105263,1.0,0.9239615717926717,/net/nfs-ip34/jbod2/def-ilafores/ref_dbs/sourmash_db/RefSeq_20250528.k31.sbt.zip,GCF_013822985.1_ASM1382298v1_genomic,6f19cc7fa200af909c33e5a1b859cb11,0.24528301886792453,152000,116,178033000,/nfs3_ib/nfs-ip34/home/def-ilafores/analysis/MethodsComparison/Feces_RA/preproc/SRR5091524/SRR5091524_unmatched_2.fastq,SRR5091524,6d088e50,292101000,31,DNA,1000,292101,True,0.8171817702770497,0.9556785847885407,0.8864301775327952,0.9556785847885407,False,234,1870351,2556277
2191000,0.0075008301922965,0.03300110741971207,0.0005100975347568135,0.0017607637982894656,30.20805369127517,33.0,23.61442943244524,/net/nfs-ip34/jbod2/def-ilafores/ref_dbs/sourmash_db/RefSeq_20250528.k31.sbt.zip,GCF_004328515.1_ASM432851v1_genomic,a5fd52ab16a56bc3d037173d70801227,0.48527131782945737,149000,117,177884000,/nfs3_ib/nfs-ip34/home/def-ilafores/analysis/MethodsComparison/Feces_RA/preproc/SRR5091524/SRR5091524_unmatched_2.fastq,SRR5091524,6d088e50,292101000,31,DNA,1000,292101,True,0.8539946299751027,0.9769458034955335,0.9154702167353181,0.9769458034955335,False,4501,1874852,2556277
211000,0.0007223528847898501,0.0518783542039356,0.0004964036412062951,0.0001243996640426683,2.193103448275862,1.0,4.344313051087615,/net/nfs-ip34/jbod2/def-ilafores/ref_dbs/sourmash_db/RefSeq_20250528.k31.sbt.zip,GCF_000146185.1_ASM14618v1_genomic,5229119e2aa175d63f96a9ce9dfd479c,0.07549194991055456,145000,118,177739000,/nfs3_ib/nfs-ip34/home/def-ilafores/analysis/MethodsComparison/Feces_RA/preproc/SRR5091524/SRR5091524_unmatched_2.fastq,SRR5091524,6d088e50,292101000,31,DNA,1000,292101,True,0.7918981636207671,0.9200326642894553,0.8559654139551112,0.9200326642894553,False,318,1875170,2556277
3868000,0.013241995063351376,0.0276,0.00047243932749288774,0.00415447934633062,76.95652173913044,84.5,63.490027696380864,/net/nfs-ip34/jbod2/def-ilafores/ref_dbs/sourmash_db/RefSeq_20250528.k31.sbt.zip,GCF_016766915.1_ASM1676691v1_genomic,bca43bd2d776e339740f17809f096165,0.7736,138000,119,177601000,/nfs3_ib/nfs-ip34/home/def-ilafores/analysis/MethodsComparison/Feces_RA/preproc/SRR5091524/SRR5091524_unmatched_2.fastq,SRR5091524,6d088e50,292101000,31,DNA,1000,292101,True,0.8697968936437647,0.9917535342314093,0.930775213937587,0.9917535342314093,False,10620,1885790,2556277
1441000,0.004933225151574285,0.053728949478749,0.0004587454339423693,0.0001506096561522871,2.873134328358209,2.0,2.005297617361248,/net/nfs-ip34/jbod2/def-ilafores/ref_dbs/sourmash_db/RefSeq_20250528.k31.sbt.zip,GCF_900683765.1_Phascolarctobacterium_succinatutens_82G5_genomic,3f78203e6069e7dd0f934cece4bae86a,0.5777866880513232,134000,120,177467000,/nfs3_ib/nfs-ip34/home/def-ilafores/analysis/MethodsComparison/Feces_RA/preproc/SRR5091524/SRR5091524_unmatched_2.fastq,SRR5091524,6d088e50,292101000,31,DNA,1000,292101,True,0.8425290206451835,0.982460461894674,0.9124947412699287,0.982460461894674,False,385,1886175,2556277
272000,0.000931184761435257,0.03215590742996346,0.00045189848716711,0.00010523116235055903,2.037878787878788,1.0,7.450244355388928,/net/nfs-ip34/jbod2/def-ilafores/ref_dbs/sourmash_db/RefSeq_20250528.k31.sbt.zip,GCF_019249655.2_ASM1924965v2_genomic,3f5e042dde22a559937bb52d73a1aae8,0.06626065773447015,132000,121,177335000,/nfs3_ib/nfs-ip34/home/def-ilafores/analysis/MethodsComparison/Feces_RA/preproc/SRR5091524/SRR5091524_unmatched_2.fastq,SRR5091524,6d088e50,292101000,31,DNA,1000,292101,True,0.7984118300054837,0.9161698417879831,0.8572908358967334,0.9161698417879831,False,269,1886444,2556277
212000,0.0007257763581774797,0.04483230663928816,0.00044847501377948037,8.175952762552728e-05,1.5954198473282444,1.0,2.7925162418744858,/net/nfs-ip34/jbod2/def-ilafores/ref_dbs/sourmash_db/RefSeq_20250528.k31.sbt.zip,GCF_032769475.1_ASM3276947v1_genomic,a093f200e9d0934ecae0369e6f1ee853,0.07255304585900069,131000,122,177204000,/nfs3_ib/nfs-ip34/home/def-ilafores/analysis/MethodsComparison/Feces_RA/preproc/SRR5091524/SRR5091524_unmatched_2.fastq,SRR5091524,6d088e50,292101000,31,DNA,1000,292101,True,0.7920189536813924,0.9188549439723698,0.8554369488268811,0.9188549439723698,False,209,1886653,2556277
3328000,0.01139331943403138,0.018672501823486506,0.0004382045936165915,0.0004166215163693137,8.3203125,8.0,6.729057318996752,/net/nfs-ip34/jbod2/def-ilafores/ref_dbs/sourmash_db/RefSeq_20250528.k31.sbt.zip,GCF_025147085.1_ASM2514708v1_genomic,5b057d4064659334efb7b362a7eec964,0.4854850474106492,128000,123,177076000,/nfs3_ib/nfs-ip34/home/def-ilafores/analysis/MethodsComparison/Feces_RA/preproc/SRR5091524/SRR5091524_unmatched_2.fastq,SRR5091524,6d088e50,292101000,31,DNA,1000,292101,True,0.8655881438092697,0.9769596805167685,0.9212739121630191,0.9769596805167685,False,1065,1887718,2556277
1797000,0.006151981677570429,0.038577456298975285,0.0004382045936165915,0.00029339543406289696,5.859375,5.0,6.906444425996273,/net/nfs-ip34/jbod2/def-ilafores/ref_dbs/sourmash_db/RefSeq_20250528.k31.sbt.zip,GCF_000020605.1_ASM2060v1_genomic,c7f0f63b1e20051e05be14074e3f6057,0.5415913200723327,128000,124,176948000,/nfs3_ib/nfs-ip34/home/def-ilafores/analysis/MethodsComparison/Feces_RA/preproc/SRR5091524/SRR5091524_unmatched_2.fastq,SRR5091524,6d088e50,292101000,31,DNA,1000,292101,True,0.8485509114855057,0.9804123298158499,0.9144816206506778,0.9804123298158499,False,750,1888468,2556277
453000,0.0015508334445962185,0.03579481397970688,0.0004347811202289619,0.00013887383878977123,2.795275590551181,2.0,3.476215207397887,/net/nfs-ip34/jbod2/def-ilafores/ref_dbs/sourmash_db/RefSeq_20250528.k31.sbt.zip,GCF_036419155.1_ASM3641915v1_genomic,adc420f297b3ff1fa16ce829a637366f,0.12767756482525366,127000,125,176821000,/nfs3_ib/nfs-ip34/home/def-ilafores/analysis/MethodsComparison/Feces_RA/preproc/SRR5091524/SRR5091524_unmatched_2.fastq,SRR5091524,6d088e50,292101000,31,DNA,1000,292101,True,0.8116579926085595,0.9357610986699352,0.8737095456392474,0.9357610986699352,False,355,1888823,2556277
427000,0.0014618231365178484,0.021468734026239562,0.0004313576468413323,0.00013770025705351962,2.7936507936507935,1.0,9.75519191053606,/net/nfs-ip34/jbod2/def-ilafores/ref_dbs/sourmash_db/RefSeq_20250528.k31.sbt.zip,GCF_029581355.1_ASM2958135v1_genomic,51d7fd9bdf03a1793a8850d12786c650,0.07275515420003408,126000,126,176695000,/nfs3_ib/nfs-ip34/home/def-ilafores/analysis/MethodsComparison/Feces_RA/preproc/SRR5091524/SRR5091524_unmatched_2.fastq,SRR5091524,6d088e50,292101000,31,DNA,1000,292101,True,0.8101118679967929,0.918937401277731,0.8645246346372619,0.918937401277731,False,352,1889175,2556277
1548000,0.005299536804050654,0.038580246913580245,0.00042793417345370267,0.002197336204175056,44.936,49.0,24.651407748848747,/net/nfs-ip34/jbod2/def-ilafores/ref_dbs/sourmash_db/RefSeq_20250528.k31.sbt.zip,GCF_000209855.1_ASM20985v1_genomic,2b845165824bdb6c15dab3f5f2327265,0.4777777777777778,125000,127,176570000,/nfs3_ib/nfs-ip34/home/def-ilafores/analysis/MethodsComparison/Feces_RA/preproc/SRR5091524/SRR5091524_unmatched_2.fastq,SRR5091524,6d088e50,292101000,31,DNA,1000,292101,True,0.8444779606643625,0.9764554862853191,0.9104667234748408,0.9764554862853191,False,5617,1894792,2556277
1066000,0.003649422631213176,0.03334222459322486,0.00042793417345370267,0.00016664860654772546,3.408,2.0,7.245518338945807,/net/nfs-ip34/jbod2/def-ilafores/ref_dbs/sourmash_db/RefSeq_20250528.k31.sbt.zip,GCF_964272235.1_LUMC_Rgna_QRD033_genomic,efa5f870ea84f0817b12e294f782849b,0.28434249133102163,125000,128,176445000,/nfs3_ib/nfs-ip34/home/def-ilafores/analysis/MethodsComparison/Feces_RA/preproc/SRR5091524/SRR5091524_unmatched_2.fastq,SRR5091524,6d088e50,292101000,31,DNA,1000,292101,True,0.8343765113524441,0.9602448627515034,0.8973106870519738,0.9602448627515034,False,426,1895218,2556277
775000,0.0026531918754129566,0.024840895093409976,0.0004142402799031842,0.0002531024611182591,5.347107438016529,1.0,15.104982891814569,/net/nfs-ip34/jbod2/def-ilafores/ref_dbs/sourmash_db/RefSeq_20250528.k31.sbt.zip,GCF_018289295.1_ASM1828929v1_genomic,efcaf620d43a1e990655112ba5460db1,0.15910490659002258,121000,129,176324000,/nfs3_ib/nfs-ip34/home/def-ilafores/analysis/MethodsComparison/Feces_RA/preproc/SRR5091524/SRR5091524_unmatched_2.fastq,SRR5091524,6d088e50,292101000,31,DNA,1000,292101,True,0.8258397125828787,0.942427297898305,0.8841335052405919,0.942427297898305,False,647,1895865,2556277
344000,0.0011776748453445898,0.03556485355648536,0.0004073933331279249,8.958340586720454e-05,1.9243697478991597,1.0,4.0504376023893425,/net/nfs-ip34/jbod2/def-ilafores/ref_dbs/sourmash_db/RefSeq_20250528.k31.sbt.zip,GCF_045061065.1_ASM4506106v1_genomic,af810c6e00a2b94057226e642af6e200,0.10280932456664674,119000,130,176205000,/nfs3_ib/nfs-ip34/home/def-ilafores/analysis/MethodsComparison/Feces_RA/preproc/SRR5091524/SRR5091524_unmatched_2.fastq,SRR5091524,6d088e50,292101000,31,DNA,1000,292101,True,0.8044831429057298,0.9292446745067315,0.8668639087062306,0.9292446745067315,False,229,1896094,2556277
377000,0.0012906494671363672,0.029922051797837565,0.0004073933331279249,0.00014552413529519688,3.1260504201680672,1.0,10.131533785059096,/net/nfs-ip34/jbod2/def-ilafores/ref_dbs/sourmash_db/RefSeq_20250528.k31.sbt.zip,GCF_016888945.1_ASM1688894v1_genomic,6371c60d4254945f85db4e1518aa1225,0.09479507166205682,119000,131,176086000,/nfs3_ib/nfs-ip34/home/def-ilafores/analysis/MethodsComparison/Feces_RA/preproc/SRR5091524/SRR5091524_unmatched_2.fastq,SRR5091524,6d088e50,292101000,31,DNA,1000,292101,True,0.8068638681797062,0.9268150747153889,0.8668394714475476,0.9268150747153889,False,372,1896466,2556277
243000,0.000831904033193998,0.0325759649603066,0.0004073933331279249,0.00019716173169026673,4.235294117647059,1.0,16.489215157494108,/net/nfs-ip34/jbod2/def-ilafores/ref_dbs/sourmash_db/RefSeq_20250528.k31.sbt.zip,GCF_025145845.1_ASM2514584v1_genomic,00191848f4049b7a1cb875559983f7c7,0.0665206679441555,119000,132,175967000,/nfs3_ib/nfs-ip34/home/def-ilafores/analysis/MethodsComparison/Feces_RA/preproc/SRR5091524/SRR5091524_unmatched_2.fastq,SRR5091524,6d088e50,292101000,31,DNA,1000,292101,True,0.7955134440332859,0.9162855930362974,0.8558995185347917,0.9162855930362974,False,504,1896970,2556277
563000,0.0019274155172354767,0.040910707933119884,0.00039369943957740644,0.00042757494590766183,9.504347826086956,3.0,18.35228876286385,/net/nfs-ip34/jbod2/def-ilafores/ref_dbs/sourmash_db/RefSeq_20250528.k31.sbt.zip,GCF_028743395.1_ASM2874339v1_genomic,bc5680b67a040c88f41f779ed94a8fca,0.20028459622909997,115000,133,175852000,/nfs3_ib/nfs-ip34/home/def-ilafores/analysis/MethodsComparison/Feces_RA/preproc/SRR5091524/SRR5091524_unmatched_2.fastq,SRR5091524,6d088e50,292101000,31,DNA,1000,292101,True,0.8173697477867709,0.9494508805070218,0.8834103141468963,0.9494508805070218,False,1093,1898063,2556277
5920000,0.02026696245476736,0.017712865133623367,0.0003902759661897768,0.0005930499707191357,13.298245614035087,11.0,11.838777960110434,/net/nfs-ip34/jbod2/def-ilafores/ref_dbs/sourmash_db/RefSeq_20250528.k31.sbt.zip,GCF_025914235.1_ASM2591423v1_genomic,f6f911c2e62fcfbdae29dcedc2721dc7,0.9198259788688626,114000,134,175738000,/nfs3_ib/nfs-ip34/home/def-ilafores/analysis/MethodsComparison/Feces_RA/preproc/SRR5091524/SRR5091524_unmatched_2.fastq,SRR5091524,6d088e50,292101000,31,DNA,1000,292101,True,0.8818206799837004,0.9973077988704739,0.9395642394270871,0.9973077988704739,False,1516,1899579,2556277
126000,0.0004313576468413323,0.05666003976143141,0.0003902759661897768,5.476714769174076e-05,1.2280701754385965,1.0,0.6074838488835363,/net/nfs-ip34/jbod2/def-ilafores/ref_dbs/sourmash_db/RefSeq_20250528.k31.sbt.zip,GCF_003627135.1_ASM362713v1_genomic,88aec83b86b930750b66f12ed8985328,0.06262425447316103,114000,135,175624000,/nfs3_ib/nfs-ip34/home/def-ilafores/analysis/MethodsComparison/Feces_RA/preproc/SRR5091524/SRR5091524_unmatched_2.fastq,SRR5091524,6d088e50,292101000,31,DNA,1000,292101,True,0.7788366337319751,0.9145032308875845,0.8466699323097797,0.9145032308875845,False,140,1899719,2556277
3620000,0.01239297366321923,0.02162265595101416,0.0003868524928021472,0.004609437866084153,104.27433628318585,108.0,76.16054860872845,/net/nfs-ip34/jbod2/def-ilafores/ref_dbs/sourmash_db/RefSeq_20250528.k31.sbt.zip,GCF_024759985.1_ASM2475998v1_genomic,77885c0164ce8f82af8b6a9dc7c2bc66,0.6926903941829315,113000,136,175511000,/nfs3_ib/nfs-ip34/home/def-ilafores/analysis/MethodsComparison/Feces_RA/preproc/SRR5091524/SRR5091524_unmatched_2.fastq,SRR5091524,6d088e50,292101000,31,DNA,1000,292101,True,0.8679396589317967,0.9882256045434777,0.9280826317376372,0.9882256045434777,False,11783,1911502,2556277
1527000,0.005227643862910432,0.037221668328348285,0.0003834290194145176,0.0004107536076880557,9.375,7.0,12.068350727655966,/net/nfs-ip34/jbod2/def-ilafores/ref_dbs/sourmash_db/RefSeq_20250528.k31.sbt.zip,GCF_023347315.1_ASM2334731v1_genomic,0d91a03431f1ffb73e1088f604cc6227,0.5074775672981057,112000,137,175399000,/nfs3_ib/nfs-ip34/home/def-ilafores/analysis/MethodsComparison/Feces_RA/preproc/SRR5091524/SRR5091524_unmatched_2.fastq,SRR5091524,6d088e50,292101000,31,DNA,1000,292101,True,0.8441059615761408,0.9783569122592877,0.9112314369177142,0.9783569122592877,False,1050,1912552,2556277
1687000,0.005775399604931171,0.042301829268292686,0.000380005546026888,0.00012987637881184237,2.990990990990991,3.0,1.8768168158558252,/net/nfs-ip34/jbod2/def-ilafores/ref_dbs/sourmash_db/RefSeq_20250528.k31.sbt.zip,GCF_030296915.1_ASM3029691v1_genomic,9d842f452bc2873386caa06583d801ad,0.6429115853658537,111000,138,175288000,/nfs3_ib/nfs-ip34/home/def-ilafores/analysis/MethodsComparison/Feces_RA/preproc/SRR5091524/SRR5091524_unmatched_2.fastq,SRR5091524,6d088e50,292101000,31,DNA,1000,292101,True,0.8468236315690997,0.9858511121458882,0.9163373718574939,0.9858511121458882,False,332,1912884,2556277
501000,0.0017151601672024403,0.053974484789008834,0.00037658207263925836,8.410669109803046e-05,1.9545454545454546,1.0,1.4609235163625636,/net/nfs-ip34/jbod2/def-ilafores/ref_dbs/sourmash_db/RefSeq_20250528.k31.sbt.zip,GCF_000210895.1_ASM21089v1_genomic,364e7e1727f57ba63e8216dbea229ae5,0.24582924435721296,110000,139,175178000,/nfs3_ib/nfs-ip34/home/def-ilafores/analysis/MethodsComparison/Feces_RA/preproc/SRR5091524/SRR5091524_unmatched_2.fastq,SRR5091524,6d088e50,292101000,31,DNA,1000,292101,True,0.8142992260216243,0.9557471631494112,0.8850231945855178,0.9557471631494112,False,215,1913099,2556277
873000,0.002988692267400659,0.031708749266001174,0.00036973512586399907,0.00010249280496597199,2.425925925925926,1.0,4.65316241269929,/net/nfs-ip34/jbod2/def-ilafores/ref_dbs/sourmash_db/RefSeq_20250528.k31.sbt.zip,GCF_003574015.1_ASM357401v1_genomic,1874b1c1106f4973cf5b5c4b574ac6f1,0.2563123899001762,108000,140,175070000,/nfs3_ib/nfs-ip34/home/def-ilafores/analysis/MethodsComparison/Feces_RA/preproc/SRR5091524/SRR5091524_unmatched_2.fastq,SRR5091524,6d088e50,292101000,31,DNA,1000,292101,True,0.8290179034708445,0.9570355086934764,0.8930267060821604,0.9570355086934764,False,262,1913361,2556277
1028000,0.003519330642483251,0.019669697532009648,0.00036288817908873984,5.8287892900495525e-05,1.4056603773584906,1.0,1.3372620711441014,/net/nfs-ip34/jbod2/def-ilafores/ref_dbs/sourmash_db/RefSeq_20250528.k31.sbt.zip,GCF_025914175.1_ASM2591417v1_genomic,ba18ed1e33b6434317a63fe246283ba2,0.19075895342364074,106000,141,174964000,/nfs3_ib/nfs-ip34/home/def-ilafores/analysis/MethodsComparison/Feces_RA/preproc/SRR5091524/SRR5091524_unmatched_2.fastq,SRR5091524,6d088e50,292101000,31,DNA,1000,292101,True,0.8334001046849219,0.9479596162626861,0.890679860473804,0.9479596162626861,False,149,1913510,2556277
3911000,0.01338920441901945,0.015610927649354548,0.0003560412323134806,0.00018151397520691225,4.461538461538462,3.0,4.889004690517829,/net/nfs-ip34/jbod2/def-ilafores/ref_dbs/sourmash_db/RefSeq_20250528.k31.sbt.zip,GCF_018289035.1_ASM1828903v1_genomic,2c57a91b8fe09d51df24c6e20ef5d122,0.5870609426598619,104000,142,174860000,/nfs3_ib/nfs-ip34/home/def-ilafores/analysis/MethodsComparison/Feces_RA/preproc/SRR5091524/SRR5091524_unmatched_2.fastq,SRR5091524,6d088e50,292101000,31,DNA,1000,292101,True,0.8701071442973629,0.982965255682679,0.926536199990021,0.982965255682679,False,464,1913974,2556277
127000,0.0004347811202289619,0.03730797366495977,0.00034919428553822137,4.8508045098398964e-05,1.2156862745098038,1.0,0.5355490307352023,/net/nfs-ip34/jbod2/def-ilafores/ref_dbs/sourmash_db/RefSeq_20250528.k31.sbt.zip,GCF_028743775.1_ASM2874377v1_genomic,0b7d489b6956763644e502d9d53c4dd9,0.04645208485735187,102000,143,174758000,/nfs3_ib/nfs-ip34/home/def-ilafores/analysis/MethodsComparison/Feces_RA/preproc/SRR5091524/SRR5091524_unmatched_2.fastq,SRR5091524,6d088e50,292101000,31,DNA,1000,292101,True,0.7790352669086995,0.9057329514499682,0.8423841091793338,0.9057329514499682,False,124,1914098,2556277
3507000,0.012006121170417081,0.01998041136141038,0.00034919428553822137,5.6723117252160074e-05,1.4215686274509804,1.0,0.7062226848412552,/net/nfs-ip34/jbod2/def-ilafores/ref_dbs/sourmash_db/RefSeq_20250528.k31.sbt.zip,GCF_002211725.1_ASM221172v1_genomic,3450395757cd9ee4b76491b124f2c85f,0.686973555337904,102000,144,174656000,/nfs3_ib/nfs-ip34/home/def-ilafores/analysis/MethodsComparison/Feces_RA/preproc/SRR5091524/SRR5091524_unmatched_2.fastq,SRR5091524,6d088e50,292101000,31,DNA,1000,292101,True,0.8670522091385334,0.9879614540212973,0.9275068315799153,0.9879614540212973,False,145,1914243,2556277
131000,0.00044847501377948037,0.020147616197885496,0.00034577081215059175,5.43759537796569e-05,1.3762376237623761,1.0,1.640161095375229,/net/nfs-ip34/jbod2/def-ilafores/ref_dbs/sourmash_db/RefSeq_20250528.k31.sbt.zip,GCF_040267475.1_UoG_LM19R_1.0_genomic,361dbedd535289fa0d5c0308f46e417d,0.026132056652702972,101000,145,174555000,/nfs3_ib/nfs-ip34/home/def-ilafores/analysis/MethodsComparison/Feces_RA/preproc/SRR5091524/SRR5091524_unmatched_2.fastq,SRR5091524,6d088e50,292101000,31,DNA,1000,292101,True,0.7798149493316153,0.8890804969577247,0.8344477231446701,0.8890804969577247,False,139,1914382,2556277
320000,0.0010955114840414787,0.045413669064748204,0.00034577081215059175,5.007282074673441e-05,1.2673267326732673,1.0,0.4852495348452613,/net/nfs-ip34/jbod2/def-ilafores/ref_dbs/sourmash_db/RefSeq_20250528.k31.sbt.zip,GCF_000024945.1_ASM2494v1_genomic,bb6c752a62c434e57bfc3292c79595c6,0.14388489208633093,101000,146,174454000,/nfs3_ib/nfs-ip34/home/def-ilafores/analysis/MethodsComparison/Feces_RA/preproc/SRR5091524/SRR5091524_unmatched_2.fastq,SRR5091524,6d088e50,292101000,31,DNA,1000,292101,True,0.8026085319310576,0.9393754367532698,0.8709919843421637,0.9393754367532698,False,128,1914510,2556277
553000,0.0018931807833591806,0.026562919237993025,0.0003389238653753325,0.00015608637092146119,4.03030303030303,3.0,5.236728382358291,/net/nfs-ip34/jbod2/def-ilafores/ref_dbs/sourmash_db/RefSeq_20250528.k31.sbt.zip,GCF_033096465.1_ASM3309646v1_genomic,2c68bd9dadc6532293ac0421ad590fc2,0.14837671049101153,99000,147,174355000,/nfs3_ib/nfs-ip34/home/def-ilafores/analysis/MethodsComparison/Feces_RA/preproc/SRR5091524/SRR5091524_unmatched_2.fastq,SRR5091524,6d088e50,292101000,31,DNA,1000,292101,True,0.8168973490144135,0.9403074186539765,0.878602383834195,0.9403074186539765,False,399,1914909,2556277
599000,0.002050660559190143,0.028148148148148148,0.000325229971824814,9.466892672429475e-05,2.5473684210526315,1.0,4.247026008502599,/net/nfs-ip34/jbod2/def-ilafores/ref_dbs/sourmash_db/RefSeq_20250528.k31.sbt.zip,GCF_023008345.1_ASM2300834v1_genomic,80788e4d9f7a77cc8143de8cf6b02058,0.1774814814814815,95000,148,174260000,/nfs3_ib/nfs-ip34/home/def-ilafores/analysis/MethodsComparison/Feces_RA/preproc/SRR5091524/SRR5091524_unmatched_2.fastq,SRR5091524,6d088e50,292101000,31,DNA,1000,292101,True,0.8190056467671806,0.9457560550875901,0.8823808509273854,0.9457560550875901,False,242,1915151,2556277
2212000,0.0075727231334367226,0.024980069093808132,0.0003218064984371844,8.762743630678522e-05,2.382978723404255,2.0,3.4705643142177576,/net/nfs-ip34/jbod2/def-ilafores/ref_dbs/sourmash_db/RefSeq_20250528.k31.sbt.zip,GCF_016696805.1_ASM1669680v1_genomic,aae5e198dca9a13d7ca553c9a4da3e8e,0.5878288599521658,94000,149,174166000,/nfs3_ib/nfs-ip34/home/def-ilafores/analysis/MethodsComparison/Feces_RA/preproc/SRR5091524/SRR5091524_unmatched_2.fastq,SRR5091524,6d088e50,292101000,31,DNA,1000,292101,True,0.8542574534567955,0.9830067064906842,0.9186320799737399,0.9830067064906842,False,224,1915375,2556277
1028000,0.003519330642483251,0.03167574931880109,0.00031838302504955476,0.0012228721691741544,33.61290322580645,31.0,30.36623487697377,/net/nfs-ip34/jbod2/def-ilafores/ref_dbs/sourmash_db/RefSeq_20250528.k31.sbt.zip,GCF_023347295.1_ASM2334729v1_genomic,78db35fa6d9edc0fa99c8623efbe174d,0.35013623978201636,93000,150,174073000,/nfs3_ib/nfs-ip34/home/def-ilafores/analysis/MethodsComparison/Feces_RA/preproc/SRR5091524/SRR5091524_unmatched_2.fastq,SRR5091524,6d088e50,292101000,31,DNA,1000,292101,True,0.8334001046849219,0.9667139146907449,0.9000570096878333,0.9667139146907449,False,3126,1918501,2556277
216000,0.0007394702517279981,0.02271592611083375,0.0003115360782742955,4.068416685672171e-05,1.1428571428571428,1.0,0.43403115732157144,/net/nfs-ip34/jbod2/def-ilafores/ref_dbs/sourmash_db/RefSeq_20250528.k31.sbt.zip,GCF_019249725.2_ASM1924972v2_genomic,b52efe698d9af7f8373fa734735ff63d,0.05391912131802296,91000,151,173982000,/nfs3_ib/nfs-ip34/home/def-ilafores/analysis/MethodsComparison/Feces_RA/preproc/SRR5091524/SRR5091524_unmatched_2.fastq,SRR5091524,6d088e50,292101000,31,DNA,1000,292101,True,0.7924966629679873,0.9100986656423633,0.8512976643051753,0.9100986656423633,False,104,1918605,2556277
4251000,0.01455318537081352,0.014017252002464571,0.0003115360782742955,0.00037593734951259195,10.56043956043956,9.0,9.004527299903016,/net/nfs-ip34/jbod2/def-ilafores/ref_dbs/sourmash_db/RefSeq_20250528.k31.sbt.zip,GCF_001314995.1_ASM131499v1_genomic,514bdd6aa640f40cc6414be0e11ec2f6,0.6548059149722736,91000,152,173891000,/nfs3_ib/nfs-ip34/home/def-ilafores/analysis/MethodsComparison/Feces_RA/preproc/SRR5091524/SRR5091524_unmatched_2.fastq,SRR5091524,6d088e50,292101000,31,DNA,1000,292101,True,0.8724500715909577,0.9864342617931198,0.9294421666920387,0.9864342617931198,False,961,1919566,2556277
3968000,0.013584342402114338,0.018105009052504527,0.0003081126048866659,0.0008422404927165561,23.92222222222222,18.5,19.49770800078693,/net/nfs-ip34/jbod2/def-ilafores/ref_dbs/sourmash_db/RefSeq_20250528.k31.sbt.zip,GCF_000724795.2_ASM72479v2_genomic,530ecbc54a096415e9e9d83c37295139,0.7982297324481995,90000,153,173801000,/nfs3_ib/nfs-ip34/home/def-ilafores/analysis/MethodsComparison/Feces_RA/preproc/SRR5091524/SRR5091524_unmatched_2.fastq,SRR5091524,6d088e50,292101000,31,DNA,1000,292101,True,0.8705133572100547,0.9927567199924608,0.9316350386012577,0.9927567199924608,False,2153,1921719,2556277
740000,0.00253337030684592,0.027838598686268378,0.0003046891314990363,5.0855208570902133e-05,1.4606741573033708,1.0,0.8748185015650215,/net/nfs-ip34/jbod2/def-ilafores/ref_dbs/sourmash_db/RefSeq_20250528.k31.sbt.zip,GCF_964272105.1_LUMC_Rgna_QRD038_genomic,9c7aa30b4e916cf0ec4a851bb377fdda,0.23146700031279324,89000,154,173712000,/nfs3_ib/nfs-ip34/home/def-ilafores/analysis/MethodsComparison/Feces_RA/preproc/SRR5091524/SRR5091524_unmatched_2.fastq,SRR5091524,6d088e50,292101000,31,DNA,1000,292101,True,0.8246095200442013,0.9538929693797662,0.8892512447119838,0.9538929693797662,False,130,1921849,2556277
2878000,0.00985275640959805,0.020650367908853547,0.00029784218472377706,0.00018229636303107997,5.35632183908046,5.0,4.017138603917753,/net/nfs-ip34/jbod2/def-ilafores/ref_dbs/sourmash_db/RefSeq_20250528.k31.sbt.zip,GCF_025151715.1_ASM2515171v1_genomic,9078f78f3ee2e2a4ff118532503c417a,0.6831236648469025,87000,155,173625000,/nfs3_ib/nfs-ip34/home/def-ilafores/analysis/MethodsComparison/Feces_RA/preproc/SRR5091524/SRR5091524_unmatched_2.fastq,SRR5091524,6d088e50,292101000,31,DNA,1000,292101,True,0.8615412109501797,0.9877823657801281,0.9246617883651539,0.9877823657801281,False,466,1922315,2556277
419000,0.0014344353494168112,0.0392156862745098,0.00029441871133614744,4.9681626834650545e-05,1.4767441860465116,1.0,0.7583142900316452,/net/nfs-ip34/jbod2/def-ilafores/ref_dbs/sourmash_db/RefSeq_20250528.k31.sbt.zip,GCF_037967965.1_PS01774_genomic,55e45b79e5ad4e85052c2f2164addbe7,0.191062471500228,86000,156,173539000,/nfs3_ib/nfs-ip34/home/def-ilafores/analysis/MethodsComparison/Feces_RA/preproc/SRR5091524/SRR5091524_unmatched_2.fastq,SRR5091524,6d088e50,292101000,31,DNA,1000,292101,True,0.8096177696610174,0.9480082338758379,0.8788130017684277,0.9480082338758379,False,127,1922442,2556277
361000,0.0012358738929342933,0.024271844660194174,0.0002909952379485178,0.00013222354228434555,3.976470588235294,2.0,4.026314825329033,/net/nfs-ip34/jbod2/def-ilafores/ref_dbs/sourmash_db/RefSeq_20250528.k31.sbt.zip,GCF_000225345.1_ASM22534v1_genomic,2c4be6d3f461c9f71df87a5d7ae22e2f,0.10308395202741291,85000,157,173454000,/nfs3_ib/nfs-ip34/home/def-ilafores/analysis/MethodsComparison/Feces_RA/preproc/SRR5091524/SRR5091524_unmatched_2.fastq,SRR5091524,6d088e50,292101000,31,DNA,1000,292101,True,0.8057359008853393,0.929324643038622,0.8675302719619806,0.929324643038622,False,338,1922780,2556277
1744000,0.00597053758802606,0.030712979890310785,0.0002875717645608882,0.00035285690869964404,10.738095238095237,5.0,16.695536220954853,/net/nfs-ip34/jbod2/def-ilafores/ref_dbs/sourmash_db/RefSeq_20250528.k31.sbt.zip,GCF_902388275.1_UHGG_MGYG-HGUT-02545_genomic,35aa97e0127f24ba3813815f3d766914,0.6376599634369287,84000,158,173370000,/nfs3_ib/nfs-ip34/home/def-ilafores/analysis/MethodsComparison/Feces_RA/preproc/SRR5091524/SRR5091524_unmatched_2.fastq,SRR5091524,6d088e50,292101000,31,DNA,1000,292101,True,0.8477318454881783,0.985590308162839,0.9166610768255086,0.985590308162839,False,902,1923682,2556277
579000,0.0019821910914375506,0.042805569881382156,0.0002841482911732586,5.476714769174076e-05,1.6867469879518073,1.0,0.8771216734072913,/net/nfs-ip34/jbod2/def-ilafores/ref_dbs/sourmash_db/RefSeq_20250528.k31.sbt.zip,GCF_014931295.1_ASM1493129v1_genomic,6efc5a85cf36f959d48a31cf34e6abe4,0.2986075296544611,83000,159,173287000,/nfs3_ib/nfs-ip34/home/def-ilafores/analysis/MethodsComparison/Feces_RA/preproc/SRR5091524/SRR5091524_unmatched_2.fastq,SRR5091524,6d088e50,292101000,31,DNA,1000,292101,True,0.8181089537590921,0.9617623377857649,0.8899356457724286,0.9617623377857649,False,140,1923822,2556277
1572000,0.005381700165353764,0.036499560246262094,0.0002841482911732586,0.00010718713191097834,3.3012048192771086,3.0,2.1041264092256604,/net/nfs-ip34/jbod2/def-ilafores/ref_dbs/sourmash_db/RefSeq_20250528.k31.sbt.zip,GCF_017743235.1_ASM1774323v1_genomic,d47f03db00b0741ff23d7accc2566ab5,0.6912928759894459,83000,160,173204000,/nfs3_ib/nfs-ip34/home/def-ilafores/analysis/MethodsComparison/Feces_RA/preproc/SRR5091524/SRR5091524_unmatched_2.fastq,SRR5091524,6d088e50,292101000,31,DNA,1000,292101,True,0.8448971687082556,0.9881612266094929,0.9165291976588743,0.9881612266094929,False,274,1924096,2556277
3286000,0.011249533551750936,0.017687661777394306,0.0002807248177856289,0.0010953429538348152,34.146341463414636,38.0,20.4170671977288,/net/nfs-ip34/jbod2/def-ilafores/ref_dbs/sourmash_db/RefSeq_20250528.k31.sbt.zip,GCF_024760085.1_ASM2476008v1_genomic,d22a231abb372af890fb48167198d8a7,0.7088006902502157,82000,161,173122000,/nfs3_ib/nfs-ip34/home/def-ilafores/analysis/MethodsComparison/Feces_RA/preproc/SRR5091524/SRR5091524_unmatched_2.fastq,SRR5091524,6d088e50,292101000,31,DNA,1000,292101,True,0.865233590471908,0.9889587966387967,0.9270961935553523,0.9889587966387967,False,2800,1926896,2556277
4461000,0.01527211478221574,0.011953955135773318,0.0002773013443979993,0.00028909230102997446,9.123456790123457,6.0,11.922986116201983,/net/nfs-ip34/jbod2/def-ilafores/ref_dbs/sourmash_db/RefSeq_20250528.k31.sbt.zip,GCF_018289275.1_ASM1828927v1_genomic,0044674628c604b7150c9a157e063dcf,0.6583530106257379,81000,162,173041000,/nfs3_ib/nfs-ip34/home/def-ilafores/analysis/MethodsComparison/Feces_RA/preproc/SRR5091524/SRR5091524_unmatched_2.fastq,SRR5091524,6d088e50,292101000,31,DNA,1000,292101,True,0.8738081731598419,0.9866061835970609,0.9302071783784513,0.9866061835970609,False,739,1927635,2556277
164000,0.0005614496355712578,0.0266798418972332,0.0002773013443979993,3.5598645999631494e-05,1.123456790123457,1.0,0.39698605409416116,/net/nfs-ip34/jbod2/def-ilafores/ref_dbs/sourmash_db/RefSeq_20250528.k31.sbt.zip,GCF_018406465.1_ASM1840646v1_genomic,8aba6659b6915b21c1eb4ba9db50d3da,0.05401844532279315,81000,163,172960000,/nfs3_ib/nfs-ip34/home/def-ilafores/analysis/MethodsComparison/Feces_RA/preproc/SRR5091524/SRR5091524_unmatched_2.fastq,SRR5091524,6d088e50,292101000,31,DNA,1000,292101,True,0.7854871020907226,0.9101526976858318,0.8478198998882772,0.9101526976858318,False,91,1927726,2556277
347000,0.0011879452655074786,0.03776223776223776,0.0002773013443979993,4.224894250505716e-05,1.3333333333333333,1.0,0.5879447357921312,/net/nfs-ip34/jbod2/def-ilafores/ref_dbs/sourmash_db/RefSeq_20250528.k31.sbt.zip,GCF_028743475.1_ASM2874347v1_genomic,011d3b2bf57ad0cebabeb13bedbc6e52,0.16177156177156177,81000,164,172879000,/nfs3_ib/nfs-ip34/home/def-ilafores/analysis/MethodsComparison/Feces_RA/preproc/SRR5091524/SRR5091524_unmatched_2.fastq,SRR5091524,6d088e50,292101000,31,DNA,1000,292101,True,0.8047085107812426,0.9429327401980159,0.8738206254896292,0.9429327401980159,False,108,1927834,2556277
520000,0.001780206161567403,0.014593214155417731,0.0002738778710103697,5.007282074673441e-05,1.6,1.0,1.055935604097144,/net/nfs-ip34/jbod2/def-ilafores/ref_dbs/sourmash_db/RefSeq_20250528.k31.sbt.zip,GCF_042852215.1_ASM4285221v1_genomic,d35409bea897b51a978082dedf226ca8,0.09485589201021526,80000,165,172799000,/nfs3_ib/nfs-ip34/home/def-ilafores/analysis/MethodsComparison/Feces_RA/preproc/SRR5091524/SRR5091524_unmatched_2.fastq,SRR5091524,6d088e50,292101000,31,DNA,1000,292101,True,0.8152775688921329,0.9268342507915801,0.8710559098418564,0.9268342507915801,False,128,1927962,2556277
2998000,0.010263573216113604,0.016967587557102457,0.00026703092423511045,3.755461556005081e-05,1.2307692307692308,1.0,0.5529194526371237,/net/nfs-ip34/jbod2/def-ilafores/ref_dbs/sourmash_db/RefSeq_20250528.k31.sbt.zip,GCF_030162155.2_ASM3016215v2_genomic,37268909e4c63e44e74c47d03c0fdeb9,0.6521644550793996,78000,166,172721000,/nfs3_ib/nfs-ip34/home/def-ilafores/analysis/MethodsComparison/Feces_RA/preproc/SRR5091524/SRR5091524_unmatched_2.fastq,SRR5091524,6d088e50,292101000,31,DNA,1000,292101,True,0.8626772424604914,0.9863056481599763,0.9244914453102339,0.9863056481599763,False,96,1928058,2556277
1263000,0.004323846888576212,0.036312849162011177,0.00026703092423511045,0.0015729907204892115,51.55128205128205,46.5,28.53861416320604,/net/nfs-ip34/jbod2/def-ilafores/ref_dbs/sourmash_db/RefSeq_20250528.k31.sbt.zip,GCF_019974115.1_ASM1997411v1_genomic,c4780613fea3cc9fca86528fcdef51fc,0.5879888268156425,78000,167,172643000,/nfs3_ib/nfs-ip34/home/def-ilafores/analysis/MethodsComparison/Feces_RA/preproc/SRR5091524/SRR5091524_unmatched_2.fastq,SRR5091524,6d088e50,292101000,31,DNA,1000,292101,True,0.8389532326953156,0.9830153346217211,0.9109842836585184,0.9830153346217211,False,4021,1932079,2556277
1812000,0.006203333778384874,0.02150237363864842,0.00026360745084748083,0.00017799322999815747,5.909090909090909,5.0,5.36264573726662,/net/nfs-ip34/jbod2/def-ilafores/ref_dbs/sourmash_db/RefSeq_20250528.k31.sbt.zip,GCF_000209955.1_ASM20995v1_genomic,bbe76ea739202f726b440dbf1d277c90,0.5060039095224798,77000,168,172566000,/nfs3_ib/nfs-ip34/home/def-ilafores/analysis/MethodsComparison/Feces_RA/preproc/SRR5091524/SRR5091524_unmatched_2.fastq,SRR5091524,6d088e50,292101000,31,DNA,1000,292101,True,0.8487784795484858,0.978265136839527,0.9135218081940064,0.978265136839527,False,455,1932534,2556277
3607000,0.012348468509180043,0.015647519044677784,0.0002601839774598512,0.0014583709042486398,49.05263157894737,3.5,62.840209792449,/net/nfs-ip34/jbod2/def-ilafores/ref_dbs/sourmash_db/RefSeq_20250528.k31.sbt.zip,GCF_020885715.1_ASM2088571v1_genomic,520291c2858c53efa7059183f1ff7255,0.742639489396747,76000,169,172490000,/nfs3_ib/nfs-ip34/home/def-ilafores/analysis/MethodsComparison/Feces_RA/preproc/SRR5091524/SRR5091524_unmatched_2.fastq,SRR5091524,6d088e50,292101000,31,DNA,1000,292101,True,0.867838938309413,0.990447704153448,0.9291433212314305,0.990447704153448,False,3728,1936262,2556277
1145000,0.003919877028835917,0.024582104228121928,0.0002567605040722216,0.0002218069481515501,7.56,2.0,18.00462162890406,/net/nfs-ip34/jbod2/def-ilafores/ref_dbs/sourmash_db/RefSeq_20250528.k31.sbt.zip,GCF_042852915.1_ASM4285291v1_genomic,83df1fc7945fffe52952776a8424f7ce,0.37528679121599473,75000,170,172415000,/nfs3_ib/nfs-ip34/home/def-ilafores/analysis/MethodsComparison/Feces_RA/preproc/SRR5091524/SRR5091524_unmatched_2.fastq,SRR5091524,6d088e50,292101000,31,DNA,1000,292101,True,0.8363029470337959,0.9688795361291607,0.9025912415814783,0.9688795361291607,False,567,1936829,2556277
777000,0.002660038822188216,0.0134987230937614,0.000253337030684592,0.0005249822300165436,18.135135135135137,1.0,41.46516751290932,/net/nfs-ip34/jbod2/def-ilafores/ref_dbs/sourmash_db/RefSeq_20250528.k31.sbt.zip,GCF_021359565.1_ASM2135956v1_genomic,78795f413b3261069c5b320544daa37f,0.14173659248449472,74000,171,172341000,/nfs3_ib/nfs-ip34/home/def-ilafores/analysis/MethodsComparison/Feces_RA/preproc/SRR5091524/SRR5091524_unmatched_2.fastq,SRR5091524,6d088e50,292101000,31,DNA,1000,292101,True,0.8259083752450502,0.938919699744635,0.8824140374948426,0.938919699744635,False,1342,1938171,2556277
250000,0.0008558683469074053,0.015423092955398083,0.000253337030684592,3.1295512966709004e-05,1.0810810810810811,1.0,0.2729595929287048,/net/nfs-ip34/jbod2/def-ilafores/ref_dbs/sourmash_db/RefSeq_20250528.k31.sbt.zip,GCF_023650875.1_ASM2365087v1_genomic,fd6eed75818e797fecbd2ea0013b0703,0.05210504376823676,74000,172,172267000,/nfs3_ib/nfs-ip34/home/def-ilafores/analysis/MethodsComparison/Feces_RA/preproc/SRR5091524/SRR5091524_unmatched_2.fastq,SRR5091524,6d088e50,292101000,31,DNA,1000,292101,True,0.7962425574340418,0.9090944882298221,0.852668522831932,0.9090944882298221,False,80,1938251,2556277
2020000,0.006915416243011835,0.014103819784524976,0.00024649008390933275,0.0002914394645024776,10.347222222222221,4.0,20.041734041620792,/net/nfs-ip34/jbod2/def-ilafores/ref_dbs/sourmash_db/RefSeq_20250528.k31.sbt.zip,GCF_009193325.2_ASM919332v2_genomic,20d3ad2db691676c0843017fd7066d73,0.395690499510284,72000,173,172195000,/nfs3_ib/nfs-ip34/home/def-ilafores/analysis/MethodsComparison/Feces_RA/preproc/SRR5091524/SRR5091524_unmatched_2.fastq,SRR5091524,6d088e50,292101000,31,DNA,1000,292101,True,0.8517589784323527,0.970535603206416,0.9111472908193843,0.970535603206416,False,745,1938996,2556277
79000,0.00027045439762274007,0.021719180177424288,0.0002430666105217031,3.246909470296059e-05,1.1690140845070423,1.0,0.44360607740911623,/net/nfs-ip34/jbod2/def-ilafores/ref_dbs/sourmash_db/RefSeq_20250528.k31.sbt.zip,GCF_020181435.1_ASM2018143v1_genomic,c318999532967c78319838fdeb709e5f,0.02416641174671153,71000,174,172124000,/nfs3_ib/nfs-ip34/home/def-ilafores/analysis/MethodsComparison/Feces_RA/preproc/SRR5091524/SRR5091524_unmatched_2.fastq,SRR5091524,6d088e50,292101000,31,DNA,1000,292101,True,0.767195875900561,0.8868405730059545,0.8270182244532578,0.8868405730059545,False,83,1939079,2556277
570000,0.0019513798309488842,0.016865079365079364,0.00023279619035881425,3.403387035129604e-05,1.2794117647058822,1.0,0.7445011799321846,/net/nfs-ip34/jbod2/def-ilafores/ref_dbs/sourmash_db/RefSeq_20250528.k31.sbt.zip,GCF_032450655.1_ASM3245065v1_genomic,238dff01323d07dfd5222980fc0a672b,0.14136904761904762,68000,175,172056000,/nfs3_ib/nfs-ip34/home/def-ilafores/analysis/MethodsComparison/Feces_RA/preproc/SRR5091524/SRR5091524_unmatched_2.fastq,SRR5091524,6d088e50,292101000,31,DNA,1000,292101,True,0.8176956198094929,0.9388410602619893,0.8782683400357412,0.9388410602619893,False,87,1939166,2556277
4398000,0.015056435958795075,0.00022774010435255528,0.00022937271697118464,0.00010210161105388813,3.8955223880597014,1.0,20.14880043713444,/net/nfs-ip34/jbod2/def-ilafores/ref_dbs/sourmash_db/RefSeq_20250528.k31.sbt.zip,plasmid.5.1.genomic,0f0c4d9f3e14a466d58e8f18d86b27e8,0.014949268342425942,67000,176,171989000,/nfs3_ib/nfs-ip34/home/def-ilafores/analysis/MethodsComparison/Feces_RA/preproc/SRR5091524/SRR5091524_unmatched_2.fastq,SRR5091524,6d088e50,292101000,31,DNA,1000,292101,True,0.873407354484693,0.8732061226420677,0.8733067385633804,0.873407354484693,False,261,1939427,2556277
2467000,0.008445708847282275,0.01792402354200107,0.00022937271697118464,0.00011540220406473946,4.402985074626866,2.0,9.184769517485426,/net/nfs-ip34/jbod2/def-ilafores/ref_dbs/sourmash_db/RefSeq_20250528.k31.sbt.zip,GCF_042854215.1_ASM4285421v1_genomic,515b5beff96e7e6ba6bac8bee6d12422,0.6599785981808454,67000,177,171922000,/nfs3_ib/nfs-ip34/home/def-ilafores/analysis/MethodsComparison/Feces_RA/preproc/SRR5091524/SRR5091524_unmatched_2.fastq,SRR5091524,6d088e50,292101000,31,DNA,1000,292101,True,0.8572693442438781,0.9866846737780612,0.9219770090109697,0.9866846737780612,False,295,1939722,2556277
632000,0.0021636351809819205,0.01951645790853481,0.00022937271697118464,3.8728197296302396e-05,1.4776119402985075,1.0,0.698788054371321,/net/nfs-ip34/jbod2/def-ilafores/ref_dbs/sourmash_db/RefSeq_20250528.k31.sbt.zip,GCF_002148255.1_ASM214825v1_genomic,6b3bba540a36ecda2f9de6b26c11f177,0.18409554325662686,67000,178,171855000,/nfs3_ib/nfs-ip34/home/def-ilafores/analysis/MethodsComparison/Feces_RA/preproc/SRR5091524/SRR5091524_unmatched_2.fastq,SRR5091524,6d088e50,292101000,31,DNA,1000,292101,True,0.8204236945155079,0.9468729687874826,0.8836483316514953,0.9468729687874826,False,99,1939821,2556277
1014000,0.003471402015056436,0.018161805173362685,0.000225949243583555,0.00010014564149346882,3.878787878787879,2.0,5.127215416256817,/net/nfs-ip34/jbod2/def-ilafores/ref_dbs/sourmash_db/RefSeq_20250528.k31.sbt.zip,GCF_020181455.1_ASM2018145v1_genomic,b6d43479d19d1b4213aef74c6e98692d,0.279031370390754,66000,179,171789000,/nfs3_ib/nfs-ip34/home/def-ilafores/analysis/MethodsComparison/Feces_RA/preproc/SRR5091524/SRR5091524_unmatched_2.fastq,SRR5091524,6d088e50,292101000,31,DNA,1000,292101,True,0.8330315474781427,0.9596609867995743,0.8963462671388585,0.9596609867995743,False,256,1940077,2556277
289000,0.0009893838090249605,0.014647137150466045,0.000225949243583555,0.00017447248478940272,6.757575757575758,1.0,14.97782260145394,/net/nfs-ip34/jbod2/def-ilafores/ref_dbs/sourmash_db/RefSeq_20250528.k31.sbt.zip,GCF_020091365.1_ASM2009136v1_genomic,ef23ca7c0c2ee8ae3e8a4537f4cacf2d,0.06413670661340434,66000,180,171723000,/nfs3_ib/nfs-ip34/home/def-ilafores/analysis/MethodsComparison/Feces_RA/preproc/SRR5091524/SRR5091524_unmatched_2.fastq,SRR5091524,6d088e50,292101000,31,DNA,1000,292101,True,0.7999747582562335,0.915207498062822,0.8575911281595278,0.915207498062822,False,446,1940523,2556277
1574000,0.0053885471121290236,0.023605150214592276,0.000225949243583555,7.550042503218548e-05,2.9242424242424243,2.0,2.2916885799102578,/net/nfs-ip34/jbod2/def-ilafores/ref_dbs/sourmash_db/RefSeq_20250528.k31.sbt.zip,GCF_030864025.1_ASM3086402v1_genomic,f73fd890bde9240f282aef5dc2a2f54a,0.5629470672389127,66000,181,171657000,/nfs3_ib/nfs-ip34/home/def-ilafores/analysis/MethodsComparison/Feces_RA/preproc/SRR5091524/SRR5091524_unmatched_2.fastq,SRR5091524,6d088e50,292101000,31,DNA,1000,292101,True,0.8449318226306711,0.9816362020366812,0.9132840123336762,0.9816362020366812,False,193,1940716,2556277
3265000,0.011177640610610714,0.010388365031165095,0.00022252577019592538,0.00013613548140518417,5.3538461538461535,3.0,8.075472397195709,/net/nfs-ip34/jbod2/def-ilafores/ref_dbs/sourmash_db/RefSeq_20250528.k31.sbt.zip,GCF_018279805.1_ASM1827980v1_genomic,5b9c0b804dcb35d49a9058ef0c729857,0.5218155665654467,65000,182,171592000,/nfs3_ib/nfs-ip34/home/def-ilafores/analysis/MethodsComparison/Feces_RA/preproc/SRR5091524/SRR5091524_unmatched_2.fastq,SRR5091524,6d088e50,292101000,31,DNA,1000,292101,True,0.8650546659160987,0.9792366199111092,0.9221456429136039,0.9792366199111092,False,348,1941064,2556277
744000,0.002547064200396438,0.022229940951719346,0.00021910229680829576,4.068416685672171e-05,1.625,1.0,1.1388041973930374,/net/nfs-ip34/jbod2/def-ilafores/ref_dbs/sourmash_db/RefSeq_20250528.k31.sbt.zip,GCF_024168045.1_ASM2416804v1_genomic,1689b6c3fb62fec0dd444e73a686577b,0.2584230635637374,64000,183,171528000,/nfs3_ib/nfs-ip34/home/def-ilafores/analysis/MethodsComparison/Feces_RA/preproc/SRR5091524/SRR5091524_unmatched_2.fastq,SRR5091524,6d088e50,292101000,31,DNA,1000,292101,True,0.8247529307424889,0.9572887259179043,0.8910208283301966,0.9572887259179043,False,104,1941168,2556277
319000,0.0010920880106538493,0.019423368740515933,0.00021910229680829576,9.232176325179158e-05,3.6875,2.0,5.364451859230353,/net/nfs-ip34/jbod2/def-ilafores/ref_dbs/sourmash_db/RefSeq_20250528.k31.sbt.zip,GCF_000210035.1_ASM21003v1_genomic,9b031f8e8d6f8498e950d180778cd938,0.0968133535660091,64000,184,171464000,/nfs3_ib/nfs-ip34/home/def-ilafores/analysis/MethodsComparison/Feces_RA/preproc/SRR5091524/SRR5091524_unmatched_2.fastq,SRR5091524,6d088e50,292101000,31,DNA,1000,292101,True,0.8025275012206661,0.9274451497316414,0.8649863254761537,0.9274451497316414,False,236,1941404,2556277
734000,0.002512829466520142,0.02121312562147829,0.00021910229680829576,0.00024371380722824638,9.734375,5.0,15.532468199206944,/net/nfs-ip34/jbod2/def-ilafores/ref_dbs/sourmash_db/RefSeq_20250528.k31.sbt.zip,GCF_040026365.1_ASM4002636v1_genomic,9de4932095473c9973b31ae4d68399ec,0.24328803447132913,64000,185,171400000,/nfs3_ib/nfs-ip34/home/def-ilafores/analysis/MethodsComparison/Feces_RA/preproc/SRR5091524/SRR5091524_unmatched_2.fastq,SRR5091524,6d088e50,292101000,31,DNA,1000,292101,True,0.8243929911857709,0.9554268535361276,0.8899099223609492,0.9554268535361276,False,623,1942027,2556277
1241000,0.00424853047404836,0.026700041718815185,0.00021910229680829576,4.18577485929733e-05,1.671875,1.0,1.1733324270533905,/net/nfs-ip34/jbod2/def-ilafores/ref_dbs/sourmash_db/RefSeq_20250528.k31.sbt.zip,GCF_030450025.1_ASM3045002v1_genomic,878f383cc0c159910d66fd701f0f6fca,0.5177304964539007,64000,186,171336000,/nfs3_ib/nfs-ip34/home/def-ilafores/analysis/MethodsComparison/Feces_RA/preproc/SRR5091524/SRR5091524_unmatched_2.fastq,SRR5091524,6d088e50,292101000,31,DNA,1000,292101,True,0.8384778071633464,0.9789883872583737,0.90873309721086,0.9789883872583737,False,107,1942134,2556277
906000,0.003101666889192437,0.01098901098901099,0.00021567882342066614,2.9339543406289694e-05,1.1904761904761905,1.0,0.46656947481584354,/net/nfs-ip34/jbod2/def-ilafores/ref_dbs/sourmash_db/RefSeq_20250528.k31.sbt.zip,GCF_020525665.1_ASM2052566v1_genomic,b04d22b7199f6351f14831f90f03b64e,0.15803244374672945,63000,187,171273000,/nfs3_ib/nfs-ip34/home/def-ilafores/analysis/MethodsComparison/Feces_RA/preproc/SRR5091524/SRR5091524_unmatched_2.fastq,SRR5091524,6d088e50,292101000,31,DNA,1000,292101,True,0.8300107450386828,0.9422217063295345,0.8861162256841086,0.9422217063295345,False,75,1942209,2556277
3857000,0.01320433685608745,0.011893156560733087,0.0002088318766454069,0.001195488595328284,50.09836065573771,2.0,71.94253283072146,/net/nfs-ip34/jbod2/def-ilafores/ref_dbs/sourmash_db/RefSeq_20250528.k31.sbt.zip,GCF_036419465.1_ASM3641946v1_genomic,277623bb21bf8d096347cc62995689ef,0.7519984402417625,61000,188,171212000,/nfs3_ib/nfs-ip34/home/def-ilafores/analysis/MethodsComparison/Feces_RA/preproc/SRR5091524/SRR5091524_unmatched_2.fastq,SRR5091524,6d088e50,292101000,31,DNA,1000,292101,True,0.8697169910833671,0.9908479109150085,0.9302824509991878,0.9908479109150085,False,3056,1945265,2556277
2039000,0.006980462237376798,0.0149290259422418,0.0002088318766454069,0.0013660491409968481,57.24590163934426,47.0,51.435350393369404,/net/nfs-ip34/jbod2/def-ilafores/ref_dbs/sourmash_db/RefSeq_20250528.k31.sbt.zip,GCF_020550085.1_ASM2055008v1_genomic,5374dd135a5d0f6ec9bfb72a94bb017a,0.49902104747919723,61000,189,171151000,/nfs3_ib/nfs-ip34/home/def-ilafores/analysis/MethodsComparison/Feces_RA/preproc/SRR5091524/SRR5091524_unmatched_2.fastq,SRR5091524,6d088e50,292101000,31,DNA,1000,292101,True,0.8520162479449,0.9778267160424801,0.9149214819936901,0.9778267160424801,False,3492,1948757,2556277
220000,0.0007531641452785167,0.024235200635677395,0.0002088318766454069,6.1026250285082564e-05,2.557377049180328,1.0,3.0916311688271327,/net/nfs-ip34/jbod2/def-ilafores/ref_dbs/sourmash_db/RefSeq_20250528.k31.sbt.zip,GCF_018408575.1_ASM1840857v1_genomic,be471ee2a9a4d83e479673ce2822bf12,0.08740564163686929,61000,190,171090000,/nfs3_ib/nfs-ip34/home/def-ilafores/analysis/MethodsComparison/Feces_RA/preproc/SRR5091524/SRR5091524_unmatched_2.fastq,SRR5091524,6d088e50,292101000,31,DNA,1000,292101,True,0.7929658866990792,0.924391858435225,0.8586788725671521,0.924391858435225,False,156,1948913,2556277
356000,0.0012187565259961452,0.02695536897923111,0.0002088318766454069,2.9730737318373557e-05,1.2459016393442623,1.0,0.4671412081565576,/net/nfs-ip34/jbod2/def-ilafores/ref_dbs/sourmash_db/RefSeq_20250528.k31.sbt.zip,GCF_036456085.1_ASM3645608v1_genomic,699c883890837b4cc2de51adc51ca2f8,0.15731330092797172,61000,191,171029000,/nfs3_ib/nfs-ip34/home/def-ilafores/analysis/MethodsComparison/Feces_RA/preproc/SRR5091524/SRR5091524_unmatched_2.fastq,SRR5091524,6d088e50,292101000,31,DNA,1000,292101,True,0.8053734733279257,0.9420830887265506,0.8737282810272382,0.9420830887265506,False,76,1948989,2556277
168000,0.0005751435291217764,0.013003901170351105,0.00020540840325777726,0.00012205250057016513,5.2,4.0,7.145628033979937,/net/nfs-ip34/jbod2/def-ilafores/ref_dbs/sourmash_db/RefSeq_20250528.k31.sbt.zip,GCF_032878895.1_ASM3287889v1_genomic,c900494a9310f6feff2b1d01e0c2af2d,0.036410923276983094,60000,192,170969000,/nfs3_ib/nfs-ip34/home/def-ilafores/analysis/MethodsComparison/Feces_RA/preproc/SRR5091524/SRR5091524_unmatched_2.fastq,SRR5091524,6d088e50,292101000,31,DNA,1000,292101,True,0.7860979303080146,0.8986449106399031,0.8423714204739589,0.8986449106399031,False,312,1949301,2556277
558000,0.0019102981502973286,0.029644268774703556,0.00020540840325777726,4.029297294463785e-05,1.7166666666666666,1.0,1.0660154261964923,/net/nfs-ip34/jbod2/def-ilafores/ref_dbs/sourmash_db/RefSeq_20250528.k31.sbt.zip,GCF_013267495.1_ASM1326749v1_genomic,a8c430254a9d54d434cc4d7fc56d7a1a,0.2756916996047431,60000,193,170909000,/nfs3_ib/nfs-ip34/home/def-ilafores/analysis/MethodsComparison/Feces_RA/preproc/SRR5091524/SRR5091524_unmatched_2.fastq,SRR5091524,6d088e50,292101000,31,DNA,1000,292101,True,0.8171345725186829,0.9592883081810033,0.8882114403498431,0.9592883081810033,False,103,1949404,2556277
443000,0.0015165987107199222,0.032399780340472265,0.00020198492987014765,3.8728197296302396e-05,1.6779661016949152,1.0,1.064698222002672,/net/nfs-ip34/jbod2/def-ilafores/ref_dbs/sourmash_db/RefSeq_20250528.k31.sbt.zip,GCF_014931355.1_ASM1493135v1_genomic,3658709df96fdf4eca2adf0836ef0f68,0.24327292696320704,59000,194,170850000,/nfs3_ib/nfs-ip34/home/def-ilafores/analysis/MethodsComparison/Feces_RA/preproc/SRR5091524/SRR5091524_unmatched_2.fastq,SRR5091524,6d088e50,292101000,31,DNA,1000,292101,True,0.81107374755825,0.9554249396288846,0.8832493435935673,0.9554249396288846,False,99,1949503,2556277
3933000,0.013464520833547301,0.011605035405192761,0.00020198492987014765,0.00034268586698546364,14.847457627118644,12.0,15.665803802887913,/net/nfs-ip34/jbod2/def-ilafores/ref_dbs/sourmash_db/RefSeq_20250528.k31.sbt.zip,GCF_018292185.1_ASM1829218v1_genomic,e08f467664d655ee39bb5a72fc4edb09,0.77360346184107,59000,195,170791000,/nfs3_ib/nfs-ip34/home/def-ilafores/analysis/MethodsComparison/Feces_RA/preproc/SRR5091524/SRR5091524_unmatched_2.fastq,SRR5091524,6d088e50,292101000,31,DNA,1000,292101,True,0.8702646029620134,0.991753677394738,0.9310091401783757,0.991753677394738,False,876,1950379,2556277
155000,0.0005306383750825913,0.019093851132686083,0.00020198492987014765,4.8899239010482827e-05,2.1186440677966103,2.0,1.4271548769505682,/net/nfs-ip34/jbod2/def-ilafores/ref_dbs/sourmash_db/RefSeq_20250528.k31.sbt.zip,GCF_022453915.1_ASM2245391v1_genomic,54c821fbffdc1aacdf2b93cd12e19242,0.05016181229773463,59000,196,170732000,/nfs3_ib/nfs-ip34/home/def-ilafores/analysis/MethodsComparison/Feces_RA/preproc/SRR5091524/SRR5091524_unmatched_2.fastq,SRR5091524,6d088e50,292101000,31,DNA,1000,292101,True,0.7840582766998796,0.9079805707311309,0.8460194237155052,0.9079805707311309,False,125,1950504,2556277
87000,0.00029784218472377706,0.018012422360248446,0.00019856145648251803,0.0001768196482619059,7.793103448275862,1.0,12.35782401988877,/net/nfs-ip34/jbod2/def-ilafores/ref_dbs/sourmash_db/RefSeq_20250528.k31.sbt.zip,GCF_044324945.1_ASM4432494v1_genomic,d941499676ba65c47aeee15f709cbc7a,0.02701863354037267,58000,197,170674000,/nfs3_ib/nfs-ip34/home/def-ilafores/analysis/MethodsComparison/Feces_RA/preproc/SRR5091524/SRR5091524_unmatched_2.fastq,SRR5091524,6d088e50,292101000,31,DNA,1000,292101,True,0.7695868169977136,0.8900378913809387,0.8298123541893261,0.8900378913809387,False,452,1950956,2556277
254000,0.0008695622404579238,0.01489417298144761,0.0001951379830948884,0.00012713802142725534,5.701754385964913,2.0,12.21871574536332,/net/nfs-ip34/jbod2/def-ilafores/ref_dbs/sourmash_db/RefSeq_20250528.k31.sbt.zip,GCF_020736365.1_ASM2073636v1_genomic,31dce30d78c030ed012824aeb71a6951,0.06637052521557356,57000,198,170617000,/nfs3_ib/nfs-ip34/home/def-ilafores/analysis/MethodsComparison/Feces_RA/preproc/SRR5091524/SRR5091524_unmatched_2.fastq,SRR5091524,6d088e50,292101000,31,DNA,1000,292101,True,0.7966503726775226,0.9162188060848635,0.8564345893811931,0.9162188060848635,False,325,1951281,2556277
170000,0.0005819904758970356,0.008338209479227619,0.0001951379830948884,3.520745208754763e-05,1.5789473684210527,1.0,1.5326547135327404,/net/nfs-ip34/jbod2/def-ilafores/ref_dbs/sourmash_db/RefSeq_20250528.k31.sbt.zip,GCF_025149285.1_ASM2514928v1_genomic,0f58288732b3804f3c8d60da453de357,0.0248683440608543,57000,199,170560000,/nfs3_ib/nfs-ip34/home/def-ilafores/analysis/MethodsComparison/Feces_RA/preproc/SRR5091524/SRR5091524_unmatched_2.fastq,SRR5091524,6d088e50,292101000,31,DNA,1000,292101,True,0.7863980857479513,0.8876600472676811,0.8370290665078162,0.8876600472676811,False,90,1951371,2556277
1491000,0.005104398820955766,0.01975736568457539,0.0001951379830948884,0.00022611008118447257,10.140350877192983,9.0,8.962766248444373,/net/nfs-ip34/jbod2/def-ilafores/ref_dbs/sourmash_db/RefSeq_20250528.k31.sbt.zip,GCF_002586945.1_ASM258694v1_genomic,37548ff8695f19adfb807e1221069651,0.5168110918544194,57000,200,170503000,/nfs3_ib/nfs-ip34/home/def-ilafores/analysis/MethodsComparison/Feces_RA/preproc/SRR5091524/SRR5091524_unmatched_2.fastq,SRR5091524,6d088e50,292101000,31,DNA,1000,292101,True,0.8434565769157146,0.9789322576225731,0.9111944172691439,0.9789322576225731,False,578,1951949,2556277
2052000,0.007024967391415983,0.009892398472752516,0.0001951379830948884,2.855715558212197e-05,1.280701754385965,1.0,0.642210709393794,/net/nfs-ip34/jbod2/def-ilafores/ref_dbs/sourmash_db/RefSeq_20250528.k31.sbt.zip,GCF_018314115.1_ASM1831411v1_genomic,cc0678c96e1a919b29d62f5dbb835447,0.3561263450190906,57000,201,170446000,/nfs3_ib/nfs-ip34/home/def-ilafores/analysis/MethodsComparison/Feces_RA/preproc/SRR5091524/SRR5091524_unmatched_2.fastq,SRR5091524,6d088e50,292101000,31,DNA,1000,292101,True,0.8521909411577953,0.9672430463740466,0.9097169937659209,0.9672430463740466,False,73,1952022,2556277
56000,0.0001917145097072588,0.019725255371609723,0.0001917145097072588,2.3080440812947894e-05,1.0535714285714286,1.0,0.22517000380211594,/net/nfs-ip34/jbod2/def-ilafores/ref_dbs/sourmash_db/RefSeq_20250528.k31.sbt.zip,GCF_010230935.1_ASM1023093v1_genomic,1d40e27c5077d5a9d0d5ebe809d825d6,0.019725255371609723,56000,202,170390000,/nfs3_ib/nfs-ip34/home/def-ilafores/analysis/MethodsComparison/Feces_RA/preproc/SRR5091524/SRR5091524_unmatched_2.fastq,SRR5091524,6d088e50,292101000,31,DNA,1000,292101,True,0.7587271843325981,0.881050354246161,0.8198887692893795,0.881050354246161,False,59,1952081,2556277
538000,0.0018418286825447362,0.015114709851551956,0.0001917145097072588,6.415580158175346e-05,2.9285714285714284,1.0,3.5499353256540505,/net/nfs-ip34/jbod2/def-ilafores/ref_dbs/sourmash_db/RefSeq_20250528.k31.sbt.zip,GCF_025147905.1_ASM2514790v1_genomic,c5e7fe36cbc07f4ac5cce0f7ee4db8ee,0.14520917678812414,56000,203,170334000,/nfs3_ib/nfs-ip34/home/def-ilafores/analysis/MethodsComparison/Feces_RA/preproc/SRR5091524/SRR5091524_unmatched_2.fastq,SRR5091524,6d088e50,292101000,31,DNA,1000,292101,True,0.8161730180490617,0.9396530990404337,0.8779130585447477,0.9396530990404337,False,164,1952245,2556277
144000,0.0004929801678186655,0.01556852932999722,0.0001917145097072588,7.237087373551458e-05,3.3035714285714284,1.0,13.735927399728503,/net/nfs-ip34/jbod2/def-ilafores/ref_dbs/sourmash_db/RefSeq_20250528.k31.sbt.zip,GCF_000265365.1_ASM26536v1_genomic,79a393fb99d8977a1fe96a36cabdd09c,0.040033361134278564,56000,204,170278000,/nfs3_ib/nfs-ip34/home/def-ilafores/analysis/MethodsComparison/Feces_RA/preproc/SRR5091524/SRR5091524_unmatched_2.fastq,SRR5091524,6d088e50,292101000,31,DNA,1000,292101,True,0.7821986804600761,0.9013985195643511,0.8417986000122136,0.9013985195643511,False,185,1952430,2556277
3659000,0.012526489125336784,0.01061410159211524,0.0001917145097072588,0.0004944691048740023,22.571428571428573,5.0,25.07122507039918,/net/nfs-ip34/jbod2/def-ilafores/ref_dbs/sourmash_db/RefSeq_20250528.k31.sbt.zip,GCF_018291785.1_ASM1829178v1_genomic,94290db9715a9c6fca358ac639119d83,0.6935178165276725,56000,205,170222000,/nfs3_ib/nfs-ip34/home/def-ilafores/analysis/MethodsComparison/Feces_RA/preproc/SRR5091524/SRR5091524_unmatched_2.fastq,SRR5091524,6d088e50,292101000,31,DNA,1000,292101,True,0.8682397340200335,0.9882636612845812,0.9282516976523074,0.9882636612845812,False,1264,1953694,2556277
684000,0.002341655797138661,0.018958979662185453,0.00018829103631962918,3.207790079087673e-05,1.490909090909091,1.0,1.3331129294416992,/net/nfs-ip34/jbod2/def-ilafores/ref_dbs/sourmash_db/RefSeq_20250528.k31.sbt.zip,GCF_025144995.1_ASM2514499v1_genomic,80a0c7df05d28f92f6b93af8a523bc03,0.23578076525336092,55000,206,170167000,/nfs3_ib/nfs-ip34/home/def-ilafores/analysis/MethodsComparison/Feces_RA/preproc/SRR5091524/SRR5091524_unmatched_2.fastq,SRR5091524,6d088e50,292101000,31,DNA,1000,292101,True,0.8225189360886029,0.9544613233292392,0.888490129708921,0.9544613233292392,False,82,1953776,2556277
323000,0.0011057819042043678,0.0175609756097561,0.00018486756293199953,8.528027283428205e-05,4.037037037037037,2.0,6.306853893635502,/net/nfs-ip34/jbod2/def-ilafores/ref_dbs/sourmash_db/RefSeq_20250528.k31.sbt.zip,GCF_042848525.1_ASM4284852v1_genomic,268c95f33661b42130c76be0c47d4640,0.10504065040650407,54000,207,170113000,/nfs3_ib/nfs-ip34/home/def-ilafores/analysis/MethodsComparison/Feces_RA/preproc/SRR5091524/SRR5091524_unmatched_2.fastq,SRR5091524,6d088e50,292101000,31,DNA,1000,292101,True,0.8028501619412666,0.9298885153085623,0.8663693386249145,0.9298885153085623,False,218,1953994,2556277
4133000,0.014149215511073225,0.007546074590044986,0.0001780206161567403,0.00015647756483354503,7.6923076923076925,4.0,8.282368811885563,/net/nfs-ip34/jbod2/def-ilafores/ref_dbs/sourmash_db/RefSeq_20250528.k31.sbt.zip,GCF_020091525.1_ASM2009152v1_genomic,8f3ea558ca4f6e771ca0f137efec6697,0.5997678130895371,52000,208,170061000,/nfs3_ib/nfs-ip34/home/def-ilafores/analysis/MethodsComparison/Feces_RA/preproc/SRR5091524/SRR5091524_unmatched_2.fastq,SRR5091524,6d088e50,292101000,31,DNA,1000,292101,True,0.8716581701609912,0.983644496246474,0.9276513332037326,0.983644496246474,False,400,1954394,2556277
2874000,0.009839062516047532,0.010087025316455696,0.00017459714276911068,0.00010014564149346882,5.019607843137255,2.0,7.455726042888457,/net/nfs-ip34/jbod2/def-ilafores/ref_dbs/sourmash_db/RefSeq_20250528.k31.sbt.zip,GCF_012273055.1_ASM1227305v1_genomic,c1884ac4d25c83812a1bdd52c3c7dc1b,0.5684335443037974,51000,209,170010000,/nfs3_ib/nfs-ip34/home/def-ilafores/analysis/MethodsComparison/Feces_RA/preproc/SRR5091524/SRR5091524_unmatched_2.fastq,SRR5091524,6d088e50,292101000,31,DNA,1000,292101,True,0.8615025586094056,0.9819433693847497,0.9217229639970776,0.9819433693847497,False,256,1954650,2556277
1702000,0.005826751705745615,0.008223153821347952,0.00017459714276911068,4.107536076880557e-05,2.0588235294117645,2.0,1.2896536197964978,/net/nfs-ip34/jbod2/def-ilafores/ref_dbs/sourmash_db/RefSeq_20250528.k31.sbt.zip,GCF_013112035.1_ASM1311203v1_genomic,2c7f1ed5ed72fbc8e35c73aaa96fdec4,0.2744276039987101,51000,210,169959000,/nfs3_ib/nfs-ip34/home/def-ilafores/analysis/MethodsComparison/Feces_RA/preproc/SRR5091524/SRR5091524_unmatched_2.fastq,SRR5091524,6d088e50,292101000,31,DNA,1000,292101,True,0.8470654814100682,0.9591461050812673,0.9031057932456678,0.9591461050812673,False,105,1954755,2556277
524000,0.0017939000551179215,0.01504424778761062,0.00017459714276911068,2.268924690086403e-05,1.1372549019607843,1.0,0.3970285633591488,/net/nfs-ip34/jbod2/def-ilafores/ref_dbs/sourmash_db/RefSeq_20250528.k31.sbt.zip,GCF_020735445.1_ASM2073544v1_genomic,914c0a88ebdaaccdb90ec78fe93e1fa1,0.15457227138643068,51000,211,169908000,/nfs3_ib/nfs-ip34/home/def-ilafores/analysis/MethodsComparison/Feces_RA/preproc/SRR5091524/SRR5091524_unmatched_2.fastq,SRR5091524,6d088e50,292101000,31,DNA,1000,292101,True,0.8154791218104588,0.9415490607591379,0.8785140912847984,0.9415490607591379,False,58,1954813,2556277
92000,0.00031495955166192514,0.02225130890052356,0.00017459714276911068,0.00021320068208570512,10.686274509803921,2.0,12.257834943140319,/net/nfs-ip34/jbod2/def-ilafores/ref_dbs/sourmash_db/RefSeq_20250528.k31.sbt.zip,GCF_023921805.1_ASM2392180v1_genomic,0c9f72c07cb9e22587452a97c47fbca1,0.04013961605584642,51000,212,169857000,/nfs3_ib/nfs-ip34/home/def-ilafores/analysis/MethodsComparison/Feces_RA/preproc/SRR5091524/SRR5091524_unmatched_2.fastq,SRR5091524,6d088e50,292101000,31,DNA,1000,292101,True,0.7709753217588138,0.9014755966007254,0.8362254591797695,0.9014755966007254,False,545,1955358,2556277
1452000,0.00497088335883821,0.021767522855899,0.00017117366938148107,5.946147463674711e-05,3.04,3.0,2.2974768769239007,/net/nfs-ip34/jbod2/def-ilafores/ref_dbs/sourmash_db/RefSeq_20250528.k31.sbt.zip,GCF_014489955.1_ASM1448995v1_genomic,579fa51da431e95a9307700dadd79bea,0.632128863735307,50000,213,169807000,/nfs3_ib/nfs-ip34/home/def-ilafores/analysis/MethodsComparison/Feces_RA/preproc/SRR5091524/SRR5091524_unmatched_2.fastq,SRR5091524,6d088e50,292101000,31,DNA,1000,292101,True,0.8427357265031807,0.9853133676863112,0.9140245470947459,0.9853133676863112,False,152,1955510,2556277
1126000,0.0038548310344709534,0.013259082471492973,0.00017117366938148107,0.00016860457610814476,8.62,1.0,13.618942690238477,/net/nfs-ip34/jbod2/def-ilafores/ref_dbs/sourmash_db/RefSeq_20250528.k31.sbt.zip,GCF_964272005.1_LUMC_Rgna_QRD009_genomic,a984777914b479613bf58f81661532d6,0.29859453725802176,50000,214,169757000,/nfs3_ib/nfs-ip34/home/def-ilafores/analysis/MethodsComparison/Feces_RA/preproc/SRR5091524/SRR5091524_unmatched_2.fastq,SRR5091524,6d088e50,292101000,31,DNA,1000,292101,True,0.8358516512012765,0.9617609878791514,0.898806319540214,0.9617609878791514,False,431,1955941,2556277
4388000,0.015022201224918779,0.008061915511125443,0.00017117366938148107,7.862997632885638e-05,4.02,2.5,5.863411975974399,/net/nfs-ip34/jbod2/def-ilafores/ref_dbs/sourmash_db/RefSeq_20250528.k31.sbt.zip,GCF_016117715.1_ASM1611771v1_genomic,13dfd9c126207f9d424bf58f34d8dd9d,0.7075137052563689,50000,215,169707000,/nfs3_ib/nfs-ip34/home/def-ilafores/analysis/MethodsComparison/Feces_RA/preproc/SRR5091524/SRR5091524_unmatched_2.fastq,SRR5091524,6d088e50,292101000,31,DNA,1000,292101,True,0.8733432219817392,0.9889008207116315,0.9311220213466853,0.9889008207116315,False,201,1956142,2556277
