intersect_bp,f_orig_query,f_match,f_unique_to_query,f_unique_weighted,average_abund,median_abund,std_abund,filename,name,md5,f_match_orig,unique_intersect_bp,gather_result_rank,remaining_bp,query_filename,query_name,query_md5,query_bp,ksize,moltype,scaled,query_n_hashes,query_abundance,query_containment_ani,match_containment_ani,average_containment_ani,max_containment_ani,potential_false_negative,n_unique_weighted_found,sum_weighted_found,total_weighted_hashes
5463000,0.013464287474737517,0.8332824893227577,0.013464287474737517,0.017419850306051157,19.323814753798278,7.0,131.7000848544458,/net/nfs-ip34/jbod2/def-ilafores/ref_dbs/sourmash_db/RefSeq_20250528.k31.sbt.zip,GCF_025263845.1_ASM2526384v1_genomic,d20001d187626a256609db74af93bd0e,0.8332824893227577,5463000,0,400277000,/nfs3_ib/nfs-ip34/home/def-ilafores/analysis/MethodsComparison/Feces_RA/preproc/SRR5091492/SRR5091492_unmatched_2.fastq,SRR5091492,f08dcfbd,405740000,31,DNA,1000,405740,True,0.8702641164130338,0.9941339640136511,0.9321990402133424,0.9941339640136511,False,105566,105566,6060098
5320000,0.013111845023906936,0.741362428311652,0.01306255237344112,0.028308783125289394,32.36867924528302,29.0,40.84211108498493,/net/nfs-ip34/jbod2/def-ilafores/ref_dbs/sourmash_db/RefSeq_20250528.k31.sbt.zip,GCF_918258265.1_BOVAC1_genomic,d7ca7470d77ebe0344d62e56d1ab47e0,0.7441600223807525,5300000,1,394977000,/nfs3_ib/nfs-ip34/home/def-ilafores/analysis/MethodsComparison/Feces_RA/preproc/SRR5091492/SRR5091492_unmatched_2.fastq,SRR5091492,f08dcfbd,405740000,31,DNA,1000,405740,True,0.8695198036153887,0.9905130559853521,0.9300164298003704,0.9905130559853521,False,171554,277120,6060098
5106000,0.01258441366392271,0.9522561318105224,0.012535121013456893,0.222836495383408,265.5153362170665,261.0,111.7777117454749,/net/nfs-ip34/jbod2/def-ilafores/ref_dbs/sourmash_db/RefSeq_20250528.k31.sbt.zip,GCF_025916455.1_ASM2591645v1_genomic,27ccee7b3170a58b99749b4c684abf80,0.9560007489234226,5086000,2,389891000,/nfs3_ib/nfs-ip34/home/def-ilafores/analysis/MethodsComparison/Feces_RA/preproc/SRR5091492/SRR5091492_unmatched_2.fastq,SRR5091492,f08dcfbd,405740000,31,DNA,1000,405740,True,0.8683689574612609,0.998549550257962,0.9334592538596114,0.998549550257962,False,1350411,1627531,6060098
5111000,0.012596736826539163,0.7385117106433442,0.012278799231034653,0.007176286588104681,8.729225210758731,4.0,27.096396770538885,/net/nfs-ip34/jbod2/def-ilafores/ref_dbs/sourmash_db/RefSeq_20250528.k31.sbt.zip,GCF_025914275.1_ASM2591427v1_genomic,00f84a19a7eccd4339a873932a896c19,0.7576341535724874,4982000,3,384909000,/nfs3_ib/nfs-ip34/home/def-ilafores/analysis/MethodsComparison/Feces_RA/preproc/SRR5091492/SRR5091492_unmatched_2.fastq,SRR5091492,f08dcfbd,405740000,31,DNA,1000,405740,True,0.8683963748502238,0.9910865860893998,0.9297414804698119,0.9910865860893998,False,43489,1671020,6060098
4875000,0.012015083551042539,0.013630272804604307,0.011808054419086115,0.007553838238259513,9.554790231684409,2.0,141.89057828821453,/net/nfs-ip34/jbod2/def-ilafores/ref_dbs/sourmash_db/RefSeq_20250528.k31.sbt.zip,plasmid.7.1.genomic,7a8c695160f2da22a8aff644e0702b99,0.013869250662167813,4791000,4,380118000,/nfs3_ib/nfs-ip34/home/def-ilafores/analysis/MethodsComparison/Feces_RA/preproc/SRR5091492/SRR5091492_unmatched_2.fastq,SRR5091492,f08dcfbd,405740000,31,DNA,1000,405740,True,0.8670730803374718,0.8710964136314195,0.8690847469844456,0.8710964136314195,False,45777,1716797,6060098
4633000,0.011418642480406171,0.8609645817633761,0.011263370631438853,0.02179222184195701,28.89781181619256,21.0,77.59734097008483,/net/nfs-ip34/jbod2/def-ilafores/ref_dbs/sourmash_db/RefSeq_20250528.k31.sbt.zip,GCF_024759485.1_ASM2475948v1_genomic,9da38a9733af7807a37d2b3cea1d9a69,0.8728334589299171,4570000,5,375548000,/nfs3_ib/nfs-ip34/home/def-ilafores/analysis/MethodsComparison/Feces_RA/preproc/SRR5091492/SRR5091492_unmatched_2.fastq,SRR5091492,f08dcfbd,405740000,31,DNA,1000,405740,True,0.8656501376643287,0.9956221749282548,0.9306361562962917,0.9956221749282548,False,132063,1848860,6060098
4174000,0.010287376152215704,0.7929292929292929,0.0096736826539163,0.013044508521149328,20.140382165605097,17.0,40.69659573370417,/net/nfs-ip34/jbod2/def-ilafores/ref_dbs/sourmash_db/RefSeq_20250528.k31.sbt.zip,GCF_032452855.1_ASM3245285v1_genomic,d3b7db64a3ee051cbbe16b797861660f,0.8432323232323232,3925000,6,371623000,/nfs3_ib/nfs-ip34/home/def-ilafores/analysis/MethodsComparison/Feces_RA/preproc/SRR5091492/SRR5091492_unmatched_2.fastq,SRR5091492,f08dcfbd,405740000,31,DNA,1000,405740,True,0.8627417086061978,0.994514687699495,0.9286281981528464,0.994514687699495,False,79051,1927911,6060098
3927000,0.009678611918962883,0.875515818431912,0.009412431606447478,0.0083709867398184,13.283320240900759,11.0,23.683163545706698,/net/nfs-ip34/jbod2/def-ilafores/ref_dbs/sourmash_db/RefSeq_20250528.k31.sbt.zip,GCF_020735605.1_ASM2073560v1_genomic,bf79e48da9be9fcacdb5c95f57331d86,0.9002751031636864,3819000,7,367804000,/nfs3_ib/nfs-ip34/home/def-ilafores/analysis/MethodsComparison/Feces_RA/preproc/SRR5091492/SRR5091492_unmatched_2.fastq,SRR5091492,f08dcfbd,405740000,31,DNA,1000,405740,True,0.8610457516006349,0.9966168682405998,0.9288313099206174,0.9966168682405998,False,50729,1978640,6060098
3973000,0.009791985015034258,0.7366043933483885,0.00884310149356731,0.03556592649161779,60.07051282051282,57.0,40.77465180385808,/net/nfs-ip34/jbod2/def-ilafores/ref_dbs/sourmash_db/RefSeq_20250528.k31.sbt.zip,GCF_018289295.1_ASM1828929v1_genomic,efcaf620d43a1e990655112ba5460db1,0.8156436050092384,3588000,8,364216000,/nfs3_ib/nfs-ip34/home/def-ilafores/analysis/MethodsComparison/Feces_RA/preproc/SRR5091492/SRR5091492_unmatched_2.fastq,SRR5091492,f08dcfbd,405740000,31,DNA,1000,405740,True,0.8613692795138909,0.993448081325662,0.9274086804197764,0.993448081325662,False,215533,2194173,6060098
3727000,0.009185685414304727,0.6961451247165533,0.008323064031152955,0.09726822899563671,174.54989635771395,191.0,87.14865302206613,/net/nfs-ip34/jbod2/def-ilafores/ref_dbs/sourmash_db/RefSeq_20250528.k31.sbt.zip,GCF_006742345.1_ASM674234v1_genomic,aa13184474b5d866ab5daea20b7e99ed,0.7682951968666254,3377000,9,360839000,/nfs3_ib/nfs-ip34/home/def-ilafores/analysis/MethodsComparison/Feces_RA/preproc/SRR5091492/SRR5091492_unmatched_2.fastq,SRR5091492,f08dcfbd,405740000,31,DNA,1000,405740,True,0.8595950809045816,0.9915334241219123,0.9255642525132469,0.9915334241219123,False,589455,2783628,6060098
3284000,0.008093853206486912,0.7532163742690059,0.007936116724996303,0.0027976445265406598,5.265217391304348,3.0,20.44566731386537,/net/nfs-ip34/jbod2/def-ilafores/ref_dbs/sourmash_db/RefSeq_20250528.k31.sbt.zip,GCF_900187175.1_51342_A02_genomic,ebb5322e84d5def69ea51d3ef551ea04,0.768187134502924,3220000,10,357619000,/nfs3_ib/nfs-ip34/home/def-ilafores/analysis/MethodsComparison/Feces_RA/preproc/SRR5091492/SRR5091492_unmatched_2.fastq,SRR5091492,f08dcfbd,405740000,31,DNA,1000,405740,True,0.8560933814187679,0.9915289250641578,0.9238111532414628,0.9915289250641578,False,16954,2800582,6060098
4773000,0.01176369103366688,0.465210608424337,0.007349534184453098,0.006471512506893453,13.151576123407109,10.0,15.47158846060652,/net/nfs-ip34/jbod2/def-ilafores/ref_dbs/sourmash_db/RefSeq_20250528.k31.sbt.zip,GCF_024758345.1_ASM2475834v1_genomic,183a75b530ce328e418f91cd67bce618,0.7446177847113885,2982000,11,354637000,/nfs3_ib/nfs-ip34/home/def-ilafores/analysis/MethodsComparison/Feces_RA/preproc/SRR5091492/SRR5091492_unmatched_2.fastq,SRR5091492,f08dcfbd,405740000,31,DNA,1000,405740,True,0.8664818523893347,0.9905327051002799,0.9285072787448073,0.9905327051002799,False,39218,2839800,6060098
4405000,0.010856706265095875,0.5055631465937926,0.006383398235323114,0.023792519526911943,55.66988416988417,44.0,100.11286825545491,/net/nfs-ip34/jbod2/def-ilafores/ref_dbs/sourmash_db/RefSeq_20250528.k31.sbt.zip,GCF_020091465.1_ASM2009146v1_genomic,cfcaa7d93ee12c43b81dc72fd8321792,0.8598477454616436,2590000,12,352047000,/nfs3_ib/nfs-ip34/home/def-ilafores/analysis/MethodsComparison/Feces_RA/preproc/SRR5091492/SRR5091492_unmatched_2.fastq,SRR5091492,f08dcfbd,405740000,31,DNA,1000,405740,True,0.8642421076104563,0.9951408779304829,0.9296914927704696,0.9951408779304829,False,144185,2983985,6060098
2549000,0.006282348301868191,0.6665794294687255,0.00627741903682161,0.0026756993038726438,6.366313309776207,4.0,11.748263029471639,/net/nfs-ip34/jbod2/def-ilafores/ref_dbs/sourmash_db/RefSeq_20250528.k31.sbt.zip,GCF_014287515.2_ASM1428751v2_genomic,ba44e405458705e9ab11b89381454753,0.6671028526563727,2547000,13,349500000,/nfs3_ib/nfs-ip34/home/def-ilafores/analysis/MethodsComparison/Feces_RA/preproc/SRR5091492/SRR5091492_unmatched_2.fastq,SRR5091492,f08dcfbd,405740000,31,DNA,1000,405740,True,0.849125098077,0.9870264705149311,0.9180757842959655,0.9870264705149311,False,16215,3000200,6060098
2582000,0.006363681175136787,0.7906182044113078,0.0062724897717750284,0.010034986232895903,23.8950884086444,15.0,61.608954355834484,/net/nfs-ip34/jbod2/def-ilafores/ref_dbs/sourmash_db/RefSeq_20250528.k31.sbt.zip,GCF_006542725.1_Aond_3.0_genomic,7fbb97287421b4f5df527beb1443bd37,0.8021124572848711,2545000,14,346955000,/nfs3_ib/nfs-ip34/home/def-ilafores/analysis/MethodsComparison/Feces_RA/preproc/SRR5091492/SRR5091492_unmatched_2.fastq,SRR5091492,f08dcfbd,405740000,31,DNA,1000,405740,True,0.8494775078951535,0.9929121266925502,0.9211948172938519,0.9929121266925502,False,60813,3061013,6060098
2810000,0.006925617390447085,0.6455338809034907,0.006198550796076305,0.0042157734082848165,10.158250497017892,7.0,29.007540092664005,/net/nfs-ip34/jbod2/def-ilafores/ref_dbs/sourmash_db/RefSeq_20250528.k31.sbt.zip,GCF_025147325.1_ASM2514732v1_genomic,0878062848e44bf823b15b8a5d1eba75,0.721252566735113,2515000,15,344440000,/nfs3_ib/nfs-ip34/home/def-ilafores/analysis/MethodsComparison/Feces_RA/preproc/SRR5091492/SRR5091492_unmatched_2.fastq,SRR5091492,f08dcfbd,405740000,31,DNA,1000,405740,True,0.8517994803817212,0.9895145243607462,0.9206570023712337,0.9895145243607462,False,25548,3086561,6060098
2216000,0.005461625671612362,0.5273939971414959,0.005456696406565781,0.0010616990022273567,2.906052393857272,2.0,5.719681029836578,/net/nfs-ip34/jbod2/def-ilafores/ref_dbs/sourmash_db/RefSeq_20250528.k31.sbt.zip,GCF_020181555.1_ASM2018155v1_genomic,8469ab5e4b1c2b2c7b791e98ae874535,0.5278704144830871,2214000,16,342226000,/nfs3_ib/nfs-ip34/home/def-ilafores/analysis/MethodsComparison/Feces_RA/preproc/SRR5091492/SRR5091492_unmatched_2.fastq,SRR5091492,f08dcfbd,405740000,31,DNA,1000,405740,True,0.8452990577630689,0.9796011097456853,0.9124500837543771,0.9796011097456853,False,6434,3092995,6060098
2158000,0.005318676985261498,0.7272418478260869,0.005276778232365554,0.006714742896897047,19.006071929005138,16.0,23.04144997879125,/net/nfs-ip34/jbod2/def-ilafores/ref_dbs/sourmash_db/RefSeq_20250528.k31.sbt.zip,GCF_019967975.1_ASM1996797v1_genomic,2c2d74013e8cf3a4113eeeae8dce1511,0.733016304347826,2141000,17,340085000,/nfs3_ib/nfs-ip34/home/def-ilafores/analysis/MethodsComparison/Feces_RA/preproc/SRR5091492/SRR5091492_unmatched_2.fastq,SRR5091492,f08dcfbd,405740000,31,DNA,1000,405740,True,0.844576175461827,0.9900310761862344,0.9173036258240307,0.9900310761862344,False,40692,3133687,6060098
2205000,0.005434514713856164,0.5261981624037745,0.005222556316853157,0.00942179482906052,26.94525719679094,27.0,12.451769147427017,/net/nfs-ip34/jbod2/def-ilafores/ref_dbs/sourmash_db/RefSeq_20250528.k31.sbt.zip,GCF_027923645.1_ASM2792364v1_genomic,9fb8a945f847c19c6bae95891438e391,0.5475540104296002,2119000,18,337966000,/nfs3_ib/nfs-ip34/home/def-ilafores/analysis/MethodsComparison/Feces_RA/preproc/SRR5091492/SRR5091492_unmatched_2.fastq,SRR5091492,f08dcfbd,405740000,31,DNA,1000,405740,True,0.8451633774315138,0.9807586792866482,0.912961028359081,0.9807586792866482,False,57097,3190784,6060098
1967000,0.004847932173312959,0.6229900786862812,0.004488095824912506,0.002005248099948219,6.673256452498627,3.0,11.090080651030826,/net/nfs-ip34/jbod2/def-ilafores/ref_dbs/sourmash_db/RefSeq_20250528.k31.sbt.zip,GCF_019967955.1_ASM1996795v1_genomic,815b92b0272af68e89d6f30eed8923eb,0.6729387615463565,1821000,19,336145000,/nfs3_ib/nfs-ip34/home/def-ilafores/analysis/MethodsComparison/Feces_RA/preproc/SRR5091492/SRR5091492_unmatched_2.fastq,SRR5091492,f08dcfbd,405740000,31,DNA,1000,405740,True,0.8420551442761579,0.9873038351451429,0.9146794897106504,0.9873038351451429,False,12152,3202936,6060098
1776000,0.00437718736136442,0.7466329966329966,0.004372258096317839,0.0049373789004732264,16.866403607666292,16.0,7.8704038556961615,/net/nfs-ip34/jbod2/def-ilafores/ref_dbs/sourmash_db/RefSeq_20250528.k31.sbt.zip,GCF_003945365.1_PFJ30894_01_genomic,41e393347aeaa24ab6fcfff277c4c1f9,0.7474747474747475,1774000,20,334371000,/nfs3_ib/nfs-ip34/home/def-ilafores/analysis/MethodsComparison/Feces_RA/preproc/SRR5091492/SRR5091492_unmatched_2.fastq,SRR5091492,f08dcfbd,405740000,31,DNA,1000,405740,True,0.839285114439619,0.9906550746325629,0.9149700945360909,0.9906550746325629,False,29921,3232857,6060098
1726000,0.004253955735199882,0.5110316040548599,0.004224380144920392,0.002625205070941097,9.281796966161027,8.0,5.662054707910373,/net/nfs-ip34/jbod2/def-ilafores/ref_dbs/sourmash_db/RefSeq_20250528.k31.sbt.zip,GCF_030296935.1_ASM3029693v1_genomic,291e68c00c79fc78c6a795fcc0b4b014,0.5146094215861657,1714000,21,332657000,/nfs3_ib/nfs-ip34/home/def-ilafores/analysis/MethodsComparison/Feces_RA/preproc/SRR5091492/SRR5091492_unmatched_2.fastq,SRR5091492,f08dcfbd,405740000,31,DNA,1000,405740,True,0.8385123250011961,0.9787974519369265,0.9086548884690613,0.9787974519369265,False,15909,3248766,6060098
1890000,0.0046581554690195695,0.44976731453599783,0.0040493912357667475,0.0012060861061982827,4.448569689592209,2.0,26.719234093912377,/net/nfs-ip34/jbod2/def-ilafores/ref_dbs/sourmash_db/RefSeq_20250528.k31.sbt.zip,GCF_025145845.1_ASM2514584v1_genomic,00191848f4049b7a1cb875559983f7c7,0.5173829728989872,1643000,22,331014000,/nfs3_ib/nfs-ip34/home/def-ilafores/analysis/MethodsComparison/Feces_RA/preproc/SRR5091492/SRR5091492_unmatched_2.fastq,SRR5091492,f08dcfbd,405740000,31,DNA,1000,405740,True,0.8409711476292527,0.9789671822991737,0.9099691649642132,0.9789671822991737,False,7309,3256075,6060098
1575000,0.003881796224182974,0.619779353821907,0.003876866959136393,0.0010612039607280279,4.08836617927527,3.0,2.8947106443666346,/net/nfs-ip34/jbod2/def-ilafores/ref_dbs/sourmash_db/RefSeq_20250528.k31.sbt.zip,GCF_020541925.1_ASM2054192v1_genomic,5dfb2de1c8a49d9f52117f79b9e8a991,0.6205673758865248,1573000,23,329441000,/nfs3_ib/nfs-ip34/home/def-ilafores/analysis/MethodsComparison/Feces_RA/preproc/SRR5091492/SRR5091492_unmatched_2.fastq,SRR5091492,f08dcfbd,405740000,31,DNA,1000,405740,True,0.8360396261181358,0.9847268330456078,0.9103832295818718,0.9847268330456078,False,6431,3262506,6060098
2087000,0.005143688076107852,0.26992561105207225,0.0037560999654951445,0.003842182090124615,15.278215223097114,9.0,44.06102631418373,/net/nfs-ip34/jbod2/def-ilafores/ref_dbs/sourmash_db/RefSeq_20250528.k31.sbt.zip,GCF_020341675.1_ASM2034167v1_genomic,bd2850a06cddf8a9c679f450156df141,0.3696422245837761,1524000,24,327917000,/nfs3_ib/nfs-ip34/home/def-ilafores/analysis/MethodsComparison/Feces_RA/preproc/SRR5091492/SRR5091492_unmatched_2.fastq,SRR5091492,f08dcfbd,405740000,31,DNA,1000,405740,True,0.8436652266644452,0.9684059969051995,0.9060356117848223,0.9684059969051995,False,23284,3285790,6060098
1536000,0.003785675555774634,0.40769644779332614,0.003733918272785528,0.0007486677608183894,2.9947194719471946,2.0,20.09883102122245,/net/nfs-ip34/jbod2/def-ilafores/ref_dbs/sourmash_db/RefSeq_20250528.k31.sbt.zip,GCF_015074785.1_ASM1507478v1_genomic,988b2ef58a54374a65546dbc194ca3be,0.4133476856835307,1515000,25,326402000,/nfs3_ib/nfs-ip34/home/def-ilafores/analysis/MethodsComparison/Feces_RA/preproc/SRR5091492/SRR5091492_unmatched_2.fastq,SRR5091492,f08dcfbd,405740000,31,DNA,1000,405740,True,0.8353636880758969,0.9719033542655668,0.9036335211707318,0.9719033542655668,False,4537,3290327,6060098
1597000,0.003936018139695371,0.2766747077379848,0.003674767092226549,0.0005349748469414191,2.1743796109993294,1.0,7.281476056551509,/net/nfs-ip34/jbod2/def-ilafores/ref_dbs/sourmash_db/RefSeq_20250528.k31.sbt.zip,GCF_025914175.1_ASM2591417v1_genomic,ba18ed1e33b6434317a63fe246283ba2,0.29634440526999445,1491000,26,324911000,/nfs3_ib/nfs-ip34/home/def-ilafores/analysis/MethodsComparison/Feces_RA/preproc/SRR5091492/SRR5091492_unmatched_2.fastq,SRR5091492,f08dcfbd,405740000,31,DNA,1000,405740,True,0.8364138132092601,0.9615263381047552,0.8989700756570076,0.9615263381047552,False,3242,3293569,6060098
1761000,0.004340217873515059,0.5214335910049192,0.0036575146645635138,0.0032832802373822995,13.407681940700808,12.0,8.687613654781229,/net/nfs-ip34/jbod2/def-ilafores/ref_dbs/sourmash_db/RefSeq_20250528.k31.sbt.zip,GCF_019968055.1_ASM1996805v1_genomic,68b64f4d4c3889600ebe30d1a4137e53,0.6187631763879129,1484000,27,323427000,/nfs3_ib/nfs-ip34/home/def-ilafores/analysis/MethodsComparison/Feces_RA/preproc/SRR5091492/SRR5091492_unmatched_2.fastq,SRR5091492,f08dcfbd,405740000,31,DNA,1000,405740,True,0.8390555116218406,0.9846343501566115,0.911844930889226,0.9846343501566115,False,19897,3313466,6060098
1504000,0.0037068073150293293,0.5103163686382394,0.0036575146645635138,0.0010192904471181818,4.162398921832884,2.0,8.201055987649363,/net/nfs-ip34/jbod2/def-ilafores/ref_dbs/sourmash_db/RefSeq_20250528.k31.sbt.zip,GCF_000210695.1_ASM21069v1_genomic,63c45790e4e0e34800467d47c7de68dd,0.517193947730399,1484000,28,321943000,/nfs3_ib/nfs-ip34/home/def-ilafores/analysis/MethodsComparison/Feces_RA/preproc/SRR5091492/SRR5091492_unmatched_2.fastq,SRR5091492,f08dcfbd,405740000,31,DNA,1000,405740,True,0.8347965499216228,0.9789556426998797,0.9068760963107512,0.9789556426998797,False,6177,3319643,6060098
1538000,0.0037906048208212156,0.20987654320987653,0.0034356977374673434,0.0008318347327056427,3.616212338593974,1.0,14.889638815187373,/net/nfs-ip34/jbod2/def-ilafores/ref_dbs/sourmash_db/RefSeq_20250528.k31.sbt.zip,GCF_041119805.1_ASM4111980v1_genomic,c08a9f2c3f75003dafbdf763488e0761,0.23155676001204456,1394000,29,320549000,/nfs3_ib/nfs-ip34/home/def-ilafores/analysis/MethodsComparison/Feces_RA/preproc/SRR5091492/SRR5091492_unmatched_2.fastq,SRR5091492,f08dcfbd,405740000,31,DNA,1000,405740,True,0.8353987535087066,0.9539048996088226,0.8946518265587646,0.9539048996088226,False,5041,3324684,6060098
1342000,0.0033075368462562233,0.20702634880803011,0.003253314930743826,0.0009280377974085568,4.260606060606061,1.0,22.056751036799533,/net/nfs-ip34/jbod2/def-ilafores/ref_dbs/sourmash_db/RefSeq_20250528.k31.sbt.zip,GCF_016889665.1_ASM1688966v1_genomic,93f73424a62c9a7810069426678c2739,0.2104767879548306,1320000,30,319229000,/nfs3_ib/nfs-ip34/home/def-ilafores/analysis/MethodsComparison/Feces_RA/preproc/SRR5091492/SRR5091492_unmatched_2.fastq,SRR5091492,f08dcfbd,405740000,31,DNA,1000,405740,True,0.8317331710442682,0.9509723234374889,0.8913527472408787,0.9509723234374889,False,5624,3330308,6060098
1385000,0.0034135160447577267,0.22279281058660874,0.002780105486271997,0.0003117111307440903,1.674645390070922,1.0,1.0346800556279268,/net/nfs-ip34/jbod2/def-ilafores/ref_dbs/sourmash_db/RefSeq_20250528.k31.sbt.zip,GCF_013792365.1_ASM1379236v1_genomic,82907ec0db5405fff38667fa9cdf3243,0.2735532293106854,1128000,31,318101000,/nfs3_ib/nfs-ip34/home/def-ilafores/analysis/MethodsComparison/Feces_RA/preproc/SRR5091492/SRR5091492_unmatched_2.fastq,SRR5091492,f08dcfbd,405740000,31,DNA,1000,405740,True,0.8325797989552068,0.9590473718631736,0.8958135854091902,0.9590473718631736,False,1889,3332197,6060098
1195000,0.002945235865332479,0.3082872928176796,0.0027505298959925074,0.0005110478411405228,2.775089605734767,2.0,4.361010402455154,/net/nfs-ip34/jbod2/def-ilafores/ref_dbs/sourmash_db/RefSeq_20250528.k31.sbt.zip,GCF_005121165.3_ASM512116v3_genomic,74059216b7cd65a7ff314267c1b83b8e,0.3301104972375691,1116000,32,316985000,/nfs3_ib/nfs-ip34/home/def-ilafores/analysis/MethodsComparison/Feces_RA/preproc/SRR5091492/SRR5091492_unmatched_2.fastq,SRR5091492,f08dcfbd,405740000,31,DNA,1000,405740,True,0.8286262978963563,0.9648790609066394,0.8967526794014979,0.9648790609066394,False,3097,3335294,6060098
4301000,0.010600384482673633,0.19238161803250042,0.002713560408143146,0.0028431883444789176,15.649409627611263,8.0,88.32599324523743,/net/nfs-ip34/jbod2/def-ilafores/ref_dbs/sourmash_db/RefSeq_20250528.k31.sbt.zip,GCF_042850145.1_ASM4285014v1_genomic,6350fb91e771d4a1538082fbe2684b37,0.7515289183994408,1101000,33,315884000,/nfs3_ib/nfs-ip34/home/def-ilafores/analysis/MethodsComparison/Feces_RA/preproc/SRR5091492/SRR5091492_unmatched_2.fastq,SRR5091492,f08dcfbd,405740000,31,DNA,1000,405740,True,0.8635762648098807,0.9908279483931511,0.9272021066015159,0.9908279483931511,False,17230,3352524,6060098
1109000,0.002733277468329472,0.2845176979194812,0.0025952580470251885,0.0007725947666192857,4.446343779677113,2.0,12.920246941487381,/net/nfs-ip34/jbod2/def-ilafores/ref_dbs/sourmash_db/RefSeq_20250528.k31.sbt.zip,GCF_005848555.1_ASM584855v1_genomic,1123379c731757b61c292acf7bd31a34,0.29964874358281546,1053000,34,314831000,/nfs3_ib/nfs-ip34/home/def-ilafores/analysis/MethodsComparison/Feces_RA/preproc/SRR5091492/SRR5091492_unmatched_2.fastq,SRR5091492,f08dcfbd,405740000,31,DNA,1000,405740,True,0.8266323135464211,0.9618703352595855,0.8942513244030033,0.9618703352595855,False,4682,3357206,6060098
1186000,0.0029230541726228618,0.3242821473158552,0.0025607531916991178,0.001237108706822893,7.215591915303176,2.0,29.191803855364917,/net/nfs-ip34/jbod2/def-ilafores/ref_dbs/sourmash_db/RefSeq_20250528.k31.sbt.zip,GCF_006542745.1_6CPBBH3_genomic,fd3fc44b40474382e7e9ffb3487da7b2,0.3701622971285893,1039000,35,313792000,/nfs3_ib/nfs-ip34/home/def-ilafores/analysis/MethodsComparison/Feces_RA/preproc/SRR5091492/SRR5091492_unmatched_2.fastq,SRR5091492,f08dcfbd,405740000,31,DNA,1000,405740,True,0.8284242477159743,0.968449918958857,0.8984370833374157,0.968449918958857,False,7497,3364703,6060098
1162000,0.002863902992063883,0.23257595098289507,0.002245280228717898,0.0003115461169109806,2.0724478594950604,1.0,2.5849387377686193,/net/nfs-ip34/jbod2/def-ilafores/ref_dbs/sourmash_db/RefSeq_20250528.k31.sbt.zip,GCF_020735725.1_ASM2073572v1_genomic,468818a695d78a01f7215c72831539a1,0.29665560377840183,911000,36,312881000,/nfs3_ib/nfs-ip34/home/def-ilafores/analysis/MethodsComparison/Feces_RA/preproc/SRR5091492/SRR5091492_unmatched_2.fastq,SRR5091492,f08dcfbd,405740000,31,DNA,1000,405740,True,0.8278781049521674,0.9615588932536041,0.8947184991028858,0.9615588932536041,False,1888,3366591,6060098
975000,0.002403016710208508,0.19614217598612918,0.0022304924335781536,0.0004193001499315688,2.8077348066298344,1.0,15.337692200954466,/net/nfs-ip34/jbod2/def-ilafores/ref_dbs/sourmash_db/RefSeq_20250528.k31.sbt.zip,GCF_032878895.1_ASM3287889v1_genomic,c900494a9310f6feff2b1d01e0c2af2d,0.21131339401820545,905000,37,311976000,/nfs3_ib/nfs-ip34/home/def-ilafores/analysis/MethodsComparison/Feces_RA/preproc/SRR5091492/SRR5091492_unmatched_2.fastq,SRR5091492,f08dcfbd,405740000,31,DNA,1000,405740,True,0.823205538295094,0.9510940230171193,0.8871497806561066,0.9510940230171193,False,2541,3369132,6060098
4642000,0.011440824173115788,0.13142514611119435,0.0021614827229260117,0.0017029427576913773,11.76738882554162,3.0,154.1439099667607,/net/nfs-ip34/jbod2/def-ilafores/ref_dbs/sourmash_db/RefSeq_20250528.k31.sbt.zip,GCF_024760065.1_ASM2476006v1_genomic,8926e6dbfdbe4c050b0786edbb8a4eb9,0.6956391428143264,877000,38,311099000,/nfs3_ib/nfs-ip34/home/def-ilafores/analysis/MethodsComparison/Feces_RA/preproc/SRR5091492/SRR5091492_unmatched_2.fastq,SRR5091492,f08dcfbd,405740000,31,DNA,1000,405740,True,0.8657043318913057,0.9883610299044242,0.927032680897865,0.9883610299044242,False,10320,3379452,6060098
1110000,0.002735742100852763,0.1517694272163444,0.0020505742593779266,0.0003887725908062873,2.831730769230769,1.0,6.681133949457362,/net/nfs-ip34/jbod2/def-ilafores/ref_dbs/sourmash_db/RefSeq_20250528.k31.sbt.zip,GCF_042852215.1_ASM4285221v1_genomic,d35409bea897b51a978082dedf226ca8,0.20248084640642103,832000,39,310267000,/nfs3_ib/nfs-ip34/home/def-ilafores/analysis/MethodsComparison/Feces_RA/preproc/SRR5091492/SRR5091492_unmatched_2.fastq,SRR5091492,f08dcfbd,405740000,31,DNA,1000,405740,True,0.826656347749173,0.9497849609957981,0.8882206543724855,0.9497849609957981,False,2356,3381808,6060098
4834000,0.011914033617587617,0.11290088521259614,0.0019174841031202247,0.004181945572497342,32.5745501285347,7.0,76.8164621931534,/net/nfs-ip34/jbod2/def-ilafores/ref_dbs/sourmash_db/RefSeq_20250528.k31.sbt.zip,GCF_020091525.1_ASM2009152v1_genomic,8f3ea558ca4f6e771ca0f137efec6697,0.7014947032361051,778000,40,309489000,/nfs3_ib/nfs-ip34/home/def-ilafores/analysis/MethodsComparison/Feces_RA/preproc/SRR5091492/SRR5091492_unmatched_2.fastq,SRR5091492,f08dcfbd,405740000,31,DNA,1000,405740,True,0.8668368820292817,0.9886283155452773,0.9277325987872795,0.9886283155452773,False,25343,3407151,6060098
987000,0.0024325923004879972,0.17339449541284405,0.0018632621876078276,0.0008612071949991568,6.9034391534391535,2.0,16.171859379529344,/net/nfs-ip34/jbod2/def-ilafores/ref_dbs/sourmash_db/RefSeq_20250528.k31.sbt.zip,GCF_042847785.1_ASM4284778v1_genomic,88019d6ddc2b537fe7ac87c23df45062,0.22637614678899082,756000,41,308733000,/nfs3_ib/nfs-ip34/home/def-ilafores/analysis/MethodsComparison/Feces_RA/preproc/SRR5091492/SRR5091492_unmatched_2.fastq,SRR5091492,f08dcfbd,405740000,31,DNA,1000,405740,True,0.8235304384607345,0.953208893999376,0.8883696662300553,0.953208893999376,False,5219,3412370,6060098
4744000,0.011692216690491447,0.0030269519804337823,0.0018484743924680831,0.0013656544828152945,11.034666666666666,2.0,148.8695854259321,/net/nfs-ip34/jbod2/def-ilafores/ref_dbs/sourmash_db/RefSeq_20250528.k31.sbt.zip,plasmid.1.1.genomic,8051cea624a45a3e4dc84e7fef1c6e83,0.01914648026023715,750000,42,307983000,/nfs3_ib/nfs-ip34/home/def-ilafores/analysis/MethodsComparison/Feces_RA/preproc/SRR5091492/SRR5091492_unmatched_2.fastq,SRR5091492,f08dcfbd,405740000,31,DNA,1000,405740,True,0.8663115250521192,0.8802043579687246,0.8732579415104219,0.8802043579687246,False,8276,3420646,6060098
722000,0.0017794646818159413,0.24210879785090664,0.0017770000492926504,0.00025181110932529475,2.116504854368932,2.0,1.6697577590689276,/net/nfs-ip34/jbod2/def-ilafores/ref_dbs/sourmash_db/RefSeq_20250528.k31.sbt.zip,GCF_000723465.1_Rb803_genomic,a0c72778e7e9a92bec9989c7d509e086,0.24244459368703827,721000,43,307262000,/nfs3_ib/nfs-ip34/home/def-ilafores/analysis/MethodsComparison/Feces_RA/preproc/SRR5091492/SRR5091492_unmatched_2.fastq,SRR5091492,f08dcfbd,405740000,31,DNA,1000,405740,True,0.815266612682387,0.9553198251010171,0.885293218891702,0.9553198251010171,False,1526,3422172,6060098
3911000,0.009639177798590231,0.13419257012888552,0.0017449598264898704,0.01621541433818397,138.795197740113,174.0,135.83163652022733,/net/nfs-ip34/jbod2/def-ilafores/ref_dbs/sourmash_db/RefSeq_20250528.k31.sbt.zip,GCF_018291785.1_ASM1829178v1_genomic,94290db9715a9c6fca358ac639119d83,0.7412812736921911,708000,44,306554000,/nfs3_ib/nfs-ip34/home/def-ilafores/analysis/MethodsComparison/Feces_RA/preproc/SRR5091492/SRR5091492_unmatched_2.fastq,SRR5091492,f08dcfbd,405740000,31,DNA,1000,405740,True,0.8609323599025631,0.9903892190602537,0.9256607894814084,0.9903892190602537,False,98267,3520439,6060098
906000,0.0022329570661014445,0.1491057961646197,0.001705525706117218,0.0008890945327946841,7.786127167630058,1.0,160.37340075217023,/net/nfs-ip34/jbod2/def-ilafores/ref_dbs/sourmash_db/RefSeq_20250528.k31.sbt.zip,GCF_025148635.1_ASM2514863v1_genomic,d4b0f7a75de0de86779fc9973ed01479,0.19521654815772463,692000,45,305862000,/nfs3_ib/nfs-ip34/home/def-ilafores/analysis/MethodsComparison/Feces_RA/preproc/SRR5091492/SRR5091492_unmatched_2.fastq,SRR5091492,f08dcfbd,405740000,31,DNA,1000,405740,True,0.8212587543430466,0.9486662267858176,0.8849624905644321,0.9486662267858176,False,5388,3525827,6060098
812000,0.002001281608912111,0.19690898683457356,0.0016956671760240548,0.0020422111985647757,17.988372093023255,15.0,18.845373984236364,/net/nfs-ip34/jbod2/def-ilafores/ref_dbs/sourmash_db/RefSeq_20250528.k31.sbt.zip,GCF_014337175.1_ASM1433717v1_genomic,a712134ff5fdebda1dc08f01019daf8a,0.23239839725243275,688000,46,305174000,/nfs3_ib/nfs-ip34/home/def-ilafores/analysis/MethodsComparison/Feces_RA/preproc/SRR5091492/SRR5091492_unmatched_2.fastq,SRR5091492,f08dcfbd,405740000,31,DNA,1000,405740,True,0.8183619451657915,0.9540165469047336,0.8861892460352625,0.9540165469047336,False,12376,3538203,6060098
1880000,0.0046335091437866615,0.1996325780771586,0.0016069404051855867,0.0016276964497933862,15.128834355828221,14.0,10.67299627853018,/net/nfs-ip34/jbod2/def-ilafores/ref_dbs/sourmash_db/RefSeq_20250528.k31.sbt.zip,GCF_000210735.1_ASM21073v1_genomic,112a151e28f067050905850dc0b386c2,0.5756276791181874,652000,47,304522000,/nfs3_ib/nfs-ip34/home/def-ilafores/analysis/MethodsComparison/Feces_RA/preproc/SRR5091492/SRR5091492_unmatched_2.fastq,SRR5091492,f08dcfbd,405740000,31,DNA,1000,405740,True,0.840827243947231,0.9823418230934086,0.9115845335203198,0.9823418230934086,False,9864,3548067,6060098
1270000,0.0031300833045792872,0.14692618086873963,0.0015256075319169911,0.0007663242409611197,7.502423263327948,1.0,17.471358808601853,/net/nfs-ip34/jbod2/def-ilafores/ref_dbs/sourmash_db/RefSeq_20250528.k31.sbt.zip,GCF_025151715.1_ASM2515171v1_genomic,9078f78f3ee2e2a4ff118532503c417a,0.3014478993591265,619000,48,303903000,/nfs3_ib/nfs-ip34/home/def-ilafores/analysis/MethodsComparison/Feces_RA/preproc/SRR5091492/SRR5091492_unmatched_2.fastq,SRR5091492,f08dcfbd,405740000,31,DNA,1000,405740,True,0.8302549633184614,0.9620560953987294,0.8961555293585954,0.9620560953987294,False,4644,3552711,6060098
3821000,0.00941736087149406,0.1295869154959111,0.0015231428993937005,0.0011394205176219923,11.173139158576053,7.0,13.997021996607534,/net/nfs-ip34/jbod2/def-ilafores/ref_dbs/sourmash_db/RefSeq_20250528.k31.sbt.zip,GCF_018289315.1_ASM1828931v1_genomic,b8882c82de7b01fc8d6d7c5d0f9c6851,0.8012161878800587,618000,49,303285000,/nfs3_ib/nfs-ip34/home/def-ilafores/analysis/MethodsComparison/Feces_RA/preproc/SRR5091492/SRR5091492_unmatched_2.fastq,SRR5091492,f08dcfbd,405740000,31,DNA,1000,405740,True,0.8602860444401373,0.9928763180918487,0.926581181265993,0.9928763180918487,False,6905,3559616,6060098
685000,0.0016882732784541826,0.13951374687571005,0.0015132843693005374,0.000176399787594194,1.741042345276873,1.0,3.133777765397131,/net/nfs-ip34/jbod2/def-ilafores/ref_dbs/sourmash_db/RefSeq_20250528.k31.sbt.zip,GCF_900683755.1_ASM90068375v1_genomic,8e291018769da4b390c897ca0d5c97dc,0.15564644399000227,614000,50,302671000,/nfs3_ib/nfs-ip34/home/def-ilafores/analysis/MethodsComparison/Feces_RA/preproc/SRR5091492/SRR5091492_unmatched_2.fastq,SRR5091492,f08dcfbd,405740000,31,DNA,1000,405740,True,0.8138842968444477,0.9417594228987334,0.8778218598715906,0.9417594228987334,False,1069,3560685,6060098
625000,0.0015403953270567358,0.1913240530916154,0.0014565978212648493,0.0002721078107977792,2.790186125211506,1.0,15.042296997138735,/net/nfs-ip34/jbod2/def-ilafores/ref_dbs/sourmash_db/RefSeq_20250528.k31.sbt.zip,GCF_014163495.1_ASM1416349v1_genomic,a350fcb0d912191bf783d6a3905b8c8f,0.20233085140822274,591000,51,302080000,/nfs3_ib/nfs-ip34/home/def-ilafores/analysis/MethodsComparison/Feces_RA/preproc/SRR5091492/SRR5091492_unmatched_2.fastq,SRR5091492,f08dcfbd,405740000,31,DNA,1000,405740,True,0.811481190779723,0.9497622564853189,0.8806217236325209,0.9497622564853189,False,1649,3562334,6060098
613000,0.0015108197367772465,0.18220064724919094,0.0013875881106127077,0.00015049261579598217,1.6198934280639432,1.0,0.999695507466024,/net/nfs-ip34/jbod2/def-ilafores/ref_dbs/sourmash_db/RefSeq_20250528.k31.sbt.zip,GCF_022453915.1_ASM2245391v1_genomic,54c821fbffdc1aacdf2b93cd12e19242,0.19838187702265372,563000,52,301517000,/nfs3_ib/nfs-ip34/home/def-ilafores/analysis/MethodsComparison/Feces_RA/preproc/SRR5091492/SRR5091492_unmatched_2.fastq,SRR5091492,f08dcfbd,405740000,31,DNA,1000,405740,True,0.8109738670565809,0.9491585714803829,0.8800662192684818,0.9491585714803829,False,912,3563246,6060098
1469000,0.0036205451767141517,0.1527065527065527,0.0013210430324838566,0.00020956756804922956,2.3694029850746268,2.0,2.6425261436157226,/net/nfs-ip34/jbod2/def-ilafores/ref_dbs/sourmash_db/RefSeq_20250528.k31.sbt.zip,GCF_019249795.2_P1C_raw_genomic,daced544df689eeedcdbd81decd8f176,0.4185185185185185,536000,53,300981000,/nfs3_ib/nfs-ip34/home/def-ilafores/analysis/MethodsComparison/Feces_RA/preproc/SRR5091492/SRR5091492_unmatched_2.fastq,SRR5091492,f08dcfbd,405740000,31,DNA,1000,405740,True,0.8341627134554068,0.9722931984677633,0.903227955961585,0.9722931984677633,False,1270,3564516,6060098
595000,0.0014664563513580124,0.1846531184302733,0.0012988613397742397,0.000283328751449234,3.2580645161290325,1.0,9.29292473572477,/net/nfs-ip34/jbod2/def-ilafores/ref_dbs/sourmash_db/RefSeq_20250528.k31.sbt.zip,GCF_044591705.1_ASM4459170v1_genomic,534586fd213cdbccf2580b51187bb263,0.208479327259986,527000,54,300454000,/nfs3_ib/nfs-ip34/home/def-ilafores/analysis/MethodsComparison/Feces_RA/preproc/SRR5091492/SRR5091492_unmatched_2.fastq,SRR5091492,f08dcfbd,405740000,31,DNA,1000,405740,True,0.8101945680404181,0.9506798527227192,0.8804372103815686,0.9506798527227192,False,1717,3566233,6060098
4362000,0.01075072706659437,0.07097232079488999,0.0012323162616453887,0.0009072460544367434,10.996,7.0,24.573155759893762,/net/nfs-ip34/jbod2/def-ilafores/ref_dbs/sourmash_db/RefSeq_20250528.k31.sbt.zip,GCF_018292125.1_ASM1829212v1_genomic,db815f18771b0ea0ac3270b94c8884ba,0.6191625266146203,500000,55,299954000,/nfs3_ib/nfs-ip34/home/def-ilafores/analysis/MethodsComparison/Feces_RA/preproc/SRR5091492/SRR5091492_unmatched_2.fastq,SRR5091492,f08dcfbd,405740000,31,DNA,1000,405740,True,0.8639686714521514,0.98465484323371,0.9243117573429307,0.98465484323371,False,5498,3571731,6060098
4587000,0.011305269384334796,0.07441931540342299,0.0012002760388426085,0.0014791839999947196,18.406570841889117,4.0,77.02051113481916,/net/nfs-ip34/jbod2/def-ilafores/ref_dbs/sourmash_db/RefSeq_20250528.k31.sbt.zip,GCF_025914255.1_ASM2591425v1_genomic,55c73110299b6c07a1380c6e50d75062,0.7009474327628362,487000,56,299467000,/nfs3_ib/nfs-ip34/home/def-ilafores/analysis/MethodsComparison/Feces_RA/preproc/SRR5091492/SRR5091492_unmatched_2.fastq,SRR5091492,f08dcfbd,405740000,31,DNA,1000,405740,True,0.8653715439432491,0.9886034262289181,0.9269874850860835,0.9886034262289181,False,8964,3580695,6060098
1870000,0.0046088628185537535,0.15825688073394495,0.0011904175087494454,0.0004222703989275421,5.298136645962733,3.0,7.661453127360093,/net/nfs-ip34/jbod2/def-ilafores/ref_dbs/sourmash_db/RefSeq_20250528.k31.sbt.zip,GCF_023347255.1_ASM2334725v1_genomic,58b144de4acaed89ce9d8071641d7213,0.6127129750982963,483000,57,298984000,/nfs3_ib/nfs-ip34/home/def-ilafores/analysis/MethodsComparison/Feces_RA/preproc/SRR5091492/SRR5091492_unmatched_2.fastq,SRR5091492,f08dcfbd,405740000,31,DNA,1000,405740,True,0.8406825975968469,0.9843223018933808,0.9125024497451139,0.9843223018933808,False,2559,3583254,6060098
4683000,0.011541874106570711,0.07376135096383622,0.0011411248582836298,0.0011055926818345182,14.47084233261339,8.0,24.780651389900033,/net/nfs-ip34/jbod2/def-ilafores/ref_dbs/sourmash_db/RefSeq_20250528.k31.sbt.zip,GCF_006546965.1_ASM654696v1_genomic,d3b5011d40cba3b27ab151b054210724,0.7460570336147841,463000,58,298521000,/nfs3_ib/nfs-ip34/home/def-ilafores/analysis/MethodsComparison/Feces_RA/preproc/SRR5091492/SRR5091492_unmatched_2.fastq,SRR5091492,f08dcfbd,405740000,31,DNA,1000,405740,True,0.8659499369490053,0.9905944077443458,0.9282721723466756,0.9905944077443458,False,6700,3589954,6060098
582000,0.0014344161285552324,0.18077075883988875,0.0011214077980973038,0.00022903920035616585,3.0505494505494504,1.0,6.019352921055051,/net/nfs-ip34/jbod2/def-ilafores/ref_dbs/sourmash_db/RefSeq_20250528.k31.sbt.zip,GCF_018408575.1_ASM1840857v1_genomic,be471ee2a9a4d83e479673ce2822bf12,0.23122765196662692,455000,59,298066000,/nfs3_ib/nfs-ip34/home/def-ilafores/analysis/MethodsComparison/Feces_RA/preproc/SRR5091492/SRR5091492_unmatched_2.fastq,SRR5091492,f08dcfbd,405740000,31,DNA,1000,405740,True,0.8096174197053545,0.9538611349780468,0.8817392773417007,0.9538611349780468,False,1388,3591342,6060098
2699000,0.006652043180361808,0.11722179189258973,0.001118943165574013,0.0005631922124031657,7.5176211453744495,6.0,11.729829348447224,/net/nfs-ip34/jbod2/def-ilafores/ref_dbs/sourmash_db/RefSeq_20250528.k31.sbt.zip,GCF_020091485.1_ASM2009148v1_genomic,0bb666bd34472dc3dae293249907c788,0.6968758068680609,454000,60,297612000,/nfs3_ib/nfs-ip34/home/def-ilafores/analysis/MethodsComparison/Feces_RA/preproc/SRR5091492/SRR5091492_unmatched_2.fastq,SRR5091492,f08dcfbd,405740000,31,DNA,1000,405740,True,0.8506927740935603,0.9884176601365536,0.9195552171150569,0.9884176601365536,False,3413,3594755,6060098
471000,0.001160841918469956,0.08856971873129862,0.001094296840341105,0.00013036092815660736,1.7792792792792793,1.0,2.1966238269941445,/net/nfs-ip34/jbod2/def-ilafores/ref_dbs/sourmash_db/RefSeq_20250528.k31.sbt.zip,GCF_040267475.1_UoG_LM19R_1.0_genomic,361dbedd535289fa0d5c0308f46e417d,0.09395571514063435,444000,61,297168000,/nfs3_ib/nfs-ip34/home/def-ilafores/analysis/MethodsComparison/Feces_RA/preproc/SRR5091492/SRR5091492_unmatched_2.fastq,SRR5091492,f08dcfbd,405740000,31,DNA,1000,405740,True,0.8041096253143674,0.9265492106421621,0.8653294179782647,0.9265492106421621,False,790,3595545,6060098
458000,0.001128801695667176,0.11663991439272338,0.0010745797801547789,0.00017821493975839995,2.477064220183486,1.0,4.334301696664715,/net/nfs-ip34/jbod2/def-ilafores/ref_dbs/sourmash_db/RefSeq_20250528.k31.sbt.zip,GCF_964199395.1_Q9705_genomic,1f9a877738dafe6e5148789f10105647,0.12252541466024612,436000,62,296732000,/nfs3_ib/nfs-ip34/home/def-ilafores/analysis/MethodsComparison/Feces_RA/preproc/SRR5091492/SRR5091492_unmatched_2.fastq,SRR5091492,f08dcfbd,405740000,31,DNA,1000,405740,True,0.8033839480605406,0.9345185819871513,0.868951265023846,0.9345185819871513,False,1080,3596625,6060098
432000,0.0010647212500616158,0.17543859649122806,0.0010597919850150342,9.174769120895405e-05,1.2930232558139534,1.0,0.6973022263036339,/net/nfs-ip34/jbod2/def-ilafores/ref_dbs/sourmash_db/RefSeq_20250528.k31.sbt.zip,GCF_010669225.1_ASM1066922v1_genomic,274d37fe38c89456352e287313491fb8,0.1762545899632803,430000,63,296302000,/nfs3_ib/nfs-ip34/home/def-ilafores/analysis/MethodsComparison/Feces_RA/preproc/SRR5091492/SRR5091492_unmatched_2.fastq,SRR5091492,f08dcfbd,405740000,31,DNA,1000,405740,True,0.8018707733763365,0.9455444493690882,0.8737076113727124,0.9455444493690882,False,556,3597181,6060098
1703000,0.004197269187164194,0.13954259197878688,0.0010376102923054173,0.0008430556733570975,12.135391923990499,11.0,7.81789205910524,/net/nfs-ip34/jbod2/def-ilafores/ref_dbs/sourmash_db/RefSeq_20250528.k31.sbt.zip,GCF_023347335.1_ASM2334733v1_genomic,d566eb779c3a1233616a97a7ab79e713,0.5644680145840238,421000,64,295881000,/nfs3_ib/nfs-ip34/home/def-ilafores/analysis/MethodsComparison/Feces_RA/preproc/SRR5091492/SRR5091492_unmatched_2.fastq,SRR5091492,f08dcfbd,405740000,31,DNA,1000,405740,True,0.8381495388921132,0.981721643439546,0.9099355911658296,0.981721643439546,False,5109,3602290,6060098
2334000,0.005752452309360674,0.09102990033222591,0.0010129639670725095,0.005750732083870591,84.79318734793188,4.0,99.53563008667193,/net/nfs-ip34/jbod2/def-ilafores/ref_dbs/sourmash_db/RefSeq_20250528.k31.sbt.zip,GCF_004328515.1_ASM432851v1_genomic,a5fd52ab16a56bc3d037173d70801227,0.5169435215946844,411000,65,295470000,/nfs3_ib/nfs-ip34/home/def-ilafores/analysis/MethodsComparison/Feces_RA/preproc/SRR5091492/SRR5091492_unmatched_2.fastq,SRR5091492,f08dcfbd,405740000,31,DNA,1000,405740,True,0.8467148846208903,0.9789403484102623,0.9128276165155763,0.9789403484102623,False,34850,3637140,6060098
529000,0.0013037906048208212,0.12044231918708906,0.0009932469068861833,0.00038514228647787543,5.791563275434243,1.0,15.799809286402512,/net/nfs-ip34/jbod2/def-ilafores/ref_dbs/sourmash_db/RefSeq_20250528.k31.sbt.zip,GCF_045061065.1_ASM4506106v1_genomic,af810c6e00a2b94057226e642af6e200,0.15809922295277945,403000,66,295067000,/nfs3_ib/nfs-ip34/home/def-ilafores/analysis/MethodsComparison/Feces_RA/preproc/SRR5091492/SRR5091492_unmatched_2.fastq,SRR5091492,f08dcfbd,405740000,31,DNA,1000,405740,True,0.8071275818044311,0.9422345472933743,0.8746810645489027,0.9422345472933743,False,2334,3639474,6060098
4462000,0.010997190318923449,0.06108494149825255,0.0009907822743628926,0.0013646643998166366,20.572139303482587,23.0,17.977764594117094,/net/nfs-ip34/jbod2/def-ilafores/ref_dbs/sourmash_db/RefSeq_20250528.k31.sbt.zip,GCF_009734165.1_ASM973416v1_genomic,e3fa9c4f076a3f63536cf070ae5e7e25,0.6780124601124449,402000,67,294665000,/nfs3_ib/nfs-ip34/home/def-ilafores/analysis/MethodsComparison/Feces_RA/preproc/SRR5091492/SRR5091492_unmatched_2.fastq,SRR5091492,f08dcfbd,405740000,31,DNA,1000,405740,True,0.8646006148380271,0.9875430889081848,0.9260718518731059,0.9875430889081848,False,8270,3647744,6060098
3368000,0.008300882338443338,0.07237952372023251,0.00095134815399024,0.0009018005979441257,14.158031088082902,14.0,13.738995606246608,/net/nfs-ip34/jbod2/def-ilafores/ref_dbs/sourmash_db/RefSeq_20250528.k31.sbt.zip,GCF_029369685.1_ASM2936968v1_genomic,616b6eb65d964b64030cd25de5f05d76,0.6315394712169511,386000,68,294279000,/nfs3_ib/nfs-ip34/home/def-ilafores/analysis/MethodsComparison/Feces_RA/preproc/SRR5091492/SRR5091492_unmatched_2.fastq,SRR5091492,f08dcfbd,405740000,31,DNA,1000,405740,True,0.856791158182311,0.985283718847458,0.9210374385148845,0.985283718847458,False,5465,3653209,6060098
2405000,0.00592744121851432,0.07328332371609925,0.0009390249913737861,0.00010527882552394367,1.6745406824146982,1.0,1.145163336490729,/net/nfs-ip34/jbod2/def-ilafores/ref_dbs/sourmash_db/RefSeq_20250528.k31.sbt.zip,GCF_027944595.1_ASM2794459v1_genomic,42a9f6acd01c1611d1dfee4d651b00bf,0.46258895941527217,381000,69,293898000,/nfs3_ib/nfs-ip34/home/def-ilafores/analysis/MethodsComparison/Feces_RA/preproc/SRR5091492/SRR5091492_unmatched_2.fastq,SRR5091492,f08dcfbd,405740000,31,DNA,1000,405740,True,0.8475337632883465,0.9754383972523948,0.9114860802703706,0.9754383972523948,False,638,3653847,6060098
551000,0.0013580125203332184,0.09145129224652088,0.0009069847685710061,0.0002338246015163451,3.8505434782608696,1.0,10.511998823718006,/net/nfs-ip34/jbod2/def-ilafores/ref_dbs/sourmash_db/RefSeq_20250528.k31.sbt.zip,GCF_964272205.1_LUMC_Rgna_QRD011_genomic,6e86d242a5fb72e2090f4121f3222291,0.13692842942345926,368000,70,293530000,/nfs3_ib/nfs-ip34/home/def-ilafores/analysis/MethodsComparison/Feces_RA/preproc/SRR5091492/SRR5091492_unmatched_2.fastq,SRR5091492,f08dcfbd,405740000,31,DNA,1000,405740,True,0.8081891672275033,0.9378749918912208,0.873032079559362,0.9378749918912208,False,1417,3655264,6060098
4288000,0.010568344259870853,0.06960421134724118,0.0008798738108148075,0.002599792940642214,44.13165266106443,32.0,69.02658141677479,/net/nfs-ip34/jbod2/def-ilafores/ref_dbs/sourmash_db/RefSeq_20250528.k31.sbt.zip,GCF_036419465.1_ASM3641946v1_genomic,277623bb21bf8d096347cc62995689ef,0.8360304152856307,357000,71,293173000,/nfs3_ib/nfs-ip34/home/def-ilafores/analysis/MethodsComparison/Feces_RA/preproc/SRR5091492/SRR5091492_unmatched_2.fastq,SRR5091492,f08dcfbd,405740000,31,DNA,1000,405740,True,0.863491941260983,0.9942395494317806,0.9288657453463818,0.9942395494317806,False,15755,3671019,6060098
1040000,0.0025632178242224087,0.08769307424015944,0.0008675506481983536,0.0014796790414940485,25.474431818181817,25.0,14.782492128893754,/net/nfs-ip34/jbod2/def-ilafores/ref_dbs/sourmash_db/RefSeq_20250528.k31.sbt.zip,GCF_900683745.1_Paraprevotella_xylaniphila_82A6_genomic,5e6e3eba0c8b886e7c308dc9056f6fdf,0.25909317389138015,352000,72,292821000,/nfs3_ib/nfs-ip34/home/def-ilafores/analysis/MethodsComparison/Feces_RA/preproc/SRR5091492/SRR5091492_unmatched_2.fastq,SRR5091492,f08dcfbd,405740000,31,DNA,1000,405740,True,0.8249211450753099,0.9573687004964032,0.8911449227858566,0.9573687004964032,False,8967,3679986,6060098
753000,0.0018558682900379553,0.10432098765432099,0.0008330457928722827,0.00034553896653156436,6.195266272189349,1.0,14.207997625518253,/net/nfs-ip34/jbod2/def-ilafores/ref_dbs/sourmash_db/RefSeq_20250528.k31.sbt.zip,GCF_000209855.1_ASM20985v1_genomic,2b845165824bdb6c15dab3f5f2327265,0.2324074074074074,338000,73,292483000,/nfs3_ib/nfs-ip34/home/def-ilafores/analysis/MethodsComparison/Feces_RA/preproc/SRR5091492/SRR5091492_unmatched_2.fastq,SRR5091492,f08dcfbd,405740000,31,DNA,1000,405740,True,0.8163729717578959,0.9540177400276812,0.8851953558927885,0.9540177400276812,False,2094,3682080,6060098
383000,0.0009439542564203677,0.12021466905187836,0.0008281165278257012,0.00017260446943267253,3.113095238095238,1.0,8.96648893117225,/net/nfs-ip34/jbod2/def-ilafores/ref_dbs/sourmash_db/RefSeq_20250528.k31.sbt.zip,GCF_000146185.1_ASM14618v1_genomic,5229119e2aa175d63f96a9ce9dfd479c,0.1370304114490161,336000,74,292147000,/nfs3_ib/nfs-ip34/home/def-ilafores/analysis/MethodsComparison/Feces_RA/preproc/SRR5091492/SRR5091492_unmatched_2.fastq,SRR5091492,f08dcfbd,405740000,31,DNA,1000,405740,True,0.7987626930584238,0.9378975164766429,0.8683301047675334,0.9378975164766429,False,1046,3683126,6060098
2144000,0.005284172129935426,0.06868250539956804,0.0007837531424064672,0.00014636726996824145,2.789308176100629,1.0,4.712783247346946,/net/nfs-ip34/jbod2/def-ilafores/ref_dbs/sourmash_db/RefSeq_20250528.k31.sbt.zip,GCF_023008285.1_ASM2300828v1_genomic,3191b17cd9816a6b0abb68f0b35dbdf7,0.4630669546436285,318000,75,291829000,/nfs3_ib/nfs-ip34/home/def-ilafores/analysis/MethodsComparison/Feces_RA/preproc/SRR5091492/SRR5091492_unmatched_2.fastq,SRR5091492,f08dcfbd,405740000,31,DNA,1000,405740,True,0.8443988705771441,0.9754708947112813,0.9099348826442127,0.9754708947112813,False,887,3684013,6060098
507000,0.001249568689308424,0.08867132867132867,0.0007812885098831765,0.00026864252030247697,5.135646687697161,1.0,14.365570388759831,/net/nfs-ip34/jbod2/def-ilafores/ref_dbs/sourmash_db/RefSeq_20250528.k31.sbt.zip,GCF_025147765.1_ASM2514776v1_genomic,6fb5d9fae55cc8ecb2a67f82352fb7a7,0.14181818181818182,317000,76,291512000,/nfs3_ib/nfs-ip34/home/def-ilafores/analysis/MethodsComparison/Feces_RA/preproc/SRR5091492/SRR5091492_unmatched_2.fastq,SRR5091492,f08dcfbd,405740000,31,DNA,1000,405740,True,0.8060223809801239,0.9389371297378664,0.8724797553589951,0.9389371297378664,False,1628,3685641,6060098
4492000,0.011071129294622171,0.05825958702064897,0.0007788238773598857,0.00019488133690247255,3.7373417721518987,2.0,9.052099443014852,/net/nfs-ip34/jbod2/def-ilafores/ref_dbs/sourmash_db/RefSeq_20250528.k31.sbt.zip,GCF_032452895.1_ASM3245289v1_genomic,063edc8e83e449bf2100964d1eef3113,0.8281710914454278,316000,77,291196000,/nfs3_ib/nfs-ip34/home/def-ilafores/analysis/MethodsComparison/Feces_RA/preproc/SRR5091492/SRR5091492_unmatched_2.fastq,SRR5091492,f08dcfbd,405740000,31,DNA,1000,405740,True,0.8647875265739077,0.9939366658874927,0.9293620962307002,0.9939366658874927,False,1181,3686822,6060098
3925000,0.0096736826539163,0.06066693451185215,0.0007443190220338148,0.0007716046836206279,15.483443708609272,16.0,8.180378968079708,/net/nfs-ip34/jbod2/def-ilafores/ref_dbs/sourmash_db/RefSeq_20250528.k31.sbt.zip,GCF_020091545.1_ASM2009154v1_genomic,cbccf2735894b89c5383dfa9cc789cf8,0.7884692647649658,302000,78,290894000,/nfs3_ib/nfs-ip34/home/def-ilafores/analysis/MethodsComparison/Feces_RA/preproc/SRR5091492/SRR5091492_unmatched_2.fastq,SRR5091492,f08dcfbd,405740000,31,DNA,1000,405740,True,0.8610316021142421,0.9923628013639221,0.9266972017390821,0.9923628013639221,False,4676,3691498,6060098
4618000,0.01138167299255681,0.045627376425855515,0.0007393897569872332,0.0005770533743843746,11.656666666666666,6.0,27.937408413968694,/net/nfs-ip34/jbod2/def-ilafores/ref_dbs/sourmash_db/RefSeq_20250528.k31.sbt.zip,GCF_024759125.1_ASM2475912v1_genomic,6bd244397ae27f2890a12eadb785907c,0.7023574144486692,300000,79,290594000,/nfs3_ib/nfs-ip34/home/def-ilafores/analysis/MethodsComparison/Feces_RA/preproc/SRR5091492/SRR5091492_unmatched_2.fastq,SRR5091492,f08dcfbd,405740000,31,DNA,1000,405740,True,0.8655595871445733,0.98866751265927,0.9271135499019216,0.98866751265927,False,3497,3694995,6060098
565000,0.0013925173756592893,0.07186358099878197,0.0007270665943707793,0.00013102098348904587,2.6915254237288138,1.0,8.78846100438665,/net/nfs-ip34/jbod2/def-ilafores/ref_dbs/sourmash_db/RefSeq_20250528.k31.sbt.zip,GCF_019249655.2_ASM1924965v2_genomic,3f5e042dde22a559937bb52d73a1aae8,0.13763702801461633,295000,80,290299000,/nfs3_ib/nfs-ip34/home/def-ilafores/analysis/MethodsComparison/Feces_RA/preproc/SRR5091492/SRR5091492_unmatched_2.fastq,SRR5091492,f08dcfbd,405740000,31,DNA,1000,405740,True,0.8088435678727038,0.9380311644636784,0.8734373661681911,0.9380311644636784,False,794,3695789,6060098
3836000,0.009454330359343422,0.061036789297658864,0.000719672696800907,0.00011897497367204292,2.469178082191781,2.0,1.5623158551651555,/net/nfs-ip34/jbod2/def-ilafores/ref_dbs/sourmash_db/RefSeq_20250528.k31.sbt.zip,GCF_030389185.1_ASM3038918v1_genomic,a5471baea9516e478c919600119d932d,0.8018394648829431,292000,81,290007000,/nfs3_ib/nfs-ip34/home/def-ilafores/analysis/MethodsComparison/Feces_RA/preproc/SRR5091492/SRR5091492_unmatched_2.fastq,SRR5091492,f08dcfbd,405740000,31,DNA,1000,405740,True,0.8603947800493412,0.9929012239451608,0.926648001997251,0.9929012239451608,False,721,3696510,6060098
3875000,0.009550451027751762,0.06302707501109632,0.0006999556366145808,0.0019440279678645462,41.482394366197184,7.0,113.96899924379966,/net/nfs-ip34/jbod2/def-ilafores/ref_dbs/sourmash_db/RefSeq_20250528.k31.sbt.zip,GCF_020091365.1_ASM2009136v1_genomic,ef23ca7c0c2ee8ae3e8a4537f4cacf2d,0.8599644917887261,284000,82,289723000,/nfs3_ib/nfs-ip34/home/def-ilafores/analysis/MethodsComparison/Feces_RA/preproc/SRR5091492/SRR5091492_unmatched_2.fastq,SRR5091492,f08dcfbd,405740000,31,DNA,1000,405740,True,0.8606755783882312,0.9951452362193441,0.9279104073037876,0.9951452362193441,False,11781,3708291,6060098
3336000,0.008222014097698033,0.0593183779119931,0.0006777739439049637,0.004123695689409643,90.87272727272727,26.0,100.77861507382579,/net/nfs-ip34/jbod2/def-ilafores/ref_dbs/sourmash_db/RefSeq_20250528.k31.sbt.zip,GCF_024760085.1_ASM2476008v1_genomic,d22a231abb372af890fb48167198d8a7,0.719585849870578,275000,83,289448000,/nfs3_ib/nfs-ip34/home/def-ilafores/analysis/MethodsComparison/Feces_RA/preproc/SRR5091492/SRR5091492_unmatched_2.fastq,SRR5091492,f08dcfbd,405740000,31,DNA,1000,405740,True,0.8565273454942741,0.9894406793745646,0.9229840124344193,0.9894406793745646,False,24990,3733281,6060098
325000,0.0008010055700695026,0.08343672456575682,0.0006629861487652191,8.283694422103405e-05,1.8661710037174721,1.0,2.754639314891216,/net/nfs-ip34/jbod2/def-ilafores/ref_dbs/sourmash_db/RefSeq_20250528.k31.sbt.zip,GCF_042848755.1_ASM4284875v1_genomic,92985eccd492baad7ea1e3f3c13c1b98,0.10080645161290322,269000,84,289179000,/nfs3_ib/nfs-ip34/home/def-ilafores/analysis/MethodsComparison/Feces_RA/preproc/SRR5091492/SRR5091492_unmatched_2.fastq,SRR5091492,f08dcfbd,405740000,31,DNA,1000,405740,True,0.7945427612980825,0.9286551300419972,0.8615989456700399,0.9286551300419972,False,502,3733783,6060098
1497000,0.0036895548873662936,0.08956228956228957,0.0006555922511953467,0.0001991716965633229,4.537593984962406,2.0,11.86137410736425,/net/nfs-ip34/jbod2/def-ilafores/ref_dbs/sourmash_db/RefSeq_20250528.k31.sbt.zip,GCF_001998765.1_ASM199876v1_genomic,c87f75fcf13611b56f2643edb90d05be,0.5040404040404041,266000,85,288913000,/nfs3_ib/nfs-ip34/home/def-ilafores/analysis/MethodsComparison/Feces_RA/preproc/SRR5091492/SRR5091492_unmatched_2.fastq,SRR5091492,f08dcfbd,405740000,31,DNA,1000,405740,True,0.8346709327235832,0.9781424522874319,0.9064066925055075,0.9781424522874319,False,1207,3734990,6060098
1801000,0.00443880317444669,0.08960817717206133,0.0006481983536254744,0.0005102227719749747,11.756653992395437,8.0,11.524222441131297,/net/nfs-ip34/jbod2/def-ilafores/ref_dbs/sourmash_db/RefSeq_20250528.k31.sbt.zip,GCF_040058985.1_ASM4005898v1_genomic,9217c1f8c150568f8c71781398566ec7,0.6136286201022146,263000,86,288650000,/nfs3_ib/nfs-ip34/home/def-ilafores/analysis/MethodsComparison/Feces_RA/preproc/SRR5091492/SRR5091492_unmatched_2.fastq,SRR5091492,f08dcfbd,405740000,31,DNA,1000,405740,True,0.8396636475570765,0.9843697186494211,0.9120166831032488,0.9843697186494211,False,3092,3738082,6060098
2717000,0.006696406565781042,0.054602184087363496,0.0006038349682062405,0.00025296620615706216,6.257142857142857,4.0,9.23851741794281,/net/nfs-ip34/jbod2/def-ilafores/ref_dbs/sourmash_db/RefSeq_20250528.k31.sbt.zip,GCF_042850115.1_ASM4285011v1_genomic,0a531f0dc11d01b0c4c52863f5abf5c2,0.6055270782259862,245000,87,288405000,/nfs3_ib/nfs-ip34/home/def-ilafores/analysis/MethodsComparison/Feces_RA/preproc/SRR5091492/SRR5091492_unmatched_2.fastq,SRR5091492,f08dcfbd,405740000,31,DNA,1000,405740,True,0.8508751985477436,0.9839477809270641,0.9174114897374039,0.9839477809270641,False,1533,3739615,6060098
398000,0.0009809237442697295,0.07567229518449031,0.0005964410706363681,0.0004674841891995806,11.706611570247935,1.0,29.9349273198134,/net/nfs-ip34/jbod2/def-ilafores/ref_dbs/sourmash_db/RefSeq_20250528.k31.sbt.zip,GCF_000209935.1_ASM20993v1_genomic,dcbd1d093e4e25fa785bf2accc52d95b,0.12445278298936835,242000,88,288163000,/nfs3_ib/nfs-ip34/home/def-ilafores/analysis/MethodsComparison/Feces_RA/preproc/SRR5091492/SRR5091492_unmatched_2.fastq,SRR5091492,f08dcfbd,405740000,31,DNA,1000,405740,True,0.7997531801904478,0.9349892129487513,0.8673711965695996,0.9349892129487513,False,2833,3742448,6060098
1311000,0.0032311332380342093,0.035863095238095236,0.0005939764381130774,0.000333657970547671,8.390041493775934,1.0,33.65083933522436,/net/nfs-ip34/jbod2/def-ilafores/ref_dbs/sourmash_db/RefSeq_20250528.k31.sbt.zip,GCF_017873595.1_ASM1787359v1_genomic,8314f9f37434b00a96c923f258f58e3d,0.19508928571428572,241000,89,287922000,/nfs3_ib/nfs-ip34/home/def-ilafores/analysis/MethodsComparison/Feces_RA/preproc/SRR5091492/SRR5091492_unmatched_2.fastq,SRR5091492,f08dcfbd,405740000,31,DNA,1000,405740,True,0.8311063654870042,0.9486462708359752,0.8898763181614897,0.9486462708359752,False,2022,3744470,6060098
4690000,0.011559126534233745,0.034674271990393274,0.0005693301128801696,0.0004381117269060665,11.493506493506494,7.0,25.719578361262585,/net/nfs-ip34/jbod2/def-ilafores/ref_dbs/sourmash_db/RefSeq_20250528.k31.sbt.zip,GCF_018289035.1_ASM1828903v1_genomic,2c57a91b8fe09d51df24c6e20ef5d122,0.7039927949564695,231000,90,287691000,/nfs3_ib/nfs-ip34/home/def-ilafores/analysis/MethodsComparison/Feces_RA/preproc/SRR5091492/SRR5091492_unmatched_2.fastq,SRR5091492,f08dcfbd,405740000,31,DNA,1000,405740,True,0.8659916614405626,0.9887416881429926,0.9273666747917776,0.9887416881429926,False,2655,3747125,6060098
1308000,0.0032237393404643366,0.06784660766961652,0.0005668654803568788,0.00010329865952662812,2.7217391304347824,2.0,5.563933275764949,/net/nfs-ip34/jbod2/def-ilafores/ref_dbs/sourmash_db/RefSeq_20250528.k31.sbt.zip,GCF_020735445.1_ASM2073544v1_genomic,914c0a88ebdaaccdb90ec78fe93e1fa1,0.3858407079646018,230000,91,287461000,/nfs3_ib/nfs-ip34/home/def-ilafores/analysis/MethodsComparison/Feces_RA/preproc/SRR5091492/SRR5091492_unmatched_2.fastq,SRR5091492,f08dcfbd,405740000,31,DNA,1000,405740,True,0.8310449476087455,0.9697467305142369,0.9003958390614912,0.9697467305142369,False,626,3747751,6060098
368000,0.0009069847685710061,0.06450696220517192,0.0005594715827870064,0.0011765486300716588,31.409691629955947,2.0,44.78046786879387,/net/nfs-ip34/jbod2/def-ilafores/ref_dbs/sourmash_db/RefSeq_20250528.k31.sbt.zip,GCF_025146135.1_ASM2514613v1_genomic,7eaae742c69417c8e76f081fe338897d,0.10457516339869281,227000,92,287234000,/nfs3_ib/nfs-ip34/home/def-ilafores/analysis/MethodsComparison/Feces_RA/preproc/SRR5091492/SRR5091492_unmatched_2.fastq,SRR5091492,f08dcfbd,405740000,31,DNA,1000,405740,True,0.7977339300632849,0.9297553005598396,0.8637446153115622,0.9297553005598396,False,7130,3754881,6060098
291000,0.0007172080642776162,0.07436918990703852,0.0005520776852171341,5.8744924587028133e-05,1.5892857142857142,1.0,1.5327005312086723,/net/nfs-ip34/jbod2/def-ilafores/ref_dbs/sourmash_db/RefSeq_20250528.k31.sbt.zip,GCF_009557455.1_ASM955745v1_genomic,7e798acda951bd16b6d452563081e9df,0.09661354581673307,224000,93,287010000,/nfs3_ib/nfs-ip34/home/def-ilafores/analysis/MethodsComparison/Feces_RA/preproc/SRR5091492/SRR5091492_unmatched_2.fastq,SRR5091492,f08dcfbd,405740000,31,DNA,1000,405740,True,0.7917155935473389,0.9273833427298767,0.8595494681386078,0.9273833427298767,False,356,3755237,6060098
4919000,0.012123527382067333,0.03137751512593218,0.0005496130526938433,0.0008904146434595612,24.19730941704036,20.0,38.71230661357862,/net/nfs-ip34/jbod2/def-ilafores/ref_dbs/sourmash_db/RefSeq_20250528.k31.sbt.zip,GCF_007012325.1_ASM701232v1_genomic,a7b4985e87bb40499949cd88a98ca789,0.6921345152666385,223000,94,286787000,/nfs3_ib/nfs-ip34/home/def-ilafores/analysis/MethodsComparison/Feces_RA/preproc/SRR5091492/SRR5091492_unmatched_2.fastq,SRR5091492,f08dcfbd,405740000,31,DNA,1000,405740,True,0.8673244323945022,0.9882000125486595,0.9277622224715809,0.9882000125486595,False,5396,3760633,6060098
1883000,0.004640903041356534,0.059801555376776616,0.0005496130526938433,0.00048563571084163983,13.197309417040358,13.0,8.550907534676826,/net/nfs-ip34/jbod2/def-ilafores/ref_dbs/sourmash_db/RefSeq_20250528.k31.sbt.zip,GCF_025145285.1_ASM2514528v1_genomic,f22e85c6befcb1bccc2db3184aa9ec05,0.5049611155805847,223000,95,286564000,/nfs3_ib/nfs-ip34/home/def-ilafores/analysis/MethodsComparison/Feces_RA/preproc/SRR5091492/SRR5091492_unmatched_2.fastq,SRR5091492,f08dcfbd,405740000,31,DNA,1000,405740,True,0.8408704926787477,0.9782000380444587,0.9095352653616031,0.9782000380444587,False,2943,3763576,6060098
283000,0.00069749100409129,0.06505026611472502,0.000542219155123971,5.6599744756602944e-05,1.559090909090909,1.0,1.9332401183949965,/net/nfs-ip34/jbod2/def-ilafores/ref_dbs/sourmash_db/RefSeq_20250528.k31.sbt.zip,GCF_001454945.1_ASM145494v1_genomic,380e5279419db353c2f7e8db083c21b8,0.08367829686575991,220000,96,286344000,/nfs3_ib/nfs-ip34/home/def-ilafores/analysis/MethodsComparison/Feces_RA/preproc/SRR5091492/SRR5091492_unmatched_2.fastq,SRR5091492,f08dcfbd,405740000,31,DNA,1000,405740,True,0.7910039730227547,0.9230932499527562,0.8570486114877555,0.9230932499527562,False,343,3763919,6060098
235000,0.0005791886429733327,0.07714184145040881,0.0005348252575540987,5.7094786255931834e-05,1.5944700460829493,1.0,1.577949091910245,/net/nfs-ip34/jbod2/def-ilafores/ref_dbs/sourmash_db/RefSeq_20250528.k31.sbt.zip,GCF_025144665.1_ASM2514466v1_genomic,b69c557c70b05f221753839e76da2c17,0.08354070387486669,217000,97,286127000,/nfs3_ib/nfs-ip34/home/def-ilafores/analysis/MethodsComparison/Feces_RA/preproc/SRR5091492/SRR5091492_unmatched_2.fastq,SRR5091492,f08dcfbd,405740000,31,DNA,1000,405740,True,0.7862756746464946,0.9230442480284707,0.8546599613374827,0.9230442480284707,False,346,3764265,6060098
4203000,0.010358850495391137,0.0426,0.0005249667274609355,0.0009032857224421123,25.699530516431924,4.0,40.30999421461633,/net/nfs-ip34/jbod2/def-ilafores/ref_dbs/sourmash_db/RefSeq_20250528.k31.sbt.zip,GCF_016766915.1_ASM1676691v1_genomic,bca43bd2d776e339740f17809f096165,0.8406,213000,98,285914000,/nfs3_ib/nfs-ip34/home/def-ilafores/analysis/MethodsComparison/Feces_RA/preproc/SRR5091492/SRR5091492_unmatched_2.fastq,SRR5091492,f08dcfbd,405740000,31,DNA,1000,405740,True,0.8629344206305221,0.9944143883004258,0.928674404465474,0.9944143883004258,False,5474,3769739,6060098
1831000,0.004512742150145414,0.07251381215469613,0.0005175728298910632,0.000265507257473394,7.661904761904762,2.0,13.17844474494967,/net/nfs-ip34/jbod2/def-ilafores/ref_dbs/sourmash_db/RefSeq_20250528.k31.sbt.zip,GCF_036632915.2_ASM3663291v2_genomic,1be8a5fa3d48a02ef6804d87b6dc2cbb,0.6322513812154696,210000,99,285704000,/nfs3_ib/nfs-ip34/home/def-ilafores/analysis/MethodsComparison/Feces_RA/preproc/SRR5091492/SRR5091492_unmatched_2.fastq,SRR5091492,f08dcfbd,405740000,31,DNA,1000,405740,True,0.8401112316774131,0.9853195274548021,0.9127153795661076,0.9853195274548021,False,1609,3771348,6060098
4403000,0.010851777000049292,0.03273067331670823,0.0005175728298910632,0.0002392700580089629,6.904761904761905,3.0,10.940117357709356,/net/nfs-ip34/jbod2/def-ilafores/ref_dbs/sourmash_db/RefSeq_20250528.k31.sbt.zip,GCF_024799845.1_ASM2479984v1_genomic,1affe8cbd37c62a3073bbe0490a4ad0a,0.6862531172069826,210000,100,285494000,/nfs3_ib/nfs-ip34/home/def-ilafores/analysis/MethodsComparison/Feces_RA/preproc/SRR5091492/SRR5091492_unmatched_2.fastq,SRR5091492,f08dcfbd,405740000,31,DNA,1000,405740,True,0.8642294470410009,0.987928014854078,0.9260787309475395,0.987928014854078,False,1450,3772798,6060098
1753000,0.004320500813328733,0.08299919807538092,0.0005101789323211909,0.000544380635428668,15.93719806763285,16.0,6.626758658154545,/net/nfs-ip34/jbod2/def-ilafores/ref_dbs/sourmash_db/RefSeq_20250528.k31.sbt.zip,GCF_900683765.1_Phascolarctobacterium_succinatutens_82G5_genomic,3f78203e6069e7dd0f934cece4bae86a,0.7028869286287089,207000,101,285287000,/nfs3_ib/nfs-ip34/home/def-ilafores/analysis/MethodsComparison/Feces_RA/preproc/SRR5091492/SRR5091492_unmatched_2.fastq,SRR5091492,f08dcfbd,405740000,31,DNA,1000,405740,True,0.8389322817256236,0.9886915479629659,0.9138119148442947,0.9886915479629659,False,3299,3776097,6060098
248000,0.0006112288657761128,0.03346872461413485,0.0005077142997979001,5.6599744756602944e-05,1.6650485436893203,1.0,1.4344721797709128,/net/nfs-ip34/jbod2/def-ilafores/ref_dbs/sourmash_db/RefSeq_20250528.k31.sbt.zip,GCF_025149125.1_ASM2514912v1_genomic,ee57b146d808065c374f21482d0a5cda,0.04029244516653128,206000,102,285081000,/nfs3_ib/nfs-ip34/home/def-ilafores/analysis/MethodsComparison/Feces_RA/preproc/SRR5091492/SRR5091492_unmatched_2.fastq,SRR5091492,f08dcfbd,405740000,31,DNA,1000,405740,True,0.7876425266075825,0.9015861128930316,0.8446143197503071,0.9015861128930316,False,343,3776440,6060098
188000,0.00046335091437866617,0.0657243816254417,0.0004584216493320846,4.653390093691554e-05,1.5161290322580645,1.0,0.9053354778405064,/net/nfs-ip34/jbod2/def-ilafores/ref_dbs/sourmash_db/RefSeq_20250528.k31.sbt.zip,GCF_000478885.1_ASM47888v1_genomic,02b170c1c65259d332d2411d92d0f08f,0.06643109540636043,186000,103,284895000,/nfs3_ib/nfs-ip34/home/def-ilafores/analysis/MethodsComparison/Feces_RA/preproc/SRR5091492/SRR5091492_unmatched_2.fastq,SRR5091492,f08dcfbd,405740000,31,DNA,1000,405740,True,0.7806362427088334,0.9162457666809551,0.8484410046948943,0.9162457666809551,False,282,3776722,6060098
2846000,0.007014344161285552,0.027517477316674102,0.00045595701680879383,0.0006387685479673761,20.924324324324324,22.0,26.96633943236086,/net/nfs-ip34/jbod2/def-ilafores/ref_dbs/sourmash_db/RefSeq_20250528.k31.sbt.zip,GCF_014334015.1_ASM1433401v1_genomic,32a90d9faa0865b9d4716569d60e47de,0.4233229213148892,185000,104,284710000,/nfs3_ib/nfs-ip34/home/def-ilafores/analysis/MethodsComparison/Feces_RA/preproc/SRR5091492/SRR5091492_unmatched_2.fastq,SRR5091492,f08dcfbd,405740000,31,DNA,1000,405740,True,0.8521493399944701,0.9726512613731351,0.9124003006838026,0.9726512613731351,False,3871,3780593,6060098
1562000,0.0038497560013801943,0.05843335439039798,0.00045595701680879383,0.0003787067469865999,12.405405405405405,11.0,11.2520495657565,/net/nfs-ip34/jbod2/def-ilafores/ref_dbs/sourmash_db/RefSeq_20250528.k31.sbt.zip,GCF_010509575.1_ASM1050957v1_genomic,1536305f1db2c6485876fc17c9a7e45f,0.4933670246367656,185000,105,284525000,/nfs3_ib/nfs-ip34/home/def-ilafores/analysis/MethodsComparison/Feces_RA/preproc/SRR5091492/SRR5091492_unmatched_2.fastq,SRR5091492,f08dcfbd,405740000,31,DNA,1000,405740,True,0.8358161308007642,0.977467354906989,0.9066417428538767,0.977467354906989,False,2295,3782888,6060098
889000,0.002191058313205501,0.03907122125474436,0.00043131069157588604,0.00018547554841522366,6.422857142857143,2.0,13.276124342255176,/net/nfs-ip34/jbod2/def-ilafores/ref_dbs/sourmash_db/RefSeq_20250528.k31.sbt.zip,GCF_025148125.1_ASM2514812v1_genomic,20e22b7a195404638366fe78b372a400,0.19848180397410137,175000,106,284350000,/nfs3_ib/nfs-ip34/home/def-ilafores/analysis/MethodsComparison/Feces_RA/preproc/SRR5091492/SRR5091492_unmatched_2.fastq,SRR5091492,f08dcfbd,405740000,31,DNA,1000,405740,True,0.8207570901661302,0.9491739903272243,0.8849655402466772,0.9491739903272243,False,1124,3784012,6060098
197000,0.0004855326070882831,0.05383411580594679,0.0004239167940060137,4.158348594362665e-05,1.4651162790697674,1.0,0.8653225560529794,/net/nfs-ip34/jbod2/def-ilafores/ref_dbs/sourmash_db/RefSeq_20250528.k31.sbt.zip,GCF_045061075.1_ASM4506107v1_genomic,6289e11616c59ffa1524db220d88d00e,0.06165884194053208,172000,107,284178000,/nfs3_ib/nfs-ip34/home/def-ilafores/analysis/MethodsComparison/Feces_RA/preproc/SRR5091492/SRR5091492_unmatched_2.fastq,SRR5091492,f08dcfbd,405740000,31,DNA,1000,405740,True,0.7818146773913262,0.9140450316866687,0.8479298545389975,0.9140450316866687,False,252,3784264,6060098
1544000,0.00380539261596096,0.031193326079071455,0.0004239167940060137,0.00022887418652305623,8.063953488372093,2.0,32.29211658705969,/net/nfs-ip34/jbod2/def-ilafores/ref_dbs/sourmash_db/RefSeq_20250528.k31.sbt.zip,GCF_019930665.1_ASM1993066v1_genomic,d7320230ed69eef737078c57f068087a,0.2800145085237577,172000,108,284006000,/nfs3_ib/nfs-ip34/home/def-ilafores/analysis/MethodsComparison/Feces_RA/preproc/SRR5091492/SRR5091492_unmatched_2.fastq,SRR5091492,f08dcfbd,405740000,31,DNA,1000,405740,True,0.8355036856567382,0.9597698743725254,0.8976367800146318,0.9597698743725254,False,1387,3785651,6060098
1506000,0.0037117365800759107,0.07519788918205805,0.0004214521614827229,0.00012128516733557774,4.298245614035087,4.0,3.1342192417671133,/net/nfs-ip34/jbod2/def-ilafores/ref_dbs/sourmash_db/RefSeq_20250528.k31.sbt.zip,GCF_017743235.1_ASM1774323v1_genomic,d47f03db00b0741ff23d7accc2566ab5,0.662269129287599,171000,109,283835000,/nfs3_ib/nfs-ip34/home/def-ilafores/analysis/MethodsComparison/Feces_RA/preproc/SRR5091492/SRR5091492_unmatched_2.fastq,SRR5091492,f08dcfbd,405740000,31,DNA,1000,405740,True,0.8348323366354158,0.9867949532689155,0.9108136449521657,0.9867949532689155,False,735,3786386,6060098
3273000,0.008066742248730715,0.03654054054054054,0.00041652289643614136,0.002656062657732598,95.24260355029585,3.0,104.72819294705344,/net/nfs-ip34/jbod2/def-ilafores/ref_dbs/sourmash_db/RefSeq_20250528.k31.sbt.zip,GCF_025914195.1_ASM2591419v1_genomic,4ab236feb27bbefb635121ccd1c90e65,0.7076756756756757,169000,110,283666000,/nfs3_ib/nfs-ip34/home/def-ilafores/analysis/MethodsComparison/Feces_RA/preproc/SRR5091492/SRR5091492_unmatched_2.fastq,SRR5091492,f08dcfbd,405740000,31,DNA,1000,405740,True,0.8560007296215231,0.9889081227446063,0.9224544261830647,0.9889081227446063,False,16096,3802482,6060098
2893000,0.007130181889880219,0.040270074752833375,0.0004115936313895598,0.0015570705292224647,56.50299401197605,53.0,80.74450532845248,/net/nfs-ip34/jbod2/def-ilafores/ref_dbs/sourmash_db/RefSeq_20250528.k31.sbt.zip,GCF_025146565.1_ASM2514656v1_genomic,9216287e15b5df82656d9407b3ab0a7c,0.6976127320954907,167000,111,283499000,/nfs3_ib/nfs-ip34/home/def-ilafores/analysis/MethodsComparison/Feces_RA/preproc/SRR5091492/SRR5091492_unmatched_2.fastq,SRR5091492,f08dcfbd,405740000,31,DNA,1000,405740,True,0.852599710660686,0.9884513597342991,0.9205255351974926,0.9884513597342991,False,9436,3811918,6060098
3408000,0.008399467639374969,0.032634493670886076,0.00040666436634297825,0.00032870755555438214,12.072727272727272,6.0,12.374736550052111,/net/nfs-ip34/jbod2/def-ilafores/ref_dbs/sourmash_db/RefSeq_20250528.k31.sbt.zip,GCF_012273055.1_ASM1227305v1_genomic,c1884ac4d25c83812a1bdd52c3c7dc1b,0.6740506329113924,165000,112,283334000,/nfs3_ib/nfs-ip34/home/def-ilafores/analysis/MethodsComparison/Feces_RA/preproc/SRR5091492/SRR5091492_unmatched_2.fastq,SRR5091492,f08dcfbd,405740000,31,DNA,1000,405740,True,0.8571175337355285,0.9873564152149045,0.9222369744752165,0.9873564152149045,False,1992,3813910,6060098
4146000,0.010218366441563563,0.030864197530864196,0.00040666436634297825,0.0004613786773745243,16.945454545454545,16.0,10.346279990502543,/net/nfs-ip34/jbod2/def-ilafores/ref_dbs/sourmash_db/RefSeq_20250528.k31.sbt.zip,GCF_018292205.1_ASM1829220v1_genomic,8ecf5298bc316c4919161fc4689e0594,0.7755331088664422,165000,113,283169000,/nfs3_ib/nfs-ip34/home/def-ilafores/analysis/MethodsComparison/Feces_RA/preproc/SRR5091492/SRR5091492_unmatched_2.fastq,SRR5091492,f08dcfbd,405740000,31,DNA,1000,405740,True,0.8625544083833998,0.9918333809996415,0.9271938946915206,0.9918333809996415,False,2796,3816706,6060098
2086000,0.005141223443584562,0.02335849594074918,0.00040419973381968747,0.00017656480142730366,6.524390243902439,5.0,5.718445997663833,/net/nfs-ip34/jbod2/def-ilafores/ref_dbs/sourmash_db/RefSeq_20250528.k31.sbt.zip,GCF_020091405.1_ASM2009140v1_genomic,6567e1e09256d8c7a31fd1e8d0b378f2,0.2971086739780658,164000,114,283005000,/nfs3_ib/nfs-ip34/home/def-ilafores/analysis/MethodsComparison/Feces_RA/preproc/SRR5091492/SRR5091492_unmatched_2.fastq,SRR5091492,f08dcfbd,405740000,31,DNA,1000,405740,True,0.843652183387447,0.961606230871184,0.9026292071293155,0.961606230871184,False,1070,3817776,6060098
177000,0.0004362399566224676,0.05542251111871365,0.0003992704687731059,4.1253458277407396e-05,1.5432098765432098,1.0,0.9564515529998303,/net/nfs-ip34/jbod2/def-ilafores/ref_dbs/sourmash_db/RefSeq_20250528.k31.sbt.zip,GCF_025148965.1_ASM2514896v1_genomic,4fe134d0444f089dec5e462a3d358d30,0.06055422511118714,162000,115,282843000,/nfs3_ib/nfs-ip34/home/def-ilafores/analysis/MethodsComparison/Feces_RA/preproc/SRR5091492/SRR5091492_unmatched_2.fastq,SRR5091492,f08dcfbd,405740000,31,DNA,1000,405740,True,0.7791194504547756,0.9135121692432799,0.8463158098490278,0.9135121692432799,False,250,3818026,6060098
281000,0.0006925617390447084,0.0221840561041935,0.0003820180411100705,7.227605890201775e-05,2.825806451612903,1.0,5.754267294067185,/net/nfs-ip34/jbod2/def-ilafores/ref_dbs/sourmash_db/RefSeq_20250528.k31.sbt.zip,GCF_042853085.1_ASM4285308v1_genomic,400d90fee346891087f6d66c37bf84f7,0.0402175468727637,155000,116,282688000,/nfs3_ib/nfs-ip34/home/def-ilafores/analysis/MethodsComparison/Feces_RA/preproc/SRR5091492/SRR5091492_unmatched_2.fastq,SRR5091492,f08dcfbd,405740000,31,DNA,1000,405740,True,0.7908230266005206,0.9015320019941492,0.8461775142973349,0.9015320019941492,False,438,3818464,6060098
1859000,0.004581751860797555,0.04330708661417323,0.00037955340858677973,0.00021220778937898363,8.35064935064935,2.0,48.05050541884981,/net/nfs-ip34/jbod2/def-ilafores/ref_dbs/sourmash_db/RefSeq_20250528.k31.sbt.zip,GCF_045070525.1_ASM4507052v1_genomic,214150bf2398bbfa49ab399581721b68,0.5227784026996626,154000,117,282534000,/nfs3_ib/nfs-ip34/home/def-ilafores/analysis/MethodsComparison/Feces_RA/preproc/SRR5091492/SRR5091492_unmatched_2.fastq,SRR5091492,f08dcfbd,405740000,31,DNA,1000,405740,True,0.8405226194744346,0.9792948535394485,0.9099087365069416,0.9792948535394485,False,1286,3819750,6060098
371000,0.0009143786661408784,0.028604561267877852,0.00036476561344703505,5.3629495760629615e-05,2.195945945945946,1.0,2.6703041222277037,/net/nfs-ip34/jbod2/def-ilafores/ref_dbs/sourmash_db/RefSeq_20250528.k31.sbt.zip,GCF_000210835.1_ASM21083v1_genomic,dd09be046e9da870a56029d77d11ec3e,0.07170467723231543,148000,118,282386000,/nfs3_ib/nfs-ip34/home/def-ilafores/analysis/MethodsComparison/Feces_RA/preproc/SRR5091492/SRR5091492_unmatched_2.fastq,SRR5091492,f08dcfbd,405740000,31,DNA,1000,405740,True,0.7979428897179524,0.9185063792712288,0.8582246344945905,0.9185063792712288,False,325,3820075,6060098
1355000,0.003339577069059003,0.036210317460317464,0.0003598363484004535,3.910827844698221e-05,1.6232876712328768,1.0,1.3145154373583754,/net/nfs-ip34/jbod2/def-ilafores/ref_dbs/sourmash_db/RefSeq_20250528.k31.sbt.zip,GCF_032450655.1_ASM3245065v1_genomic,238dff01323d07dfd5222980fc0a672b,0.33606150793650796,146000,119,282240000,/nfs3_ib/nfs-ip34/home/def-ilafores/analysis/MethodsComparison/Feces_RA/preproc/SRR5091492/SRR5091492_unmatched_2.fastq,SRR5091492,f08dcfbd,405740000,31,DNA,1000,405740,True,0.8319918646081658,0.9654353265628405,0.8987135955855031,0.9654353265628405,False,237,3820312,6060098
4102000,0.01010992261053877,0.02301422406904267,0.00035490708335387194,0.00018283532708546958,7.694444444444445,6.0,7.166935826125589,/net/nfs-ip34/jbod2/def-ilafores/ref_dbs/sourmash_db/RefSeq_20250528.k31.sbt.zip,GCF_018279805.1_ASM1827980v1_genomic,5b9c0b804dcb35d49a9058ef0c729857,0.6555857439667573,144000,120,282096000,/nfs3_ib/nfs-ip34/home/def-ilafores/analysis/MethodsComparison/Feces_RA/preproc/SRR5091492/SRR5091492_unmatched_2.fastq,SRR5091492,f08dcfbd,405740000,31,DNA,1000,405740,True,0.8622575917663323,0.9864721359607476,0.92436486386354,0.9864721359607476,False,1108,3821420,6060098
1223000,0.0030142455759846207,0.0362668019274664,0.00035244245083058116,0.00021220778937898363,8.993006993006993,3.0,19.623197526595487,/net/nfs-ip34/jbod2/def-ilafores/ref_dbs/sourmash_db/RefSeq_20250528.k31.sbt.zip,GCF_023497585.1_ASM2349758v1_genomic,d9c5bc738094fb07e8276cf458f5e9f1,0.31016992137966015,143000,121,281953000,/nfs3_ib/nfs-ip34/home/def-ilafores/analysis/MethodsComparison/Feces_RA/preproc/SRR5091492/SRR5091492_unmatched_2.fastq,SRR5091492,f08dcfbd,405740000,31,DNA,1000,405740,True,0.8292456111962542,0.9629416900811182,0.8960936506386862,0.9629416900811182,False,1286,3822706,6060098
221000,0.0005446837876472618,0.042444310656231186,0.0003475131857839996,4.8679080767340725e-05,2.0921985815602837,1.0,2.9867335729426334,/net/nfs-ip34/jbod2/def-ilafores/ref_dbs/sourmash_db/RefSeq_20250528.k31.sbt.zip,GCF_018408705.1_ASM1840870v1_genomic,ac6ff4cab85d8673ba368b5f66dcfee5,0.06652618904274533,141000,122,281812000,/nfs3_ib/nfs-ip34/home/def-ilafores/analysis/MethodsComparison/Feces_RA/preproc/SRR5091492/SRR5091492_unmatched_2.fastq,SRR5091492,f08dcfbd,405740000,31,DNA,1000,405740,True,0.7847193053122663,0.9162880461666408,0.8505036757394535,0.9162880461666408,False,295,3823001,6060098
622000,0.0015330014294868636,0.04598092643051771,0.0003327253906442549,0.00014867746363177625,6.674074074074074,2.0,8.213655864545318,/net/nfs-ip34/jbod2/def-ilafores/ref_dbs/sourmash_db/RefSeq_20250528.k31.sbt.zip,GCF_023347295.1_ASM2334729v1_genomic,78db35fa6d9edc0fa99c8623efbe174d,0.21185286103542234,135000,123,281677000,/nfs3_ib/nfs-ip34/home/def-ilafores/analysis/MethodsComparison/Feces_RA/preproc/SRR5091492/SRR5091492_unmatched_2.fastq,SRR5091492,f08dcfbd,405740000,31,DNA,1000,405740,True,0.8113552493278993,0.9511722512857924,0.8812637503068459,0.9511722512857924,False,901,3823902,6060098
4603000,0.011344703504707449,0.024328249818445898,0.00033026075812096414,0.0003414136207038236,15.440298507462687,2.5,26.031986981011453,/net/nfs-ip34/jbod2/def-ilafores/ref_dbs/sourmash_db/RefSeq_20250528.k31.sbt.zip,GCF_025146415.1_ASM2514641v1_genomic,fc9d6617c5819e3400afd74acbdba136,0.8356935366739289,134000,124,281543000,/nfs3_ib/nfs-ip34/home/def-ilafores/analysis/MethodsComparison/Feces_RA/preproc/SRR5091492/SRR5091492_unmatched_2.fastq,SRR5091492,f08dcfbd,405740000,31,DNA,1000,405740,True,0.8654687515415495,0.9942266233948305,0.92984768746819,0.9942266233948305,False,2069,3825971,6060098
3792000,0.009345886528318628,0.026438885499288182,0.0003204022280278011,0.001768948290935229,82.46153846153847,2.0,97.26744683098119,/net/nfs-ip34/jbod2/def-ilafores/ref_dbs/sourmash_db/RefSeq_20250528.k31.sbt.zip,GCF_018289375.1_ASM1828937v1_genomic,d63aa3877a3e796774bd21a9b9ae06b0,0.7712019524100061,130000,125,281413000,/nfs3_ib/nfs-ip34/home/def-ilafores/analysis/MethodsComparison/Feces_RA/preproc/SRR5091492/SRR5091492_unmatched_2.fastq,SRR5091492,f08dcfbd,405740000,31,DNA,1000,405740,True,0.8600746458516347,0.9916542144744521,0.9258644301630434,0.9916542144744521,False,10720,3836691,6060098
3936000,0.0097007936116725,0.01908957415565345,0.0003204022280278011,0.00021748823203849178,10.138461538461538,7.0,17.14093339445481,/net/nfs-ip34/jbod2/def-ilafores/ref_dbs/sourmash_db/RefSeq_20250528.k31.sbt.zip,GCF_001318345.1_ASM131834v1_genomic,2b0cd9230817e091c6a0e14360a551e4,0.5779735682819384,130000,126,281283000,/nfs3_ib/nfs-ip34/home/def-ilafores/analysis/MethodsComparison/Feces_RA/preproc/SRR5091492/SRR5091492_unmatched_2.fastq,SRR5091492,f08dcfbd,405740000,31,DNA,1000,405740,True,0.8611093381106225,0.9824707108891205,0.9217900244998716,0.9824707108891205,False,1318,3838009,6060098
4776000,0.011771084931236752,0.019741955541737913,0.00031300833045792874,7.937165372573183e-05,3.7874015748031495,2.0,5.833152496835317,/net/nfs-ip34/jbod2/def-ilafores/ref_dbs/sourmash_db/RefSeq_20250528.k31.sbt.zip,GCF_025916295.1_ASM2591629v1_genomic,2b995a328d689c9331c85dafdfef990d,0.7424218871444116,127000,127,281156000,/nfs3_ib/nfs-ip34/home/def-ilafores/analysis/MethodsComparison/Feces_RA/preproc/SRR5091492/SRR5091492_unmatched_2.fastq,SRR5091492,f08dcfbd,405740000,31,DNA,1000,405740,True,0.8664994152618998,0.9904383411154691,0.9284688781886845,0.9904383411154691,False,481,3838490,6060098
165000,0.00040666436634297825,0.05214851898206091,0.0003080790654113472,2.8547393127965917e-05,1.384,1.0,1.372786946324884,/net/nfs-ip34/jbod2/def-ilafores/ref_dbs/sourmash_db/RefSeq_20250528.k31.sbt.zip,GCF_030450025.1_ASM3045002v1_genomic,878f383cc0c159910d66fd701f0f6fca,0.0688360450563204,125000,128,281031000,/nfs3_ib/nfs-ip34/home/def-ilafores/analysis/MethodsComparison/Feces_RA/preproc/SRR5091492/SRR5091492_unmatched_2.fastq,SRR5091492,f08dcfbd,405740000,31,DNA,1000,405740,True,0.7773570112703149,0.917297459376307,0.847327235323311,0.917297459376307,False,173,3838663,6060098
125000,0.0003080790654113472,0.0358485111303845,0.0003056144328880564,2.9702489959733326e-05,1.4516129032258065,1.0,0.8067741290580516,/net/nfs-ip34/jbod2/def-ilafores/ref_dbs/sourmash_db/RefSeq_20250528.k31.sbt.zip,GCF_001701045.1_ASM170104v1_genomic,9d91951929bacfb6e297eba2f87e2e3e,0.03613761202659728,124000,129,280907000,/nfs3_ib/nfs-ip34/home/def-ilafores/analysis/MethodsComparison/Feces_RA/preproc/SRR5091492/SRR5091492_unmatched_2.fastq,SRR5091492,f08dcfbd,405740000,31,DNA,1000,405740,True,0.7704261908490674,0.8984265197295074,0.8344263552892874,0.8984265197295074,False,180,3838843,6060098
716000,0.0017646768866761966,0.03469501958589815,0.0003056144328880564,7.376118340000443e-05,3.6048387096774195,2.0,6.002443787791631,/net/nfs-ip34/jbod2/def-ilafores/ref_dbs/sourmash_db/RefSeq_20250528.k31.sbt.zip,GCF_000209835.1_ASM20983v1_genomic,ab50710d4b2685ccaecb7b36ef7d16eb,0.20033575825405708,124000,130,280783000,/nfs3_ib/nfs-ip34/home/def-ilafores/analysis/MethodsComparison/Feces_RA/preproc/SRR5091492/SRR5091492_unmatched_2.fastq,SRR5091492,f08dcfbd,405740000,31,DNA,1000,405740,True,0.8150471784445573,0.9494587032184382,0.8822529408314977,0.9494587032184382,False,447,3839290,6060098
936000,0.0023068960418001676,0.037267080745341616,0.0002957559027948933,0.00011055926818345181,5.583333333333333,2.0,21.56756180522551,/net/nfs-ip34/jbod2/def-ilafores/ref_dbs/sourmash_db/RefSeq_20250528.k31.sbt.zip,GCF_044324945.1_ASM4432494v1_genomic,d941499676ba65c47aeee15f709cbc7a,0.2906832298136646,120000,131,280663000,/nfs3_ib/nfs-ip34/home/def-ilafores/analysis/MethodsComparison/Feces_RA/preproc/SRR5091492/SRR5091492_unmatched_2.fastq,SRR5091492,f08dcfbd,405740000,31,DNA,1000,405740,True,0.822122222953998,0.9609282627351708,0.8915252428445843,0.9609282627351708,False,670,3839960,6060098
847000,0.0020875437472272886,0.030623020063357972,0.00028589737270173017,5.2639412761971834e-05,2.75,1.0,4.92333465630065,/net/nfs-ip34/jbod2/def-ilafores/ref_dbs/sourmash_db/RefSeq_20250528.k31.sbt.zip,GCF_042852885.1_ASM4285288v1_genomic,f32238affe7c3d61e1c1adbb08f0b285,0.22360084477296727,116000,132,280547000,/nfs3_ib/nfs-ip34/home/def-ilafores/analysis/MethodsComparison/Feces_RA/preproc/SRR5091492/SRR5091492_unmatched_2.fastq,SRR5091492,f08dcfbd,405740000,31,DNA,1000,405740,True,0.8194767413350608,0.9528296703318067,0.8861532058334337,0.9528296703318067,False,319,3840279,6060098
746000,0.00183861586237492,0.028522252274403737,0.00028589737270173017,0.0002732629076295466,14.275862068965518,1.0,51.77064575787974,/net/nfs-ip34/jbod2/def-ilafores/ref_dbs/sourmash_db/RefSeq_20250528.k31.sbt.zip,GCF_022846055.1_ASM2284605v1_genomic,6b6a5701c4b4085bc7aae18a71eaefc2,0.18342758790263095,116000,133,280431000,/nfs3_ib/nfs-ip34/home/def-ilafores/analysis/MethodsComparison/Feces_RA/preproc/SRR5091492/SRR5091492_unmatched_2.fastq,SRR5091492,f08dcfbd,405740000,31,DNA,1000,405740,True,0.8161270533358036,0.9467619496638939,0.8814445014998488,0.9467619496638939,False,1656,3841935,6060098
169000,0.00041652289643614136,0.04135203164329378,0.0002834327401784394,8.927248371230961e-05,4.7043478260869565,2.0,6.070561771932076,/net/nfs-ip34/jbod2/def-ilafores/ref_dbs/sourmash_db/RefSeq_20250528.k31.sbt.zip,GCF_014334055.1_ASM1433405v1_genomic,7d82c091b7553167242da89b74e9d599,0.06076950737144912,115000,134,280316000,/nfs3_ib/nfs-ip34/home/def-ilafores/analysis/MethodsComparison/Feces_RA/preproc/SRR5091492/SRR5091492_unmatched_2.fastq,SRR5091492,f08dcfbd,405740000,31,DNA,1000,405740,True,0.7779578956409207,0.9136167544925438,0.8457873250667323,0.9136167544925438,False,541,3842476,6060098
115000,0.0002834327401784394,0.047959612957509466,0.0002809681076551486,3.0197531459062213e-05,1.605263157894737,1.0,0.9966471956024902,/net/nfs-ip34/jbod2/def-ilafores/ref_dbs/sourmash_db/RefSeq_20250528.k31.sbt.zip,GCF_002073815.2_ASM207381v2_genomic,972131dd36ed5aca3d19d2f438971d9f,0.048380311316785864,114000,135,280202000,/nfs3_ib/nfs-ip34/home/def-ilafores/analysis/MethodsComparison/Feces_RA/preproc/SRR5091492/SRR5091492_unmatched_2.fastq,SRR5091492,f08dcfbd,405740000,31,DNA,1000,405740,True,0.7683567373167395,0.9069220410210058,0.8376393891688727,0.9069220410210058,False,183,3842659,6060098
3237000,0.007978015477892246,0.02136509737190395,0.00027850347513185783,2.9702489959733326e-05,1.592920353982301,1.0,1.0778310582446067,/net/nfs-ip34/jbod2/def-ilafores/ref_dbs/sourmash_db/RefSeq_20250528.k31.sbt.zip,GCF_043950225.1_ESCOTC_24_genomic,915e373cddab113d1b8b2c6b70f0a0ae,0.6120249574588769,113000,136,280089000,/nfs3_ib/nfs-ip34/home/def-ilafores/analysis/MethodsComparison/Feces_RA/preproc/SRR5091492/SRR5091492_unmatched_2.fastq,SRR5091492,f08dcfbd,405740000,31,DNA,1000,405740,True,0.8556953845563613,0.9842866276963717,0.9199910061263665,0.9842866276963717,False,180,3842839,6060098
1804000,0.004446197072016563,0.041316270566727605,0.00027850347513185783,0.00015527801695616142,8.327433628318584,5.0,8.090683463123623,/net/nfs-ip34/jbod2/def-ilafores/ref_dbs/sourmash_db/RefSeq_20250528.k31.sbt.zip,GCF_902388275.1_UHGG_MGYG-HGUT-02545_genomic,35aa97e0127f24ba3813815f3d766914,0.6595978062157222,113000,137,279976000,/nfs3_ib/nfs-ip34/home/def-ilafores/analysis/MethodsComparison/Feces_RA/preproc/SRR5091492/SRR5091492_unmatched_2.fastq,SRR5091492,f08dcfbd,405740000,31,DNA,1000,405740,True,0.8397087293725887,0.9866663043392712,0.9131875168559299,0.9866663043392712,False,941,3843780,6060098
1965000,0.004843002908266378,0.032127351664254705,0.0002735742100852763,0.0002627020223105303,14.342342342342342,14.0,6.647488851208844,/net/nfs-ip34/jbod2/def-ilafores/ref_dbs/sourmash_db/RefSeq_20250528.k31.sbt.zip,GCF_006542645.1_Aond_1.0_genomic,566b2b26a16f5715c1c9a70e9e58a94c,0.5687409551374819,111000,138,279865000,/nfs3_ib/nfs-ip34/home/def-ilafores/analysis/MethodsComparison/Feces_RA/preproc/SRR5091492/SRR5091492_unmatched_2.fastq,SRR5091492,f08dcfbd,405740000,31,DNA,1000,405740,True,0.8420275118999353,0.9819604951741023,0.9119940035370189,0.9819604951741023,False,1592,3845372,6060098
3407000,0.008397003006851679,0.015900802334062727,0.0002686449450386947,0.0003051105774197051,16.96330275229358,18.0,11.973921667565795,/net/nfs-ip34/jbod2/def-ilafores/ref_dbs/sourmash_db/RefSeq_20250528.k31.sbt.zip,GCF_025147085.1_ASM2514708v1_genomic,5b057d4064659334efb7b362a7eec964,0.49700948212983226,109000,139,279756000,/nfs3_ib/nfs-ip34/home/def-ilafores/analysis/MethodsComparison/Feces_RA/preproc/SRR5091492/SRR5091492_unmatched_2.fastq,SRR5091492,f08dcfbd,405740000,31,DNA,1000,405740,True,0.8571094196278171,0.9776993176366131,0.9174043686322151,0.9776993176366131,False,1849,3847221,6060098
3880000,0.009562774190368216,0.022208513263417645,0.00026618031251540394,0.00048382055867743394,27.14814814814815,1.5,48.02194999951407,/net/nfs-ip34/jbod2/def-ilafores/ref_dbs/sourmash_db/RefSeq_20250528.k31.sbt.zip,GCF_008728395.1_ASM872839v1_genomic,be62626804ebd51a937970eebfaaba96,0.7978614024264857,108000,140,279648000,/nfs3_ib/nfs-ip34/home/def-ilafores/analysis/MethodsComparison/Feces_RA/preproc/SRR5091492/SRR5091492_unmatched_2.fastq,SRR5091492,f08dcfbd,405740000,31,DNA,1000,405740,True,0.860711380205932,0.9927419395530572,0.9267266598794945,0.9927419395530572,False,2932,3850153,6060098
109000,0.0002686449450386947,0.04622030237580994,0.00026371567999211316,2.6237199464431103e-05,1.485981308411215,1.0,0.9702537097753696,/net/nfs-ip34/jbod2/def-ilafores/ref_dbs/sourmash_db/RefSeq_20250528.k31.sbt.zip,GCF_003856815.1_ASM385681v1_genomic,ec56179731d98b9fa6dca12eb7eea848,0.04708423326133909,107000,141,279541000,/nfs3_ib/nfs-ip34/home/def-ilafores/analysis/MethodsComparison/Feces_RA/preproc/SRR5091492/SRR5091492_unmatched_2.fastq,SRR5091492,f08dcfbd,405740000,31,DNA,1000,405740,True,0.7670297613881405,0.9061279618615549,0.8365788616248477,0.9061279618615549,False,159,3850312,6060098
390000,0.0009612066840834031,0.033343918704350585,0.0002587864149455316,0.00022408878536287697,12.933333333333334,1.0,28.003151750053203,/net/nfs-ip34/jbod2/def-ilafores/ref_dbs/sourmash_db/RefSeq_20250528.k31.sbt.zip,GCF_042850025.1_ASM4285002v1_genomic,26ae838edf91db815bafb3211b734604,0.1238488409018736,105000,142,279436000,/nfs3_ib/nfs-ip34/home/def-ilafores/analysis/MethodsComparison/Feces_RA/preproc/SRR5091492/SRR5091492_unmatched_2.fastq,SRR5091492,f08dcfbd,405740000,31,DNA,1000,405740,True,0.7992295065149775,0.9348425037248123,0.8670360051198949,0.9348425037248123,False,1358,3851670,6060098
4650000,0.011460541233302115,0.01549232831818859,0.0002563217824222408,0.00018267031325235993,10.64423076923077,4.0,31.499975051647866,/net/nfs-ip34/jbod2/def-ilafores/ref_dbs/sourmash_db/RefSeq_20250528.k31.sbt.zip,GCF_030168555.1_ASM3016855v1_genomic,761bc93d29d61ce80809686c2d5128e5,0.6926858334574706,104000,143,279332000,/nfs3_ib/nfs-ip34/home/def-ilafores/analysis/MethodsComparison/Feces_RA/preproc/SRR5091492/SRR5091492_unmatched_2.fastq,SRR5091492,f08dcfbd,405740000,31,DNA,1000,405740,True,0.8657524192416035,0.9882253946540532,0.9269889069478283,0.9882253946540532,False,1107,3852777,6060098
164000,0.00040419973381968747,0.022609088853719195,0.00024646325232907776,4.306861044161332e-05,2.61,1.0,6.052924912800421,/net/nfs-ip34/jbod2/def-ilafores/ref_dbs/sourmash_db/RefSeq_20250528.k31.sbt.zip,GCF_044336395.1_ASM4433639v1_genomic,7004ceefcd6696a06bbad6d1e5c7b9f6,0.03707890572009948,100000,144,279232000,/nfs3_ib/nfs-ip34/home/def-ilafores/analysis/MethodsComparison/Feces_RA/preproc/SRR5091492/SRR5091492_unmatched_2.fastq,SRR5091492,f08dcfbd,405740000,31,DNA,1000,405740,True,0.7772045878580667,0.8991720598268602,0.8381883238424634,0.8991720598268602,False,261,3853038,6060098
1798000,0.004431409276876817,0.01579778830963665,0.00024646325232907776,0.00012244026416734514,7.42,7.0,4.952130854490822,/net/nfs-ip34/jbod2/def-ilafores/ref_dbs/sourmash_db/RefSeq_20250528.k31.sbt.zip,GCF_036416795.1_ASM3641679v1_genomic,c36698f0fba88541e862d1e6992e9d87,0.284044233807267,100000,145,279132000,/nfs3_ib/nfs-ip34/home/def-ilafores/analysis/MethodsComparison/Feces_RA/preproc/SRR5091492/SRR5091492_unmatched_2.fastq,SRR5091492,f08dcfbd,405740000,31,DNA,1000,405740,True,0.8396184930106764,0.9602123547355443,0.8999154238731104,0.9602123547355443,False,742,3853780,6060098
1733000,0.004271208162862917,0.032448377581120944,0.00024399861980578695,6.468542257897479e-05,3.95959595959596,2.0,5.44006682950482,/net/nfs-ip34/jbod2/def-ilafores/ref_dbs/sourmash_db/RefSeq_20250528.k31.sbt.zip,GCF_042852915.1_ASM4285291v1_genomic,83df1fc7945fffe52952776a8424f7ce,0.5680104883644707,99000,146,279033000,/nfs3_ib/nfs-ip34/home/def-ilafores/analysis/MethodsComparison/Feces_RA/preproc/SRR5091492/SRR5091492_unmatched_2.fastq,SRR5091492,f08dcfbd,405740000,31,DNA,1000,405740,True,0.838621809888252,0.9819197863716327,0.9102707981299423,0.9819197863716327,False,392,3854172,6060098
284000,0.0006999556366145808,0.02831807780320366,0.00024399861980578695,0.00019438629540314366,11.8989898989899,1.0,24.37895057837659,/net/nfs-ip34/jbod2/def-ilafores/ref_dbs/sourmash_db/RefSeq_20250528.k31.sbt.zip,GCF_028743455.1_ASM2874345v1_genomic,e7c81f7d63e990a73ddfcefd48f5bb04,0.08123569794050343,99000,147,278934000,/nfs3_ib/nfs-ip34/home/def-ilafores/analysis/MethodsComparison/Feces_RA/preproc/SRR5091492/SRR5091492_unmatched_2.fastq,SRR5091492,f08dcfbd,405740000,31,DNA,1000,405740,True,0.7910939826714078,0.9222115256943433,0.8566527541828756,0.9222115256943433,False,1178,3855350,6060098
5070000,0.012495686893084241,0.014335868929198362,0.00024153398728249617,0.0007975118554188398,49.316326530612244,3.5,120.25089391994739,/net/nfs-ip34/jbod2/def-ilafores/ref_dbs/sourmash_db/RefSeq_20250528.k31.sbt.zip,GCF_036419675.1_ASM3641967v1_genomic,51dc6ef63345e816c319b25acd75ad05,0.7416617905207724,98000,148,278836000,/nfs3_ib/nfs-ip34/home/def-ilafores/analysis/MethodsComparison/Feces_RA/preproc/SRR5091492/SRR5091492_unmatched_2.fastq,SRR5091492,f08dcfbd,405740000,31,DNA,1000,405740,True,0.8681707818324864,0.9904056146559969,0.9292881982442416,0.9904056146559969,False,4833,3860183,6060098
185000,0.00045595701680879383,0.02212491357455635,0.00023660472223591462,2.34319643015674e-05,1.4791666666666667,1.0,1.050586806926914,/net/nfs-ip34/jbod2/def-ilafores/ref_dbs/sourmash_db/RefSeq_20250528.k31.sbt.zip,GCF_033539535.1_ASM3353953v1_genomic,0427dc13b30085ec6c0b07b74b672320,0.042636552200967966,96000,149,278740000,/nfs3_ib/nfs-ip34/home/def-ilafores/analysis/MethodsComparison/Feces_RA/preproc/SRR5091492/SRR5091492_unmatched_2.fastq,SRR5091492,f08dcfbd,405740000,31,DNA,1000,405740,True,0.780231269656373,0.9032322212099476,0.8417317454331603,0.9032322212099476,False,142,3860325,6060098
1283000,0.0031621235273820675,0.033619456366237484,0.00023167545718933308,5.544464792483554e-05,3.574468085106383,2.0,6.790934761123281,/net/nfs-ip34/jbod2/def-ilafores/ref_dbs/sourmash_db/RefSeq_20250528.k31.sbt.zip,GCF_030864025.1_ASM3086402v1_genomic,f73fd890bde9240f282aef5dc2a2f54a,0.45886981402002863,94000,150,278646000,/nfs3_ib/nfs-ip34/home/def-ilafores/analysis/MethodsComparison/Feces_RA/preproc/SRR5091492/SRR5091492_unmatched_2.fastq,SRR5091492,f08dcfbd,405740000,31,DNA,1000,405740,True,0.830527765232509,0.9751844279586303,0.9028560965955696,0.9751844279586303,False,336,3860661,6060098
1475000,0.0036353329718538966,0.03293201133144476,0.0002292108246660423,0.0001278857206599629,8.333333333333334,7.0,7.296093126488604,/net/nfs-ip34/jbod2/def-ilafores/ref_dbs/sourmash_db/RefSeq_20250528.k31.sbt.zip,GCF_024167885.1_ASM2416788v1_genomic,ce4fdc293b1b11e3766ab11638f10cc6,0.5223087818696884,93000,151,278553000,/nfs3_ib/nfs-ip34/home/def-ilafores/analysis/MethodsComparison/Feces_RA/preproc/SRR5091492/SRR5091492_unmatched_2.fastq,SRR5091492,f08dcfbd,405740000,31,DNA,1000,405740,True,0.8342724021008644,0.9792664632161938,0.9067694326585292,0.9792664632161938,False,775,3861436,6060098
1885000,0.0046458323064031155,0.01618353192246132,0.00022428155961946075,0.00013844660597897923,9.219780219780219,6.0,9.544346693087512,/net/nfs-ip34/jbod2/def-ilafores/ref_dbs/sourmash_db/RefSeq_20250528.k31.sbt.zip,GCF_009193295.2_ASM919329v2_genomic,b4482d10cb2488078dd11fc3de09368a,0.3352303041081273,91000,152,278462000,/nfs3_ib/nfs-ip34/home/def-ilafores/analysis/MethodsComparison/Feces_RA/preproc/SRR5091492/SRR5091492_unmatched_2.fastq,SRR5091492,f08dcfbd,405740000,31,DNA,1000,405740,True,0.8408992881369114,0.9653582059364857,0.9031287470366985,0.9653582059364857,False,839,3862275,6060098
1492000,0.00367723172474984,0.012906926717338304,0.00022181692709616997,2.8877420794185176e-05,1.9444444444444444,1.0,1.7723876620794217,/net/nfs-ip34/jbod2/def-ilafores/ref_dbs/sourmash_db/RefSeq_20250528.k31.sbt.zip,GCF_020091425.1_ASM2009142v1_genomic,b391704addc37a9e6e34e49aa9d20a35,0.21396816291409723,90000,153,278372000,/nfs3_ib/nfs-ip34/home/def-ilafores/analysis/MethodsComparison/Feces_RA/preproc/SRR5091492/SRR5091492_unmatched_2.fastq,SRR5091492,f08dcfbd,405740000,31,DNA,1000,405740,True,0.8345808576447591,0.9514771431931822,0.8930290004189707,0.9514771431931822,False,175,3862450,6060098
908000,0.002237886331148026,0.020229265003371546,0.00022181692709616997,0.00011187937884832885,7.533333333333333,1.0,12.36590294137697,/net/nfs-ip34/jbod2/def-ilafores/ref_dbs/sourmash_db/RefSeq_20250528.k31.sbt.zip,GCF_963360665.1_BFTSDC17_v2_genomic,f0ce3f7b0d131daf996251931d5e8c91,0.20409080692290402,90000,154,278282000,/nfs3_ib/nfs-ip34/home/def-ilafores/analysis/MethodsComparison/Feces_RA/preproc/SRR5091492/SRR5091492_unmatched_2.fastq,SRR5091492,f08dcfbd,405740000,31,DNA,1000,405740,True,0.8213171736834065,0.9500276384703871,0.8856724060768968,0.9500276384703871,False,678,3863128,6060098
193000,0.00047567407699512,0.01829017673653925,0.0002193522945728792,2.1451798304251844e-05,1.4606741573033708,1.0,0.9487564868577326,/net/nfs-ip34/jbod2/def-ilafores/ref_dbs/sourmash_db/RefSeq_20250528.k31.sbt.zip,GCF_020881955.1_ASM2088195v1_genomic,bf8acda9df6fa871fa7c9f414f6072af,0.0396629675297986,89000,155,278193000,/nfs3_ib/nfs-ip34/home/def-ilafores/analysis/MethodsComparison/Feces_RA/preproc/SRR5091492/SRR5091492_unmatched_2.fastq,SRR5091492,f08dcfbd,405740000,31,DNA,1000,405740,True,0.7812975005726776,0.9011282803783034,0.8412128904754905,0.9011282803783034,False,130,3863258,6060098
311000,0.0007665007147434318,0.027989821882951654,0.0002168876620495884,6.0560076751234054e-05,4.170454545454546,1.0,11.960371679110951,/net/nfs-ip34/jbod2/def-ilafores/ref_dbs/sourmash_db/RefSeq_20250528.k31.sbt.zip,GCF_042854315.1_ASM4285431v1_genomic,8c077732bd97ee96b603cc65c422945d,0.09891857506361323,88000,156,278105000,/nfs3_ib/nfs-ip34/home/def-ilafores/analysis/MethodsComparison/Feces_RA/preproc/SRR5091492/SRR5091492_unmatched_2.fastq,SRR5091492,f08dcfbd,405740000,31,DNA,1000,405740,True,0.7934149972133295,0.9280889632631293,0.8607519802382294,0.9280889632631293,False,367,3863625,6060098
1790000,0.004411692216690491,0.02242846094354215,0.00021442302952629763,2.9537476126623695e-05,2.057471264367816,1.0,1.4727901571084092,/net/nfs-ip34/jbod2/def-ilafores/ref_dbs/sourmash_db/RefSeq_20250528.k31.sbt.zip,GCF_010508875.1_ASM1050887v1_genomic,59ccf44fc685eb2124290b6866f4a03f,0.4614591389533385,87000,157,278018000,/nfs3_ib/nfs-ip34/home/def-ilafores/analysis/MethodsComparison/Feces_RA/preproc/SRR5091492/SRR5091492_unmatched_2.fastq,SRR5091492,f08dcfbd,405740000,31,DNA,1000,405740,True,0.8394977234924894,0.9753614547875807,0.907429589140035,0.9753614547875807,False,179,3863804,6060098
980000,0.002415339872824962,0.021062943913788882,0.00021195839700300685,2.5907171798211844e-05,1.8255813953488371,1.0,1.2685081923552848,/net/nfs-ip34/jbod2/def-ilafores/ref_dbs/sourmash_db/RefSeq_20250528.k31.sbt.zip,GCF_032452555.1_ASM3245255v1_genomic,1ad811d7d51280706b0cbe0a9464310c,0.24001959343619889,86000,158,277932000,/nfs3_ib/nfs-ip34/home/def-ilafores/analysis/MethodsComparison/Feces_RA/preproc/SRR5091492/SRR5091492_unmatched_2.fastq,SRR5091492,f08dcfbd,405740000,31,DNA,1000,405740,True,0.8233413810890634,0.9550100852811125,0.889175733185088,0.9550100852811125,False,157,3863961,6060098
95000,0.00023414008971262384,0.02599388379204893,0.00020949376447971607,2.0461715305594067e-05,1.4588235294117646,1.0,0.7904271544583917,/net/nfs-ip34/jbod2/def-ilafores/ref_dbs/sourmash_db/RefSeq_20250528.k31.sbt.zip,GCF_022845935.1_ASM2284593v1_genomic,be00e933b466fd9b012db789088bb49d,0.0290519877675841,85000,159,277847000,/nfs3_ib/nfs-ip34/home/def-ilafores/analysis/MethodsComparison/Feces_RA/preproc/SRR5091492/SRR5091492_unmatched_2.fastq,SRR5091492,f08dcfbd,405740000,31,DNA,1000,405740,True,0.7636358617960775,0.892123598505168,0.8278797301506227,0.892123598505168,False,124,3864085,6060098
899000,0.0022157046384384087,0.028173682466025852,0.00020949376447971607,4.900910843355999e-05,3.4941176470588236,2.0,5.139520530193144,/net/nfs-ip34/jbod2/def-ilafores/ref_dbs/sourmash_db/RefSeq_20250528.k31.sbt.zip,GCF_040026365.1_ASM4002636v1_genomic,9de4932095473c9973b31ae4d68399ec,0.29797812396420287,85000,160,277762000,/nfs3_ib/nfs-ip34/home/def-ilafores/analysis/MethodsComparison/Feces_RA/preproc/SRR5091492/SRR5091492_unmatched_2.fastq,SRR5091492,f08dcfbd,405740000,31,DNA,1000,405740,True,0.8210532992103721,0.9616968772872191,0.8913750882487956,0.9616968772872191,False,297,3864382,6060098
2393000,0.00589786562823483,0.019571724614321898,0.00020949376447971607,0.0012097164105266945,86.24705882352941,39.0,94.52717080692327,/net/nfs-ip34/jbod2/def-ilafores/ref_dbs/sourmash_db/RefSeq_20250528.k31.sbt.zip,GCF_015679285.1_ASM1567928v1_genomic,45fd681443cce466fcd8278dc02a4bdd,0.5510016117890859,85000,161,277677000,/nfs3_ib/nfs-ip34/home/def-ilafores/analysis/MethodsComparison/Feces_RA/preproc/SRR5091492/SRR5091492_unmatched_2.fastq,SRR5091492,f08dcfbd,405740000,31,DNA,1000,405740,True,0.8473970180602218,0.9809572754466871,0.9141771467534545,0.9809572754466871,False,7331,3871713,6060098
390000,0.0009612066840834031,0.022538234504963776,0.0002070291319564253,3.51479464523511e-05,2.5357142857142856,2.0,2.1182114455103758,/net/nfs-ip34/jbod2/def-ilafores/ref_dbs/sourmash_db/RefSeq_20250528.k31.sbt.zip,GCF_033096465.1_ASM3309646v1_genomic,2c68bd9dadc6532293ac0421ad590fc2,0.10464180305876039,84000,162,277593000,/nfs3_ib/nfs-ip34/home/def-ilafores/analysis/MethodsComparison/Feces_RA/preproc/SRR5091492/SRR5091492_unmatched_2.fastq,SRR5091492,f08dcfbd,405740000,31,DNA,1000,405740,True,0.7992295065149775,0.9297744068915805,0.864501956703279,0.9297744068915805,False,213,3871926,6060098
3595000,0.008860353921230345,0.016766467065868262,0.0002070291319564253,0.00020742238821880437,14.964285714285714,11.5,23.478686600612814,/net/nfs-ip34/jbod2/def-ilafores/ref_dbs/sourmash_db/RefSeq_20250528.k31.sbt.zip,GCF_013267615.1_ASM1326761v1_genomic,f7ba54d71eb58c08e526c4bd72fb6cbc,0.717564870259481,84000,163,277509000,/nfs3_ib/nfs-ip34/home/def-ilafores/analysis/MethodsComparison/Feces_RA/preproc/SRR5091492/SRR5091492_unmatched_2.fastq,SRR5091492,f08dcfbd,405740000,31,DNA,1000,405740,True,0.858595769321014,0.9893509161873715,0.9239733427541927,0.9893509161873715,False,1257,3873183,6060098
3775000,0.009303987775422684,0.0002821258009143595,0.0002045644994331345,2.277190896912888e-05,1.6626506024096386,1.0,1.4501940745379354,/net/nfs-ip34/jbod2/def-ilafores/ref_dbs/sourmash_db/RefSeq_20250528.k31.sbt.zip,plasmid.5.1.genomic,0f0c4d9f3e14a466d58e8f18d86b27e8,0.012831625282550689,83000,164,277426000,/nfs3_ib/nfs-ip34/home/def-ilafores/analysis/MethodsComparison/Feces_RA/preproc/SRR5091492/SRR5091492_unmatched_2.fastq,SRR5091492,f08dcfbd,405740000,31,DNA,1000,405740,True,0.859949993954732,0.8689140667406069,0.8644320303476695,0.8689140667406069,False,138,3873321,6060098
285000,0.0007024202691378715,0.021688006271230728,0.0002045644994331345,9.37278572062696e-05,6.843373493975903,1.0,16.322415607689347,/net/nfs-ip34/jbod2/def-ilafores/ref_dbs/sourmash_db/RefSeq_20250528.k31.sbt.zip,GCF_020736365.1_ASM2073636v1_genomic,31dce30d78c030ed012824aeb71a6951,0.07447086490723805,83000,165,277343000,/nfs3_ib/nfs-ip34/home/def-ilafores/analysis/MethodsComparison/Feces_RA/preproc/SRR5091492/SRR5091492_unmatched_2.fastq,SRR5091492,f08dcfbd,405740000,31,DNA,1000,405740,True,0.7911836861294366,0.9196285900291122,0.8554061380792743,0.9196285900291122,False,568,3873889,6060098
4095000,0.010092670182875733,0.014260869565217391,0.00020209986690984373,0.00021237280321209328,15.695121951219512,6.0,42.74161992444385,/net/nfs-ip34/jbod2/def-ilafores/ref_dbs/sourmash_db/RefSeq_20250528.k31.sbt.zip,GCF_000210075.1_ASM21007v1_genomic,c08f8e47dd318b08d89c36c36e6da9e1,0.7121739130434782,82000,166,277261000,/nfs3_ib/nfs-ip34/home/def-ilafores/analysis/MethodsComparison/Feces_RA/preproc/SRR5091492/SRR5091492_unmatched_2.fastq,SRR5091492,f08dcfbd,405740000,31,DNA,1000,405740,True,0.8622100870668035,0.9891102710534995,0.9256601790601515,0.9891102710534995,False,1287,3875176,6060098
1065000,0.002624833637304678,0.024075161479741633,0.00020209986690984373,7.095594823714072e-05,5.2439024390243905,2.0,10.680002940999135,/net/nfs-ip34/jbod2/def-ilafores/ref_dbs/sourmash_db/RefSeq_20250528.k31.sbt.zip,GCF_003574015.1_ASM357401v1_genomic,1874b1c1106f4973cf5b5c4b574ac6f1,0.31268349970640047,82000,167,277179000,/nfs3_ib/nfs-ip34/home/def-ilafores/analysis/MethodsComparison/Feces_RA/preproc/SRR5091492/SRR5091492_unmatched_2.fastq,SRR5091492,f08dcfbd,405740000,31,DNA,1000,405740,True,0.8255534920844547,0.9631924359323527,0.8943729640084037,0.9631924359323527,False,430,3875606,6060098
4312000,0.010627495440429832,0.015885467738772308,0.00019963523438655295,0.0003034604390886088,22.703703703703702,25.0,20.06559886690445,/net/nfs-ip34/jbod2/def-ilafores/ref_dbs/sourmash_db/RefSeq_20250528.k31.sbt.zip,GCF_018289355.1_ASM1828935v1_genomic,2cc034a4db3dba2e340c8fa9efefef92,0.8456560109825456,81000,168,277098000,/nfs3_ib/nfs-ip34/home/def-ilafores/analysis/MethodsComparison/Feces_RA/preproc/SRR5091492/SRR5091492_unmatched_2.fastq,SRR5091492,f08dcfbd,405740000,31,DNA,1000,405740,True,0.8636474230773381,0.9946067698892216,0.9291270964832798,0.9946067698892216,False,1839,3877445,6060098
852000,0.002099866909843742,0.013060303128023218,0.00019963523438655295,2.392700580089629e-05,1.7901234567901234,1.0,1.2344444382709876,/net/nfs-ip34/jbod2/def-ilafores/ref_dbs/sourmash_db/RefSeq_20250528.k31.sbt.zip,GCF_013112035.1_ASM1311203v1_genomic,2c7f1ed5ed72fbc8e35c73aaa96fdec4,0.13737504030957756,81000,169,277017000,/nfs3_ib/nfs-ip34/home/def-ilafores/analysis/MethodsComparison/Feces_RA/preproc/SRR5091492/SRR5091492_unmatched_2.fastq,SRR5091492,f08dcfbd,405740000,31,DNA,1000,405740,True,0.8196323465121949,0.9379735141714898,0.8788029303418423,0.9379735141714898,False,145,3877590,6060098
4508000,0.011110563414994824,0.012168823166974738,0.00019470596933997142,0.0001846504792496755,14.164556962025317,6.0,14.061735834424395,/net/nfs-ip34/jbod2/def-ilafores/ref_dbs/sourmash_db/RefSeq_20250528.k31.sbt.zip,GCF_001314995.1_ASM131499v1_genomic,514bdd6aa640f40cc6414be0e11ec2f6,0.6943930991990142,79000,170,276938000,/nfs3_ib/nfs-ip34/home/def-ilafores/analysis/MethodsComparison/Feces_RA/preproc/SRR5091492/SRR5091492_unmatched_2.fastq,SRR5091492,f08dcfbd,405740000,31,DNA,1000,405740,True,0.8648867194666019,0.9883038715333601,0.926595295499981,0.9883038715333601,False,1119,3878709,6060098
201000,0.0004953911371814463,0.011117612638970159,0.00018731207177009909,3.861323694765332e-05,3.0789473684210527,2.0,3.478366063385814,/net/nfs-ip34/jbod2/def-ilafores/ref_dbs/sourmash_db/RefSeq_20250528.k31.sbt.zip,GCF_025149285.1_ASM2514928v1_genomic,0f58288732b3804f3c8d60da453de357,0.029403159742539497,76000,171,276862000,/nfs3_ib/nfs-ip34/home/def-ilafores/analysis/MethodsComparison/Feces_RA/preproc/SRR5091492/SRR5091492_unmatched_2.fastq,SRR5091492,f08dcfbd,405740000,31,DNA,1000,405740,True,0.7823217900770295,0.8924694421581223,0.837395616117576,0.8924694421581223,False,234,3878943,6060098
550000,0.0013555478878099275,0.026297085998578537,0.00018238280672351753,9.25727603745022e-05,7.581081081081081,5.0,8.035406037196568,/net/nfs-ip34/jbod2/def-ilafores/ref_dbs/sourmash_db/RefSeq_20250528.k31.sbt.zip,GCF_019968015.1_ASM1996801v1_genomic,517ce21e5547904474906c4ba8b4528a,0.19545131485429992,74000,172,276788000,/nfs3_ib/nfs-ip34/home/def-ilafores/analysis/MethodsComparison/Feces_RA/preproc/SRR5091492/SRR5091492_unmatched_2.fastq,SRR5091492,f08dcfbd,405740000,31,DNA,1000,405740,True,0.8081418105306073,0.9487030074031896,0.8784224089668984,0.9487030074031896,False,561,3879504,6060098
121000,0.00029822053531818407,0.019270833333333334,0.00018238280672351753,1.7161438643401475e-05,1.4054054054054055,1.0,0.8040256638185684,/net/nfs-ip34/jbod2/def-ilafores/ref_dbs/sourmash_db/RefSeq_20250528.k31.sbt.zip,GCF_042853155.1_ASM4285315v1_genomic,efaf2d7610e4ff97776a88ae72c12130,0.031510416666666666,74000,173,276714000,/nfs3_ib/nfs-ip34/home/def-ilafores/analysis/MethodsComparison/Feces_RA/preproc/SRR5091492/SRR5091492_unmatched_2.fastq,SRR5091492,f08dcfbd,405740000,31,DNA,1000,405740,True,0.7696183334506043,0.8944643522032609,0.8320413428269327,0.8944643522032609,False,104,3879608,6060098
719000,0.0017720707842460688,0.013392038158136122,0.00017991817420022675,0.00018151521642059253,15.068493150684931,6.0,58.09966136866946,/net/nfs-ip34/jbod2/def-ilafores/ref_dbs/sourmash_db/RefSeq_20250528.k31.sbt.zip,GCF_032878955.1_ASM3287895v1_genomic,d537b5d78c84c0e05f44ffcd0d82c127,0.13190240322876537,73000,174,276641000,/nfs3_ib/nfs-ip34/home/def-ilafores/analysis/MethodsComparison/Feces_RA/preproc/SRR5091492/SRR5091492_unmatched_2.fastq,SRR5091492,f08dcfbd,405740000,31,DNA,1000,405740,True,0.8151571170756486,0.9367442913183125,0.8759507041969805,0.9367442913183125,False,1100,3880708,6060098
3584000,0.008833242963474146,0.014683975313896574,0.00017005964410706363,2.0461715305594067e-05,1.7971014492753623,1.0,1.1367345826740625,/net/nfs-ip34/jbod2/def-ilafores/ref_dbs/sourmash_db/RefSeq_20250528.k31.sbt.zip,GCF_017654165.1_ASM1765416v1_genomic,d6b2c51eaa41771f2209a9557ce3bea2,0.7627154713768887,69000,175,276572000,/nfs3_ib/nfs-ip34/home/def-ilafores/analysis/MethodsComparison/Feces_RA/preproc/SRR5091492/SRR5091492_unmatched_2.fastq,SRR5091492,f08dcfbd,405740000,31,DNA,1000,405740,True,0.8585108972789065,0.9913003139938082,0.9249056056363574,0.9913003139938082,False,124,3880832,6060098
4609000,0.011359491299847193,0.010182998819362455,0.00017005964410706363,4.8184039268011834e-05,4.231884057971015,3.0,3.8188887052491043,/net/nfs-ip34/jbod2/def-ilafores/ref_dbs/sourmash_db/RefSeq_20250528.k31.sbt.zip,GCF_018289275.1_ASM1828927v1_genomic,0044674628c604b7150c9a157e063dcf,0.6801948051948052,69000,176,276503000,/nfs3_ib/nfs-ip34/home/def-ilafores/analysis/MethodsComparison/Feces_RA/preproc/SRR5091492/SRR5091492_unmatched_2.fastq,SRR5091492,f08dcfbd,405740000,31,DNA,1000,405740,True,0.865505120109536,0.9876454664305764,0.9265752932700562,0.9876454664305764,False,292,3881124,6060098
4645000,0.01144821807068566,0.010475178381660847,0.00017005964410706363,0.0005471858705915316,48.05797101449275,23.0,113.26407313243634,/net/nfs-ip34/jbod2/def-ilafores/ref_dbs/sourmash_db/RefSeq_20250528.k31.sbt.zip,GCF_024759225.1_ASM2475922v1_genomic,817f02b83aa41654e6b0e46ddc23c814,0.7051768635190527,69000,177,276434000,/nfs3_ib/nfs-ip34/home/def-ilafores/analysis/MethodsComparison/Feces_RA/preproc/SRR5091492/SRR5091492_unmatched_2.fastq,SRR5091492,f08dcfbd,405740000,31,DNA,1000,405740,True,0.8657223740393596,0.9887952895991844,0.927258831819272,0.9887952895991844,False,3316,3884440,6060098
1495000,0.0036846256223197122,0.02927450148493848,0.00017005964410706363,4.8679080767340725e-05,4.27536231884058,4.0,2.8431665240041446,/net/nfs-ip34/jbod2/def-ilafores/ref_dbs/sourmash_db/RefSeq_20250528.k31.sbt.zip,GCF_020541865.1_ASM2054186v1_genomic,bff54b8b4e695ebf30c7dfad19e8f584,0.6342808655070005,69000,178,276365000,/nfs3_ib/nfs-ip34/home/def-ilafores/analysis/MethodsComparison/Feces_RA/preproc/SRR5091492/SRR5091492_unmatched_2.fastq,SRR5091492,f08dcfbd,405740000,31,DNA,1000,405740,True,0.8346349376804838,0.9854213954255407,0.9100281665530123,0.9854213954255407,False,295,3884735,6060098
189000,0.0004658155469019569,0.02725793327908869,0.00016513037906048207,3.168265595704888e-05,2.8656716417910446,2.0,2.869788709202207,/net/nfs-ip34/jbod2/def-ilafores/ref_dbs/sourmash_db/RefSeq_20250528.k31.sbt.zip,GCF_018326305.1_ASM1832630v1_genomic,5128153ef7f1c80fc4c112268b755214,0.07689178193653377,67000,179,276298000,/nfs3_ib/nfs-ip34/home/def-ilafores/analysis/MethodsComparison/Feces_RA/preproc/SRR5091492/SRR5091492_unmatched_2.fastq,SRR5091492,f08dcfbd,405740000,31,DNA,1000,405740,True,0.7807698449802324,0.9205781078132943,0.8506739763967633,0.9205781078132943,False,192,3884927,6060098
1217000,0.002999457780844876,0.016510596352883194,0.00016513037906048207,8.036173672438961e-05,7.268656716417911,3.0,19.838589027788736,/net/nfs-ip34/jbod2/def-ilafores/ref_dbs/sourmash_db/RefSeq_20250528.k31.sbt.zip,GCF_000210655.1_ASM21065v1_genomic,586860c088f340576435f05f9fd3cc1d,0.29990142927550517,67000,180,276231000,/nfs3_ib/nfs-ip34/home/def-ilafores/analysis/MethodsComparison/Feces_RA/preproc/SRR5091492/SRR5091492_unmatched_2.fastq,SRR5091492,f08dcfbd,405740000,31,DNA,1000,405740,True,0.8291140646852824,0.9618964897271214,0.8955052772062019,0.9618964897271214,False,487,3885414,6060098
1022000,0.0025188544388031744,0.012593984962406015,0.00016513037906048207,2.3761991967786658e-05,2.1492537313432836,1.0,1.8708584616110326,/net/nfs-ip34/jbod2/def-ilafores/ref_dbs/sourmash_db/RefSeq_20250528.k31.sbt.zip,GCF_012273195.1_ASM1227319v1_genomic,2960f98baca11248ef38fd396114272d,0.19210526315789472,67000,181,276164000,/nfs3_ib/nfs-ip34/home/def-ilafores/analysis/MethodsComparison/Feces_RA/preproc/SRR5091492/SRR5091492_unmatched_2.fastq,SRR5091492,f08dcfbd,405740000,31,DNA,1000,405740,True,0.8244566797235734,0.9481747009045145,0.8863156903140439,0.9481747009045145,False,144,3885558,6060098
1503000,0.0037043426825060385,0.022876949740034663,0.0001626657465371913,0.00014537718696958367,13.348484848484848,12.5,8.53600648987716,/net/nfs-ip34/jbod2/def-ilafores/ref_dbs/sourmash_db/RefSeq_20250528.k31.sbt.zip,GCF_002586945.1_ASM258694v1_genomic,37548ff8695f19adfb807e1221069651,0.5209705372616984,66000,182,276098000,/nfs3_ib/nfs-ip34/home/def-ilafores/analysis/MethodsComparison/Feces_RA/preproc/SRR5091492/SRR5091492_unmatched_2.fastq,SRR5091492,f08dcfbd,405740000,31,DNA,1000,405740,True,0.8347786392910436,0.9791854256564037,0.9069820324737237,0.9791854256564037,False,881,3886439,6060098
436000,0.0010745797801547789,0.012389712783930917,0.0001626657465371913,0.0001227702918335644,11.272727272727273,6.0,10.477313810476215,/net/nfs-ip34/jbod2/def-ilafores/ref_dbs/sourmash_db/RefSeq_20250528.k31.sbt.zip,GCF_000710365.2_ASM71036v3_genomic,f49209be6757df7b25919e4e3fa305fd,0.08184719354233153,66000,183,276032000,/nfs3_ib/nfs-ip34/home/def-ilafores/analysis/MethodsComparison/Feces_RA/preproc/SRR5091492/SRR5091492_unmatched_2.fastq,SRR5091492,f08dcfbd,405740000,31,DNA,1000,405740,True,0.8021092141865247,0.9224346456160911,0.862271929901308,0.9224346456160911,False,744,3887183,6060098
757000,0.0018657268201311185,0.013718868720979317,0.00016020111401390054,0.0001600634181163407,14.923076923076923,4.0,55.16529223574929,/net/nfs-ip34/jbod2/def-ilafores/ref_dbs/sourmash_db/RefSeq_20250528.k31.sbt.zip,GCF_020735865.1_ASM2073586v1_genomic,be5dafe4a3de9c37ebecacd7a8f5820f,0.15977205571971295,65000,184,275967000,/nfs3_ib/nfs-ip34/home/def-ilafores/analysis/MethodsComparison/Feces_RA/preproc/SRR5091492/SRR5091492_unmatched_2.fastq,SRR5091492,f08dcfbd,405740000,31,DNA,1000,405740,True,0.8165125051304555,0.9425545151130782,0.8795335101217668,0.9425545151130782,False,970,3888153,6060098
1818000,0.004480701927342633,0.017464788732394366,0.0001528072164440282,3.06925729583911e-05,3.0,2.0,3.693935745288835,/net/nfs-ip34/jbod2/def-ilafores/ref_dbs/sourmash_db/RefSeq_20250528.k31.sbt.zip,GCF_042846995.1_ASM4284699v1_genomic,8b056a1755c5c7b70c25c16b2330fe86,0.512112676056338,62000,185,275905000,/nfs3_ib/nfs-ip34/home/def-ilafores/analysis/MethodsComparison/Feces_RA/preproc/SRR5091492/SRR5091492_unmatched_2.fastq,SRR5091492,f08dcfbd,405740000,31,DNA,1000,405740,True,0.8399181564703149,0.9786439021237633,0.909281029297039,0.9786439021237633,False,186,3888339,6060098
731000,0.0018016463745255582,0.019533711405166982,0.0001528072164440282,3.547797411857036e-05,3.467741935483871,1.0,5.213870279191975,/net/nfs-ip34/jbod2/def-ilafores/ref_dbs/sourmash_db/RefSeq_20250528.k31.sbt.zip,GCF_023347235.1_ASM2334723v1_genomic,463a8ff2f26f37a3c67c2a86a64398f8,0.23030875866414618,62000,186,275843000,/nfs3_ib/nfs-ip34/home/def-ilafores/analysis/MethodsComparison/Feces_RA/preproc/SRR5091492/SRR5091492_unmatched_2.fastq,SRR5091492,f08dcfbd,405740000,31,DNA,1000,405740,True,0.8155924772857762,0.9537386211089447,0.8846655491973605,0.9537386211089447,False,215,3888554,6060098
334000,0.0008231872627791196,0.011428571428571429,0.0001528072164440282,0.0006131914038353836,59.935483870967744,2.0,92.48240826053944,/net/nfs-ip34/jbod2/def-ilafores/ref_dbs/sourmash_db/RefSeq_20250528.k31.sbt.zip,GCF_025914135.1_ASM2591413v1_genomic,78a9691c804df8c5d45c406f1737a1e3,0.061566820276497694,62000,187,275781000,/nfs3_ib/nfs-ip34/home/def-ilafores/analysis/MethodsComparison/Feces_RA/preproc/SRR5091492/SRR5091492_unmatched_2.fastq,SRR5091492,f08dcfbd,405740000,31,DNA,1000,405740,True,0.795243185315455,0.9140009950203214,0.8546220901678883,0.9140009950203214,False,3716,3892270,6060098
90000,0.00022181692709616997,0.02100550964187328,0.00015034258392073742,1.8646563141388143e-05,1.8524590163934427,1.0,1.5872035990110993,/net/nfs-ip34/jbod2/def-ilafores/ref_dbs/sourmash_db/RefSeq_20250528.k31.sbt.zip,GCF_003628755.1_ASM362875v1_genomic,24bd6eedf3ac190a9b4b403e833d9da5,0.030991735537190084,61000,188,275720000,/nfs3_ib/nfs-ip34/home/def-ilafores/analysis/MethodsComparison/Feces_RA/preproc/SRR5091492/SRR5091492_unmatched_2.fastq,SRR5091492,f08dcfbd,405740000,31,DNA,1000,405740,True,0.7623051622786559,0.8939855782367407,0.8281453702576983,0.8939855782367407,False,113,3892383,6060098
364000,0.000897126238477843,0.028398510242085662,0.00015034258392073742,1.3036092815660738e-05,1.2950819672131149,1.0,0.5230510207719286,/net/nfs-ip34/jbod2/def-ilafores/ref_dbs/sourmash_db/RefSeq_20250528.k31.sbt.zip,GCF_019974115.1_ASM1997411v1_genomic,c4780613fea3cc9fca86528fcdef51fc,0.16945996275605213,61000,189,275659000,/nfs3_ib/nfs-ip34/home/def-ilafores/analysis/MethodsComparison/Feces_RA/preproc/SRR5091492/SRR5091492_unmatched_2.fastq,SRR5091492,f08dcfbd,405740000,31,DNA,1000,405740,True,0.7974527380080141,0.9443461128214251,0.8708994254147195,0.9443461128214251,False,79,3892462,6060098
421000,0.0010376102923054173,0.015338194619059593,0.00015034258392073742,9.075760821029627e-05,9.01639344262295,1.0,34.21987333779947,/net/nfs-ip34/jbod2/def-ilafores/ref_dbs/sourmash_db/RefSeq_20250528.k31.sbt.zip,GCF_016888945.1_ASM1688894v1_genomic,6371c60d4254945f85db4e1518aa1225,0.10585868745285391,61000,190,275598000,/nfs3_ib/nfs-ip34/home/def-ilafores/analysis/MethodsComparison/Feces_RA/preproc/SRR5091492/SRR5091492_unmatched_2.fastq,SRR5091492,f08dcfbd,405740000,31,DNA,1000,405740,True,0.8012038748511661,0.9301212458934813,0.8656625603723237,0.9301212458934813,False,550,3893012,6060098
3542000,0.008729728397495933,0.012165450121654502,0.00014787795139744664,1.4851244979866663e-05,1.5,1.0,0.8266397845091497,/net/nfs-ip34/jbod2/def-ilafores/ref_dbs/sourmash_db/RefSeq_20250528.k31.sbt.zip,GCF_000971615.1_ASM97161v1_genomic,259b01876fda221aa089b6960a6d2a38,0.7181670721816708,60000,191,275538000,/nfs3_ib/nfs-ip34/home/def-ilafores/analysis/MethodsComparison/Feces_RA/preproc/SRR5091492/SRR5091492_unmatched_2.fastq,SRR5091492,f08dcfbd,405740000,31,DNA,1000,405740,True,0.8581845048725121,0.9893776889593024,0.9237810969159073,0.9893776889593024,False,90,3893102,6060098
1080000,0.0026618031251540394,0.015186028853454821,0.00014787795139744664,1.6501383310962957e-05,1.6666666666666667,1.0,1.3498971154211057,/net/nfs-ip34/jbod2/def-ilafores/ref_dbs/sourmash_db/RefSeq_20250528.k31.sbt.zip,GCF_032452275.1_ASM3245227v1_genomic,2a6b1835ddcd5f0e781fcfaaf5bdb754,0.2733485193621868,60000,192,275478000,/nfs3_ib/nfs-ip34/home/def-ilafores/analysis/MethodsComparison/Feces_RA/preproc/SRR5091492/SRR5091492_unmatched_2.fastq,SRR5091492,f08dcfbd,405740000,31,DNA,1000,405740,True,0.8259260403419554,0.9590242121714188,0.892475126256687,0.9590242121714188,False,100,3893202,6060098
287000,0.0007073495341844531,0.01783016016923542,0.00014541331887415587,2.8547393127965917e-05,2.9322033898305087,2.0,7.586483088595653,/net/nfs-ip34/jbod2/def-ilafores/ref_dbs/sourmash_db/RefSeq_20250528.k31.sbt.zip,GCF_964272025.1_LUMC_Rgna_QRD035_genomic,2d1952bbf7a773b97598dd7f10d8bbd5,0.08673315200967059,59000,193,275419000,/nfs3_ib/nfs-ip34/home/def-ilafores/analysis/MethodsComparison/Feces_RA/preproc/SRR5091492/SRR5091492_unmatched_2.fastq,SRR5091492,f08dcfbd,405740000,31,DNA,1000,405740,True,0.79136218289365,0.9241615750898413,0.8577618789917456,0.9241615750898413,False,173,3893375,6060098
141000,0.0003475131857839996,0.016833095577746076,0.00014541331887415587,7.772151539463554e-05,7.983050847457627,1.0,23.24263435390401,/net/nfs-ip34/jbod2/def-ilafores/ref_dbs/sourmash_db/RefSeq_20250528.k31.sbt.zip,GCF_045865535.1_ASM4586553v1_genomic,d256ac8ac3b99e32f5341206201ec025,0.04022824536376605,59000,194,275360000,/nfs3_ib/nfs-ip34/home/def-ilafores/analysis/MethodsComparison/Feces_RA/preproc/SRR5091492/SRR5091492_unmatched_2.fastq,SRR5091492,f08dcfbd,405740000,31,DNA,1000,405740,True,0.7734253965053675,0.901539737175638,0.8374825668405027,0.901539737175638,False,471,3893846,6060098
3652000,0.00900083797505792,0.0111731843575419,0.00014294868635086509,0.0008265542900461345,86.36206896551724,9.0,95.87054818614779,/net/nfs-ip34/jbod2/def-ilafores/ref_dbs/sourmash_db/RefSeq_20250528.k31.sbt.zip,GCF_018289175.1_ASM1828917v1_genomic,c011021d83e072fd7dafbdfb08120209,0.7035253323059141,58000,195,275302000,/nfs3_ib/nfs-ip34/home/def-ilafores/analysis/MethodsComparison/Feces_RA/preproc/SRR5091492/SRR5091492_unmatched_2.fastq,SRR5091492,f08dcfbd,405740000,31,DNA,1000,405740,True,0.8590315749068594,0.9887205026082213,0.9238760387575404,0.9887205026082213,False,5009,3898855,6060098
223000,0.0005496130526938433,0.01980874316939891,0.00014294868635086509,2.6237199464431103e-05,2.7413793103448274,2.0,2.5227266640761745,/net/nfs-ip34/jbod2/def-ilafores/ref_dbs/sourmash_db/RefSeq_20250528.k31.sbt.zip,GCF_042846195.1_ASM4284619v1_genomic,9bab8405ddcf9b15b6bad48d1c7a73f0,0.07616120218579235,58000,196,275244000,/nfs3_ib/nfs-ip34/home/def-ilafores/analysis/MethodsComparison/Feces_RA/preproc/SRR5091492/SRR5091492_unmatched_2.fastq,SRR5091492,f08dcfbd,405740000,31,DNA,1000,405740,True,0.7849473897790848,0.9202946481930717,0.8526210189860783,0.9202946481930717,False,159,3899014,6060098
1747000,0.004305713018188988,0.024814976055724858,0.0001404840538275743,0.00015758821061969625,16.75438596491228,16.0,7.458142146143618,/net/nfs-ip34/jbod2/def-ilafores/ref_dbs/sourmash_db/RefSeq_20250528.k31.sbt.zip,GCF_014489955.1_ASM1448995v1_genomic,579fa51da431e95a9307700dadd79bea,0.760557248585111,57000,197,275187000,/nfs3_ib/nfs-ip34/home/def-ilafores/analysis/MethodsComparison/Feces_RA/preproc/SRR5091492/SRR5091492_unmatched_2.fastq,SRR5091492,f08dcfbd,405740000,31,DNA,1000,405740,True,0.8388395016283787,0.9912097047309398,0.9150246031796593,0.9912097047309398,False,955,3899969,6060098
3883000,0.009570168087938088,0.011627906976744186,0.00013801942130428353,0.000121615195001797,13.160714285714286,1.0,37.50179842626326,/net/nfs-ip34/jbod2/def-ilafores/ref_dbs/sourmash_db/RefSeq_20250528.k31.sbt.zip,GCF_020885775.1_ASM2088577v1_genomic,3e8e6512d8fba7f340a66394caebf5dc,0.8062707641196013,56000,198,275131000,/nfs3_ib/nfs-ip34/home/def-ilafores/analysis/MethodsComparison/Feces_RA/preproc/SRR5091492/SRR5091492_unmatched_2.fastq,SRR5091492,f08dcfbd,405740000,31,DNA,1000,405740,True,0.8607328398715793,0.9930777583329893,0.9269052991022844,0.9930777583329893,False,737,3900706,6060098
77000,0.00018977670429338986,0.025974025974025976,0.00013801942130428353,1.4521217313647404e-05,1.5714285714285714,1.0,1.1930923634635762,/net/nfs-ip34/jbod2/def-ilafores/ref_dbs/sourmash_db/RefSeq_20250528.k31.sbt.zip,GCF_042850485.1_ASM4285048v1_genomic,c010531201e0299b3692ec4f0c1aefdd,0.03571428571428571,56000,199,275075000,/nfs3_ib/nfs-ip34/home/def-ilafores/analysis/MethodsComparison/Feces_RA/preproc/SRR5091492/SRR5091492_unmatched_2.fastq,SRR5091492,f08dcfbd,405740000,31,DNA,1000,405740,True,0.7584785780236742,0.8980850828939971,0.8282818304588357,0.8980850828939971,False,88,3900794,6060098
115000,0.0002834327401784394,0.020976353928299007,0.00013555478878099275,3.894326461387258e-05,4.290909090909091,1.0,11.921977760380544,/net/nfs-ip34/jbod2/def-ilafores/ref_dbs/sourmash_db/RefSeq_20250528.k31.sbt.zip,GCF_025152405.1_ASM2515240v1_genomic,f688e4f928dd46c9b090e97a39a1952a,0.043859649122807015,55000,200,275020000,/nfs3_ib/nfs-ip34/home/def-ilafores/analysis/MethodsComparison/Feces_RA/preproc/SRR5091492/SRR5091492_unmatched_2.fastq,SRR5091492,f08dcfbd,405740000,31,DNA,1000,405740,True,0.7683567373167395,0.9040566604225868,0.8362066988696631,0.9040566604225868,False,236,3901030,6060098
54000,0.00013309015625770197,0.4954128440366973,0.00013309015625770197,0.0020639930245352467,231.62962962962962,237.0,44.88846106629033,/net/nfs-ip34/jbod2/def-ilafores/ref_dbs/sourmash_db/RefSeq_20250528.k31.sbt.zip,GCF_021090605.1_ASM2109060v1_genomic,2254edffb9b89e4b3992b3f77f6bd257,0.4954128440366973,54000,201,274966000,/nfs3_ib/nfs-ip34/home/def-ilafores/analysis/MethodsComparison/Feces_RA/preproc/SRR5091492/SRR5091492_unmatched_2.fastq,SRR5091492,f08dcfbd,405740000,31,DNA,1000,405740,True,0.7498466395498408,0.9775978420873757,0.8637222408186083,0.9775978420873757,False,12508,3913538,6060098
347000,0.0008552274855818997,0.014065458479848527,0.0001281608912111204,3.762315394899554e-05,4.384615384615385,2.0,7.661476675685373,/net/nfs-ip34/jbod2/def-ilafores/ref_dbs/sourmash_db/RefSeq_20250528.k31.sbt.zip,GCF_000210015.1_ASM21001v1_genomic,6f351faff0bbc09512221a953fad4daf,0.09385988639437381,52000,202,274914000,/nfs3_ib/nfs-ip34/home/def-ilafores/analysis/MethodsComparison/Feces_RA/preproc/SRR5091492/SRR5091492_unmatched_2.fastq,SRR5091492,f08dcfbd,405740000,31,DNA,1000,405740,True,0.7962233177386773,0.9265187110647085,0.8613710144016928,0.9265187110647085,False,228,3913766,6060098
4005000,0.009870853255779563,0.007935296810621089,0.0001281608912111204,0.00011121932351589034,12.961538461538462,7.0,12.6490521664692,/net/nfs-ip34/jbod2/def-ilafores/ref_dbs/sourmash_db/RefSeq_20250528.k31.sbt.zip,GCF_038561945.1_B_ovatus_H2495_genomic,d732c80bcf4e6f003145adb06bb926a4,0.6111704562795666,52000,203,274862000,/nfs3_ib/nfs-ip34/home/def-ilafores/analysis/MethodsComparison/Feces_RA/preproc/SRR5091492/SRR5091492_unmatched_2.fastq,SRR5091492,f08dcfbd,405740000,31,DNA,1000,405740,True,0.8615922113792619,0.9842422671391233,0.9229172392591927,0.9842422671391233,False,674,3914440,6060098
3714000,0.009153645191501946,0.011268228015908087,0.00012569625868782963,0.00010230857652797034,12.156862745098039,13.0,8.680319297054005,/net/nfs-ip34/jbod2/def-ilafores/ref_dbs/sourmash_db/RefSeq_20250528.k31.sbt.zip,GCF_016726305.1_ASM1672630v1_genomic,47030cb09435e5a03e1ce6a49f0753a5,0.8205921343349536,51000,204,274811000,/nfs3_ib/nfs-ip34/home/def-ilafores/analysis/MethodsComparison/Feces_RA/preproc/SRR5091492/SRR5091492_unmatched_2.fastq,SRR5091492,f08dcfbd,405740000,31,DNA,1000,405740,True,0.859498197311365,0.9936419409850689,0.9265700691482169,0.9936419409850689,False,620,3915060,6060098
1793000,0.004419086114260364,0.01733514615907546,0.00012569625868782963,9.25727603745022e-05,11.0,2.0,30.185699769729297,/net/nfs-ip34/jbod2/def-ilafores/ref_dbs/sourmash_db/RefSeq_20250528.k31.sbt.zip,GCF_036815185.2_ASM3681518v1_genomic,c6ed66af62435c7dcd0b26067f44e3e0,0.6094493541808294,51000,205,274760000,/nfs3_ib/nfs-ip34/home/def-ilafores/analysis/MethodsComparison/Feces_RA/preproc/SRR5091492/SRR5091492_unmatched_2.fastq,SRR5091492,f08dcfbd,405740000,31,DNA,1000,405740,True,0.8395430731595176,0.9841527353903478,0.9118479042749327,0.9841527353903478,False,561,3915621,6060098
4277000,0.010541233302114655,0.00766571471516609,0.00012569625868782963,4.537880410514813e-05,5.392156862745098,3.0,5.254609298259469,/net/nfs-ip34/jbod2/def-ilafores/ref_dbs/sourmash_db/RefSeq_20250528.k31.sbt.zip,GCF_024759965.1_ASM2475996v1_genomic,0597e5616bafe946d72cf45ce141c96e,0.6428678791522622,51000,206,274709000,/nfs3_ib/nfs-ip34/home/def-ilafores/analysis/MethodsComparison/Feces_RA/preproc/SRR5091492/SRR5091492_unmatched_2.fastq,SRR5091492,f08dcfbd,405740000,31,DNA,1000,405740,True,0.8634203971065838,0.9858489501450647,0.9246346736258242,0.9858489501450647,False,275,3915896,6060098
52000,0.0001281608912111204,0.019447685725398678,0.00012323162616453888,8.580719321700738e-06,1.04,1.0,0.19595917942265428,/net/nfs-ip34/jbod2/def-ilafores/ref_dbs/sourmash_db/RefSeq_20250528.k31.sbt.zip,GCF_003019315.1_ASM301931v1_genomic,46c2fb9b85752a6d85b9f337e3f036b2,0.020225593154414623,50000,207,274659000,/nfs3_ib/nfs-ip34/home/def-ilafores/analysis/MethodsComparison/Feces_RA/preproc/SRR5091492/SRR5091492_unmatched_2.fastq,SRR5091492,f08dcfbd,405740000,31,DNA,1000,405740,True,0.7489343092660279,0.8817625584041577,0.8153484338350928,0.8817625584041577,False,52,3915948,6060098
462000,0.0011386602257603391,0.013259082471492973,0.00012323162616453888,7.673143239597775e-05,9.3,1.0,23.004564764411434,/net/nfs-ip34/jbod2/def-ilafores/ref_dbs/sourmash_db/RefSeq_20250528.k31.sbt.zip,GCF_964272005.1_LUMC_Rgna_QRD009_genomic,a984777914b479613bf58f81661532d6,0.12251392203659507,50000,208,274609000,/nfs3_ib/nfs-ip34/home/def-ilafores/analysis/MethodsComparison/Feces_RA/preproc/SRR5091492/SRR5091492_unmatched_2.fastq,SRR5091492,f08dcfbd,405740000,31,DNA,1000,405740,True,0.8036093342313472,0.9345157542504845,0.8690625442409159,0.9345157542504845,False,465,3916413,6060098
