intersect_bp,f_orig_query,f_match,f_unique_to_query,f_unique_weighted,average_abund,median_abund,std_abund,filename,name,md5,f_match_orig,unique_intersect_bp,gather_result_rank,remaining_bp,query_filename,query_name,query_md5,query_bp,ksize,moltype,scaled,query_n_hashes,query_abundance,query_containment_ani,match_containment_ani,average_containment_ani,max_containment_ani,potential_false_negative,n_unique_weighted_found,sum_weighted_found,total_weighted_hashes
5977000,0.009676296554124608,0.8673632273980554,0.009676296554124608,0.021762693494913922,36.162121465618206,9.0,166.65185630134235,/net/nfs-ip34/jbod2/def-ilafores/ref_dbs/sourmash_db/RefSeq_20250528.k31.sbt.zip,GCF_020091525.1_ASM2009152v1_genomic,8f3ea558ca4f6e771ca0f137efec6697,0.8673632273980554,5977000,0,611718000,/nfs3_ib/nfs-ip34/home/def-ilafores/analysis/MethodsComparison/Feces_RA/preproc/SRR5091473/SRR5091473_unmatched_2.fastq,SRR5091473,61f6de9a,617695000,31,DNA,1000,617695,True,0.861039106200009,0.9954202789691513,0.9282296925845801,0.9954202789691513,False,216141,216141,9931721
5572000,0.009020633160378504,0.898999677315263,0.009020633160378504,0.004835415735097674,8.61880832735104,3.0,113.43406232157596,/net/nfs-ip34/jbod2/def-ilafores/ref_dbs/sourmash_db/RefSeq_20250528.k31.sbt.zip,GCF_020215665.1_ASM2021566v1_genomic,dbd6c540cf449ec70979210a14f4ba9c,0.898999677315263,5572000,1,606146000,/nfs3_ib/nfs-ip34/home/def-ilafores/analysis/MethodsComparison/Feces_RA/preproc/SRR5091473/SRR5091473_unmatched_2.fastq,SRR5091473,61f6de9a,617695000,31,DNA,1000,617695,True,0.8590924531798143,0.9965712913808331,0.9278318722803237,0.9965712913808331,False,48024,264165,9931721
5490000,0.008887881559669417,0.79209726443769,0.008437821254826412,0.01062323438203711,20.243092862624714,8.0,105.25723980486949,/net/nfs-ip34/jbod2/def-ilafores/ref_dbs/sourmash_db/RefSeq_20250528.k31.sbt.zip,GCF_024759205.1_ASM2475920v1_genomic,eafc51ad0e556595cd5127eef166c516,0.8343465045592705,5212000,2,600934000,/nfs3_ib/nfs-ip34/home/def-ilafores/analysis/MethodsComparison/Feces_RA/preproc/SRR5091473/SRR5091473_unmatched_2.fastq,SRR5091473,61f6de9a,617695000,31,DNA,1000,617695,True,0.8586816890496064,0.9941748873111309,0.9264282881803687,0.9941748873111309,False,105507,369672,9931721
5190000,0.008402204971709338,0.9354779411764705,0.00823869385376278,0.004681968009371185,9.137355079583415,5.0,41.31661270624275,/net/nfs-ip34/jbod2/def-ilafores/ref_dbs/sourmash_db/RefSeq_20250528.k31.sbt.zip,GCF_031172035.1_ASM3117203v1_genomic,d37848e0abc0eaa6dbc2ce09b1d4cada,0.9540441176470589,5089000,3,595845000,/nfs3_ib/nfs-ip34/home/def-ilafores/analysis/MethodsComparison/Feces_RA/preproc/SRR5091473/SRR5091473_unmatched_2.fastq,SRR5091473,61f6de9a,617695000,31,DNA,1000,617695,True,0.8571265429303178,0.9984835585839095,0.9278050507571136,0.9984835585839095,False,46500,416172,9931721
4622000,0.007482657298504926,0.9023237495076802,0.0074179004201102485,0.01407621096081938,30.510912265386295,28.0,30.20817107708621,/net/nfs-ip34/jbod2/def-ilafores/ref_dbs/sourmash_db/RefSeq_20250528.k31.sbt.zip,GCF_006739545.1_ASM673954v1_genomic,d95ec12b062e84f2435687cfa45ebb02,0.9102008664828672,4582000,4,591263000,/nfs3_ib/nfs-ip34/home/def-ilafores/analysis/MethodsComparison/Feces_RA/preproc/SRR5091473/SRR5091473_unmatched_2.fastq,SRR5091473,61f6de9a,617695000,31,DNA,1000,617695,True,0.8539278082256092,0.9969694410739632,0.9254486246497862,0.9969694410739632,False,139801,555973,9931721
4635000,0.007503703283983196,0.017927627596115814,0.007191251345728879,0.010070862844415383,22.517109410175596,4.0,355.9399587145906,/net/nfs-ip34/jbod2/def-ilafores/ref_dbs/sourmash_db/RefSeq_20250528.k31.sbt.zip,plasmid.1.1.genomic,8051cea624a45a3e4dc84e7fef1c6e83,0.018706563239080775,4442000,5,586821000,/nfs3_ib/nfs-ip34/home/def-ilafores/analysis/MethodsComparison/Feces_RA/preproc/SRR5091473/SRR5091473_unmatched_2.fastq,SRR5091473,61f6de9a,617695000,31,DNA,1000,617695,True,0.8540051799911008,0.8795446093029953,0.866774894647048,0.8795446093029953,False,100021,655994,9931721
4441000,0.0071896324237690126,0.8315440171774351,0.006896607549033099,0.1421305532042231,331.3617370892019,341.0,151.95379329425455,/net/nfs-ip34/jbod2/def-ilafores/ref_dbs/sourmash_db/RefSeq_20250528.k31.sbt.zip,GCF_020091465.1_ASM2009146v1_genomic,cfcaa7d93ee12c43b81dc72fd8321792,0.8668748780011711,4260000,6,582561000,/nfs3_ib/nfs-ip34/home/def-ilafores/analysis/MethodsComparison/Feces_RA/preproc/SRR5091473/SRR5091473_unmatched_2.fastq,SRR5091473,61f6de9a,617695000,31,DNA,1000,617695,True,0.8528281087752303,0.9954021950405535,0.9241151519078918,0.9954021950405535,False,1411601,2067595,9931721
4218000,0.006828612826718688,0.6058737151248165,0.006679672006410931,0.002018381305717307,4.858458555501697,2.0,14.529136819589432,/net/nfs-ip34/jbod2/def-ilafores/ref_dbs/sourmash_db/RefSeq_20250528.k31.sbt.zip,GCF_001318345.1_ASM131834v1_genomic,2b0cd9230817e091c6a0e14360a551e4,0.6193832599118942,4126000,7,578435000,/nfs3_ib/nfs-ip34/home/def-ilafores/analysis/MethodsComparison/Feces_RA/preproc/SRR5091473/SRR5091473_unmatched_2.fastq,SRR5091473,61f6de9a,617695000,31,DNA,1000,617695,True,0.85141198195083,0.9846661649067622,0.9180390734287961,0.9846661649067622,False,20046,2087641,9931721
4041000,0.006542063639822243,0.9002979601191841,0.00635912545835728,0.0183904682783578,46.49923625254583,47.0,28.91978335102906,/net/nfs-ip34/jbod2/def-ilafores/ref_dbs/sourmash_db/RefSeq_20250528.k31.sbt.zip,GCF_025151215.1_ASM2515121v1_genomic,a8c995daf67b413b45a7f31c15f510d6,0.9261975704790282,3928000,8,574507000,/nfs3_ib/nfs-ip34/home/def-ilafores/analysis/MethodsComparison/Feces_RA/preproc/SRR5091473/SRR5091473_unmatched_2.fastq,SRR5091473,61f6de9a,617695000,31,DNA,1000,617695,True,0.8502354056090017,0.9975299038480623,0.9238826547285319,0.9975299038480623,False,182649,2270290,9931721
3969000,0.006425501258711824,0.7847515590424462,0.006315414565440873,0.006568348023469447,16.722635221738017,15.0,21.800627043266445,/net/nfs-ip34/jbod2/def-ilafores/ref_dbs/sourmash_db/RefSeq_20250528.k31.sbt.zip,GCF_000724795.2_ASM72479v2_genomic,530ecbc54a096415e9e9d83c37295139,0.7984308992154496,3901000,9,570606000,/nfs3_ib/nfs-ip34/home/def-ilafores/analysis/MethodsComparison/Feces_RA/preproc/SRR5091473/SRR5091473_unmatched_2.fastq,SRR5091473,61f6de9a,617695000,31,DNA,1000,617695,True,0.849742466540762,0.9927647896763837,0.9212536281085728,0.9927647896763837,False,65235,2335525,9931721
4111000,0.006655388177012927,0.7786023500309215,0.0061146682424173746,0.016734863977753704,44.004765687053215,37.0,80.44606893075553,/net/nfs-ip34/jbod2/def-ilafores/ref_dbs/sourmash_db/RefSeq_20250528.k31.sbt.zip,GCF_006742345.1_ASM674234v1_genomic,aa13184474b5d866ab5daea20b7e99ed,0.8474541331684189,3777000,10,566829000,/nfs3_ib/nfs-ip34/home/def-ilafores/analysis/MethodsComparison/Feces_RA/preproc/SRR5091473/SRR5091473_unmatched_2.fastq,SRR5091473,61f6de9a,617695000,31,DNA,1000,617695,True,0.8507065698662177,0.9946749203415012,0.9226907451038595,0.9946749203415012,False,166206,2501731,9931721
4176000,0.006760618104404277,0.702020202020202,0.0060758141153805685,0.011180740981346537,29.58806288302691,29.0,15.566187515559495,/net/nfs-ip34/jbod2/def-ilafores/ref_dbs/sourmash_db/RefSeq_20250528.k31.sbt.zip,GCF_018292205.1_ASM1829220v1_genomic,8ecf5298bc316c4919161fc4689e0594,0.7811447811447811,3753000,11,563076000,/nfs3_ib/nfs-ip34/home/def-ilafores/analysis/MethodsComparison/Feces_RA/preproc/SRR5091473/SRR5091473_unmatched_2.fastq,SRR5091473,61f6de9a,617695000,31,DNA,1000,617695,True,0.8511371786701516,0.9920640838451615,0.9216006312576566,0.9920640838451615,False,111044,2612775,9931721
3564000,0.00576983786496572,0.8135321100917431,0.005742316191647981,0.021987226584395593,61.56498449393854,56.0,66.3753620443349,/net/nfs-ip34/jbod2/def-ilafores/ref_dbs/sourmash_db/RefSeq_20250528.k31.sbt.zip,GCF_042847785.1_ASM4284778v1_genomic,88019d6ddc2b537fe7ac87c23df45062,0.8174311926605504,3547000,12,559529000,/nfs3_ib/nfs-ip34/home/def-ilafores/analysis/MethodsComparison/Feces_RA/preproc/SRR5091473/SRR5091473_unmatched_2.fastq,SRR5091473,61f6de9a,617695000,31,DNA,1000,617695,True,0.846797312994446,0.9935182414346454,0.9201577772145457,0.9935182414346454,False,218371,2831146,9931721
5513000,0.008925116764746355,0.5322725908135695,0.005740697269688115,0.0029053373529119475,8.137337845459673,7.0,11.723551390714912,/net/nfs-ip34/jbod2/def-ilafores/ref_dbs/sourmash_db/RefSeq_20250528.k31.sbt.zip,GCF_018289035.1_ASM1828903v1_genomic,2c57a91b8fe09d51df24c6e20ef5d122,0.8275292704893425,3546000,13,555983000,/nfs3_ib/nfs-ip34/home/def-ilafores/analysis/MethodsComparison/Feces_RA/preproc/SRR5091473/SRR5091473_unmatched_2.fastq,SRR5091473,61f6de9a,617695000,31,DNA,1000,617695,True,0.8587974993383198,0.99391180859892,0.9263546539686199,0.99391180859892,False,28855,2860001,9931721
3499000,0.005664607937574369,0.7514038876889849,0.0056322294983770305,0.00199512249689656,5.695602184535786,4.0,20.403325021912966,/net/nfs-ip34/jbod2/def-ilafores/ref_dbs/sourmash_db/RefSeq_20250528.k31.sbt.zip,GCF_023008285.1_ASM2300828v1_genomic,3191b17cd9816a6b0abb68f0b35dbdf7,0.7557235421166306,3479000,14,552504000,/nfs3_ib/nfs-ip34/home/def-ilafores/analysis/MethodsComparison/Feces_RA/preproc/SRR5091473/SRR5091473_unmatched_2.fastq,SRR5091473,61f6de9a,617695000,31,DNA,1000,617695,True,0.8462946750630033,0.9910058638443966,0.9186502694537,0.9910058638443966,False,19815,2879816,9931721
3520000,0.005698605298731575,0.852882703777336,0.0055561401662632855,0.009421025822211477,27.263111888111887,22.0,44.65970598389448,/net/nfs-ip34/jbod2/def-ilafores/ref_dbs/sourmash_db/RefSeq_20250528.k31.sbt.zip,GCF_964272205.1_LUMC_Rgna_QRD011_genomic,6e86d242a5fb72e2090f4121f3222291,0.8747514910536779,3432000,15,549072000,/nfs3_ib/nfs-ip34/home/def-ilafores/analysis/MethodsComparison/Feces_RA/preproc/SRR5091473/SRR5091473_unmatched_2.fastq,SRR5091473,61f6de9a,617695000,31,DNA,1000,617695,True,0.8464580468930044,0.9956926760445693,0.9210753614687869,0.9956926760445693,False,93567,2973383,9931721
3366000,0.005449291316912068,0.8943285179240236,0.005412056111835129,0.00307549920099447,9.137002692192642,7.0,21.80968488998846,/net/nfs-ip34/jbod2/def-ilafores/ref_dbs/sourmash_db/RefSeq_20250528.k31.sbt.zip,GCF_964199395.1_Q9705_genomic,1f9a877738dafe6e5148789f10105647,0.9004815409309791,3343000,16,545729000,/nfs3_ib/nfs-ip34/home/def-ilafores/analysis/MethodsComparison/Feces_RA/preproc/SRR5091473/SRR5091473_unmatched_2.fastq,SRR5091473,61f6de9a,617695000,31,DNA,1000,617695,True,0.8452374098731303,0.9966242393400525,0.9209308246065915,0.9966242393400525,False,30545,3003928,9931721
3291000,0.005327872169922049,0.5303005686433794,0.005284161277005642,0.000722332010736105,2.1979166666666665,1.0,7.405659638366461,/net/nfs-ip34/jbod2/def-ilafores/ref_dbs/sourmash_db/RefSeq_20250528.k31.sbt.zip,GCF_025149125.1_ASM2514912v1_genomic,ee57b146d808065c374f21482d0a5cda,0.5346872461413485,3264000,17,542465000,/nfs3_ib/nfs-ip34/home/def-ilafores/analysis/MethodsComparison/Feces_RA/preproc/SRR5091473/SRR5091473_unmatched_2.fastq,SRR5091473,61f6de9a,617695000,31,DNA,1000,617695,True,0.8446232375212204,0.9800066588750269,0.9123149481981236,0.9800066588750269,False,7174,3011102,9931721
2962000,0.004795246845125831,0.8971730351040695,0.004675446620095679,0.004937311468979042,16.979224376731302,16.0,30.669146080092695,/net/nfs-ip34/jbod2/def-ilafores/ref_dbs/sourmash_db/RefSeq_20250528.k31.sbt.zip,GCF_006542725.1_Aond_3.0_genomic,7fbb97287421b4f5df527beb1443bd37,0.9201615408511961,2888000,18,539577000,/nfs3_ib/nfs-ip34/home/def-ilafores/analysis/MethodsComparison/Feces_RA/preproc/SRR5091473/SRR5091473_unmatched_2.fastq,SRR5091473,61f6de9a,617695000,31,DNA,1000,617695,True,0.8417583837873135,0.997319533191106,0.9195389584892097,0.997319533191106,False,49036,3060138,9931721
2929000,0.004741822420450222,0.6697076023391813,0.0046349735710990055,0.0009326681649635546,3.2354173943416,3.0,5.099202018078065,/net/nfs-ip34/jbod2/def-ilafores/ref_dbs/sourmash_db/RefSeq_20250528.k31.sbt.zip,GCF_900187175.1_51342_A02_genomic,ebb5322e84d5def69ea51d3ef551ea04,0.6851461988304094,2863000,19,536714000,/nfs3_ib/nfs-ip34/home/def-ilafores/analysis/MethodsComparison/Feces_RA/preproc/SRR5091473/SRR5091473_unmatched_2.fastq,SRR5091473,61f6de9a,617695000,31,DNA,1000,617695,True,0.8414542205401715,0.9878765709335793,0.9146653957368753,0.9878765709335793,False,9263,3069401,9931721
3373000,0.0054606237706311365,0.6369511923334076,0.00462687896129967,0.061979590445603534,215.38278516445067,252.0,133.8347780183401,/net/nfs-ip34/jbod2/def-ilafores/ref_dbs/sourmash_db/RefSeq_20250528.k31.sbt.zip,GCF_042850115.1_ASM4285011v1_genomic,0a531f0dc11d01b0c4c52863f5abf5c2,0.7517272119456206,2858000,20,533856000,/nfs3_ib/nfs-ip34/home/def-ilafores/analysis/MethodsComparison/Feces_RA/preproc/SRR5091473/SRR5091473_unmatched_2.fastq,SRR5091473,61f6de9a,617695000,31,DNA,1000,617695,True,0.84529405522832,0.990836380653296,0.918065217940808,0.990836380653296,False,615564,3684965,9931721
2865000,0.004638211415018739,0.8323546682325308,0.004589643756222731,0.0030031048999463435,10.52063492063492,7.0,28.80167263696369,/net/nfs-ip34/jbod2/def-ilafores/ref_dbs/sourmash_db/RefSeq_20250528.k31.sbt.zip,GCF_003574015.1_ASM357401v1_genomic,1874b1c1106f4973cf5b5c4b574ac6f1,0.8411626541397533,2835000,21,531021000,/nfs3_ib/nfs-ip34/home/def-ilafores/analysis/MethodsComparison/Feces_RA/preproc/SRR5091473/SRR5091473_unmatched_2.fastq,SRR5091473,61f6de9a,617695000,31,DNA,1000,617695,True,0.8408547564159217,0.9944358526246105,0.9176453045202662,0.9944358526246105,False,29826,3714791,9931721
2552000,0.004131488841580391,0.7938511326860841,0.003971215567553566,0.001091049577409595,4.417448022829189,3.0,17.15385087277604,/net/nfs-ip34/jbod2/def-ilafores/ref_dbs/sourmash_db/RefSeq_20250528.k31.sbt.zip,GCF_022453915.1_ASM2245391v1_genomic,54c821fbffdc1aacdf2b93cd12e19242,0.8258899676375404,2453000,22,528568000,/nfs3_ib/nfs-ip34/home/def-ilafores/analysis/MethodsComparison/Feces_RA/preproc/SRR5091473/SRR5091473_unmatched_2.fastq,SRR5091473,61f6de9a,617695000,31,DNA,1000,617695,True,0.8377225622630756,0.9938482347343119,0.9157853984986938,0.9938482347343119,False,10836,3725627,9931721
2474000,0.004005212928710772,0.8451296426068675,0.003904839767199022,0.004587221086858964,18.88847429519071,16.0,16.735516987821764,/net/nfs-ip34/jbod2/def-ilafores/ref_dbs/sourmash_db/RefSeq_20250528.k31.sbt.zip,GCF_044591705.1_ASM4459170v1_genomic,534586fd213cdbccf2580b51187bb263,0.866853538892782,2412000,23,526156000,/nfs3_ib/nfs-ip34/home/def-ilafores/analysis/MethodsComparison/Feces_RA/preproc/SRR5091473/SRR5091473_unmatched_2.fastq,SRR5091473,61f6de9a,617695000,31,DNA,1000,617695,True,0.8368841491045064,0.9954014046132651,0.9161427768588857,0.9954014046132651,False,45559,3771186,9931721
2513000,0.004068350885145582,0.4388185654008439,0.0038724613280016838,0.0012972575447900722,5.38628762541806,2.0,30.99729645020061,/net/nfs-ip34/jbod2/def-ilafores/ref_dbs/sourmash_db/RefSeq_20250528.k31.sbt.zip,GCF_032878955.1_ASM3287895v1_genomic,d537b5d78c84c0e05f44ffcd0d82c127,0.4610163272793983,2392000,24,523764000,/nfs3_ib/nfs-ip34/home/def-ilafores/analysis/MethodsComparison/Feces_RA/preproc/SRR5091473/SRR5091473_unmatched_2.fastq,SRR5091473,61f6de9a,617695000,31,DNA,1000,617695,True,0.8373065037762621,0.9753312489115171,0.9063188763438896,0.9753312489115171,False,12884,3784070,9931721
2428000,0.003930742518556893,0.7115959354453079,0.0038546531864431474,0.015097584799250805,62.975640487190255,66.0,36.79019021750694,/net/nfs-ip34/jbod2/def-ilafores/ref_dbs/sourmash_db/RefSeq_20250528.k31.sbt.zip,GCF_045061065.1_ASM4506106v1_genomic,af810c6e00a2b94057226e642af6e200,0.7256425582785415,2381000,25,521383000,/nfs3_ib/nfs-ip34/home/def-ilafores/analysis/MethodsComparison/Feces_RA/preproc/SRR5091473/SRR5091473_unmatched_2.fastq,SRR5091473,61f6de9a,617695000,31,DNA,1000,617695,True,0.8363776257717673,0.9897082383321062,0.9130429320519368,0.9897082383321062,False,149945,3934015,9931721
2434000,0.003940456050316094,0.6042737354611848,0.0036166716583427095,0.0017305157887540336,7.693375111906893,2.0,31.640939350003613,/net/nfs-ip34/jbod2/def-ilafores/ref_dbs/sourmash_db/RefSeq_20250528.k31.sbt.zip,GCF_000210015.1_ASM21001v1_genomic,6f351faff0bbc09512221a953fad4daf,0.6583716526913714,2234000,26,519149000,/nfs3_ib/nfs-ip34/home/def-ilafores/analysis/MethodsComparison/Feces_RA/preproc/SRR5091473/SRR5091473_unmatched_2.fastq,SRR5091473,61f6de9a,617695000,31,DNA,1000,617695,True,0.8364442181481511,0.9866070847767513,0.9115256514624512,0.9866070847767513,False,17187,3951202,9931721
2291000,0.0037089502100551243,0.7466032608695652,0.0035583904677875004,0.055175029584500004,249.3098271155596,261.0,154.5441681608432,/net/nfs-ip34/jbod2/def-ilafores/ref_dbs/sourmash_db/RefSeq_20250528.k31.sbt.zip,GCF_019967975.1_ASM1996797v1_genomic,2c2d74013e8cf3a4113eeeae8dce1511,0.7781929347826086,2198000,27,516951000,/nfs3_ib/nfs-ip34/home/def-ilafores/analysis/MethodsComparison/Feces_RA/preproc/SRR5091473/SRR5091473_unmatched_2.fastq,SRR5091473,61f6de9a,617695000,31,DNA,1000,617695,True,0.8348121131031597,0.9919429304487001,0.9133775217759299,0.9919429304487001,False,547983,4499185,9931721
2308000,0.003736471883372862,0.6204922724670864,0.0035098228089914924,0.019248929767559923,88.18035055350553,91.0,40.781765984045876,/net/nfs-ip34/jbod2/def-ilafores/ref_dbs/sourmash_db/RefSeq_20250528.k31.sbt.zip,GCF_014337175.1_ASM1433717v1_genomic,a712134ff5fdebda1dc08f01019daf8a,0.6605609616485404,2168000,28,514783000,/nfs3_ib/nfs-ip34/home/def-ilafores/analysis/MethodsComparison/Feces_RA/preproc/SRR5091473/SRR5091473_unmatched_2.fastq,SRR5091473,61f6de9a,617695000,31,DNA,1000,617695,True,0.8350112245923237,0.9867127472158271,0.9108619859040754,0.9867127472158271,False,191175,4690360,9931721
2064000,0.0033414549251653326,0.8770877944325481,0.0033155521738074617,0.004599001522495446,22.302734375,18.0,39.687649511821604,/net/nfs-ip34/jbod2/def-ilafores/ref_dbs/sourmash_db/RefSeq_20250528.k31.sbt.zip,GCF_009728915.1_ASM972891v1_genomic,dd9a7a25cf2d3a15ed15405a169aba38,0.8839400428265525,2048000,29,512735000,/nfs3_ib/nfs-ip34/home/def-ilafores/analysis/MethodsComparison/Feces_RA/preproc/SRR5091473/SRR5091473_unmatched_2.fastq,SRR5091473,61f6de9a,617695000,31,DNA,1000,617695,True,0.8320069518582721,0.9960283581244366,0.9140176549913543,0.9960283581244366,False,45676,4736036,9931721
2094000,0.00339002258396134,0.6154556650246306,0.003236224997773982,0.003954299561979238,19.646323161580792,18.0,14.445892743136087,/net/nfs-ip34/jbod2/def-ilafores/ref_dbs/sourmash_db/RefSeq_20250528.k31.sbt.zip,GCF_018140635.1_ASM1814063v1_genomic,03d45a9b9bd5d52d6fdc9c5ba2260f24,0.6447044334975369,1999000,30,510736000,/nfs3_ib/nfs-ip34/home/def-ilafores/analysis/MethodsComparison/Feces_RA/preproc/SRR5091473/SRR5091473_unmatched_2.fastq,SRR5091473,61f6de9a,617695000,31,DNA,1000,617695,True,0.8323943349375713,0.9859396760089719,0.9091670054732717,0.9859396760089719,False,39273,4775309,9931721
2260000,0.0036587636292992496,0.5455789761839583,0.0032265114660147806,0.0007738840025812244,3.8564977420973405,2.0,16.749638969145227,/net/nfs-ip34/jbod2/def-ilafores/ref_dbs/sourmash_db/RefSeq_20250528.k31.sbt.zip,GCF_025145845.1_ASM2514584v1_genomic,00191848f4049b7a1cb875559983f7c7,0.6186695866411169,1993000,31,508743000,/nfs3_ib/nfs-ip34/home/def-ilafores/analysis/MethodsComparison/Feces_RA/preproc/SRR5091473/SRR5091473_unmatched_2.fastq,SRR5091473,61f6de9a,617695000,31,DNA,1000,617695,True,0.834445318283868,0.9846295456489806,0.9095374319664243,0.9846295456489806,False,7686,4782995,9931721
2019000,0.003268603436971321,0.7718676122931442,0.0031714681193793053,0.028473816370798172,144.35630423685555,146.0,63.30157165334766,/net/nfs-ip34/jbod2/def-ilafores/ref_dbs/sourmash_db/RefSeq_20250528.k31.sbt.zip,GCF_020541925.1_ASM2054192v1_genomic,5dfb2de1c8a49d9f52117f79b9e8a991,0.7955082742316785,1959000,32,506784000,/nfs3_ib/nfs-ip34/home/def-ilafores/analysis/MethodsComparison/Feces_RA/preproc/SRR5091473/SRR5091473_unmatched_2.fastq,SRR5091473,61f6de9a,617695000,31,DNA,1000,617695,True,0.8314155378922198,0.9926473564980874,0.9120314471951536,0.9926473564980874,False,282794,5065789,9931721
2160000,0.003496871433312557,0.6103689567430025,0.0031067112409846284,0.0029408800347895396,15.220427305888483,13.0,15.471262324729304,/net/nfs-ip34/jbod2/def-ilafores/ref_dbs/sourmash_db/RefSeq_20250528.k31.sbt.zip,GCF_042854315.1_ASM4285431v1_genomic,8c077732bd97ee96b603cc65c422945d,0.6870229007633588,1919000,33,504865000,/nfs3_ib/nfs-ip34/home/def-ilafores/analysis/MethodsComparison/Feces_RA/preproc/SRR5091473/SRR5091473_unmatched_2.fastq,SRR5091473,61f6de9a,617695000,31,DNA,1000,617695,True,0.8332280086507237,0.9879637431493682,0.9105958759000459,0.9879637431493682,False,29208,5094997,9931721
1975000,0.003197370870737176,0.299090338770389,0.0030872841774662253,0.0006453060854206437,3.3607760880964865,1.0,13.326951965463412,/net/nfs-ip34/jbod2/def-ilafores/ref_dbs/sourmash_db/RefSeq_20250528.k31.sbt.zip,GCF_016889665.1_ASM1688966v1_genomic,93f73424a62c9a7810069426678c2739,0.3097553324968632,1907000,34,502958000,/nfs3_ib/nfs-ip34/home/def-ilafores/analysis/MethodsComparison/Feces_RA/preproc/SRR5091473/SRR5091473_unmatched_2.fastq,SRR5091473,61f6de9a,617695000,31,DNA,1000,617695,True,0.8308248007314147,0.9629001433068035,0.8968624720191092,0.9629001433068035,False,6409,5101406,9931721
2040000,0.003302600798128526,0.5421308197657813,0.003072713879827423,0.0012199295570223933,6.383561643835616,3.0,20.38265093085456,/net/nfs-ip34/jbod2/def-ilafores/ref_dbs/sourmash_db/RefSeq_20250528.k31.sbt.zip,GCF_000210555.1_ASM21055v1_genomic,6d00b0a0ca344fdf96ce690671c5fa63,0.5826906598114824,1898000,35,501060000,/nfs3_ib/nfs-ip34/home/def-ilafores/analysis/MethodsComparison/Feces_RA/preproc/SRR5091473/SRR5091473_unmatched_2.fastq,SRR5091473,61f6de9a,617695000,31,DNA,1000,617695,True,0.831693101830028,0.9827283518717299,0.9072107268508789,0.9827283518717299,False,12116,5113522,9931721
2050000,0.0033187900177271954,0.6446823204419889,0.0030225272990715485,0.026295341965405592,139.88109266202463,140.0,58.87130482365337,/net/nfs-ip34/jbod2/def-ilafores/ref_dbs/sourmash_db/RefSeq_20250528.k31.sbt.zip,GCF_036632915.2_ASM3663291v2_genomic,1be8a5fa3d48a02ef6804d87b6dc2cbb,0.7078729281767956,1867000,36,499193000,/nfs3_ib/nfs-ip34/home/def-ilafores/analysis/MethodsComparison/Feces_RA/preproc/SRR5091473/SRR5091473_unmatched_2.fastq,SRR5091473,61f6de9a,617695000,31,DNA,1000,617695,True,0.8318243046628911,0.9889170131984969,0.910370658930694,0.9889170131984969,False,261158,5374680,9931721
1947000,0.0031520410558609022,0.6283967391304348,0.0029950056257538105,0.0010368797109785908,5.566486486486487,4.0,11.556075321856119,/net/nfs-ip34/jbod2/def-ilafores/ref_dbs/sourmash_db/RefSeq_20250528.k31.sbt.zip,GCF_014337155.1_ASM1433715v1_genomic,37519ff08fa08b5bc2ed2e92c46c0d51,0.6613451086956522,1850000,37,497343000,/nfs3_ib/nfs-ip34/home/def-ilafores/analysis/MethodsComparison/Feces_RA/preproc/SRR5091473/SRR5091473_unmatched_2.fastq,SRR5091473,61f6de9a,617695000,31,DNA,1000,617695,True,0.8304422090176111,0.9867505100269528,0.9085963595222819,0.9867505100269528,False,10298,5384978,9931721
1925000,0.00311642477274383,0.6258198136002762,0.0029351055132387344,0.009378233641480665,51.374517374517374,48.0,30.327816429264786,/net/nfs-ip34/jbod2/def-ilafores/ref_dbs/sourmash_db/RefSeq_20250528.k31.sbt.zip,GCF_036419515.1_ASM3641951v1_genomic,6a297f754ff6c4bf21b2d1fd8119290f,0.6644804970659303,1813000,38,495530000,/nfs3_ib/nfs-ip34/home/def-ilafores/analysis/MethodsComparison/Feces_RA/preproc/SRR5091473/SRR5091473_unmatched_2.fastq,SRR5091473,61f6de9a,617695000,31,DNA,1000,617695,True,0.8301378472310397,0.9869010717383891,0.9085194594847144,0.9869010717383891,False,93142,5478120,9931721
1795000,0.00290596491796113,0.7542087542087542,0.002901108152081529,0.003918354130165356,21.716517857142858,21.0,8.403867860547205,/net/nfs-ip34/jbod2/def-ilafores/ref_dbs/sourmash_db/RefSeq_20250528.k31.sbt.zip,GCF_003945365.1_PFJ30894_01_genomic,41e393347aeaa24ab6fcfff277c4c1f9,0.7554713804713805,1792000,39,493738000,/nfs3_ib/nfs-ip34/home/def-ilafores/analysis/MethodsComparison/Feces_RA/preproc/SRR5091473/SRR5091473_unmatched_2.fastq,SRR5091473,61f6de9a,617695000,31,DNA,1000,617695,True,0.8282675693908833,0.9909951954088907,0.909631382399887,0.9909951954088907,False,38916,5517036,9931721
1769000,0.0028638729470045897,0.600068422853233,0.002839589117606586,0.0005913375939577844,3.3483466362599774,2.0,7.949676391843346,/net/nfs-ip34/jbod2/def-ilafores/ref_dbs/sourmash_db/RefSeq_20250528.k31.sbt.zip,GCF_025148965.1_ASM2514896v1_genomic,4fe134d0444f089dec5e462a3d358d30,0.6052001368457065,1754000,40,491984000,/nfs3_ib/nfs-ip34/home/def-ilafores/analysis/MethodsComparison/Feces_RA/preproc/SRR5091473/SRR5091473_unmatched_2.fastq,SRR5091473,61f6de9a,617695000,31,DNA,1000,617695,True,0.8278778247821418,0.9839306389793147,0.9059042318807282,0.9839306389793147,False,5873,5522909,9931721
1751000,0.002834732351726985,0.5417849258908861,0.0027813079270513764,0.0003761684404948548,2.1746216530849827,2.0,3.4526241057216276,/net/nfs-ip34/jbod2/def-ilafores/ref_dbs/sourmash_db/RefSeq_20250528.k31.sbt.zip,GCF_023008365.1_ASM2300836v1_genomic,3a0e09cc9dc6f902c874852b50d13065,0.5521917376222012,1718000,41,490266000,/nfs3_ib/nfs-ip34/home/def-ilafores/analysis/MethodsComparison/Feces_RA/preproc/SRR5091473/SRR5091473_unmatched_2.fastq,SRR5091473,61f6de9a,617695000,31,DNA,1000,617695,True,0.8276047406028093,0.9810255525241963,0.9043151465635029,0.9810255525241963,False,3736,5526645,9931721
1743000,0.0028217809760480495,0.3837764144512611,0.0027343591902152355,0.0004330568689958165,2.54647720544701,1.0,10.30823366031263,/net/nfs-ip34/jbod2/def-ilafores/ref_dbs/sourmash_db/RefSeq_20250528.k31.sbt.zip,GCF_900683755.1_ASM90068375v1_genomic,8e291018769da4b390c897ca0d5c97dc,0.3960463531015678,1689000,42,488577000,/nfs3_ib/nfs-ip34/home/def-ilafores/analysis/MethodsComparison/Feces_RA/preproc/SRR5091473/SRR5091473_unmatched_2.fastq,SRR5091473,61f6de9a,617695000,31,DNA,1000,617695,True,0.8274824967468657,0.9705637466082928,0.8990231216775793,0.9705637466082928,False,4301,5530946,9931721
1688000,0.002732740268255369,0.4854256854256854,0.0027230267364961674,0.00030669407648483077,1.8109393579072532,1.0,1.1550125251711874,/net/nfs-ip34/jbod2/def-ilafores/ref_dbs/sourmash_db/RefSeq_20250528.k31.sbt.zip,GCF_042848385.1_ASM4284838v1_genomic,e8ef29c997c2b15b3aefce07de5bc023,0.4871572871572872,1682000,43,486895000,/nfs3_ib/nfs-ip34/home/def-ilafores/analysis/MethodsComparison/Feces_RA/preproc/SRR5091473/SRR5091473_unmatched_2.fastq,SRR5091473,61f6de9a,617695000,31,DNA,1000,617695,True,0.8266270721822963,0.9770680519532542,0.9018475620677753,0.9770680519532542,False,3046,5533992,9931721
1817000,0.0029415812010782022,0.5240324594257179,0.0027181699706165666,0.0013260541652348066,7.843954734961287,2.0,42.35343727118348,/net/nfs-ip34/jbod2/def-ilafores/ref_dbs/sourmash_db/RefSeq_20250528.k31.sbt.zip,GCF_006542745.1_6CPBBH3_genomic,fd3fc44b40474382e7e9ffb3487da7b2,0.567103620474407,1679000,44,485216000,/nfs3_ib/nfs-ip34/home/def-ilafores/analysis/MethodsComparison/Feces_RA/preproc/SRR5091473/SRR5091473_unmatched_2.fastq,SRR5091473,61f6de9a,617695000,31,DNA,1000,617695,True,0.8285931095726233,0.9818691762109258,0.9052311428917745,0.9818691762109258,False,13170,5547162,9931721
5408000,0.008755129958960328,0.23289970625262274,0.0026955050631784295,0.0010043576536231736,5.990990990990991,5.0,4.585842220114721,/net/nfs-ip34/jbod2/def-ilafores/ref_dbs/sourmash_db/RefSeq_20250528.k31.sbt.zip,GCF_918258265.1_BOVAC1_genomic,d7ca7470d77ebe0344d62e56d1ab47e0,0.7564694362847951,1665000,45,483551000,/nfs3_ib/nfs-ip34/home/def-ilafores/analysis/MethodsComparison/Feces_RA/preproc/SRR5091473/SRR5091473_unmatched_2.fastq,SRR5091473,61f6de9a,617695000,31,DNA,1000,617695,True,0.8582649441061875,0.9910374009233943,0.9246511725147909,0.9910374009233943,False,9975,5557137,9931721
2269000,0.003673333926938052,0.356819650937298,0.002680934765539627,0.0010371817734308082,6.220410628019324,2.0,140.56647075084544,/net/nfs-ip34/jbod2/def-ilafores/ref_dbs/sourmash_db/RefSeq_20250528.k31.sbt.zip,GCF_025148635.1_ASM2514863v1_genomic,d4b0f7a75de0de86779fc9973ed01479,0.48890325360913595,1656000,46,481895000,/nfs3_ib/nfs-ip34/home/def-ilafores/analysis/MethodsComparison/Feces_RA/preproc/SRR5091473/SRR5091473_unmatched_2.fastq,SRR5091473,61f6de9a,617695000,31,DNA,1000,617695,True,0.8345523062137838,0.9771808178497959,0.9058665620317898,0.9771808178497959,False,10301,5567438,9931721
1578000,0.002554658852670007,0.42007534983853606,0.002527137179352269,0.00038069937727811724,2.4221652786675207,2.0,15.26873919460275,/net/nfs-ip34/jbod2/def-ilafores/ref_dbs/sourmash_db/RefSeq_20250528.k31.sbt.zip,GCF_015074785.1_ASM1507478v1_genomic,988b2ef58a54374a65546dbc194ca3be,0.42465016146393975,1561000,47,480334000,/nfs3_ib/nfs-ip34/home/def-ilafores/analysis/MethodsComparison/Feces_RA/preproc/SRR5091473/SRR5091473_unmatched_2.fastq,SRR5091473,61f6de9a,617695000,31,DNA,1000,617695,True,0.8248321451832274,0.9727494848227554,0.8987908150029914,0.9727494848227554,False,3781,5571219,9931721
1661000,0.0026890293753389616,0.5335872576177285,0.002494758740154931,0.0026041810880511043,16.783906554185595,16.0,12.748886042175663,/net/nfs-ip34/jbod2/def-ilafores/ref_dbs/sourmash_db/RefSeq_20250528.k31.sbt.zip,GCF_025150745.1_ASM2515074v1_genomic,f264b62f2a1798cf106db911e66dcf25,0.5751385041551247,1541000,48,478793000,/nfs3_ib/nfs-ip34/home/def-ilafores/analysis/MethodsComparison/Feces_RA/preproc/SRR5091473/SRR5091473_unmatched_2.fastq,SRR5091473,61f6de9a,617695000,31,DNA,1000,617695,True,0.8261972161666992,0.9823148828114346,0.9042560494890669,0.9823148828114346,False,25864,5597083,9931721
1604000,0.0025967508236265473,0.5246406570841889,0.0024818073644759953,0.0004763524871469909,3.0861056751467713,2.0,12.666545662832627,/net/nfs-ip34/jbod2/def-ilafores/ref_dbs/sourmash_db/RefSeq_20250528.k31.sbt.zip,GCF_032769475.1_ASM3276947v1_genomic,a093f200e9d0934ecae0369e6f1ee853,0.5489390828199863,1533000,49,477260000,/nfs3_ib/nfs-ip34/home/def-ilafores/analysis/MethodsComparison/Feces_RA/preproc/SRR5091473/SRR5091473_unmatched_2.fastq,SRR5091473,61f6de9a,617695000,31,DNA,1000,617695,True,0.825267087032274,0.9808386102342178,0.9030528486332459,0.9808386102342178,False,4731,5601814,9931721
1818000,0.002943200123038069,0.48798701298701297,0.0024332397056799878,0.0009508925995806769,6.283433133732535,4.0,10.112581752645829,/net/nfs-ip34/jbod2/def-ilafores/ref_dbs/sourmash_db/RefSeq_20250528.k31.sbt.zip,GCF_025150245.1_ASM2515024v1_genomic,1a61bc75384814965146b3c8fd1a27a5,0.5902597402597403,1503000,50,475757000,/nfs3_ib/nfs-ip34/home/def-ilafores/analysis/MethodsComparison/Feces_RA/preproc/SRR5091473/SRR5091473_unmatched_2.fastq,SRR5091473,61f6de9a,617695000,31,DNA,1000,617695,True,0.8286078160638812,0.9831375764383,0.9058726962510906,0.9831375764383,False,9444,5611258,9931721
1547000,0.0025044722719141325,0.5019064124783362,0.0023441989978873067,0.0021964974650415573,15.06560773480663,2.0,57.2027191868137,/net/nfs-ip34/jbod2/def-ilafores/ref_dbs/sourmash_db/RefSeq_20250528.k31.sbt.zip,GCF_006542685.1_Adis_1.0_genomic,68f0797ae6b584c9128db7eba1ec6c3c,0.5362218370883882,1448000,51,474309000,/nfs3_ib/nfs-ip34/home/def-ilafores/analysis/MethodsComparison/Feces_RA/preproc/SRR5091473/SRR5091473_unmatched_2.fastq,SRR5091473,61f6de9a,617695000,31,DNA,1000,617695,True,0.8243044041939563,0.9800972650362821,0.9022008346151192,0.9800972650362821,False,21815,5633073,9931721
1545000,0.0025012344279943984,0.45132743362831856,0.0023118205586899684,0.00038553237651359716,2.6813725490196076,2.0,6.6063813746111775,/net/nfs-ip34/jbod2/def-ilafores/ref_dbs/sourmash_db/RefSeq_20250528.k31.sbt.zip,GCF_042852765.1_ASM4285276v1_genomic,3aa76380a2dbd057e75b72c09cae7f14,0.48830594184576487,1428000,52,472881000,/nfs3_ib/nfs-ip34/home/def-ilafores/analysis/MethodsComparison/Feces_RA/preproc/SRR5091473/SRR5091473_unmatched_2.fastq,SRR5091473,61f6de9a,617695000,31,DNA,1000,617695,True,0.8242700058581943,0.977142283481076,0.9007061446696352,0.977142283481076,False,3829,5636902,9931721
1683000,0.002724645658456034,0.49262122276879833,0.0022697285877334283,0.0065099492827073975,46.11626248216833,39.0,47.50672337142268,/net/nfs-ip34/jbod2/def-ilafores/ref_dbs/sourmash_db/RefSeq_20250528.k31.sbt.zip,GCF_019968055.1_ASM1996805v1_genomic,68b64f4d4c3889600ebe30d1a4137e53,0.5913562895291637,1402000,53,471479000,/nfs3_ib/nfs-ip34/home/def-ilafores/analysis/MethodsComparison/Feces_RA/preproc/SRR5091473/SRR5091473_unmatched_2.fastq,SRR5091473,61f6de9a,617695000,31,DNA,1000,617695,True,0.8265479735967877,0.9831964401304203,0.9048722068636039,0.9831964401304203,False,64655,5701557,9931721
1399000,0.0022648718218538275,0.46776359973136333,0.002255158290094626,0.000692025078030283,4.933955491744436,4.0,6.45443046139112,/net/nfs-ip34/jbod2/def-ilafores/ref_dbs/sourmash_db/RefSeq_20250528.k31.sbt.zip,GCF_000723465.1_Rb803_genomic,a0c72778e7e9a92bec9989c7d509e086,0.46977837474815315,1393000,54,470086000,/nfs3_ib/nfs-ip34/home/def-ilafores/analysis/MethodsComparison/Feces_RA/preproc/SRR5091473/SRR5091473_unmatched_2.fastq,SRR5091473,61f6de9a,617695000,31,DNA,1000,617695,True,0.8216348026253983,0.9759237877988286,0.8987792952121134,0.9759237877988286,False,6873,5708430,9931721
1891000,0.0030613814261083545,0.24087849805171804,0.0022017338654190177,0.001606569495860788,11.73235294117647,9.0,30.246372855836057,/net/nfs-ip34/jbod2/def-ilafores/ref_dbs/sourmash_db/RefSeq_20250528.k31.sbt.zip,GCF_020341675.1_ASM2034167v1_genomic,bd2850a06cddf8a9c679f450156df141,0.3349273822174991,1360000,55,468726000,/nfs3_ib/nfs-ip34/home/def-ilafores/analysis/MethodsComparison/Feces_RA/preproc/SRR5091473/SRR5091473_unmatched_2.fastq,SRR5091473,61f6de9a,617695000,31,DNA,1000,617695,True,0.829660784225435,0.9653300542675086,0.8974954192464718,0.9653300542675086,False,15956,5724386,9931721
1431000,0.002316677324569569,0.33865734963813326,0.0021968770995394165,0.0003153532001150657,2.308032424465733,1.0,4.465147309015795,/net/nfs-ip34/jbod2/def-ilafores/ref_dbs/sourmash_db/RefSeq_20250528.k31.sbt.zip,GCF_019597925.1_ASM1959792v1_genomic,62b03b4f0784189f3ee5b7d7041318cd,0.35712503119540806,1357000,56,467369000,/nfs3_ib/nfs-ip34/home/def-ilafores/analysis/MethodsComparison/Feces_RA/preproc/SRR5091473/SRR5091473_unmatched_2.fastq,SRR5091473,61f6de9a,617695000,31,DNA,1000,617695,True,0.8222344385024095,0.9673304260114348,0.8947824322569222,0.9673304260114348,False,3132,5727518,9931721
1383000,0.0022389690704959567,0.29685733664933306,0.0021256445333052722,0.0002661170204036138,2.012947448591013,1.0,4.871445617232703,/net/nfs-ip34/jbod2/def-ilafores/ref_dbs/sourmash_db/RefSeq_20250528.k31.sbt.zip,GCF_044336395.1_ASM4433639v1_genomic,7004ceefcd6696a06bbad6d1e5c7b9f6,0.3126836988469365,1313000,57,466056000,/nfs3_ib/nfs-ip34/home/def-ilafores/analysis/MethodsComparison/Feces_RA/preproc/SRR5091473/SRR5091473_unmatched_2.fastq,SRR5091473,61f6de9a,617695000,31,DNA,1000,617695,True,0.8213299891214404,0.9631924557205369,0.8922612224209887,0.9631924557205369,False,2643,5730161,9931721
1514000,0.0024510478472385237,0.19361638060825054,0.002081933640388865,0.0002453753986846791,1.8950233281493,1.0,8.211570003363553,/net/nfs-ip34/jbod2/def-ilafores/ref_dbs/sourmash_db/RefSeq_20250528.k31.sbt.zip,GCF_041119805.1_ASM4111980v1_genomic,c08a9f2c3f75003dafbdf763488e0761,0.22794339054501656,1286000,58,464770000,/nfs3_ib/nfs-ip34/home/def-ilafores/analysis/MethodsComparison/Feces_RA/preproc/SRR5091473/SRR5091473_unmatched_2.fastq,SRR5091473,61f6de9a,617695000,31,DNA,1000,617695,True,0.82373124887379,0.9534210628258675,0.8885761558498287,0.9534210628258675,False,2437,5732598,9931721
4386000,0.007100591715976331,0.23369256948383438,0.0020009875423955188,0.0004940734843437507,3.970064724919094,3.0,2.5536147985747584,/net/nfs-ip34/jbod2/def-ilafores/ref_dbs/sourmash_db/RefSeq_20250528.k31.sbt.zip,GCF_043950225.1_ESCOTC_24_genomic,915e373cddab113d1b8b2c6b70f0a0ae,0.8292682926829268,1236000,59,463534000,/nfs3_ib/nfs-ip34/home/def-ilafores/analysis/MethodsComparison/Feces_RA/preproc/SRR5091473/SRR5091473_unmatched_2.fastq,SRR5091473,61f6de9a,617695000,31,DNA,1000,617695,True,0.8524853428028093,0.9939791166001608,0.923232229701485,0.9939791166001608,False,4907,5737505,9931721
1027000,0.0016626328527833316,0.4481693868548743,0.0016448247112247954,0.0002513159602449565,2.456692913385827,2.0,2.271895755315513,/net/nfs-ip34/jbod2/def-ilafores/ref_dbs/sourmash_db/RefSeq_20250528.k31.sbt.zip,GCF_022936265.1_ASM2293626v1_genomic,b0ceb0f243027b084ee39ec253dbc89b,0.4530216144684605,1016000,60,462518000,/nfs3_ib/nfs-ip34/home/def-ilafores/analysis/MethodsComparison/Feces_RA/preproc/SRR5091473/SRR5091473_unmatched_2.fastq,SRR5091473,61f6de9a,617695000,31,DNA,1000,617695,True,0.8134826029593815,0.974781014652572,0.8941318088059768,0.974781014652572,False,2496,5740001,9931721
1603000,0.00259513190166668,0.23924268502581755,0.0015752110669505176,0.0008452714287886259,8.627954779033916,1.0,42.37321721479961,/net/nfs-ip34/jbod2/def-ilafores/ref_dbs/sourmash_db/RefSeq_20250528.k31.sbt.zip,GCF_022846055.1_ASM2284605v1_genomic,6b6a5701c4b4085bc7aae18a71eaefc2,0.39414802065404475,973000,61,461545000,/nfs3_ib/nfs-ip34/home/def-ilafores/analysis/MethodsComparison/Feces_RA/preproc/SRR5091473/SRR5091473_unmatched_2.fastq,SRR5091473,61f6de9a,617695000,31,DNA,1000,617695,True,0.8252504850665585,0.9704133292750362,0.8978319071707974,0.9704133292750362,False,8395,5748396,9931721
3718000,0.006019151846785226,0.208,0.0015574029253919814,0.0024866787941384984,25.672557172557173,22.0,24.242877418307437,/net/nfs-ip34/jbod2/def-ilafores/ref_dbs/sourmash_db/RefSeq_20250528.k31.sbt.zip,GCF_025914195.1_ASM2591419v1_genomic,4ab236feb27bbefb635121ccd1c90e65,0.8038918918918919,962000,62,460583000,/nfs3_ib/nfs-ip34/home/def-ilafores/analysis/MethodsComparison/Feces_RA/preproc/SRR5091473/SRR5091473_unmatched_2.fastq,SRR5091473,61f6de9a,617695000,31,DNA,1000,617695,True,0.8479536353649908,0.9929831057343963,0.9204683705496935,0.9929831057343963,False,24697,5773093,9931721
4458000,0.00721715409708675,0.16424951948278874,0.001521786642274909,0.0006304043377779138,6.660638297872341,4.0,9.849762045782288,/net/nfs-ip34/jbod2/def-ilafores/ref_dbs/sourmash_db/RefSeq_20250528.k31.sbt.zip,GCF_042850145.1_ASM4285014v1_genomic,6350fb91e771d4a1538082fbe2684b37,0.7789620828236938,940000,63,459643000,/nfs3_ib/nfs-ip34/home/def-ilafores/analysis/MethodsComparison/Feces_RA/preproc/SRR5091473/SRR5091473_unmatched_2.fastq,SRR5091473,61f6de9a,617695000,31,DNA,1000,617695,True,0.8529332238040729,0.9919745415795456,0.9224538826918092,0.9919745415795456,False,6261,5779354,9931721
1028000,0.0016642517747431985,0.12766566480606842,0.0014440783882012967,0.0002798105182374736,3.1154708520179373,1.0,14.360395935177747,/net/nfs-ip34/jbod2/def-ilafores/ref_dbs/sourmash_db/RefSeq_20250528.k31.sbt.zip,GCF_042853085.1_ASM4285308v1_genomic,400d90fee346891087f6d66c37bf84f7,0.14713038500071562,892000,64,458751000,/nfs3_ib/nfs-ip34/home/def-ilafores/analysis/MethodsComparison/Feces_RA/preproc/SRR5091473/SRR5091473_unmatched_2.fastq,SRR5091473,61f6de9a,617695000,31,DNA,1000,617695,True,0.8135081424127001,0.9400515923370723,0.8767798673748861,0.9400515923370723,False,2779,5782133,9931721
3524000,0.005705080986571042,0.13148891863751302,0.0014311270125223613,0.00041100630998393934,4.617647058823529,2.0,15.236549765688768,/net/nfs-ip34/jbod2/def-ilafores/ref_dbs/sourmash_db/RefSeq_20250528.k31.sbt.zip,GCF_014334015.1_ASM1433401v1_genomic,32a90d9faa0865b9d4716569d60e47de,0.5241707571024841,884000,65,457867000,/nfs3_ib/nfs-ip34/home/def-ilafores/analysis/MethodsComparison/Feces_RA/preproc/SRR5091473/SRR5091473_unmatched_2.fastq,SRR5091473,61f6de9a,617695000,31,DNA,1000,617695,True,0.846489058365354,0.9793788817009349,0.9129339700331445,0.9793788817009349,False,4082,5786215,9931721
876000,0.001418175636843426,0.15136084284460052,0.001395510729405289,0.00013280679149162567,1.5301624129930393,1.0,4.148730800980567,/net/nfs-ip34/jbod2/def-ilafores/ref_dbs/sourmash_db/RefSeq_20250528.k31.sbt.zip,GCF_005886215.1_ASM588621v1_genomic,59e27bb2173efba71b7618ad9fdb6681,0.15381913959613697,862000,66,457005000,/nfs3_ib/nfs-ip34/home/def-ilafores/analysis/MethodsComparison/Feces_RA/preproc/SRR5091473/SRR5091473_unmatched_2.fastq,SRR5091473,61f6de9a,617695000,31,DNA,1000,617695,True,0.8093200938820361,0.9414007247423244,0.8753604093121803,0.9414007247423244,False,1319,5787534,9931721
870000,0.0014084621050842244,0.27640449438202247,0.0013938918074454221,0.00012565798012247826,1.4494773519163764,1.0,1.9915769975222282,/net/nfs-ip34/jbod2/def-ilafores/ref_dbs/sourmash_db/RefSeq_20250528.k31.sbt.zip,GCF_010231335.1_ASM1023133v1_genomic,f49db6b3b87cd5fe86c74b3152695cd0,0.27929373996789725,861000,67,456144000,/nfs3_ib/nfs-ip34/home/def-ilafores/analysis/MethodsComparison/Feces_RA/preproc/SRR5091473/SRR5091473_unmatched_2.fastq,SRR5091473,61f6de9a,617695000,31,DNA,1000,617695,True,0.8091406828255082,0.9596900818471612,0.8844153823363348,0.9596900818471612,False,1248,5788782,9931721
918000,0.0014861703591578367,0.25438857482891997,0.0013841782756862206,0.00012928272954908823,1.5017543859649123,1.0,1.342837777394906,/net/nfs-ip34/jbod2/def-ilafores/ref_dbs/sourmash_db/RefSeq_20250528.k31.sbt.zip,GCF_000210055.1_ASM21005v1_genomic,99e65f8593549ca8e3e843eee40eeb60,0.27313299613210357,855000,68,455289000,/nfs3_ib/nfs-ip34/home/def-ilafores/analysis/MethodsComparison/Feces_RA/preproc/SRR5091473/SRR5091473_unmatched_2.fastq,SRR5091473,61f6de9a,617695000,31,DNA,1000,617695,True,0.8105436472672289,0.9589998109828216,0.8847717291250252,0.9589998109828216,False,1284,5790066,9931721
3336000,0.00540072365811606,0.1906675597231525,0.0013825593537263535,0.0033013412277690846,38.39344262295082,30.0,39.515624089273096,/net/nfs-ip34/jbod2/def-ilafores/ref_dbs/sourmash_db/RefSeq_20250528.k31.sbt.zip,GCF_025148125.1_ASM2514812v1_genomic,20e22b7a195404638366fe78b372a400,0.7448091091761554,854000,69,454435000,/nfs3_ib/nfs-ip34/home/def-ilafores/analysis/MethodsComparison/Feces_RA/preproc/SRR5091473/SRR5091473_unmatched_2.fastq,SRR5091473,61f6de9a,617695000,31,DNA,1000,617695,True,0.8449933456987814,0.990540914099964,0.9177671298993727,0.990540914099964,False,32788,5822854,9931721
4585000,0.00742275718598985,0.1565722857678605,0.001351799836488882,0.0006719882686998558,7.992814371257485,3.0,13.364442809196069,/net/nfs-ip34/jbod2/def-ilafores/ref_dbs/sourmash_db/RefSeq_20250528.k31.sbt.zip,GCF_029369685.1_ASM2936968v1_genomic,616b6eb65d964b64030cd25de5f05d76,0.8597412338271142,835000,70,453600000,/nfs3_ib/nfs-ip34/home/def-ilafores/analysis/MethodsComparison/Feces_RA/preproc/SRR5091473/SRR5091473_unmatched_2.fastq,SRR5091473,61f6de9a,617695000,31,DNA,1000,617695,True,0.8537064380658421,0.995136901216125,0.9244216696409835,0.995136901216125,False,6674,5829528,9931721
837000,0.0013550376804086159,0.3568034557235421,0.0013372295388500797,0.0013338071015083892,16.037530266343826,15.0,7.7056814172275185,/net/nfs-ip34/jbod2/def-ilafores/ref_dbs/sourmash_db/RefSeq_20250528.k31.sbt.zip,GCF_003856815.1_ASM385681v1_genomic,ec56179731d98b9fa6dca12eb7eea848,0.3615550755939525,826000,71,452774000,/nfs3_ib/nfs-ip34/home/def-ilafores/analysis/MethodsComparison/Feces_RA/preproc/SRR5091473/SRR5091473_unmatched_2.fastq,SRR5091473,61f6de9a,617695000,31,DNA,1000,617695,True,0.8081319967379309,0.9677152015601708,0.8879235991490508,0.9677152015601708,False,13247,5842775,9931721
2088000,0.0033803090522021386,0.2504592774035517,0.0013242781631711443,0.0078059985776886,94.77628361858191,44.0,124.04948170734482,/net/nfs-ip34/jbod2/def-ilafores/ref_dbs/sourmash_db/RefSeq_20250528.k31.sbt.zip,GCF_000210735.1_ASM21073v1_genomic,112a151e28f067050905850dc0b386c2,0.6393141457440293,818000,72,451956000,/nfs3_ib/nfs-ip34/home/def-ilafores/analysis/MethodsComparison/Feces_RA/preproc/SRR5091473/SRR5091473_unmatched_2.fastq,SRR5091473,61f6de9a,617695000,31,DNA,1000,617695,True,0.8323172898704242,0.9856726810704913,0.9089949854704578,0.9856726810704913,False,77527,5920302,9931721
858000,0.0013890350415658214,0.22296173044925124,0.0013016132557330073,0.00013331022891198817,1.6467661691542288,1.0,1.3675711083405908,/net/nfs-ip34/jbod2/def-ilafores/ref_dbs/sourmash_db/RefSeq_20250528.k31.sbt.zip,GCF_014467075.1_ASM1446707v1_genomic,851f79ec11a0fc091dcc737b6dbe5cc2,0.23793677204658903,804000,73,451152000,/nfs3_ib/nfs-ip34/home/def-ilafores/analysis/MethodsComparison/Feces_RA/preproc/SRR5091473/SRR5091473_unmatched_2.fastq,SRR5091473,61f6de9a,617695000,31,DNA,1000,617695,True,0.8087782399705135,0.9547416239502091,0.8817599319603613,0.9547416239502091,False,1324,5921626,9931721
4808000,0.0077837767830401736,0.12218249650240945,0.0012724726604554028,0.0004920597346623007,6.217557251908397,5.0,8.25282723627245,/net/nfs-ip34/jbod2/def-ilafores/ref_dbs/sourmash_db/RefSeq_20250528.k31.sbt.zip,GCF_025916295.1_ASM2591629v1_genomic,2b995a328d689c9331c85dafdfef990d,0.7473962381470542,786000,74,450366000,/nfs3_ib/nfs-ip34/home/def-ilafores/analysis/MethodsComparison/Feces_RA/preproc/SRR5091473/SRR5091473_unmatched_2.fastq,SRR5091473,61f6de9a,617695000,31,DNA,1000,617695,True,0.8550152936187186,0.9906517179708049,0.9228335057947618,0.9906517179708049,False,4887,5926513,9931721
2912000,0.004714300747132485,0.1954557190808159,0.0012255239236192619,0.015110372109728012,198.2457067371202,233.0,126.11449945577776,/net/nfs-ip34/jbod2/def-ilafores/ref_dbs/sourmash_db/RefSeq_20250528.k31.sbt.zip,GCF_020091485.1_ASM2009148v1_genomic,0bb666bd34472dc3dae293249907c788,0.7518719339013684,757000,75,449609000,/nfs3_ib/nfs-ip34/home/def-ilafores/analysis/MethodsComparison/Feces_RA/preproc/SRR5091473/SRR5091473_unmatched_2.fastq,SRR5091473,61f6de9a,617695000,31,DNA,1000,617695,True,0.8412962336819115,0.990842533469589,0.9160693835757503,0.990842533469589,False,150072,6076585,9931721
743000,0.001202859016181125,0.2598649129043726,0.001183431952662722,0.00010733285802128352,1.4582763337893296,1.0,0.8494606224447566,/net/nfs-ip34/jbod2/def-ilafores/ref_dbs/sourmash_db/RefSeq_20250528.k31.sbt.zip,GCF_025144665.1_ASM2514466v1_genomic,b69c557c70b05f221753839e76da2c17,0.2641308211873445,731000,76,448878000,/nfs3_ib/nfs-ip34/home/def-ilafores/analysis/MethodsComparison/Feces_RA/preproc/SRR5091473/SRR5091473_unmatched_2.fastq,SRR5091473,61f6de9a,617695000,31,DNA,1000,617695,True,0.805032434521,0.9579635895093344,0.8814980120151672,0.9579635895093344,False,1066,6077651,9931721
730000,0.001181813030702855,0.17641277641277642,0.0011623859671844518,0.00011740160642853339,1.6239554317548746,1.0,6.171692495116803,/net/nfs-ip34/jbod2/def-ilafores/ref_dbs/sourmash_db/RefSeq_20250528.k31.sbt.zip,GCF_022845715.1_ASM2284571v1_genomic,0997265d51c515e91fdfb672e1434202,0.17936117936117937,718000,77,448160000,/nfs3_ib/nfs-ip34/home/def-ilafores/analysis/MethodsComparison/Feces_RA/preproc/SRR5091473/SRR5091473_unmatched_2.fastq,SRR5091473,61f6de9a,617695000,31,DNA,1000,617695,True,0.8045741766604882,0.9460775221862742,0.8753258494233812,0.9460775221862742,False,1166,6078817,9931721
824000,0.001333991694930346,0.09844938560561732,0.0010895344789904403,0.00013723704079081562,2.025260029717682,1.0,7.26964935554615,/net/nfs-ip34/jbod2/def-ilafores/ref_dbs/sourmash_db/RefSeq_20250528.k31.sbt.zip,GCF_025149285.1_ASM2514928v1_genomic,0f58288732b3804f3c8d60da453de357,0.12053832650672908,673000,78,447487000,/nfs3_ib/nfs-ip34/home/def-ilafores/analysis/MethodsComparison/Feces_RA/preproc/SRR5091473/SRR5091473_unmatched_2.fastq,SRR5091473,61f6de9a,617695000,31,DNA,1000,617695,True,0.8077240311352485,0.9340258073497734,0.8708749192425109,0.9340258073497734,False,1363,6080180,9931721
636000,0.0010296343664753641,0.18328996819890142,0.0010263965225556302,8.608779888198631e-05,1.3485804416403786,1.0,0.676281028137047,/net/nfs-ip34/jbod2/def-ilafores/ref_dbs/sourmash_db/RefSeq_20250528.k31.sbt.zip,GCF_001701045.1_ASM170104v1_genomic,9d91951929bacfb6e297eba2f87e2e3e,0.18386816999132696,634000,79,446853000,/nfs3_ib/nfs-ip34/home/def-ilafores/analysis/MethodsComparison/Feces_RA/preproc/SRR5091473/SRR5091473_unmatched_2.fastq,SRR5091473,61f6de9a,617695000,31,DNA,1000,617695,True,0.8010044640515936,0.9468352214933888,0.8739198427724912,0.9468352214933888,False,855,6081035,9931721
3921000,0.006347793004638212,0.13273222897882156,0.0010247776005957634,0.002352764440322075,36.91469194312796,34.0,31.616466238106906,/net/nfs-ip34/jbod2/def-ilafores/ref_dbs/sourmash_db/RefSeq_20250528.k31.sbt.zip,GCF_018289315.1_ASM1828931v1_genomic,b8882c82de7b01fc8d6d7c5d0f9c6851,0.8221849444327951,633000,80,446220000,/nfs3_ib/nfs-ip34/home/def-ilafores/analysis/MethodsComparison/Feces_RA/preproc/SRR5091473/SRR5091473_unmatched_2.fastq,SRR5091473,61f6de9a,617695000,31,DNA,1000,617695,True,0.8494090094247192,0.9937040990236311,0.9215565542241752,0.9937040990236311,False,23367,6104402,9931721
2474000,0.004005212928710772,0.10904023689252744,0.0010134451468766948,0.005814702205186795,92.25239616613419,2.0,137.8281916647718,/net/nfs-ip34/jbod2/def-ilafores/ref_dbs/sourmash_db/RefSeq_20250528.k31.sbt.zip,GCF_018292105.1_ASM1829210v1_genomic,833ce107256231b46fdcaa8f4db23439,0.4309353771120014,626000,81,445594000,/nfs3_ib/nfs-ip34/home/def-ilafores/analysis/MethodsComparison/Feces_RA/preproc/SRR5091473/SRR5091473_unmatched_2.fastq,SRR5091473,61f6de9a,617695000,31,DNA,1000,617695,True,0.8368841491045064,0.9732106290671779,0.9050473890858421,0.9732106290671779,False,57750,6162152,9931721
1021000,0.0016529193210241301,0.19290123456790123,0.001011826224916828,0.0016784603594885519,26.672,1.0,59.02134881549218,/net/nfs-ip34/jbod2/def-ilafores/ref_dbs/sourmash_db/RefSeq_20250528.k31.sbt.zip,GCF_000209855.1_ASM20985v1_genomic,2b845165824bdb6c15dab3f5f2327265,0.31512345679012344,625000,82,444969000,/nfs3_ib/nfs-ip34/home/def-ilafores/analysis/MethodsComparison/Feces_RA/preproc/SRR5091473/SRR5091473_unmatched_2.fastq,SRR5091473,61f6de9a,617695000,31,DNA,1000,617695,True,0.8133288589972328,0.9634339787147852,0.8883814188560091,0.9634339787147852,False,16670,6178822,9931721
757000,0.0012255239236192619,0.23480333730631706,0.0009567828782813525,0.00025091321030866655,4.216582064297801,2.0,13.504168529559218,/net/nfs-ip34/jbod2/def-ilafores/ref_dbs/sourmash_db/RefSeq_20250528.k31.sbt.zip,GCF_018408575.1_ASM1840857v1_genomic,be471ee2a9a4d83e479673ce2822bf12,0.3007548669050457,591000,83,444378000,/nfs3_ib/nfs-ip34/home/def-ilafores/analysis/MethodsComparison/Feces_RA/preproc/SRR5091473/SRR5091473_unmatched_2.fastq,SRR5091473,61f6de9a,617695000,31,DNA,1000,617695,True,0.8055173452949486,0.961984668204087,0.8837510067495178,0.961984668204087,False,2492,6181314,9931721
606000,0.0009810667076793564,0.14401041666666667,0.0008952638438064093,8.457748662089884e-05,1.518987341772152,1.0,1.022398903079807,/net/nfs-ip34/jbod2/def-ilafores/ref_dbs/sourmash_db/RefSeq_20250528.k31.sbt.zip,GCF_042853155.1_ASM4285315v1_genomic,efaf2d7610e4ff97776a88ae72c12130,0.1578125,553000,84,443825000,/nfs3_ib/nfs-ip34/home/def-ilafores/analysis/MethodsComparison/Feces_RA/preproc/SRR5091473/SRR5091473_unmatched_2.fastq,SRR5091473,61f6de9a,617695000,31,DNA,1000,617695,True,0.7997569398914398,0.9421793762181253,0.8709681580547826,0.9421793762181253,False,840,6182154,9931721
609000,0.0009859234735589571,0.17193675889328064,0.0008450772630505347,0.00015687110018495283,2.9846743295019156,1.0,14.279897546414134,/net/nfs-ip34/jbod2/def-ilafores/ref_dbs/sourmash_db/RefSeq_20250528.k31.sbt.zip,GCF_018406465.1_ASM1840646v1_genomic,8aba6659b6915b21c1eb4ba9db50d3da,0.20059288537549408,522000,85,443303000,/nfs3_ib/nfs-ip34/home/def-ilafores/analysis/MethodsComparison/Feces_RA/preproc/SRR5091473/SRR5091473_unmatched_2.fastq,SRR5091473,61f6de9a,617695000,31,DNA,1000,617695,True,0.7998843508462924,0.9494979888942994,0.8746911698702959,0.9494979888942994,False,1558,6183712,9931721
2451000,0.003967977723633832,0.16249217282404507,0.0008402204971709339,0.00046094730208389866,8.820809248554914,4.0,14.464915714526434,/net/nfs-ip34/jbod2/def-ilafores/ref_dbs/sourmash_db/RefSeq_20250528.k31.sbt.zip,GCF_964272255.1_LUMC_Rgna_QRD019_genomic,c2d2ff82008a92a47264f7cc67d24fd9,0.7673763306199123,519000,86,442784000,/nfs3_ib/nfs-ip34/home/def-ilafores/analysis/MethodsComparison/Feces_RA/preproc/SRR5091473/SRR5091473_unmatched_2.fastq,SRR5091473,61f6de9a,617695000,31,DNA,1000,617695,True,0.8366320374174384,0.9914951485845871,0.9140635930010128,0.9914951485845871,False,4578,6188290,9931721
555000,0.0008985016877261432,0.1894659839063643,0.0008386015752110669,0.0001016943589132236,1.94980694980695,1.0,5.129349078631091,/net/nfs-ip34/jbod2/def-ilafores/ref_dbs/sourmash_db/RefSeq_20250528.k31.sbt.zip,GCF_028743775.1_ASM2874377v1_genomic,0b7d489b6956763644e502d9d53c4dd9,0.2029992684711046,518000,87,442266000,/nfs3_ib/nfs-ip34/home/def-ilafores/analysis/MethodsComparison/Feces_RA/preproc/SRR5091473/SRR5091473_unmatched_2.fastq,SRR5091473,61f6de9a,617695000,31,DNA,1000,617695,True,0.7974921485394156,0.9498633085882283,0.873677728563822,0.9498633085882283,False,1010,6189300,9931721
4904000,0.007939193291187398,0.08112818887656473,0.0008288880434518654,0.00029420882845984094,5.70703125,4.0,5.461522847294831,/net/nfs-ip34/jbod2/def-ilafores/ref_dbs/sourmash_db/RefSeq_20250528.k31.sbt.zip,GCF_029369765.1_ASM2936976v1_genomic,19e8b45e36249f6067d7a6393c2a7e02,0.7770559340833465,512000,88,441754000,/nfs3_ib/nfs-ip34/home/def-ilafores/analysis/MethodsComparison/Feces_RA/preproc/SRR5091473/SRR5091473_unmatched_2.fastq,SRR5091473,61f6de9a,617695000,31,DNA,1000,617695,True,0.8555607466762503,0.9918961455534474,0.9237284461148488,0.9918961455534474,False,2922,6192222,9931721
4277000,0.006924129222350837,0.09628506444275967,0.0008224123556123977,0.0010753423298942852,21.023622047244096,17.0,33.46103964736225,/net/nfs-ip34/jbod2/def-ilafores/ref_dbs/sourmash_db/RefSeq_20250528.k31.sbt.zip,GCF_018291785.1_ASM1829178v1_genomic,94290db9715a9c6fca358ac639119d83,0.8106520090978013,508000,89,441246000,/nfs3_ib/nfs-ip34/home/def-ilafores/analysis/MethodsComparison/Feces_RA/preproc/SRR5091473/SRR5091473_unmatched_2.fastq,SRR5091473,61f6de9a,617695000,31,DNA,1000,617695,True,0.851793575457469,0.993251377968721,0.9225224767130951,0.993251377968721,False,10680,6202902,9931721
583000,0.000943831502602417,0.15051173991571343,0.0008094609799334623,0.00012183185572772332,2.42,1.0,6.462785777046924,/net/nfs-ip34/jbod2/def-ilafores/ref_dbs/sourmash_db/RefSeq_20250528.k31.sbt.zip,GCF_018408705.1_ASM1840870v1_genomic,ac6ff4cab85d8673ba368b5f66dcfee5,0.17549668874172186,500000,90,440746000,/nfs3_ib/nfs-ip34/home/def-ilafores/analysis/MethodsComparison/Feces_RA/preproc/SRR5091473/SRR5091473_unmatched_2.fastq,SRR5091473,61f6de9a,617695000,31,DNA,1000,617695,True,0.7987593421121322,0.9454130184150688,0.8720861802636004,0.9454130184150688,False,1210,6204112,9931721
4045000,0.00654853932766171,0.09923175416133162,0.00075279871133812,0.00012847722967650822,2.7440860215053764,2.0,1.7029678310116476,/net/nfs-ip34/jbod2/def-ilafores/ref_dbs/sourmash_db/RefSeq_20250528.k31.sbt.zip,GCF_016864475.1_ASM1686447v1_genomic,ed92a442b4fdf2898d44a6e5bc3acf97,0.863209560392659,465000,91,440281000,/nfs3_ib/nfs-ip34/home/def-ilafores/analysis/MethodsComparison/Feces_RA/preproc/SRR5091473/SRR5091473_unmatched_2.fastq,SRR5091473,61f6de9a,617695000,31,DNA,1000,617695,True,0.8502625412889178,0.9952661501676521,0.9227643457282849,0.9952661501676521,False,1276,6205388,9931721
992000,0.0016059705841879892,0.08409339657059467,0.0007463230234986523,0.00030860713868220826,6.648590021691974,1.0,21.428338504665486,/net/nfs-ip34/jbod2/def-ilafores/ref_dbs/sourmash_db/RefSeq_20250528.k31.sbt.zip,GCF_042852215.1_ASM4285221v1_genomic,d35409bea897b51a978082dedf226ca8,0.18095585552717985,461000,92,439820000,/nfs3_ib/nfs-ip34/home/def-ilafores/analysis/MethodsComparison/Feces_RA/preproc/SRR5091473/SRR5091473_unmatched_2.fastq,SRR5091473,61f6de9a,617695000,31,DNA,1000,617695,True,0.8125732155323409,0.9463476986882718,0.8794604571103064,0.9463476986882718,False,3065,6208453,9931721
481000,0.0007787014626959907,0.20150243040212107,0.0007382284136993176,8.427542416868134e-05,1.8355263157894737,1.0,1.2448705929401371,/net/nfs-ip34/jbod2/def-ilafores/ref_dbs/sourmash_db/RefSeq_20250528.k31.sbt.zip,GCF_025149465.1_ASM2514946v1_genomic,677185919c87c84037b930b75fadfbd6,0.21254971277065843,456000,93,439364000,/nfs3_ib/nfs-ip34/home/def-ilafores/analysis/MethodsComparison/Feces_RA/preproc/SRR5091473/SRR5091473_unmatched_2.fastq,SRR5091473,61f6de9a,617695000,31,DNA,1000,617695,True,0.7938192839568704,0.9512730171059808,0.8725461505314256,0.9512730171059808,False,837,6209290,9931721
1347000,0.0021806878799407476,0.11235119047619048,0.0007333716478197168,8.236236197130386e-05,1.8057395143487858,1.0,3.000700829568164,/net/nfs-ip34/jbod2/def-ilafores/ref_dbs/sourmash_db/RefSeq_20250528.k31.sbt.zip,GCF_032450655.1_ASM3245065v1_genomic,238dff01323d07dfd5222980fc0a672b,0.33407738095238093,453000,94,438911000,/nfs3_ib/nfs-ip34/home/def-ilafores/analysis/MethodsComparison/Feces_RA/preproc/SRR5091473/SRR5091473_unmatched_2.fastq,SRR5091473,61f6de9a,617695000,31,DNA,1000,617695,True,0.8206314893423469,0.9652509286839959,0.8929412090131714,0.9652509286839959,False,818,6210108,9931721
457000,0.0007398473356591845,0.1774193548387097,0.000730133803899983,0.00041171112237244685,9.066518847006652,7.0,19.69028508950452,/net/nfs-ip34/jbod2/def-ilafores/ref_dbs/sourmash_db/RefSeq_20250528.k31.sbt.zip,GCF_900015215.1_CRIB_assembly_V1_genomic,4f1f5b624ed155579fa4ba377193c4ab,0.17977970102281668,451000,95,438460000,/nfs3_ib/nfs-ip34/home/def-ilafores/analysis/MethodsComparison/Feces_RA/preproc/SRR5091473/SRR5091473_unmatched_2.fastq,SRR5091473,61f6de9a,617695000,31,DNA,1000,617695,True,0.7925096960140443,0.9461486541251437,0.869329175069594,0.9461486541251437,False,4089,6214197,9931721
2445000,0.00395826419187463,0.12850940665701882,0.0007188013501809146,0.0005966740306136268,13.346846846846846,13.0,6.45193343212561,/net/nfs-ip34/jbod2/def-ilafores/ref_dbs/sourmash_db/RefSeq_20250528.k31.sbt.zip,GCF_006542645.1_Aond_1.0_genomic,566b2b26a16f5715c1c9a70e9e58a94c,0.7076700434153401,444000,96,438016000,/nfs3_ib/nfs-ip34/home/def-ilafores/analysis/MethodsComparison/Feces_RA/preproc/SRR5091473/SRR5091473_unmatched_2.fastq,SRR5091473,61f6de9a,617695000,31,DNA,1000,617695,True,0.8365658926211551,0.9889078688553197,0.9127368807382374,0.9889078688553197,False,5926,6220123,9931721
4056000,0.006566347469220246,0.08446076536528797,0.0007074688964618461,0.0006462122727772962,14.68649885583524,13.0,24.520950288963057,/net/nfs-ip34/jbod2/def-ilafores/ref_dbs/sourmash_db/RefSeq_20250528.k31.sbt.zip,GCF_000210835.1_ASM21083v1_genomic,dd09be046e9da870a56029d77d11ec3e,0.7839195979899497,437000,97,437579000,/nfs3_ib/nfs-ip34/home/def-ilafores/analysis/MethodsComparison/Feces_RA/preproc/SRR5091473/SRR5091473_unmatched_2.fastq,SRR5091473,61f6de9a,617695000,31,DNA,1000,617695,True,0.8503370307258138,0.9921775680549372,0.9212572993903755,0.9921775680549372,False,6418,6226541,9931721
512000,0.0008288880434518654,0.12536960378474277,0.000686422910983576,9.937854677955613e-05,2.327830188679245,1.0,8.404489984269862,/net/nfs-ip34/jbod2/def-ilafores/ref_dbs/sourmash_db/RefSeq_20250528.k31.sbt.zip,GCF_001454945.1_ASM145494v1_genomic,380e5279419db353c2f7e8db083c21b8,0.15138971023063277,424000,98,437155000,/nfs3_ib/nfs-ip34/home/def-ilafores/analysis/MethodsComparison/Feces_RA/preproc/SRR5091473/SRR5091473_unmatched_2.fastq,SRR5091473,61f6de9a,617695000,31,DNA,1000,617695,True,0.795420246276839,0.9409173904096966,0.8681688183432679,0.9409173904096966,False,987,6227528,9931721
3308000,0.005355393843239787,0.11245954692556634,0.0006750904572645076,0.0009718355962677566,23.146282973621105,14.0,42.699610990612804,/net/nfs-ip34/jbod2/def-ilafores/ref_dbs/sourmash_db/RefSeq_20250528.k31.sbt.zip,GCF_964272285.1_LUMC_Rgna_QRD029_genomic,c661224dbde67e91bffdcd4e1d64d062,0.8921251348435815,417000,99,436738000,/nfs3_ib/nfs-ip34/home/def-ilafores/analysis/MethodsComparison/Feces_RA/preproc/SRR5091473/SRR5091473_unmatched_2.fastq,SRR5091473,61f6de9a,617695000,31,DNA,1000,617695,True,0.8447636284904737,0.9963245494342721,0.9205440889623728,0.9963245494342721,False,9652,6237180,9931721
4835000,0.00782748767595658,0.06275641999696095,0.0006686147694250398,0.00025494070967156646,6.1307506053268765,5.0,4.050211326000153,/net/nfs-ip34/jbod2/def-ilafores/ref_dbs/sourmash_db/RefSeq_20250528.k31.sbt.zip,GCF_009734165.1_ASM973416v1_genomic,e3fa9c4f076a3f63536cf070ae5e7e25,0.734690776477739,413000,100,436325000,/nfs3_ib/nfs-ip34/home/def-ilafores/analysis/MethodsComparison/Feces_RA/preproc/SRR5091473/SRR5091473_unmatched_2.fastq,SRR5091473,61f6de9a,617695000,31,DNA,1000,617695,True,0.8551697600610032,0.9901039500563835,0.9226368550586934,0.9901039500563835,False,2532,6239712,9931721
1135000,0.0018374764244489595,0.08458222130979265,0.000666995847465173,0.00014378172725552801,3.466019417475728,1.0,21.755845340621903,/net/nfs-ip34/jbod2/def-ilafores/ref_dbs/sourmash_db/RefSeq_20250528.k31.sbt.zip,GCF_018289295.1_ASM1828929v1_genomic,efcaf620d43a1e990655112ba5460db1,0.23301170190925888,412000,101,435913000,/nfs3_ib/nfs-ip34/home/def-ilafores/analysis/MethodsComparison/Feces_RA/preproc/SRR5091473/SRR5091473_unmatched_2.fastq,SRR5091473,61f6de9a,617695000,31,DNA,1000,617695,True,0.8161107331156556,0.9540976585818695,0.8851041958487625,0.9540976585818695,False,1428,6241140,9931721
4247000,0.006875561563554829,0.07974263989081692,0.0006621390815855721,0.0057527794024822086,139.69437652811735,64.0,151.19314221218877,/net/nfs-ip34/jbod2/def-ilafores/ref_dbs/sourmash_db/RefSeq_20250528.k31.sbt.zip,GCF_036419465.1_ASM3641946v1_genomic,277623bb21bf8d096347cc62995689ef,0.8280366543185806,409000,102,435504000,/nfs3_ib/nfs-ip34/home/def-ilafores/analysis/MethodsComparison/Feces_RA/preproc/SRR5091473/SRR5091473_unmatched_2.fastq,SRR5091473,61f6de9a,617695000,31,DNA,1000,617695,True,0.851600185925,0.9939314607729819,0.9227658233489909,0.9939314607729819,False,57135,6298275,9931721
3713000,0.006011057236985891,0.0766767143933685,0.0006589012376658383,0.0009642840349623192,23.53071253071253,3.0,61.73927437401091,/net/nfs-ip34/jbod2/def-ilafores/ref_dbs/sourmash_db/RefSeq_20250528.k31.sbt.zip,GCF_024759485.1_ASM2475948v1_genomic,9da38a9733af7807a37d2b3cea1d9a69,0.6995101733232856,407000,103,435097000,/nfs3_ib/nfs-ip34/home/def-ilafores/analysis/MethodsComparison/Feces_RA/preproc/SRR5091473/SRR5091473_unmatched_2.fastq,SRR5091473,61f6de9a,617695000,31,DNA,1000,617695,True,0.8479168263843602,0.988537971445369,0.9182273989148646,0.988537971445369,False,9577,6307852,9931721
1648000,0.002667983389860692,0.12575039494470774,0.000644330940027036,0.0015315573202267763,38.21859296482412,31.0,50.736881177187975,/net/nfs-ip34/jbod2/def-ilafores/ref_dbs/sourmash_db/RefSeq_20250528.k31.sbt.zip,GCF_002734145.1_ASM273414v1_genomic,d36cd3d827e7c481f3d6eaa28052d315,0.520695102685624,398000,104,434699000,/nfs3_ib/nfs-ip34/home/def-ilafores/analysis/MethodsComparison/Feces_RA/preproc/SRR5091473/SRR5091473_unmatched_2.fastq,SRR5091473,61f6de9a,617695000,31,DNA,1000,617695,True,0.8259878310488602,0.9791687216877246,0.9025782763682924,0.9791687216877246,False,15211,6323063,9931721
4488000,0.007265721755882758,0.07319321533923304,0.0006427120180671691,0.00022060627760284447,5.5188916876574305,2.0,13.279698745515416,/net/nfs-ip34/jbod2/def-ilafores/ref_dbs/sourmash_db/RefSeq_20250528.k31.sbt.zip,GCF_032452895.1_ASM3245289v1_genomic,063edc8e83e449bf2100964d1eef3113,0.827433628318584,397000,105,434302000,/nfs3_ib/nfs-ip34/home/def-ilafores/analysis/MethodsComparison/Feces_RA/preproc/SRR5091473/SRR5091473_unmatched_2.fastq,SRR5091473,61f6de9a,617695000,31,DNA,1000,617695,True,0.8531177781614617,0.9939081028456066,0.9235129405035342,0.9939081028456066,False,2191,6325254,9931721
445000,0.0007204202721407814,0.10103092783505155,0.0006346174082678344,6.292967754531164e-05,1.594387755102041,1.0,3.5658912977830886,/net/nfs-ip34/jbod2/def-ilafores/ref_dbs/sourmash_db/RefSeq_20250528.k31.sbt.zip,GCF_014337215.1_ASM1433721v1_genomic,d5aef74860ab7c1cca263aa607c62d70,0.11469072164948453,392000,106,433910000,/nfs3_ib/nfs-ip34/home/def-ilafores/analysis/MethodsComparison/Feces_RA/preproc/SRR5091473/SRR5091473_unmatched_2.fastq,SRR5091473,61f6de9a,617695000,31,DNA,1000,617695,True,0.7918297305708898,0.9325286913889557,0.8621792109799227,0.9325286913889557,False,625,6325879,9931721
2005000,0.0032459385295331837,0.17146654851572884,0.0006265227984684998,0.0004912542347897208,12.607235142118864,11.0,7.74901839938521,/net/nfs-ip34/jbod2/def-ilafores/ref_dbs/sourmash_db/RefSeq_20250528.k31.sbt.zip,GCF_014334375.1_ASM1433437v1_genomic,2b6b0c0763a6f96cfd6c0e3852aa7146,0.8883473637571998,387000,107,433523000,/nfs3_ib/nfs-ip34/home/def-ilafores/analysis/MethodsComparison/Feces_RA/preproc/SRR5091473/SRR5091473_unmatched_2.fastq,SRR5091473,61f6de9a,617695000,31,DNA,1000,617695,True,0.8312289388053364,0.996188172655333,0.9137085557303347,0.996188172655333,False,4879,6330758,9931721
379000,0.0006135714227895645,0.20733041575492342,0.0006135714227895645,5.739186592132421e-05,1.5039577836411608,1.0,0.8230583024270106,/net/nfs-ip34/jbod2/def-ilafores/ref_dbs/sourmash_db/RefSeq_20250528.k31.sbt.zip,GCF_000016525.1_ASM1652v1_genomic,83e82f6a59923b6e01d60c245305b335,0.20733041575492342,379000,108,433144000,/nfs3_ib/nfs-ip34/home/def-ilafores/analysis/MethodsComparison/Feces_RA/preproc/SRR5091473/SRR5091473_unmatched_2.fastq,SRR5091473,61f6de9a,617695000,31,DNA,1000,617695,True,0.7877397228940917,0.9505103967402754,0.8691250598171836,0.9505103967402754,False,570,6331328,9931721
364000,0.0005892875933915606,0.21016166281755197,0.0005892875933915606,5.7995990825759204e-05,1.5824175824175823,1.0,0.9176646669723859,/net/nfs-ip34/jbod2/def-ilafores/ref_dbs/sourmash_db/RefSeq_20250528.k31.sbt.zip,GCF_019930945.1_ASM1993094v1_genomic,7148a42417465bb1f4f54f417938571e,0.21016166281755197,364000,109,432780000,/nfs3_ib/nfs-ip34/home/def-ilafores/analysis/MethodsComparison/Feces_RA/preproc/SRR5091473/SRR5091473_unmatched_2.fastq,SRR5091473,61f6de9a,617695000,31,DNA,1000,617695,True,0.7867142370535679,0.9509263613395248,0.8688202991965464,0.9509263613395248,False,576,6331904,9931721
976000,0.0015800678328301183,0.15061001262095078,0.0005795740616323591,6.564823961526909e-05,1.8212290502793296,1.0,1.10174906553257,/net/nfs-ip34/jbod2/def-ilafores/ref_dbs/sourmash_db/RefSeq_20250528.k31.sbt.zip,GCF_002073815.2_ASM207381v2_genomic,972131dd36ed5aca3d19d2f438971d9f,0.4106015986537653,358000,110,432422000,/nfs3_ib/nfs-ip34/home/def-ilafores/analysis/MethodsComparison/Feces_RA/preproc/SRR5091473/SRR5091473_unmatched_2.fastq,SRR5091473,61f6de9a,617695000,31,DNA,1000,617695,True,0.8121471058857038,0.9716943957298901,0.891920750807797,0.9716943957298901,False,652,6332556,9931721
1711000,0.002769975473332308,0.1151219512195122,0.0005730983737928914,0.000327133635751548,9.177966101694915,4.0,30.671200911519314,/net/nfs-ip34/jbod2/def-ilafores/ref_dbs/sourmash_db/RefSeq_20250528.k31.sbt.zip,GCF_042848525.1_ASM4284852v1_genomic,268c95f33661b42130c76be0c47d4640,0.5564227642276423,354000,111,432068000,/nfs3_ib/nfs-ip34/home/def-ilafores/analysis/MethodsComparison/Feces_RA/preproc/SRR5091473/SRR5091473_unmatched_2.fastq,SRR5091473,61f6de9a,617695000,31,DNA,1000,617695,True,0.8269880296483769,0.9812671372093472,0.904127583428862,0.9812671372093472,False,3249,6335805,9931721
2620000,0.004241575534851342,0.07943817637577712,0.000558528076154089,0.0007540485682189422,21.707246376811593,15.0,39.75035983372116,/net/nfs-ip34/jbod2/def-ilafores/ref_dbs/sourmash_db/RefSeq_20250528.k31.sbt.zip,GCF_015679285.1_ASM1567928v1_genomic,45fd681443cce466fcd8278dc02a4bdd,0.6032696292885102,345000,112,431723000,/nfs3_ib/nfs-ip34/home/def-ilafores/analysis/MethodsComparison/Feces_RA/preproc/SRR5091473/SRR5091473_unmatched_2.fastq,SRR5091473,61f6de9a,617695000,31,DNA,1000,617695,True,0.8384334944116332,0.9838292369859514,0.9111313656987923,0.9838292369859514,False,7489,6343294,9931721
1443000,0.0023361043880879722,0.05830508474576271,0.000556909154194222,5.1954741781409284e-05,1.5,1.0,0.9431515698555192,/net/nfs-ip34/jbod2/def-ilafores/ref_dbs/sourmash_db/RefSeq_20250528.k31.sbt.zip,GCF_023008325.1_ASM2300832v1_genomic,62ca62058406f40d09a0e591171d7363,0.24457627118644068,344000,113,431379000,/nfs3_ib/nfs-ip34/home/def-ilafores/analysis/MethodsComparison/Feces_RA/preproc/SRR5091473/SRR5091473_unmatched_2.fastq,SRR5091473,61f6de9a,617695000,31,DNA,1000,617695,True,0.8224559618303311,0.9555896332858892,0.8890227975581102,0.9555896332858892,False,516,6343810,9931721
2956000,0.004785533313366629,0.052318486882245274,0.0005552902322343552,0.00031555457508321066,9.137026239067055,4.0,30.479862862820394,/net/nfs-ip34/jbod2/def-ilafores/ref_dbs/sourmash_db/RefSeq_20250528.k31.sbt.zip,GCF_025263845.1_ASM2526384v1_genomic,d20001d187626a256609db74af93bd0e,0.45088468578401464,343000,114,431036000,/nfs3_ib/nfs-ip34/home/def-ilafores/analysis/MethodsComparison/Feces_RA/preproc/SRR5091473/SRR5091473_unmatched_2.fastq,SRR5091473,61f6de9a,617695000,31,DNA,1000,617695,True,0.8417033260971796,0.9746323493330219,0.9081678377151008,0.9746323493330219,False,3134,6346944,9931721
2050000,0.0033187900177271954,0.11666096476223059,0.0005520523883146213,0.004486332227818321,130.6656891495601,136.0,80.99241281874798,/net/nfs-ip34/jbod2/def-ilafores/ref_dbs/sourmash_db/RefSeq_20250528.k31.sbt.zip,GCF_019967955.1_ASM1996795v1_genomic,815b92b0272af68e89d6f30eed8923eb,0.7013342456380431,341000,115,430695000,/nfs3_ib/nfs-ip34/home/def-ilafores/analysis/MethodsComparison/Feces_RA/preproc/SRR5091473/SRR5091473_unmatched_2.fastq,SRR5091473,61f6de9a,617695000,31,DNA,1000,617695,True,0.8318243046628911,0.9886210200410451,0.9102226623519681,0.9886210200410451,False,44557,6391501,9931721
337000,0.0005455767004751536,0.13579246047831375,0.0005423388565554198,0.0006078503413456741,18.02089552238806,16.0,14.25198113815124,/net/nfs-ip34/jbod2/def-ilafores/ref_dbs/sourmash_db/RefSeq_20250528.k31.sbt.zip,GCF_003006415.1_ASM300641v1_genomic,981398250c3043d1e1d476a7dd6246ad,0.1366031617349007,335000,116,430360000,/nfs3_ib/nfs-ip34/home/def-ilafores/analysis/MethodsComparison/Feces_RA/preproc/SRR5091473/SRR5091473_unmatched_2.fastq,SRR5091473,61f6de9a,617695000,31,DNA,1000,617695,True,0.7847607694843958,0.9378030419845838,0.8612819057344898,0.9378030419845838,False,6037,6397538,9931721
5215000,0.008442678020706012,0.0516380655226209,0.000535863168715952,0.00019815296865467727,5.945619335347432,4.0,7.645669182277149,/net/nfs-ip34/jbod2/def-ilafores/ref_dbs/sourmash_db/RefSeq_20250528.k31.sbt.zip,GCF_024758345.1_ASM2475834v1_genomic,183a75b530ce328e418f91cd67bce618,0.8135725429017161,331000,117,430029000,/nfs3_ib/nfs-ip34/home/def-ilafores/analysis/MethodsComparison/Feces_RA/preproc/SRR5091473/SRR5091473_unmatched_2.fastq,SRR5091473,61f6de9a,617695000,31,DNA,1000,617695,True,0.8572594186613697,0.99336660896143,0.9253130138113999,0.99336660896143,False,1968,6399506,9931721
1868000,0.003024146221031415,0.11219173324070858,0.0005229117930370166,0.00043376168138432403,13.337461300309597,13.0,7.554183373089432,/net/nfs-ip34/jbod2/def-ilafores/ref_dbs/sourmash_db/RefSeq_20250528.k31.sbt.zip,GCF_024168045.1_ASM2416804v1_genomic,1689b6c3fb62fec0dd444e73a686577b,0.6488364015283085,323000,118,429706000,/nfs3_ib/nfs-ip34/home/def-ilafores/analysis/MethodsComparison/Feces_RA/preproc/SRR5091473/SRR5091473_unmatched_2.fastq,SRR5091473,61f6de9a,617695000,31,DNA,1000,617695,True,0.8293333349173149,0.9861428844217903,0.9077381096695526,0.9861428844217903,False,4308,6403814,9931721
2803000,0.0045378382535069895,0.08162217659137577,0.0005148171832376821,0.004459549357055036,139.27987421383648,34.5,145.38013596972377,/net/nfs-ip34/jbod2/def-ilafores/ref_dbs/sourmash_db/RefSeq_20250528.k31.sbt.zip,GCF_025147325.1_ASM2514732v1_genomic,0878062848e44bf823b15b8a5d1eba75,0.7194558521560575,318000,119,429388000,/nfs3_ib/nfs-ip34/home/def-ilafores/analysis/MethodsComparison/Feces_RA/preproc/SRR5091473/SRR5091473_unmatched_2.fastq,SRR5091473,61f6de9a,617695000,31,DNA,1000,617695,True,0.8402615371926113,0.9894349127837384,0.9148482249881749,0.9894349127837384,False,44291,6448105,9931721
316000,0.0005115793393179482,0.15532544378698224,0.0005099604173580812,4.6819680093711856e-05,1.4761904761904763,1.0,0.781880981019954,/net/nfs-ip34/jbod2/def-ilafores/ref_dbs/sourmash_db/RefSeq_20250528.k31.sbt.zip,GCF_013423865.1_ASM1342386v1_genomic,fa5abd7e574476504662305a9066fd83,0.15581854043392504,315000,120,429073000,/nfs3_ib/nfs-ip34/home/def-ilafores/analysis/MethodsComparison/Feces_RA/preproc/SRR5091473/SRR5091473_unmatched_2.fastq,SRR5091473,61f6de9a,617695000,31,DNA,1000,617695,True,0.7831336821196322,0.9417929950157505,0.8624633385676914,0.9417929950157505,False,465,6448570,9931721
1920000,0.0031083301629444954,0.10538720538720539,0.0005067225734383474,0.0016682909235972295,52.936102236421725,50.0,29.292767104111995,/net/nfs-ip34/jbod2/def-ilafores/ref_dbs/sourmash_db/RefSeq_20250528.k31.sbt.zip,GCF_001998765.1_ASM199876v1_genomic,c87f75fcf13611b56f2643edb90d05be,0.6464646464646465,313000,121,428760000,/nfs3_ib/nfs-ip34/home/def-ilafores/analysis/MethodsComparison/Feces_RA/preproc/SRR5091473/SRR5091473_unmatched_2.fastq,SRR5091473,61f6de9a,617695000,31,DNA,1000,617695,True,0.8300682047549784,0.9860263961773121,0.9080473004661453,0.9860263961773121,False,16569,6465139,9931721
423000,0.0006848039890237091,0.07520621057738962,0.0005018658075587466,5.638499108059922e-05,1.8064516129032258,1.0,4.754077060720786,/net/nfs-ip34/jbod2/def-ilafores/ref_dbs/sourmash_db/RefSeq_20250528.k31.sbt.zip,GCF_025151995.1_ASM2515199v1_genomic,afa3fceae8a1bcdb26be66e4f0bdb561,0.10262008733624454,310000,122,428450000,/nfs3_ib/nfs-ip34/home/def-ilafores/analysis/MethodsComparison/Feces_RA/preproc/SRR5091473/SRR5091473_unmatched_2.fastq,SRR5091473,61f6de9a,617695000,31,DNA,1000,617695,True,0.7905357106049651,0.9291894502905198,0.8598625804477424,0.9291894502905198,False,560,6465699,9931721
3795000,0.006143808837694979,0.06672558550596554,0.0004889144318798112,0.000839028804776131,27.59271523178808,28.0,10.295132260279875,/net/nfs-ip34/jbod2/def-ilafores/ref_dbs/sourmash_db/RefSeq_20250528.k31.sbt.zip,GCF_016726305.1_ASM1672630v1_genomic,47030cb09435e5a03e1ce6a49f0753a5,0.8384887317719841,302000,123,428148000,/nfs3_ib/nfs-ip34/home/def-ilafores/analysis/MethodsComparison/Feces_RA/preproc/SRR5091473/SRR5091473_unmatched_2.fastq,SRR5091473,61f6de9a,617695000,31,DNA,1000,617695,True,0.8485145238787204,0.9943337227540102,0.9214241233163654,0.9943337227540102,False,8333,6474032,9931721
303000,0.0004905333538396782,0.08579169175195665,0.00046139275856207354,3.705299413867949e-05,1.2912280701754386,1.0,0.6457093751114367,/net/nfs-ip34/jbod2/def-ilafores/ref_dbs/sourmash_db/RefSeq_20250528.k31.sbt.zip,GCF_043172115.1_ASM4317211v1_genomic,fe0d7fdac632c37585865c318e9e959a,0.09121011438892233,285000,124,427863000,/nfs3_ib/nfs-ip34/home/def-ilafores/analysis/MethodsComparison/Feces_RA/preproc/SRR5091473/SRR5091473_unmatched_2.fastq,SRR5091473,61f6de9a,617695000,31,DNA,1000,617695,True,0.7820731433745447,0.9256632030668538,0.8538681732206992,0.9256632030668538,False,368,6474400,9931721
2864000,0.0046365924930588725,0.07790055248618785,0.0004565359926824727,0.0001891917825722249,6.663120567375887,4.0,18.13454409553324,/net/nfs-ip34/jbod2/def-ilafores/ref_dbs/sourmash_db/RefSeq_20250528.k31.sbt.zip,GCF_005121165.3_ASM512116v3_genomic,74059216b7cd65a7ff314267c1b83b8e,0.7911602209944751,282000,125,427581000,/nfs3_ib/nfs-ip34/home/def-ilafores/analysis/MethodsComparison/Feces_RA/preproc/SRR5091473/SRR5091473_unmatched_2.fastq,SRR5091473,61f6de9a,617695000,31,DNA,1000,617695,True,0.8408452873307308,0.99247187366267,0.9166585804967005,0.99247187366267,False,1879,6476279,9931721
508000,0.0008224123556123977,0.05077983315197679,0.00045329814876273887,0.0001165961065559534,4.135714285714286,1.0,12.922688085183315,/net/nfs-ip34/jbod2/def-ilafores/ref_dbs/sourmash_db/RefSeq_20250528.k31.sbt.zip,GCF_019930665.1_ASM1993066v1_genomic,d7320230ed69eef737078c57f068087a,0.0921291258614436,280000,126,427301000,/nfs3_ib/nfs-ip34/home/def-ilafores/analysis/MethodsComparison/Feces_RA/preproc/SRR5091473/SRR5091473_unmatched_2.fastq,SRR5091473,61f6de9a,617695000,31,DNA,1000,617695,True,0.7952190258571411,0.925962609185859,0.8605908175215,0.925962609185859,False,1158,6477437,9931721
1062000,0.0017192951213786738,0.0683321087435709,0.00045167922680287197,4.118118098565193e-05,1.4659498207885304,1.0,0.7929494944243631,/net/nfs-ip34/jbod2/def-ilafores/ref_dbs/sourmash_db/RefSeq_20250528.k31.sbt.zip,GCF_032452555.1_ASM3245255v1_genomic,1ad811d7d51280706b0cbe0a9464310c,0.2601028655400441,279000,127,427022000,/nfs3_ib/nfs-ip34/home/def-ilafores/analysis/MethodsComparison/Feces_RA/preproc/SRR5091473/SRR5091473_unmatched_2.fastq,SRR5091473,61f6de9a,617695000,31,DNA,1000,617695,True,0.8143624791827873,0.957488825306014,0.8859256522444006,0.957488825306014,False,409,6477846,9931721
2888000,0.004675446620095679,0.06550738446879466,0.00044520353896340426,0.000109447295186806,3.9527272727272726,3.0,7.941235409853479,/net/nfs-ip34/jbod2/def-ilafores/ref_dbs/sourmash_db/RefSeq_20250528.k31.sbt.zip,GCF_020181555.1_ASM2018155v1_genomic,8469ab5e4b1c2b2c7b791e98ae874535,0.6879466412577417,275000,128,426747000,/nfs3_ib/nfs-ip34/home/def-ilafores/analysis/MethodsComparison/Feces_RA/preproc/SRR5091473/SRR5091473_unmatched_2.fastq,SRR5091473,61f6de9a,617695000,31,DNA,1000,617695,True,0.8410716671644851,0.9880065660114874,0.9145391165879863,0.9880065660114874,False,1087,6478933,9931721
5080000,0.008224123556123977,0.04143561306223044,0.0004354900072042027,0.00015656903773273535,5.780669144981412,5.0,3.9495232781610112,/net/nfs-ip34/jbod2/def-ilafores/ref_dbs/sourmash_db/RefSeq_20250528.k31.sbt.zip,GCF_001314995.1_ASM131499v1_genomic,514bdd6aa640f40cc6414be0e11ec2f6,0.7825015403573629,269000,129,426478000,/nfs3_ib/nfs-ip34/home/def-ilafores/analysis/MethodsComparison/Feces_RA/preproc/SRR5091473/SRR5091473_unmatched_2.fastq,SRR5091473,61f6de9a,617695000,31,DNA,1000,617695,True,0.8565344334073609,0.9921196211174281,0.9243270272623945,0.9921196211174281,False,1555,6480488,9931721
1321000,0.0021385959089842074,0.03913690476190476,0.0004257764754450012,0.00019563578155286482,7.387832699619772,1.0,42.24482514103171,/net/nfs-ip34/jbod2/def-ilafores/ref_dbs/sourmash_db/RefSeq_20250528.k31.sbt.zip,GCF_017873595.1_ASM1787359v1_genomic,8314f9f37434b00a96c923f258f58e3d,0.19657738095238095,263000,130,426215000,/nfs3_ib/nfs-ip34/home/def-ilafores/analysis/MethodsComparison/Feces_RA/preproc/SRR5091473/SRR5091473_unmatched_2.fastq,SRR5091473,61f6de9a,617695000,31,DNA,1000,617695,True,0.8201156894712271,0.9488788345954747,0.8844972620333509,0.9488788345954747,False,1943,6482431,9931721
3320000,0.00537482090675819,0.06937799043062201,0.00042253863152526733,0.0005144123561263954,19.57471264367816,10.0,32.745962466655605,/net/nfs-ip34/jbod2/def-ilafores/ref_dbs/sourmash_db/RefSeq_20250528.k31.sbt.zip,GCF_042850355.1_ASM4285035v1_genomic,9019208c507d0a756fcff8594e0aec73,0.8825093035619351,261000,131,425954000,/nfs3_ib/nfs-ip34/home/def-ilafores/analysis/MethodsComparison/Feces_RA/preproc/SRR5091473/SRR5091473_unmatched_2.fastq,SRR5091473,61f6de9a,617695000,31,DNA,1000,617695,True,0.8448623082526348,0.995976312040135,0.9204193101463849,0.995976312040135,False,5109,6487540,9931721
1879000,0.0030419543625899515,0.11433597185576078,0.0004209197095654004,0.0030174025226846384,115.26153846153846,131.0,67.51410722623986,/net/nfs-ip34/jbod2/def-ilafores/ref_dbs/sourmash_db/RefSeq_20250528.k31.sbt.zip,GCF_017743235.1_ASM1774323v1_genomic,d47f03db00b0741ff23d7accc2566ab5,0.826297273526825,260000,132,425694000,/nfs3_ib/nfs-ip34/home/def-ilafores/analysis/MethodsComparison/Feces_RA/preproc/SRR5091473/SRR5091473_unmatched_2.fastq,SRR5091473,61f6de9a,617695000,31,DNA,1000,617695,True,0.8294904250085192,0.9938640418728867,0.911677233440703,0.9938640418728867,False,29968,6517508,9931721
326000,0.0005277685589166174,0.08598937583001329,0.00041930078760553347,3.64488692342445e-05,1.3976833976833978,1.0,1.6084221026772587,/net/nfs-ip34/jbod2/def-ilafores/ref_dbs/sourmash_db/RefSeq_20250528.k31.sbt.zip,GCF_009557455.1_ASM955745v1_genomic,7e798acda951bd16b6d452563081e9df,0.10823373173970784,259000,133,425435000,/nfs3_ib/nfs-ip34/home/def-ilafores/analysis/MethodsComparison/Feces_RA/preproc/SRR5091473/SRR5091473_unmatched_2.fastq,SRR5091473,61f6de9a,617695000,31,DNA,1000,617695,True,0.7839211313377625,0.9307872110946576,0.85735417121621,0.9307872110946576,False,362,6517870,9931721
3799000,0.0061502845255344465,0.04838709677419355,0.00041768186564566657,0.0003194813869620381,12.2984496124031,3.0,34.772796291603925,/net/nfs-ip34/jbod2/def-ilafores/ref_dbs/sourmash_db/RefSeq_20250528.k31.sbt.zip,GCF_036419355.1_ASM3641935v1_genomic,9e448562dd4499fcf284b661deb69e70,0.7124906226556639,258000,134,425177000,/nfs3_ib/nfs-ip34/home/def-ilafores/analysis/MethodsComparison/Feces_RA/preproc/SRR5091473/SRR5091473_unmatched_2.fastq,SRR5091473,61f6de9a,617695000,31,DNA,1000,617695,True,0.8485433591738148,0.9891244572106322,0.9188339081922235,0.9891244572106322,False,3173,6521043,9931721
3830000,0.006200471106290321,0.05703506435863293,0.0004160629436857996,0.0011871054372147587,45.87548638132296,34.0,59.4092845907149,/net/nfs-ip34/jbod2/def-ilafores/ref_dbs/sourmash_db/RefSeq_20250528.k31.sbt.zip,GCF_020091365.1_ASM2009136v1_genomic,ef23ca7c0c2ee8ae3e8a4537f4cacf2d,0.8499778073679538,257000,135,424920000,/nfs3_ib/nfs-ip34/home/def-ilafores/analysis/MethodsComparison/Feces_RA/preproc/SRR5091473/SRR5091473_unmatched_2.fastq,SRR5091473,61f6de9a,617695000,31,DNA,1000,617695,True,0.8487658416135712,0.9947703342170137,0.9217680879152924,0.9947703342170137,False,11790,6532833,9931721
250000,0.00040473048996673115,0.04618510992056161,0.00040473048996673115,3.322686974392454e-05,1.32,1.0,1.528921188289311,/net/nfs-ip34/jbod2/def-ilafores/ref_dbs/sourmash_db/RefSeq_20250528.k31.sbt.zip,GCF_022749555.1_ASM2274955v1_genomic,d64989e12f75ad8f203e8c1c08637a60,0.04618510992056161,250000,136,424670000,/nfs3_ib/nfs-ip34/home/def-ilafores/analysis/MethodsComparison/Feces_RA/preproc/SRR5091473/SRR5091473_unmatched_2.fastq,SRR5091473,61f6de9a,617695000,31,DNA,1000,617695,True,0.7772374879326365,0.9055645621873167,0.8414010250599766,0.9055645621873167,False,330,6533163,9931721
3963000,0.006415787726952622,0.0508440105755542,0.00040473048996673115,0.0004127179972131718,16.396,15.0,12.902061230671633,/net/nfs-ip34/jbod2/def-ilafores/ref_dbs/sourmash_db/RefSeq_20250528.k31.sbt.zip,GCF_018289375.1_ASM1828937v1_genomic,d63aa3877a3e796774bd21a9b9ae06b0,0.8059792556436852,250000,137,424420000,/nfs3_ib/nfs-ip34/home/def-ilafores/analysis/MethodsComparison/Feces_RA/preproc/SRR5091473/SRR5091473_unmatched_2.fastq,SRR5091473,61f6de9a,617695000,31,DNA,1000,617695,True,0.8497009984867671,0.9930661740855712,0.9213835862861691,0.9930661740855712,False,4099,6537262,9931721
505000,0.000817555589732797,0.062311557788944726,0.0004014926460469973,0.0008183878705412687,32.774193548387096,12.0,41.83345217793804,/net/nfs-ip34/jbod2/def-ilafores/ref_dbs/sourmash_db/RefSeq_20250528.k31.sbt.zip,GCF_000209995.1_ASM20999v1_genomic,300ebb94b057c743776c0c6aab2d0089,0.12688442211055276,248000,138,424172000,/nfs3_ib/nfs-ip34/home/def-ilafores/analysis/MethodsComparison/Feces_RA/preproc/SRR5091473/SRR5091473_unmatched_2.fastq,SRR5091473,61f6de9a,617695000,31,DNA,1000,617695,True,0.795067101763392,0.9355730159778889,0.8653200588706405,0.9355730159778889,False,8128,6545390,9931721
1211000,0.0019605144933988457,0.06866833472338059,0.0003998737240871304,0.00020449628015124468,8.222672064777328,2.0,23.314150369142094,/net/nfs-ip34/jbod2/def-ilafores/ref_dbs/sourmash_db/RefSeq_20250528.k31.sbt.zip,GCF_000265365.1_ASM26536v1_genomic,79a393fb99d8977a1fe96a36cabdd09c,0.33666944676118987,247000,139,423925000,/nfs3_ib/nfs-ip34/home/def-ilafores/analysis/MethodsComparison/Feces_RA/preproc/SRR5091473/SRR5091473_unmatched_2.fastq,SRR5091473,61f6de9a,617695000,31,DNA,1000,617695,True,0.8178188164502568,0.9654916154593107,0.8916552159547837,0.9654916154593107,False,2031,6547421,9931721
1816000,0.002939962279118335,0.08313458262350937,0.0003950169582075296,0.002856101173200496,116.25409836065573,53.5,125.5980814223447,/net/nfs-ip34/jbod2/def-ilafores/ref_dbs/sourmash_db/RefSeq_20250528.k31.sbt.zip,GCF_040058985.1_ASM4005898v1_genomic,9217c1f8c150568f8c71781398566ec7,0.6187393526405451,244000,140,423681000,/nfs3_ib/nfs-ip34/home/def-ilafores/analysis/MethodsComparison/Feces_RA/preproc/SRR5091473/SRR5091473_unmatched_2.fastq,SRR5091473,61f6de9a,617695000,31,DNA,1000,617695,True,0.8285783952465386,0.9846331272114175,0.9066057612289781,0.9846331272114175,False,28366,6575787,9931721
622000,0.0010069694590372272,0.10711111111111112,0.00039016019232792883,0.00038935850090835214,16.04564315352697,16.0,6.0139871286746125,/net/nfs-ip34/jbod2/def-ilafores/ref_dbs/sourmash_db/RefSeq_20250528.k31.sbt.zip,GCF_902388175.1_UHGG_MGYG-HGUT-02539_genomic,139286699907f4d64c15ca615fb65f4b,0.27644444444444444,241000,141,423440000,/nfs3_ib/nfs-ip34/home/def-ilafores/analysis/MethodsComparison/Feces_RA/preproc/SRR5091473/SRR5091473_unmatched_2.fastq,SRR5091473,61f6de9a,617695000,31,DNA,1000,617695,True,0.8004295371144501,0.9593726879692148,0.8799011125418325,0.9593726879692148,False,3867,6579654,9931721
557000,0.000901739531645877,0.07621467132422992,0.00038854127036806193,0.0004655789263512336,19.266666666666666,4.0,36.857096407009,/net/nfs-ip34/jbod2/def-ilafores/ref_dbs/sourmash_db/RefSeq_20250528.k31.sbt.zip,GCF_042850025.1_ASM4285002v1_genomic,26ae838edf91db815bafb3211b734604,0.17688154969831693,240000,142,423200000,/nfs3_ib/nfs-ip34/home/def-ilafores/analysis/MethodsComparison/Feces_RA/preproc/SRR5091473/SRR5091473_unmatched_2.fastq,SRR5091473,61f6de9a,617695000,31,DNA,1000,617695,True,0.7975846919693677,0.9456527604937773,0.8716187262315724,0.9456527604937773,False,4624,6584278,9931721
243000,0.0003933980362476627,0.09791921664626684,0.00038854127036806193,3.896605633605697e-05,1.6125,1.0,2.8671723149007513,/net/nfs-ip34/jbod2/def-ilafores/ref_dbs/sourmash_db/RefSeq_20250528.k31.sbt.zip,GCF_010669225.1_ASM1066922v1_genomic,274d37fe38c89456352e287313491fb8,0.09914320685434516,240000,143,422960000,/nfs3_ib/nfs-ip34/home/def-ilafores/analysis/MethodsComparison/Feces_RA/preproc/SRR5091473/SRR5091473_unmatched_2.fastq,SRR5091473,61f6de9a,617695000,31,DNA,1000,617695,True,0.7765257773329824,0.9281568749506709,0.8523413261418267,0.9281568749506709,False,387,6584665,9931721
290000,0.00046948736836140815,0.08280701754385965,0.0003820655825285942,0.0001593882872867653,6.7076271186440675,5.5,11.037076627038926,/net/nfs-ip34/jbod2/def-ilafores/ref_dbs/sourmash_db/RefSeq_20250528.k31.sbt.zip,GCF_008727735.1_ASM872773v1_genomic,b3fbbb38cd3d13b11fee4deca57d3f9d,0.10175438596491228,236000,144,422724000,/nfs3_ib/nfs-ip34/home/def-ilafores/analysis/MethodsComparison/Feces_RA/preproc/SRR5091473/SRR5091473_unmatched_2.fastq,SRR5091473,61f6de9a,617695000,31,DNA,1000,617695,True,0.7809676229125859,0.9289355534579038,0.8549515881852449,0.9289355534579038,False,1583,6586248,9931721
243000,0.0003933980362476627,0.053604436229205174,0.0003755898946891265,4.35976806033919e-05,1.8663793103448276,1.0,5.56112497868349,/net/nfs-ip34/jbod2/def-ilafores/ref_dbs/sourmash_db/RefSeq_20250528.k31.sbt.zip,GCF_033947525.1_ASM3394752v1_genomic,717fc09595f442c4adbe71ce6ace0c64,0.0561460258780037,232000,145,422492000,/nfs3_ib/nfs-ip34/home/def-ilafores/analysis/MethodsComparison/Feces_RA/preproc/SRR5091473/SRR5091473_unmatched_2.fastq,SRR5091473,61f6de9a,617695000,31,DNA,1000,617695,True,0.7765257773329824,0.9112875821433305,0.8439066797381565,0.9112875821433305,False,433,6586681,9931721
1547000,0.0025044722719141325,0.06758373205741627,0.00036587636292992494,3.8865368851984466e-05,1.7079646017699115,1.0,1.2633808829423268,/net/nfs-ip34/jbod2/def-ilafores/ref_dbs/sourmash_db/RefSeq_20250528.k31.sbt.zip,GCF_021378605.1_ASM2137860v1_genomic,e637002d92ae15032f3197b305d6135e,0.4626196172248804,226000,146,422266000,/nfs3_ib/nfs-ip34/home/def-ilafores/analysis/MethodsComparison/Feces_RA/preproc/SRR5091473/SRR5091473_unmatched_2.fastq,SRR5091473,61f6de9a,617695000,31,DNA,1000,617695,True,0.8243044041939563,0.9754404825598036,0.89987244337688,0.9754404825598036,False,386,6587067,9931721
1266000,0.0020495552011915268,0.04876462938881664,0.00036425744097005804,6.403723987010912e-05,2.8266666666666667,2.0,4.0388337150442055,/net/nfs-ip34/jbod2/def-ilafores/ref_dbs/sourmash_db/RefSeq_20250528.k31.sbt.zip,GCF_032878895.1_ASM3287889v1_genomic,c900494a9310f6feff2b1d01e0c2af2d,0.2743823146944083,225000,147,422041000,/nfs3_ib/nfs-ip34/home/def-ilafores/analysis/MethodsComparison/Feces_RA/preproc/SRR5091473/SRR5091473_unmatched_2.fastq,SRR5091473,61f6de9a,617695000,31,DNA,1000,617695,True,0.8189914022517738,0.9591409985545098,0.8890662004031418,0.9591409985545098,False,636,6587703,9931721
279000,0.00045167922680287197,0.08014311270125224,0.00036263851901019114,0.00029531639078463843,13.09375,1.0,38.77850514057369,/net/nfs-ip34/jbod2/def-ilafores/ref_dbs/sourmash_db/RefSeq_20250528.k31.sbt.zip,GCF_000146185.1_ASM14618v1_genomic,5229119e2aa175d63f96a9ce9dfd479c,0.0998211091234347,224000,148,421817000,/nfs3_ib/nfs-ip34/home/def-ilafores/analysis/MethodsComparison/Feces_RA/preproc/SRR5091473/SRR5091473_unmatched_2.fastq,SRR5091473,61f6de9a,617695000,31,DNA,1000,617695,True,0.7799940577553757,0.9283609223182332,0.8541774900368044,0.9283609223182332,False,2933,6590636,9931721
757000,0.0012255239236192619,0.05983364636436812,0.0003610195970503242,0.0005338450405523876,23.77578475336323,10.0,33.52455690779495,/net/nfs-ip34/jbod2/def-ilafores/ref_dbs/sourmash_db/RefSeq_20250528.k31.sbt.zip,GCF_033096465.1_ASM3309646v1_genomic,2c68bd9dadc6532293ac0421ad590fc2,0.20311242286020928,223000,149,421594000,/nfs3_ib/nfs-ip34/home/def-ilafores/analysis/MethodsComparison/Feces_RA/preproc/SRR5091473/SRR5091473_unmatched_2.fastq,SRR5091473,61f6de9a,617695000,31,DNA,1000,617695,True,0.8055173452949486,0.9498803835303609,0.8776988644126547,0.9498803835303609,False,5302,6595938,9931721
4875000,0.007892244554351257,0.03536721363708778,0.0003594006750904573,0.0002030866553742297,9.085585585585585,4.0,21.810751736786976,/net/nfs-ip34/jbod2/def-ilafores/ref_dbs/sourmash_db/RefSeq_20250528.k31.sbt.zip,GCF_006546965.1_ASM654696v1_genomic,d3b5011d40cba3b27ab151b054210724,0.7766448940576709,222000,150,421372000,/nfs3_ib/nfs-ip34/home/def-ilafores/analysis/MethodsComparison/Feces_RA/preproc/SRR5091473/SRR5091473_unmatched_2.fastq,SRR5091473,61f6de9a,617695000,31,DNA,1000,617695,True,0.8553970716450482,0.991879215921167,0.9236381437831076,0.991879215921167,False,2017,6597955,9931721
1667000,0.002698742907098163,0.07258866423599603,0.0003545439092108565,0.00109527845174064,49.67123287671233,37.0,58.824183855303694,/net/nfs-ip34/jbod2/def-ilafores/ref_dbs/sourmash_db/RefSeq_20250528.k31.sbt.zip,GCF_023347335.1_ASM2334733v1_genomic,d566eb779c3a1233616a97a7ab79e713,0.5525356314219423,219000,151,421153000,/nfs3_ib/nfs-ip34/home/def-ilafores/analysis/MethodsComparison/Feces_RA/preproc/SRR5091473/SRR5091473_unmatched_2.fastq,SRR5091473,61f6de9a,617695000,31,DNA,1000,617695,True,0.8262933211019013,0.9810452550646824,0.9036692880832919,0.9810452550646824,False,10878,6608833,9931721
4139000,0.006700717991889201,0.040069350799460605,0.0003367357676523203,0.0004732311751407435,22.596153846153847,19.0,19.15524593278724,/net/nfs-ip34/jbod2/def-ilafores/ref_dbs/sourmash_db/RefSeq_20250528.k31.sbt.zip,GCF_018289175.1_ASM1828917v1_genomic,c011021d83e072fd7dafbdfb08120209,0.7973415526873435,208000,152,420945000,/nfs3_ib/nfs-ip34/home/def-ilafores/analysis/MethodsComparison/Feces_RA/preproc/SRR5091473/SRR5091473_unmatched_2.fastq,SRR5091473,61f6de9a,617695000,31,DNA,1000,617695,True,0.8508928649470505,0.9927210676520553,0.9218069662995529,0.9927210676520553,False,4700,6613533,9931721
1654000,0.0026776969216198935,0.06428571428571428,0.0003351168456924534,8.890704843601627e-05,4.265700483091788,2.0,6.460727316346306,/net/nfs-ip34/jbod2/def-ilafores/ref_dbs/sourmash_db/RefSeq_20250528.k31.sbt.zip,GCF_044324945.1_ASM4432494v1_genomic,d941499676ba65c47aeee15f709cbc7a,0.513664596273292,207000,153,420738000,/nfs3_ib/nfs-ip34/home/def-ilafores/analysis/MethodsComparison/Feces_RA/preproc/SRR5091473/SRR5091473_unmatched_2.fastq,SRR5091473,61f6de9a,617695000,31,DNA,1000,617695,True,0.8260846682139587,0.9787394301580907,0.9024120491860247,0.9787394301580907,False,883,6614416,9931721
4512000,0.007304575882919564,0.03279210442534225,0.0003334979237325865,0.0001015936714291511,4.898058252427185,4.0,6.091877141194064,/net/nfs-ip34/jbod2/def-ilafores/ref_dbs/sourmash_db/RefSeq_20250528.k31.sbt.zip,GCF_012151035.1_ASM1215103v1_genomic,490ceba85d6fbbcb94ee2fcc57d259ec,0.7182425978987583,206000,154,420532000,/nfs3_ib/nfs-ip34/home/def-ilafores/analysis/MethodsComparison/Feces_RA/preproc/SRR5091473/SRR5091473_unmatched_2.fastq,SRR5091473,61f6de9a,617695000,31,DNA,1000,617695,True,0.8532645640868651,0.9893810451581863,0.9213228046225257,0.9893810451581863,False,1009,6615425,9931721
1318000,0.0021337391431046067,0.05811965811965812,0.00033026007981285264,3.352893219614204e-05,1.6323529411764706,1.0,2.7147260636982735,/net/nfs-ip34/jbod2/def-ilafores/ref_dbs/sourmash_db/RefSeq_20250528.k31.sbt.zip,GCF_019249795.2_P1C_raw_genomic,daced544df689eeedcdbd81decd8f176,0.3754985754985755,204000,155,420328000,/nfs3_ib/nfs-ip34/home/def-ilafores/analysis/MethodsComparison/Feces_RA/preproc/SRR5091473/SRR5091473_unmatched_2.fastq,SRR5091473,61f6de9a,617695000,31,DNA,1000,617695,True,0.8200555430837263,0.9688971688761197,0.8944763559799229,0.9688971688761197,False,333,6615758,9931721
2111000,0.003417544257279078,0.053633681952266025,0.00032378439197338493,0.00022413033954538192,11.13,11.0,6.541643524375201,/net/nfs-ip34/jbod2/def-ilafores/ref_dbs/sourmash_db/RefSeq_20250528.k31.sbt.zip,GCF_025145285.1_ASM2514528v1_genomic,f22e85c6befcb1bccc2db3184aa9ec05,0.5661035130061679,200000,156,420128000,/nfs3_ib/nfs-ip34/home/def-ilafores/analysis/MethodsComparison/Feces_RA/preproc/SRR5091473/SRR5091473_unmatched_2.fastq,SRR5091473,61f6de9a,617695000,31,DNA,1000,617695,True,0.8326114746929593,0.9818132716748669,0.907212373183913,0.9818132716748669,False,2226,6617984,9931721
4452000,0.0072074405653275485,0.03036777048679994,0.000322165470013518,0.0001290813545809432,6.442211055276382,6.0,3.2693839623305356,/net/nfs-ip34/jbod2/def-ilafores/ref_dbs/sourmash_db/RefSeq_20250528.k31.sbt.zip,GCF_038561945.1_B_ovatus_H2495_genomic,d732c80bcf4e6f003145adb06bb926a4,0.6793834884785594,199000,157,419929000,/nfs3_ib/nfs-ip34/home/def-ilafores/analysis/MethodsComparison/Feces_RA/preproc/SRR5091473/SRR5091473_unmatched_2.fastq,SRR5091473,61f6de9a,617695000,31,DNA,1000,617695,True,0.8528961687448761,0.9876074433526283,0.9202518060487521,0.9876074433526283,False,1282,6619266,9931721
1916000,0.0031018544751050276,0.08611599297012303,0.0003173087041339172,0.00035955500562289257,18.21938775510204,11.0,27.352719366966298,/net/nfs-ip34/jbod2/def-ilafores/ref_dbs/sourmash_db/RefSeq_20250528.k31.sbt.zip,GCF_020008065.1_ASM2000806v1_genomic,15e6e14b8e5d2e904e6ab1f842da0f38,0.8418277680140598,196000,158,419733000,/nfs3_ib/nfs-ip34/home/def-ilafores/analysis/MethodsComparison/Feces_RA/preproc/SRR5091473/SRR5091473_unmatched_2.fastq,SRR5091473,61f6de9a,617695000,31,DNA,1000,617695,True,0.8300123642904453,0.9944612077053313,0.9122367859978884,0.9944612077053313,False,3571,6622837,9931721
418000,0.0006767093792243745,0.05934266585514303,0.0003156897821740503,0.00017992853403755503,9.164102564102564,4.0,18.282785614769825,/net/nfs-ip34/jbod2/def-ilafores/ref_dbs/sourmash_db/RefSeq_20250528.k31.sbt.zip,GCF_045002895.1_ASM4500289v1_genomic,dcf539ba4c82009d09e4501c72acd6ed,0.12720632988435787,195000,159,419538000,/nfs3_ib/nfs-ip34/home/def-ilafores/analysis/MethodsComparison/Feces_RA/preproc/SRR5091473/SRR5091473_unmatched_2.fastq,SRR5091473,61f6de9a,617695000,31,DNA,1000,617695,True,0.7902325410185317,0.935649488704722,0.8629410148616268,0.935649488704722,False,1787,6624624,9931721
1711000,0.002769975473332308,0.07618283881315156,0.00030759517237471566,0.0003836193143162197,20.05263157894737,20.0,7.41743099384662,/net/nfs-ip34/jbod2/def-ilafores/ref_dbs/sourmash_db/RefSeq_20250528.k31.sbt.zip,GCF_900683765.1_Phascolarctobacterium_succinatutens_82G5_genomic,3f78203e6069e7dd0f934cece4bae86a,0.686046511627907,190000,160,419348000,/nfs3_ib/nfs-ip34/home/def-ilafores/analysis/MethodsComparison/Feces_RA/preproc/SRR5091473/SRR5091473_unmatched_2.fastq,SRR5091473,61f6de9a,617695000,31,DNA,1000,617695,True,0.8269880296483769,0.9879184189787729,0.9074532243135749,0.9879184189787729,False,3810,6628434,9931721
4299000,0.006959745505467909,0.035849772382397574,0.00030597625041484875,0.00013190060413497318,6.931216931216931,3.0,8.737229780277278,/net/nfs-ip34/jbod2/def-ilafores/ref_dbs/sourmash_db/RefSeq_20250528.k31.sbt.zip,GCF_018279895.1_ASM1827989v1_genomic,eef05f88d650d6818de3c980b9d8b8f4,0.8154400606980273,189000,161,419159000,/nfs3_ib/nfs-ip34/home/def-ilafores/analysis/MethodsComparison/Feces_RA/preproc/SRR5091473/SRR5091473_unmatched_2.fastq,SRR5091473,61f6de9a,617695000,31,DNA,1000,617695,True,0.8519345619357033,0.993440083085112,0.9226873225104076,0.993440083085112,False,1310,6629744,9931721
232000,0.0003755898946891265,0.061184849465846555,0.00030597625041484875,2.315812133667468e-05,1.216931216931217,1.0,0.5823952552726779,/net/nfs-ip34/jbod2/def-ilafores/ref_dbs/sourmash_db/RefSeq_20250528.k31.sbt.zip,GCF_014163495.1_ASM1416349v1_genomic,a350fcb0d912191bf783d6a3905b8c8f,0.07510521204273228,189000,162,418970000,/nfs3_ib/nfs-ip34/home/def-ilafores/analysis/MethodsComparison/Feces_RA/preproc/SRR5091473/SRR5091473_unmatched_2.fastq,SRR5091473,61f6de9a,617695000,31,DNA,1000,617695,True,0.7753662620960852,0.9198802462266039,0.8476232541613445,0.9198802462266039,False,230,6629974,9931721
2131000,0.0034499226964764163,0.050985915492957744,0.00029302487473591333,0.0001231407930206658,6.7569060773480665,2.0,23.940915284963236,/net/nfs-ip34/jbod2/def-ilafores/ref_dbs/sourmash_db/RefSeq_20250528.k31.sbt.zip,GCF_042846995.1_ASM4284699v1_genomic,8b056a1755c5c7b70c25c16b2330fe86,0.6002816901408451,181000,163,418789000,/nfs3_ib/nfs-ip34/home/def-ilafores/analysis/MethodsComparison/Feces_RA/preproc/SRR5091473/SRR5091473_unmatched_2.fastq,SRR5091473,61f6de9a,617695000,31,DNA,1000,617695,True,0.8328647770883133,0.983671671434375,0.9082682242613441,0.983671671434375,False,1223,6631197,9931721
458000,0.0007414662576190515,0.04526024641689716,0.00029140595277604643,0.0001388480405359756,7.661111111111111,1.0,46.62059200359249,/net/nfs-ip34/jbod2/def-ilafores/ref_dbs/sourmash_db/RefSeq_20250528.k31.sbt.zip,GCF_016888945.1_ASM1688894v1_genomic,6371c60d4254945f85db4e1518aa1225,0.11516218254966056,180000,164,418609000,/nfs3_ib/nfs-ip34/home/def-ilafores/analysis/MethodsComparison/Feces_RA/preproc/SRR5091473/SRR5091473_unmatched_2.fastq,SRR5091473,61f6de9a,617695000,31,DNA,1000,617695,True,0.7925655774137924,0.9326521028617144,0.8626088401377534,0.9326521028617144,False,1379,6632576,9931721
2243000,0.0036312419559815117,0.05409489271683288,0.00028978703081617953,0.00011317273209748845,6.279329608938547,4.0,9.79625784200275,/net/nfs-ip34/jbod2/def-ilafores/ref_dbs/sourmash_db/RefSeq_20250528.k31.sbt.zip,GCF_964272025.1_LUMC_Rgna_QRD035_genomic,2d1952bbf7a773b97598dd7f10d8bbd5,0.6778482925355093,179000,165,418430000,/nfs3_ib/nfs-ip34/home/def-ilafores/analysis/MethodsComparison/Feces_RA/preproc/SRR5091473/SRR5091473_unmatched_2.fastq,SRR5091473,61f6de9a,617695000,31,DNA,1000,617695,True,0.8342421002088475,0.9875353746359622,0.9108887374224048,0.9875353746359622,False,1124,6633700,9931721
187000,0.0003027384064951149,0.06984003121342178,0.00028978703081617953,2.4265683661472166e-05,1.3463687150837989,1.0,0.6707168668267074,/net/nfs-ip34/jbod2/def-ilafores/ref_dbs/sourmash_db/RefSeq_20250528.k31.sbt.zip,GCF_030644365.1_ASM3064436v1_genomic,3f3d06788aafc5a162a02b9a2c1203e5,0.07296137339055794,179000,166,418251000,/nfs3_ib/nfs-ip34/home/def-ilafores/analysis/MethodsComparison/Feces_RA/preproc/SRR5091473/SRR5091473_unmatched_2.fastq,SRR5091473,61f6de9a,617695000,31,DNA,1000,617695,True,0.7699917093283105,0.9190213075854535,0.844506508456882,0.9190213075854535,False,241,6633941,9931721
852000,0.0013793215098066199,0.08244557665585919,0.0002881681088563126,3.493855697315702e-05,1.949438202247191,1.0,1.3831752751139876,/net/nfs-ip34/jbod2/def-ilafores/ref_dbs/sourmash_db/RefSeq_20250528.k31.sbt.zip,GCF_000253335.1_ASM25333v1_genomic,fbdd0d4a4f81a27491f4ac327ed2591a,0.39462714219546086,178000,167,418073000,/nfs3_ib/nfs-ip34/home/def-ilafores/analysis/MethodsComparison/Feces_RA/preproc/SRR5091473/SRR5091473_unmatched_2.fastq,SRR5091473,61f6de9a,617695000,31,DNA,1000,617695,True,0.8085951748833129,0.9704513592542919,0.8895232670688025,0.9704513592542919,False,347,6634288,9931721
3894000,0.0063040821117218045,0.036337209302325583,0.0002833113429767118,0.0020741621718934713,117.71428571428571,55.0,140.05247413096305,/net/nfs-ip34/jbod2/def-ilafores/ref_dbs/sourmash_db/RefSeq_20250528.k31.sbt.zip,GCF_020885775.1_ASM2088577v1_genomic,3e8e6512d8fba7f340a66394caebf5dc,0.8085548172757475,175000,168,417898000,/nfs3_ib/nfs-ip34/home/def-ilafores/analysis/MethodsComparison/Feces_RA/preproc/SRR5091473/SRR5091473_unmatched_2.fastq,SRR5091473,61f6de9a,617695000,31,DNA,1000,617695,True,0.8492196995473879,0.993168384215443,0.9211940418814154,0.993168384215443,False,20600,6654888,9931721
908000,0.0014699811395591676,0.05450535601764335,0.00028007349905697797,0.0009285399781165822,53.30635838150289,2.0,99.94694439388846,/net/nfs-ip34/jbod2/def-ilafores/ref_dbs/sourmash_db/RefSeq_20250528.k31.sbt.zip,GCF_023347235.1_ASM2334723v1_genomic,463a8ff2f26f37a3c67c2a86a64398f8,0.28607435412728416,173000,169,417725000,/nfs3_ib/nfs-ip34/home/def-ilafores/analysis/MethodsComparison/Feces_RA/preproc/SRR5091473/SRR5091473_unmatched_2.fastq,SRR5091473,61f6de9a,617695000,31,DNA,1000,617695,True,0.8102573141667994,0.9604329742333301,0.8853451442000647,0.9604329742333301,False,9222,6664110,9931721
3691000,0.005975440953868818,0.03617245005257624,0.000278454577097111,0.00035794400587773256,20.66860465116279,14.0,54.46473739019802,/net/nfs-ip34/jbod2/def-ilafores/ref_dbs/sourmash_db/RefSeq_20250528.k31.sbt.zip,GCF_018292165.1_ASM1829216v1_genomic,2391c2d4efd3d75a2653a2fd1570dca9,0.7762355415352261,172000,170,417553000,/nfs3_ib/nfs-ip34/home/def-ilafores/analysis/MethodsComparison/Feces_RA/preproc/SRR5091473/SRR5091473_unmatched_2.fastq,SRR5091473,61f6de9a,617695000,31,DNA,1000,617695,True,0.8477542949090331,0.9918623471727409,0.919808321040887,0.9918623471727409,False,3555,6667665,9931721
3870000,0.006265227984684998,0.033844942935852024,0.000278454577097111,0.0002465836484935491,14.238372093023257,12.0,19.99785260916346,/net/nfs-ip34/jbod2/def-ilafores/ref_dbs/sourmash_db/RefSeq_20250528.k31.sbt.zip,GCF_000025985.1_ASM2598v1_genomic,dec6823a28f0aea55b13c3be158528c4,0.7615112160566706,172000,171,417381000,/nfs3_ib/nfs-ip34/home/def-ilafores/analysis/MethodsComparison/Feces_RA/preproc/SRR5091473/SRR5091473_unmatched_2.fastq,SRR5091473,61f6de9a,617695000,31,DNA,1000,617695,True,0.8490503546346061,0.9912497860553117,0.9201500703449589,0.9912497860553117,False,2449,6670114,9931721
175000,0.0002833113429767118,0.045102748865759275,0.00027359781121751026,2.2654683916312187e-05,1.331360946745562,1.0,0.743587127687811,/net/nfs-ip34/jbod2/def-ilafores/ref_dbs/sourmash_db/RefSeq_20250528.k31.sbt.zip,GCF_001278845.1_ASM127884v1_genomic,49187f1983bbbd1ed4fc150184a704b3,0.04670402989057913,169000,172,417212000,/nfs3_ib/nfs-ip34/home/def-ilafores/analysis/MethodsComparison/Feces_RA/preproc/SRR5091473/SRR5091473_unmatched_2.fastq,SRR5091473,61f6de9a,617695000,31,DNA,1000,617695,True,0.7683461191413979,0.905891004125802,0.8371185616336,0.905891004125802,False,225,6670339,9931721
414000,0.0006702336913849068,0.027677100494233938,0.00027197888925764336,0.00010018404665213612,5.9226190476190474,2.0,11.692486916111847,/net/nfs-ip34/jbod2/def-ilafores/ref_dbs/sourmash_db/RefSeq_20250528.k31.sbt.zip,GCF_034355335.1_ASM3435533v1_genomic,3f08b897ecbab588f184df35bb9a7ccc,0.06820428336079078,168000,173,417044000,/nfs3_ib/nfs-ip34/home/def-ilafores/analysis/MethodsComparison/Feces_RA/preproc/SRR5091473/SRR5091473_unmatched_2.fastq,SRR5091473,61f6de9a,617695000,31,DNA,1000,617695,True,0.7899874677909685,0.9170246734968197,0.8535060706438942,0.9170246734968197,False,995,6671334,9931721
322000,0.0005212928710771498,0.04688832054560955,0.00026712212337804255,0.00090387154451882,54.406060606060606,3.0,69.52644118517152,/net/nfs-ip34/jbod2/def-ilafores/ref_dbs/sourmash_db/RefSeq_20250528.k31.sbt.zip,GCF_025146135.1_ASM2514613v1_genomic,7eaae742c69417c8e76f081fe338897d,0.0915032679738562,165000,174,416879000,/nfs3_ib/nfs-ip34/home/def-ilafores/analysis/MethodsComparison/Feces_RA/preproc/SRR5091473/SRR5091473_unmatched_2.fastq,SRR5091473,61f6de9a,617695000,31,DNA,1000,617695,True,0.7836089947357104,0.9257590258993618,0.8546840103175362,0.9257590258993618,False,8977,6680311,9931721
229000,0.00037073312880952575,0.03231597845601436,0.0002622653574984418,3.252205735541705e-05,1.9938271604938271,1.0,3.547729083391071,/net/nfs-ip34/jbod2/def-ilafores/ref_dbs/sourmash_db/RefSeq_20250528.k31.sbt.zip,GCF_040267475.1_UoG_LM19R_1.0_genomic,361dbedd535289fa0d5c0308f46e417d,0.04568122880510672,162000,175,416717000,/nfs3_ib/nfs-ip34/home/def-ilafores/analysis/MethodsComparison/Feces_RA/preproc/SRR5091473/SRR5091473_unmatched_2.fastq,SRR5091473,61f6de9a,617695000,31,DNA,1000,617695,True,0.7750407924470205,0.9052441663167686,0.8401424793818946,0.9052441663167686,False,323,6680634,9931721
3955000,0.006402836351273687,0.000550655177688268,0.0002622653574984418,5.708980346910671e-05,3.5,1.0,16.81572236088948,/net/nfs-ip34/jbod2/def-ilafores/ref_dbs/sourmash_db/RefSeq_20250528.k31.sbt.zip,plasmid.5.1.genomic,0f0c4d9f3e14a466d58e8f18d86b27e8,0.013443464368870986,162000,176,416555000,/nfs3_ib/nfs-ip34/home/def-ilafores/analysis/MethodsComparison/Feces_RA/preproc/SRR5091473/SRR5091473_unmatched_2.fastq,SRR5091473,61f6de9a,617695000,31,DNA,1000,617695,True,0.8496456131356516,0.8702206677200073,0.8599331404278294,0.8702206677200073,False,567,6681201,9931721
4405000,0.007131351233213803,0.025411539076234616,0.00025740859161884103,0.00010320467117431109,6.446540880503145,3.0,21.017407519770423,/net/nfs-ip34/jbod2/def-ilafores/ref_dbs/sourmash_db/RefSeq_20250528.k31.sbt.zip,GCF_018279805.1_ASM1827980v1_genomic,5b9c0b804dcb35d49a9058ef0c729857,0.7040115071120345,159000,177,416396000,/nfs3_ib/nfs-ip34/home/def-ilafores/analysis/MethodsComparison/Feces_RA/preproc/SRR5091473/SRR5091473_unmatched_2.fastq,SRR5091473,61f6de9a,617695000,31,DNA,1000,617695,True,0.8526042208052395,0.9887425358995763,0.9206733783524079,0.9887425358995763,False,1025,6682226,9931721
610000,0.000987542395518824,0.05656350053361793,0.00025740859161884103,0.0006465143352295136,40.38364779874214,1.0,75.79945393525102,/net/nfs-ip34/jbod2/def-ilafores/ref_dbs/sourmash_db/RefSeq_20250528.k31.sbt.zip,GCF_028743395.1_ASM2874339v1_genomic,bc5680b67a040c88f41f779ed94a8fca,0.21700462468872286,159000,178,416237000,/nfs3_ib/nfs-ip34/home/def-ilafores/analysis/MethodsComparison/Feces_RA/preproc/SRR5091473/SRR5091473_unmatched_2.fastq,SRR5091473,61f6de9a,617695000,31,DNA,1000,617695,True,0.7999266862189026,0.9519097471906109,0.8759182167047568,0.9519097471906109,False,6421,6688647,9931721
870000,0.0014084621050842244,0.032292106373997466,0.00024769505985963947,0.0002924971412306085,18.986928104575163,17.0,13.738447043416722,/net/nfs-ip34/jbod2/def-ilafores/ref_dbs/sourmash_db/RefSeq_20250528.k31.sbt.zip,GCF_020735865.1_ASM2073586v1_genomic,be5dafe4a3de9c37ebecacd7a8f5820f,0.18362178134233853,153000,179,416084000,/nfs3_ib/nfs-ip34/home/def-ilafores/analysis/MethodsComparison/Feces_RA/preproc/SRR5091473/SRR5091473_unmatched_2.fastq,SRR5091473,61f6de9a,617695000,31,DNA,1000,617695,True,0.8091406828255082,0.9467942663352659,0.877967474580387,0.9467942663352659,False,2905,6691552,9931721
3022000,0.004892382162717846,0.040490143846563666,0.00024607613789977257,0.000146399601841413,9.56578947368421,5.0,15.294336349666542,/net/nfs-ip34/jbod2/def-ilafores/ref_dbs/sourmash_db/RefSeq_20250528.k31.sbt.zip,GCF_042847305.1_ASM4284730v1_genomic,eec9e86dbd9def032a2806cb89d2e738,0.8050079914757592,152000,180,415932000,/nfs3_ib/nfs-ip34/home/def-ilafores/analysis/MethodsComparison/Feces_RA/preproc/SRR5091473/SRR5091473_unmatched_2.fastq,SRR5091473,61f6de9a,617695000,31,DNA,1000,617695,True,0.8423031001916901,0.9930275477631075,0.9176653239773989,0.9930275477631075,False,1454,6693006,9931721
5080000,0.008224123556123977,0.024860059269015477,0.0002444572159399056,7.813348764025892e-05,5.139072847682119,4.0,3.6756577734523783,/net/nfs-ip34/jbod2/def-ilafores/ref_dbs/sourmash_db/RefSeq_20250528.k31.sbt.zip,GCF_041014885.1_Genome_assembly_GPTB0036_genomic,1f38609cd97f545f1f212822b103869c,0.8363516628251564,151000,181,415781000,/nfs3_ib/nfs-ip34/home/def-ilafores/analysis/MethodsComparison/Feces_RA/preproc/SRR5091473/SRR5091473_unmatched_2.fastq,SRR5091473,61f6de9a,617695000,31,DNA,1000,617695,True,0.8565344334073609,0.9942518710099961,0.9253931522086785,0.9942518710099961,False,776,6693782,9931721
647000,0.0010474425080339003,0.05842062852538275,0.00023474368418070407,0.00031374220036990566,21.489655172413794,18.0,15.112961891120921,/net/nfs-ip34/jbod2/def-ilafores/ref_dbs/sourmash_db/RefSeq_20250528.k31.sbt.zip,GCF_042851345.1_ASM4285134v1_genomic,f81cc3ef25c95cbc9b1785d595b1acfe,0.26067687348912166,145000,182,415636000,/nfs3_ib/nfs-ip34/home/def-ilafores/analysis/MethodsComparison/Feces_RA/preproc/SRR5091473/SRR5091473_unmatched_2.fastq,SRR5091473,61f6de9a,617695000,31,DNA,1000,617695,True,0.8014476643353832,0.9575569150122317,0.8795022896738074,0.9575569150122317,False,3116,6696898,9931721
159000,0.00025740859161884103,0.0690978886756238,0.00023312476222083715,1.9331996941919732e-05,1.3333333333333333,1.0,0.7453559924999299,/net/nfs-ip34/jbod2/def-ilafores/ref_dbs/sourmash_db/RefSeq_20250528.k31.sbt.zip,GCF_041154385.1_ASM4115438v1_genomic,dcd4f1e4317996bd3feab8e6f6dbeb33,0.07629558541266794,144000,183,415492000,/nfs3_ib/nfs-ip34/home/def-ilafores/analysis/MethodsComparison/Feces_RA/preproc/SRR5091473/SRR5091473_unmatched_2.fastq,SRR5091473,61f6de9a,617695000,31,DNA,1000,617695,True,0.7659733264072146,0.9203469848478644,0.8431601556275394,0.9203469848478644,False,192,6697090,9931721
240000,0.00038854127036806193,0.035510305438291534,0.00023150584026097022,0.0013666312213160238,94.91608391608392,1.0,132.68789271887158,/net/nfs-ip34/jbod2/def-ilafores/ref_dbs/sourmash_db/RefSeq_20250528.k31.sbt.zip,GCF_027923645.1_ASM2792364v1_genomic,9fb8a945f847c19c6bae95891438e391,0.059597715420908866,143000,184,415349000,/nfs3_ib/nfs-ip34/home/def-ilafores/analysis/MethodsComparison/Feces_RA/preproc/SRR5091473/SRR5091473_unmatched_2.fastq,SRR5091473,61f6de9a,617695000,31,DNA,1000,617695,True,0.7762146652532651,0.9130430979302747,0.84462888159177,0.9130430979302747,False,13573,6710663,9931721
1909000,0.003090522021385959,0.046214355948869225,0.00022826799634123636,0.0012704746740267875,89.48936170212765,111.0,65.5855909859982,/net/nfs-ip34/jbod2/def-ilafores/ref_dbs/sourmash_db/RefSeq_20250528.k31.sbt.zip,GCF_042852915.1_ASM4285291v1_genomic,83df1fc7945fffe52952776a8424f7ce,0.6256964929531301,141000,185,415208000,/nfs3_ib/nfs-ip34/home/def-ilafores/analysis/MethodsComparison/Feces_RA/preproc/SRR5091473/SRR5091473_unmatched_2.fastq,SRR5091473,61f6de9a,617695000,31,DNA,1000,617695,True,0.8299143714579889,0.984988336115955,0.907451353786972,0.984988336115955,False,12618,6723281,9931721
1628000,0.0026356049506633533,0.04595404595404595,0.0002234112304616356,0.00016522816136297022,11.891304347826088,4.0,28.70809732326169,/net/nfs-ip34/jbod2/def-ilafores/ref_dbs/sourmash_db/RefSeq_20250528.k31.sbt.zip,GCF_045002855.1_ASM4500285v1_genomic,dd29d2640adac915604f66646e32abae,0.5421245421245421,138000,186,415070000,/nfs3_ib/nfs-ip34/home/def-ilafores/analysis/MethodsComparison/Feces_RA/preproc/SRR5091473/SRR5091473_unmatched_2.fastq,SRR5091473,61f6de9a,617695000,31,DNA,1000,617695,True,0.8256625581180868,0.9804434524728382,0.9030530052954624,0.9804434524728382,False,1641,6724922,9931721
143000,0.00023150584026097022,0.09270620313565099,0.00022017338654190175,1.7620309712687256e-05,1.286764705882353,1.0,0.5929498569626038,/net/nfs-ip34/jbod2/def-ilafores/ref_dbs/sourmash_db/RefSeq_20250528.k31.sbt.zip,GCF_002950695.1_ASM295069v1_genomic,7dffa3bc639751887c69591360857d99,0.09747784594410361,136000,187,414934000,/nfs3_ib/nfs-ip34/home/def-ilafores/analysis/MethodsComparison/Feces_RA/preproc/SRR5091473/SRR5091473_unmatched_2.fastq,SRR5091473,61f6de9a,617695000,31,DNA,1000,617695,True,0.7633571976563484,0.9276498144671365,0.8455035060617424,0.9276498144671365,False,175,6725097,9931721
3948000,0.006391503897554618,0.027474747474747475,0.00022017338654190175,0.0003705299413867949,27.058823529411764,26.0,13.901314318883216,/net/nfs-ip34/jbod2/def-ilafores/ref_dbs/sourmash_db/RefSeq_20250528.k31.sbt.zip,GCF_032452855.1_ASM3245285v1_genomic,d3b7db64a3ee051cbbe16b797861660f,0.7975757575757576,136000,188,414798000,/nfs3_ib/nfs-ip34/home/def-ilafores/analysis/MethodsComparison/Feces_RA/preproc/SRR5091473/SRR5091473_unmatched_2.fastq,SRR5091473,61f6de9a,617695000,31,DNA,1000,617695,True,0.8495970619450749,0.9927304725780981,0.9211637672615864,0.9927304725780981,False,3680,6728777,9931721
530000,0.0008580286387294701,0.03804195804195804,0.00022017338654190175,0.00022835921387642685,16.676470588235293,4.5,26.482203334043138,/net/nfs-ip34/jbod2/def-ilafores/ref_dbs/sourmash_db/RefSeq_20250528.k31.sbt.zip,GCF_025147765.1_ASM2514776v1_genomic,6fb5d9fae55cc8ecb2a67f82352fb7a7,0.14825174825174825,136000,189,414662000,/nfs3_ib/nfs-ip34/home/def-ilafores/analysis/MethodsComparison/Feces_RA/preproc/SRR5091473/SRR5091473_unmatched_2.fastq,SRR5091473,61f6de9a,617695000,31,DNA,1000,617695,True,0.7963073103429237,0.9402818623366539,0.8682945863397888,0.9402818623366539,False,2268,6731045,9931721
248000,0.0004014926460469973,0.050724637681159424,0.00021531662066230097,6.413792735418162e-05,4.7894736842105265,1.0,10.230466538122947,/net/nfs-ip34/jbod2/def-ilafores/ref_dbs/sourmash_db/RefSeq_20250528.k31.sbt.zip,GCF_025152405.1_ASM2515240v1_genomic,f688e4f928dd46c9b090e97a39a1952a,0.09458428680396644,133000,190,414529000,/nfs3_ib/nfs-ip34/home/def-ilafores/analysis/MethodsComparison/Feces_RA/preproc/SRR5091473/SRR5091473_unmatched_2.fastq,SRR5091473,61f6de9a,617695000,31,DNA,1000,617695,True,0.7770361299891876,0.9267485239972871,0.8518923269932374,0.9267485239972871,False,637,6731682,9931721
4387000,0.007102210637936198,0.02055986082555749,0.0002104598547827002,3.856330639976697e-05,2.9461538461538463,1.0,3.7009594150322664,/net/nfs-ip34/jbod2/def-ilafores/ref_dbs/sourmash_db/RefSeq_20250528.k31.sbt.zip,GCF_014131755.1_ASM1413175v1_genomic,c86b91db23657244d42beebc00893d07,0.6938162264747746,130000,191,414399000,/nfs3_ib/nfs-ip34/home/def-ilafores/analysis/MethodsComparison/Feces_RA/preproc/SRR5091473/SRR5091473_unmatched_2.fastq,SRR5091473,61f6de9a,617695000,31,DNA,1000,617695,True,0.8524916119532531,0.9882773756715925,0.9203844938124228,0.9882773756715925,False,383,6732065,9931721
242000,0.00039177911428779573,0.01992337164750958,0.0002104598547827002,2.0842309203007214e-05,1.5923076923076922,1.0,1.896134342230788,/net/nfs-ip34/jbod2/def-ilafores/ref_dbs/sourmash_db/RefSeq_20250528.k31.sbt.zip,GCF_024759285.1_ASM2475928v1_genomic,aaeb7a1a545ae549444b524e0f8ed687,0.03708812260536398,130000,192,414269000,/nfs3_ib/nfs-ip34/home/def-ilafores/analysis/MethodsComparison/Feces_RA/preproc/SRR5091473/SRR5091473_unmatched_2.fastq,SRR5091473,61f6de9a,617695000,31,DNA,1000,617695,True,0.7764224883097689,0.8991792690115459,0.8378008786606574,0.8991792690115459,False,207,6732272,9931721
131000,0.00021207877674256711,0.05753791257805531,0.00020884093282283329,1.7620309712687256e-05,1.3565891472868217,1.0,0.6445772559996095,/net/nfs-ip34/jbod2/def-ilafores/ref_dbs/sourmash_db/RefSeq_20250528.k31.sbt.zip,GCF_902810435.1_SKV38_genomic,92fffacc05525a8c6779bf5455282783,0.058429973238180194,129000,193,414140000,/nfs3_ib/nfs-ip34/home/def-ilafores/analysis/MethodsComparison/Feces_RA/preproc/SRR5091473/SRR5091473_unmatched_2.fastq,SRR5091473,61f6de9a,617695000,31,DNA,1000,617695,True,0.7612019812455558,0.9124604607263045,0.8368312209859301,0.9124604607263045,False,175,6732447,9931721
3591000,0.005813548757882126,0.023311748381128584,0.0002039841669432325,0.00018617115805004994,14.674603174603174,4.0,17.49776827723466,/net/nfs-ip34/jbod2/def-ilafores/ref_dbs/sourmash_db/RefSeq_20250528.k31.sbt.zip,GCF_963360645.1_PDTSDC17_v2_genomic,6c9a04f4937f91792100b630c90d3f36,0.6643848288621647,126000,194,414014000,/nfs3_ib/nfs-ip34/home/def-ilafores/analysis/MethodsComparison/Feces_RA/preproc/SRR5091473/SRR5091473_unmatched_2.fastq,SRR5091473,61f6de9a,617695000,31,DNA,1000,617695,True,0.8470034978809285,0.986896487918286,0.9169499928996072,0.986896487918286,False,1849,6734296,9931721
4214000,0.0068221371388792204,0.024047710657945365,0.00020236524498336558,0.0013632078468575586,108.312,54.0,129.9686372014418,/net/nfs-ip34/jbod2/def-ilafores/ref_dbs/sourmash_db/RefSeq_20250528.k31.sbt.zip,GCF_024759565.1_ASM2475956v1_genomic,960bb5f95152f9a5590d4499db9b2620,0.8106964217006541,125000,195,413889000,/nfs3_ib/nfs-ip34/home/def-ilafores/analysis/MethodsComparison/Feces_RA/preproc/SRR5091473/SRR5091473_unmatched_2.fastq,SRR5091473,61f6de9a,617695000,31,DNA,1000,617695,True,0.8513859245652312,0.9932531332945065,0.9223195289298689,0.9932531332945065,False,13539,6747835,9931721
2398000,0.0038821748597608853,0.03321817698644698,0.00020236524498336558,5.517674127172924e-05,4.384,3.0,12.051080615446894,/net/nfs-ip34/jbod2/def-ilafores/ref_dbs/sourmash_db/RefSeq_20250528.k31.sbt.zip,GCF_016696805.1_ASM1669680v1_genomic,aae5e198dca9a13d7ca553c9a4da3e8e,0.6372575073079989,125000,196,413764000,/nfs3_ib/nfs-ip34/home/def-ilafores/analysis/MethodsComparison/Feces_RA/preproc/SRR5091473/SRR5091473_unmatched_2.fastq,SRR5091473,61f6de9a,617695000,31,DNA,1000,617695,True,0.8360422565881646,0.9855702358789314,0.910806246233548,0.9855702358789314,False,548,6748383,9931721
489000,0.0007916528383749261,0.0346674182638106,0.00019912740106363172,0.00020822171706192714,16.8130081300813,16.0,15.187901471689727,/net/nfs-ip34/jbod2/def-ilafores/ref_dbs/sourmash_db/RefSeq_20250528.k31.sbt.zip,GCF_036419155.1_ASM3641915v1_genomic,adc420f297b3ff1fa16ce829a637366f,0.1378241262683202,123000,197,413641000,/nfs3_ib/nfs-ip34/home/def-ilafores/analysis/MethodsComparison/Feces_RA/preproc/SRR5091473/SRR5091473_unmatched_2.fastq,SRR5091473,61f6de9a,617695000,31,DNA,1000,617695,True,0.7942417906533087,0.938072270397854,0.8661570305255814,0.938072270397854,False,2068,6750451,9931721
145000,0.00023474368418070407,0.06337662337662338,0.0001975084791037648,1.600930996752728e-05,1.3032786885245902,1.0,0.6258023605451276,/net/nfs-ip34/jbod2/def-ilafores/ref_dbs/sourmash_db/RefSeq_20250528.k31.sbt.zip,GCF_000479335.1_ASM47933v1_genomic,3d1c191689b5d1c1bdefa098d4ca6bfe,0.07532467532467532,122000,198,413519000,/nfs3_ib/nfs-ip34/home/def-ilafores/analysis/MethodsComparison/Feces_RA/preproc/SRR5091473/SRR5091473_unmatched_2.fastq,SRR5091473,61f6de9a,617695000,31,DNA,1000,617695,True,0.7636992856953508,0.919966832307071,0.8418330590012109,0.919966832307071,False,159,6750610,9931721
3289000,0.005324634326002315,0.03235216123044286,0.0001975084791037648,0.00019211171961032734,15.639344262295081,10.0,27.179447868844832,/net/nfs-ip34/jbod2/def-ilafores/ref_dbs/sourmash_db/RefSeq_20250528.k31.sbt.zip,GCF_964272005.1_LUMC_Rgna_QRD009_genomic,a984777914b479613bf58f81661532d6,0.8721824449748078,122000,199,413397000,/nfs3_ib/nfs-ip34/home/def-ilafores/analysis/MethodsComparison/Feces_RA/preproc/SRR5091473/SRR5091473_unmatched_2.fastq,SRR5091473,61f6de9a,617695000,31,DNA,1000,617695,True,0.8446066748193446,0.9955982115211951,0.9201024431702698,0.9955982115211951,False,1908,6752518,9931721
5704000,0.009234330859080937,0.018046234153616704,0.00019588955714389786,9.968060923177363e-05,8.181818181818182,3.0,41.27232679020757,/net/nfs-ip34/jbod2/def-ilafores/ref_dbs/sourmash_db/RefSeq_20250528.k31.sbt.zip,GCF_025914115.1_ASM2591411v1_genomic,a48aa7cbd40bd9ea89ac84a5bdb955a8,0.8507084265473527,121000,200,413276000,/nfs3_ib/nfs-ip34/home/def-ilafores/analysis/MethodsComparison/Feces_RA/preproc/SRR5091473/SRR5091473_unmatched_2.fastq,SRR5091473,61f6de9a,617695000,31,DNA,1000,617695,True,0.8597415521587987,0.9947979059487773,0.9272697290537879,0.9947979059487773,False,990,6753508,9931721
1716000,0.0027780700831316427,0.043494019572308806,0.00019427063518403096,0.0005590169115705123,46.266666666666666,48.0,16.582989946193525,/net/nfs-ip34/jbod2/def-ilafores/ref_dbs/sourmash_db/RefSeq_20250528.k31.sbt.zip,GCF_030864045.1_ASM3086404v1_genomic,5994ba25075d3a64847c6d42886d2dc8,0.6219644798840159,120000,201,413156000,/nfs3_ib/nfs-ip34/home/def-ilafores/analysis/MethodsComparison/Feces_RA/preproc/SRR5091473/SRR5091473_unmatched_2.fastq,SRR5091473,61f6de9a,617695000,31,DNA,1000,617695,True,0.8270658770593139,0.9847982697174286,0.9059320733883712,0.9847982697174286,False,5552,6759060,9931721
532000,0.0008612664826492039,0.029850746268656716,0.0001910327912642971,0.00023299083814376178,19.610169491525422,3.0,28.459615722808287,/net/nfs-ip34/jbod2/def-ilafores/ref_dbs/sourmash_db/RefSeq_20250528.k31.sbt.zip,GCF_036419255.1_ASM3641925v1_genomic,cc90865ac4b45b3dd14605490161db88,0.13458133063496078,118000,202,413038000,/nfs3_ib/nfs-ip34/home/def-ilafores/analysis/MethodsComparison/Feces_RA/preproc/SRR5091473/SRR5091473_unmatched_2.fastq,SRR5091473,61f6de9a,617695000,31,DNA,1000,617695,True,0.7964040671170202,0.9373520554642141,0.8668780612906171,0.9373520554642141,False,2314,6761374,9931721
966000,0.0015638786132314492,0.05089951733216323,0.00018779494734456325,2.114437165522471e-05,1.8103448275862069,1.0,1.2519900923884197,/net/nfs-ip34/jbod2/def-ilafores/ref_dbs/sourmash_db/RefSeq_20250528.k31.sbt.zip,GCF_013822985.1_ASM1382298v1_genomic,6f19cc7fa200af909c33e5a1b859cb11,0.4238701184730145,116000,203,412922000,/nfs3_ib/nfs-ip34/home/def-ilafores/analysis/MethodsComparison/Feces_RA/preproc/SRR5091473/SRR5091473_unmatched_2.fastq,SRR5091473,61f6de9a,617695000,31,DNA,1000,617695,True,0.8118773409632531,0.9726917931851121,0.8922845670741826,0.9726917931851121,False,210,6761584,9931721
2318000,0.003752661102971531,0.04337985665786496,0.00018617602538469633,0.00019513234413250232,16.85217391304348,17.0,8.467065071574448,/net/nfs-ip34/jbod2/def-ilafores/ref_dbs/sourmash_db/RefSeq_20250528.k31.sbt.zip,GCF_033096525.1_ASM3309652v1_genomic,435d8e70fb203ed034f71349b4691d0d,0.8743870237646171,115000,204,412807000,/nfs3_ib/nfs-ip34/home/def-ilafores/analysis/MethodsComparison/Feces_RA/preproc/SRR5091473/SRR5091473_unmatched_2.fastq,SRR5091473,61f6de9a,617695000,31,DNA,1000,617695,True,0.8351276870492933,0.9956792908386961,0.9154034889439947,0.9956792908386961,False,1938,6763522,9931721
348000,0.0005633848420336897,0.046379170056956874,0.0001845571034248294,0.00011025279505938598,9.605263157894736,4.0,22.973523441490485,/net/nfs-ip34/jbod2/def-ilafores/ref_dbs/sourmash_db/RefSeq_20250528.k31.sbt.zip,GCF_018326305.1_ASM1832630v1_genomic,5128153ef7f1c80fc4c112268b755214,0.14157851912123678,114000,205,412693000,/nfs3_ib/nfs-ip34/home/def-ilafores/analysis/MethodsComparison/Feces_RA/preproc/SRR5091473/SRR5091473_unmatched_2.fastq,SRR5091473,61f6de9a,617695000,31,DNA,1000,617695,True,0.7855742928736281,0.9388859027614558,0.8622300978175419,0.9388859027614558,False,1095,6764617,9931721
411000,0.000665376925505306,0.027527405602923265,0.00018293818146496247,1.7620309712687256e-05,1.5486725663716814,1.0,1.734558424552327,/net/nfs-ip34/jbod2/def-ilafores/ref_dbs/sourmash_db/RefSeq_20250528.k31.sbt.zip,GCF_019249655.2_ASM1924965v2_genomic,3f5e042dde22a559937bb52d73a1aae8,0.10012180267965895,113000,206,412580000,/nfs3_ib/nfs-ip34/home/def-ilafores/analysis/MethodsComparison/Feces_RA/preproc/SRR5091473/SRR5091473_unmatched_2.fastq,SRR5091473,61f6de9a,617695000,31,DNA,1000,617695,True,0.7898021544093533,0.928451001546846,0.8591265779780997,0.928451001546846,False,175,6764792,9931721
2018000,0.0032669845150114537,0.04714226115978306,0.00018293818146496247,0.00011881123120554836,10.442477876106194,9.0,6.498383806010422,/net/nfs-ip34/jbod2/def-ilafores/ref_dbs/sourmash_db/RefSeq_20250528.k31.sbt.zip,GCF_030450025.1_ASM3045002v1_genomic,878f383cc0c159910d66fd701f0f6fca,0.8418856904463913,113000,207,412467000,/nfs3_ib/nfs-ip34/home/def-ilafores/analysis/MethodsComparison/Feces_RA/preproc/SRR5091473/SRR5091473_unmatched_2.fastq,SRR5091473,61f6de9a,617695000,31,DNA,1000,617695,True,0.8314022509750516,0.9944634148725543,0.9129328329238029,0.9944634148725543,False,1180,6765972,9931721
826000,0.0013372295388500797,0.02006566946369938,0.00017808141558536172,0.00012485248024989828,11.272727272727273,3.0,17.712814616906385,/net/nfs-ip34/jbod2/def-ilafores/ref_dbs/sourmash_db/RefSeq_20250528.k31.sbt.zip,GCF_021359565.1_ASM2135956v1_genomic,78795f413b3261069c5b320544daa37f,0.15067493615468808,110000,208,412357000,/nfs3_ib/nfs-ip34/home/def-ilafores/analysis/MethodsComparison/Feces_RA/preproc/SRR5091473/SRR5091473_unmatched_2.fastq,SRR5091473,61f6de9a,617695000,31,DNA,1000,617695,True,0.8077871987606743,0.9407737567084308,0.8742804777345525,0.9407737567084308,False,1240,6767212,9931721
1056000,0.0017095815896194723,0.03259259259259259,0.00017808141558536172,0.00024900014811128906,22.48181818181818,12.5,27.419545722044806,/net/nfs-ip34/jbod2/def-ilafores/ref_dbs/sourmash_db/RefSeq_20250528.k31.sbt.zip,GCF_023008345.1_ASM2300834v1_genomic,80788e4d9f7a77cc8143de8cf6b02058,0.3128888888888889,110000,209,412247000,/nfs3_ib/nfs-ip34/home/def-ilafores/analysis/MethodsComparison/Feces_RA/preproc/SRR5091473/SRR5091473_unmatched_2.fastq,SRR5091473,61f6de9a,617695000,31,DNA,1000,617695,True,0.8142136552326456,0.9632128385539581,0.8887132468933019,0.9632128385539581,False,2473,6769685,9931721
4758000,0.007702830685046827,0.017260316962184215,0.00017808141558536172,4.299355569895691e-05,3.881818181818182,2.0,4.231337244422034,/net/nfs-ip34/jbod2/def-ilafores/ref_dbs/sourmash_db/RefSeq_20250528.k31.sbt.zip,GCF_016864215.1_ASM1686421v1_genomic,3460a6d706973d7ef76859c83dbd244e,0.746587164600659,110000,210,412137000,/nfs3_ib/nfs-ip34/home/def-ilafores/analysis/MethodsComparison/Feces_RA/preproc/SRR5091473/SRR5091473_unmatched_2.fastq,SRR5091473,61f6de9a,617695000,31,DNA,1000,617695,True,0.854727014926273,0.9906171061869221,0.9226720605565976,0.9906171061869221,False,427,6770112,9931721
4395000,0.007115162013615134,0.0003101022199335983,0.0001764624936254948,0.00013320954142791568,12.137614678899082,1.0,34.21182474099282,/net/nfs-ip34/jbod2/def-ilafores/ref_dbs/sourmash_db/RefSeq_20250528.k31.sbt.zip,plasmid.7.1.genomic,7a8c695160f2da22a8aff644e0702b99,0.01250366290466206,109000,211,412028000,/nfs3_ib/nfs-ip34/home/def-ilafores/analysis/MethodsComparison/Feces_RA/preproc/SRR5091473/SRR5091473_unmatched_2.fastq,SRR5091473,61f6de9a,617695000,31,DNA,1000,617695,True,0.8525417154287939,0.8681886522629642,0.860365183845879,0.8681886522629642,False,1323,6771435,9931721
1815000,0.002938343357158468,0.03912248628884826,0.00017322464970576093,0.0013986498412510782,129.82242990654206,60.0,126.61973485167562,/net/nfs-ip34/jbod2/def-ilafores/ref_dbs/sourmash_db/RefSeq_20250528.k31.sbt.zip,GCF_902388275.1_UHGG_MGYG-HGUT-02545_genomic,35aa97e0127f24ba3813815f3d766914,0.6636197440585009,107000,212,411921000,/nfs3_ib/nfs-ip34/home/def-ilafores/analysis/MethodsComparison/Feces_RA/preproc/SRR5091473/SRR5091473_unmatched_2.fastq,SRR5091473,61f6de9a,617695000,31,DNA,1000,617695,True,0.8285636730771356,0.9868598068574077,0.9077117399672716,0.9868598068574077,False,13891,6785326,9931721
427000,0.0006912796768631768,0.032169954476479516,0.000171605727745894,0.00024265683661472165,22.735849056603772,4.5,36.4894148225266,/net/nfs-ip34/jbod2/def-ilafores/ref_dbs/sourmash_db/RefSeq_20250528.k31.sbt.zip,GCF_000210035.1_ASM21003v1_genomic,9b031f8e8d6f8498e950d180778cd938,0.12959028831562974,106000,213,411815000,/nfs3_ib/nfs-ip34/home/def-ilafores/analysis/MethodsComparison/Feces_RA/preproc/SRR5091473/SRR5091473_unmatched_2.fastq,SRR5091473,61f6de9a,617695000,31,DNA,1000,617695,True,0.7907757596571332,0.9362100632948596,0.8634929114759964,0.9362100632948596,False,2410,6787736,9931721
504000,0.00081593666777293,0.02810051337476358,0.00016836788382616015,0.00013230335407126318,12.634615384615385,4.0,23.613904676754334,/net/nfs-ip34/jbod2/def-ilafores/ref_dbs/sourmash_db/RefSeq_20250528.k31.sbt.zip,GCF_005848555.1_ASM584855v1_genomic,1123379c731757b61c292acf7bd31a34,0.1361794109700081,104000,214,411711000,/nfs3_ib/nfs-ip34/home/def-ilafores/analysis/MethodsComparison/Feces_RA/preproc/SRR5091473/SRR5091473_unmatched_2.fastq,SRR5091473,61f6de9a,617695000,31,DNA,1000,617695,True,0.7950162662543255,0.9377090583146368,0.8663626622844811,0.9377090583146368,False,1314,6789050,9931721
1483000,0.002400861266482649,0.014670274889616863,0.00016674896186629325,7.944242493320141e-05,7.660194174757281,6.0,7.949541597650874,/net/nfs-ip34/jbod2/def-ilafores/ref_dbs/sourmash_db/RefSeq_20250528.k31.sbt.zip,GCF_020091405.1_ASM2009140v1_genomic,6567e1e09256d8c7a31fd1e8d0b378f2,0.2112234724398234,103000,215,411608000,/nfs3_ib/nfs-ip34/home/def-ilafores/analysis/MethodsComparison/Feces_RA/preproc/SRR5091473/SRR5091473_unmatched_2.fastq,SRR5091473,61f6de9a,617695000,31,DNA,1000,617695,True,0.8231817087884976,0.9510809646734681,0.8871313367309829,0.9510809646734681,False,789,6789839,9931721
729000,0.001180194108742988,0.031934877896055106,0.00016513003990642632,2.315812133667468e-05,2.2549019607843137,1.0,6.404174916641278,/net/nfs-ip34/jbod2/def-ilafores/ref_dbs/sourmash_db/RefSeq_20250528.k31.sbt.zip,GCF_036419175.1_ASM3641917v1_genomic,4af2817f95b2dd08102c6192e91007b4,0.228240450845335,102000,216,411506000,/nfs3_ib/nfs-ip34/home/def-ilafores/analysis/MethodsComparison/Feces_RA/preproc/SRR5091473/SRR5091473_unmatched_2.fastq,SRR5091473,61f6de9a,617695000,31,DNA,1000,617695,True,0.8045385996406997,0.9534611187675328,0.8789998592041163,0.9534611187675328,False,230,6790069,9931721
4162000,0.00673795319696614,0.0185559434135587,0.0001635111179465594,0.00015838141244604032,15.574257425742575,12.0,25.19246568755985,/net/nfs-ip34/jbod2/def-ilafores/ref_dbs/sourmash_db/RefSeq_20250528.k31.sbt.zip,GCF_040687795.1_BfragS36L11_hyb1_genomic,367a60fab57cdebe3190dd47527fd1f6,0.7646518464082308,101000,217,411405000,/nfs3_ib/nfs-ip34/home/def-ilafores/analysis/MethodsComparison/Feces_RA/preproc/SRR5091473/SRR5091473_unmatched_2.fastq,SRR5091473,61f6de9a,617695000,31,DNA,1000,617695,True,0.8510449829218337,0.9913813984334927,0.9212131906776633,0.9913813984334927,False,1573,6791642,9931721
1542000,0.0024963776621147976,0.014484439982790764,0.0001635111179465594,2.2151246495949695e-05,2.1782178217821784,1.0,5.521149327191553,/net/nfs-ip34/jbod2/def-ilafores/ref_dbs/sourmash_db/RefSeq_20250528.k31.sbt.zip,GCF_020091425.1_ASM2009142v1_genomic,b391704addc37a9e6e34e49aa9d20a35,0.22113867775706295,101000,218,411304000,/nfs3_ib/nfs-ip34/home/def-ilafores/analysis/MethodsComparison/Feces_RA/preproc/SRR5091473/SRR5091473_unmatched_2.fastq,SRR5091473,61f6de9a,617695000,31,DNA,1000,617695,True,0.8242183274716697,0.9524894014477299,0.8883538644596998,0.9524894014477299,False,220,6791862,9931721
1828000,0.002959389342636738,0.0327653997378768,0.00016189219598669247,0.0006971601397179804,69.24,50.0,76.1598476889233,/net/nfs-ip34/jbod2/def-ilafores/ref_dbs/sourmash_db/RefSeq_20250528.k31.sbt.zip,GCF_023347255.1_ASM2334725v1_genomic,58b144de4acaed89ce9d8071641d7213,0.598951507208388,100000,219,411204000,/nfs3_ib/nfs-ip34/home/def-ilafores/analysis/MethodsComparison/Feces_RA/preproc/SRR5091473/SRR5091473_unmatched_2.fastq,SRR5091473,61f6de9a,617695000,31,DNA,1000,617695,True,0.8287544519193089,0.9836012814556285,0.9061778666874687,0.9836012814556285,False,6924,6798786,9931721
134000,0.0002169355426221679,0.046522556390977444,0.00016027327402682554,1.3693497833859812e-05,1.3737373737373737,1.0,0.6127576116405292,/net/nfs-ip34/jbod2/def-ilafores/ref_dbs/sourmash_db/RefSeq_20250528.k31.sbt.zip,GCF_032163505.1_ASM3216350v1_genomic,a325d7fa78cbc093e75b422899a3e18d,0.06296992481203008,99000,220,411105000,/nfs3_ib/nfs-ip34/home/def-ilafores/analysis/MethodsComparison/Feces_RA/preproc/SRR5091473/SRR5091473_unmatched_2.fastq,SRR5091473,61f6de9a,617695000,31,DNA,1000,617695,True,0.761758168152661,0.9146656308051281,0.8382118994788945,0.9146656308051281,False,136,6798922,9931721
2207000,0.0035729607654263027,0.028085106382978724,0.00016027327402682554,6.192280270458665e-05,6.212121212121212,4.0,6.8538461181711865,/net/nfs-ip34/jbod2/def-ilafores/ref_dbs/sourmash_db/RefSeq_20250528.k31.sbt.zip,GCF_964271905.1_LUMC_Rgna_QRD036_genomic,f7b834043bc68cbce7bca47eedf3ec37,0.6260992907801418,99000,221,411006000,/nfs3_ib/nfs-ip34/home/def-ilafores/analysis/MethodsComparison/Feces_RA/preproc/SRR5091473/SRR5091473_unmatched_2.fastq,SRR5091473,61f6de9a,617695000,31,DNA,1000,617695,True,0.8338067898156598,0.9850087844319134,0.9094077871237867,0.9850087844319134,False,615,6799537,9931721
1569000,0.002540088555031205,0.01596259271202838,0.00016027327402682554,5.578086617616423e-05,5.595959595959596,1.0,20.05845960827883,/net/nfs-ip34/jbod2/def-ilafores/ref_dbs/sourmash_db/RefSeq_20250528.k31.sbt.zip,GCF_013112035.1_ASM1311203v1_genomic,2c7f1ed5ed72fbc8e35c73aaa96fdec4,0.25298290873911644,99000,222,410907000,/nfs3_ib/nfs-ip34/home/def-ilafores/analysis/MethodsComparison/Feces_RA/preproc/SRR5091473/SRR5091473_unmatched_2.fastq,SRR5091473,61f6de9a,617695000,31,DNA,1000,617695,True,0.8246799710749864,0.956631939644797,0.8906559553598916,0.956631939644797,False,554,6800091,9931721
3783000,0.006124381774176576,0.014150255288110867,0.00015703543010709168,9.766685955032365e-05,10.0,5.0,38.02820440011475,/net/nfs-ip34/jbod2/def-ilafores/ref_dbs/sourmash_db/RefSeq_20250528.k31.sbt.zip,GCF_025147085.1_ASM2514708v1_genomic,5b057d4064659334efb7b362a7eec964,0.5518599562363239,97000,223,410810000,/nfs3_ib/nfs-ip34/home/def-ilafores/analysis/MethodsComparison/Feces_RA/preproc/SRR5091473/SRR5091473_unmatched_2.fastq,SRR5091473,61f6de9a,617695000,31,DNA,1000,617695,True,0.8484278411835507,0.9810065326765909,0.9147171869300708,0.9810065326765909,False,970,6801061,9931721
3630000,0.005876686714316936,0.02070750647109577,0.00015541650814722476,0.00016150272445228776,16.708333333333332,15.0,13.872121823603226,/net/nfs-ip34/jbod2/def-ilafores/ref_dbs/sourmash_db/RefSeq_20250528.k31.sbt.zip,GCF_024760085.1_ASM2476008v1_genomic,d22a231abb372af890fb48167198d8a7,0.7830025884383088,96000,224,410714000,/nfs3_ib/nfs-ip34/home/def-ilafores/analysis/MethodsComparison/Feces_RA/preproc/SRR5091473/SRR5091473_unmatched_2.fastq,SRR5091473,61f6de9a,617695000,31,DNA,1000,617695,True,0.8472986872124697,0.9921401073465186,0.9197193972794941,0.9921401073465186,False,1604,6802665,9931721
2390000,0.0038692234840819496,0.017786931286275977,0.00015379758618735783,0.0008985351078629777,93.93684210526315,4.0,127.41096462164147,/net/nfs-ip34/jbod2/def-ilafores/ref_dbs/sourmash_db/RefSeq_20250528.k31.sbt.zip,GCF_025916455.1_ASM2591645v1_genomic,27ccee7b3170a58b99749b4c684abf80,0.4474817449915746,95000,225,410619000,/nfs3_ib/nfs-ip34/home/def-ilafores/analysis/MethodsComparison/Feces_RA/preproc/SRR5091473/SRR5091473_unmatched_2.fastq,SRR5091473,61f6de9a,617695000,31,DNA,1000,617695,True,0.8359521390389193,0.974394194712061,0.9051731668754901,0.974394194712061,False,8924,6811589,9931721
1806000,0.002923773059519666,0.04030547305897327,0.00015379758618735783,0.0007585795050022046,79.30526315789474,23.0,78.99727825880566,/net/nfs-ip34/jbod2/def-ilafores/ref_dbs/sourmash_db/RefSeq_20250528.k31.sbt.zip,GCF_020541865.1_ASM2054186v1_genomic,bff54b8b4e695ebf30c7dfad19e8f584,0.766228256257955,95000,226,410524000,/nfs3_ib/nfs-ip34/home/def-ilafores/analysis/MethodsComparison/Feces_RA/preproc/SRR5091473/SRR5091473_unmatched_2.fastq,SRR5091473,61f6de9a,617695000,31,DNA,1000,617695,True,0.8284308191951396,0.9914472629652608,0.9099390410802002,0.9914472629652608,False,7534,6819123,9931721
104000,0.00016836788382616015,0.030390275111964172,0.00015379758618735783,1.1276998216119845e-05,1.1789473684210525,1.0,0.40985099650382706,/net/nfs-ip34/jbod2/def-ilafores/ref_dbs/sourmash_db/RefSeq_20250528.k31.sbt.zip,GCF_023169925.1_ASM2316992v1_genomic,6abe39dda1c504bd5b8bdec34a0551ff,0.03326935380678183,95000,227,410429000,/nfs3_ib/nfs-ip34/home/def-ilafores/analysis/MethodsComparison/Feces_RA/preproc/SRR5091473/SRR5091473_unmatched_2.fastq,SRR5091473,61f6de9a,617695000,31,DNA,1000,617695,True,0.7555555977646271,0.8960330148665396,0.8257943063155834,0.8960330148665396,False,112,6819235,9931721
761000,0.0012319996114587297,0.03201634877384196,0.00015217866422749093,0.0003681134417690549,38.8936170212766,2.0,60.78851866767913,/net/nfs-ip34/jbod2/def-ilafores/ref_dbs/sourmash_db/RefSeq_20250528.k31.sbt.zip,GCF_023347295.1_ASM2334729v1_genomic,78db35fa6d9edc0fa99c8623efbe174d,0.25919618528610355,94000,228,410335000,/nfs3_ib/nfs-ip34/home/def-ilafores/analysis/MethodsComparison/Feces_RA/preproc/SRR5091473/SRR5091473_unmatched_2.fastq,SRR5091473,61f6de9a,617695000,31,DNA,1000,617695,True,0.8056542975978996,0.9573809766776455,0.8815176371377726,0.9573809766776455,False,3656,6822891,9931721
1144000,0.0018520467220877618,0.02397525135344161,0.000150559742267624,1.3290747897569818e-05,1.4193548387096775,1.0,1.0088061787814122,/net/nfs-ip34/jbod2/def-ilafores/ref_dbs/sourmash_db/RefSeq_20250528.k31.sbt.zip,GCF_032451715.1_ASM3245171v1_genomic,f1795b36006e7a505f203c85c8c93bd2,0.29492137148749675,93000,229,410242000,/nfs3_ib/nfs-ip34/home/def-ilafores/analysis/MethodsComparison/Feces_RA/preproc/SRR5091473/SRR5091473_unmatched_2.fastq,SRR5091473,61f6de9a,617695000,31,DNA,1000,617695,True,0.8163186899318003,0.9613770486691192,0.8888478693004598,0.9613770486691192,False,132,6823023,9931721
726000,0.0011753373428633872,0.04432793136320305,0.000150559742267624,1.3995560286077307e-05,1.4946236559139785,1.0,0.9905321249829271,/net/nfs-ip34/jbod2/def-ilafores/ref_dbs/sourmash_db/RefSeq_20250528.k31.sbt.zip,GCF_002073835.2_ASM207383v2_genomic,8f4c55ea33f053b77ad276df759f654d,0.34604385128693993,93000,230,410149000,/nfs3_ib/nfs-ip34/home/def-ilafores/analysis/MethodsComparison/Feces_RA/preproc/SRR5091473/SRR5091473_unmatched_2.fastq,SRR5091473,61f6de9a,617695000,31,DNA,1000,617695,True,0.8044315845118784,0.9663473554446662,0.8853894699782723,0.9663473554446662,False,139,6823162,9931721
1966000,0.003182800573098374,0.04090706980880391,0.00014894082030775707,8.830292353158128e-05,9.532608695652174,9.0,6.189842814181327,/net/nfs-ip34/jbod2/def-ilafores/ref_dbs/sourmash_db/RefSeq_20250528.k31.sbt.zip,GCF_033453085.1_ASM3345308v1_genomic,55fe3891bfbdd93c1a31b34d199e18cd,0.874166296131614,92000,231,410057000,/nfs3_ib/nfs-ip34/home/def-ilafores/analysis/MethodsComparison/Feces_RA/preproc/SRR5091473/SRR5091473_unmatched_2.fastq,SRR5091473,61f6de9a,617695000,31,DNA,1000,617695,True,0.8307024004009036,0.9956711819033826,0.9131867911521431,0.9956711819033826,False,877,6824039,9931721
404000,0.0006540444717862376,0.026270702455739578,0.00014894082030775707,0.00016361716161781024,17.66304347826087,8.5,24.903412187154732,/net/nfs-ip34/jbod2/def-ilafores/ref_dbs/sourmash_db/RefSeq_20250528.k31.sbt.zip,GCF_000225345.1_ASM22534v1_genomic,2c4be6d3f461c9f71df87a5d7ae22e2f,0.11536264991433466,92000,232,409965000,/nfs3_ib/nfs-ip34/home/def-ilafores/analysis/MethodsComparison/Feces_RA/preproc/SRR5091473/SRR5091473_unmatched_2.fastq,SRR5091473,61f6de9a,617695000,31,DNA,1000,617695,True,0.7893646147720654,0.9327044299096146,0.86103452234084,0.9327044299096146,False,1625,6825664,9931721
3613000,0.005849165040999199,0.017456359102244388,0.00014732189834789014,0.0001665370986559127,18.175824175824175,8.0,32.626960269210585,/net/nfs-ip34/jbod2/def-ilafores/ref_dbs/sourmash_db/RefSeq_20250528.k31.sbt.zip,GCF_900683725.1_Parabacteroides_distasonis_82G9_genomic,d0938f013a524bbc54ab1b9624844fb8,0.693075004795703,91000,233,409874000,/nfs3_ib/nfs-ip34/home/def-ilafores/analysis/MethodsComparison/Feces_RA/preproc/SRR5091473/SRR5091473_unmatched_2.fastq,SRR5091473,61f6de9a,617695000,31,DNA,1000,617695,True,0.8471703941454188,0.9882432999218685,0.9177068470336437,0.9882432999218685,False,1654,6827318,9931721
2189000,0.003543820170148698,0.02530933633295838,0.00014570297638802322,2.5977370890704642e-05,2.8666666666666667,2.0,3.380335289089925,/net/nfs-ip34/jbod2/def-ilafores/ref_dbs/sourmash_db/RefSeq_20250528.k31.sbt.zip,GCF_045070525.1_ASM4507052v1_genomic,214150bf2398bbfa49ab399581721b68,0.6155793025871766,90000,234,409784000,/nfs3_ib/nfs-ip34/home/def-ilafores/analysis/MethodsComparison/Feces_RA/preproc/SRR5091473/SRR5091473_unmatched_2.fastq,SRR5091473,61f6de9a,617695000,31,DNA,1000,617695,True,0.8335865511258153,0.9844705070092931,0.9090285290675542,0.9844705070092931,False,258,6827576,9931721
502000,0.0008126988238531961,0.0373550880206097,0.00014084621050842243,0.0001238456054091733,14.137931034482758,15.0,6.326685707479135,/net/nfs-ip34/jbod2/def-ilafores/ref_dbs/sourmash_db/RefSeq_20250528.k31.sbt.zip,GCF_010509075.1_ASM1050907v1_genomic,9873f57bc1ce2e7504544c43132060be,0.21554315156719622,87000,235,409697000,/nfs3_ib/nfs-ip34/home/def-ilafores/analysis/MethodsComparison/Feces_RA/preproc/SRR5091473/SRR5091473_unmatched_2.fastq,SRR5091473,61f6de9a,617695000,31,DNA,1000,617695,True,0.7949143017407286,0.9517022677142725,0.8733082847275006,0.9517022677142725,False,1230,6828806,9931721
1481000,0.0023976234225629154,0.030807365439093484,0.00014084621050842243,0.00028222701785521364,32.2183908045977,33.0,19.644791235791903,/net/nfs-ip34/jbod2/def-ilafores/ref_dbs/sourmash_db/RefSeq_20250528.k31.sbt.zip,GCF_024167885.1_ASM2416788v1_genomic,ce4fdc293b1b11e3766ab11638f10cc6,0.5244334277620396,87000,236,409610000,/nfs3_ib/nfs-ip34/home/def-ilafores/analysis/MethodsComparison/Feces_RA/preproc/SRR5091473/SRR5091473_unmatched_2.fastq,SRR5091473,61f6de9a,617695000,31,DNA,1000,617695,True,0.8231458738698554,0.9793947095730755,0.9012702917214654,0.9793947095730755,False,2803,6831609,9931721
3140000,0.005083414953982143,0.02608695652173913,0.00014084621050842243,0.00019855571859096727,22.666666666666668,6.0,91.00684156000565,/net/nfs-ip34/jbod2/def-ilafores/ref_dbs/sourmash_db/RefSeq_20250528.k31.sbt.zip,GCF_964271915.1_LUMC_Rgna_QRD028_genomic,33f3e59bf5427ff9a55117021f140685,0.9415292353823088,87000,237,409523000,/nfs3_ib/nfs-ip34/home/def-ilafores/analysis/MethodsComparison/Feces_RA/preproc/SRR5091473/SRR5091473_unmatched_2.fastq,SRR5091473,61f6de9a,617695000,31,DNA,1000,617695,True,0.84334450228502,0.9980583429613191,0.9207014226231696,0.9980583429613191,False,1972,6833581,9931721
5255000,0.00850743489910069,0.012810963801579025,0.0001392272885485555,6.564823961526909e-05,7.5813953488372094,5.0,22.386387639397597,/net/nfs-ip34/jbod2/def-ilafores/ref_dbs/sourmash_db/RefSeq_20250528.k31.sbt.zip,GCF_030168555.1_ASM3016855v1_genomic,761bc93d29d61ce80809686c2d5128e5,0.7828094741546253,86000,238,409437000,/nfs3_ib/nfs-ip34/home/def-ilafores/analysis/MethodsComparison/Feces_RA/preproc/SRR5091473/SRR5091473_unmatched_2.fastq,SRR5091473,61f6de9a,617695000,31,DNA,1000,617695,True,0.8574707429976479,0.9921322130334451,0.9248014780155465,0.9921322130334451,False,652,6834233,9931721
180000,0.00029140595277604643,0.024251069900142655,0.0001376083665886886,5.9808365539064174e-05,6.988235294117647,2.0,19.935480706606008,/net/nfs-ip34/jbod2/def-ilafores/ref_dbs/sourmash_db/RefSeq_20250528.k31.sbt.zip,GCF_045865535.1_ASM4586553v1_genomic,d256ac8ac3b99e32f5341206201ec025,0.05135520684736091,85000,239,409352000,/nfs3_ib/nfs-ip34/home/def-ilafores/analysis/MethodsComparison/Feces_RA/preproc/SRR5091473/SRR5091473_unmatched_2.fastq,SRR5091473,61f6de9a,617695000,31,DNA,1000,617695,True,0.76904466177944,0.9086695002052878,0.8388570809923639,0.9086695002052878,False,594,6834827,9931721
3096000,0.005012182387747998,0.02244788882950294,0.00013598944462882168,4.510799286447938e-05,5.333333333333333,2.0,9.06370750028892,/net/nfs-ip34/jbod2/def-ilafores/ref_dbs/sourmash_db/RefSeq_20250528.k31.sbt.zip,GCF_042854125.1_ASM4285412v1_genomic,c47a93bd32f231be1ec96546cc3273b3,0.8273650454302512,84000,240,409268000,/nfs3_ib/nfs-ip34/home/def-ilafores/analysis/MethodsComparison/Feces_RA/preproc/SRR5091473/SRR5091473_unmatched_2.fastq,SRR5091473,61f6de9a,617695000,31,DNA,1000,617695,True,0.8429606817107149,0.9939054452765419,0.9184330634936284,0.9939054452765419,False,448,6835275,9931721
122000,0.0001975084791037648,0.03946742748454589,0.00013437052266895475,1.228387305684483e-05,1.4698795180722892,1.0,0.8689745985666004,/net/nfs-ip34/jbod2/def-ilafores/ref_dbs/sourmash_db/RefSeq_20250528.k31.sbt.zip,GCF_900637515.1_51184_A01_genomic,f9bf15287cd9221ded6fd4c037b0f1df,0.05801236329053733,83000,241,409185000,/nfs3_ib/nfs-ip34/home/def-ilafores/analysis/MethodsComparison/Feces_RA/preproc/SRR5091473/SRR5091473_unmatched_2.fastq,SRR5091473,61f6de9a,617695000,31,DNA,1000,617695,True,0.7594562595221471,0.9122493579723167,0.8358528087472319,0.9122493579723167,False,122,6835397,9931721
2536000,0.004105586090222521,0.017940199335548173,0.0001311326787492209,0.00015042710120431293,18.444444444444443,15.0,29.28362792069198,/net/nfs-ip34/jbod2/def-ilafores/ref_dbs/sourmash_db/RefSeq_20250528.k31.sbt.zip,GCF_004328515.1_ASM432851v1_genomic,a5fd52ab16a56bc3d037173d70801227,0.5616832779623477,81000,242,409104000,/nfs3_ib/nfs-ip34/home/def-ilafores/analysis/MethodsComparison/Feces_RA/preproc/SRR5091473/SRR5091473_unmatched_2.fastq,SRR5091473,61f6de9a,617695000,31,DNA,1000,617695,True,0.8375526210275553,0.9815650367543638,0.9095588288909595,0.9815650367543638,False,1494,6836891,9931721
145000,0.00023474368418070407,0.03534031413612566,0.0001311326787492209,0.00024094514938548917,29.54320987654321,2.0,45.422039949274435,/net/nfs-ip34/jbod2/def-ilafores/ref_dbs/sourmash_db/RefSeq_20250528.k31.sbt.zip,GCF_023921805.1_ASM2392180v1_genomic,0c9f72c07cb9e22587452a97c47fbca1,0.06326352530541013,81000,243,409023000,/nfs3_ib/nfs-ip34/home/def-ilafores/analysis/MethodsComparison/Feces_RA/preproc/SRR5091473/SRR5091473_unmatched_2.fastq,SRR5091473,61f6de9a,617695000,31,DNA,1000,617695,True,0.7636992856953508,0.9148028915523567,0.8392510886238538,0.9148028915523567,False,2393,6839284,9931721
3081000,0.004987898558349995,0.02220988339811216,0.00012951375678935397,0.00012404698037731828,15.4,5.0,30.517044417833123,/net/nfs-ip34/jbod2/def-ilafores/ref_dbs/sourmash_db/RefSeq_20250528.k31.sbt.zip,GCF_964272125.1_LUMC_Rgna_QRD026_genomic,0b8987cf1c2ad80ac604d559f57e161d,0.8553581343697946,80000,244,408943000,/nfs3_ib/nfs-ip34/home/def-ilafores/analysis/MethodsComparison/Feces_RA/preproc/SRR5091473/SRR5091473_unmatched_2.fastq,SRR5091473,61f6de9a,617695000,31,DNA,1000,617695,True,0.8428286263269339,0.9949728390979333,0.9189007327124337,0.9949728390979333,False,1232,6840516,9931721
1653000,0.0026760779996600264,0.025039123630672927,0.00012951375678935397,1.9029934489702238e-05,2.3625,2.0,2.0690804116805124,/net/nfs-ip34/jbod2/def-ilafores/ref_dbs/sourmash_db/RefSeq_20250528.k31.sbt.zip,GCF_045061075.1_ASM4506107v1_genomic,6289e11616c59ffa1524db220d88d00e,0.5173708920187794,80000,245,408863000,/nfs3_ib/nfs-ip34/home/def-ilafores/analysis/MethodsComparison/Feces_RA/preproc/SRR5091473/SRR5091473_unmatched_2.fastq,SRR5091473,61f6de9a,617695000,31,DNA,1000,617695,True,0.8260685523183429,0.9789664449082423,0.9025174986132926,0.9789664449082423,False,189,6840705,9931721
82000,0.00013275160070908782,0.041258380608561115,0.00012951375678935397,1.0270123375394858e-05,1.275,1.0,0.5238081709939241,/net/nfs-ip34/jbod2/def-ilafores/ref_dbs/sourmash_db/RefSeq_20250528.k31.sbt.zip,GCF_014931295.1_ASM1493129v1_genomic,6efc5a85cf36f959d48a31cf34e6abe4,0.042289840123775145,80000,246,408783000,/nfs3_ib/nfs-ip34/home/def-ilafores/analysis/MethodsComparison/Feces_RA/preproc/SRR5091473/SRR5091473_unmatched_2.fastq,SRR5091473,61f6de9a,617695000,31,DNA,1000,617695,True,0.7497850325752133,0.9029943514480151,0.8263896920116143,0.9029943514480151,False,102,6840807,9931721
1472000,0.002383053124924113,0.023358959195742164,0.00012789483482948704,1.2887997961279822e-05,1.620253164556962,1.0,0.9975133318909137,/net/nfs-ip34/jbod2/def-ilafores/ref_dbs/sourmash_db/RefSeq_20250528.k31.sbt.zip,GCF_021378645.1_ASM2137864v1_genomic,ff9e0dc632cc78ffa7536d9b5910d667,0.43524541691306917,79000,247,408704000,/nfs3_ib/nfs-ip34/home/def-ilafores/analysis/MethodsComparison/Feces_RA/preproc/SRR5091473/SRR5091473_unmatched_2.fastq,SRR5091473,61f6de9a,617695000,31,DNA,1000,617695,True,0.822984035007201,0.9735231083096025,0.8982535716584017,0.9735231083096025,False,128,6840935,9931721
82000,0.00013275160070908782,0.01641068798653482,0.0001262759128696201,9.061873566524875e-06,1.1538461538461537,1.0,0.45508306023843204,/net/nfs-ip34/jbod2/def-ilafores/ref_dbs/sourmash_db/RefSeq_20250528.k31.sbt.zip,GCF_029025845.1_ASM2902584v1_genomic,b8d8ed0e75c23d6c6d049af6a270f641,0.017252261729434042,78000,248,408626000,/nfs3_ib/nfs-ip34/home/def-ilafores/analysis/MethodsComparison/Feces_RA/preproc/SRR5091473/SRR5091473_unmatched_2.fastq,SRR5091473,61f6de9a,617695000,31,DNA,1000,617695,True,0.7497850325752133,0.877251391453552,0.8135182120143827,0.877251391453552,False,90,6841025,9931721
4957000,0.008024996155060346,0.011252163877668782,0.0001262759128696201,0.00033770582157916033,43.0,7.0,81.26720725088917,/net/nfs-ip34/jbod2/def-ilafores/ref_dbs/sourmash_db/RefSeq_20250528.k31.sbt.zip,GCF_019857385.1_ASM1985738v1_genomic,efcf1829099a4dce2fddc50e607d113f,0.7150894402769763,78000,249,408548000,/nfs3_ib/nfs-ip34/home/def-ilafores/analysis/MethodsComparison/Feces_RA/preproc/SRR5091473/SRR5091473_unmatched_2.fastq,SRR5091473,61f6de9a,617695000,31,DNA,1000,617695,True,0.8558574712709304,0.9892406343167618,0.922549052793846,0.9892406343167618,False,3354,6844379,9931721
88000,0.00014246513246828936,0.033816425120772944,0.00012465699090975318,9.565310986887369e-06,1.2337662337662338,1.0,0.45287261751071933,/net/nfs-ip34/jbod2/def-ilafores/ref_dbs/sourmash_db/RefSeq_20250528.k31.sbt.zip,GCF_013343115.1_ASM1334311v1_genomic,67ace1803c455858bff86989eee53b7b,0.03864734299516908,77000,250,408471000,/nfs3_ib/nfs-ip34/home/def-ilafores/analysis/MethodsComparison/Feces_RA/preproc/SRR5091473/SRR5091473_unmatched_2.fastq,SRR5091473,61f6de9a,617695000,31,DNA,1000,617695,True,0.7514949792897215,0.9003745572876203,0.8259347682886709,0.9003745572876203,False,95,6844474,9931721
80000,0.00012951375678935397,0.03307560137457045,0.00012465699090975318,2.023818429857222e-05,2.6103896103896105,2.0,1.652670755905278,/net/nfs-ip34/jbod2/def-ilafores/ref_dbs/sourmash_db/RefSeq_20250528.k31.sbt.zip,GCF_020735645.1_ASM2073564v1_genomic,eeb869321eb525dd0f05445a4e59db47,0.03436426116838488,77000,251,408394000,/nfs3_ib/nfs-ip34/home/def-ilafores/analysis/MethodsComparison/Feces_RA/preproc/SRR5091473/SRR5091473_unmatched_2.fastq,SRR5091473,61f6de9a,617695000,31,DNA,1000,617695,True,0.7491880396816708,0.8969694374287456,0.8230787385552082,0.8969694374287456,False,201,6844675,9931721
1016000,0.0016448247112247954,0.02563249001331558,0.00012465699090975318,0.00021557190339921954,27.805194805194805,1.0,66.96462313964574,/net/nfs-ip34/jbod2/def-ilafores/ref_dbs/sourmash_db/RefSeq_20250528.k31.sbt.zip,GCF_023347355.1_ASM2334735v1_genomic,0b1b8956f9826b69686f1f8520bdfb5e,0.3382157123834887,77000,252,408317000,/nfs3_ib/nfs-ip34/home/def-ilafores/analysis/MethodsComparison/Feces_RA/preproc/SRR5091473/SRR5091473_unmatched_2.fastq,SRR5091473,61f6de9a,617695000,31,DNA,1000,617695,True,0.8132000696492133,0.965634341720454,0.8894172056848337,0.965634341720454,False,2141,6846816,9931721
3640000,0.005892875933915606,0.01092973740241306,0.00012465699090975318,4.168461840601443e-05,5.376623376623376,2.0,5.249709852313698,/net/nfs-ip34/jbod2/def-ilafores/ref_dbs/sourmash_db/RefSeq_20250528.k31.sbt.zip,GCF_018292125.1_ASM1829212v1_genomic,db815f18771b0ea0ac3270b94c8884ba,0.5166784953867991,77000,253,408240000,/nfs3_ib/nfs-ip34/home/def-ilafores/analysis/MethodsComparison/Feces_RA/preproc/SRR5091473/SRR5091473_unmatched_2.fastq,SRR5091473,61f6de9a,617695000,31,DNA,1000,617695,True,0.8473738823865073,0.9789241546383072,0.9131490185124073,0.9789241546383072,False,414,6847230,9931721
295000,0.00047758197816074276,0.023291449586270302,0.00012303806894988628,4.118118098565193e-05,5.381578947368421,4.0,5.8150600876271845,/net/nfs-ip34/jbod2/def-ilafores/ref_dbs/sourmash_db/RefSeq_20250528.k31.sbt.zip,GCF_003287895.1_ASM328789v1_genomic,bc2478093af2ba983a5f556c49f3d04d,0.09040760036775973,76000,254,408164000,/nfs3_ib/nfs-ip34/home/def-ilafores/analysis/MethodsComparison/Feces_RA/preproc/SRR5091473/SRR5091473_unmatched_2.fastq,SRR5091473,61f6de9a,617695000,31,DNA,1000,617695,True,0.7813983932524149,0.9253993533406427,0.8533988732965287,0.9253993533406427,False,409,6847639,9931721
188000,0.00030435732845498185,0.0334075723830735,0.00012141914699001934,0.00022312346470465693,29.546666666666667,1.0,54.31323800163476,/net/nfs-ip34/jbod2/def-ilafores/ref_dbs/sourmash_db/RefSeq_20250528.k31.sbt.zip,GCF_029855065.1_ASM2985506v1_genomic,76f3dfad465c70adb7a8e8071828b70a,0.08374164810690424,75000,255,408089000,/nfs3_ib/nfs-ip34/home/def-ilafores/analysis/MethodsComparison/Feces_RA/preproc/SRR5091473/SRR5091473_unmatched_2.fastq,SRR5091473,61f6de9a,617695000,31,DNA,1000,617695,True,0.7701241927303683,0.9231157854493098,0.846619989089839,0.9231157854493098,False,2216,6849855,9931721
1890000,0.0030597625041484874,0.01316023475013338,0.00011980022503015241,4.4705242928189385e-05,6.0,2.0,12.64697378608598,/net/nfs-ip34/jbod2/def-ilafores/ref_dbs/sourmash_db/RefSeq_20250528.k31.sbt.zip,GCF_009193295.2_ASM919329v2_genomic,b4482d10cb2488078dd11fc3de09368a,0.336119509158812,74000,256,408015000,/nfs3_ib/nfs-ip34/home/def-ilafores/analysis/MethodsComparison/Feces_RA/preproc/SRR5091473/SRR5091473_unmatched_2.fastq,SRR5091473,61f6de9a,617695000,31,DNA,1000,617695,True,0.8296466276407244,0.9654407011313145,0.8975436643860195,0.9654407011313145,False,444,6850299,9931721
3985000,0.006451404010069694,0.0148,0.00011980022503015241,0.0006137909029059515,82.37837837837837,52.0,114.51633929242547,/net/nfs-ip34/jbod2/def-ilafores/ref_dbs/sourmash_db/RefSeq_20250528.k31.sbt.zip,GCF_016766915.1_ASM1676691v1_genomic,bca43bd2d776e339740f17809f096165,0.797,74000,257,407941000,/nfs3_ib/nfs-ip34/home/def-ilafores/analysis/MethodsComparison/Feces_RA/preproc/SRR5091473/SRR5091473_unmatched_2.fastq,SRR5091473,61f6de9a,617695000,31,DNA,1000,617695,True,0.8498527521351043,0.9927073471852473,0.9212800496601758,0.9927073471852473,False,6096,6856395,9931721
762000,0.0012336185334185965,0.026763110307414104,0.00011980022503015241,0.0004858171106498058,65.20270270270271,37.5,89.1136504436784,/net/nfs-ip34/jbod2/def-ilafores/ref_dbs/sourmash_db/RefSeq_20250528.k31.sbt.zip,GCF_023347275.1_ASM2334727v1_genomic,88f1b5eec91b23fd70f1b11b9f13bd9a,0.2755877034358047,74000,258,407867000,/nfs3_ib/nfs-ip34/home/def-ilafores/analysis/MethodsComparison/Feces_RA/preproc/SRR5091473/SRR5091473_unmatched_2.fastq,SRR5091473,61f6de9a,617695000,31,DNA,1000,617695,True,0.8056884268198458,0.9592766330869014,0.8824825299533736,0.9592766330869014,False,4825,6861220,9931721
457000,0.0007398473356591845,0.022839506172839506,0.00011980022503015241,1.1981810604627336e-05,1.6081081081081081,1.0,1.1947810787547963,/net/nfs-ip34/jbod2/def-ilafores/ref_dbs/sourmash_db/RefSeq_20250528.k31.sbt.zip,GCF_041085325.1_ASM4108532v1_genomic,5e83b012f9b56827c1d4b59cdc28942e,0.1410493827160494,74000,259,407793000,/nfs3_ib/nfs-ip34/home/def-ilafores/analysis/MethodsComparison/Feces_RA/preproc/SRR5091473/SRR5091473_unmatched_2.fastq,SRR5091473,61f6de9a,617695000,31,DNA,1000,617695,True,0.7925096960140443,0.9387725040793781,0.8656411000467112,0.9387725040793781,False,119,6861339,9931721
336000,0.0005439577785152867,0.01907499346746799,0.0001181813030702855,0.00010652735814870353,14.493150684931507,3.0,30.5103275969496,/net/nfs-ip34/jbod2/def-ilafores/ref_dbs/sourmash_db/RefSeq_20250528.k31.sbt.zip,GCF_020736365.1_ASM2073636v1_genomic,31dce30d78c030ed012824aeb71a6951,0.08779723020642802,73000,260,407720000,/nfs3_ib/nfs-ip34/home/def-ilafores/analysis/MethodsComparison/Feces_RA/preproc/SRR5091473/SRR5091473_unmatched_2.fastq,SRR5091473,61f6de9a,617695000,31,DNA,1000,617695,True,0.7846855431283373,0.9245251630655649,0.8546053530969511,0.9245251630655649,False,1058,6862397,9931721
1714000,0.0027748322392119086,0.031780583369612536,0.0001181813030702855,0.00016502678639482524,22.45205479452055,21.0,12.614452567830227,/net/nfs-ip34/jbod2/def-ilafores/ref_dbs/sourmash_db/RefSeq_20250528.k31.sbt.zip,GCF_014489955.1_ASM1448995v1_genomic,579fa51da431e95a9307700dadd79bea,0.7461906835002177,73000,261,407647000,/nfs3_ib/nfs-ip34/home/def-ilafores/analysis/MethodsComparison/Feces_RA/preproc/SRR5091473/SRR5091473_unmatched_2.fastq,SRR5091473,61f6de9a,617695000,31,DNA,1000,617695,True,0.827034764469663,0.9906001316583098,0.9088174480639863,0.9906001316583098,False,1639,6864036,9931721
2690000,0.004354900072042027,0.01312910284463895,0.00011656238111041857,1.1679748152409839e-05,1.6111111111111112,1.0,1.1850405004278635,/net/nfs-ip34/jbod2/def-ilafores/ref_dbs/sourmash_db/RefSeq_20250528.k31.sbt.zip,GCF_034089005.1_ASM3408900v1_genomic,2b1564f12ed7b1fea48d4a1c46e98bc1,0.49051787016776077,72000,262,407575000,/nfs3_ib/nfs-ip34/home/def-ilafores/analysis/MethodsComparison/Feces_RA/preproc/SRR5091473/SRR5091473_unmatched_2.fastq,SRR5091473,61f6de9a,617695000,31,DNA,1000,617695,True,0.83914692266814,0.977284754007882,0.908215838338011,0.977284754007882,False,116,6864152,9931721
233000,0.0003772088166489934,0.018581523161476054,0.00011494345915055165,0.00011045417002753098,15.450704225352112,3.0,26.6673766684559,/net/nfs-ip34/jbod2/def-ilafores/ref_dbs/sourmash_db/RefSeq_20250528.k31.sbt.zip,GCF_014287515.2_ASM1428751v2_genomic,ba44e405458705e9ab11b89381454753,0.06097880136090029,71000,263,407504000,/nfs3_ib/nfs-ip34/home/def-ilafores/analysis/MethodsComparison/Feces_RA/preproc/SRR5091473/SRR5091473_unmatched_2.fastq,SRR5091473,61f6de9a,617695000,31,DNA,1000,617695,True,0.7754738474237175,0.9137180874430095,0.8445959674333635,0.9137180874430095,False,1097,6865249,9931721
3933000,0.006367220068156615,0.013323182337266844,0.00011332453719068472,0.00011941535610998336,16.942857142857143,12.5,23.71370050913047,/net/nfs-ip34/jbod2/def-ilafores/ref_dbs/sourmash_db/RefSeq_20250528.k31.sbt.zip,GCF_008369705.1_ASM836970v1_genomic,cebee0e6a30fafd04517fafb6687ddb3,0.74857251617815,70000,264,407434000,/nfs3_ib/nfs-ip34/home/def-ilafores/analysis/MethodsComparison/Feces_RA/preproc/SRR5091473/SRR5091473_unmatched_2.fastq,SRR5091473,61f6de9a,617695000,31,DNA,1000,617695,True,0.8494927425414831,0.9907019739648153,0.9200973582531492,0.9907019739648153,False,1186,6866435,9931721
1971000,0.0031908951828977083,0.02379333786539769,0.00011332453719068472,0.0006602078330633734,93.67142857142858,110.0,73.97967315970196,/net/nfs-ip34/jbod2/def-ilafores/ref_dbs/sourmash_db/RefSeq_20250528.k31.sbt.zip,GCF_036815185.2_ASM3681518v1_genomic,c6ed66af62435c7dcd0b26067f44e3e0,0.6699524133242692,70000,265,407364000,/nfs3_ib/nfs-ip34/home/def-ilafores/analysis/MethodsComparison/Feces_RA/preproc/SRR5091473/SRR5091473_unmatched_2.fastq,SRR5091473,61f6de9a,617695000,31,DNA,1000,617695,True,0.830770467365274,0.9871621943634764,0.9089663308643752,0.9871621943634764,False,6557,6872992,9931721
75000,0.00012141914699001934,0.03608247422680412,0.00011332453719068472,8.457748662089883e-06,1.2,1.0,0.5503245795502348,/net/nfs-ip34/jbod2/def-ilafores/ref_dbs/sourmash_db/RefSeq_20250528.k31.sbt.zip,GCF_009676365.1_ASM967636v1_genomic,1e7df57fdd37f246c1a0125ef69a3ccc,0.03865979381443299,70000,266,407294000,/nfs3_ib/nfs-ip34/home/def-ilafores/analysis/MethodsComparison/Feces_RA/preproc/SRR5091473/SRR5091473_unmatched_2.fastq,SRR5091473,61f6de9a,617695000,31,DNA,1000,617695,True,0.7476299367184873,0.9003839128977685,0.8240069248081279,0.9003839128977685,False,84,6873076,9931721
617000,0.0009988748492378925,0.014364867638005336,0.00011332453719068472,1.882855952155724e-05,2.6714285714285713,1.0,3.003433409432937,/net/nfs-ip34/jbod2/def-ilafores/ref_dbs/sourmash_db/RefSeq_20250528.k31.sbt.zip,GCF_003991565.1_ASM399156v1_genomic,a0b4e7d5cd51e8887dc8f1ea3a46b770,0.1266160476092756,70000,267,407224000,/nfs3_ib/nfs-ip34/home/def-ilafores/analysis/MethodsComparison/Feces_RA/preproc/SRR5091473/SRR5091473_unmatched_2.fastq,SRR5091473,61f6de9a,617695000,31,DNA,1000,617695,True,0.8002211667606299,0.9355091170160965,0.8678651418883632,0.9355091170160965,False,187,6873263,9931721
466000,0.0007544176332979868,0.020181339572974553,0.0001117056152308178,6.131867780015166e-05,8.826086956521738,2.0,19.621015442808545,/net/nfs-ip34/jbod2/def-ilafores/ref_dbs/sourmash_db/RefSeq_20250528.k31.sbt.zip,GCF_025149785.1_ASM2514978v1_genomic,8c91537000df08516afde1ea4eac7752,0.13629716291313249,69000,268,407155000,/nfs3_ib/nfs-ip34/home/def-ilafores/analysis/MethodsComparison/Feces_RA/preproc/SRR5091473/SRR5091473_unmatched_2.fastq,SRR5091473,61f6de9a,617695000,31,DNA,1000,617695,True,0.7930084243852067,0.9377352028788445,0.8653718136320256,0.9377352028788445,False,609,6873872,9931721
4335000,0.007018026696023119,0.011076722593256231,0.00011008669327095088,0.00010280192123802108,15.014705882352942,4.0,29.49102188755619,/net/nfs-ip34/jbod2/def-ilafores/ref_dbs/sourmash_db/RefSeq_20250528.k31.sbt.zip,GCF_024758865.1_ASM2475886v1_genomic,7dc0c3ddec5757cc028e8a2a1272f1ad,0.7061410653200847,68000,269,407087000,/nfs3_ib/nfs-ip34/home/def-ilafores/analysis/MethodsComparison/Feces_RA/preproc/SRR5091473/SRR5091473_unmatched_2.fastq,SRR5091473,61f6de9a,617695000,31,DNA,1000,617695,True,0.8521637679069279,0.9888388736316274,0.9205013207692776,0.9888388736316274,False,1021,6874893,9931721
511000,0.0008272691214919985,0.01808367071524966,0.00010846777131108395,0.00017720997196759756,26.26865671641791,5.0,72.43372309552485,/net/nfs-ip34/jbod2/def-ilafores/ref_dbs/sourmash_db/RefSeq_20250528.k31.sbt.zip,GCF_025147905.1_ASM2514790v1_genomic,c5e7fe36cbc07f4ac5cce0f7ee4db8ee,0.13792172739541161,67000,270,407020000,/nfs3_ib/nfs-ip34/home/def-ilafores/analysis/MethodsComparison/Feces_RA/preproc/SRR5091473/SRR5091473_unmatched_2.fastq,SRR5091473,61f6de9a,617695000,31,DNA,1000,617695,True,0.7953700841718157,0.9380936921711615,0.8667318881714885,0.9380936921711615,False,1760,6876653,9931721
114000,0.0001845571034248294,0.0231433506044905,0.00010846777131108395,1.157906066833734e-05,1.7164179104477613,1.0,1.453826347687871,/net/nfs-ip34/jbod2/def-ilafores/ref_dbs/sourmash_db/RefSeq_20250528.k31.sbt.zip,GCF_018223625.1_ASM1822362v1_genomic,f7c571db068ffd59a52b6f5917a2a6fd,0.039378238341968914,67000,271,406953000,/nfs3_ib/nfs-ip34/home/def-ilafores/analysis/MethodsComparison/Feces_RA/preproc/SRR5091473/SRR5091473_unmatched_2.fastq,SRR5091473,61f6de9a,617695000,31,DNA,1000,617695,True,0.7577965178831261,0.9009188764780491,0.8293576971805876,0.9009188764780491,False,115,6876768,9931721
338000,0.0005471956224350205,0.022916666666666665,0.00010684884935121702,2.7084933215502128e-05,4.075757575757576,3.0,2.647529471954344,/net/nfs-ip34/jbod2/def-ilafores/ref_dbs/sourmash_db/RefSeq_20250528.k31.sbt.zip,GCF_022174665.1_ASM2217466v1_genomic,b004fadcdc39cbd453a7420b36ad1d38,0.11736111111111111,66000,272,406887000,/nfs3_ib/nfs-ip34/home/def-ilafores/analysis/MethodsComparison/Feces_RA/preproc/SRR5091473/SRR5091473_unmatched_2.fastq,SRR5091473,61f6de9a,617695000,31,DNA,1000,617695,True,0.7848357801270112,0.9332213201377758,0.8590285501323935,0.9332213201377758,False,269,6877037,9931721
2138000,0.003461255150195485,0.020331560838285894,0.0001052299273913501,0.00017036322305066765,26.03076923076923,5.0,50.109102268724726,/net/nfs-ip34/jbod2/def-ilafores/ref_dbs/sourmash_db/RefSeq_20250528.k31.sbt.zip,GCF_964272105.1_LUMC_Rgna_QRD038_genomic,9c7aa30b4e916cf0ec4a851bb377fdda,0.668751954957773,65000,273,406822000,/nfs3_ib/nfs-ip34/home/def-ilafores/analysis/MethodsComparison/Feces_RA/preproc/SRR5091473/SRR5091473_unmatched_2.fastq,SRR5091473,61f6de9a,617695000,31,DNA,1000,617695,True,0.8329528896938746,0.9871050850693286,0.9100289873816017,0.9871050850693286,False,1692,6878729,9931721
386000,0.0006249038765086329,0.016594332397242787,0.0001052299273913501,1.661343487196227e-05,2.5384615384615383,1.0,3.2395485111683415,/net/nfs-ip34/jbod2/def-ilafores/ref_dbs/sourmash_db/RefSeq_20250528.k31.sbt.zip,GCF_020735725.1_ASM2073572v1_genomic,468818a695d78a01f7215c72831539a1,0.09854480469747255,65000,274,406757000,/nfs3_ib/nfs-ip34/home/def-ilafores/analysis/MethodsComparison/Feces_RA/preproc/SRR5091473/SRR5091473_unmatched_2.fastq,SRR5091473,61f6de9a,617695000,31,DNA,1000,617695,True,0.7882049103288096,0.9279756318743366,0.8580902711015731,0.9279756318743366,False,165,6878894,9931721
2436000,0.0039436938942358285,0.00017454162683537233,0.0001052299273913501,9.192767295819124e-05,14.046153846153846,2.0,52.4088749880666,/net/nfs-ip34/jbod2/def-ilafores/ref_dbs/sourmash_db/RefSeq_20250528.k31.sbt.zip,plasmid.3.1.genomic,e2e03e1dce424a170899a4ee7698c481,0.006541283122630262,65000,275,406692000,/nfs3_ib/nfs-ip34/home/def-ilafores/analysis/MethodsComparison/Feces_RA/preproc/SRR5091473/SRR5091473_unmatched_2.fastq,SRR5091473,61f6de9a,617695000,31,DNA,1000,617695,True,0.8364663803087447,0.8502321331796916,0.8433492567442181,0.8502321331796916,False,913,6879807,9931721
1812000,0.0029334865912788674,0.02828104286345559,0.00010361100543148318,0.0004915562972419382,76.28125,85.0,61.512821008611695,/net/nfs-ip34/jbod2/def-ilafores/ref_dbs/sourmash_db/RefSeq_20250528.k31.sbt.zip,GCF_029541965.1_ASM2954196v1_genomic,e354b247edb1270dcf82decb4e5a9a34,0.8007070260715864,64000,276,406628000,/nfs3_ib/nfs-ip34/home/def-ilafores/analysis/MethodsComparison/Feces_RA/preproc/SRR5091473/SRR5091473_unmatched_2.fastq,SRR5091473,61f6de9a,617695000,31,DNA,1000,617695,True,0.8285194594238897,0.9928559583090214,0.9106877088664556,0.9928559583090214,False,4882,6884689,9931721
114000,0.0001845571034248294,0.029038112522686024,0.00010361100543148318,8.961186082452377e-06,1.390625,1.0,0.9120236342195305,/net/nfs-ip34/jbod2/def-ilafores/ref_dbs/sourmash_db/RefSeq_20250528.k31.sbt.zip,GCF_026057735.1_ASM2605773v1_genomic,56d84de4b8c18cfc7ab690ad56d35743,0.05172413793103448,64000,277,406564000,/nfs3_ib/nfs-ip34/home/def-ilafores/analysis/MethodsComparison/Feces_RA/preproc/SRR5091473/SRR5091473_unmatched_2.fastq,SRR5091473,61f6de9a,617695000,31,DNA,1000,617695,True,0.7577965178831261,0.908879345795941,0.8333379318395335,0.908879345795941,False,89,6884778,9931721
1958000,0.003169849197419438,0.026293823038397328,0.00010199208347161625,0.00011770366888075088,18.555555555555557,7.0,46.67373340296149,/net/nfs-ip34/jbod2/def-ilafores/ref_dbs/sourmash_db/RefSeq_20250528.k31.sbt.zip,GCF_042851965.1_ASM4285196v1_genomic,80a4b2a5f71b8ad7c315da992ab23acd,0.8171953255425709,63000,278,406501000,/nfs3_ib/nfs-ip34/home/def-ilafores/analysis/MethodsComparison/Feces_RA/preproc/SRR5091473/SRR5091473_unmatched_2.fastq,SRR5091473,61f6de9a,617695000,31,DNA,1000,617695,True,0.8305931440236894,0.9935089925153663,0.9120510682695279,0.9935089925153663,False,1169,6885947,9931721
2627000,0.004252907988570411,0.016853932584269662,0.00010199208347161625,5.175336681326429e-05,8.158730158730158,3.0,14.546265924826107,/net/nfs-ip34/jbod2/def-ilafores/ref_dbs/sourmash_db/RefSeq_20250528.k31.sbt.zip,GCF_042854215.1_ASM4285421v1_genomic,515b5beff96e7e6ba6bac8bee6d12422,0.7027822364901016,63000,279,406438000,/nfs3_ib/nfs-ip34/home/def-ilafores/analysis/MethodsComparison/Feces_RA/preproc/SRR5091473/SRR5091473_unmatched_2.fastq,SRR5091473,61f6de9a,617695000,31,DNA,1000,617695,True,0.8385056621083972,0.9886867972473472,0.9135962296778721,0.9886867972473472,False,514,6886461,9931721
1672000,0.002706837516897498,0.019242706393544383,0.00010037316151174932,1.4096247770149805e-05,2.2580645161290325,2.0,1.883163808945345,/net/nfs-ip34/jbod2/def-ilafores/ref_dbs/sourmash_db/RefSeq_20250528.k31.sbt.zip,GCF_006542665.1_Acom_1.0_genomic,56a187d0b325a22e72d7369e11bd76b9,0.5189323401613904,62000,280,406376000,/nfs3_ib/nfs-ip34/home/def-ilafores/analysis/MethodsComparison/Feces_RA/preproc/SRR5091473/SRR5091473_unmatched_2.fastq,SRR5091473,61f6de9a,617695000,31,DNA,1000,617695,True,0.8263731531797059,0.9790616145113927,0.9027173838455493,0.9790616145113927,False,140,6886601,9931721
570000,0.0009227855171241471,0.02203269367448472,0.00010037316151174932,0.0002906847665173035,46.564516129032256,2.0,66.7985949648793,/net/nfs-ip34/jbod2/def-ilafores/ref_dbs/sourmash_db/RefSeq_20250528.k31.sbt.zip,GCF_019968015.1_ASM1996801v1_genomic,517ce21e5547904474906c4ba8b4528a,0.2025586353944563,62000,281,406314000,/nfs3_ib/nfs-ip34/home/def-ilafores/analysis/MethodsComparison/Feces_RA/preproc/SRR5091473/SRR5091473_unmatched_2.fastq,SRR5091473,61f6de9a,617695000,31,DNA,1000,617695,True,0.7981784991276315,0.9497967293857181,0.8739876142566748,0.9497967293857181,False,2887,6889488,9931721
1337000,0.0021644986603420783,0.009794628751974723,0.00010037316151174932,7.017917639853153e-05,11.241935483870968,8.0,26.871669626429362,/net/nfs-ip34/jbod2/def-ilafores/ref_dbs/sourmash_db/RefSeq_20250528.k31.sbt.zip,GCF_036416795.1_ASM3641679v1_genomic,c36698f0fba88541e862d1e6992e9d87,0.21121642969984203,62000,282,406252000,/nfs3_ib/nfs-ip34/home/def-ilafores/analysis/MethodsComparison/Feces_RA/preproc/SRR5091473/SRR5091473_unmatched_2.fastq,SRR5091473,61f6de9a,617695000,31,DNA,1000,617695,True,0.8204342544342418,0.9510799417049252,0.8857570980695835,0.9510799417049252,False,697,6890185,9931721
5548000,0.008981779033341698,0.009025003698772007,9.87542395518824e-05,0.00011760298139667838,19.147540983606557,3.0,82.83834466243427,/net/nfs-ip34/jbod2/def-ilafores/ref_dbs/sourmash_db/RefSeq_20250528.k31.sbt.zip,GCF_024759245.1_ASM2475924v1_genomic,0fb69988750dece67b51722aca8d5556,0.8208314839473295,61000,283,406191000,/nfs3_ib/nfs-ip34/home/def-ilafores/analysis/MethodsComparison/Feces_RA/preproc/SRR5091473/SRR5091473_unmatched_2.fastq,SRR5091473,61f6de9a,617695000,31,DNA,1000,617695,True,0.8589728383302153,0.9936512888475036,0.9263120635888595,0.9936512888475036,False,1168,6891353,9931721
969000,0.00156873537911105,0.030138339920948616,9.87542395518824e-05,1.1478373184264841e-05,1.8688524590163935,1.0,1.311680311862132,/net/nfs-ip34/jbod2/def-ilafores/ref_dbs/sourmash_db/RefSeq_20250528.k31.sbt.zip,GCF_013267495.1_ASM1326749v1_genomic,a8c430254a9d54d434cc4d7fc56d7a1a,0.47875494071146246,61000,284,406130000,/nfs3_ib/nfs-ip34/home/def-ilafores/analysis/MethodsComparison/Feces_RA/preproc/SRR5091473/SRR5091473_unmatched_2.fastq,SRR5091473,61f6de9a,617695000,31,DNA,1000,617695,True,0.8119585531259843,0.976519844260127,0.8942391986930556,0.976519844260127,False,114,6891467,9931721
926000,0.0014991217348367721,0.019887305270135897,9.713531759201548e-05,0.0005263941667310228,87.13333333333334,40.0,92.55241157792102,/net/nfs-ip34/jbod2/def-ilafores/ref_dbs/sourmash_db/RefSeq_20250528.k31.sbt.zip,GCF_040026365.1_ASM4002636v1_genomic,9de4932095473c9973b31ae4d68399ec,0.306927411335764,60000,285,406070000,/nfs3_ib/nfs-ip34/home/def-ilafores/analysis/MethodsComparison/Feces_RA/preproc/SRR5091473/SRR5091473_unmatched_2.fastq,SRR5091473,61f6de9a,617695000,31,DNA,1000,617695,True,0.8107705487237354,0.9626153079767151,0.8866929283502253,0.9626153079767151,False,5228,6896695,9931721
124000,0.00020074632302349865,0.032397408207343416,9.713531759201548e-05,9.555242238480119e-05,15.816666666666666,10.0,36.52282011138911,/net/nfs-ip34/jbod2/def-ilafores/ref_dbs/sourmash_db/RefSeq_20250528.k31.sbt.zip,GCF_018336475.1_ASM1833647v1_genomic,6b50ba3d0d7cdd9081c30e0358c806f6,0.06695464362850972,60000,286,406010000,/nfs3_ib/nfs-ip34/home/def-ilafores/analysis/MethodsComparison/Feces_RA/preproc/SRR5091473/SRR5091473_unmatched_2.fastq,SRR5091473,61f6de9a,617695000,31,DNA,1000,617695,True,0.7598547238348757,0.9164778184014197,0.8381662711181477,0.9164778184014197,False,949,6897644,9931721
1220000,0.001975084791037648,0.013597603134362757,9.551639563214855e-05,7.350186337292399e-05,12.372881355932204,2.0,17.49081919478238,/net/nfs-ip34/jbod2/def-ilafores/ref_dbs/sourmash_db/RefSeq_20250528.k31.sbt.zip,GCF_033539535.1_ASM3353953v1_genomic,0427dc13b30085ec6c0b07b74b672320,0.28117077667665363,59000,287,405951000,/nfs3_ib/nfs-ip34/home/def-ilafores/analysis/MethodsComparison/Feces_RA/preproc/SRR5091473/SRR5091473_unmatched_2.fastq,SRR5091473,61f6de9a,617695000,31,DNA,1000,617695,True,0.8180141769700774,0.9598974645334273,0.8889558207517523,0.9598974645334273,False,730,6898374,9931721
3844000,0.006223136013728458,0.010700036271309395,9.551639563214855e-05,8.538298649347883e-05,14.372881355932204,4.0,28.27342185203644,/net/nfs-ip34/jbod2/def-ilafores/ref_dbs/sourmash_db/RefSeq_20250528.k31.sbt.zip,GCF_020091445.1_ASM2009144v1_genomic,ff35aa4d24d1a3b4813c1b80434118bb,0.6971345665578528,59000,288,405892000,/nfs3_ib/nfs-ip34/home/def-ilafores/analysis/MethodsComparison/Feces_RA/preproc/SRR5091473/SRR5091473_unmatched_2.fastq,SRR5091473,61f6de9a,617695000,31,DNA,1000,617695,True,0.8488657469015521,0.988429497146702,0.9186476220241271,0.988429497146702,False,848,6899222,9931721
112000,0.00018131925950509557,0.0203168044077135,9.551639563214855e-05,7.863692506062142e-05,13.23728813559322,1.0,60.7995704107958,/net/nfs-ip34/jbod2/def-ilafores/ref_dbs/sourmash_db/RefSeq_20250528.k31.sbt.zip,GCF_003628755.1_ASM362875v1_genomic,24bd6eedf3ac190a9b4b403e833d9da5,0.03856749311294766,59000,289,405833000,/nfs3_ib/nfs-ip34/home/def-ilafores/analysis/MethodsComparison/Feces_RA/preproc/SRR5091473/SRR5091473_unmatched_2.fastq,SRR5091473,61f6de9a,617695000,31,DNA,1000,617695,True,0.7573639743472925,0.9003144882451289,0.8288392312962107,0.9003144882451289,False,781,6900003,9931721
401000,0.0006491877059066368,0.01813633520950594,9.389747367228163e-05,9.968060923177363e-05,17.06896551724138,3.5,25.644023346826916,/net/nfs-ip34/jbod2/def-ilafores/ref_dbs/sourmash_db/RefSeq_20250528.k31.sbt.zip,GCF_000209935.1_ASM20993v1_genomic,dcbd1d093e4e25fa785bf2accc52d95b,0.1253908692933083,58000,290,405775000,/nfs3_ib/nfs-ip34/home/def-ilafores/analysis/MethodsComparison/Feces_RA/preproc/SRR5091473/SRR5091473_unmatched_2.fastq,SRR5091473,61f6de9a,617695000,31,DNA,1000,617695,True,0.7891748475796094,0.9352157316282356,0.8621952896039224,0.9352157316282356,False,990,6900993,9931721
988000,0.0015994948963485216,0.013036637446617217,9.389747367228163e-05,0.00022423102702945441,38.39655172413793,1.0,101.92068242192441,/net/nfs-ip34/jbod2/def-ilafores/ref_dbs/sourmash_db/RefSeq_20250528.k31.sbt.zip,GCF_963360665.1_BFTSDC17_v2_genomic,f0ce3f7b0d131daf996251931d5e8c91,0.22207237581478984,58000,291,405717000,/nfs3_ib/nfs-ip34/home/def-ilafores/analysis/MethodsComparison/Feces_RA/preproc/SRR5091473/SRR5091473_unmatched_2.fastq,SRR5091473,61f6de9a,617695000,31,DNA,1000,617695,True,0.8124673150605903,0.9526188670757156,0.882543091068153,0.9526188670757156,False,2227,6903220,9931721
108000,0.00017484357166562786,0.02460755197284684,9.389747367228163e-05,7.95431124172739e-06,1.3620689655172413,1.0,0.7119249248987097,/net/nfs-ip34/jbod2/def-ilafores/ref_dbs/sourmash_db/RefSeq_20250528.k31.sbt.zip,GCF_005696695.1_ASM569669v1_genomic,3d0dfb3e84cae72bb819df8873e40343,0.04582095884599067,58000,292,405659000,/nfs3_ib/nfs-ip34/home/def-ilafores/analysis/MethodsComparison/Feces_RA/preproc/SRR5091473/SRR5091473_unmatched_2.fastq,SRR5091473,61f6de9a,617695000,31,DNA,1000,617695,True,0.7564759939120818,0.9053333558880942,0.8309046749000879,0.9053333558880942,False,79,6903299,9931721
162000,0.0002622653574984418,0.025652565256525654,9.22785517124147e-05,8.054998725799889e-06,1.4035087719298245,1.0,0.8955964223228223,/net/nfs-ip34/jbod2/def-ilafores/ref_dbs/sourmash_db/RefSeq_20250528.k31.sbt.zip,GCF_037076355.1_ASM3707635v1_genomic,26b740f96bc18fdf0c7869df1db2b835,0.07290729072907291,57000,293,405602000,/nfs3_ib/nfs-ip34/home/def-ilafores/analysis/MethodsComparison/Feces_RA/preproc/SRR5091473/SRR5091473_unmatched_2.fastq,SRR5091473,61f6de9a,617695000,31,DNA,1000,617695,True,0.7664353261732655,0.918999324696896,0.8427173254350808,0.918999324696896,False,80,6903379,9931721
1103000,0.0017856709217332178,0.01442672741078208,9.22785517124147e-05,8.860498598379879e-06,1.543859649122807,1.0,1.1092936813710343,/net/nfs-ip34/jbod2/def-ilafores/ref_dbs/sourmash_db/RefSeq_20250528.k31.sbt.zip,GCF_032452275.1_ASM3245227v1_genomic,2a6b1835ddcd5f0e781fcfaaf5bdb754,0.2791698304226778,57000,294,405545000,/nfs3_ib/nfs-ip34/home/def-ilafores/analysis/MethodsComparison/Feces_RA/preproc/SRR5091473/SRR5091473_unmatched_2.fastq,SRR5091473,61f6de9a,617695000,31,DNA,1000,617695,True,0.8153581810122076,0.9596763443972619,0.8875172627047347,0.9596763443972619,False,88,6903467,9931721
518000,0.0008386015752110669,0.02541988197911938,9.065962975254779e-05,9.152492302190123e-05,16.232142857142858,16.0,5.672587817832388,/net/nfs-ip34/jbod2/def-ilafores/ref_dbs/sourmash_db/RefSeq_20250528.k31.sbt.zip,GCF_020181355.1_ASM2018135v1_genomic,12bb79a35fe0b383414df0f2f6def9ec,0.2351339083068543,56000,295,405489000,/nfs3_ib/nfs-ip34/home/def-ilafores/analysis/MethodsComparison/Feces_RA/preproc/SRR5091473/SRR5091473_unmatched_2.fastq,SRR5091473,61f6de9a,617695000,31,DNA,1000,617695,True,0.7957192423559916,0.9543767421590791,0.8750479922575354,0.9543767421590791,False,909,6904376,9931721
4269000,0.006911177846671901,0.011075949367088608,9.065962975254779e-05,4.420180550782689e-05,7.839285714285714,3.0,12.30240508674492,/net/nfs-ip34/jbod2/def-ilafores/ref_dbs/sourmash_db/RefSeq_20250528.k31.sbt.zip,GCF_012273055.1_ASM1227305v1_genomic,c1884ac4d25c83812a1bdd52c3c7dc1b,0.8443433544303798,56000,296,405433000,/nfs3_ib/nfs-ip34/home/def-ilafores/analysis/MethodsComparison/Feces_RA/preproc/SRR5091473/SRR5091473_unmatched_2.fastq,SRR5091473,61f6de9a,617695000,31,DNA,1000,617695,True,0.8517421335844592,0.9945569304108952,0.9231495319976772,0.9945569304108952,False,439,6904815,9931721
3515000,0.0056905106889322404,0.010773374374759523,9.065962975254779e-05,6.746061432857407e-06,1.1964285714285714,1.0,0.39729634752298193,/net/nfs-ip34/jbod2/def-ilafores/ref_dbs/sourmash_db/RefSeq_20250528.k31.sbt.zip,GCF_030413805.1_ASM3041380v1_genomic,235fbbe65fccc8083a6e6d78fb1c1cc9,0.6762216237014236,56000,297,405377000,/nfs3_ib/nfs-ip34/home/def-ilafores/analysis/MethodsComparison/Feces_RA/preproc/SRR5091473/SRR5091473_unmatched_2.fastq,SRR5091473,61f6de9a,617695000,31,DNA,1000,617695,True,0.8464192345591391,0.9874588392284253,0.9169390368937822,0.9874588392284253,False,67,6904882,9931721
138000,0.0002234112304616356,0.01732137333745747,9.065962975254779e-05,8.357061178017384e-06,1.4821428571428572,1.0,0.9634586400154437,/net/nfs-ip34/jbod2/def-ilafores/ref_dbs/sourmash_db/RefSeq_20250528.k31.sbt.zip,GCF_020735565.1_ASM2073556v1_genomic,71d5568410170f0cdda2d0c79d6c46f8,0.04268481286730591,56000,298,405321000,/nfs3_ib/nfs-ip34/home/def-ilafores/analysis/MethodsComparison/Feces_RA/preproc/SRR5091473/SRR5091473_unmatched_2.fastq,SRR5091473,61f6de9a,617695000,31,DNA,1000,617695,True,0.7624812939785064,0.9032651830321976,0.832873238505352,0.9032651830321976,False,83,6904965,9931721
1862000,0.0030144326892722136,0.01925722145804677,9.065962975254779e-05,0.0002394348371244017,42.464285714285715,43.0,20.149410028330752,/net/nfs-ip34/jbod2/def-ilafores/ref_dbs/sourmash_db/RefSeq_20250528.k31.sbt.zip,GCF_000210695.1_ASM21069v1_genomic,63c45790e4e0e34800467d47c7de68dd,0.640302613480055,56000,299,405265000,/nfs3_ib/nfs-ip34/home/def-ilafores/analysis/MethodsComparison/Feces_RA/preproc/SRR5091473/SRR5091473_unmatched_2.fastq,SRR5091473,61f6de9a,617695000,31,DNA,1000,617695,True,0.8292472716792806,0.9857218051594223,0.9074845384193515,0.9857218051594223,False,2378,6907343,9931721
56000,9.065962975254779e-05,0.56,9.065962975254779e-05,0.0006804460173619457,120.67857142857143,119.5,39.37915834860996,/net/nfs-ip34/jbod2/def-ilafores/ref_dbs/sourmash_db/RefSeq_20250528.k31.sbt.zip,GCF_009734245.1_ASM973424v1_genomic,155090493e708fead3e338c1589a8d83,0.56,56000,300,405209000,/nfs3_ib/nfs-ip34/home/def-ilafores/analysis/MethodsComparison/Feces_RA/preproc/SRR5091473/SRR5091473_unmatched_2.fastq,SRR5091473,61f6de9a,617695000,31,DNA,1000,617695,True,0.7406175483476601,0.9814700086038304,0.8610437784757452,0.9814700086038304,False,6758,6914101,9931721
2985000,0.00483248205020277,0.016586248492159228,8.904070779268086e-05,6.443998980639911e-05,11.636363636363637,8.0,10.450513056328663,/net/nfs-ip34/jbod2/def-ilafores/ref_dbs/sourmash_db/RefSeq_20250528.k31.sbt.zip,GCF_964272175.1_LUMC_Rgna_QRD002_genomic,1f13f5ec9fda2958b49cb5ff70fad6eb,0.9001809408926418,55000,301,405154000,/nfs3_ib/nfs-ip34/home/def-ilafores/analysis/MethodsComparison/Feces_RA/preproc/SRR5091473/SRR5091473_unmatched_2.fastq,SRR5091473,61f6de9a,617695000,31,DNA,1000,617695,True,0.8419684431281587,0.9966135055244899,0.9192909743263242,0.9966135055244899,False,640,6914741,9931721
4989000,0.008076801657776087,0.008221225710014948,8.904070779268086e-05,2.537324598626965e-05,4.581818181818182,4.0,3.4677260513111685,/net/nfs-ip34/jbod2/def-ilafores/ref_dbs/sourmash_db/RefSeq_20250528.k31.sbt.zip,GCF_018292045.1_ASM1829204v1_genomic,351f8438ec8d8675fbef71d53ee9a94a,0.7457399103139013,55000,302,405099000,/nfs3_ib/nfs-ip34/home/def-ilafores/analysis/MethodsComparison/Feces_RA/preproc/SRR5091473/SRR5091473_unmatched_2.fastq,SRR5091473,61f6de9a,617695000,31,DNA,1000,617695,True,0.856035142801956,0.9905808221187311,0.9233079824603436,0.9905808221187311,False,252,6914993,9931721
318000,0.0005148171832376821,0.022167487684729065,8.742178583281393e-05,0.00013129647923053819,24.14814814814815,16.0,27.697043168438547,/net/nfs-ip34/jbod2/def-ilafores/ref_dbs/sourmash_db/RefSeq_20250528.k31.sbt.zip,GCF_001304715.1_ASM130471v1_genomic,72d584b583ab9b130a76bfa2b9353787,0.13054187192118227,54000,303,405045000,/nfs3_ib/nfs-ip34/home/def-ilafores/analysis/MethodsComparison/Feces_RA/preproc/SRR5091473/SRR5091473_unmatched_2.fastq,SRR5091473,61f6de9a,617695000,31,DNA,1000,617695,True,0.7832930829495607,0.9364310406121075,0.8598620617808341,0.9364310406121075,False,1304,6916297,9931721
143000,0.00023150584026097022,0.018620689655172412,8.742178583281393e-05,0.00012193254321179581,22.425925925925927,1.0,50.52047690892896,/net/nfs-ip34/jbod2/def-ilafores/ref_dbs/sourmash_db/RefSeq_20250528.k31.sbt.zip,GCF_000210595.1_ASM21059v1_genomic,eba4ca0d68fa97c7e6ee4e9207591ef2,0.04931034482758621,54000,304,404991000,/nfs3_ib/nfs-ip34/home/def-ilafores/analysis/MethodsComparison/Feces_RA/preproc/SRR5091473/SRR5091473_unmatched_2.fastq,SRR5091473,61f6de9a,617695000,31,DNA,1000,617695,True,0.7633571976563484,0.9074792656892352,0.8354182316727918,0.9074792656892352,False,1211,6917508,9931721
56000,9.065962975254779e-05,0.018467852257181942,8.742178583281393e-05,7.2494988532199005e-06,1.3333333333333333,1.0,0.6085806194501845,/net/nfs-ip34/jbod2/def-ilafores/ref_dbs/sourmash_db/RefSeq_20250528.k31.sbt.zip,GCF_003798325.1_ASM379832v1_genomic,d27da81f86aeb3df8f529d06d85c4a24,0.019151846785225718,54000,305,404937000,/nfs3_ib/nfs-ip34/home/def-ilafores/analysis/MethodsComparison/Feces_RA/preproc/SRR5091473/SRR5091473_unmatched_2.fastq,SRR5091473,61f6de9a,617695000,31,DNA,1000,617695,True,0.7406175483476601,0.8802123152944289,0.8104149318210445,0.8802123152944289,False,72,6917580,9931721
56000,9.065962975254779e-05,0.02541966426858513,8.5802863872947e-05,5.940561560277418e-06,1.1132075471698113,1.0,0.316846332523522,/net/nfs-ip34/jbod2/def-ilafores/ref_dbs/sourmash_db/RefSeq_20250528.k31.sbt.zip,GCF_000212375.1_ASM21237v1_genomic,e219bc1453db3539e254fdd8b53c7771,0.02685851318944844,53000,306,404884000,/nfs3_ib/nfs-ip34/home/def-ilafores/analysis/MethodsComparison/Feces_RA/preproc/SRR5091473/SRR5091473_unmatched_2.fastq,SRR5091473,61f6de9a,617695000,31,DNA,1000,617695,True,0.7406175483476601,0.8898672523457475,0.8152424003467038,0.8898672523457475,False,59,6917639,9931721
117000,0.00018941386930443018,0.02330793366203496,8.418394191308007e-05,1.4801060158657296e-05,2.826923076923077,1.0,4.77864300759984,/net/nfs-ip34/jbod2/def-ilafores/ref_dbs/sourmash_db/RefSeq_20250528.k31.sbt.zip,GCF_000265095.1_ASM26509v1_genomic,9c693204c15867bda455e7cdeb456aec,0.05244285073957866,52000,307,404832000,/nfs3_ib/nfs-ip34/home/def-ilafores/analysis/MethodsComparison/Feces_RA/preproc/SRR5091473/SRR5091473_unmatched_2.fastq,SRR5091473,61f6de9a,617695000,31,DNA,1000,617695,True,0.758431756021976,0.9092840179939554,0.8338578870079657,0.9092840179939554,False,147,6917786,9931721
3924000,0.006352649770517812,0.009996155324875048,8.418394191308007e-05,6.383586490196412e-05,12.192307692307692,11.5,5.778070151404897,/net/nfs-ip34/jbod2/def-ilafores/ref_dbs/sourmash_db/RefSeq_20250528.k31.sbt.zip,GCF_000009925.1_ASM992v1_genomic,3ba9cc1340929d2a88c43dee38483400,0.754325259515571,52000,308,404780000,/nfs3_ib/nfs-ip34/home/def-ilafores/analysis/MethodsComparison/Feces_RA/preproc/SRR5091473/SRR5091473_unmatched_2.fastq,SRR5091473,61f6de9a,617695000,31,DNA,1000,617695,True,0.8494299659294756,0.9909466619439357,0.9201883139367056,0.9909466619439357,False,634,6918420,9931721
3837000,0.00621180356000939,0.010487353485502776,8.256501995321316e-05,0.00039529906246862955,76.98039215686275,17.0,117.14905708675934,/net/nfs-ip34/jbod2/def-ilafores/ref_dbs/sourmash_db/RefSeq_20250528.k31.sbt.zip,GCF_008728395.1_ASM872839v1_genomic,be62626804ebd51a937970eebfaaba96,0.7890191239975324,51000,309,404729000,/nfs3_ib/nfs-ip34/home/def-ilafores/analysis/MethodsComparison/Feces_RA/preproc/SRR5091473/SRR5091473_unmatched_2.fastq,SRR5091473,61f6de9a,617695000,31,DNA,1000,617695,True,0.8488158383530879,0.9923851180153158,0.9206004781842019,0.9923851180153158,False,3926,6922346,9931721
287000,0.00046463060248180734,0.013755158184319119,8.094609799334623e-05,2.9602120317314592e-05,5.88,2.0,8.329801918413185,/net/nfs-ip34/jbod2/def-ilafores/ref_dbs/sourmash_db/RefSeq_20250528.k31.sbt.zip,GCF_045063725.1_ASM4506372v1_genomic,1f4d092b598afba11bc8b9448da36994,0.07895460797799175,50000,310,404679000,/nfs3_ib/nfs-ip34/home/def-ilafores/analysis/MethodsComparison/Feces_RA/preproc/SRR5091473/SRR5091473_unmatched_2.fastq,SRR5091473,61f6de9a,617695000,31,DNA,1000,617695,True,0.780705697372585,0.9213646203067755,0.8510351588396803,0.9213646203067755,False,294,6922640,9931721
96000,0.00015541650814722476,0.02004008016032064,8.094609799334623e-05,2.3057433852602183e-05,4.58,1.0,7.164049134393204,/net/nfs-ip34/jbod2/def-ilafores/ref_dbs/sourmash_db/RefSeq_20250528.k31.sbt.zip,GCF_017743215.1_ASM1774321v1_genomic,ca526f2b3dcfae5b18a508ec5c37771e,0.03847695390781563,50000,311,404629000,/nfs3_ib/nfs-ip34/home/def-ilafores/analysis/MethodsComparison/Feces_RA/preproc/SRR5091473/SRR5091473_unmatched_2.fastq,SRR5091473,61f6de9a,617695000,31,DNA,1000,617695,True,0.753607252381811,0.9002462321227328,0.8269267422522719,0.9002462321227328,False,229,6922869,9931721
1490000,0.0024121937202017177,0.01733102253032929,8.094609799334623e-05,0.00021728359062845202,43.16,35.0,42.424690924036206,/net/nfs-ip34/jbod2/def-ilafores/ref_dbs/sourmash_db/RefSeq_20250528.k31.sbt.zip,GCF_002586945.1_ASM258694v1_genomic,37548ff8695f19adfb807e1221069651,0.5164644714038128,50000,312,404579000,/nfs3_ib/nfs-ip34/home/def-ilafores/analysis/MethodsComparison/Feces_RA/preproc/SRR5091473/SRR5091473_unmatched_2.fastq,SRR5091473,61f6de9a,617695000,31,DNA,1000,617695,True,0.8233067637518108,0.9789110713633361,0.9011089175575735,0.9789110713633361,False,2158,6925027,9931721
4232000,0.006851277734156825,0.007793017456359103,8.094609799334623e-05,0.00014650028932548548,29.1,5.5,77.4372649310395,/net/nfs-ip34/jbod2/def-ilafores/ref_dbs/sourmash_db/RefSeq_20250528.k31.sbt.zip,GCF_024799845.1_ASM2479984v1_genomic,1affe8cbd37c62a3073bbe0490a4ad0a,0.6596009975062345,50000,313,404529000,/nfs3_ib/nfs-ip34/home/def-ilafores/analysis/MethodsComparison/Feces_RA/preproc/SRR5091473/SRR5091473_unmatched_2.fastq,SRR5091473,61f6de9a,617695000,31,DNA,1000,617695,True,0.8515029948596563,0.9866664583300533,0.9190847265948547,0.9866664583300533,False,1455,6926482,9931721
60000,9.713531759201548e-05,0.02107037505267594,8.094609799334623e-05,7.3501863372923986e-06,1.46,1.0,1.1173182178770735,/net/nfs-ip34/jbod2/def-ilafores/ref_dbs/sourmash_db/RefSeq_20250528.k31.sbt.zip,GCF_002386365.1_ASM238636v1_genomic,e2519b48f2470d29a461896ac73d909e,0.025284450063211124,50000,314,404479000,/nfs3_ib/nfs-ip34/home/def-ilafores/analysis/MethodsComparison/Feces_RA/preproc/SRR5091473/SRR5091473_unmatched_2.fastq,SRR5091473,61f6de9a,617695000,31,DNA,1000,617695,True,0.7422676849299178,0.8881353278032554,0.8152015063665866,0.8881353278032554,False,73,6926555,9931721
