intersect_bp,f_orig_query,f_match,f_unique_to_query,f_unique_weighted,average_abund,median_abund,std_abund,filename,name,md5,f_match_orig,unique_intersect_bp,gather_result_rank,remaining_bp,query_filename,query_name,query_md5,query_bp,ksize,moltype,scaled,query_n_hashes,query_abundance,query_containment_ani,match_containment_ani,average_containment_ani,max_containment_ani,potential_false_negative,n_unique_weighted_found,sum_weighted_found,total_weighted_hashes
4765000,0.010184779472272393,0.6763662171753017,0.010184779472272393,0.016741655372866746,8.816998950682057,2.0,49.98902381744821,/net/nfs-ip34/jbod2/def-ilafores/ref_dbs/sourmash_db/RefSeq_20250528.k31.sbt.zip,GCF_018292125.1_ASM1829212v1_genomic,db815f18771b0ea0ac3270b94c8884ba,0.6763662171753017,4765000,0,463090000,/nfs3_ib/nfs-ip34/home/def-ilafores/analysis/MethodsComparison/Feces_RA/preproc/SRR5091617/SRR5091617_unmatched_2.fastq,SRR5091617,6c017906,467855000,31,DNA,1000,467855,True,0.8624628062025904,0.9874656496189428,0.9249642279107666,0.9874656496189428,False,42013,42013,2509489
4756000,0.01016554274294386,0.7298213185459026,0.010127069284286798,0.007141692990086827,3.782608695652174,3.0,15.09284679120106,/net/nfs-ip34/jbod2/def-ilafores/ref_dbs/sourmash_db/RefSeq_20250528.k31.sbt.zip,GCF_001314995.1_ASM131499v1_genomic,514bdd6aa640f40cc6414be0e11ec2f6,0.7325939617991374,4738000,1,458352000,/nfs3_ib/nfs-ip34/home/def-ilafores/analysis/MethodsComparison/Feces_RA/preproc/SRR5091617/SRR5091617_unmatched_2.fastq,SRR5091617,6c017906,467855000,31,DNA,1000,467855,True,0.8624102098645683,0.9900126701852184,0.9262114400248933,0.9900126701852184,False,17922,59935,2509489
4495000,0.009607677592416455,0.8269986893840104,0.009440959271569183,0.02861578592295085,16.25786733076749,5.0,38.38794645030591,/net/nfs-ip34/jbod2/def-ilafores/ref_dbs/sourmash_db/RefSeq_20250528.k31.sbt.zip,GCF_025916455.1_ASM2591645v1_genomic,27ccee7b3170a58b99749b4c684abf80,0.8416026961243213,4417000,2,453935000,/nfs3_ib/nfs-ip34/home/def-ilafores/analysis/MethodsComparison/Feces_RA/preproc/SRR5091617/SRR5091617_unmatched_2.fastq,SRR5091617,6c017906,467855000,31,DNA,1000,467855,True,0.8608414589558686,0.9944526298176894,0.927647044386779,0.9944526298176894,False,71811,131746,2509489
4358000,0.009314851823748811,0.7590978013646702,0.008560344551196418,0.04799901493889792,30.07565543071161,30.0,32.698578299715045,/net/nfs-ip34/jbod2/def-ilafores/ref_dbs/sourmash_db/RefSeq_20250528.k31.sbt.zip,GCF_018291785.1_ASM1829178v1_genomic,94290db9715a9c6fca358ac639119d83,0.8260045489006823,4005000,3,449930000,/nfs3_ib/nfs-ip34/home/def-ilafores/analysis/MethodsComparison/Feces_RA/preproc/SRR5091617/SRR5091617_unmatched_2.fastq,SRR5091617,6c017906,467855000,31,DNA,1000,467855,True,0.8599823673911354,0.9938526822822619,0.9269175248366986,0.9938526822822619,False,120453,252199,2509489
4019000,0.008590268352374133,0.7752109280835677,0.008248282053200244,0.0070651833899252,4.594454521896864,3.0,11.870689668777898,/net/nfs-ip34/jbod2/def-ilafores/ref_dbs/sourmash_db/RefSeq_20250528.k31.sbt.zip,GCF_020091545.1_ASM2009154v1_genomic,cbccf2735894b89c5383dfa9cc789cf8,0.8073523503415027,3859000,4,446071000,/nfs3_ib/nfs-ip34/home/def-ilafores/analysis/MethodsComparison/Feces_RA/preproc/SRR5091617/SRR5091617_unmatched_2.fastq,SRR5091617,6c017906,467855000,31,DNA,1000,467855,True,0.8577387998272722,0.993120704069223,0.9254297519482476,0.993120704069223,False,17730,269929,2509489
3900000,0.008335916042363552,0.7601864990877762,0.008015303886888031,0.004714904109960235,3.1552,2.0,7.806282488696739,/net/nfs-ip34/jbod2/def-ilafores/ref_dbs/sourmash_db/RefSeq_20250528.k31.sbt.zip,GCF_045689415.1_ASM4568941v1_genomic,6bce66b634b08044fc3b860c0033ad49,0.7905939590512873,3750000,5,442321000,/nfs3_ib/nfs-ip34/home/def-ilafores/analysis/MethodsComparison/Feces_RA/preproc/SRR5091617/SRR5091617_unmatched_2.fastq,SRR5091617,6c017906,467855000,31,DNA,1000,467855,True,0.8569075680305841,0.9924489512726864,0.9246782596516352,0.9924489512726864,False,11832,281761,2509489
3702000,0.007912707997135865,0.6540810660744031,0.007553622383003281,0.0039824840834129975,2.827956989247312,2.0,7.477667142878057,/net/nfs-ip34/jbod2/def-ilafores/ref_dbs/sourmash_db/RefSeq_20250528.k31.sbt.zip,GCF_002257605.1_ASM225760v1_genomic,f7997817cc52d394fc177270fcbc526c,0.6851749028317601,3534000,6,438787000,/nfs3_ib/nfs-ip34/home/def-ilafores/analysis/MethodsComparison/Feces_RA/preproc/SRR5091617/SRR5091617_unmatched_2.fastq,SRR5091617,6c017906,467855000,31,DNA,1000,467855,True,0.8554685278501195,0.987877905964662,0.9216732169073907,0.987877905964662,False,9994,291755,2509489
3261000,0.0069701082600378324,0.7543859649122807,0.006893161342723707,0.004871509697791064,3.7906976744186047,3.0,14.265562381339407,/net/nfs-ip34/jbod2/def-ilafores/ref_dbs/sourmash_db/RefSeq_20250528.k31.sbt.zip,GCF_900187175.1_51342_A02_genomic,ebb5322e84d5def69ea51d3ef551ea04,0.7628070175438596,3225000,7,435562000,/nfs3_ib/nfs-ip34/home/def-ilafores/analysis/MethodsComparison/Feces_RA/preproc/SRR5091617/SRR5091617_unmatched_2.fastq,SRR5091617,6c017906,467855000,31,DNA,1000,467855,True,0.8519754516142747,0.9913041519139838,0.9216398017641292,0.9913041519139838,False,12225,303980,2509489
3285000,0.007021406204913916,0.6291812025446337,0.006553312457919655,0.0033174084445080254,2.7152641878669277,2.0,4.25539930372978,/net/nfs-ip34/jbod2/def-ilafores/ref_dbs/sourmash_db/RefSeq_20250528.k31.sbt.zip,GCF_003991565.1_ASM399156v1_genomic,a0b4e7d5cd51e8887dc8f1ea3a46b770,0.6741227170121076,3066000,8,432496000,/nfs3_ib/nfs-ip34/home/def-ilafores/analysis/MethodsComparison/Feces_RA/preproc/SRR5091617/SRR5091617_unmatched_2.fastq,SRR5091617,6c017906,467855000,31,DNA,1000,467855,True,0.8521770021398919,0.9873598211530018,0.9197684116464468,0.9873598211530018,False,8325,312305,2509489
3395000,0.007256521785595964,0.5125752745306411,0.006185677186307723,0.002953190868738616,2.5608154803040772,2.0,2.860666485635986,/net/nfs-ip34/jbod2/def-ilafores/ref_dbs/sourmash_db/RefSeq_20250528.k31.sbt.zip,GCF_020341675.1_ASM2034167v1_genomic,bd2850a06cddf8a9c679f450156df141,0.6013106624158696,2894000,9,429602000,/nfs3_ib/nfs-ip34/home/def-ilafores/analysis/MethodsComparison/Feces_RA/preproc/SRR5091617/SRR5091617_unmatched_2.fastq,SRR5091617,6c017906,467855000,31,DNA,1000,467855,True,0.8530829106312283,0.9837260186234851,0.9184044646273567,0.9837260186234851,False,7411,319716,2509489
2984000,0.0063780444795930365,0.6875934230194319,0.005899263660749591,0.007034101364859539,6.395652173913043,6.0,5.415956959952736,/net/nfs-ip34/jbod2/def-ilafores/ref_dbs/sourmash_db/RefSeq_20250528.k31.sbt.zip,GCF_900683745.1_Paraprevotella_xylaniphila_82A6_genomic,5e6e3eba0c8b886e7c308dc9056f6fdf,0.7433981066268062,2760000,10,426842000,/nfs3_ib/nfs-ip34/home/def-ilafores/analysis/MethodsComparison/Feces_RA/preproc/SRR5091617/SRR5091617_unmatched_2.fastq,SRR5091617,6c017906,467855000,31,DNA,1000,467855,True,0.8495392899400737,0.9904803253544606,0.9200098076472671,0.9904803253544606,False,17652,337368,2509489
2862000,0.006117279926472946,0.7677165354330708,0.005835141229654487,0.009630247432843898,8.852380952380953,8.0,5.5133374588774595,/net/nfs-ip34/jbod2/def-ilafores/ref_dbs/sourmash_db/RefSeq_20250528.k31.sbt.zip,GCF_045070525.1_ASM4507052v1_genomic,214150bf2398bbfa49ab399581721b68,0.8048368953880765,2730000,11,424112000,/nfs3_ib/nfs-ip34/home/def-ilafores/analysis/MethodsComparison/Feces_RA/preproc/SRR5091617/SRR5091617_unmatched_2.fastq,SRR5091617,6c017906,467855000,31,DNA,1000,467855,True,0.8483960866223504,0.9930207387501995,0.920708412686275,0.9930207387501995,False,24167,361535,2509489
4415000,0.00943668444282951,0.5116142885028304,0.005602163063342275,0.03180727231719286,30.454025181228538,29.0,21.785921321157186,/net/nfs-ip34/jbod2/def-ilafores/ref_dbs/sourmash_db/RefSeq_20250528.k31.sbt.zip,GCF_020091465.1_ASM2009146v1_genomic,cfcaa7d93ee12c43b81dc72fd8321792,0.8617997267226235,2621000,12,421491000,/nfs3_ib/nfs-ip34/home/def-ilafores/analysis/MethodsComparison/Feces_RA/preproc/SRR5091617/SRR5091617_unmatched_2.fastq,SRR5091617,6c017906,467855000,31,DNA,1000,467855,True,0.8603429308516196,0.9952136727297889,0.9277783017907042,0.9952136727297889,False,79820,441355,2509489
2553000,0.005456818886193372,0.73039496279336,0.005454681471823535,0.017018604185951802,16.735109717868337,16.0,20.49044939780512,/net/nfs-ip34/jbod2/def-ilafores/ref_dbs/sourmash_db/RefSeq_20250528.k31.sbt.zip,GCF_014337175.1_ASM1433717v1_genomic,a712134ff5fdebda1dc08f01019daf8a,0.7306811677160847,2552000,13,418939000,/nfs3_ib/nfs-ip34/home/def-ilafores/analysis/MethodsComparison/Feces_RA/preproc/SRR5091617/SRR5091617_unmatched_2.fastq,SRR5091617,6c017906,467855000,31,DNA,1000,467855,True,0.845275049181141,0.9899291804243175,0.9176021148027294,0.9899291804243175,False,42708,484063,2509489
2542000,0.005433307328125167,0.7011049723756906,0.00542475767064582,0.003761323520445796,3.719070133963751,2.0,8.752860547962076,/net/nfs-ip34/jbod2/def-ilafores/ref_dbs/sourmash_db/RefSeq_20250528.k31.sbt.zip,GCF_005121165.3_ASM512116v3_genomic,74059216b7cd65a7ff314267c1b83b8e,0.7022099447513812,2538000,14,416401000,/nfs3_ib/nfs-ip34/home/def-ilafores/analysis/MethodsComparison/Feces_RA/preproc/SRR5091617/SRR5091617_unmatched_2.fastq,SRR5091617,6c017906,467855000,31,DNA,1000,467855,True,0.8451573196872108,0.9886608157053098,0.9169090676962603,0.9886608157053098,False,9439,493502,2509489
2685000,0.005738957583011831,0.5057664080520026,0.005155443460046382,0.005681236299501612,5.910862354892205,4.0,11.674159559138777,/net/nfs-ip34/jbod2/def-ilafores/ref_dbs/sourmash_db/RefSeq_20250528.k31.sbt.zip,GCF_018289315.1_ASM1828931v1_genomic,b8882c82de7b01fc8d6d7c5d0f9c6851,0.563011113440973,2412000,15,413989000,/nfs3_ib/nfs-ip34/home/def-ilafores/analysis/MethodsComparison/Feces_RA/preproc/SRR5091617/SRR5091617_unmatched_2.fastq,SRR5091617,6c017906,467855000,31,DNA,1000,467855,True,0.8466507370802744,0.9816398044271609,0.9141452707537177,0.9816398044271609,False,14257,507759,2509489
2660000,0.0056855222237659105,0.35579721243682033,0.004965213581130906,0.0016142728659101515,1.7438656909169177,1.0,2.74913206560139,/net/nfs-ip34/jbod2/def-ilafores/ref_dbs/sourmash_db/RefSeq_20250528.k31.sbt.zip,GCF_025916315.1_ASM2591631v1_genomic,a861cd4f4fc1c18dd8addbc67f8937d7,0.4074130801041507,2323000,16,411666000,/nfs3_ib/nfs-ip34/home/def-ilafores/analysis/MethodsComparison/Feces_RA/preproc/SRR5091617/SRR5091617_unmatched_2.fastq,SRR5091617,6c017906,467855000,31,DNA,1000,467855,True,0.846395289064398,0.9714500676151968,0.9089226783397975,0.9714500676151968,False,4051,511810,2509489
2352000,0.0050271985978561735,0.801450276243094,0.0049609387523912325,0.017845465750198547,19.294700560103404,18.0,16.477635213277402,/net/nfs-ip34/jbod2/def-ilafores/ref_dbs/sourmash_db/RefSeq_20250528.k31.sbt.zip,GCF_036632915.2_ASM3663291v2_genomic,1be8a5fa3d48a02ef6804d87b6dc2cbb,0.8121546961325967,2321000,17,409345000,/nfs3_ib/nfs-ip34/home/def-ilafores/analysis/MethodsComparison/Feces_RA/preproc/SRR5091617/SRR5091617_unmatched_2.fastq,SRR5091617,6c017906,467855000,31,DNA,1000,467855,True,0.8430420303511953,0.9933107172553032,0.9181763738032492,0.9933107172553032,False,44783,556593,2509489
2296000,0.004907503393145312,0.693655589123867,0.004907503393145312,0.004944034422944272,5.4037456445993035,5.0,2.9809739150723304,/net/nfs-ip34/jbod2/def-ilafores/ref_dbs/sourmash_db/RefSeq_20250528.k31.sbt.zip,GCF_018847195.1_ASM1884719v1_genomic,04db70709eb08b06be87b6ae31abc2ed,0.693655589123867,2296000,18,407049000,/nfs3_ib/nfs-ip34/home/def-ilafores/analysis/MethodsComparison/Feces_RA/preproc/SRR5091617/SRR5091617_unmatched_2.fastq,SRR5091617,6c017906,467855000,31,DNA,1000,467855,True,0.8423869543859147,0.988269993775993,0.9153284740809539,0.988269993775993,False,12407,569000,2509489
2210000,0.004723685757339347,0.6871603260869565,0.004323989270179863,0.011446154974180002,14.19871478002966,13.0,9.530037241077617,/net/nfs-ip34/jbod2/def-ilafores/ref_dbs/sourmash_db/RefSeq_20250528.k31.sbt.zip,GCF_019967975.1_ASM1996797v1_genomic,2c2d74013e8cf3a4113eeeae8dce1511,0.7506793478260869,2023000,19,405026000,/nfs3_ib/nfs-ip34/home/def-ilafores/analysis/MethodsComparison/Feces_RA/preproc/SRR5091617/SRR5091617_unmatched_2.fastq,SRR5091617,6c017906,467855000,31,DNA,1000,467855,True,0.8413502079445339,0.9907917967545138,0.9160710023495238,0.9907917967545138,False,28724,597724,2509489
1999000,0.00427269132530378,0.3152996845425868,0.00427269132530378,0.001178327539989217,1.479239619809905,1.0,0.8870386919021748,/net/nfs-ip34/jbod2/def-ilafores/ref_dbs/sourmash_db/RefSeq_20250528.k31.sbt.zip,GCF_041003725.1_W257_genomic,709d3c678400b03bade7483bb5cfd14e,0.3152996845425868,1999000,20,403027000,/nfs3_ib/nfs-ip34/home/def-ilafores/analysis/MethodsComparison/Feces_RA/preproc/SRR5091617/SRR5091617_unmatched_2.fastq,SRR5091617,6c017906,467855000,31,DNA,1000,467855,True,0.8386312021346924,0.9634513541761142,0.9010412781554034,0.9634513541761142,False,2957,600681,2509489
1959000,0.0041871947505103075,0.7406559877955758,0.004150858706223082,0.003467638232325386,4.480947476828012,4.0,6.183879705031796,/net/nfs-ip34/jbod2/def-ilafores/ref_dbs/sourmash_db/RefSeq_20250528.k31.sbt.zip,GCF_025152405.1_ASM2515240v1_genomic,f688e4f928dd46c9b090e97a39a1952a,0.7471395881006865,1942000,21,401085000,/nfs3_ib/nfs-ip34/home/def-ilafores/analysis/MethodsComparison/Feces_RA/preproc/SRR5091617/SRR5091617_unmatched_2.fastq,SRR5091617,6c017906,467855000,31,DNA,1000,467855,True,0.8380845680258308,0.9906407425314546,0.9143626552786427,0.9906407425314546,False,8702,609383,2509489
2053000,0.004388111701274968,0.5973782771535581,0.004091011103867651,0.0023694066800053716,3.1065830721003134,3.0,2.46609793070137,/net/nfs-ip34/jbod2/def-ilafores/ref_dbs/sourmash_db/RefSeq_20250528.k31.sbt.zip,GCF_006542745.1_6CPBBH3_genomic,fd3fc44b40474382e7e9ffb3487da7b2,0.6407615480649188,1914000,22,399171000,/nfs3_ib/nfs-ip34/home/def-ilafores/analysis/MethodsComparison/Feces_RA/preproc/SRR5091617/SRR5091617_unmatched_2.fastq,SRR5091617,6c017906,467855000,31,DNA,1000,467855,True,0.8393526020380689,0.9857445879861997,0.9125485950121344,0.9857445879861997,False,5946,615329,2509489
1976000,0.004223530794797534,0.4485294117647059,0.004041850573361405,0.0031070070440635525,4.123215230037017,2.0,8.946526934163504,/net/nfs-ip34/jbod2/def-ilafores/ref_dbs/sourmash_db/RefSeq_20250528.k31.sbt.zip,GCF_900537995.1_Roseburia_intestinalis_strain_L1-82_genomic,e869cf0b15c41500b90acfad5f73aa6d,0.4686907020872865,1891000,23,397280000,/nfs3_ib/nfs-ip34/home/def-ilafores/analysis/MethodsComparison/Feces_RA/preproc/SRR5091617/SRR5091617_unmatched_2.fastq,SRR5091617,6c017906,467855000,31,DNA,1000,467855,True,0.8383181953086646,0.975850817452238,0.9070845063804513,0.975850817452238,False,7797,623126,2509489
1899000,0.004058949888320099,0.5594121325828643,0.0038238343076380504,0.006627245626500056,9.29625489100056,8.0,7.71164882612887,/net/nfs-ip34/jbod2/def-ilafores/ref_dbs/sourmash_db/RefSeq_20250528.k31.sbt.zip,GCF_000209935.1_ASM20993v1_genomic,dcbd1d093e4e25fa785bf2accc52d95b,0.5938086303939962,1789000,24,395491000,/nfs3_ib/nfs-ip34/home/def-ilafores/analysis/MethodsComparison/Feces_RA/preproc/SRR5091617/SRR5091617_unmatched_2.fastq,SRR5091617,6c017906,467855000,31,DNA,1000,467855,True,0.8372440204229534,0.98332770250448,0.9102858614637167,0.98332770250448,False,16631,639757,2509489
1828000,0.0039071934680616855,0.5853253652058433,0.003768261534022293,0.0012580250401575779,1.7906976744186047,1.0,1.125622646591076,/net/nfs-ip34/jbod2/def-ilafores/ref_dbs/sourmash_db/RefSeq_20250528.k31.sbt.zip,GCF_009557455.1_ASM955745v1_genomic,7e798acda951bd16b6d452563081e9df,0.6069057104913679,1763000,25,393728000,/nfs3_ib/nfs-ip34/home/def-ilafores/analysis/MethodsComparison/Feces_RA/preproc/SRR5091617/SRR5091617_unmatched_2.fastq,SRR5091617,6c017906,467855000,31,DNA,1000,467855,True,0.8362155188299729,0.9840199659726864,0.9101177424013296,0.9840199659726864,False,3157,642914,2509489
3275000,0.007000032061215547,0.2592823712948518,0.0035523826826687754,0.001731826678658484,2.614921780986763,2.0,7.9251746646747545,/net/nfs-ip34/jbod2/def-ilafores/ref_dbs/sourmash_db/RefSeq_20250528.k31.sbt.zip,GCF_024758345.1_ASM2475834v1_genomic,183a75b530ce328e418f91cd67bce618,0.5109204368174727,1662000,26,392066000,/nfs3_ib/nfs-ip34/home/def-ilafores/analysis/MethodsComparison/Feces_RA/preproc/SRR5091617/SRR5091617_unmatched_2.fastq,SRR5091617,6c017906,467855000,31,DNA,1000,467855,True,0.8520931964987936,0.9785703236819265,0.9153317600903601,0.9785703236819265,False,4346,647260,2509489
1794000,0.003834521379487234,0.3761467889908257,0.0035053595665323657,0.0018322455288706187,2.803658536585366,1.0,5.665189922589753,/net/nfs-ip34/jbod2/def-ilafores/ref_dbs/sourmash_db/RefSeq_20250528.k31.sbt.zip,GCF_042847785.1_ASM4284778v1_genomic,88019d6ddc2b537fe7ac87c23df45062,0.4114678899082569,1640000,27,390426000,/nfs3_ib/nfs-ip34/home/def-ilafores/analysis/MethodsComparison/Feces_RA/preproc/SRR5091617/SRR5091617_unmatched_2.fastq,SRR5091617,6c017906,467855000,31,DNA,1000,467855,True,0.8357092301149267,0.9717604602560339,0.9037348451854803,0.9717604602560339,False,4598,651858,2509489
1651000,0.0035288711246005706,0.4411237298266587,0.003154823609879129,0.0019629494291467306,3.33739837398374,2.0,9.938359330667794,/net/nfs-ip34/jbod2/def-ilafores/ref_dbs/sourmash_db/RefSeq_20250528.k31.sbt.zip,GCF_045061065.1_ASM4506106v1_genomic,af810c6e00a2b94057226e642af6e200,0.4934249850567842,1476000,28,388950000,/nfs3_ib/nfs-ip34/home/def-ilafores/analysis/MethodsComparison/Feces_RA/preproc/SRR5091617/SRR5091617_unmatched_2.fastq,SRR5091617,6c017906,467855000,31,DNA,1000,467855,True,0.8334728882082191,0.977471058960796,0.9054719735845076,0.977471058960796,False,4926,656784,2509489
1711000,0.003657115986790779,0.4305555555555556,0.0029816930459223476,0.003093458469034931,5.564874551971326,3.0,7.589413436519825,/net/nfs-ip34/jbod2/def-ilafores/ref_dbs/sourmash_db/RefSeq_20250528.k31.sbt.zip,GCF_000209855.1_ASM20985v1_genomic,2b845165824bdb6c15dab3f5f2327265,0.5280864197530865,1395000,29,387555000,/nfs3_ib/nfs-ip34/home/def-ilafores/analysis/MethodsComparison/Feces_RA/preproc/SRR5091617/SRR5091617_unmatched_2.fastq,SRR5091617,6c017906,467855000,31,DNA,1000,467855,True,0.8344331939056974,0.9796140379624072,0.9070236159340523,0.9796140379624072,False,7763,664547,2509489
1391000,0.0029731433884430006,0.6389526871841984,0.0029731433884430006,0.0015943484908680612,2.8763479511143064,2.0,1.798380101747305,/net/nfs-ip34/jbod2/def-ilafores/ref_dbs/sourmash_db/RefSeq_20250528.k31.sbt.zip,GCF_000817995.1_ASM81799v1_genomic,c7872f9e18f6caabc80da2662807eb3c,0.6389526871841984,1391000,30,386164000,/nfs3_ib/nfs-ip34/home/def-ilafores/analysis/MethodsComparison/Feces_RA/preproc/SRR5091617/SRR5091617_unmatched_2.fastq,SRR5091617,6c017906,467855000,31,DNA,1000,467855,True,0.8288784222494989,0.9856546992331378,0.9072665607413184,0.9856546992331378,False,4001,668548,2509489
4705000,0.010056534610082183,0.20680747606746694,0.0029090209573478963,0.0011484409774260816,2.11756061719324,2.0,1.4585102817316828,/net/nfs-ip34/jbod2/def-ilafores/ref_dbs/sourmash_db/RefSeq_20250528.k31.sbt.zip,GCF_009734165.1_ASM973416v1_genomic,e3fa9c4f076a3f63536cf070ae5e7e25,0.7149369396748214,1361000,31,384803000,/nfs3_ib/nfs-ip34/home/def-ilafores/analysis/MethodsComparison/Feces_RA/preproc/SRR5091617/SRR5091617_unmatched_2.fastq,SRR5091617,6c017906,467855000,31,DNA,1000,467855,True,0.8621103322731404,0.9892338282490385,0.9256720802610894,0.9892338282490385,False,2882,671430,2509489
1409000,0.0030116168471000632,0.445991847826087,0.0028064250675957293,0.0014305701280220794,2.7341964965727343,2.0,7.229047491151591,/net/nfs-ip34/jbod2/def-ilafores/ref_dbs/sourmash_db/RefSeq_20250528.k31.sbt.zip,GCF_014337155.1_ASM1433715v1_genomic,37519ff08fa08b5bc2ed2e92c46c0d51,0.47860054347826086,1313000,32,383490000,/nfs3_ib/nfs-ip34/home/def-ilafores/analysis/MethodsComparison/Feces_RA/preproc/SRR5091617/SRR5091617_unmatched_2.fastq,SRR5091617,6c017906,467855000,31,DNA,1000,467855,True,0.8292222727475819,0.9765096837993548,0.9028659782734683,0.9765096837993548,False,3590,675020,2509489
1225000,0.0026183326030500905,0.5713619402985075,0.0026183326030500905,0.0010611722147417263,2.173877551020408,2.0,1.919601166406051,/net/nfs-ip34/jbod2/def-ilafores/ref_dbs/sourmash_db/RefSeq_20250528.k31.sbt.zip,GCF_900343095.1_PRJEB25867_genomic,238950da2e02158880e7d8967b2098da,0.5713619402985075,1225000,33,382265000,/nfs3_ib/nfs-ip34/home/def-ilafores/analysis/MethodsComparison/Feces_RA/preproc/SRR5091617/SRR5091617_unmatched_2.fastq,SRR5091617,6c017906,467855000,31,DNA,1000,467855,True,0.8254874554092361,0.982106146956487,0.9037968011828615,0.982106146956487,False,2663,677683,2509489
1239000,0.0026482564042278056,0.26925698704839807,0.002532836028256618,0.0010265038021684892,2.1738396624472576,1.0,3.216018587065526,/net/nfs-ip34/jbod2/def-ilafores/ref_dbs/sourmash_db/RefSeq_20250528.k31.sbt.zip,GCF_900683755.1_ASM90068375v1_genomic,8e291018769da4b390c897ca0d5c97dc,0.28152692569870486,1185000,34,381080000,/nfs3_ib/nfs-ip34/home/def-ilafores/analysis/MethodsComparison/Feces_RA/preproc/SRR5091617/SRR5091617_unmatched_2.fastq,SRR5091617,6c017906,467855000,31,DNA,1000,467855,True,0.8257901121758907,0.9599366620620361,0.8928633871189634,0.9599366620620361,False,2576,680259,2509489
1710000,0.0036549785724209424,0.30201517927244176,0.002466576182791677,0.0008113205517139147,1.7642980935875217,1.0,1.8208043534280585,/net/nfs-ip34/jbod2/def-ilafores/ref_dbs/sourmash_db/RefSeq_20250528.k31.sbt.zip,GCF_014287515.2_ASM1428751v2_genomic,ba44e405458705e9ab11b89381454753,0.4475268254383669,1154000,35,379926000,/nfs3_ib/nfs-ip34/home/def-ilafores/analysis/MethodsComparison/Feces_RA/preproc/SRR5091617/SRR5091617_unmatched_2.fastq,SRR5091617,6c017906,467855000,31,DNA,1000,467855,True,0.8344174576024189,0.9743973611043067,0.9044074093533628,0.9743973611043067,False,2036,682295,2509489
1201000,0.0025670346581740068,0.3983431135657577,0.002466576182791677,0.0015756195783284963,3.4263431542461005,1.0,7.5305408884678675,/net/nfs-ip34/jbod2/def-ilafores/ref_dbs/sourmash_db/RefSeq_20250528.k31.sbt.zip,GCF_036419515.1_ASM3641951v1_genomic,6a297f754ff6c4bf21b2d1fd8119290f,0.4145667932343804,1154000,36,378772000,/nfs3_ib/nfs-ip34/home/def-ilafores/analysis/MethodsComparison/Feces_RA/preproc/SRR5091617/SRR5091617_unmatched_2.fastq,SRR5091617,6c017906,467855000,31,DNA,1000,467855,True,0.8249607414812846,0.9719956898004514,0.8984782156408679,0.9719956898004514,False,3954,686249,2509489
1351000,0.002887646813649528,0.32324386065105654,0.0024195530666552673,0.0013166027027813232,2.918727915194346,1.0,6.148093083101353,/net/nfs-ip34/jbod2/def-ilafores/ref_dbs/sourmash_db/RefSeq_20250528.k31.sbt.zip,GCF_000225345.1_ASM22534v1_genomic,2c4be6d3f461c9f71df87a5d7ae22e2f,0.3857795545402627,1132000,37,377640000,/nfs3_ib/nfs-ip34/home/def-ilafores/analysis/MethodsComparison/Feces_RA/preproc/SRR5091617/SRR5091617_unmatched_2.fastq,SRR5091617,6c017906,467855000,31,DNA,1000,467855,True,0.8280986314281531,0.969741772101509,0.898920201764831,0.969741772101509,False,3304,689553,2509489
1808000,0.00386444518066495,0.2542144302090357,0.00241741565228543,0.0010735253272678223,2.381962864721485,1.0,7.303390685877163,/net/nfs-ip34/jbod2/def-ilafores/ref_dbs/sourmash_db/RefSeq_20250528.k31.sbt.zip,GCF_963360665.1_BFTSDC17_v2_genomic,f0ce3f7b0d131daf996251931d5e8c91,0.4063834569566195,1131000,38,376509000,/nfs3_ib/nfs-ip34/home/def-ilafores/analysis/MethodsComparison/Feces_RA/preproc/SRR5091617/SRR5091617_unmatched_2.fastq,SRR5091617,6c017906,467855000,31,DNA,1000,467855,True,0.8359188171757582,0.9713707748156145,0.9036447959956864,0.9713707748156145,False,2694,692247,2509489
1124000,0.0024024537516965727,0.3788908765652952,0.00226352181765718,0.013202289390389836,31.285174693106704,31.0,15.856053295275807,/net/nfs-ip34/jbod2/def-ilafores/ref_dbs/sourmash_db/RefSeq_20250528.k31.sbt.zip,GCF_000146185.1_ASM14618v1_genomic,5229119e2aa175d63f96a9ce9dfd479c,0.40214669051878354,1059000,39,375450000,/nfs3_ib/nfs-ip34/home/def-ilafores/analysis/MethodsComparison/Feces_RA/preproc/SRR5091617/SRR5091617_unmatched_2.fastq,SRR5091617,6c017906,467855000,31,DNA,1000,467855,True,0.8231993165040111,0.9710424360165467,0.8971208762602789,0.9710424360165467,False,33131,725378,2509489
1052000,0.0022485599170683226,0.4210104250200481,0.002244285088328649,0.0007599156641053218,1.8161904761904761,1.0,1.0987112632121767,/net/nfs-ip34/jbod2/def-ilafores/ref_dbs/sourmash_db/RefSeq_20250528.k31.sbt.zip,GCF_900683765.1_Phascolarctobacterium_succinatutens_82G5_genomic,3f78203e6069e7dd0f934cece4bae86a,0.42181234963913394,1050000,40,374400000,/nfs3_ib/nfs-ip34/home/def-ilafores/analysis/MethodsComparison/Feces_RA/preproc/SRR5091617/SRR5091617_unmatched_2.fastq,SRR5091617,6c017906,467855000,31,DNA,1000,467855,True,0.8214432464365263,0.9725391070577144,0.8969911767471204,0.9725391070577144,False,1907,727285,2509489
1158000,0.002475125840271024,0.29058624577226605,0.0022036742153017496,0.0007766521391406777,1.8903976721629485,1.0,2.1952719976134474,/net/nfs-ip34/jbod2/def-ilafores/ref_dbs/sourmash_db/RefSeq_20250528.k31.sbt.zip,GCF_036419155.1_ASM3641915v1_genomic,adc420f297b3ff1fa16ce829a637366f,0.32638105975197296,1031000,41,373369000,/nfs3_ib/nfs-ip34/home/def-ilafores/analysis/MethodsComparison/Feces_RA/preproc/SRR5091617/SRR5091617_unmatched_2.fastq,SRR5091617,6c017906,467855000,31,DNA,1000,467855,True,0.8239910471970012,0.964525486795935,0.894258266996468,0.964525486795935,False,1949,729234,2509489
1126000,0.0024067285804362463,0.1550737729599518,0.002201536800931913,0.0009754974020607383,2.376699029126214,1.0,5.561644023957518,/net/nfs-ip34/jbod2/def-ilafores/ref_dbs/sourmash_db/RefSeq_20250528.k31.sbt.zip,GCF_041119805.1_ASM4111980v1_genomic,c08a9f2c3f75003dafbdf763488e0761,0.16952725082806383,1030000,42,372339000,/nfs3_ib/nfs-ip34/home/def-ilafores/analysis/MethodsComparison/Feces_RA/preproc/SRR5091617/SRR5091617_unmatched_2.fastq,SRR5091617,6c017906,467855000,31,DNA,1000,467855,True,0.8232465264330755,0.9443582064618834,0.8838023664474794,0.9443582064618834,False,2448,731682,2509489
1007000,0.002152376270425666,0.41394964919521254,0.002143826612946319,0.0006630832014007632,1.659022931206381,1.0,1.3869444824794328,/net/nfs-ip34/jbod2/def-ilafores/ref_dbs/sourmash_db/RefSeq_20250528.k31.sbt.zip,GCF_000210095.1_ASM21009v1_genomic,7b8e1b6ffdad8846109ce25d98b1c602,0.4156004952538176,1003000,43,371336000,/nfs3_ib/nfs-ip34/home/def-ilafores/analysis/MethodsComparison/Feces_RA/preproc/SRR5091617/SRR5091617_unmatched_2.fastq,SRR5091617,6c017906,467855000,31,DNA,1000,467855,True,0.8202856291595161,0.9720737770377361,0.896179703098626,0.9720737770377361,False,1664,733346,2509489
1721000,0.0036784901304891472,0.316871063970832,0.0020433681375639887,0.0020326847417940466,5.335774058577406,2.0,8.113422973728419,/net/nfs-ip34/jbod2/def-ilafores/ref_dbs/sourmash_db/RefSeq_20250528.k31.sbt.zip,GCF_040026365.1_ASM4002636v1_genomic,9de4932095473c9973b31ae4d68399ec,0.5704342061650647,956000,44,370380000,/nfs3_ib/nfs-ip34/home/def-ilafores/analysis/MethodsComparison/Feces_RA/preproc/SRR5091617/SRR5091617_unmatched_2.fastq,SRR5091617,6c017906,467855000,31,DNA,1000,467855,True,0.8345900692329362,0.982054665549657,0.9083223673912966,0.982054665549657,False,5101,738447,2509489
4071000,0.008701413899605647,0.1830090541321518,0.002030543651344968,0.007367236915563288,19.461052631578948,17.0,14.091358268078176,/net/nfs-ip34/jbod2/def-ilafores/ref_dbs/sourmash_db/RefSeq_20250528.k31.sbt.zip,GCF_018289175.1_ASM1828917v1_genomic,c011021d83e072fd7dafbdfb08120209,0.7842419572336736,950000,45,369430000,/nfs3_ib/nfs-ip34/home/def-ilafores/analysis/MethodsComparison/Feces_RA/preproc/SRR5091617/SRR5091617_unmatched_2.fastq,SRR5091617,6c017906,467855000,31,DNA,1000,467855,True,0.8580945738331796,0.9921907266619703,0.9251426502475749,0.9921907266619703,False,18488,756935,2509489
1159000,0.002477263254640861,0.27430879155017085,0.0018873368885659017,0.0006335951263384697,1.8006795016987542,1.0,2.3978377368669315,/net/nfs-ip34/jbod2/def-ilafores/ref_dbs/sourmash_db/RefSeq_20250528.k31.sbt.zip,GCF_006542725.1_Aond_3.0_genomic,7fbb97287421b4f5df527beb1443bd37,0.3600497048772911,883000,46,368547000,/nfs3_ib/nfs-ip34/home/def-ilafores/analysis/MethodsComparison/Feces_RA/preproc/SRR5091617/SRR5091617_unmatched_2.fastq,SRR5091617,6c017906,467855000,31,DNA,1000,467855,True,0.824013991286838,0.9675849654754389,0.8957994783811385,0.9675849654754389,False,1590,758525,2509489
906000,0.0019364974190721484,0.2050976655550262,0.001840313772429492,0.0007124956515051471,2.076655052264808,1.0,5.558363211159081,/net/nfs-ip34/jbod2/def-ilafores/ref_dbs/sourmash_db/RefSeq_20250528.k31.sbt.zip,GCF_020181555.1_ASM2018155v1_genomic,8469ab5e4b1c2b2c7b791e98ae874535,0.21581705574082896,861000,47,367686000,/nfs3_ib/nfs-ip34/home/def-ilafores/analysis/MethodsComparison/Feces_RA/preproc/SRR5091617/SRR5091617_unmatched_2.fastq,SRR5091617,6c017906,467855000,31,DNA,1000,467855,True,0.8174937045026934,0.9517412562505242,0.8846174803766088,0.9517412562505242,False,1788,760313,2509489
1086000,0.002321232005642774,0.002267444672358512,0.0017035192527599364,0.0006977516139740003,2.1969887076537016,1.0,7.98226333478921,/net/nfs-ip34/jbod2/def-ilafores/ref_dbs/sourmash_db/RefSeq_20250528.k31.sbt.zip,plasmid.7.1.genomic,7a8c695160f2da22a8aff644e0702b99,0.003089642301356768,797000,48,366889000,/nfs3_ib/nfs-ip34/home/def-ilafores/analysis/MethodsComparison/Feces_RA/preproc/SRR5091617/SRR5091617_unmatched_2.fastq,SRR5091617,6c017906,467855000,31,DNA,1000,467855,True,0.8222865356062317,0.8299067498948252,0.8260966427505284,0.8299067498948252,False,1751,762064,2509489
934000,0.001996345021427579,0.25227272727272726,0.0016607709653632002,0.0007049243889891527,2.2767052767052767,1.0,2.5457230303226264,/net/nfs-ip34/jbod2/def-ilafores/ref_dbs/sourmash_db/RefSeq_20250528.k31.sbt.zip,GCF_025150245.1_ASM2515024v1_genomic,1a61bc75384814965146b3c8fd1a27a5,0.30324675324675326,777000,49,366112000,/nfs3_ib/nfs-ip34/home/def-ilafores/analysis/MethodsComparison/Feces_RA/preproc/SRR5091617/SRR5091617_unmatched_2.fastq,SRR5091617,6c017906,467855000,31,DNA,1000,467855,True,0.8182967491198793,0.9622407547969459,0.8902687519584126,0.9622407547969459,False,1769,763833,2509489
717000,0.0015325261031729916,0.24671169569854248,0.0014833655726667451,0.0003937056508317032,1.4236311239193085,1.0,0.856785468734595,/net/nfs-ip34/jbod2/def-ilafores/ref_dbs/sourmash_db/RefSeq_20250528.k31.sbt.zip,GCF_025144665.1_ASM2514466v1_genomic,b69c557c70b05f221753839e76da2c17,0.254888019907572,694000,50,365418000,/nfs3_ib/nfs-ip34/home/def-ilafores/analysis/MethodsComparison/Feces_RA/preproc/SRR5091617/SRR5091617_unmatched_2.fastq,SRR5091617,6c017906,467855000,31,DNA,1000,467855,True,0.8113471329208448,0.956863484288121,0.8841053086044829,0.956863484288121,False,988,764821,2509489
696000,0.0014876404014064187,0.22330423102753527,0.0014213805559414776,0.000445110538440296,1.6796992481203008,1.0,1.7569522226161491,/net/nfs-ip34/jbod2/def-ilafores/ref_dbs/sourmash_db/RefSeq_20250528.k31.sbt.zip,GCF_000723465.1_Rb803_genomic,a0c72778e7e9a92bec9989c7d509e086,0.23371390194761585,665000,51,364753000,/nfs3_ib/nfs-ip34/home/def-ilafores/analysis/MethodsComparison/Feces_RA/preproc/SRR5091617/SRR5091617_unmatched_2.fastq,SRR5091617,6c017906,467855000,31,DNA,1000,467855,True,0.8105694977201483,0.9541902736733379,0.8823798856967431,0.9541902736733379,False,1117,765938,2509489
714000,0.001526113860063481,0.19145093317278747,0.00135939553921621,0.0004184118758838951,1.650943396226415,1.0,2.1133409099876572,/net/nfs-ip34/jbod2/def-ilafores/ref_dbs/sourmash_db/RefSeq_20250528.k31.sbt.zip,GCF_018408705.1_ASM1840870v1_genomic,ac6ff4cab85d8673ba368b5f66dcfee5,0.21493076459963878,636000,52,364117000,/nfs3_ib/nfs-ip34/home/def-ilafores/analysis/MethodsComparison/Feces_RA/preproc/SRR5091617/SRR5091617_unmatched_2.fastq,SRR5091617,6c017906,467855000,31,DNA,1000,467855,True,0.8112374022851615,0.9516149245607971,0.8814261634229793,0.9516149245607971,False,1050,766988,2509489
838000,0.0017911532419232455,0.1694136719805458,0.0013401588098876788,0.00048017743851437486,1.9218500797448166,1.0,3.3453938086718096,/net/nfs-ip34/jbod2/def-ilafores/ref_dbs/sourmash_db/RefSeq_20250528.k31.sbt.zip,GCF_005848555.1_ASM584855v1_genomic,1123379c731757b61c292acf7bd31a34,0.2264252904620373,627000,53,363490000,/nfs3_ib/nfs-ip34/home/def-ilafores/analysis/MethodsComparison/Feces_RA/preproc/SRR5091617/SRR5091617_unmatched_2.fastq,SRR5091617,6c017906,467855000,31,DNA,1000,467855,True,0.8154388126263289,0.9532155684838355,0.8843271905550822,0.9532155684838355,False,1205,768193,2509489
918000,0.0019621463915101903,0.1595608884350268,0.0013358839811480052,0.0005244095511078152,2.1056,1.0,3.2167139506023847,/net/nfs-ip34/jbod2/def-ilafores/ref_dbs/sourmash_db/RefSeq_20250528.k31.sbt.zip,GCF_020735725.1_ASM2073572v1_genomic,468818a695d78a01f7215c72831539a1,0.23436303293336738,625000,54,362865000,/nfs3_ib/nfs-ip34/home/def-ilafores/analysis/MethodsComparison/Feces_RA/preproc/SRR5091617/SRR5091617_unmatched_2.fastq,SRR5091617,6c017906,467855000,31,DNA,1000,467855,True,0.8178407669053426,0.9542756501234699,0.8860582085144062,0.9542756501234699,False,1316,769509,2509489
782000,0.0016714580372123842,0.2111844390413338,0.0012995479368607796,0.000428772550905782,1.769736842105263,1.0,4.468045013933656,/net/nfs-ip34/jbod2/def-ilafores/ref_dbs/sourmash_db/RefSeq_20250528.k31.sbt.zip,GCF_024168045.1_ASM2416804v1_genomic,1689b6c3fb62fec0dd444e73a686577b,0.2716220910038208,608000,55,362257000,/nfs3_ib/nfs-ip34/home/def-ilafores/analysis/MethodsComparison/Feces_RA/preproc/SRR5091617/SRR5091617_unmatched_2.fastq,SRR5091617,6c017906,467855000,31,DNA,1000,467855,True,0.8136215345551375,0.9588282237453631,0.8862248791502503,0.9588282237453631,False,1076,770585,2509489
2243000,0.004794220431543961,0.1913499344692005,0.001248249991984696,0.0018374258663815621,7.89554794520548,4.0,8.550277214990208,/net/nfs-ip34/jbod2/def-ilafores/ref_dbs/sourmash_db/RefSeq_20250528.k31.sbt.zip,GCF_023347255.1_ASM2334725v1_genomic,58b144de4acaed89ce9d8071641d7213,0.7349279161205766,584000,56,361673000,/nfs3_ib/nfs-ip34/home/def-ilafores/analysis/MethodsComparison/Feces_RA/preproc/SRR5091617/SRR5091617_unmatched_2.fastq,SRR5091617,6c017906,467855000,31,DNA,1000,467855,True,0.8417525710303753,0.9901142574972868,0.915933414263831,0.9901142574972868,False,4611,775196,2509489
595000,0.001271761550052901,0.1660968660968661,0.0012461125776148593,0.00046623037598491165,2.006861063464837,1.0,5.54228599567756,/net/nfs-ip34/jbod2/def-ilafores/ref_dbs/sourmash_db/RefSeq_20250528.k31.sbt.zip,GCF_019249795.2_P1C_raw_genomic,daced544df689eeedcdbd81decd8f176,0.16951566951566951,583000,57,361090000,/nfs3_ib/nfs-ip34/home/def-ilafores/analysis/MethodsComparison/Feces_RA/preproc/SRR5091617/SRR5091617_unmatched_2.fastq,SRR5091617,6c017906,467855000,31,DNA,1000,467855,True,0.806480241815067,0.9443561252913013,0.8754181835531841,0.9443561252913013,False,1170,776366,2509489
853000,0.0018232144574707977,0.10621904237754541,0.001237562920135512,0.0013365270778234134,5.7927461139896375,1.0,27.74704171425062,/net/nfs-ip34/jbod2/def-ilafores/ref_dbs/sourmash_db/RefSeq_20250528.k31.sbt.zip,GCF_032878955.1_ASM3287895v1_genomic,d537b5d78c84c0e05f44ffcd0d82c127,0.15648504861493304,579000,58,360511000,/nfs3_ib/nfs-ip34/home/def-ilafores/analysis/MethodsComparison/Feces_RA/preproc/SRR5091617/SRR5091617_unmatched_2.fastq,SRR5091617,6c017906,467855000,31,DNA,1000,467855,True,0.8159056256927301,0.9419226779490656,0.8789141518208978,0.9419226779490656,False,3354,779720,2509489
2784000,0.005950561605625675,0.11087042142575818,0.0012033642902181231,0.0008232751767391688,3.669626998223801,1.0,16.974254385363217,/net/nfs-ip34/jbod2/def-ilafores/ref_dbs/sourmash_db/RefSeq_20250528.k31.sbt.zip,GCF_006739545.1_ASM673954v1_genomic,d95ec12b062e84f2435687cfa45ebb02,0.5482473414730209,563000,59,359948000,/nfs3_ib/nfs-ip34/home/def-ilafores/analysis/MethodsComparison/Feces_RA/preproc/SRR5091617/SRR5091617_unmatched_2.fastq,SRR5091617,6c017906,467855000,31,DNA,1000,467855,True,0.8476402032735085,0.9807987150577857,0.9142194591656472,0.9807987150577857,False,2066,781786,2509489
731000,0.001562449904350707,0.14632871701071334,0.0011969520471086126,0.000504485176065725,2.2607142857142857,1.0,5.248458228423868,/net/nfs-ip34/jbod2/def-ilafores/ref_dbs/sourmash_db/RefSeq_20250528.k31.sbt.zip,GCF_020736365.1_ASM2073636v1_genomic,31dce30d78c030ed012824aeb71a6951,0.19101123595505617,560000,60,359388000,/nfs3_ib/nfs-ip34/home/def-ilafores/analysis/MethodsComparison/Feces_RA/preproc/SRR5091617/SRR5091617_unmatched_2.fastq,SRR5091617,6c017906,467855000,31,DNA,1000,467855,True,0.8118534044172568,0.9480000321972808,0.8799267183072688,0.9480000321972808,False,1266,783052,2509489
4504000,0.009626914321744985,0.0789435495573937,0.0011627534171912237,0.000888228639376383,4.0974264705882355,1.0,26.28750249633071,/net/nfs-ip34/jbod2/def-ilafores/ref_dbs/sourmash_db/RefSeq_20250528.k31.sbt.zip,GCF_020091525.1_ASM2009152v1_genomic,8f3ea558ca4f6e771ca0f137efec6697,0.6536061529531273,544000,61,358844000,/nfs3_ib/nfs-ip34/home/def-ilafores/analysis/MethodsComparison/Feces_RA/preproc/SRR5091617/SRR5091617_unmatched_2.fastq,SRR5091617,6c017906,467855000,31,DNA,1000,467855,True,0.8608970050966135,0.9863759073009598,0.9236364561987866,0.9863759073009598,False,2229,785281,2509489
593000,0.0012674867213132274,0.17540453074433657,0.0011584785884515502,0.0003291506756953308,1.5239852398523985,1.0,1.6306498104161367,/net/nfs-ip34/jbod2/def-ilafores/ref_dbs/sourmash_db/RefSeq_20250528.k31.sbt.zip,GCF_022453915.1_ASM2245391v1_genomic,54c821fbffdc1aacdf2b93cd12e19242,0.1919093851132686,542000,62,358302000,/nfs3_ib/nfs-ip34/home/def-ilafores/analysis/MethodsComparison/Feces_RA/preproc/SRR5091617/SRR5091617_unmatched_2.fastq,SRR5091617,6c017906,467855000,31,DNA,1000,467855,True,0.8063926522410365,0.9481434985385707,0.8772680753898037,0.9481434985385707,False,826,786107,2509489
3759000,0.008034540616216564,0.11251314405888538,0.0011435166878626926,0.003218185056798416,15.095327102803738,13.0,12.239673375227628,/net/nfs-ip34/jbod2/def-ilafores/ref_dbs/sourmash_db/RefSeq_20250528.k31.sbt.zip,GCF_018292165.1_ASM1829216v1_genomic,2391c2d4efd3d75a2653a2fd1570dca9,0.7905362776025237,535000,63,357767000,/nfs3_ib/nfs-ip34/home/def-ilafores/analysis/MethodsComparison/Feces_RA/preproc/SRR5091617/SRR5091617_unmatched_2.fastq,SRR5091617,6c017906,467855000,31,DNA,1000,467855,True,0.8558902880932752,0.9924466154251954,0.9241684517592352,0.9924466154251954,False,8076,794183,2509489
622000,0.001329471738038495,0.20843183609141056,0.0011306922016436716,0.00030882781315239873,1.4650283553875236,1.0,0.8152643749645456,/net/nfs-ip34/jbod2/def-ilafores/ref_dbs/sourmash_db/RefSeq_20250528.k31.sbt.zip,GCF_020541925.1_ASM2054192v1_genomic,5dfb2de1c8a49d9f52117f79b9e8a991,0.24507486209613868,529000,64,357238000,/nfs3_ib/nfs-ip34/home/def-ilafores/analysis/MethodsComparison/Feces_RA/preproc/SRR5091617/SRR5091617_unmatched_2.fastq,SRR5091617,6c017906,467855000,31,DNA,1000,467855,True,0.8076356019746173,0.9556524119021783,0.8816440069383977,0.9556524119021783,False,775,794958,2509489
750000,0.0016030607773776064,0.14741258741258742,0.001126417372903998,0.00038175102580644904,1.8178368121442126,1.0,2.7093598164023813,/net/nfs-ip34/jbod2/def-ilafores/ref_dbs/sourmash_db/RefSeq_20250528.k31.sbt.zip,GCF_025147765.1_ASM2514776v1_genomic,6fb5d9fae55cc8ecb2a67f82352fb7a7,0.2097902097902098,527000,65,356711000,/nfs3_ib/nfs-ip34/home/def-ilafores/analysis/MethodsComparison/Feces_RA/preproc/SRR5091617/SRR5091617_unmatched_2.fastq,SRR5091617,6c017906,467855000,31,DNA,1000,467855,True,0.8125256810887077,0.9508720979034723,0.88169888949609,0.9508720979034723,False,958,795916,2509489
633000,0.0013529832961066998,0.10507173166296221,0.0011114554723151405,0.0002566259505421223,1.2384615384615385,1.0,0.5554464061087907,/net/nfs-ip34/jbod2/def-ilafores/ref_dbs/sourmash_db/RefSeq_20250528.k31.sbt.zip,GCF_001281005.1_ASM128100v1_genomic,494806a7c835ddda87a74cd27c5ad125,0.1279046271974136,520000,66,356191000,/nfs3_ib/nfs-ip34/home/def-ilafores/analysis/MethodsComparison/Feces_RA/preproc/SRR5091617/SRR5091617_unmatched_2.fastq,SRR5091617,6c017906,467855000,31,DNA,1000,467855,True,0.8080924446218903,0.9358147351697689,0.8719535898958296,0.9358147351697689,False,644,796560,2509489
635000,0.0013572581248463733,0.19586809694080254,0.0010537452843295465,0.0007726672641322596,3.9330628803245435,1.0,7.612415272303092,/net/nfs-ip34/jbod2/def-ilafores/ref_dbs/sourmash_db/RefSeq_20250528.k31.sbt.zip,GCF_018408575.1_ASM1840857v1_genomic,be471ee2a9a4d83e479673ce2822bf12,0.2522844656336909,493000,67,355698000,/nfs3_ib/nfs-ip34/home/def-ilafores/analysis/MethodsComparison/Feces_RA/preproc/SRR5091617/SRR5091617_unmatched_2.fastq,SRR5091617,6c017906,467855000,31,DNA,1000,467855,True,0.8081746807297713,0.9565466288735724,0.8823606548016718,0.9565466288735724,False,1939,798499,2509489
492000,0.0010516078699597097,0.14370900417412044,0.0010302337262613416,0.000414427000875477,2.1576763485477177,1.0,4.154190155187556,/net/nfs-ip34/jbod2/def-ilafores/ref_dbs/sourmash_db/RefSeq_20250528.k31.sbt.zip,GCF_030296935.1_ASM3029693v1_genomic,291e68c00c79fc78c6a795fcc0b4b014,0.14669051878354203,482000,68,355216000,/nfs3_ib/nfs-ip34/home/def-ilafores/analysis/MethodsComparison/Feces_RA/preproc/SRR5091617/SRR5091617_unmatched_2.fastq,SRR5091617,6c017906,467855000,31,DNA,1000,467855,True,0.8015502771786076,0.9399608024949473,0.8707555398367774,0.9399608024949473,False,1040,799539,2509489
2441000,0.00521742847677165,0.07060473815461346,0.0009682487095360742,0.00035824026325678254,1.9845474613686533,1.0,5.345232001364363,/net/nfs-ip34/jbod2/def-ilafores/ref_dbs/sourmash_db/RefSeq_20250528.k31.sbt.zip,GCF_024799845.1_ASM2479984v1_genomic,1affe8cbd37c62a3073bbe0490a4ad0a,0.3804551122194514,453000,69,354763000,/nfs3_ib/nfs-ip34/home/def-ilafores/analysis/MethodsComparison/Feces_RA/preproc/SRR5091617/SRR5091617_unmatched_2.fastq,SRR5091617,6c017906,467855000,31,DNA,1000,467855,True,0.8440527023267006,0.9693071154021909,0.9066799088644457,0.9693071154021909,False,899,800438,2509489
2165000,0.00462750211069669,0.0632388548639795,0.0009490119802075429,0.00043793776342514353,2.475225225225225,2.0,3.189484226949286,/net/nfs-ip34/jbod2/def-ilafores/ref_dbs/sourmash_db/RefSeq_20250528.k31.sbt.zip,GCF_020091405.1_ASM2009140v1_genomic,6567e1e09256d8c7a31fd1e8d0b378f2,0.30836063238854866,444000,70,354319000,/nfs3_ib/nfs-ip34/home/def-ilafores/analysis/MethodsComparison/Feces_RA/preproc/SRR5091617/SRR5091617_unmatched_2.fastq,SRR5091617,6c017906,467855000,31,DNA,1000,467855,True,0.8407920581283388,0.9627599815431169,0.9017760198357279,0.9627599815431169,False,1099,801537,2509489
1732000,0.003702001688557352,0.1350275566442131,0.0009425997370980325,0.001488350815644141,8.46938775510204,5.0,8.942222799994866,/net/nfs-ip34/jbod2/def-ilafores/ref_dbs/sourmash_db/RefSeq_20250528.k31.sbt.zip,GCF_000210735.1_ASM21073v1_genomic,112a151e28f067050905850dc0b386c2,0.5303123086344151,441000,71,353878000,/nfs3_ib/nfs-ip34/home/def-ilafores/analysis/MethodsComparison/Feces_RA/preproc/SRR5091617/SRR5091617_unmatched_2.fastq,SRR5091617,6c017906,467855000,31,DNA,1000,467855,True,0.8347616164671839,0.9797469632400704,0.9072542898536271,0.9797469632400704,False,3735,805272,2509489
459000,0.0009810731957550951,0.1498460485802258,0.0009361874939885221,0.00025064863802949525,1.4360730593607305,1.0,1.212294369572814,/net/nfs-ip34/jbod2/def-ilafores/ref_dbs/sourmash_db/RefSeq_20250528.k31.sbt.zip,GCF_025148965.1_ASM2514896v1_genomic,4fe134d0444f089dec5e462a3d358d30,0.15703044816968867,438000,72,353440000,/nfs3_ib/nfs-ip34/home/def-ilafores/analysis/MethodsComparison/Feces_RA/preproc/SRR5091617/SRR5091617_unmatched_2.fastq,SRR5091617,6c017906,467855000,31,DNA,1000,467855,True,0.7997571105045133,0.9420283996474348,0.870892755075974,0.9420283996474348,False,629,805901,2509489
2564000,0.005480330444261577,0.12225352112676056,0.0009276378365091749,0.0028025625934204133,16.205069124423964,6.0,93.74500599722198,/net/nfs-ip34/jbod2/def-ilafores/ref_dbs/sourmash_db/RefSeq_20250528.k31.sbt.zip,GCF_042846995.1_ASM4284699v1_genomic,8b056a1755c5c7b70c25c16b2330fe86,0.7222535211267606,434000,73,353006000,/nfs3_ib/nfs-ip34/home/def-ilafores/analysis/MethodsComparison/Feces_RA/preproc/SRR5091617/SRR5091617_unmatched_2.fastq,SRR5091617,6c017906,467855000,31,DNA,1000,467855,True,0.8453922888019837,0.9895587929751358,0.9174755408885598,0.9895587929751358,False,7033,812934,2509489
603000,0.0012888608650115955,0.10219494925654944,0.000925500422139338,0.0002729639380766363,1.581986143187067,1.0,2.342172602233502,/net/nfs-ip34/jbod2/def-ilafores/ref_dbs/sourmash_db/RefSeq_20250528.k31.sbt.zip,GCF_015097275.1_ASM1509727v1_genomic,7bc451321ff950d83a9fce0110d3af08,0.14231767760207695,433000,74,352573000,/nfs3_ib/nfs-ip34/home/def-ilafores/analysis/MethodsComparison/Feces_RA/preproc/SRR5091617/SRR5091617_unmatched_2.fastq,SRR5091617,6c017906,467855000,31,DNA,1000,467855,True,0.8068277741479611,0.9390436263200682,0.8729357002340147,0.9390436263200682,False,685,813619,2509489
483000,0.0010323711406311784,0.15918521312712183,0.0009019888640711332,0.0002936852881204102,1.7464454976303319,1.0,2.615062851295128,/net/nfs-ip34/jbod2/def-ilafores/ref_dbs/sourmash_db/RefSeq_20250528.k31.sbt.zip,GCF_033096525.1_ASM3309652v1_genomic,435d8e70fb203ed034f71349b4691d0d,0.18219539796303283,422000,75,352151000,/nfs3_ib/nfs-ip34/home/def-ilafores/analysis/MethodsComparison/Feces_RA/preproc/SRR5091617/SRR5091617_unmatched_2.fastq,SRR5091617,6c017906,467855000,31,DNA,1000,467855,True,0.8010730556978741,0.946556120127397,0.8738145879126356,0.946556120127397,False,737,814356,2509489
1421000,0.003037265819538105,0.13201008191556396,0.0008955766209616228,0.0007304275890430283,4.3747016706443915,3.0,5.024088000144434,/net/nfs-ip34/jbod2/def-ilafores/ref_dbs/sourmash_db/RefSeq_20250528.k31.sbt.zip,GCF_023347235.1_ASM2334723v1_genomic,463a8ff2f26f37a3c67c2a86a64398f8,0.4477000630119723,419000,76,351732000,/nfs3_ib/nfs-ip34/home/def-ilafores/analysis/MethodsComparison/Feces_RA/preproc/SRR5091617/SRR5091617_unmatched_2.fastq,SRR5091617,6c017906,467855000,31,DNA,1000,467855,True,0.8294491526777527,0.9744095262157493,0.9019293394467509,0.9744095262157493,False,1833,816189,2509489
4644000,0.009926152333522138,0.05860959574765701,0.0008955766209616228,0.0003379174007138505,2.023866348448687,1.0,1.912002871271544,/net/nfs-ip34/jbod2/def-ilafores/ref_dbs/sourmash_db/RefSeq_20250528.k31.sbt.zip,GCF_918258265.1_BOVAC1_genomic,d7ca7470d77ebe0344d62e56d1ab47e0,0.6496013428451531,419000,77,351313000,/nfs3_ib/nfs-ip34/home/def-ilafores/analysis/MethodsComparison/Feces_RA/preproc/SRR5091617/SRR5091617_unmatched_2.fastq,SRR5091617,6c017906,467855000,31,DNA,1000,467855,True,0.8617474960951875,0.9861803664806594,0.9239639312879235,0.9861803664806594,False,848,817037,2509489
1919000,0.004101698175716835,0.10068302555021502,0.0008506909191950497,0.0013146102652771142,8.28894472361809,8.0,6.155393793717709,/net/nfs-ip34/jbod2/def-ilafores/ref_dbs/sourmash_db/RefSeq_20250528.k31.sbt.zip,GCF_036419255.1_ASM3641925v1_genomic,cc90865ac4b45b3dd14605490161db88,0.48545408550468,398000,78,350915000,/nfs3_ib/nfs-ip34/home/def-ilafores/analysis/MethodsComparison/Feces_RA/preproc/SRR5091617/SRR5091617_unmatched_2.fastq,SRR5091617,6c017906,467855000,31,DNA,1000,467855,True,0.837527023911921,0.9769576705902608,0.9072423472510909,0.9769576705902608,False,3299,820336,2509489
569000,0.001216188776437144,0.11282490716938018,0.0008442786760855393,0.0003419022757222686,2.1721518987341772,1.0,6.912160202170598,/net/nfs-ip34/jbod2/def-ilafores/ref_dbs/sourmash_db/RefSeq_20250528.k31.sbt.zip,GCF_000210555.1_ASM21055v1_genomic,6d00b0a0ca344fdf96ce690671c5fa63,0.1625249928591831,395000,79,350520000,/nfs3_ib/nfs-ip34/home/def-ilafores/analysis/MethodsComparison/Feces_RA/preproc/SRR5091617/SRR5091617_unmatched_2.fastq,SRR5091617,6c017906,467855000,31,DNA,1000,467855,True,0.8053186816672214,0.943074086206304,0.8741963839367627,0.943074086206304,False,858,821194,2509489
4180000,0.008934392065917859,0.07491665032359286,0.0008164922892776608,0.0019900465792039735,13.073298429319372,3.0,15.119415384898222,/net/nfs-ip34/jbod2/def-ilafores/ref_dbs/sourmash_db/RefSeq_20250528.k31.sbt.zip,GCF_018289355.1_ASM1828935v1_genomic,2cc034a4db3dba2e340c8fa9efefef92,0.8197685820749167,382000,80,350138000,/nfs3_ib/nfs-ip34/home/def-ilafores/analysis/MethodsComparison/Feces_RA/preproc/SRR5091617/SRR5091617_unmatched_2.fastq,SRR5091617,6c017906,467855000,31,DNA,1000,467855,True,0.8588262749720696,0.9936097567625353,0.9262180158673025,0.9936097567625353,False,4994,826188,2509489
697000,0.0014897778157762554,0.10508757297748124,0.0008079426317983136,0.0009228970519496201,6.126984126984127,1.0,17.87729374500656,/net/nfs-ip34/jbod2/def-ilafores/ref_dbs/sourmash_db/RefSeq_20250528.k31.sbt.zip,GCF_000265365.1_ASM26536v1_genomic,79a393fb99d8977a1fe96a36cabdd09c,0.19377258826800112,378000,81,349760000,/nfs3_ib/nfs-ip34/home/def-ilafores/analysis/MethodsComparison/Feces_RA/preproc/SRR5091617/SRR5091617_unmatched_2.fastq,SRR5091617,6c017906,467855000,31,DNA,1000,467855,True,0.8106070397347294,0.9484390576166882,0.8795230486757089,0.9484390576166882,False,2316,828504,2509489
441000,0.0009425997370980325,0.13556274721323264,0.0008058052174284767,0.0003132111756616586,2.0848806366047747,1.0,2.6065026923997467,/net/nfs-ip34/jbod2/def-ilafores/ref_dbs/sourmash_db/RefSeq_20250528.k31.sbt.zip,GCF_014334055.1_ASM1433405v1_genomic,7d82c091b7553167242da89b74e9d599,0.15857605177993528,377000,82,349383000,/nfs3_ib/nfs-ip34/home/def-ilafores/analysis/MethodsComparison/Feces_RA/preproc/SRR5091617/SRR5091617_unmatched_2.fastq,SRR5091617,6c017906,467855000,31,DNA,1000,467855,True,0.7987256938821107,0.9423260843820785,0.8705258891320946,0.9423260843820785,False,786,829290,2509489
824000,0.0017612294407455301,0.10666666666666667,0.0007694691731412511,0.0003442932007273194,2.4,1.0,4.944806478631,/net/nfs-ip34/jbod2/def-ilafores/ref_dbs/sourmash_db/RefSeq_20250528.k31.sbt.zip,GCF_023008345.1_ASM2300834v1_genomic,80788e4d9f7a77cc8143de8cf6b02058,0.24414814814814814,360000,83,349023000,/nfs3_ib/nfs-ip34/home/def-ilafores/analysis/MethodsComparison/Feces_RA/preproc/SRR5091617/SRR5091617_unmatched_2.fastq,SRR5091617,6c017906,467855000,31,DNA,1000,467855,True,0.8149957664818216,0.9555356285147628,0.8852656974982922,0.9555356285147628,False,864,830154,2509489
665000,0.0014213805559414776,0.10149166422930682,0.0007416827863333726,0.0002462652755202354,1.780979827089337,1.0,3.430392415382293,/net/nfs-ip34/jbod2/def-ilafores/ref_dbs/sourmash_db/RefSeq_20250528.k31.sbt.zip,GCF_025149785.1_ASM2514978v1_genomic,8c91537000df08516afde1ea4eac7752,0.19450131617431998,347000,84,348676000,/nfs3_ib/nfs-ip34/home/def-ilafores/analysis/MethodsComparison/Feces_RA/preproc/SRR5091617/SRR5091617_unmatched_2.fastq,SRR5091617,6c017906,467855000,31,DNA,1000,467855,True,0.8093790286021353,0.9485539078109144,0.8789664682065248,0.9485539078109144,False,618,830772,2509489
4020000,0.00859240576674397,0.06731747000203377,0.0007074841564159836,0.0015018993906727625,11.386706948640484,8.0,9.880326436161807,/net/nfs-ip34/jbod2/def-ilafores/ref_dbs/sourmash_db/RefSeq_20250528.k31.sbt.zip,GCF_018289375.1_ASM1828937v1_genomic,d63aa3877a3e796774bd21a9b9ae06b0,0.8175716900549115,331000,85,348345000,/nfs3_ib/nfs-ip34/home/def-ilafores/analysis/MethodsComparison/Feces_RA/preproc/SRR5091617/SRR5091617_unmatched_2.fastq,SRR5091617,6c017906,467855000,31,DNA,1000,467855,True,0.857745683545325,0.993523749449456,0.9256347164973905,0.993523749449456,False,3769,834541,2509489
528000,0.0011285547872738348,0.08818011257035648,0.00070320932767631,0.00037936010080139823,2.893617021276596,1.0,5.2601838110153265,/net/nfs-ip34/jbod2/def-ilafores/ref_dbs/sourmash_db/RefSeq_20250528.k31.sbt.zip,GCF_964272215.1_LUMC_Rgna_QRD018_genomic,1db489ce378c8c9dd0db628b18549369,0.14151701956580007,329000,86,348016000,/nfs3_ib/nfs-ip34/home/def-ilafores/analysis/MethodsComparison/Feces_RA/preproc/SRR5091617/SRR5091617_unmatched_2.fastq,SRR5091617,6c017906,467855000,31,DNA,1000,467855,True,0.8033782788103115,0.9388727439387807,0.8711255113745462,0.9388727439387807,False,952,835493,2509489
3237000,0.006918810315161749,0.05131021496940216,0.0006989344989366364,0.0004789819760118494,3.675840978593272,1.0,9.787909777351576,/net/nfs-ip34/jbod2/def-ilafores/ref_dbs/sourmash_db/RefSeq_20250528.k31.sbt.zip,GCF_016864215.1_ASM1686421v1_genomic,3460a6d706973d7ef76859c83dbd244e,0.5079240546053664,327000,87,347689000,/nfs3_ib/nfs-ip34/home/def-ilafores/analysis/MethodsComparison/Feces_RA/preproc/SRR5091617/SRR5091617_unmatched_2.fastq,SRR5091617,6c017906,467855000,31,DNA,1000,467855,True,0.8517724604426425,0.9783846673769163,0.9150785639097794,0.9783846673769163,False,1202,836695,2509489
357000,0.0007630569300317406,0.11297220242337848,0.0006775603552382683,0.0002904973881136757,2.2996845425867507,1.0,4.8029072322458175,/net/nfs-ip34/jbod2/def-ilafores/ref_dbs/sourmash_db/RefSeq_20250528.k31.sbt.zip,GCF_015097455.1_ASM1509745v1_genomic,ad2202613b9c5f4de5c0bb121ca6ed7a,0.12722736992159658,317000,88,347372000,/nfs3_ib/nfs-ip34/home/def-ilafores/analysis/MethodsComparison/Feces_RA/preproc/SRR5091617/SRR5091617_unmatched_2.fastq,SRR5091617,6c017906,467855000,31,DNA,1000,467855,True,0.7932997559411953,0.9356544804741497,0.8644771182076725,0.9356544804741497,False,729,837424,2509489
1692000,0.0036165051137638797,0.06943514177271712,0.0006647358690192475,0.00034150378822142677,2.7556270096463025,1.0,4.9601069809841265,/net/nfs-ip34/jbod2/def-ilafores/ref_dbs/sourmash_db/RefSeq_20250528.k31.sbt.zip,GCF_025148125.1_ASM2514812v1_genomic,20e22b7a195404638366fe78b372a400,0.37776289350301406,311000,89,347061000,/nfs3_ib/nfs-ip34/home/def-ilafores/analysis/MethodsComparison/Feces_RA/preproc/SRR5091617/SRR5091617_unmatched_2.fastq,SRR5091617,6c017906,467855000,31,DNA,1000,467855,True,0.8341326708328846,0.9690850923696305,0.9016088816012575,0.9690850923696305,False,857,838281,2509489
2246000,0.004800632674653472,0.09496124031007752,0.0006283998247320217,0.0005945433512559729,5.074829931972789,5.0,2.7032065498864446,/net/nfs-ip34/jbod2/def-ilafores/ref_dbs/sourmash_db/RefSeq_20250528.k31.sbt.zip,GCF_045011645.1_ASM4501164v1_genomic,a672a4816797528b8e73133677375aba,0.725452196382429,294000,90,346767000,/nfs3_ib/nfs-ip34/home/def-ilafores/analysis/MethodsComparison/Feces_RA/preproc/SRR5091617/SRR5091617_unmatched_2.fastq,SRR5091617,6c017906,467855000,31,DNA,1000,467855,True,0.8417888649463926,0.9896998619225892,0.9157443634344908,0.9896998619225892,False,1492,839773,2509489
573000,0.0012247384339164912,0.062055591467356175,0.0006155753385130009,0.0004243891883965222,3.6979166666666665,1.0,27.662569899369434,/net/nfs-ip34/jbod2/def-ilafores/ref_dbs/sourmash_db/RefSeq_20250528.k31.sbt.zip,GCF_025148635.1_ASM2514863v1_genomic,d4b0f7a75de0de86779fc9973ed01479,0.12346477052359406,288000,91,346479000,/nfs3_ib/nfs-ip34/home/def-ilafores/analysis/MethodsComparison/Feces_RA/preproc/SRR5091617/SRR5091617_unmatched_2.fastq,SRR5091617,6c017906,467855000,31,DNA,1000,467855,True,0.8055006856159098,0.9347488450219822,0.870124765318946,0.9347488450219822,False,1065,840838,2509489
2325000,0.0049694884098705795,0.09818679438932604,0.000613437924143164,0.001286317652717346,11.247386759581882,10.0,9.452510228345037,/net/nfs-ip34/jbod2/def-ilafores/ref_dbs/sourmash_db/RefSeq_20250528.k31.sbt.zip,GCF_019967955.1_ASM1996795v1_genomic,815b92b0272af68e89d6f30eed8923eb,0.7954156688333903,287000,92,346192000,/nfs3_ib/nfs-ip34/home/def-ilafores/analysis/MethodsComparison/Feces_RA/preproc/SRR5091617/SRR5091617_unmatched_2.fastq,SRR5091617,6c017906,467855000,31,DNA,1000,467855,True,0.842728096698211,0.9926436287259047,0.9176858627120579,0.9926436287259047,False,3228,844066,2509489
2505000,0.005354222996441205,0.06441999082989454,0.0006006134379241432,0.0005128534135834028,4.580071174377224,4.0,2.8872331560553457,/net/nfs-ip34/jbod2/def-ilafores/ref_dbs/sourmash_db/RefSeq_20250528.k31.sbt.zip,GCF_020735605.1_ASM2073560v1_genomic,bf79e48da9be9fcacdb5c95f57331d86,0.5742778541953233,281000,93,345911000,/nfs3_ib/nfs-ip34/home/def-ilafores/analysis/MethodsComparison/Feces_RA/preproc/SRR5091617/SRR5091617_unmatched_2.fastq,SRR5091617,6c017906,467855000,31,DNA,1000,467855,True,0.8447576701115547,0.9822674304536522,0.9135125502826034,0.9822674304536522,False,1287,845353,2509489
321000,0.0006861100127176155,0.12233347845015237,0.0006006134379241432,0.000149034325314835,1.3309608540925266,1.0,0.6807485950871655,/net/nfs-ip34/jbod2/def-ilafores/ref_dbs/sourmash_db/RefSeq_20250528.k31.sbt.zip,GCF_040711965.1_ASM4071196v1_genomic,cc2e35263b124926cc75d0a78323817c,0.13974749673487158,281000,94,345630000,/nfs3_ib/nfs-ip34/home/def-ilafores/analysis/MethodsComparison/Feces_RA/preproc/SRR5091617/SRR5091617_unmatched_2.fastq,SRR5091617,6c017906,467855000,31,DNA,1000,467855,True,0.7905843002936473,0.9384917361522472,0.8645380182229473,0.9384917361522472,False,374,845727,2509489
1647000,0.0035203214671212235,0.09055246812683884,0.0005920637804447959,0.0004164194383796861,3.7725631768953067,3.0,4.276825081798964,/net/nfs-ip34/jbod2/def-ilafores/ref_dbs/sourmash_db/RefSeq_20250528.k31.sbt.zip,GCF_040059215.1_ASM4005921v1_genomic,32b4f8c9ded2e30d47a15c3a2652e364,0.538411245505067,277000,95,345353000,/nfs3_ib/nfs-ip34/home/def-ilafores/analysis/MethodsComparison/Feces_RA/preproc/SRR5091617/SRR5091617_unmatched_2.fastq,SRR5091617,6c017906,467855000,31,DNA,1000,467855,True,0.8334076724811048,0.9802260998398937,0.9068168861604993,0.9802260998398937,False,1045,846772,2509489
782000,0.0016714580372123842,0.08338597599494631,0.0005642773936369174,0.00033552647570879966,3.1893939393939394,1.0,4.266026068904095,/net/nfs-ip34/jbod2/def-ilafores/ref_dbs/sourmash_db/RefSeq_20250528.k31.sbt.zip,GCF_010509575.1_ASM1050957v1_genomic,1536305f1db2c6485876fc17c9a7e45f,0.24699936828806066,264000,96,345089000,/nfs3_ib/nfs-ip34/home/def-ilafores/analysis/MethodsComparison/Feces_RA/preproc/SRR5091617/SRR5091617_unmatched_2.fastq,SRR5091617,6c017906,467855000,31,DNA,1000,467855,True,0.8136215345551375,0.955893576724778,0.8847575556399578,0.955893576724778,False,842,847614,2509489
2543000,0.005435444742495004,0.056921373200442965,0.0005493154930480597,0.0019617539666442053,19.155642023346303,11.0,83.98795018072873,/net/nfs-ip34/jbod2/def-ilafores/ref_dbs/sourmash_db/RefSeq_20250528.k31.sbt.zip,GCF_004328515.1_ASM432851v1_genomic,a5fd52ab16a56bc3d037173d70801227,0.5632336655592469,257000,97,344832000,/nfs3_ib/nfs-ip34/home/def-ilafores/analysis/MethodsComparison/Feces_RA/preproc/SRR5091617/SRR5091617_unmatched_2.fastq,SRR5091617,6c017906,467855000,31,DNA,1000,467855,True,0.8451680427207007,0.9816523191771406,0.9134101809489206,0.9816523191771406,False,4923,852537,2509489
2405000,0.005140481559457524,0.07046388725778038,0.000512979448760834,0.00025025015052865344,2.6166666666666667,2.0,3.2498290553333558,/net/nfs-ip34/jbod2/def-ilafores/ref_dbs/sourmash_db/RefSeq_20250528.k31.sbt.zip,GCF_003574015.1_ASM357401v1_genomic,1874b1c1106f4973cf5b5c4b574ac6f1,0.7061068702290076,240000,98,344592000,/nfs3_ib/nfs-ip34/home/def-ilafores/analysis/MethodsComparison/Feces_RA/preproc/SRR5091617/SRR5091617_unmatched_2.fastq,SRR5091617,6c017906,467855000,31,DNA,1000,467855,True,0.8436482560188193,0.9888373289239317,0.9162427924713755,0.9888373289239317,False,628,853165,2509489
2727000,0.005828728986544977,0.04001397868250917,0.0004894678906926291,0.00019486038791164257,2.1353711790393013,1.0,3.996069845135879,/net/nfs-ip34/jbod2/def-ilafores/ref_dbs/sourmash_db/RefSeq_20250528.k31.sbt.zip,GCF_042850145.1_ASM4285014v1_genomic,6350fb91e771d4a1538082fbe2684b37,0.47649834003145203,229000,99,344363000,/nfs3_ib/nfs-ip34/home/def-ilafores/analysis/MethodsComparison/Feces_RA/preproc/SRR5091617/SRR5091617_unmatched_2.fastq,SRR5091617,6c017906,467855000,31,DNA,1000,467855,True,0.8470747523939645,0.9763710270134349,0.9117228897036997,0.9763710270134349,False,489,853654,2509489
2556000,0.0054632311293028825,0.033860045146726865,0.0004809182332132819,0.0001542146628257785,1.72,1.0,1.8053746917960765,/net/nfs-ip34/jbod2/def-ilafores/ref_dbs/sourmash_db/RefSeq_20250528.k31.sbt.zip,GCF_025914215.1_ASM2591421v1_genomic,2a77126e3a4d4eaa4c7e3a06f2b6d9a9,0.38465011286681716,225000,100,344138000,/nfs3_ib/nfs-ip34/home/def-ilafores/analysis/MethodsComparison/Feces_RA/preproc/SRR5091617/SRR5091617_unmatched_2.fastq,SRR5091617,6c017906,467855000,31,DNA,1000,467855,True,0.8453070720310513,0.9696500582380123,0.9074785651345318,0.9696500582380123,False,387,854041,2509489
825000,0.001763366855115367,0.06071235833783054,0.0004809182332132819,0.00020801047543942213,2.32,1.0,4.437697100474024,/net/nfs-ip34/jbod2/def-ilafores/ref_dbs/sourmash_db/RefSeq_20250528.k31.sbt.zip,GCF_020735365.1_ASM2073536v1_genomic,cc558956f3e16df0c5e2090af905f606,0.22261198057204534,225000,101,343913000,/nfs3_ib/nfs-ip34/home/def-ilafores/analysis/MethodsComparison/Feces_RA/preproc/SRR5091617/SRR5091617_unmatched_2.fastq,SRR5091617,6c017906,467855000,31,DNA,1000,467855,True,0.8150276533266233,0.9526934481460777,0.8838605507363505,0.9526934481460777,False,522,854563,2509489
426000,0.0009105385215504803,0.04136029411764706,0.0004809182332132819,0.0001067946502256037,1.191111111111111,1.0,0.4934334232800576,/net/nfs-ip34/jbod2/def-ilafores/ref_dbs/sourmash_db/RefSeq_20250528.k31.sbt.zip,GCF_024662035.1_ASM2466203v1_genomic,1b35675e9d67fef61e8e01847969c203,0.07830882352941176,225000,102,343688000,/nfs3_ib/nfs-ip34/home/def-ilafores/analysis/MethodsComparison/Feces_RA/preproc/SRR5091617/SRR5091617_unmatched_2.fastq,SRR5091617,6c017906,467855000,31,DNA,1000,467855,True,0.7978345679629582,0.9211205558251658,0.859477561894062,0.9211205558251658,False,268,854831,2509489
1921000,0.004105973004456509,0.06797020484171322,0.00046809374699426104,0.00026778360056569283,3.0684931506849313,2.0,2.513863481088673,/net/nfs-ip34/jbod2/def-ilafores/ref_dbs/sourmash_db/RefSeq_20250528.k31.sbt.zip,GCF_006542665.1_Acom_1.0_genomic,56a187d0b325a22e72d7369e11bd76b9,0.5962135319677219,219000,103,343469000,/nfs3_ib/nfs-ip34/home/def-ilafores/analysis/MethodsComparison/Feces_RA/preproc/SRR5091617/SRR5091617_unmatched_2.fastq,SRR5091617,6c017906,467855000,31,DNA,1000,467855,True,0.8375551670964357,0.9834559171796416,0.9105055421380387,0.9834559171796416,False,672,855503,2509489
2742000,0.005860790202092529,0.05940323022173556,0.00046381891825458745,0.0005120564385817192,5.921658986175115,5.0,4.5768744505660335,/net/nfs-ip34/jbod2/def-ilafores/ref_dbs/sourmash_db/RefSeq_20250528.k31.sbt.zip,GCF_025145845.1_ASM2514584v1_genomic,00191848f4049b7a1cb875559983f7c7,0.7506159321105941,217000,104,343252000,/nfs3_ib/nfs-ip34/home/def-ilafores/analysis/MethodsComparison/Feces_RA/preproc/SRR5091617/SRR5091617_unmatched_2.fastq,SRR5091617,6c017906,467855000,31,DNA,1000,467855,True,0.8472246562791564,0.99078909664804,0.9190068764635982,0.99078909664804,False,1285,856788,2509489
256000,0.000547178078678223,0.046094750320102434,0.00046168150388475063,0.00010041885021213483,1.1666666666666667,1.0,0.4409585518440984,/net/nfs-ip34/jbod2/def-ilafores/ref_dbs/sourmash_db/RefSeq_20250528.k31.sbt.zip,GCF_016027855.1_ASM1602785v1_genomic,403d587a5133b0bb3b668df880abf6a5,0.05463081519419548,216000,105,343036000,/nfs3_ib/nfs-ip34/home/def-ilafores/analysis/MethodsComparison/Feces_RA/preproc/SRR5091617/SRR5091617_unmatched_2.fastq,SRR5091617,6c017906,467855000,31,DNA,1000,467855,True,0.7848349684115439,0.9104837168711165,0.8476593426413301,0.9104837168711165,False,252,857040,2509489
419000,0.0008955766209616228,0.039338235294117646,0.000457406675145077,0.00022713787547982877,2.663551401869159,1.0,5.569348567140606,/net/nfs-ip34/jbod2/def-ilafores/ref_dbs/sourmash_db/RefSeq_20250528.k31.sbt.zip,GCF_031172035.1_ASM3117203v1_genomic,d37848e0abc0eaa6dbc2ce09b1d4cada,0.07702205882352942,214000,106,342822000,/nfs3_ib/nfs-ip34/home/def-ilafores/analysis/MethodsComparison/Feces_RA/preproc/SRR5091617/SRR5091617_unmatched_2.fastq,SRR5091617,6c017906,467855000,31,DNA,1000,467855,True,0.7974082669502639,0.9206283803272248,0.8590183236387443,0.9206283803272248,False,570,857610,2509489
1242000,0.002654668647337316,0.07254768392370572,0.00045526926077524017,0.00035584933825173173,4.192488262910798,2.0,5.271549994873784,/net/nfs-ip34/jbod2/def-ilafores/ref_dbs/sourmash_db/RefSeq_20250528.k31.sbt.zip,GCF_023347295.1_ASM2334729v1_genomic,78db35fa6d9edc0fa99c8623efbe174d,0.42302452316076294,213000,107,342609000,/nfs3_ib/nfs-ip34/home/def-ilafores/analysis/MethodsComparison/Feces_RA/preproc/SRR5091617/SRR5091617_unmatched_2.fastq,SRR5091617,6c017906,467855000,31,DNA,1000,467855,True,0.8258545364631623,0.9726291371525478,0.8992418368078551,0.9726291371525478,False,893,858503,2509489
1906000,0.004073911788908957,0.053766167892467666,0.0004531318464054034,0.00038214951330729085,4.523584905660377,1.0,10.88206115921886,/net/nfs-ip34/jbod2/def-ilafores/ref_dbs/sourmash_db/RefSeq_20250528.k31.sbt.zip,GCF_023497585.1_ASM2349758v1_genomic,d9c5bc738094fb07e8276cf458f5e9f1,0.48338828303322345,212000,108,342397000,/nfs3_ib/nfs-ip34/home/def-ilafores/analysis/MethodsComparison/Feces_RA/preproc/SRR5091617/SRR5091617_unmatched_2.fastq,SRR5091617,6c017906,467855000,31,DNA,1000,467855,True,0.8373433983648978,0.9768232856799625,0.9070833420224301,0.9768232856799625,False,959,859462,2509489
278000,0.0005942011948146328,0.06209343583678297,0.00044885701766572976,0.0002462652755202354,2.942857142857143,1.0,4.023333305153047,/net/nfs-ip34/jbod2/def-ilafores/ref_dbs/sourmash_db/RefSeq_20250528.k31.sbt.zip,GCF_001454945.1_ASM145494v1_genomic,380e5279419db353c2f7e8db083c21b8,0.08219988172678888,210000,109,342187000,/nfs3_ib/nfs-ip34/home/def-ilafores/analysis/MethodsComparison/Feces_RA/preproc/SRR5091617/SRR5091617_unmatched_2.fastq,SRR5091617,6c017906,467855000,31,DNA,1000,467855,True,0.7869249939283021,0.9225626005731469,0.8547437972507245,0.9225626005731469,False,618,860080,2509489
884000,0.0018894743029357387,0.06829268292682927,0.00044885701766572976,0.00016696626285271624,1.9952380952380953,1.0,2.351286616479256,/net/nfs-ip34/jbod2/def-ilafores/ref_dbs/sourmash_db/RefSeq_20250528.k31.sbt.zip,GCF_042848525.1_ASM4284852v1_genomic,268c95f33661b42130c76be0c47d4640,0.28747967479674796,210000,110,341977000,/nfs3_ib/nfs-ip34/home/def-ilafores/analysis/MethodsComparison/Feces_RA/preproc/SRR5091617/SRR5091617_unmatched_2.fastq,SRR5091617,6c017906,467855000,31,DNA,1000,467855,True,0.8168457089033057,0.9605848091511473,0.8887152590272265,0.9605848091511473,False,419,860499,2509489
393000,0.0008400038473458658,0.08421480878763223,0.00044244477455621936,0.0004375392759243017,5.304347826086956,3.0,5.648233483389451,/net/nfs-ip34/jbod2/def-ilafores/ref_dbs/sourmash_db/RefSeq_20250528.k31.sbt.zip,GCF_018326305.1_ASM1832630v1_genomic,5128153ef7f1c80fc4c112268b755214,0.1598860862489829,207000,111,341770000,/nfs3_ib/nfs-ip34/home/def-ilafores/analysis/MethodsComparison/Feces_RA/preproc/SRR5091617/SRR5091617_unmatched_2.fastq,SRR5091617,6c017906,467855000,31,DNA,1000,467855,True,0.7957621291566218,0.942576207890755,0.8691691685236884,0.942576207890755,False,1098,861597,2509489
555000,0.0011862649752594286,0.0554503651609413,0.0004381699458165457,0.00021119837544615657,2.5853658536585367,1.0,7.0833904303025905,/net/nfs-ip34/jbod2/def-ilafores/ref_dbs/sourmash_db/RefSeq_20250528.k31.sbt.zip,GCF_000210015.1_ASM21001v1_genomic,6f351faff0bbc09512221a953fad4daf,0.15012172031376791,205000,112,341565000,/nfs3_ib/nfs-ip34/home/def-ilafores/analysis/MethodsComparison/Feces_RA/preproc/SRR5091617/SRR5091617_unmatched_2.fastq,SRR5091617,6c017906,467855000,31,DNA,1000,467855,True,0.8046717688324976,0.9406621347025208,0.8726669517675092,0.9406621347025208,False,530,862127,2509489
3764000,0.008045227688065747,0.038159371492704826,0.0004360325314467089,0.000316399075668393,3.892156862745098,2.0,6.290214720523938,/net/nfs-ip34/jbod2/def-ilafores/ref_dbs/sourmash_db/RefSeq_20250528.k31.sbt.zip,GCF_018292205.1_ASM1829220v1_genomic,8ecf5298bc316c4919161fc4689e0594,0.7040778151889263,204000,113,341361000,/nfs3_ib/nfs-ip34/home/def-ilafores/analysis/MethodsComparison/Feces_RA/preproc/SRR5091617/SRR5091617_unmatched_2.fastq,SRR5091617,6c017906,467855000,31,DNA,1000,467855,True,0.8559269888245532,0.9887455398198853,0.9223362643222193,0.9887455398198853,False,794,862921,2509489
458000,0.0009789357813852582,0.06100151745068285,0.0004296202883371985,0.00015780105033335473,1.9701492537313432,1.0,2.6408773752404064,/net/nfs-ip34/jbod2/def-ilafores/ref_dbs/sourmash_db/RefSeq_20250528.k31.sbt.zip,GCF_000210035.1_ASM21003v1_genomic,9b031f8e8d6f8498e950d180778cd938,0.13899848254931715,201000,114,341160000,/nfs3_ib/nfs-ip34/home/def-ilafores/analysis/MethodsComparison/Feces_RA/preproc/SRR5091617/SRR5091617_unmatched_2.fastq,SRR5091617,6c017906,467855000,31,DNA,1000,467855,True,0.7997008450319375,0.938329052622472,0.8690149488272048,0.938329052622472,False,396,863317,2509489
2757000,0.005892851417640081,0.028856165402350142,0.00041465838774834085,0.00022833333798235418,2.9536082474226806,1.0,11.701304551957612,/net/nfs-ip34/jbod2/def-ilafores/ref_dbs/sourmash_db/RefSeq_20250528.k31.sbt.zip,GCF_014334015.1_ASM1433401v1_genomic,32a90d9faa0865b9d4716569d60e47de,0.4100847835787595,194000,115,340966000,/nfs3_ib/nfs-ip34/home/def-ilafores/analysis/MethodsComparison/Feces_RA/preproc/SRR5091617/SRR5091617_unmatched_2.fastq,SRR5091617,6c017906,467855000,31,DNA,1000,467855,True,0.847373768665303,0.9716549184536247,0.9095143435594639,0.9716549184536247,False,573,863890,2509489
1178000,0.0025178741276677603,0.06397306397306397,0.0004061087302689936,0.00015062827531820222,1.9894736842105263,1.0,2.195664325040339,/net/nfs-ip34/jbod2/def-ilafores/ref_dbs/sourmash_db/RefSeq_20250528.k31.sbt.zip,GCF_001998765.1_ASM199876v1_genomic,c87f75fcf13611b56f2643edb90d05be,0.3966329966329966,190000,116,340776000,/nfs3_ib/nfs-ip34/home/def-ilafores/analysis/MethodsComparison/Feces_RA/preproc/SRR5091617/SRR5091617_unmatched_2.fastq,SRR5091617,6c017906,467855000,31,DNA,1000,467855,True,0.8244463271384425,0.970610089118714,0.8975282081285783,0.970610089118714,False,378,864268,2509489
4245000,0.009073323999957252,0.0370442581399883,0.0004061087302689936,0.0019270855540709682,25.45263157894737,25.5,28.57189212128909,/net/nfs-ip34/jbod2/def-ilafores/ref_dbs/sourmash_db/RefSeq_20250528.k31.sbt.zip,GCF_036419465.1_ASM3641946v1_genomic,277623bb21bf8d096347cc62995689ef,0.8276467147592124,190000,117,340586000,/nfs3_ib/nfs-ip34/home/def-ilafores/analysis/MethodsComparison/Feces_RA/preproc/SRR5091617/SRR5091617_unmatched_2.fastq,SRR5091617,6c017906,467855000,31,DNA,1000,467855,True,0.8592538711165227,0.9939163585298383,0.9265851148231805,0.9939163585298383,False,4836,869104,2509489
1733000,0.003704139102927189,0.0637137989778535,0.00039969648715948317,0.0006750378264260174,9.058823529411764,8.0,7.3565980211504,/net/nfs-ip34/jbod2/def-ilafores/ref_dbs/sourmash_db/RefSeq_20250528.k31.sbt.zip,GCF_040058985.1_ASM4005898v1_genomic,9217c1f8c150568f8c71781398566ec7,0.5904599659284497,187000,118,340399000,/nfs3_ib/nfs-ip34/home/def-ilafores/analysis/MethodsComparison/Feces_RA/preproc/SRR5091617/SRR5091617_unmatched_2.fastq,SRR5091617,6c017906,467855000,31,DNA,1000,467855,True,0.8347771593505999,0.9831483326147598,0.9089627459826799,0.9831483326147598,False,1694,870798,2509489
1045000,0.0022335980164794648,0.02782738095238095,0.00039969648715948317,0.00013628272528789725,1.8288770053475936,1.0,2.301503884258582,/net/nfs-ip34/jbod2/def-ilafores/ref_dbs/sourmash_db/RefSeq_20250528.k31.sbt.zip,GCF_017873595.1_ASM1787359v1_genomic,8314f9f37434b00a96c923f258f58e3d,0.15550595238095238,187000,119,340212000,/nfs3_ib/nfs-ip34/home/def-ilafores/analysis/MethodsComparison/Feces_RA/preproc/SRR5091617/SRR5091617_unmatched_2.fastq,SRR5091617,6c017906,467855000,31,DNA,1000,467855,True,0.8212663576415489,0.9417319895252261,0.8814991735833875,0.9417319895252261,False,342,871140,2509489
967000,0.0020668796956321935,0.0006322337225309743,0.00039755907278964635,0.0002498516630278116,3.370967741935484,1.0,13.222131013034213,/net/nfs-ip34/jbod2/def-ilafores/ref_dbs/sourmash_db/RefSeq_20250528.k31.sbt.zip,plasmid.5.1.genomic,0f0c4d9f3e14a466d58e8f18d86b27e8,0.003286935535954044,186000,120,340026000,/nfs3_ib/nfs-ip34/home/def-ilafores/analysis/MethodsComparison/Feces_RA/preproc/SRR5091617/SRR5091617_unmatched_2.fastq,SRR5091617,6c017906,467855000,31,DNA,1000,467855,True,0.819213809271006,0.8315655514591601,0.8253896803650831,0.8315655514591601,False,627,871767,2509489
3754000,0.008023853544367378,0.04021621621621622,0.00039755907278964635,0.001053600952225732,14.21505376344086,14.0,9.014145946657793,/net/nfs-ip34/jbod2/def-ilafores/ref_dbs/sourmash_db/RefSeq_20250528.k31.sbt.zip,GCF_025914195.1_ASM2591419v1_genomic,4ab236feb27bbefb635121ccd1c90e65,0.8116756756756757,186000,121,339840000,/nfs3_ib/nfs-ip34/home/def-ilafores/analysis/MethodsComparison/Feces_RA/preproc/SRR5091617/SRR5091617_unmatched_2.fastq,SRR5091617,6c017906,467855000,31,DNA,1000,467855,True,0.8558535400891568,0.9932918128637666,0.9245726764764617,0.9932918128637666,False,2644,874411,2509489
3191000,0.006820489254149255,0.027913361805979257,0.00039114682968013594,0.00021996510046467626,3.0163934426229506,2.0,6.516457022750623,/net/nfs-ip34/jbod2/def-ilafores/ref_dbs/sourmash_db/RefSeq_20250528.k31.sbt.zip,GCF_025263845.1_ASM2526384v1_genomic,d20001d187626a256609db74af93bd0e,0.48672971323978037,183000,122,339657000,/nfs3_ib/nfs-ip34/home/def-ilafores/analysis/MethodsComparison/Feces_RA/preproc/SRR5091617/SRR5091617_unmatched_2.fastq,SRR5091617,6c017906,467855000,31,DNA,1000,467855,True,0.8513792898555935,0.9770403768258983,0.9142098333407459,0.9770403768258983,False,552,874963,2509489
670000,0.0014320676277906617,0.0647456421202419,0.0003890094153102991,0.0002705730130715855,3.730769230769231,2.0,4.452316159989517,/net/nfs-ip34/jbod2/def-ilafores/ref_dbs/sourmash_db/RefSeq_20250528.k31.sbt.zip,GCF_028743395.1_ASM2874339v1_genomic,bc5680b67a040c88f41f779ed94a8fca,0.2383493418712202,182000,123,339475000,/nfs3_ib/nfs-ip34/home/def-ilafores/analysis/MethodsComparison/Feces_RA/preproc/SRR5091617/SRR5091617_unmatched_2.fastq,SRR5091617,6c017906,467855000,31,DNA,1000,467855,True,0.8095746261878408,0.9547949815079987,0.8821848038479198,0.9547949815079987,False,679,875642,2509489
183000,0.00039114682968013594,0.06359189378057302,0.0003890094153102991,9.08551501919315e-05,1.2527472527472527,1.0,0.5465859391404786,/net/nfs-ip34/jbod2/def-ilafores/ref_dbs/sourmash_db/RefSeq_20250528.k31.sbt.zip,GCF_016865385.1_ASM1686538v1_genomic,290112e27a9899f2f1b4e84c17e76c61,0.0639412997903564,182000,124,339293000,/nfs3_ib/nfs-ip34/home/def-ilafores/analysis/MethodsComparison/Feces_RA/preproc/SRR5091617/SRR5091617_unmatched_2.fastq,SRR5091617,6c017906,467855000,31,DNA,1000,467855,True,0.7763820356470943,0.9151174173115769,0.8457497264793357,0.9151174173115769,False,228,875870,2509489
1584000,0.0033856643618215046,0.05620832010161956,0.00037832234346111507,0.00044072717593103615,6.248587570621469,5.0,4.870679106058599,/net/nfs-ip34/jbod2/def-ilafores/ref_dbs/sourmash_db/RefSeq_20250528.k31.sbt.zip,GCF_042850025.1_ASM4285002v1_genomic,26ae838edf91db815bafb3211b734604,0.5030168307399174,177000,125,339116000,/nfs3_ib/nfs-ip34/home/def-ilafores/analysis/MethodsComparison/Feces_RA/preproc/SRR5091617/SRR5091617_unmatched_2.fastq,SRR5091617,6c017906,467855000,31,DNA,1000,467855,True,0.8323597931748279,0.9780783134453166,0.9052190533100722,0.9780783134453166,False,1106,876976,2509489
2189000,0.004678800055572773,0.057358243198951164,0.0003740475147214415,0.0004291710384066238,6.154285714285714,3.0,6.552135654323182,/net/nfs-ip34/jbod2/def-ilafores/ref_dbs/sourmash_db/RefSeq_20250528.k31.sbt.zip,GCF_042852915.1_ASM4285291v1_genomic,83df1fc7945fffe52952776a8424f7ce,0.717469682071452,175000,126,338941000,/nfs3_ib/nfs-ip34/home/def-ilafores/analysis/MethodsComparison/Feces_RA/preproc/SRR5091617/SRR5091617_unmatched_2.fastq,SRR5091617,6c017906,467855000,31,DNA,1000,467855,True,0.8410911202046008,0.9893466823084386,0.9152189012565197,0.9893466823084386,False,1077,878053,2509489
1209000,0.0025841339731327013,0.04977116704805492,0.00037191010035160467,0.00013030541277527018,1.8793103448275863,1.0,1.5655514199519844,/net/nfs-ip34/jbod2/def-ilafores/ref_dbs/sourmash_db/RefSeq_20250528.k31.sbt.zip,GCF_028743455.1_ASM2874345v1_genomic,e7c81f7d63e990a73ddfcefd48f5bb04,0.3458237986270023,174000,127,338767000,/nfs3_ib/nfs-ip34/home/def-ilafores/analysis/MethodsComparison/Feces_RA/preproc/SRR5091617/SRR5091617_unmatched_2.fastq,SRR5091617,6c017906,467855000,31,DNA,1000,467855,True,0.8251374358174531,0.9663275264488462,0.8957324811331497,0.9663275264488462,False,327,878380,2509489
364000,0.0007780188306205982,0.031011969532100107,0.00036549785724209426,8.24869126742536e-05,1.2105263157894737,1.0,0.73516936279849,/net/nfs-ip34/jbod2/def-ilafores/ref_dbs/sourmash_db/RefSeq_20250528.k31.sbt.zip,GCF_019930665.1_ASM1993066v1_genomic,d7320230ed69eef737078c57f068087a,0.06601378309756982,171000,128,338596000,/nfs3_ib/nfs-ip34/home/def-ilafores/analysis/MethodsComparison/Feces_RA/preproc/SRR5091617/SRR5091617_unmatched_2.fastq,SRR5091617,6c017906,467855000,31,DNA,1000,467855,True,0.7937968265330393,0.9160595306941907,0.8549281786136149,0.9160595306941907,False,207,878587,2509489
753000,0.0016094730204871167,0.041470076980382416,0.000356948199762747,0.0007503519640851185,11.275449101796408,6.0,12.724941170485604,/net/nfs-ip34/jbod2/def-ilafores/ref_dbs/sourmash_db/RefSeq_20250528.k31.sbt.zip,GCF_027923645.1_ASM2792364v1_genomic,9fb8a945f847c19c6bae95891438e391,0.18698783213310158,167000,129,338429000,/nfs3_ib/nfs-ip34/home/def-ilafores/analysis/MethodsComparison/Feces_RA/preproc/SRR5091617/SRR5091617_unmatched_2.fastq,SRR5091617,6c017906,467855000,31,DNA,1000,467855,True,0.8126303207228461,0.9473492332569398,0.879989776989893,0.9473492332569398,False,1883,880470,2509489
559000,0.0011948146327387759,0.044271532063321704,0.0003526733710230734,0.00012432810026264312,1.8909090909090909,1.0,4.110619184824182,/net/nfs-ip34/jbod2/def-ilafores/ref_dbs/sourmash_db/RefSeq_20250528.k31.sbt.zip,GCF_033096465.1_ASM3309646v1_genomic,2c68bd9dadc6532293ac0421ad590fc2,0.14998658438422324,165000,130,338264000,/nfs3_ib/nfs-ip34/home/def-ilafores/analysis/MethodsComparison/Feces_RA/preproc/SRR5091617/SRR5091617_unmatched_2.fastq,SRR5091617,6c017906,467855000,31,DNA,1000,467855,True,0.8048581980763636,0.9406348079197178,0.8727465029980407,0.9406348079197178,False,312,880782,2509489
702000,0.0015004648876254395,0.029764065335753175,0.00035053595665323657,0.0003195869756751275,4.890243902439025,1.0,17.112971900216067,/net/nfs-ip34/jbod2/def-ilafores/ref_dbs/sourmash_db/RefSeq_20250528.k31.sbt.zip,GCF_000724815.2_ASM72481v2_genomic,b9aa1a1f244c1c0700ca0455b6d70026,0.12740471869328493,164000,131,338100000,/nfs3_ib/nfs-ip34/home/def-ilafores/analysis/MethodsComparison/Feces_RA/preproc/SRR5091617/SRR5091617_unmatched_2.fastq,SRR5091617,6c017906,467855000,31,DNA,1000,467855,True,0.8107939714033842,0.935696524924929,0.8732452481641566,0.935696524924929,False,802,881584,2509489
165000,0.0003526733710230734,0.06707818930041153,0.00034839854228339975,7.531413765910111e-05,1.1595092024539877,1.0,0.44205849164789746,/net/nfs-ip34/jbod2/def-ilafores/ref_dbs/sourmash_db/RefSeq_20250528.k31.sbt.zip,GCF_027116415.1_ASM2711641v1_genomic,70b98cf87378ddecadf78424ec9bd5af,0.06790123456790123,163000,132,337937000,/nfs3_ib/nfs-ip34/home/def-ilafores/analysis/MethodsComparison/Feces_RA/preproc/SRR5091617/SRR5091617_unmatched_2.fastq,SRR5091617,6c017906,467855000,31,DNA,1000,467855,True,0.7737932283873891,0.9168929522983279,0.8453430903428585,0.9168929522983279,False,189,881773,2509489
2463000,0.005264451592908059,0.02444987775061125,0.00034198629917388934,0.00046383945097986084,7.275,1.0,25.0987923016228,/net/nfs-ip34/jbod2/def-ilafores/ref_dbs/sourmash_db/RefSeq_20250528.k31.sbt.zip,GCF_025914255.1_ASM2591425v1_genomic,55c73110299b6c07a1380c6e50d75062,0.3763753056234719,160000,133,337777000,/nfs3_ib/nfs-ip34/home/def-ilafores/analysis/MethodsComparison/Feces_RA/preproc/SRR5091617/SRR5091617_unmatched_2.fastq,SRR5091617,6c017906,467855000,31,DNA,1000,467855,True,0.844297031794887,0.9689700614780098,0.9066335466364484,0.9689700614780098,False,1164,882937,2509489
1292000,0.0027615393658291564,0.07428040854224698,0.00034198629917388934,0.00019366492540911714,3.0375,3.0,1.8936984316411103,/net/nfs-ip34/jbod2/def-ilafores/ref_dbs/sourmash_db/RefSeq_20250528.k31.sbt.zip,GCF_003856735.1_ASM385673v1_genomic,02540731e01579acae615f0109be8749,0.5998142989786444,160000,134,337617000,/nfs3_ib/nfs-ip34/home/def-ilafores/analysis/MethodsComparison/Feces_RA/preproc/SRR5091617/SRR5091617_unmatched_2.fastq,SRR5091617,6c017906,467855000,31,DNA,1000,467855,True,0.8269066633573361,0.983646955470947,0.9052768094141416,0.983646955470947,False,486,883423,2509489
1485000,0.0031740603392076605,0.055376920328688815,0.0003312992273247053,0.00020960442544278935,3.393548387096774,2.0,4.92982597899181,/net/nfs-ip34/jbod2/def-ilafores/ref_dbs/sourmash_db/RefSeq_20250528.k31.sbt.zip,GCF_023347535.1_ASM2334753v1_genomic,1a6ea346590b713f033b7fae8ab21643,0.5305466237942122,155000,135,337462000,/nfs3_ib/nfs-ip34/home/def-ilafores/analysis/MethodsComparison/Feces_RA/preproc/SRR5091617/SRR5091617_unmatched_2.fastq,SRR5091617,6c017906,467855000,31,DNA,1000,467855,True,0.8306287160733682,0.9797609246114402,0.9051948203424042,0.9797609246114402,False,526,883949,2509489
941000,0.0020113069220164368,0.03326133909287257,0.0003291618129548685,9.205061269445692e-05,1.5,1.0,1.456066574758816,/net/nfs-ip34/jbod2/def-ilafores/ref_dbs/sourmash_db/RefSeq_20250528.k31.sbt.zip,GCF_023008285.1_ASM2300828v1_genomic,3191b17cd9816a6b0abb68f0b35dbdf7,0.20323974082073434,154000,136,337308000,/nfs3_ib/nfs-ip34/home/def-ilafores/analysis/MethodsComparison/Feces_RA/preproc/SRR5091617/SRR5091617_unmatched_2.fastq,SRR5091617,6c017906,467855000,31,DNA,1000,467855,True,0.8184938689048613,0.9498995847458241,0.8841967268253428,0.9498995847458241,False,231,884180,2509489
2891000,0.006179264943198213,0.028319938767699962,0.00031633732673584766,0.0002566259505421223,4.351351351351352,2.0,10.431154521927859,/net/nfs-ip34/jbod2/def-ilafores/ref_dbs/sourmash_db/RefSeq_20250528.k31.sbt.zip,GCF_024759985.1_ASM2475998v1_genomic,77885c0164ce8f82af8b6a9dc7c2bc66,0.5531955606582473,148000,137,337160000,/nfs3_ib/nfs-ip34/home/def-ilafores/analysis/MethodsComparison/Feces_RA/preproc/SRR5091617/SRR5091617_unmatched_2.fastq,SRR5091617,6c017906,467855000,31,DNA,1000,467855,True,0.8486720458260585,0.9810830308554491,0.9148775383407538,0.9810830308554491,False,644,884824,2509489
3832000,0.00819057186521465,0.022279871814436136,0.000312062497996174,0.00010002036271129302,1.7191780821917808,1.0,0.9489947867470264,/net/nfs-ip34/jbod2/def-ilafores/ref_dbs/sourmash_db/RefSeq_20250528.k31.sbt.zip,GCF_038561945.1_B_ovatus_H2495_genomic,d732c80bcf4e6f003145adb06bb926a4,0.5847703341980772,146000,138,337014000,/nfs3_ib/nfs-ip34/home/def-ilafores/analysis/MethodsComparison/Feces_RA/preproc/SRR5091617/SRR5091617_unmatched_2.fastq,SRR5091617,6c017906,467855000,31,DNA,1000,467855,True,0.8564214884926824,0.9828413002935198,0.9196313943931012,0.9828413002935198,False,251,885075,2509489
729000,0.0015581750756110332,0.0297593921485859,0.00030137542614699,0.00030006108813387906,5.340425531914893,4.0,12.865275594831978,/net/nfs-ip34/jbod2/def-ilafores/ref_dbs/sourmash_db/RefSeq_20250528.k31.sbt.zip,GCF_020735865.1_ASM2073586v1_genomic,be5dafe4a3de9c37ebecacd7a8f5820f,0.15386238919375264,141000,139,336873000,/nfs3_ib/nfs-ip34/home/def-ilafores/analysis/MethodsComparison/Feces_RA/preproc/SRR5091617/SRR5091617_unmatched_2.fastq,SRR5091617,6c017906,467855000,31,DNA,1000,467855,True,0.8117816573524618,0.9414092621387654,0.8765954597456136,0.9414092621387654,False,753,885828,2509489
479000,0.0010238214831518313,0.037405812701829924,0.0002971005974073164,8.129145017172819e-05,1.4676258992805755,1.0,1.672039026916138,/net/nfs-ip34/jbod2/def-ilafores/ref_dbs/sourmash_db/RefSeq_20250528.k31.sbt.zip,GCF_015074785.1_ASM1507478v1_genomic,988b2ef58a54374a65546dbc194ca3be,0.12890204520990312,139000,140,336734000,/nfs3_ib/nfs-ip34/home/def-ilafores/analysis/MethodsComparison/Feces_RA/preproc/SRR5091617/SRR5091617_unmatched_2.fastq,SRR5091617,6c017906,467855000,31,DNA,1000,467855,True,0.8008581887584503,0.936049258299663,0.8684537235290566,0.936049258299663,False,204,886032,2509489
1851000,0.0039563539985679325,0.03853672158614912,0.00029496318303747957,0.0003773676632971892,6.86231884057971,7.0,4.0202242871052025,/net/nfs-ip34/jbod2/def-ilafores/ref_dbs/sourmash_db/RefSeq_20250528.k31.sbt.zip,GCF_000209955.1_ASM20995v1_genomic,bbe76ea739202f726b440dbf1d277c90,0.5168947221446524,138000,141,336596000,/nfs3_ib/nfs-ip34/home/def-ilafores/analysis/MethodsComparison/Feces_RA/preproc/SRR5091617/SRR5091617_unmatched_2.fastq,SRR5091617,6c017906,467855000,31,DNA,1000,467855,True,0.8365528665803806,0.9789373672439581,0.9077451169121693,0.9789373672439581,False,947,886979,2509489
327000,0.0006989344989366364,0.041387705416920266,0.00029068835429780593,0.00011396742524075618,2.1029411764705883,1.0,6.284059445468895,/net/nfs-ip34/jbod2/def-ilafores/ref_dbs/sourmash_db/RefSeq_20250528.k31.sbt.zip,GCF_045002895.1_ASM4500289v1_genomic,dcf539ba4c82009d09e4501c72acd6ed,0.09951308581862446,136000,142,336460000,/nfs3_ib/nfs-ip34/home/def-ilafores/analysis/MethodsComparison/Feces_RA/preproc/SRR5091617/SRR5091617_unmatched_2.fastq,SRR5091617,6c017906,467855000,31,DNA,1000,467855,True,0.7910567274690131,0.9282683746203215,0.8596625510446674,0.9282683746203215,False,286,887265,2509489
255000,0.0005450406643083862,0.045706371191135735,0.0002821386968184587,8.766725018519706e-05,1.6666666666666667,1.0,2.0621651855574648,/net/nfs-ip34/jbod2/def-ilafores/ref_dbs/sourmash_db/RefSeq_20250528.k31.sbt.zip,GCF_025150745.1_ASM2515074v1_genomic,f264b62f2a1798cf106db911e66dcf25,0.08829639889196676,132000,143,336328000,/nfs3_ib/nfs-ip34/home/def-ilafores/analysis/MethodsComparison/Feces_RA/preproc/SRR5091617/SRR5091617_unmatched_2.fastq,SRR5091617,6c017906,467855000,31,DNA,1000,467855,True,0.7847358854713612,0.9246942583914829,0.854715071931422,0.9246942583914829,False,220,887485,2509489
611000,0.0013059601799702899,0.028972587474927567,0.0002778638680787851,0.0010456312022088959,20.184615384615384,1.0,43.56370836361997,/net/nfs-ip34/jbod2/def-ilafores/ref_dbs/sourmash_db/RefSeq_20250528.k31.sbt.zip,GCF_042850115.1_ASM4285011v1_genomic,0a531f0dc11d01b0c4c52863f5abf5c2,0.13617116113215957,130000,144,336198000,/nfs3_ib/nfs-ip34/home/def-ilafores/analysis/MethodsComparison/Feces_RA/preproc/SRR5091617/SRR5091617_unmatched_2.fastq,SRR5091617,6c017906,467855000,31,DNA,1000,467855,True,0.8071708728323543,0.9377072257761283,0.8724390493042413,0.9377072257761283,False,2624,890109,2509489
4254000,0.009092560729285782,0.024132170038982735,0.0002778638680787851,0.00021757417545962545,4.2,2.0,7.668517056521022,/net/nfs-ip34/jbod2/def-ilafores/ref_dbs/sourmash_db/RefSeq_20250528.k31.sbt.zip,GCF_013010095.1_ASM1301009v1_genomic,268a950c26952ca77b008f048dc33ec9,0.7896788565064043,130000,145,336068000,/nfs3_ib/nfs-ip34/home/def-ilafores/analysis/MethodsComparison/Feces_RA/preproc/SRR5091617/SRR5091617_unmatched_2.fastq,SRR5091617,6c017906,467855000,31,DNA,1000,467855,True,0.8593125767092333,0.9924118741427632,0.9258622254259983,0.9924118741427632,False,546,890655,2509489
1051000,0.002246422502698486,0.05260942760942761,0.00026717679622960107,9.00581751902479e-05,1.808,1.0,1.0330227490234667,/net/nfs-ip34/jbod2/def-ilafores/ref_dbs/sourmash_db/RefSeq_20250528.k31.sbt.zip,GCF_003945365.1_PFJ30894_01_genomic,41e393347aeaa24ab6fcfff277c4c1f9,0.44234006734006737,125000,146,335943000,/nfs3_ib/nfs-ip34/home/def-ilafores/analysis/MethodsComparison/Feces_RA/preproc/SRR5091617/SRR5091617_unmatched_2.fastq,SRR5091617,6c017906,467855000,31,DNA,1000,467855,True,0.8214180464700176,0.9740310090693499,0.8977245277696837,0.9740310090693499,False,226,890881,2509489
4088000,0.008737749943892873,0.025355596784168214,0.00026290196748992743,0.0005204246760993971,10.617886178861788,6.0,10.948898541478846,/net/nfs-ip34/jbod2/def-ilafores/ref_dbs/sourmash_db/RefSeq_20250528.k31.sbt.zip,GCF_006742345.1_ASM674234v1_genomic,aa13184474b5d866ab5daea20b7e99ed,0.8427128427128427,123000,147,335820000,/nfs3_ib/nfs-ip34/home/def-ilafores/analysis/MethodsComparison/Feces_RA/preproc/SRR5091617/SRR5091617_unmatched_2.fastq,SRR5091617,6c017906,467855000,31,DNA,1000,467855,True,0.8582099311815427,0.994494917956611,0.9263524245690768,0.994494917956611,False,1306,892187,2509489
119000,0.0002543523100105802,0.060856111397627644,0.0002522148956407434,5.897615012458712e-05,1.2542372881355932,1.0,0.5237809200122862,/net/nfs-ip34/jbod2/def-ilafores/ref_dbs/sourmash_db/RefSeq_20250528.k31.sbt.zip,GCF_014931295.1_ASM1493129v1_genomic,6efc5a85cf36f959d48a31cf34e6abe4,0.061371841155234655,118000,148,335702000,/nfs3_ib/nfs-ip34/home/def-ilafores/analysis/MethodsComparison/Feces_RA/preproc/SRR5091617/SRR5091617_unmatched_2.fastq,SRR5091617,6c017906,467855000,31,DNA,1000,467855,True,0.765678253244046,0.9139074775513192,0.8397928653976826,0.9139074775513192,False,148,892335,2509489
2291000,0.004896816321296128,0.03706070287539936,0.0002479400669010698,0.00024387435051518458,5.275862068965517,5.0,3.1937066533843685,/net/nfs-ip34/jbod2/def-ilafores/ref_dbs/sourmash_db/RefSeq_20250528.k31.sbt.zip,GCF_018846995.1_ASM1884699v1_genomic,ad6d2ee3bc527a64b92eeb923ff9017b,0.7319488817891374,116000,149,335586000,/nfs3_ib/nfs-ip34/home/def-ilafores/analysis/MethodsComparison/Feces_RA/preproc/SRR5091617/SRR5091617_unmatched_2.fastq,SRR5091617,6c017906,467855000,31,DNA,1000,467855,True,0.8423277156067369,0.9899845372908875,0.9161561264488123,0.9899845372908875,False,612,892947,2509489
3240000,0.006925222558271259,0.01741218853197238,0.0002479400669010698,0.00037417976329045475,8.094827586206897,1.0,57.876351320825776,/net/nfs-ip34/jbod2/def-ilafores/ref_dbs/sourmash_db/RefSeq_20250528.k31.sbt.zip,GCF_018289035.1_ASM1828903v1_genomic,2c57a91b8fe09d51df24c6e20ef5d122,0.4863404383068148,116000,150,335470000,/nfs3_ib/nfs-ip34/home/def-ilafores/analysis/MethodsComparison/Feces_RA/preproc/SRR5091617/SRR5091617_unmatched_2.fastq,SRR5091617,6c017906,467855000,31,DNA,1000,467855,True,0.8517979138409599,0.9770151601684007,0.9144065370046803,0.9770151601684007,False,939,893886,2509489
1651000,0.0035288711246005706,0.038282290279627165,0.000245802652531233,0.00022394997547309432,4.886956521739131,3.0,6.048737155144262,/net/nfs-ip34/jbod2/def-ilafores/ref_dbs/sourmash_db/RefSeq_20250528.k31.sbt.zip,GCF_023347355.1_ASM2334735v1_genomic,0b1b8956f9826b69686f1f8520bdfb5e,0.5496005326231691,115000,151,335355000,/nfs3_ib/nfs-ip34/home/def-ilafores/analysis/MethodsComparison/Feces_RA/preproc/SRR5091617/SRR5091617_unmatched_2.fastq,SRR5091617,6c017906,467855000,31,DNA,1000,467855,True,0.8334728882082191,0.9808767129131776,0.9071748005606983,0.9808767129131776,False,562,894448,2509489
205000,0.0004381699458165457,0.018381167365366012,0.00024366523816139615,6.136707512963794e-05,1.3508771929824561,1.0,1.270325667184565,/net/nfs-ip34/jbod2/def-ilafores/ref_dbs/sourmash_db/RefSeq_20250528.k31.sbt.zip,GCF_013112035.1_ASM1311203v1_genomic,2c7f1ed5ed72fbc8e35c73aaa96fdec4,0.033053853595614316,114000,152,335241000,/nfs3_ib/nfs-ip34/home/def-ilafores/analysis/MethodsComparison/Feces_RA/preproc/SRR5091617/SRR5091617_unmatched_2.fastq,SRR5091617,6c017906,467855000,31,DNA,1000,467855,True,0.7792304046648404,0.8958451997682794,0.8375378022165598,0.8958451997682794,False,154,894602,2509489
614000,0.0013123724230798004,0.022270829190693973,0.00023939040942172254,5.180337510943463e-05,1.1607142857142858,1.0,0.41303691093644207,/net/nfs-ip34/jbod2/def-ilafores/ref_dbs/sourmash_db/RefSeq_20250528.k31.sbt.zip,GCF_009730355.1_ASM973035v1_genomic,70577bd683030b1a3051c3b03a0dfb73,0.12209186717041161,112000,153,335129000,/nfs3_ib/nfs-ip34/home/def-ilafores/analysis/MethodsComparison/Feces_RA/preproc/SRR5091617/SRR5091617_unmatched_2.fastq,SRR5091617,6c017906,467855000,31,DNA,1000,467855,True,0.8072984150979642,0.9344117302939697,0.870855072695967,0.9344117302939697,False,130,894732,2509489
2228000,0.004762159215996409,0.03933965577801194,0.00023939040942172254,0.000328752188194489,7.366071428571429,3.0,7.27396965668173,/net/nfs-ip34/jbod2/def-ilafores/ref_dbs/sourmash_db/RefSeq_20250528.k31.sbt.zip,GCF_042854225.1_ASM4285422v1_genomic,387027c4a6ea2f36548bc8ed31ebb8dc,0.7825781524411661,112000,154,335017000,/nfs3_ib/nfs-ip34/home/def-ilafores/analysis/MethodsComparison/Feces_RA/preproc/SRR5091617/SRR5091617_unmatched_2.fastq,SRR5091617,6c017906,467855000,31,DNA,1000,467855,True,0.8415703938519253,0.992122754358749,0.9168465741053371,0.992122754358749,False,825,895557,2509489
2886000,0.006168577871349029,0.02081380086255391,0.00023725299505188572,0.00013468877528453004,3.045045045045045,1.0,10.989255512075541,/net/nfs-ip34/jbod2/def-ilafores/ref_dbs/sourmash_db/RefSeq_20250528.k31.sbt.zip,GCF_029369685.1_ASM2936968v1_genomic,616b6eb65d964b64030cd25de5f05d76,0.5411588224264017,111000,155,334906000,/nfs3_ib/nfs-ip34/home/def-ilafores/analysis/MethodsComparison/Feces_RA/preproc/SRR5091617/SRR5091617_unmatched_2.fastq,SRR5091617,6c017906,467855000,31,DNA,1000,467855,True,0.8486246583236848,0.9803870643685324,0.9145058613461086,0.9803870643685324,False,338,895895,2509489
4073000,0.008705688728345321,0.022559474979491387,0.00023511558068204893,0.000557484013677685,12.718181818181819,4.0,15.554088511432857,/net/nfs-ip34/jbod2/def-ilafores/ref_dbs/sourmash_db/RefSeq_20250528.k31.sbt.zip,GCF_024022975.1_ASM2402297v1_genomic,8efc45baddac182f342bcfbc8a24e74d,0.8353158326497129,110000,156,334796000,/nfs3_ib/nfs-ip34/home/def-ilafores/analysis/MethodsComparison/Feces_RA/preproc/SRR5091617/SRR5091617_unmatched_2.fastq,SRR5091617,6c017906,467855000,31,DNA,1000,467855,True,0.8581081694569339,0.9942121248886465,0.9261601471727903,0.9942121248886465,False,1399,897294,2509489
1772000,0.0037874982633508245,0.016903633491311215,0.0002287033375725385,0.0001581995378341965,3.710280373831776,2.0,6.787852461779487,/net/nfs-ip34/jbod2/def-ilafores/ref_dbs/sourmash_db/RefSeq_20250528.k31.sbt.zip,GCF_036416795.1_ASM3641679v1_genomic,c36698f0fba88541e862d1e6992e9d87,0.2799368088467615,107000,157,334689000,/nfs3_ib/nfs-ip34/home/def-ilafores/analysis/MethodsComparison/Feces_RA/preproc/SRR5091617/SRR5091617_unmatched_2.fastq,SRR5091617,6c017906,467855000,31,DNA,1000,467855,True,0.8353766594608814,0.9597612822113061,0.8975689708360937,0.9597612822113061,False,397,897691,2509489
2512000,0.005369184897030063,0.023524189968930315,0.0002265659232027017,0.00020123618792511144,4.764150943396227,4.0,2.8034745517164503,/net/nfs-ip34/jbod2/def-ilafores/ref_dbs/sourmash_db/RefSeq_20250528.k31.sbt.zip,GCF_020091365.1_ASM2009136v1_genomic,ef23ca7c0c2ee8ae3e8a4537f4cacf2d,0.5574789169995561,106000,158,334583000,/nfs3_ib/nfs-ip34/home/def-ilafores/analysis/MethodsComparison/Feces_RA/preproc/SRR5091617/SRR5091617_unmatched_2.fastq,SRR5091617,6c017906,467855000,31,DNA,1000,467855,True,0.8448337157330077,0.9813271645154386,0.9130804401242232,0.9813271645154386,False,505,898196,2509489
765000,0.0016351219929251583,0.036893886156008436,0.00022442850883286488,0.00023191972548993042,5.542857142857143,3.0,6.793594421958676,/net/nfs-ip34/jbod2/def-ilafores/ref_dbs/sourmash_db/RefSeq_20250528.k31.sbt.zip,GCF_019968055.1_ASM1996805v1_genomic,68b64f4d4c3889600ebe30d1a4137e53,0.26879831342234717,105000,159,334478000,/nfs3_ib/nfs-ip34/home/def-ilafores/analysis/MethodsComparison/Feces_RA/preproc/SRR5091617/SRR5091617_unmatched_2.fastq,SRR5091617,6c017906,467855000,31,DNA,1000,467855,True,0.813044883781371,0.9585050481101904,0.8857749659457808,0.9585050481101904,False,582,898778,2509489
3701000,0.007910570582766029,0.022648835202761,0.00022442850883286488,0.00039051775082496877,9.333333333333334,7.0,8.550874827610349,/net/nfs-ip34/jbod2/def-ilafores/ref_dbs/sourmash_db/RefSeq_20250528.k31.sbt.zip,GCF_024760085.1_ASM2476008v1_genomic,d22a231abb372af890fb48167198d8a7,0.7983175150992234,105000,160,334373000,/nfs3_ib/nfs-ip34/home/def-ilafores/analysis/MethodsComparison/Feces_RA/preproc/SRR5091617/SRR5091617_unmatched_2.fastq,SRR5091617,6c017906,467855000,31,DNA,1000,467855,True,0.855461072591742,0.9927602415827285,0.9241106570872353,0.9927602415827285,False,980,899758,2509489
1953000,0.004174370264291287,0.025628388368654508,0.0002222910944630281,0.00020203316292679506,4.875,1.0,9.437738789643337,/net/nfs-ip34/jbod2/def-ilafores/ref_dbs/sourmash_db/RefSeq_20250528.k31.sbt.zip,GCF_000210655.1_ASM21065v1_genomic,586860c088f340576435f05f9fd3cc1d,0.48127156234598323,104000,161,334269000,/nfs3_ib/nfs-ip34/home/def-ilafores/analysis/MethodsComparison/Feces_RA/preproc/SRR5091617/SRR5091617_unmatched_2.fastq,SRR5091617,6c017906,467855000,31,DNA,1000,467855,True,0.8380016426585453,0.976685010696365,0.9073433266774551,0.976685010696365,False,507,900265,2509489
145000,0.0003099250836263372,0.016571892770105606,0.00021801626572335445,5.658522511953629e-05,1.392156862745098,1.0,1.365950525509316,/net/nfs-ip34/jbod2/def-ilafores/ref_dbs/sourmash_db/RefSeq_20250528.k31.sbt.zip,GCF_025149125.1_ASM2514912v1_genomic,ee57b146d808065c374f21482d0a5cda,0.023558082859463852,102000,162,334167000,/nfs3_ib/nfs-ip34/home/def-ilafores/analysis/MethodsComparison/Feces_RA/preproc/SRR5091617/SRR5091617_unmatched_2.fastq,SRR5091617,6c017906,467855000,31,DNA,1000,467855,True,0.7705746773834478,0.8861115253660562,0.828343101374752,0.8861115253660562,False,142,900407,2509489
3771000,0.008060189588654605,0.014977973568281937,0.00021801626572335445,0.00018330425038723023,4.509803921568627,2.0,15.186904251553935,/net/nfs-ip34/jbod2/def-ilafores/ref_dbs/sourmash_db/RefSeq_20250528.k31.sbt.zip,GCF_001318345.1_ASM131834v1_genomic,2b0cd9230817e091c6a0e14360a551e4,0.5537444933920704,102000,163,334065000,/nfs3_ib/nfs-ip34/home/def-ilafores/analysis/MethodsComparison/Feces_RA/preproc/SRR5091617/SRR5091617_unmatched_2.fastq,SRR5091617,6c017906,467855000,31,DNA,1000,467855,True,0.8559782906649975,0.9811144197539491,0.9185463552094733,0.9811144197539491,False,460,900867,2509489
902000,0.0019279477615928011,0.027353177795655673,0.00021801626572335445,0.00014305701280220795,3.519607843137255,2.0,4.188523985790976,/net/nfs-ip34/jbod2/def-ilafores/ref_dbs/sourmash_db/RefSeq_20250528.k31.sbt.zip,GCF_025145285.1_ASM2514528v1_genomic,f22e85c6befcb1bccc2db3184aa9ec05,0.24188790560471976,102000,164,333963000,/nfs3_ib/nfs-ip34/home/def-ilafores/analysis/MethodsComparison/Feces_RA/preproc/SRR5091617/SRR5091617_unmatched_2.fastq,SRR5091617,6c017906,467855000,31,DNA,1000,467855,True,0.8173770278400502,0.955248986578671,0.8863130072093606,0.955248986578671,False,359,901226,2509489
182000,0.0003890094153102991,0.0282453637660485,0.00021160402261384404,0.00018609366289312288,4.717171717171717,2.0,7.574599238044073,/net/nfs-ip34/jbod2/def-ilafores/ref_dbs/sourmash_db/RefSeq_20250528.k31.sbt.zip,GCF_045865535.1_ASM4586553v1_genomic,d256ac8ac3b99e32f5341206201ec025,0.051925820256776035,99000,165,333864000,/nfs3_ib/nfs-ip34/home/def-ilafores/analysis/MethodsComparison/Feces_RA/preproc/SRR5091617/SRR5091617_unmatched_2.fastq,SRR5091617,6c017906,467855000,31,DNA,1000,467855,True,0.7762448168461051,0.9089934498444462,0.8426191333452757,0.9089934498444462,False,467,901693,2509489
990000,0.0021160402261384405,0.00039552172544334756,0.00020946660824400722,0.00011874927525085784,3.0408163265306123,1.0,7.056504261660691,/net/nfs-ip34/jbod2/def-ilafores/ref_dbs/sourmash_db/RefSeq_20250528.k31.sbt.zip,plasmid.1.1.genomic,8051cea624a45a3e4dc84e7fef1c6e83,0.003995576614172593,98000,166,333766000,/nfs3_ib/nfs-ip34/home/def-ilafores/analysis/MethodsComparison/Feces_RA/preproc/SRR5091617/SRR5091617_unmatched_2.fastq,SRR5091617,6c017906,467855000,31,DNA,1000,467855,True,0.8198352321529977,0.8368191218974146,0.8283271770252061,0.8368191218974146,False,298,901991,2509489
1807000,0.0038623077662951126,0.02923447860156721,0.00020732919387417043,0.00023391216299413945,6.051546391752577,5.0,4.472991420497898,/net/nfs-ip34/jbod2/def-ilafores/ref_dbs/sourmash_db/RefSeq_20250528.k31.sbt.zip,GCF_000020605.1_ASM2060v1_genomic,c7f0f63b1e20051e05be14074e3f6057,0.5446051838456901,97000,167,333669000,/nfs3_ib/nfs-ip34/home/def-ilafores/analysis/MethodsComparison/Feces_RA/preproc/SRR5091617/SRR5091617_unmatched_2.fastq,SRR5091617,6c017906,467855000,31,DNA,1000,467855,True,0.8359038988448019,0.9805878521037417,0.9082458754742717,0.9805878521037417,False,587,902578,2509489
106000,0.0002265659232027017,0.03608847497089639,0.00019877953639482317,5.1404887608592824e-05,1.3870967741935485,1.0,1.2617811106843835,/net/nfs-ip34/jbod2/def-ilafores/ref_dbs/sourmash_db/RefSeq_20250528.k31.sbt.zip,GCF_001543345.1_ASM154334v1_genomic,b55bdb71ce6be047993faff80bc579a4,0.041133100504462554,93000,168,333576000,/nfs3_ib/nfs-ip34/home/def-ilafores/analysis/MethodsComparison/Feces_RA/preproc/SRR5091617/SRR5091617_unmatched_2.fastq,SRR5091617,6c017906,467855000,31,DNA,1000,467855,True,0.7628262545320135,0.9021868616685504,0.832506558100282,0.9021868616685504,False,129,902707,2509489
3818000,0.008160648064036935,0.018918363150318734,0.00019664212202498638,0.0005626643511886285,15.347826086956522,3.0,20.368045509640776,/net/nfs-ip34/jbod2/def-ilafores/ref_dbs/sourmash_db/RefSeq_20250528.k31.sbt.zip,GCF_008728395.1_ASM872839v1_genomic,be62626804ebd51a937970eebfaaba96,0.7851120707382274,92000,169,333484000,/nfs3_ib/nfs-ip34/home/def-ilafores/analysis/MethodsComparison/Feces_RA/preproc/SRR5091617/SRR5091617_unmatched_2.fastq,SRR5091617,6c017906,467855000,31,DNA,1000,467855,True,0.856320377748982,0.9922262183176997,0.9242732980333408,0.9922262183176997,False,1412,904119,2509489
1996000,0.004266279082194269,0.014663691424928276,0.00019664212202498638,5.100640010775102e-05,1.391304347826087,1.0,0.6908803731335089,/net/nfs-ip34/jbod2/def-ilafores/ref_dbs/sourmash_db/RefSeq_20250528.k31.sbt.zip,GCF_003812845.1_ASM381284v1_genomic,8ccaf5bb7d345332a88d1df34bfc07dc,0.3181383487408352,92000,170,333392000,/nfs3_ib/nfs-ip34/home/def-ilafores/analysis/MethodsComparison/Feces_RA/preproc/SRR5091617/SRR5091617_unmatched_2.fastq,SRR5091617,6c017906,467855000,31,DNA,1000,467855,True,0.8385905733949661,0.963729949401122,0.9011602613980441,0.963729949401122,False,128,904247,2509489
184000,0.00039328424404997276,0.01675353685778109,0.00019236729328531277,4.2239675089231316e-05,1.1777777777777778,1.0,0.4365973934308556,/net/nfs-ip34/jbod2/def-ilafores/ref_dbs/sourmash_db/RefSeq_20250528.k31.sbt.zip,GCF_019431225.1_ASM1943122v1_genomic,21d6e99b5f05224811be9de8d6a63170,0.03425167535368578,90000,171,333302000,/nfs3_ib/nfs-ip34/home/def-ilafores/analysis/MethodsComparison/Feces_RA/preproc/SRR5091617/SRR5091617_unmatched_2.fastq,SRR5091617,6c017906,467855000,31,DNA,1000,467855,True,0.7765185307165816,0.8968744902576089,0.8366965104870953,0.8968744902576089,False,106,904353,2509489
191000,0.0004082461446388304,0.02903752039151713,0.00019022987891547595,9.484002520034956e-05,2.6741573033707864,2.0,2.5911486364457224,/net/nfs-ip34/jbod2/def-ilafores/ref_dbs/sourmash_db/RefSeq_20250528.k31.sbt.zip,GCF_042845805.1_ASM4284580v1_genomic,f48a62df3908b7dc6f03cbd76e940509,0.06231647634584013,89000,172,333213000,/nfs3_ib/nfs-ip34/home/def-ilafores/analysis/MethodsComparison/Feces_RA/preproc/SRR5091617/SRR5091617_unmatched_2.fastq,SRR5091617,6c017906,467855000,31,DNA,1000,467855,True,0.7774543649235527,0.9143579014392959,0.8459061331814243,0.9143579014392959,False,238,904591,2509489
88000,0.00018809246454563915,0.026490066225165563,0.00018809246454563915,4.3036650090914923e-05,1.2272727272727273,1.0,0.5378254348272379,/net/nfs-ip34/jbod2/def-ilafores/ref_dbs/sourmash_db/RefSeq_20250528.k31.sbt.zip,GCF_043172115.1_ASM4317211v1_genomic,fe0d7fdac632c37585865c318e9e959a,0.026490066225165563,88000,173,333125000,/nfs3_ib/nfs-ip34/home/def-ilafores/analysis/MethodsComparison/Feces_RA/preproc/SRR5091617/SRR5091617_unmatched_2.fastq,SRR5091617,6c017906,467855000,31,DNA,1000,467855,True,0.7582604986911844,0.8894708321224579,0.8238656654068212,0.8894708321224579,False,108,904699,2509489
796000,0.0017013818383900994,0.02638680659670165,0.00018809246454563915,8.965968768940609e-05,2.5568181818181817,1.0,4.236899473525462,/net/nfs-ip34/jbod2/def-ilafores/ref_dbs/sourmash_db/RefSeq_20250528.k31.sbt.zip,GCF_900209925.1_EH1_genomic,853f171c0393206ce274892b71b6f556,0.2386806596701649,88000,174,333037000,/nfs3_ib/nfs-ip34/home/def-ilafores/analysis/MethodsComparison/Feces_RA/preproc/SRR5091617/SRR5091617_unmatched_2.fastq,SRR5091617,6c017906,467855000,31,DNA,1000,467855,True,0.8140873860247414,0.9548377660909871,0.8844625760578643,0.9548377660909871,False,225,904924,2509489
1250000,0.0026717679622960105,0.016454456415279137,0.0001795428070662919,0.00014345550030304974,4.285714285714286,1.5,9.425865412550202,/net/nfs-ip34/jbod2/def-ilafores/ref_dbs/sourmash_db/RefSeq_20250528.k31.sbt.zip,GCF_009193325.2_ASM919332v2_genomic,20d3ad2db691676c0843017fd7066d73,0.24485798237022527,84000,175,332953000,/nfs3_ib/nfs-ip34/home/def-ilafores/analysis/MethodsComparison/Feces_RA/preproc/SRR5091617/SRR5091617_unmatched_2.fastq,SRR5091617,6c017906,467855000,31,DNA,1000,467855,True,0.8260256011145769,0.9556251193286145,0.8908253602215956,0.9556251193286145,False,360,905284,2509489
1245000,0.0026610808904468266,0.011903054639323103,0.0001774053926964551,6.774287514310683e-05,2.0481927710843375,1.0,5.888325420015092,/net/nfs-ip34/jbod2/def-ilafores/ref_dbs/sourmash_db/RefSeq_20250528.k31.sbt.zip,GCF_020091425.1_ASM2009142v1_genomic,b391704addc37a9e6e34e49aa9d20a35,0.17854581958984655,83000,176,332870000,/nfs3_ib/nfs-ip34/home/def-ilafores/analysis/MethodsComparison/Feces_RA/preproc/SRR5091617/SRR5091617_unmatched_2.fastq,SRR5091617,6c017906,467855000,31,DNA,1000,467855,True,0.8259188103316834,0.9459384811643209,0.8859286457480021,0.9459384811643209,False,170,905454,2509489
816000,0.0017441301257868356,0.021139468935292602,0.00017526797832661829,6.57504376388978e-05,2.0121951219512195,1.0,2.1555028977979203,/net/nfs-ip34/jbod2/def-ilafores/ref_dbs/sourmash_db/RefSeq_20250528.k31.sbt.zip,GCF_010508875.1_ASM1050887v1_genomic,59ccf44fc685eb2124290b6866f4a03f,0.21036349574632637,82000,177,332788000,/nfs3_ib/nfs-ip34/home/def-ilafores/analysis/MethodsComparison/Feces_RA/preproc/SRR5091617/SRR5091617_unmatched_2.fastq,SRR5091617,6c017906,467855000,31,DNA,1000,467855,True,0.8147393151844007,0.9509558070464414,0.8828475611154211,0.9509558070464414,False,165,905619,2509489
2093000,0.00447360827606844,0.030566037735849056,0.0001731305639567815,0.0002215590504680435,6.864197530864198,3.0,7.210679813192995,/net/nfs-ip34/jbod2/def-ilafores/ref_dbs/sourmash_db/RefSeq_20250528.k31.sbt.zip,GCF_040234585.1_ASM4023458v1_genomic,ce4cae11ff96492908342ea8c11f5cfa,0.7898113207547169,81000,178,332707000,/nfs3_ib/nfs-ip34/home/def-ilafores/analysis/MethodsComparison/Feces_RA/preproc/SRR5091617/SRR5091617_unmatched_2.fastq,SRR5091617,6c017906,467855000,31,DNA,1000,467855,True,0.839875229329512,0.9924172437581544,0.9161462365438332,0.9924172437581544,False,556,906175,2509489
2705000,0.005781705870408567,0.01278568003835704,0.00017099314958694467,7.093077514984126e-05,2.225,1.0,3.247980141564908,/net/nfs-ip34/jbod2/def-ilafores/ref_dbs/sourmash_db/RefSeq_20250528.k31.sbt.zip,GCF_018279805.1_ASM1827980v1_genomic,5b9c0b804dcb35d49a9058ef0c729857,0.43231580629694744,80000,179,332627000,/nfs3_ib/nfs-ip34/home/def-ilafores/analysis/MethodsComparison/Feces_RA/preproc/SRR5091617/SRR5091617_unmatched_2.fastq,SRR5091617,6c017906,467855000,31,DNA,1000,467855,True,0.8468534436390102,0.9733110385819917,0.910082241110501,0.9733110385819917,False,178,906353,2509489
82000,0.00017526797832661829,0.03064391000775795,0.00016885573521710785,3.905177508249688e-05,1.240506329113924,1.0,0.48300719059085856,/net/nfs-ip34/jbod2/def-ilafores/ref_dbs/sourmash_db/RefSeq_20250528.k31.sbt.zip,GCF_022846135.1_ASM2284613v1_genomic,dcaa90dde7a434e64f49683ce8eb4ee4,0.03180760279286268,79000,180,332548000,/nfs3_ib/nfs-ip34/home/def-ilafores/analysis/MethodsComparison/Feces_RA/preproc/SRR5091617/SRR5091617_unmatched_2.fastq,SRR5091617,6c017906,467855000,31,DNA,1000,467855,True,0.756535157758496,0.8947352475177117,0.8256352026381039,0.8947352475177117,False,98,906451,2509489
2308000,0.004933152365583354,0.014380530973451327,0.00016671832084727106,5.260035011111824e-05,1.6923076923076923,1.0,2.360506748656662,/net/nfs-ip34/jbod2/def-ilafores/ref_dbs/sourmash_db/RefSeq_20250528.k31.sbt.zip,GCF_032452895.1_ASM3245289v1_genomic,063edc8e83e449bf2100964d1eef3113,0.42551622418879054,78000,181,332470000,/nfs3_ib/nfs-ip34/home/def-ilafores/analysis/MethodsComparison/Feces_RA/preproc/SRR5091617/SRR5091617_unmatched_2.fastq,SRR5091617,6c017906,467855000,31,DNA,1000,467855,True,0.842528619646324,0.9728134184214258,0.9076710190338748,0.9728134184214258,False,132,906583,2509489
1222000,0.0026119203599405797,0.03554724041159962,0.00016244349210759745,5.77806876220617e-05,1.9078947368421053,2.0,1.289406550346927,/net/nfs-ip34/jbod2/def-ilafores/ref_dbs/sourmash_db/RefSeq_20250528.k31.sbt.zip,GCF_007164725.1_ASM716472v1_genomic,c5df505dd06ebc4c265f01d9e2dc2f2f,0.5715622076707203,76000,182,332394000,/nfs3_ib/nfs-ip34/home/def-ilafores/analysis/MethodsComparison/Feces_RA/preproc/SRR5091617/SRR5091617_unmatched_2.fastq,SRR5091617,6c017906,467855000,31,DNA,1000,467855,True,0.8254221650426228,0.9821172494871421,0.9037697072648825,0.9821172494871421,False,145,906728,2509489
317000,0.0006775603552382683,0.013032145960034752,0.00016030607773776063,3.666085007744605e-05,1.2266666666666666,1.0,0.5555377774933242,/net/nfs-ip34/jbod2/def-ilafores/ref_dbs/sourmash_db/RefSeq_20250528.k31.sbt.zip,GCF_041861775.1_ASM4186177v1_genomic,5b2ea86ed5566e2437ae3fa9c8a35e48,0.055082536924413554,75000,183,332319000,/nfs3_ib/nfs-ip34/home/def-ilafores/analysis/MethodsComparison/Feces_RA/preproc/SRR5091617/SRR5091617_unmatched_2.fastq,SRR5091617,6c017906,467855000,31,DNA,1000,467855,True,0.7902645774561696,0.9107256036440003,0.850495090550085,0.9107256036440003,False,92,906820,2509489
2572000,0.005497429759220272,0.014142937959645484,0.00016030607773776063,9.643397520371677e-05,3.2266666666666666,2.0,8.002621792609942,/net/nfs-ip34/jbod2/def-ilafores/ref_dbs/sourmash_db/RefSeq_20250528.k31.sbt.zip,GCF_039789235.1_ASM3978923v1_genomic,301d2f10c007fa74667aea2626355e94,0.4850084857627758,75000,184,332244000,/nfs3_ib/nfs-ip34/home/def-ilafores/analysis/MethodsComparison/Feces_RA/preproc/SRR5091617/SRR5091617_unmatched_2.fastq,SRR5091617,6c017906,467855000,31,DNA,1000,467855,True,0.8454772486504162,0.9769287302397178,0.9112029894450671,0.9769287302397178,False,242,907062,2509489
84000,0.0001795428070662919,0.040437158469945354,0.00015816866336792383,3.626236257660424e-05,1.2297297297297298,1.0,0.8309437372780111,/net/nfs-ip34/jbod2/def-ilafores/ref_dbs/sourmash_db/RefSeq_20250528.k31.sbt.zip,GCF_044357945.1_ASM4435794v1_genomic,0a7d1b4a67ecb77c78a1f4790c59d319,0.04590163934426229,74000,185,332170000,/nfs3_ib/nfs-ip34/home/def-ilafores/analysis/MethodsComparison/Feces_RA/preproc/SRR5091617/SRR5091617_unmatched_2.fastq,SRR5091617,6c017906,467855000,31,DNA,1000,467855,True,0.757123471711077,0.9053847343953205,0.8312541030531988,0.9053847343953205,False,91,907153,2509489
1694000,0.0036207799425035533,0.025959780621572212,0.0001517564202584134,0.00022514543797561975,7.957746478873239,4.0,7.768547310534236,/net/nfs-ip34/jbod2/def-ilafores/ref_dbs/sourmash_db/RefSeq_20250528.k31.sbt.zip,GCF_902388275.1_UHGG_MGYG-HGUT-02545_genomic,35aa97e0127f24ba3813815f3d766914,0.6193784277879342,71000,186,332099000,/nfs3_ib/nfs-ip34/home/def-ilafores/analysis/MethodsComparison/Feces_RA/preproc/SRR5091617/SRR5091617_unmatched_2.fastq,SRR5091617,6c017906,467855000,31,DNA,1000,467855,True,0.8341644582178066,0.9846659171031893,0.9094151876604979,0.9846659171031893,False,565,907718,2509489
1915000,0.004093148518237488,0.017587939698492462,0.00014961900588857658,9.723095020540038e-05,3.4857142857142858,1.0,5.605463806840244,/net/nfs-ip34/jbod2/def-ilafores/ref_dbs/sourmash_db/RefSeq_20250528.k31.sbt.zip,GCF_000209995.1_ASM20999v1_genomic,300ebb94b057c743776c0c6aab2d0089,0.48115577889447236,70000,187,332029000,/nfs3_ib/nfs-ip34/home/def-ilafores/analysis/MethodsComparison/Feces_RA/preproc/SRR5091617/SRR5091617_unmatched_2.fastq,SRR5091617,6c017906,467855000,31,DNA,1000,467855,True,0.8374706522867912,0.9766774301644472,0.9070740412256192,0.9766774301644472,False,244,907962,2509489
506000,0.001081531671137425,0.01856271546009016,0.00014961900588857658,5.5389762617010876e-05,1.9857142857142858,1.0,2.3329494339193233,/net/nfs-ip34/jbod2/def-ilafores/ref_dbs/sourmash_db/RefSeq_20250528.k31.sbt.zip,GCF_964272005.1_LUMC_Rgna_QRD009_genomic,a984777914b479613bf58f81661532d6,0.13418191461150888,70000,188,331959000,/nfs3_ib/nfs-ip34/home/def-ilafores/analysis/MethodsComparison/Feces_RA/preproc/SRR5091617/SRR5091617_unmatched_2.fastq,SRR5091617,6c017906,467855000,31,DNA,1000,467855,True,0.8022760849413172,0.9372621872431368,0.8697691360922271,0.9372621872431368,False,139,908101,2509489
3138000,0.006707206292547905,0.010065645514223195,0.00014748159151873979,5.8577662623745314e-05,2.130434782608696,2.0,1.3926623806997362,/net/nfs-ip34/jbod2/def-ilafores/ref_dbs/sourmash_db/RefSeq_20250528.k31.sbt.zip,GCF_025147085.1_ASM2514708v1_genomic,5b057d4064659334efb7b362a7eec964,0.4577680525164114,69000,189,331890000,/nfs3_ib/nfs-ip34/home/def-ilafores/analysis/MethodsComparison/Feces_RA/preproc/SRR5091617/SRR5091617_unmatched_2.fastq,SRR5091617,6c017906,467855000,31,DNA,1000,467855,True,0.8509194305339246,0.9751088094288023,0.9130141199813635,0.9751088094288023,False,147,908248,2509489
142000,0.0003035128405168268,0.01390848619229994,0.00014748159151873979,3.30744625698698e-05,1.2028985507246377,1.0,0.4687235254723545,/net/nfs-ip34/jbod2/def-ilafores/ref_dbs/sourmash_db/RefSeq_20250528.k31.sbt.zip,GCF_015135595.1_ASM1513559v1_genomic,d0d4bff4fd1a0c5e03a555fefc93efac,0.02862326143922596,69000,190,331821000,/nfs3_ib/nfs-ip34/home/def-ilafores/analysis/MethodsComparison/Feces_RA/preproc/SRR5091617/SRR5091617_unmatched_2.fastq,SRR5091617,6c017906,467855000,31,DNA,1000,467855,True,0.7700551699411828,0.8916958506240927,0.8308755102826377,0.8916958506240927,False,83,908331,2509489
1332000,0.0028470359406226288,0.031151241534988713,0.00014748159151873979,7.33217001548921e-05,2.6666666666666665,2.0,1.6911248864712838,/net/nfs-ip34/jbod2/def-ilafores/ref_dbs/sourmash_db/RefSeq_20250528.k31.sbt.zip,GCF_017815835.1_ASM1781583v1_genomic,faccf900c73b9e3d269f1afda87b743c,0.6013544018058691,69000,191,331752000,/nfs3_ib/nfs-ip34/home/def-ilafores/analysis/MethodsComparison/Feces_RA/preproc/SRR5091617/SRR5091617_unmatched_2.fastq,SRR5091617,6c017906,467855000,31,DNA,1000,467855,True,0.8277203706173495,0.9837283268105144,0.9057243487139319,0.9837283268105144,False,184,908515,2509489
161000,0.00034412371354372617,0.016098926738217452,0.00014748159151873979,9.88249002087676e-05,3.5942028985507246,2.0,3.1591543565782363,/net/nfs-ip34/jbod2/def-ilafores/ref_dbs/sourmash_db/RefSeq_20250528.k31.sbt.zip,GCF_033539475.1_ASM3353947v1_genomic,5fe7dc1ea22e5d76d4054687abfbe0ba,0.03756416238917405,69000,192,331683000,/nfs3_ib/nfs-ip34/home/def-ilafores/analysis/MethodsComparison/Feces_RA/preproc/SRR5091617/SRR5091617_unmatched_2.fastq,SRR5091617,6c017906,467855000,31,DNA,1000,467855,True,0.7731808984107205,0.8995492760260768,0.8363650872183986,0.8995492760260768,False,248,908763,2509489
70000,0.00014961900588857658,0.025963808025177025,0.00014106934840922935,3.3871437571553415e-05,1.2878787878787878,1.0,0.6689012137770943,/net/nfs-ip34/jbod2/def-ilafores/ref_dbs/sourmash_db/RefSeq_20250528.k31.sbt.zip,GCF_900015215.1_CRIB_assembly_V1_genomic,4f1f5b624ed155579fa4ba377193c4ab,0.02753737214791503,66000,193,331617000,/nfs3_ib/nfs-ip34/home/def-ilafores/analysis/MethodsComparison/Feces_RA/preproc/SRR5091617/SRR5091617_unmatched_2.fastq,SRR5091617,6c017906,467855000,31,DNA,1000,467855,True,0.7526836396219018,0.8905840629771353,0.8216338512995185,0.8905840629771353,False,85,908848,2509489
2629000,0.005619262378300969,0.015196868524061708,0.00014106934840922935,0.0004841623135227929,18.40909090909091,8.5,31.45028653948924,/net/nfs-ip34/jbod2/def-ilafores/ref_dbs/sourmash_db/RefSeq_20250528.k31.sbt.zip,GCF_015679285.1_ASM1567928v1_genomic,45fd681443cce466fcd8278dc02a4bdd,0.6053419295417913,66000,194,331551000,/nfs3_ib/nfs-ip34/home/def-ilafores/analysis/MethodsComparison/Feces_RA/preproc/SRR5091617/SRR5091617_unmatched_2.fastq,SRR5091617,6c017906,467855000,31,DNA,1000,467855,True,0.8460752871855024,0.9839380744489395,0.915006680817221,0.9839380744489395,False,1215,910063,2509489
617000,0.001318784666189311,0.02322308233638283,0.00014106934840922935,3.785631257997146e-05,1.4393939393939394,1.0,0.7613542137212796,/net/nfs-ip34/jbod2/def-ilafores/ref_dbs/sourmash_db/RefSeq_20250528.k31.sbt.zip,GCF_025150085.1_ASM2515008v1_genomic,2e1846f271e5a6c1736e89d400b10289,0.217100633356791,66000,195,331485000,/nfs3_ib/nfs-ip34/home/def-ilafores/analysis/MethodsComparison/Feces_RA/preproc/SRR5091617/SRR5091617_unmatched_2.fastq,SRR5091617,6c017906,467855000,31,DNA,1000,467855,True,0.8074253557151552,0.9519233297802452,0.8796743427477002,0.9519233297802452,False,95,910158,2509489
154000,0.0003291618129548685,0.020471464019851116,0.00014106934840922935,9.484002520034956e-05,3.606060606060606,1.5,6.761922776303389,/net/nfs-ip34/jbod2/def-ilafores/ref_dbs/sourmash_db/RefSeq_20250528.k31.sbt.zip,GCF_042848755.1_ASM4284875v1_genomic,92985eccd492baad7ea1e3f3c13c1b98,0.047766749379652605,66000,196,331419000,/nfs3_ib/nfs-ip34/home/def-ilafores/analysis/MethodsComparison/Feces_RA/preproc/SRR5091617/SRR5091617_unmatched_2.fastq,SRR5091617,6c017906,467855000,31,DNA,1000,467855,True,0.772073007314602,0.906548724549588,0.839310865932095,0.906548724549588,False,238,910396,2509489
65000,0.00013893193403939256,0.020155038759689922,0.00013893193403939256,8.328388767593721e-05,3.2153846153846155,2.0,2.538881084210782,/net/nfs-ip34/jbod2/def-ilafores/ref_dbs/sourmash_db/RefSeq_20250528.k31.sbt.zip,GCF_900243745.1_G11_assembly_genomic,1fab2288fae5f06c312a7425899fb3e5,0.020155038759689922,65000,197,331354000,/nfs3_ib/nfs-ip34/home/def-ilafores/analysis/MethodsComparison/Feces_RA/preproc/SRR5091617/SRR5091617_unmatched_2.fastq,SRR5091617,6c017906,467855000,31,DNA,1000,467855,True,0.7508864383895344,0.8816631674455204,0.8162748029175274,0.8816631674455204,False,209,910605,2509489
1117000,0.002387491851107715,0.01411202778983934,0.00013893193403939256,0.000198048287918377,7.6461538461538465,2.0,14.5384696784674,/net/nfs-ip34/jbod2/def-ilafores/ref_dbs/sourmash_db/RefSeq_20250528.k31.sbt.zip,GCF_023277905.1_ASM2327790v1_genomic,11a4480c3e0f64c8a72cb887c74c4fa1,0.24250976986539297,65000,198,331289000,/nfs3_ib/nfs-ip34/home/def-ilafores/analysis/MethodsComparison/Feces_RA/preproc/SRR5091617/SRR5091617_unmatched_2.fastq,SRR5091617,6c017906,467855000,31,DNA,1000,467855,True,0.8230334391346191,0.9553281084698213,0.8891807738022202,0.9553281084698213,False,497,911102,2509489
887000,0.001895886546045249,0.018234442836468887,0.00013465710529971892,9.484002520034956e-05,3.7777777777777777,1.0,5.68049976687007,/net/nfs-ip34/jbod2/def-ilafores/ref_dbs/sourmash_db/RefSeq_20250528.k31.sbt.zip,GCF_006542645.1_Aond_1.0_genomic,566b2b26a16f5715c1c9a70e9e58a94c,0.2567293777134588,63000,199,331226000,/nfs3_ib/nfs-ip34/home/def-ilafores/analysis/MethodsComparison/Feces_RA/preproc/SRR5091617/SRR5091617_unmatched_2.fastq,SRR5091617,6c017906,467855000,31,DNA,1000,467855,True,0.8169349849959989,0.9570856942188689,0.8870103396074339,0.9570856942188689,False,238,911340,2509489
2252000,0.0048134571608724926,0.02141400407885792,0.00013465710529971892,0.000181710300383863,7.238095238095238,4.0,7.947674683819072,/net/nfs-ip34/jbod2/def-ilafores/ref_dbs/sourmash_db/RefSeq_20250528.k31.sbt.zip,GCF_036815185.2_ASM3681518v1_genomic,c6ed66af62435c7dcd0b26067f44e3e0,0.7654656696125085,63000,200,331163000,/nfs3_ib/nfs-ip34/home/def-ilafores/analysis/MethodsComparison/Feces_RA/preproc/SRR5091617/SRR5091617_unmatched_2.fastq,SRR5091617,6c017906,467855000,31,DNA,1000,467855,True,0.8418613122494849,0.9914154174568736,0.9166383648531793,0.9914154174568736,False,456,911796,2509489
454000,0.000970386123905911,0.015625,0.00013465710529971892,3.785631257997146e-05,1.507936507936508,1.0,1.7170759186053686,/net/nfs-ip34/jbod2/def-ilafores/ref_dbs/sourmash_db/RefSeq_20250528.k31.sbt.zip,GCF_032450655.1_ASM3245065v1_genomic,238dff01323d07dfd5222980fc0a672b,0.11259920634920635,63000,201,331100000,/nfs3_ib/nfs-ip34/home/def-ilafores/analysis/MethodsComparison/Feces_RA/preproc/SRR5091617/SRR5091617_unmatched_2.fastq,SRR5091617,6c017906,467855000,31,DNA,1000,467855,True,0.7994745878620703,0.9319752205985188,0.8657249042302946,0.9319752205985188,False,95,911891,2509489
2515000,0.005375597140139573,0.009441031020530496,0.00013465710529971892,0.00011874927525085784,4.73015873015873,1.0,10.541236259545967,/net/nfs-ip34/jbod2/def-ilafores/ref_dbs/sourmash_db/RefSeq_20250528.k31.sbt.zip,GCF_024760065.1_ASM2476006v1_genomic,8926e6dbfdbe4c050b0786edbb8a4eb9,0.37689195264498726,63000,202,331037000,/nfs3_ib/nfs-ip34/home/def-ilafores/analysis/MethodsComparison/Feces_RA/preproc/SRR5091617/SRR5091617_unmatched_2.fastq,SRR5091617,6c017906,467855000,31,DNA,1000,467855,True,0.8448662439546766,0.9690129393454031,0.9069395916500398,0.9690129393454031,False,298,912189,2509489
1075000,0.002297720447574569,0.023628048780487805,0.00013251969092988212,3.7457825079129656e-05,1.5161290322580645,1.0,0.8751393526613248,/net/nfs-ip34/jbod2/def-ilafores/ref_dbs/sourmash_db/RefSeq_20250528.k31.sbt.zip,GCF_030296915.1_ASM3029691v1_genomic,9d842f452bc2873386caa06583d801ad,0.4096798780487805,62000,203,330975000,/nfs3_ib/nfs-ip34/home/def-ilafores/analysis/MethodsComparison/Feces_RA/preproc/SRR5091617/SRR5091617_unmatched_2.fastq,SRR5091617,6c017906,467855000,31,DNA,1000,467855,True,0.8220165368026063,0.9716239558134193,0.8968202463080128,0.9716239558134193,False,94,912283,2509489
216000,0.00046168150388475063,0.0088736224416774,0.00013251969092988212,0.00011914776275169965,4.82258064516129,2.0,7.901662123124,/net/nfs-ip34/jbod2/def-ilafores/ref_dbs/sourmash_db/RefSeq_20250528.k31.sbt.zip,GCF_042853085.1_ASM4285308v1_genomic,400d90fee346891087f6d66c37bf84f7,0.030914555603263203,62000,204,330913000,/nfs3_ib/nfs-ip34/home/def-ilafores/analysis/MethodsComparison/Feces_RA/preproc/SRR5091617/SRR5091617_unmatched_2.fastq,SRR5091617,6c017906,467855000,31,DNA,1000,467855,True,0.7805453564164747,0.8939136745447435,0.8372295154806091,0.8939136745447435,False,299,912582,2509489
104000,0.0002222910944630281,0.026614310645724257,0.0001303822765600453,0.00010440372522055286,4.295081967213115,1.0,6.724909073174275,/net/nfs-ip34/jbod2/def-ilafores/ref_dbs/sourmash_db/RefSeq_20250528.k31.sbt.zip,GCF_023921805.1_ASM2392180v1_genomic,0c9f72c07cb9e22587452a97c47fbca1,0.04537521815008726,61000,205,330852000,/nfs3_ib/nfs-ip34/home/def-ilafores/analysis/MethodsComparison/Feces_RA/preproc/SRR5091617/SRR5091617_unmatched_2.fastq,SRR5091617,6c017906,467855000,31,DNA,1000,467855,True,0.762357673888132,0.9050479141594646,0.8337027940237983,0.9050479141594646,False,262,912844,2509489
3539000,0.007564309454852465,0.012121212121212121,0.0001282448621902085,8.607330018182985e-05,3.6,2.0,7.916649122787579,/net/nfs-ip34/jbod2/def-ilafores/ref_dbs/sourmash_db/RefSeq_20250528.k31.sbt.zip,GCF_032452855.1_ASM3245285v1_genomic,d3b7db64a3ee051cbbe16b797861660f,0.714949494949495,60000,206,330792000,/nfs3_ib/nfs-ip34/home/def-ilafores/analysis/MethodsComparison/Feces_RA/preproc/SRR5091617/SRR5091617_unmatched_2.fastq,SRR5091617,6c017906,467855000,31,DNA,1000,467855,True,0.8542268201057546,0.9892343886412056,0.9217306043734801,0.9892343886412056,False,216,913060,2509489
4087000,0.008735612529523037,0.012605042016806723,0.0001282448621902085,0.00032317336318270375,13.516666666666667,6.0,13.909818674431222,/net/nfs-ip34/jbod2/def-ilafores/ref_dbs/sourmash_db/RefSeq_20250528.k31.sbt.zip,GCF_024758205.1_ASM2475820v1_genomic,1d61b98719e3847d039c381172bc0fe8,0.8586134453781512,60000,207,330732000,/nfs3_ib/nfs-ip34/home/def-ilafores/analysis/MethodsComparison/Feces_RA/preproc/SRR5091617/SRR5091617_unmatched_2.fastq,SRR5091617,6c017906,467855000,31,DNA,1000,467855,True,0.8582031583173894,0.9950947648738983,0.9266489615956438,0.9950947648738983,False,811,913871,2509489
3142000,0.006715755950027252,0.009399394615262067,0.0001261074478203717,4.2239675089231316e-05,1.7966101694915255,1.0,1.3995115493791872,/net/nfs-ip34/jbod2/def-ilafores/ref_dbs/sourmash_db/RefSeq_20250528.k31.sbt.zip,GCF_006546965.1_ASM654696v1_genomic,d3b5011d40cba3b27ab151b054210724,0.5005575912059901,59000,208,330673000,/nfs3_ib/nfs-ip34/home/def-ilafores/analysis/MethodsComparison/Feces_RA/preproc/SRR5091617/SRR5091617_unmatched_2.fastq,SRR5091617,6c017906,467855000,31,DNA,1000,467855,True,0.8509543981537848,0.9779236955636611,0.9144390468587229,0.9779236955636611,False,106,913977,2509489
99000,0.00021160402261384404,0.026363636363636363,0.0001239700334505349,2.8691100060609948e-05,1.2413793103448276,1.0,0.5020765440883116,/net/nfs-ip34/jbod2/def-ilafores/ref_dbs/sourmash_db/RefSeq_20250528.k31.sbt.zip,GCF_031191205.1_ASM3119120v1_genomic,3e006854992e86a9a691fd68b9847087,0.045,58000,209,330615000,/nfs3_ib/nfs-ip34/home/def-ilafores/analysis/MethodsComparison/Feces_RA/preproc/SRR5091617/SRR5091617_unmatched_2.fastq,SRR5091617,6c017906,467855000,31,DNA,1000,467855,True,0.7611469536403429,0.9048055219346396,0.8329762377874912,0.9048055219346396,False,72,914049,2509489
218000,0.0004659563326244242,0.01648195510088093,0.0001239700334505349,5.459278761532726e-05,2.3620689655172415,1.0,2.0316315497315074,/net/nfs-ip34/jbod2/def-ilafores/ref_dbs/sourmash_db/RefSeq_20250528.k31.sbt.zip,GCF_025146135.1_ASM2514613v1_genomic,7eaae742c69417c8e76f081fe338897d,0.06194941744813868,58000,210,330557000,/nfs3_ib/nfs-ip34/home/def-ilafores/analysis/MethodsComparison/Feces_RA/preproc/SRR5091617/SRR5091617_unmatched_2.fastq,SRR5091617,6c017906,467855000,31,DNA,1000,467855,True,0.7807774559933042,0.9141836693219764,0.8474805626576403,0.9141836693219764,False,137,914186,2509489
416000,0.0008891643778521124,0.010828267477203647,0.00012183261908069808,2.550320005387551e-05,1.1228070175438596,1.0,0.377906302255053,/net/nfs-ip34/jbod2/def-ilafores/ref_dbs/sourmash_db/RefSeq_20250528.k31.sbt.zip,GCF_009664025.1_ASM966402v1_genomic,11adbf60046c17ac7c45638f71a03564,0.0790273556231003,57000,211,330500000,/nfs3_ib/nfs-ip34/home/def-ilafores/analysis/MethodsComparison/Feces_RA/preproc/SRR5091617/SRR5091617_unmatched_2.fastq,SRR5091617,6c017906,467855000,31,DNA,1000,467855,True,0.7972234527442824,0.9213919930136862,0.8593077228789843,0.9213919930136862,False,64,914250,2509489
599000,0.0012803112075322482,0.02018413597733711,0.00012183261908069808,0.00012273415025927588,5.4035087719298245,3.0,5.884441719924347,/net/nfs-ip34/jbod2/def-ilafores/ref_dbs/sourmash_db/RefSeq_20250528.k31.sbt.zip,GCF_024167885.1_ASM2416788v1_genomic,ce4fdc293b1b11e3766ab11638f10cc6,0.21211048158640228,57000,212,330443000,/nfs3_ib/nfs-ip34/home/def-ilafores/analysis/MethodsComparison/Feces_RA/preproc/SRR5091617/SRR5091617_unmatched_2.fastq,SRR5091617,6c017906,467855000,31,DNA,1000,467855,True,0.8066545694575594,0.9512095409298049,0.8789320551936821,0.9512095409298049,False,308,914558,2509489
250000,0.0005343535924592021,0.019444444444444445,0.00011969520471086127,7.730657516331014e-05,3.4642857142857144,2.0,4.309310044685168,/net/nfs-ip34/jbod2/def-ilafores/ref_dbs/sourmash_db/RefSeq_20250528.k31.sbt.zip,GCF_022174665.1_ASM2217466v1_genomic,b004fadcdc39cbd453a7420b36ad1d38,0.08680555555555555,56000,213,330387000,/nfs3_ib/nfs-ip34/home/def-ilafores/analysis/MethodsComparison/Feces_RA/preproc/SRR5091617/SRR5091617_unmatched_2.fastq,SRR5091617,6c017906,467855000,31,DNA,1000,467855,True,0.7842347606344747,0.924186451376722,0.8542106060055983,0.924186451376722,False,194,914752,2509489
2244000,0.0047963578459137984,0.017388555169143217,0.00011755779034102446,0.0001059976752239201,4.836363636363636,4.0,3.0015973708776307,/net/nfs-ip34/jbod2/def-ilafores/ref_dbs/sourmash_db/RefSeq_20250528.k31.sbt.zip,GCF_018847415.1_ASM1884741v1_genomic,8b4b91db7a412c02e02886f457fb2e18,0.7094530509010433,55000,214,330332000,/nfs3_ib/nfs-ip34/home/def-ilafores/analysis/MethodsComparison/Feces_RA/preproc/SRR5091617/SRR5091617_unmatched_2.fastq,SRR5091617,6c017906,467855000,31,DNA,1000,467855,True,0.8417646742193232,0.9889881451985613,0.9153764097089423,0.9889881451985613,False,266,915018,2509489
125000,0.00026717679622960107,0.018115942028985508,0.00011755779034102446,4.024723758502229e-05,1.8363636363636364,1.0,2.2300724518490127,/net/nfs-ip34/jbod2/def-ilafores/ref_dbs/sourmash_db/RefSeq_20250528.k31.sbt.zip,GCF_018406465.1_ASM1840646v1_genomic,8aba6659b6915b21c1eb4ba9db50d3da,0.04117259552042161,55000,215,330277000,/nfs3_ib/nfs-ip34/home/def-ilafores/analysis/MethodsComparison/Feces_RA/preproc/SRR5091617/SRR5091617_unmatched_2.fastq,SRR5091617,6c017906,467855000,31,DNA,1000,467855,True,0.766894182220215,0.9022147925060274,0.8345544873631212,0.9022147925060274,False,101,915119,2509489
173000,0.00036977268598176785,0.017107309486780714,0.00011755779034102446,8.28854001750954e-05,3.7818181818181817,2.0,3.393528113608497,/net/nfs-ip34/jbod2/def-ilafores/ref_dbs/sourmash_db/RefSeq_20250528.k31.sbt.zip,GCF_025152575.1_ASM2515257v1_genomic,b72c2af051655353465586ef3b54cb03,0.053810264385692065,55000,216,330222000,/nfs3_ib/nfs-ip34/home/def-ilafores/analysis/MethodsComparison/Feces_RA/preproc/SRR5091617/SRR5091617_unmatched_2.fastq,SRR5091617,6c017906,467855000,31,DNA,1000,467855,True,0.7749759412523736,0.9100393369632719,0.8425076391078228,0.9100393369632719,False,208,915327,2509489
2787000,0.005956973848735185,0.009391304347826087,0.00011542037597118766,0.00010041885021213483,4.666666666666667,2.0,20.138409955990955,/net/nfs-ip34/jbod2/def-ilafores/ref_dbs/sourmash_db/RefSeq_20250528.k31.sbt.zip,GCF_000210075.1_ASM21007v1_genomic,c08f8e47dd318b08d89c36c36e6da9e1,0.484695652173913,54000,217,330168000,/nfs3_ib/nfs-ip34/home/def-ilafores/analysis/MethodsComparison/Feces_RA/preproc/SRR5091617/SRR5091617_unmatched_2.fastq,SRR5091617,6c017906,467855000,31,DNA,1000,467855,True,0.8476696526111427,0.9769083972703059,0.9122890249407243,0.9769083972703059,False,252,915579,2509489
754000,0.0016116104348569535,0.018806509945750453,0.00011114554723151404,0.00012552356276516853,6.0576923076923075,3.0,7.81618995699228,/net/nfs-ip34/jbod2/def-ilafores/ref_dbs/sourmash_db/RefSeq_20250528.k31.sbt.zip,GCF_023347275.1_ASM2334727v1_genomic,88f1b5eec91b23fd70f1b11b9f13bd9a,0.27269439421338154,52000,218,330116000,/nfs3_ib/nfs-ip34/home/def-ilafores/analysis/MethodsComparison/Feces_RA/preproc/SRR5091617/SRR5091617_unmatched_2.fastq,SRR5091617,6c017906,467855000,31,DNA,1000,467855,True,0.8126651109634435,0.9589500955915917,0.8858076032775176,0.9589500955915917,False,315,915894,2509489
585000,0.0012503874063545329,0.022427440633245383,0.00010900813286167722,2.789412505892634e-05,1.3725490196078431,1.0,0.684872517512666,/net/nfs-ip34/jbod2/def-ilafores/ref_dbs/sourmash_db/RefSeq_20250528.k31.sbt.zip,GCF_017743235.1_ASM1774323v1_genomic,d47f03db00b0741ff23d7accc2566ab5,0.25725593667546176,51000,219,330065000,/nfs3_ib/nfs-ip34/home/def-ilafores/analysis/MethodsComparison/Feces_RA/preproc/SRR5091617/SRR5091617_unmatched_2.fastq,SRR5091617,6c017906,467855000,31,DNA,1000,467855,True,0.8060394112471508,0.9571489543268921,0.8815941827870215,0.9571489543268921,False,70,915964,2509489
50000,0.00010687071849184042,0.5376344086021505,0.00010687071849184042,0.0001825072753855466,9.16,9.0,4.5491098030274015,/net/nfs-ip34/jbod2/def-ilafores/ref_dbs/sourmash_db/RefSeq_20250528.k31.sbt.zip,GCF_015161195.1_ASM1516119v1_genomic,143409ba4a63d4fa5d969636b39b8fff,0.5376344086021505,50000,220,330015000,/nfs3_ib/nfs-ip34/home/def-ilafores/analysis/MethodsComparison/Feces_RA/preproc/SRR5091617/SRR5091617_unmatched_2.fastq,SRR5091617,6c017906,467855000,31,DNA,1000,467855,True,,,,,False,458,916422,2509489
