intersect_bp,f_orig_query,f_match,f_unique_to_query,f_unique_weighted,average_abund,median_abund,std_abund,filename,name,md5,f_match_orig,unique_intersect_bp,gather_result_rank,remaining_bp,query_filename,query_name,query_md5,query_bp,ksize,moltype,scaled,query_n_hashes,query_abundance,query_containment_ani,match_containment_ani,average_containment_ani,max_containment_ani,potential_false_negative,n_unique_weighted_found,sum_weighted_found,total_weighted_hashes
6815000,0.030991218775721804,0.019388501182086904,0.030991218775721804,0.025440310873164083,9.79090242112986,4.0,52.52267237227629,/net/nfs-ip34/jbod2/def-ilafores/ref_dbs/sourmash_db/RefSeq_20250528.k31.sbt.zip,plasmid.7.1.genomic,7a8c695160f2da22a8aff644e0702b99,0.019388501182086904,6815000,0,213086000,/nfs3_ib/nfs-ip34/home/def-ilafores/analysis/MethodsComparison/Feces_RA/preproc/SRR5091584/SRR5091584_unmatched_2.fastq,SRR5091584,f1d5e549,219901000,31,DNA,1000,219901,True,0.8939850973790693,0.8805610909594627,0.8872730941692659,0.8939850973790693,False,66725,66725,2622806
5097000,0.023178612193668967,0.9537539786556825,0.023164969690906364,0.12416930569779083,63.93246957204554,54.0,69.73281890541668,/net/nfs-ip34/jbod2/def-ilafores/ref_dbs/sourmash_db/RefSeq_20250528.k31.sbt.zip,GCF_025916455.1_ASM2591645v1_genomic,27ccee7b3170a58b99749b4c684abf80,0.9543156712226175,5094000,1,207992000,/nfs3_ib/nfs-ip34/home/def-ilafores/analysis/MethodsComparison/Feces_RA/preproc/SRR5091584/SRR5091584_unmatched_2.fastq,SRR5091584,f1d5e549,219901000,31,DNA,1000,219901,True,0.8856474669039298,0.9984927251460075,0.9420700960249686,0.9984927251460075,False,325672,392397,2622806
4563000,0.020750246701924956,0.6363127710169254,0.02068658168903279,0.006798825380146301,3.9199824137173005,3.0,5.647342389156461,/net/nfs-ip34/jbod2/def-ilafores/ref_dbs/sourmash_db/RefSeq_20250528.k31.sbt.zip,GCF_918258265.1_BOVAC1_genomic,d7ca7470d77ebe0344d62e56d1ab47e0,0.6382710868652959,4549000,2,203443000,/nfs3_ib/nfs-ip34/home/def-ilafores/analysis/MethodsComparison/Feces_RA/preproc/SRR5091584/SRR5091584_unmatched_2.fastq,SRR5091584,f1d5e549,219901000,31,DNA,1000,219901,True,0.882491290402483,0.9856207641861612,0.9340560272943221,0.9856207641861612,False,17832,410229,2622806
3180000,0.014461052928363218,0.6234738085860575,0.014397387915471052,0.00546132653349123,4.524320909665192,2.0,21.541653573697253,/net/nfs-ip34/jbod2/def-ilafores/ref_dbs/sourmash_db/RefSeq_20250528.k31.sbt.zip,GCF_006739545.1_ASM673954v1_genomic,d95ec12b062e84f2435687cfa45ebb02,0.6262307995273729,3166000,3,200277000,/nfs3_ib/nfs-ip34/home/def-ilafores/analysis/MethodsComparison/Feces_RA/preproc/SRR5091584/SRR5091584_unmatched_2.fastq,SRR5091584,f1d5e549,219901000,31,DNA,1000,219901,True,0.8722713540132108,0.9850154578095731,0.9286434059113919,0.9850154578095731,False,14324,424553,2622806
3136000,0.014260962887844985,0.8293460925039873,0.014188202873111082,0.015430039431052088,12.971153846153847,7.0,25.0304263811563,/net/nfs-ip34/jbod2/def-ilafores/ref_dbs/sourmash_db/RefSeq_20250528.k31.sbt.zip,GCF_042850355.1_ASM4285035v1_genomic,9019208c507d0a756fcff8594e0aec73,0.8335991493886231,3120000,4,197157000,/nfs3_ib/nfs-ip34/home/def-ilafores/analysis/MethodsComparison/Feces_RA/preproc/SRR5091584/SRR5091584_unmatched_2.fastq,SRR5091584,f1d5e549,219901000,31,DNA,1000,219901,True,0.8718793956831029,0.9941461484211428,0.9330127720521229,0.9941461484211428,False,40470,465023,2622806
3197000,0.01453836044401799,0.6654780476933363,0.013578837749714644,0.017902200925268588,15.724715338245144,12.0,24.6180039923085,/net/nfs-ip34/jbod2/def-ilafores/ref_dbs/sourmash_db/RefSeq_20250528.k31.sbt.zip,GCF_042850115.1_ASM4285011v1_genomic,0a531f0dc11d01b0c4c52863f5abf5c2,0.7125027858257188,2986000,5,194171000,/nfs3_ib/nfs-ip34/home/def-ilafores/analysis/MethodsComparison/Feces_RA/preproc/SRR5091584/SRR5091584_unmatched_2.fastq,SRR5091584,f1d5e549,219901000,31,DNA,1000,219901,True,0.8724213883948782,0.9891250019055023,0.9307731951501903,0.9891250019055023,False,46954,511977,2622806
2910000,0.013233227679728605,0.7097092163627403,0.013096802652102536,0.07375840988620584,67.17152777777778,65.0,33.36704162958322,/net/nfs-ip34/jbod2/def-ilafores/ref_dbs/sourmash_db/RefSeq_20250528.k31.sbt.zip,GCF_000210655.1_ASM21065v1_genomic,586860c088f340576435f05f9fd3cc1d,0.7171020206998522,2880000,6,191291000,/nfs3_ib/nfs-ip34/home/def-ilafores/analysis/MethodsComparison/Feces_RA/preproc/SRR5091584/SRR5091584_unmatched_2.fastq,SRR5091584,f1d5e549,219901000,31,DNA,1000,219901,True,0.8697783108110254,0.9893303239784161,0.9295543173947207,0.9893303239784161,False,193454,705431,2622806
3073000,0.013974470329830242,0.5918183861541919,0.01197356992464791,0.0064503436395982015,6.425370300037979,4.0,12.982379967398511,/net/nfs-ip34/jbod2/def-ilafores/ref_dbs/sourmash_db/RefSeq_20250528.k31.sbt.zip,GCF_963360665.1_BFTSDC17_v2_genomic,f0ce3f7b0d131daf996251931d5e8c91,0.690717015059564,2633000,7,188658000,/nfs3_ib/nfs-ip34/home/def-ilafores/analysis/MethodsComparison/Feces_RA/preproc/SRR5091584/SRR5091584_unmatched_2.fastq,SRR5091584,f1d5e549,219901000,31,DNA,1000,219901,True,0.8713088159189388,0.9881346624082654,0.9297217391636021,0.9881346624082654,False,16918,722349,2622806
4349000,0.019777081504859004,0.49951200468475504,0.011637054856503608,0.04298144811320395,44.05314576006253,42.0,26.163035086064966,/net/nfs-ip34/jbod2/def-ilafores/ref_dbs/sourmash_db/RefSeq_20250528.k31.sbt.zip,GCF_020091465.1_ASM2009146v1_genomic,cfcaa7d93ee12c43b81dc72fd8321792,0.8489166504001562,2559000,8,186099000,/nfs3_ib/nfs-ip34/home/def-ilafores/analysis/MethodsComparison/Feces_RA/preproc/SRR5091584/SRR5091584_unmatched_2.fastq,SRR5091584,f1d5e549,219901000,31,DNA,1000,219901,True,0.8811249327523875,0.9947302479455048,0.9379275903489461,0.9947302479455048,False,112732,835081,2622806
2822000,0.01283304759869214,0.40624005093919136,0.011605222350057526,0.002465679886350725,2.534090909090909,2.0,4.0795880229352335,/net/nfs-ip34/jbod2/def-ilafores/ref_dbs/sourmash_db/RefSeq_20250528.k31.sbt.zip,GCF_012151035.1_ASM1215103v1_genomic,490ceba85d6fbbcb94ee2fcc57d259ec,0.44921999363260107,2552000,9,183547000,/nfs3_ib/nfs-ip34/home/def-ilafores/analysis/MethodsComparison/Feces_RA/preproc/SRR5091584/SRR5091584_unmatched_2.fastq,SRR5091584,f1d5e549,219901000,31,DNA,1000,219901,True,0.8689171734906446,0.9745160640854034,0.9217166187880239,0.9745160640854034,False,6467,841548,2622806
2787000,0.012673885066461726,0.5116470830756545,0.0112868972855967,0.007891548212105661,8.339242546333601,3.0,27.223404676825822,/net/nfs-ip34/jbod2/def-ilafores/ref_dbs/sourmash_db/RefSeq_20250528.k31.sbt.zip,GCF_006742345.1_ASM674234v1_genomic,aa13184474b5d866ab5daea20b7e99ed,0.5745207173778603,2482000,10,181065000,/nfs3_ib/nfs-ip34/home/def-ilafores/analysis/MethodsComparison/Feces_RA/preproc/SRR5091584/SRR5091584_unmatched_2.fastq,SRR5091584,f1d5e549,219901000,31,DNA,1000,219901,True,0.8685674317181316,0.9822808278007464,0.925424129759439,0.9822808278007464,False,20698,862246,2622806
2375000,0.010800314687063724,0.8073896681491618,0.01073210217325069,0.03117462747911969,34.646186440677965,25.0,47.341043421500814,/net/nfs-ip34/jbod2/def-ilafores/ref_dbs/sourmash_db/RefSeq_20250528.k31.sbt.zip,GCF_019967955.1_ASM1996795v1_genomic,815b92b0272af68e89d6f30eed8923eb,0.8125213821416353,2360000,11,178705000,/nfs3_ib/nfs-ip34/home/def-ilafores/analysis/MethodsComparison/Feces_RA/preproc/SRR5091584/SRR5091584_unmatched_2.fastq,SRR5091584,f1d5e549,219901000,31,DNA,1000,219901,True,0.8640969353101295,0.9933251811131937,0.9287110582116616,0.9933251811131937,False,81765,944011,2622806
2348000,0.010677532162200264,0.4297967555472683,0.010481989622602899,0.0025137200387676402,2.8603036876355747,2.0,3.8751120780051473,/net/nfs-ip34/jbod2/def-ilafores/ref_dbs/sourmash_db/RefSeq_20250528.k31.sbt.zip,GCF_030944245.1_ASM3094424v1_genomic,6becccb8a4a952caa753de225af3e504,0.4378146559761328,2305000,12,176400000,/nfs3_ib/nfs-ip34/home/def-ilafores/analysis/MethodsComparison/Feces_RA/preproc/SRR5091584/SRR5091584_unmatched_2.fastq,SRR5091584,f1d5e549,219901000,31,DNA,1000,219901,True,0.8637782946231469,0.9737079574508187,0.9187431260369828,0.9737079574508187,False,6593,950604,2622806
2375000,0.010800314687063724,0.4292888710325432,0.009718009467896917,0.004670189102815839,5.731867103416004,2.0,14.150725501478117,/net/nfs-ip34/jbod2/def-ilafores/ref_dbs/sourmash_db/RefSeq_20250528.k31.sbt.zip,GCF_020091545.1_ASM2009154v1_genomic,cbccf2735894b89c5383dfa9cc789cf8,0.4770992366412214,2137000,13,174263000,/nfs3_ib/nfs-ip34/home/def-ilafores/analysis/MethodsComparison/Feces_RA/preproc/SRR5091584/SRR5091584_unmatched_2.fastq,SRR5091584,f1d5e549,219901000,31,DNA,1000,219901,True,0.8640969353101295,0.9764107211798267,0.9202538282449781,0.9764107211798267,False,12249,962853,2622806
2083000,0.009472444418169995,0.4942992874109264,0.009463349416328256,0.0015788434218924313,1.9899086977414704,2.0,1.4748879990141712,/net/nfs-ip34/jbod2/def-ilafores/ref_dbs/sourmash_db/RefSeq_20250528.k31.sbt.zip,GCF_003006155.1_ASM300615v1_genomic,cc12d773ab5e963153ff177deb96fd6b,0.4947743467933492,2081000,14,172182000,/nfs3_ib/nfs-ip34/home/def-ilafores/analysis/MethodsComparison/Feces_RA/preproc/SRR5091584/SRR5091584_unmatched_2.fastq,SRR5091584,f1d5e549,219901000,31,DNA,1000,219901,True,0.8604479074745943,0.9775571732941889,0.9190025403843916,0.9775571732941889,False,4141,966994,2622806
3709000,0.016866680915502884,0.3234009360374415,0.009426969408961306,0.003529426118439564,4.465508924264351,3.0,14.251239295609558,/net/nfs-ip34/jbod2/def-ilafores/ref_dbs/sourmash_db/RefSeq_20250528.k31.sbt.zip,GCF_024758345.1_ASM2475834v1_genomic,183a75b530ce328e418f91cd67bce618,0.5786271450858035,2073000,15,170109000,/nfs3_ib/nfs-ip34/home/def-ilafores/analysis/MethodsComparison/Feces_RA/preproc/SRR5091584/SRR5091584_unmatched_2.fastq,SRR5091584,f1d5e549,219901000,31,DNA,1000,219901,True,0.8766119918104179,0.9825065295257502,0.929559260668084,0.9825065295257502,False,9257,976251,2622806
2181000,0.00991809950841515,0.6844429347826086,0.009163214355550908,0.03779692436268638,49.19801488833747,48.0,32.231236425529644,/net/nfs-ip34/jbod2/def-ilafores/ref_dbs/sourmash_db/RefSeq_20250528.k31.sbt.zip,GCF_019967975.1_ASM1996797v1_genomic,2c2d74013e8cf3a4113eeeae8dce1511,0.740828804347826,2015000,16,168094000,/nfs3_ib/nfs-ip34/home/def-ilafores/analysis/MethodsComparison/Feces_RA/preproc/SRR5091584/SRR5091584_unmatched_2.fastq,SRR5091584,f1d5e549,219901000,31,DNA,1000,219901,True,0.8617249352062345,0.990369712592126,0.9260473238991802,0.990369712592126,False,99134,1075385,2622806
2145000,0.009754389475263869,0.5741444866920152,0.008926744307665723,0.004292730762397219,5.7356087620988285,3.0,14.814866707866248,/net/nfs-ip34/jbod2/def-ilafores/ref_dbs/sourmash_db/RefSeq_20250528.k31.sbt.zip,GCF_025149785.1_ASM2514978v1_genomic,8c91537000df08516afde1ea4eac7752,0.6273764258555133,1963000,17,166131000,/nfs3_ib/nfs-ip34/home/def-ilafores/analysis/MethodsComparison/Feces_RA/preproc/SRR5091584/SRR5091584_unmatched_2.fastq,SRR5091584,f1d5e549,219901000,31,DNA,1000,219901,True,0.8612623982994717,0.98507353502302,0.9231679666612458,0.98507353502302,False,11259,1086644,2622806
2006000,0.009122286847263086,0.6454545454545455,0.008717559265305751,0.009667508767327816,13.226917057902973,11.0,20.625208189838588,/net/nfs-ip34/jbod2/def-ilafores/ref_dbs/sourmash_db/RefSeq_20250528.k31.sbt.zip,GCF_001998765.1_ASM199876v1_genomic,c87f75fcf13611b56f2643edb90d05be,0.6754208754208754,1917000,18,164214000,/nfs3_ib/nfs-ip34/home/def-ilafores/analysis/MethodsComparison/Feces_RA/preproc/SRR5091584/SRR5091584_unmatched_2.fastq,SRR5091584,f1d5e549,219901000,31,DNA,1000,219901,True,0.8594030572889539,0.9874210982433964,0.9234120777661752,0.9874210982433964,False,25356,1112000,2622806
1897000,0.008626609246888373,0.5064205457463884,0.008608419243204896,0.002148081100927785,2.976228209191759,2.0,6.839180892644266,/net/nfs-ip34/jbod2/def-ilafores/ref_dbs/sourmash_db/RefSeq_20250528.k31.sbt.zip,GCF_964199395.1_Q9705_genomic,1f9a877738dafe6e5148789f10105647,0.5074906367041199,1893000,19,162321000,/nfs3_ib/nfs-ip34/home/def-ilafores/analysis/MethodsComparison/Feces_RA/preproc/SRR5091584/SRR5091584_unmatched_2.fastq,SRR5091584,f1d5e549,219901000,31,DNA,1000,219901,True,0.8578556138002433,0.9783577250321839,0.9181066694162137,0.9783577250321839,False,5634,1117634,2622806
1919000,0.008726654267147489,0.49148878681437447,0.008271904175060596,0.00368079072565794,5.307311709730621,3.0,15.24242821163476,/net/nfs-ip34/jbod2/def-ilafores/ref_dbs/sourmash_db/RefSeq_20250528.k31.sbt.zip,GCF_005848555.1_ASM584855v1_genomic,1123379c731757b61c292acf7bd31a34,0.5185085112131856,1819000,20,160502000,/nfs3_ib/nfs-ip34/home/def-ilafores/analysis/MethodsComparison/Feces_RA/preproc/SRR5091584/SRR5091584_unmatched_2.fastq,SRR5091584,f1d5e549,219901000,31,DNA,1000,219901,True,0.8581747546498694,0.9790358097470325,0.918605282198451,0.9790358097470325,False,9654,1127288,2622806
1701000,0.007735299066398061,0.7119428090832632,0.007698919059031109,0.0024771180178785623,3.8375664500886,3.0,3.5400276956690853,/net/nfs-ip34/jbod2/def-ilafores/ref_dbs/sourmash_db/RefSeq_20250528.k31.sbt.zip,GCF_013393765.1_ASM1339376v1_genomic,4b906c23b1eaf4d6deb084ec296c4c31,0.7153069806560135,1693000,21,158809000,/nfs3_ib/nfs-ip34/home/def-ilafores/analysis/MethodsComparison/Feces_RA/preproc/SRR5091584/SRR5091584_unmatched_2.fastq,SRR5091584,f1d5e549,219901000,31,DNA,1000,219901,True,0.854842997245436,0.9892503406645657,0.9220466689550009,0.9892503406645657,False,6497,1133785,2622806
1961000,0.008917649305823984,0.38738532110091745,0.0076807290553476334,0.003314770516767157,5.147424511545293,2.0,12.526781051606028,/net/nfs-ip34/jbod2/def-ilafores/ref_dbs/sourmash_db/RefSeq_20250528.k31.sbt.zip,GCF_042847785.1_ASM4284778v1_genomic,88019d6ddc2b537fe7ac87c23df45062,0.4497706422018349,1689000,22,157120000,/nfs3_ib/nfs-ip34/home/def-ilafores/analysis/MethodsComparison/Feces_RA/preproc/SRR5091584/SRR5091584_unmatched_2.fastq,SRR5091584,f1d5e549,219901000,31,DNA,1000,219901,True,0.8587743113060644,0.974554575128937,0.9166644432175006,0.974554575128937,False,8694,1142479,2622806
1670000,0.007594326537851124,0.31464856579811695,0.006534758823288662,0.0014457798251185944,2.638830897703549,2.0,3.9315253534306702,/net/nfs-ip34/jbod2/def-ilafores/ref_dbs/sourmash_db/RefSeq_20250528.k31.sbt.zip,GCF_005145085.1_ASM514508v1_genomic,c260e512737de5f001b4c7f80f95ae60,0.36566673965403984,1437000,23,155683000,/nfs3_ib/nfs-ip34/home/def-ilafores/analysis/MethodsComparison/Feces_RA/preproc/SRR5091584/SRR5091584_unmatched_2.fastq,SRR5091584,f1d5e549,219901000,31,DNA,1000,219901,True,0.8543359586548692,0.9680682631157074,0.9112021108852884,0.9680682631157074,False,3792,1146271,2622806
1566000,0.007121386442080754,0.4953108718304967,0.006484736313159103,0.0020359874119549827,3.7447405329593266,2.0,8.386068623157826,/net/nfs-ip34/jbod2/def-ilafores/ref_dbs/sourmash_db/RefSeq_20250528.k31.sbt.zip,GCF_024168045.1_ASM2416804v1_genomic,1689b6c3fb62fec0dd444e73a686577b,0.5439388676623828,1426000,24,154257000,/nfs3_ib/nfs-ip34/home/def-ilafores/analysis/MethodsComparison/Feces_RA/preproc/SRR5091584/SRR5091584_unmatched_2.fastq,SRR5091584,f1d5e549,219901000,31,DNA,1000,219901,True,0.8525657637554651,0.9805491280653584,0.9165574459104118,0.9805491280653584,False,5340,1151611,2622806
1710000,0.007776226574685881,0.4989458889669712,0.00645745130763389,0.02003045593154812,36.99718309859155,35.0,21.574371675481697,/net/nfs-ip34/jbod2/def-ilafores/ref_dbs/sourmash_db/RefSeq_20250528.k31.sbt.zip,GCF_019968055.1_ASM1996805v1_genomic,68b64f4d4c3889600ebe30d1a4137e53,0.600843288826423,1420000,25,152837000,/nfs3_ib/nfs-ip34/home/def-ilafores/analysis/MethodsComparison/Feces_RA/preproc/SRR5091584/SRR5091584_unmatched_2.fastq,SRR5091584,f1d5e549,219901000,31,DNA,1000,219901,True,0.8549885275449095,0.9837013445351868,0.9193449360400481,0.9837013445351868,False,52536,1204147,2622806
1489000,0.006771228871173846,0.43011083743842365,0.006352858786453904,0.0017755792841712274,3.3335719398711525,2.0,8.634159799571602,/net/nfs-ip34/jbod2/def-ilafores/ref_dbs/sourmash_db/RefSeq_20250528.k31.sbt.zip,GCF_018140635.1_ASM1814063v1_genomic,03d45a9b9bd5d52d6fdc9c5ba2260f24,0.458435960591133,1397000,26,151440000,/nfs3_ib/nfs-ip34/home/def-ilafores/analysis/MethodsComparison/Feces_RA/preproc/SRR5091584/SRR5091584_unmatched_2.fastq,SRR5091584,f1d5e549,219901000,31,DNA,1000,219901,True,0.8511802381350266,0.9751546717652363,0.9131674549501314,0.9751546717652363,False,4657,1208804,2622806
5982000,0.027203150508637978,0.004693793537659319,0.005288743570970573,0.0037101485965793887,8.367153912295787,3.0,28.32546723292333,/net/nfs-ip34/jbod2/def-ilafores/ref_dbs/sourmash_db/RefSeq_20250528.k31.sbt.zip,plasmid.1.1.genomic,8051cea624a45a3e4dc84e7fef1c6e83,0.02414296899593985,1163000,27,150277000,/nfs3_ib/nfs-ip34/home/def-ilafores/analysis/MethodsComparison/Feces_RA/preproc/SRR5091584/SRR5091584_unmatched_2.fastq,SRR5091584,f1d5e549,219901000,31,DNA,1000,219901,True,0.890233320222261,0.8868128088681386,0.8885230645451998,0.890233320222261,False,9731,1218535,2622806
1137000,0.005170508547027981,0.43617021276595747,0.005034083519401913,0.001110261300302043,2.6305329719963866,2.0,1.8551639361368197,/net/nfs-ip34/jbod2/def-ilafores/ref_dbs/sourmash_db/RefSeq_20250528.k31.sbt.zip,GCF_020541925.1_ASM2054192v1_genomic,5dfb2de1c8a49d9f52117f79b9e8a991,0.44799054373522457,1107000,28,149170000,/nfs3_ib/nfs-ip34/home/def-ilafores/analysis/MethodsComparison/Feces_RA/preproc/SRR5091584/SRR5091584_unmatched_2.fastq,SRR5091584,f1d5e549,219901000,31,DNA,1000,219901,True,0.8438067756798322,0.9744299141713493,0.9091183449255907,0.9744299141713493,False,2912,1221447,2622806
1101000,0.005006798513876699,0.37853309481216457,0.004811255974279335,0.015855537923887622,39.3062381852552,38.0,23.76700025980761,/net/nfs-ip34/jbod2/def-ilafores/ref_dbs/sourmash_db/RefSeq_20250528.k31.sbt.zip,GCF_000146185.1_ASM14618v1_genomic,5229119e2aa175d63f96a9ce9dfd479c,0.39391771019677996,1058000,29,148112000,/nfs3_ib/nfs-ip34/home/def-ilafores/analysis/MethodsComparison/Feces_RA/preproc/SRR5091584/SRR5091584_unmatched_2.fastq,SRR5091584,f1d5e549,219901000,31,DNA,1000,219901,True,0.842931457723986,0.9703950325994319,0.9066632451617089,0.9703950325994319,False,41586,1263033,2622806
1176000,0.005347861082941869,0.29105969722936303,0.004633903438365446,0.0012307429523952592,3.167811579980373,2.0,5.354581670620388,/net/nfs-ip34/jbod2/def-ilafores/ref_dbs/sourmash_db/RefSeq_20250528.k31.sbt.zip,GCF_000210555.1_ASM21055v1_genomic,6d00b0a0ca344fdf96ce690671c5fa63,0.33590402742073694,1019000,30,147093000,/nfs3_ib/nfs-ip34/home/def-ilafores/analysis/MethodsComparison/Feces_RA/preproc/SRR5091584/SRR5091584_unmatched_2.fastq,SRR5091584,f1d5e549,219901000,31,DNA,1000,219901,True,0.8447252726062283,0.9654207294138012,0.9050730010100148,0.9654207294138012,False,3228,1266261,2622806
934000,0.004247365860091587,0.3952569169960474,0.004092750828782043,0.0007983815806430212,2.3266666666666667,2.0,1.7857335871972742,/net/nfs-ip34/jbod2/def-ilafores/ref_dbs/sourmash_db/RefSeq_20250528.k31.sbt.zip,GCF_041729635.1_ASM4172963v1_genomic,2876d406ca5e65991ea7ee08e04c3d2d,0.4101888449714537,900000,31,146193000,/nfs3_ib/nfs-ip34/home/def-ilafores/analysis/MethodsComparison/Feces_RA/preproc/SRR5091584/SRR5091584_unmatched_2.fastq,SRR5091584,f1d5e549,219901000,31,DNA,1000,219901,True,0.8384703918289205,0.971662871124683,0.9050666314768017,0.971662871124683,False,2094,1268355,2622806
899000,0.004088203327861174,0.39050936003482806,0.004079108326019436,0.000791518701726319,2.31438127090301,2.0,1.7475399117473052,/net/nfs-ip34/jbod2/def-ilafores/ref_dbs/sourmash_db/RefSeq_20250528.k31.sbt.zip,GCF_014489955.1_ASM1448995v1_genomic,579fa51da431e95a9307700dadd79bea,0.391380060949064,897000,32,145296000,/nfs3_ib/nfs-ip34/home/def-ilafores/analysis/MethodsComparison/Feces_RA/preproc/SRR5091584/SRR5091584_unmatched_2.fastq,SRR5091584,f1d5e549,219901000,31,DNA,1000,219901,True,0.8374379944489128,0.9701927444986027,0.9038153694737577,0.9701927444986027,False,2076,1270431,2622806
857000,0.0038972082891846785,0.37030490499337165,0.0038108057716881687,0.0008441341067543692,2.6420047732696896,2.0,2.103129113203227,/net/nfs-ip34/jbod2/def-ilafores/ref_dbs/sourmash_db/RefSeq_20250528.k31.sbt.zip,GCF_036456085.1_ASM3645608v1_genomic,699c883890837b4cc2de51adc51ca2f8,0.37870083959346,838000,33,144458000,/nfs3_ib/nfs-ip34/home/def-ilafores/analysis/MethodsComparison/Feces_RA/preproc/SRR5091584/SRR5091584_unmatched_2.fastq,SRR5091584,f1d5e549,219901000,31,DNA,1000,219901,True,0.8361464972225602,0.9691626166196838,0.902654556921122,0.9691626166196838,False,2214,1272645,2622806
828000,0.003765330762479479,0.27540198426274376,0.003660738241299494,0.0006698932364803191,2.1826086956521737,2.0,2.0690432036470208,/net/nfs-ip34/jbod2/def-ilafores/ref_dbs/sourmash_db/RefSeq_20250528.k31.sbt.zip,GCF_025148965.1_ASM2514896v1_genomic,4fe134d0444f089dec5e462a3d358d30,0.28327061238453644,805000,34,143653000,/nfs3_ib/nfs-ip34/home/def-ilafores/analysis/MethodsComparison/Feces_RA/preproc/SRR5091584/SRR5091584_unmatched_2.fastq,SRR5091584,f1d5e549,219901000,31,DNA,1000,219901,True,0.8352184917427928,0.9601278811175671,0.8976731864301799,0.9601278811175671,False,1757,1274402,2622806
2860000,0.013005852633685158,0.2053388090349076,0.003638000736695149,0.0036430448916160785,11.94375,10.0,11.16358302416836,/net/nfs-ip34/jbod2/def-ilafores/ref_dbs/sourmash_db/RefSeq_20250528.k31.sbt.zip,GCF_025147325.1_ASM2514732v1_genomic,0878062848e44bf823b15b8a5d1eba75,0.7340862422997947,800000,35,142853000,/nfs3_ib/nfs-ip34/home/def-ilafores/analysis/MethodsComparison/Feces_RA/preproc/SRR5091584/SRR5091584_unmatched_2.fastq,SRR5091584,f1d5e549,219901000,31,DNA,1000,219901,True,0.8692921717243254,0.9900776589814011,0.9296849153528632,0.9900776589814011,False,9555,1283957,2622806
2885000,0.013119540156706883,0.15592264302981468,0.003519765712752557,0.0010549769979174976,3.5749354005167957,2.0,8.193174330867246,/net/nfs-ip34/jbod2/def-ilafores/ref_dbs/sourmash_db/RefSeq_20250528.k31.sbt.zip,GCF_024758245.1_ASM2475824v1_genomic,c31992b506ee1c4d61195e94d184502a,0.5811845286059629,774000,36,142079000,/nfs3_ib/nfs-ip34/home/def-ilafores/analysis/MethodsComparison/Feces_RA/preproc/SRR5091584/SRR5091584_unmatched_2.fastq,SRR5091584,f1d5e549,219901000,31,DNA,1000,219901,True,0.86953626046863,0.9826463091050031,0.9260912847868166,0.9826463091050031,False,2767,1286724,2622806
3666000,0.01667113837590552,0.10631178707224334,0.003178703143687387,0.0011926158473024692,4.474964234620887,2.0,10.237125057047406,/net/nfs-ip34/jbod2/def-ilafores/ref_dbs/sourmash_db/RefSeq_20250528.k31.sbt.zip,GCF_024759125.1_ASM2475912v1_genomic,6bd244397ae27f2890a12eadb785907c,0.5575665399239543,699000,37,141380000,/nfs3_ib/nfs-ip34/home/def-ilafores/analysis/MethodsComparison/Feces_RA/preproc/SRR5091584/SRR5091584_unmatched_2.fastq,SRR5091584,f1d5e549,219901000,31,DNA,1000,219901,True,0.876282302109462,0.9813321396908282,0.9288072209001451,0.9813321396908282,False,3128,1289852,2622806
1952000,0.008876721797536164,0.2121861604409063,0.003151418138162173,0.005602778093385481,21.204906204906205,4.0,30.252637615772617,/net/nfs-ip34/jbod2/def-ilafores/ref_dbs/sourmash_db/RefSeq_20250528.k31.sbt.zip,GCF_000210735.1_ASM21073v1_genomic,112a151e28f067050905850dc0b386c2,0.5976729944886712,693000,38,140687000,/nfs3_ib/nfs-ip34/home/def-ilafores/analysis/MethodsComparison/Feces_RA/preproc/SRR5091584/SRR5091584_unmatched_2.fastq,SRR5091584,f1d5e549,219901000,31,DNA,1000,219901,True,0.8586468880929337,0.9835334830084884,0.921090185550711,0.9835334830084884,False,14695,1304547,2622806
689000,0.0031332281344786973,0.18164693218514533,0.003069563121586532,0.0005253915081786453,2.0414814814814815,1.0,6.815324618612416,/net/nfs-ip34/jbod2/def-ilafores/ref_dbs/sourmash_db/RefSeq_20250528.k31.sbt.zip,GCF_015074785.1_ASM1507478v1_genomic,988b2ef58a54374a65546dbc194ca3be,0.18541442411194833,675000,39,140012000,/nfs3_ib/nfs-ip34/home/def-ilafores/analysis/MethodsComparison/Feces_RA/preproc/SRR5091584/SRR5091584_unmatched_2.fastq,SRR5091584,f1d5e549,219901000,31,DNA,1000,219901,True,0.8302818588421977,0.9470910364537607,0.8886864476479792,0.9470910364537607,False,1378,1305925,2622806
2568000,0.01167798236479143,0.11987381703470032,0.002592075524895294,0.0012784018337612466,5.882456140350877,3.0,15.325424613413153,/net/nfs-ip34/jbod2/def-ilafores/ref_dbs/sourmash_db/RefSeq_20250528.k31.sbt.zip,GCF_018292165.1_ASM1829216v1_genomic,2391c2d4efd3d75a2653a2fd1570dca9,0.5400630914826499,570000,40,139442000,/nfs3_ib/nfs-ip34/home/def-ilafores/analysis/MethodsComparison/Feces_RA/preproc/SRR5091584/SRR5091584_unmatched_2.fastq,SRR5091584,f1d5e549,219901000,31,DNA,1000,219901,True,0.8662774835745709,0.9803229668948685,0.9233002252347198,0.9803229668948685,False,3353,1309278,2622806
4057000,0.018449211235965275,0.12180999356637358,0.002582980523053556,0.0009726224509170713,4.491197183098592,4.0,3.6809262808513954,/net/nfs-ip34/jbod2/def-ilafores/ref_dbs/sourmash_db/RefSeq_20250528.k31.sbt.zip,GCF_022559805.1_ASM2255980v1_genomic,2eb28f5b22cd8efc57bfdebbbb6f70c1,0.8700407463006649,568000,41,138874000,/nfs3_ib/nfs-ip34/home/def-ilafores/analysis/MethodsComparison/Feces_RA/preproc/SRR5091584/SRR5091584_unmatched_2.fastq,SRR5091584,f1d5e549,219901000,31,DNA,1000,219901,True,0.8791516592778419,0.9955192546402267,0.9373354569590343,0.9955192546402267,False,2551,1311829,2622806
1158000,0.005266006066366229,0.16533333333333333,0.0025375055138448666,0.0008311708910228206,3.9068100358422937,2.0,9.384188841790957,/net/nfs-ip34/jbod2/def-ilafores/ref_dbs/sourmash_db/RefSeq_20250528.k31.sbt.zip,GCF_023008345.1_ASM2300834v1_genomic,80788e4d9f7a77cc8143de8cf6b02058,0.3431111111111111,558000,42,138316000,/nfs3_ib/nfs-ip34/home/def-ilafores/analysis/MethodsComparison/Feces_RA/preproc/SRR5091584/SRR5091584_unmatched_2.fastq,SRR5091584,f1d5e549,219901000,31,DNA,1000,219901,True,0.8443050726400693,0.9660820774232648,0.9051935750316671,0.9660820774232648,False,2180,1314009,2622806
1127000,0.005125033537819291,0.10716485321289262,0.002373795480693585,0.0009451709352502625,4.74904214559387,1.0,14.510012695761983,/net/nfs-ip34/jbod2/def-ilafores/ref_dbs/sourmash_db/RefSeq_20250528.k31.sbt.zip,GCF_018289295.1_ASM1828929v1_genomic,efcaf620d43a1e990655112ba5460db1,0.2313693286799425,522000,43,137794000,/nfs3_ib/nfs-ip34/home/def-ilafores/analysis/MethodsComparison/Feces_RA/preproc/SRR5091584/SRR5091584_unmatched_2.fastq,SRR5091584,f1d5e549,219901000,31,DNA,1000,219901,True,0.8435663527785352,0.9538799824644799,0.8987231676215075,0.9538799824644799,False,2479,1316488,2622806
2123000,0.009654344455004751,0.16322517207472959,0.00226465545859273,0.003617881002254837,19.05421686746988,15.0,20.968973836221295,/net/nfs-ip34/jbod2/def-ilafores/ref_dbs/sourmash_db/RefSeq_20250528.k31.sbt.zip,GCF_042852915.1_ASM4285291v1_genomic,83df1fc7945fffe52952776a8424f7ce,0.6958374303507047,498000,44,137296000,/nfs3_ib/nfs-ip34/home/def-ilafores/analysis/MethodsComparison/Feces_RA/preproc/SRR5091584/SRR5091584_unmatched_2.fastq,SRR5091584,f1d5e549,219901000,31,DNA,1000,219901,True,0.8609760242289088,0.9883701165885737,0.9246730704087412,0.9883701165885737,False,9489,1325977,2622806
3014000,0.013706167775498974,0.13295577130528588,0.0022419179539883856,0.0013741008675441492,7.310344827586207,5.0,12.932616536081524,/net/nfs-ip34/jbod2/def-ilafores/ref_dbs/sourmash_db/RefSeq_20250528.k31.sbt.zip,GCF_964272285.1_LUMC_Rgna_QRD029_genomic,c661224dbde67e91bffdcd4e1d64d062,0.8128371089536138,493000,45,136803000,/nfs3_ib/nfs-ip34/home/def-ilafores/analysis/MethodsComparison/Feces_RA/preproc/SRR5091584/SRR5091584_unmatched_2.fastq,SRR5091584,f1d5e549,219901000,31,DNA,1000,219901,True,0.8707641039314313,0.993337629835342,0.9320508668833867,0.993337629835342,False,3604,1329581,2622806
2521000,0.011464249821510588,0.07085680403201898,0.0021737054401753516,0.00036716402204356707,2.014644351464435,1.0,2.0223114750121955,/net/nfs-ip34/jbod2/def-ilafores/ref_dbs/sourmash_db/RefSeq_20250528.k31.sbt.zip,GCF_025914275.1_ASM2591427v1_genomic,00f84a19a7eccd4339a873932a896c19,0.37370293507263563,478000,46,136325000,/nfs3_ib/nfs-ip34/home/def-ilafores/analysis/MethodsComparison/Feces_RA/preproc/SRR5091584/SRR5091584_unmatched_2.fastq,SRR5091584,f1d5e549,219901000,31,DNA,1000,219901,True,0.8657614550603965,0.9687473612322912,0.9172544081463438,0.9687473612322912,False,963,1330544,2622806
511000,0.0023237729705640267,0.19778817524457679,0.0021145879282040555,0.0003633513115342881,2.0494623655913977,1.0,1.5888471275803127,/net/nfs-ip34/jbod2/def-ilafores/ref_dbs/sourmash_db/RefSeq_20250528.k31.sbt.zip,GCF_003010455.1_ASM301045v1_genomic,18a7ff1c667dd7a3d2f1a29385533d06,0.21735431731178223,465000,47,135860000,/nfs3_ib/nfs-ip34/home/def-ilafores/analysis/MethodsComparison/Feces_RA/preproc/SRR5091584/SRR5091584_unmatched_2.fastq,SRR5091584,f1d5e549,219901000,31,DNA,1000,219901,True,0.8223155565594952,0.951959191139911,0.887137373849703,0.951959191139911,False,953,1331497,2622806
2276000,0.0103501120958977,0.06172839506172839,0.0018872128821606085,0.0004186356139188335,2.6457831325301204,2.0,5.375744301614614,/net/nfs-ip34/jbod2/def-ilafores/ref_dbs/sourmash_db/RefSeq_20250528.k31.sbt.zip,GCF_014334015.1_ASM1433401v1_genomic,32a90d9faa0865b9d4716569d60e47de,0.3385393425554068,415000,48,135445000,/nfs3_ib/nfs-ip34/home/def-ilafores/analysis/MethodsComparison/Feces_RA/preproc/SRR5091584/SRR5091584_unmatched_2.fastq,SRR5091584,f1d5e549,219901000,31,DNA,1000,219901,True,0.8629109289676088,0.9656641341027743,0.9142875315351915,0.9656641341027743,False,1098,1332595,2622806
2833000,0.012883070108821696,0.10246005579507989,0.0018371903720310503,0.010224927043784405,66.38118811881188,65.5,41.7118621988197,/net/nfs-ip34/jbod2/def-ilafores/ref_dbs/sourmash_db/RefSeq_20250528.k31.sbt.zip,GCF_023497585.1_ASM2349758v1_genomic,d9c5bc738094fb07e8276cf458f5e9f1,0.7184884605630231,404000,49,135041000,/nfs3_ib/nfs-ip34/home/def-ilafores/analysis/MethodsComparison/Feces_RA/preproc/SRR5091584/SRR5091584_unmatched_2.fastq,SRR5091584,f1d5e549,219901000,31,DNA,1000,219901,True,0.8690262257223434,0.9893919683960904,0.929209097059217,0.9893919683960904,False,26818,1359413,2622806
1054000,0.004793065970595859,0.07285974499089254,0.0018190003683475745,0.00024172584628828818,1.585,1.0,0.9837555590694265,/net/nfs-ip34/jbod2/def-ilafores/ref_dbs/sourmash_db/RefSeq_20250528.k31.sbt.zip,GCF_025159095.1_ASM2515909v1_genomic,e9464a3f41c0f88b66c345f4172d20ac,0.19198542805100183,400000,50,134641000,/nfs3_ib/nfs-ip34/home/def-ilafores/analysis/MethodsComparison/Feces_RA/preproc/SRR5091584/SRR5091584_unmatched_2.fastq,SRR5091584,f1d5e549,219901000,31,DNA,1000,219901,True,0.8417460316799007,0.9481556154461687,0.8949508235630347,0.9481556154461687,False,634,1360047,2622806
1660000,0.007548851528642434,0.13092475969506132,0.00179626286374323,0.004743774415644924,31.49873417721519,31.0,21.480680125425668,/net/nfs-ip34/jbod2/def-ilafores/ref_dbs/sourmash_db/RefSeq_20250528.k31.sbt.zip,GCF_023347335.1_ASM2334733v1_genomic,d566eb779c3a1233616a97a7ab79e713,0.5502154458070931,395000,51,134246000,/nfs3_ib/nfs-ip34/home/def-ilafores/analysis/MethodsComparison/Feces_RA/preproc/SRR5091584/SRR5091584_unmatched_2.fastq,SRR5091584,f1d5e549,219901000,31,DNA,1000,219901,True,0.8541704533228488,0.9809120950765556,0.9175412741997022,0.9809120950765556,False,12442,1372489,2622806
1846000,0.008394686699924056,0.08617995088189329,0.0017553353554554095,0.0010199000612321307,6.930051813471502,2.0,20.87981345323456,/net/nfs-ip34/jbod2/def-ilafores/ref_dbs/sourmash_db/RefSeq_20250528.k31.sbt.zip,GCF_025148125.1_ASM2514812v1_genomic,20e22b7a195404638366fe78b372a400,0.4121455682071891,386000,52,133860000,/nfs3_ib/nfs-ip34/home/def-ilafores/analysis/MethodsComparison/Feces_RA/preproc/SRR5091584/SRR5091584_unmatched_2.fastq,SRR5091584,f1d5e549,219901000,31,DNA,1000,219901,True,0.8571017917391474,0.9718120471399527,0.91445691943955,0.9718120471399527,False,2675,1375164,2622806
794000,0.0036107157311699354,0.1318407960199005,0.0016871228416423755,0.0014797129486511774,10.460916442048518,1.0,20.890175103902894,/net/nfs-ip34/jbod2/def-ilafores/ref_dbs/sourmash_db/RefSeq_20250528.k31.sbt.zip,GCF_019968015.1_ASM1996801v1_genomic,517ce21e5547904474906c4ba8b4528a,0.28216062544420756,371000,53,133489000,/nfs3_ib/nfs-ip34/home/def-ilafores/analysis/MethodsComparison/Feces_RA/preproc/SRR5091584/SRR5091584_unmatched_2.fastq,SRR5091584,f1d5e549,219901000,31,DNA,1000,219901,True,0.8340895632939236,0.9600062881351966,0.89704792571456,0.9600062881351966,False,3881,1379045,2622806
362000,0.001646195333354555,0.13886703383162863,0.0016052678250667346,0.0006668430680728959,4.954674220963173,3.0,11.273986049209809,/net/nfs-ip34/jbod2/def-ilafores/ref_dbs/sourmash_db/RefSeq_20250528.k31.sbt.zip,GCF_900015215.1_CRIB_assembly_V1_genomic,4f1f5b624ed155579fa4ba377193c4ab,0.14240755310778913,353000,54,133136000,/nfs3_ib/nfs-ip34/home/def-ilafores/analysis/MethodsComparison/Feces_RA/preproc/SRR5091584/SRR5091584_unmatched_2.fastq,SRR5091584,f1d5e549,219901000,31,DNA,1000,219901,True,0.8132219200184774,0.9390627501072187,0.8761423350628481,0.9390627501072187,False,1749,1380794,2622806
371000,0.0016871228416423755,0.08289661743687471,0.0015825303204623899,0.00034238140373325364,2.5804597701149423,1.0,11.657806215820493,/net/nfs-ip34/jbod2/def-ilafores/ref_dbs/sourmash_db/RefSeq_20250528.k31.sbt.zip,GCF_020181555.1_ASM2018155v1_genomic,8469ab5e4b1c2b2c7b791e98ae874535,0.08837541686517389,348000,55,132788000,/nfs3_ib/nfs-ip34/home/def-ilafores/analysis/MethodsComparison/Feces_RA/preproc/SRR5091584/SRR5091584_unmatched_2.fastq,SRR5091584,f1d5e549,219901000,31,DNA,1000,219901,True,0.8138664005038694,0.9247209411896449,0.8692936708467571,0.9247209411896449,False,898,1381692,2622806
4204000,0.019117693871333007,0.0657048157535582,0.0015325078103328317,0.0039015466641451942,30.364985163204746,31.0,25.136665431902223,/net/nfs-ip34/jbod2/def-ilafores/ref_dbs/sourmash_db/RefSeq_20250528.k31.sbt.zip,GCF_036419465.1_ASM3641946v1_genomic,277623bb21bf8d096347cc62995689ef,0.8196529537921622,337000,56,132451000,/nfs3_ib/nfs-ip34/home/def-ilafores/analysis/MethodsComparison/Feces_RA/preproc/SRR5091584/SRR5091584_unmatched_2.fastq,SRR5091584,f1d5e549,219901000,31,DNA,1000,219901,True,0.880161637480925,0.9936052355325223,0.9368834365067237,0.9936052355325223,False,10233,1391925,2622806
3558000,0.016180008276451677,0.05209494981679146,0.0014870328011241422,0.0004113914639512034,3.2996941896024463,2.0,3.5472477031265055,/net/nfs-ip34/jbod2/def-ilafores/ref_dbs/sourmash_db/RefSeq_20250528.k31.sbt.zip,GCF_006546965.1_ASM654696v1_genomic,d3b5011d40cba3b27ab151b054210724,0.5668312888322447,327000,57,132124000,/nfs3_ib/nfs-ip34/home/def-ilafores/analysis/MethodsComparison/Feces_RA/preproc/SRR5091584/SRR5091584_unmatched_2.fastq,SRR5091584,f1d5e549,219901000,31,DNA,1000,219901,True,0.8754374488643045,0.9818539627315099,0.9286457057979072,0.9818539627315099,False,1079,1393004,2622806
340000,0.0015461503130954385,0.18207282913165265,0.0014779377992824043,0.0002318127989641628,1.8707692307692307,1.0,1.3593802973779665,/net/nfs-ip34/jbod2/def-ilafores/ref_dbs/sourmash_db/RefSeq_20250528.k31.sbt.zip,GCF_007954665.1_ASM795466v1_genomic,d48257c1bca7731596eb58028200f87e,0.19047619047619047,325000,58,131799000,/nfs3_ib/nfs-ip34/home/def-ilafores/analysis/MethodsComparison/Feces_RA/preproc/SRR5091584/SRR5091584_unmatched_2.fastq,SRR5091584,f1d5e549,219901000,31,DNA,1000,219901,True,0.8115788121626538,0.9479142558081097,0.8797465339853818,0.9479142558081097,False,608,1393612,2622806
5078000,0.02309220967617246,0.0010809157191658595,0.0014461052928363219,0.0006950571258415605,5.732704402515723,2.0,23.032672983431137,/net/nfs-ip34/jbod2/def-ilafores/ref_dbs/sourmash_db/RefSeq_20250528.k31.sbt.zip,plasmid.5.1.genomic,0f0c4d9f3e14a466d58e8f18d86b27e8,0.017260660446302624,318000,59,131481000,/nfs3_ib/nfs-ip34/home/def-ilafores/analysis/MethodsComparison/Feces_RA/preproc/SRR5091584/SRR5091584_unmatched_2.fastq,SRR5091584,f1d5e549,219901000,31,DNA,1000,219901,True,0.8855407771497547,0.8772651644042891,0.8814029707770219,0.8855407771497547,False,1823,1395435,2622806
336000,0.0015279603094119627,0.10644728005372733,0.001441557791915453,0.00020131111488993087,1.665615141955836,1.0,1.1212813831560575,/net/nfs-ip34/jbod2/def-ilafores/ref_dbs/sourmash_db/RefSeq_20250528.k31.sbt.zip,GCF_000723465.1_Rb803_genomic,a0c72778e7e9a92bec9989c7d509e086,0.11282740094022835,317000,60,131164000,/nfs3_ib/nfs-ip34/home/def-ilafores/analysis/MethodsComparison/Feces_RA/preproc/SRR5091584/SRR5091584_unmatched_2.fastq,SRR5091584,f1d5e549,219901000,31,DNA,1000,219901,True,0.8112690456464035,0.9320360883373271,0.8716525669918653,0.9320360883373271,False,528,1395963,2622806
2403000,0.010927644712848055,0.05716878402903811,0.001432462790073715,0.0006256657945726829,5.20952380952381,2.0,12.099609258884644,/net/nfs-ip34/jbod2/def-ilafores/ref_dbs/sourmash_db/RefSeq_20250528.k31.sbt.zip,GCF_000724815.2_ASM72481v2_genomic,b9aa1a1f244c1c0700ca0455b6d70026,0.4361161524500907,315000,61,130849000,/nfs3_ib/nfs-ip34/home/def-ilafores/analysis/MethodsComparison/Feces_RA/preproc/SRR5091584/SRR5091584_unmatched_2.fastq,SRR5091584,f1d5e549,219901000,31,DNA,1000,219901,True,0.8644236959411281,0.973585873171607,0.9190047845563676,0.973585873171607,False,1641,1397604,2622806
311000,0.0014142727863902392,0.11317254174397032,0.0013869877808650255,0.00021541814377426313,1.8524590163934427,1.0,1.5872035990110993,/net/nfs-ip34/jbod2/def-ilafores/ref_dbs/sourmash_db/RefSeq_20250528.k31.sbt.zip,GCF_024499075.1_ASM2449907v1_genomic,8f79798699412d497a899a6efc21c6b5,0.11539888682745826,305000,62,130544000,/nfs3_ib/nfs-ip34/home/def-ilafores/analysis/MethodsComparison/Feces_RA/preproc/SRR5091584/SRR5091584_unmatched_2.fastq,SRR5091584,f1d5e549,219901000,31,DNA,1000,219901,True,0.8092481507242286,0.9327138792679209,0.8709810149960748,0.9327138792679209,False,565,1398169,2622806
1934000,0.008794866780960524,0.10453920220082531,0.0013824402799441566,0.001246375065483303,10.75328947368421,10.0,7.294666560713687,/net/nfs-ip34/jbod2/def-ilafores/ref_dbs/sourmash_db/RefSeq_20250528.k31.sbt.zip,GCF_000210695.1_ASM21069v1_genomic,63c45790e4e0e34800467d47c7de68dd,0.6650618982118295,304000,63,130240000,/nfs3_ib/nfs-ip34/home/def-ilafores/analysis/MethodsComparison/Feces_RA/preproc/SRR5091584/SRR5091584_unmatched_2.fastq,SRR5091584,f1d5e549,219901000,31,DNA,1000,219901,True,0.8583903269828782,0.9869289151065238,0.922659621044701,0.9869289151065238,False,3269,1401438,2622806
312000,0.0014188202873111082,0.14377470355731226,0.0013233227679728605,0.0002302877147604512,2.075601374570447,1.0,1.7667575381149738,/net/nfs-ip34/jbod2/def-ilafores/ref_dbs/sourmash_db/RefSeq_20250528.k31.sbt.zip,GCF_013267495.1_ASM1326749v1_genomic,a8c430254a9d54d434cc4d7fc56d7a1a,0.1541501976284585,291000,64,129949000,/nfs3_ib/nfs-ip34/home/def-ilafores/analysis/MethodsComparison/Feces_RA/preproc/SRR5091584/SRR5091584_unmatched_2.fastq,SRR5091584,f1d5e549,219901000,31,DNA,1000,219901,True,0.8093319585996468,0.9414660159510015,0.8753989872753242,0.9414660159510015,False,604,1402042,2622806
2837000,0.012901260112505173,0.05432479291080717,0.0012823952596850402,0.0004125352771039871,3.8368794326241136,2.0,5.957442586962367,/net/nfs-ip34/jbod2/def-ilafores/ref_dbs/sourmash_db/RefSeq_20250528.k31.sbt.zip,GCF_018289175.1_ASM1828917v1_genomic,c011021d83e072fd7dafbdfb08120209,0.5465228279714891,282000,65,129667000,/nfs3_ib/nfs-ip34/home/def-ilafores/analysis/MethodsComparison/Feces_RA/preproc/SRR5091584/SRR5091584_unmatched_2.fastq,SRR5091584,f1d5e549,219901000,31,DNA,1000,219901,True,0.869065779509526,0.980699043757269,0.9248824116333976,0.980699043757269,False,1082,1403124,2622806
2229000,0.01013637955261686,0.09737569060773481,0.0012823952596850402,0.0022716129214284246,21.127659574468087,17.0,18.478989819120912,/net/nfs-ip34/jbod2/def-ilafores/ref_dbs/sourmash_db/RefSeq_20250528.k31.sbt.zip,GCF_036632915.2_ASM3663291v2_genomic,1be8a5fa3d48a02ef6804d87b6dc2cbb,0.7696823204419889,282000,66,129385000,/nfs3_ib/nfs-ip34/home/def-ilafores/analysis/MethodsComparison/Feces_RA/preproc/SRR5091584/SRR5091584_unmatched_2.fastq,SRR5091584,f1d5e549,219901000,31,DNA,1000,219901,True,0.862330288988332,0.9915911211680866,0.9269607050782093,0.9915911211680866,False,5958,1409082,2622806
524000,0.002382890482535323,0.09170731707317073,0.0012823952596850402,0.00037173927465470187,3.4574468085106385,2.0,7.10807885230425,/net/nfs-ip34/jbod2/def-ilafores/ref_dbs/sourmash_db/RefSeq_20250528.k31.sbt.zip,GCF_042848525.1_ASM4284852v1_genomic,268c95f33661b42130c76be0c47d4640,0.17040650406504065,282000,67,129103000,/nfs3_ib/nfs-ip34/home/def-ilafores/analysis/MethodsComparison/Feces_RA/preproc/SRR5091584/SRR5091584_unmatched_2.fastq,SRR5091584,f1d5e549,219901000,31,DNA,1000,219901,True,0.8229822230660875,0.9445158085437771,0.8837490158049324,0.9445158085437771,False,975,1410057,2622806
851000,0.0038699232836594648,0.1261595547309833,0.0012369202504763507,0.0002489699962559183,2.400735294117647,2.0,1.7608068138819628,/net/nfs-ip34/jbod2/def-ilafores/ref_dbs/sourmash_db/RefSeq_20250528.k31.sbt.zip,GCF_042850485.1_ASM4285048v1_genomic,c010531201e0299b3692ec4f0c1aefdd,0.39471243042671617,272000,68,128831000,/nfs3_ib/nfs-ip34/home/def-ilafores/analysis/MethodsComparison/Feces_RA/preproc/SRR5091584/SRR5091584_unmatched_2.fastq,SRR5091584,f1d5e549,219901000,31,DNA,1000,219901,True,0.8359570158010878,0.9704581242701912,0.9032075700356395,0.9704581242701912,False,653,1410710,2622806
316000,0.001437010290994584,0.07642230399094255,0.0012278252486346128,0.0002333378831678744,2.2666666666666666,2.0,3.240256048410258,/net/nfs-ip34/jbod2/def-ilafores/ref_dbs/sourmash_db/RefSeq_20250528.k31.sbt.zip,GCF_040499215.1_ASM4049921v1_genomic,ac5521ac647c3c443da7686df158b872,0.08944240022643646,270000,69,128561000,/nfs3_ib/nfs-ip34/home/def-ilafores/analysis/MethodsComparison/Feces_RA/preproc/SRR5091584/SRR5091584_unmatched_2.fastq,SRR5091584,f1d5e549,219901000,31,DNA,1000,219901,True,0.8096646108374111,0.9250789969345007,0.8673718038859559,0.9250789969345007,False,612,1411322,2622806
1663000,0.007562494031405041,0.11177730192719486,0.0011868977403467925,0.0003187425985757239,3.203065134099617,2.0,2.519074776855529,/net/nfs-ip34/jbod2/def-ilafores/ref_dbs/sourmash_db/RefSeq_20250528.k31.sbt.zip,GCF_009728915.1_ASM972891v1_genomic,dd9a7a25cf2d3a15ed15405a169aba38,0.7122055674518202,261000,70,128300000,/nfs3_ib/nfs-ip34/home/def-ilafores/analysis/MethodsComparison/Feces_RA/preproc/SRR5091584/SRR5091584_unmatched_2.fastq,SRR5091584,f1d5e549,219901000,31,DNA,1000,219901,True,0.8542202060081309,0.9891116892023483,0.9216659476052396,0.9891116892023483,False,836,1412158,2622806
524000,0.002382890482535323,0.06951582364078983,0.0011687077366633167,0.0005726691184937048,5.844357976653696,2.0,13.108908415300043,/net/nfs-ip34/jbod2/def-ilafores/ref_dbs/sourmash_db/RefSeq_20250528.k31.sbt.zip,GCF_000210015.1_ASM21001v1_genomic,6f351faff0bbc09512221a953fad4daf,0.14173654314308898,257000,71,128043000,/nfs3_ib/nfs-ip34/home/def-ilafores/analysis/MethodsComparison/Feces_RA/preproc/SRR5091584/SRR5091584_unmatched_2.fastq,SRR5091584,f1d5e549,219901000,31,DNA,1000,219901,True,0.8229822230660875,0.9389196892008543,0.880950956133471,0.9389196892008543,False,1502,1413660,2622806
340000,0.0015461503130954385,0.07711757269279393,0.0011095902246920206,0.0003835586772334668,4.122950819672131,2.0,10.60511620178294,/net/nfs-ip34/jbod2/def-ilafores/ref_dbs/sourmash_db/RefSeq_20250528.k31.sbt.zip,GCF_042852765.1_ASM4285276v1_genomic,3aa76380a2dbd057e75b72c09cae7f14,0.10745891276864729,244000,72,127799000,/nfs3_ib/nfs-ip34/home/def-ilafores/analysis/MethodsComparison/Feces_RA/preproc/SRR5091584/SRR5091584_unmatched_2.fastq,SRR5091584,f1d5e549,219901000,31,DNA,1000,219901,True,0.8115788121626538,0.9305715185355389,0.8710751653490963,0.9305715185355389,False,1006,1414666,2622806
4264000,0.019390543926585145,0.048303393213572854,0.0011004952228502827,0.0003141673459645891,3.4049586776859506,3.0,2.393443221143531,/net/nfs-ip34/jbod2/def-ilafores/ref_dbs/sourmash_db/RefSeq_20250528.k31.sbt.zip,GCF_037549885.1_ASM3754988v1_genomic,54bf9b2783cc763756a638daf811b5f9,0.8510978043912175,242000,73,127557000,/nfs3_ib/nfs-ip34/home/def-ilafores/analysis/MethodsComparison/Feces_RA/preproc/SRR5091584/SRR5091584_unmatched_2.fastq,SRR5091584,f1d5e549,219901000,31,DNA,1000,219901,True,0.880564083537404,0.9948125907307791,0.9376883371340916,0.9948125907307791,False,824,1415490,2622806
326000,0.0014824853002032732,0.06569942513003012,0.0010914002210085448,0.0001300134283664137,1.4208333333333334,1.0,1.133754517325314,/net/nfs-ip34/jbod2/def-ilafores/ref_dbs/sourmash_db/RefSeq_20250528.k31.sbt.zip,GCF_025145845.1_ASM2514584v1_genomic,00191848f4049b7a1cb875559983f7c7,0.08924171913495757,240000,74,127317000,/nfs3_ib/nfs-ip34/home/def-ilafores/analysis/MethodsComparison/Feces_RA/preproc/SRR5091584/SRR5091584_unmatched_2.fastq,SRR5091584,f1d5e549,219901000,31,DNA,1000,219901,True,0.8104787371855796,0.9250119695813964,0.867745353383488,0.9250119695813964,False,341,1415831,2622806
3864000,0.01757154355823757,0.04832407978614024,0.0010686627164042,0.002042850290871685,22.8,10.0,26.684412535044228,/net/nfs-ip34/jbod2/def-ilafores/ref_dbs/sourmash_db/RefSeq_20250528.k31.sbt.zip,GCF_008728395.1_ASM872839v1_genomic,be62626804ebd51a937970eebfaaba96,0.7945712523133868,235000,75,127082000,/nfs3_ib/nfs-ip34/home/def-ilafores/analysis/MethodsComparison/Feces_RA/preproc/SRR5091584/SRR5091584_unmatched_2.fastq,SRR5091584,f1d5e549,219901000,31,DNA,1000,219901,True,0.8777704674777774,0.9926096178802002,0.9351900426789888,0.9926096178802002,False,5358,1421189,2622806
1259000,0.005725303659373991,0.06071235833783054,0.0010231877071955108,0.00039461553771037586,4.6,3.0,8.952715292642289,/net/nfs-ip34/jbod2/def-ilafores/ref_dbs/sourmash_db/RefSeq_20250528.k31.sbt.zip,GCF_020735365.1_ASM2073536v1_genomic,cc558956f3e16df0c5e2090af905f606,0.33971937398812735,225000,76,126857000,/nfs3_ib/nfs-ip34/home/def-ilafores/analysis/MethodsComparison/Feces_RA/preproc/SRR5091584/SRR5091584_unmatched_2.fastq,SRR5091584,f1d5e549,219901000,31,DNA,1000,219901,True,0.8465856840534578,0.9657725311388952,0.9061791075961765,0.9657725311388952,False,1035,1422224,2622806
2769000,0.012592030049886085,0.057578104828298476,0.0010140927053537729,0.0008044819174578676,9.461883408071749,8.0,7.490330391082375,/net/nfs-ip34/jbod2/def-ilafores/ref_dbs/sourmash_db/RefSeq_20250528.k31.sbt.zip,GCF_020091485.1_ASM2009148v1_genomic,0bb666bd34472dc3dae293249907c788,0.7149496514329977,223000,77,126634000,/nfs3_ib/nfs-ip34/home/def-ilafores/analysis/MethodsComparison/Feces_RA/preproc/SRR5091584/SRR5091584_unmatched_2.fastq,SRR5091584,f1d5e549,219901000,31,DNA,1000,219901,True,0.8683859059665422,0.9892343956256306,0.9288101507960864,0.9892343956256306,False,2110,1424334,2622806
1556000,0.007075911432872065,0.07411100033233632,0.0010140927053537729,0.002776415792856963,32.65470852017937,31.0,23.466454691049037,/net/nfs-ip34/jbod2/def-ilafores/ref_dbs/sourmash_db/RefSeq_20250528.k31.sbt.zip,GCF_023347315.1_ASM2334731v1_genomic,0d91a03431f1ffb73e1088f604cc6227,0.517115320704553,223000,78,126411000,/nfs3_ib/nfs-ip34/home/def-ilafores/analysis/MethodsComparison/Feces_RA/preproc/SRR5091584/SRR5091584_unmatched_2.fastq,SRR5091584,f1d5e549,219901000,31,DNA,1000,219901,True,0.8523895986434465,0.9789508414790278,0.9156702200612372,0.9789508414790278,False,7282,1431616,2622806
3131000,0.01423822538324064,0.05392644135188867,0.0009868076998285592,0.0005612309869658679,6.783410138248848,4.0,8.621808239055731,/net/nfs-ip34/jbod2/def-ilafores/ref_dbs/sourmash_db/RefSeq_20250528.k31.sbt.zip,GCF_964272205.1_LUMC_Rgna_QRD011_genomic,6e86d242a5fb72e2090f4121f3222291,0.7780815109343936,217000,79,126194000,/nfs3_ib/nfs-ip34/home/def-ilafores/analysis/MethodsComparison/Feces_RA/preproc/SRR5091584/SRR5091584_unmatched_2.fastq,SRR5091584,f1d5e549,219901000,31,DNA,1000,219901,True,0.8718345186702824,0.9919383485450413,0.9318864336076618,0.9919383485450413,False,1472,1433088,2622806
1810000,0.008230976666772775,0.07325383304940375,0.0009777126979868213,0.002083265022270042,25.413953488372094,19.0,25.420936083210506,/net/nfs-ip34/jbod2/def-ilafores/ref_dbs/sourmash_db/RefSeq_20250528.k31.sbt.zip,GCF_040058985.1_ASM4005898v1_genomic,9217c1f8c150568f8c71781398566ec7,0.616695059625213,215000,80,125979000,/nfs3_ib/nfs-ip34/home/def-ilafores/analysis/MethodsComparison/Feces_RA/preproc/SRR5091584/SRR5091584_unmatched_2.fastq,SRR5091584,f1d5e549,219901000,31,DNA,1000,219901,True,0.8565574481541076,0.9845280173628356,0.9205427327584716,0.9845280173628356,False,5464,1438552,2622806
1861000,0.00846289921373709,0.04228804902962206,0.0009413326906198698,0.000488408216238639,6.188405797101449,4.0,9.39566458093595,/net/nfs-ip34/jbod2/def-ilafores/ref_dbs/sourmash_db/RefSeq_20250528.k31.sbt.zip,GCF_040687835.1_BfineCL09T03C10_hyb1_genomic,2fc098c7ce25807ec176d4c82a66ac2e,0.3801838610827375,207000,81,125772000,/nfs3_ib/nfs-ip34/home/def-ilafores/analysis/MethodsComparison/Feces_RA/preproc/SRR5091584/SRR5091584_unmatched_2.fastq,SRR5091584,f1d5e549,219901000,31,DNA,1000,219901,True,0.8573255754327473,0.969284814742105,0.9133051950874262,0.969284814742105,False,1281,1439833,2622806
1437000,0.006534758823288662,0.06552162849872774,0.000936785189699001,0.00019787967543157976,2.5194174757281553,2.0,2.5801918440161793,/net/nfs-ip34/jbod2/def-ilafores/ref_dbs/sourmash_db/RefSeq_20250528.k31.sbt.zip,GCF_042854315.1_ASM4285431v1_genomic,8c077732bd97ee96b603cc65c422945d,0.4570610687022901,206000,82,125566000,/nfs3_ib/nfs-ip34/home/def-ilafores/analysis/MethodsComparison/Feces_RA/preproc/SRR5091584/SRR5091584_unmatched_2.fastq,SRR5091584,f1d5e549,219901000,31,DNA,1000,219901,True,0.8502047643368418,0.9750601933270853,0.9126324788319635,0.9750601933270853,False,519,1440352,2622806
255000,0.0011596127348215788,0.047719298245614036,0.0009276901878572631,0.00015784621508415034,2.0294117647058822,1.0,3.0677189659385746,/net/nfs-ip34/jbod2/def-ilafores/ref_dbs/sourmash_db/RefSeq_20250528.k31.sbt.zip,GCF_900187175.1_51342_A02_genomic,ebb5322e84d5def69ea51d3ef551ea04,0.05964912280701754,204000,83,125362000,/nfs3_ib/nfs-ip34/home/def-ilafores/analysis/MethodsComparison/Feces_RA/preproc/SRR5091584/SRR5091584_unmatched_2.fastq,SRR5091584,f1d5e549,219901000,31,DNA,1000,219901,True,0.804082145115542,0.9130684927009498,0.8585753189082459,0.9130684927009498,False,414,1440766,2622806
2377000,0.010809409688905461,0.03797231575009353,0.0009231426869363941,0.00026650846459860166,3.4433497536945814,2.0,7.523394882135936,/net/nfs-ip34/jbod2/def-ilafores/ref_dbs/sourmash_db/RefSeq_20250528.k31.sbt.zip,GCF_018292205.1_ASM1829220v1_genomic,8ecf5298bc316c4919161fc4689e0594,0.4446315001870557,203000,84,125159000,/nfs3_ib/nfs-ip34/home/def-ilafores/analysis/MethodsComparison/Feces_RA/preproc/SRR5091584/SRR5091584_unmatched_2.fastq,SRR5091584,f1d5e549,219901000,31,DNA,1000,219901,True,0.8641203986727329,0.9741933678123359,0.9191568832425344,0.9741933678123359,False,699,1441465,2622806
274000,0.0012460152523180886,0.07468879668049792,0.0009004051823320494,0.00030539811179324737,4.045454545454546,1.0,16.15308565904793,/net/nfs-ip34/jbod2/def-ilafores/ref_dbs/sourmash_db/RefSeq_20250528.k31.sbt.zip,GCF_033096525.1_ASM3309652v1_genomic,435d8e70fb203ed034f71349b4691d0d,0.1033572236891739,198000,85,124961000,/nfs3_ib/nfs-ip34/home/def-ilafores/analysis/MethodsComparison/Feces_RA/preproc/SRR5091584/SRR5091584_unmatched_2.fastq,SRR5091584,f1d5e549,219901000,31,DNA,1000,219901,True,0.8059483399955696,0.9294040123893995,0.8676761761924845,0.9294040123893995,False,801,1442266,2622806
3201000,0.014556550447701466,0.0342477721474751,0.0008913101804903116,0.0006458731602718615,8.642857142857142,2.0,81.06891122586352,/net/nfs-ip34/jbod2/def-ilafores/ref_dbs/sourmash_db/RefSeq_20250528.k31.sbt.zip,GCF_042850145.1_ASM4285014v1_genomic,6350fb91e771d4a1538082fbe2684b37,0.559322033898305,196000,86,124765000,/nfs3_ib/nfs-ip34/home/def-ilafores/analysis/MethodsComparison/Feces_RA/preproc/SRR5091584/SRR5091584_unmatched_2.fastq,SRR5091584,f1d5e549,219901000,31,DNA,1000,219901,True,0.8724565783875954,0.9814316564437546,0.926944117415675,0.9814316564437546,False,1694,1443960,2622806
257000,0.0011687077366633167,0.04386163237621524,0.0008822151786485737,0.00015593985982951083,2.1082474226804124,1.0,3.3680784727461197,/net/nfs-ip34/jbod2/def-ilafores/ref_dbs/sourmash_db/RefSeq_20250528.k31.sbt.zip,GCF_044336395.1_ASM4433639v1_genomic,7004ceefcd6696a06bbad6d1e5c7b9f6,0.058105358354058334,194000,87,124571000,/nfs3_ib/nfs-ip34/home/def-ilafores/analysis/MethodsComparison/Feces_RA/preproc/SRR5091584/SRR5091584_unmatched_2.fastq,SRR5091584,f1d5e549,219901000,31,DNA,1000,219901,True,0.8042848133527658,0.9122964941725874,0.8582906537626767,0.9122964941725874,False,409,1444369,2622806
645000,0.002933138093960464,0.058333333333333334,0.0008594776740442289,0.0017405023474858605,24.15343915343915,5.0,32.62473420310144,/net/nfs-ip34/jbod2/def-ilafores/ref_dbs/sourmash_db/RefSeq_20250528.k31.sbt.zip,GCF_000209855.1_ASM20985v1_genomic,2b845165824bdb6c15dab3f5f2327265,0.19907407407407407,189000,88,124382000,/nfs3_ib/nfs-ip34/home/def-ilafores/analysis/MethodsComparison/Feces_RA/preproc/SRR5091584/SRR5091584_unmatched_2.fastq,SRR5091584,f1d5e549,219901000,31,DNA,1000,219901,True,0.8285162841490756,0.9492652243768943,0.8888907542629849,0.9492652243768943,False,4565,1448934,2622806
2927000,0.013310535195383376,0.034795483990375714,0.0008549301731233601,0.0003404750484786141,4.75,2.0,10.407967999198519,/net/nfs-ip34/jbod2/def-ilafores/ref_dbs/sourmash_db/RefSeq_20250528.k31.sbt.zip,GCF_002257605.1_ASM225760v1_genomic,f7997817cc52d394fc177270fcbc526c,0.5417360725522857,188000,89,124194000,/nfs3_ib/nfs-ip34/home/def-ilafores/analysis/MethodsComparison/Feces_RA/preproc/SRR5091584/SRR5091584_unmatched_2.fastq,SRR5091584,f1d5e549,219901000,31,DNA,1000,219901,True,0.8699417582553626,0.9804207815383457,0.9251812698968541,0.9804207815383457,False,893,1449827,2622806
4081000,0.018558351258066128,0.037111334002006016,0.0008412876703607533,0.00021503687272333524,3.0486486486486486,2.0,2.225845921383917,/net/nfs-ip34/jbod2/def-ilafores/ref_dbs/sourmash_db/RefSeq_20250528.k31.sbt.zip,GCF_038396395.1_ASM3839639v1_genomic,b0c35c07122fdf491796c2a6f26c0579,0.8186559679037111,185000,90,124009000,/nfs3_ib/nfs-ip34/home/def-ilafores/analysis/MethodsComparison/Feces_RA/preproc/SRR5091584/SRR5091584_unmatched_2.fastq,SRR5091584,f1d5e549,219901000,31,DNA,1000,219901,True,0.8793189486047543,0.9935662263439878,0.9364425874743711,0.9935662263439878,False,564,1450391,2622806
490000,0.002228275451225779,0.05045095828635851,0.0008140026648355397,0.0003667827509926392,5.374301675977653,2.0,12.115349188729871,/net/nfs-ip34/jbod2/def-ilafores/ref_dbs/sourmash_db/RefSeq_20250528.k31.sbt.zip,GCF_036419155.1_ASM3641915v1_genomic,adc420f297b3ff1fa16ce829a637366f,0.13810597519729426,179000,91,123830000,/nfs3_ib/nfs-ip34/home/def-ilafores/analysis/MethodsComparison/Feces_RA/preproc/SRR5091584/SRR5091584_unmatched_2.fastq,SRR5091584,f1d5e549,219901000,31,DNA,1000,219901,True,0.8212031543679396,0.9381340914467745,0.879668622907357,0.9381340914467745,False,962,1451353,2622806
2342000,0.01065024715667505,0.027584069425073608,0.0008094551639146707,0.0002565954172744763,3.7808988764044944,1.0,8.401596643395429,/net/nfs-ip34/jbod2/def-ilafores/ref_dbs/sourmash_db/RefSeq_20250528.k31.sbt.zip,GCF_001314975.1_ASM131497v1_genomic,685529102892bda2558b335a7361de94,0.3629319696265303,178000,92,123652000,/nfs3_ib/nfs-ip34/home/def-ilafores/analysis/MethodsComparison/Feces_RA/preproc/SRR5091584/SRR5091584_unmatched_2.fastq,SRR5091584,f1d5e549,219901000,31,DNA,1000,219901,True,0.8637070041806024,0.9678338638998442,0.9157704340402233,0.9678338638998442,False,673,1452026,2622806
936000,0.004256460861933324,0.046061240512954724,0.0008003601620729328,0.00418902503654483,62.42613636363637,66.5,37.50492693184754,/net/nfs-ip34/jbod2/def-ilafores/ref_dbs/sourmash_db/RefSeq_20250528.k31.sbt.zip,GCF_014287515.2_ASM1428751v2_genomic,ba44e405458705e9ab11b89381454753,0.24496205181889558,176000,93,123476000,/nfs3_ib/nfs-ip34/home/def-ilafores/analysis/MethodsComparison/Feces_RA/preproc/SRR5091584/SRR5091584_unmatched_2.fastq,SRR5091584,f1d5e549,219901000,31,DNA,1000,219901,True,0.8385282493165831,0.9556382185520912,0.8970832339343371,0.9556382185520912,False,10987,1463013,2622806
577000,0.0026239080313413764,0.04241071428571429,0.0007776226574685881,0.00014068901779239486,2.1578947368421053,1.0,3.9785512968501746,/net/nfs-ip34/jbod2/def-ilafores/ref_dbs/sourmash_db/RefSeq_20250528.k31.sbt.zip,GCF_032450655.1_ASM3245065v1_genomic,238dff01323d07dfd5222980fc0a672b,0.14310515873015872,171000,94,123305000,/nfs3_ib/nfs-ip34/home/def-ilafores/analysis/MethodsComparison/Feces_RA/preproc/SRR5091584/SRR5091584_unmatched_2.fastq,SRR5091584,f1d5e549,219901000,31,DNA,1000,219901,True,0.8255440995672289,0.9392107912856192,0.882377445426424,0.9392107912856192,False,369,1463382,2622806
1769000,0.00804452912901715,0.038682938061247986,0.0007639801547059814,0.0004651506821320372,7.261904761904762,2.0,16.67198894611861,/net/nfs-ip34/jbod2/def-ilafores/ref_dbs/sourmash_db/RefSeq_20250528.k31.sbt.zip,GCF_015679285.1_ASM1567928v1_genomic,45fd681443cce466fcd8278dc02a4bdd,0.40732212756159336,168000,95,123137000,/nfs3_ib/nfs-ip34/home/def-ilafores/analysis/MethodsComparison/Feces_RA/preproc/SRR5091584/SRR5091584_unmatched_2.fastq,SRR5091584,f1d5e549,219901000,31,DNA,1000,219901,True,0.855924591327639,0.9714430710387691,0.9136838311832041,0.9714430710387691,False,1220,1464602,2622806
341000,0.0015506978140163072,0.04871488344291692,0.0007412426501016366,0.0005345420134009149,8.60122699386503,1.0,19.92456321612551,/net/nfs-ip34/jbod2/def-ilafores/ref_dbs/sourmash_db/RefSeq_20250528.k31.sbt.zip,GCF_045061065.1_ASM4506106v1_genomic,af810c6e00a2b94057226e642af6e200,0.10191273161984458,163000,96,122974000,/nfs3_ib/nfs-ip34/home/def-ilafores/analysis/MethodsComparison/Feces_RA/preproc/SRR5091584/SRR5091584_unmatched_2.fastq,SRR5091584,f1d5e549,219901000,31,DNA,1000,219901,True,0.8116557026785151,0.9289821496149244,0.8703189261467197,0.9289821496149244,False,1402,1466004,2622806
2913000,0.013246870182491212,0.046325421790105806,0.0007366951491807677,0.0003019666723348963,4.888888888888889,4.0,3.7466034000194144,/net/nfs-ip34/jbod2/def-ilafores/ref_dbs/sourmash_db/RefSeq_20250528.k31.sbt.zip,GCF_964272055.1_LUMC_Rgna_QRD003_genomic,72e8ff4b86e2574d8a0b90b2d72c9a6b,0.8329997140406062,162000,97,122812000,/nfs3_ib/nfs-ip34/home/def-ilafores/analysis/MethodsComparison/Feces_RA/preproc/SRR5091584/SRR5091584_unmatched_2.fastq,SRR5091584,f1d5e549,219901000,31,DNA,1000,219901,True,0.8698072215103003,0.9941230796328273,0.9319651505715638,0.9941230796328273,False,792,1466796,2622806
2070000,0.009413326906198699,0.05886792452830188,0.0007094101436555541,0.0008189702173931278,13.76923076923077,10.0,12.317303939229598,/net/nfs-ip34/jbod2/def-ilafores/ref_dbs/sourmash_db/RefSeq_20250528.k31.sbt.zip,GCF_040234585.1_ASM4023458v1_genomic,ce4cae11ff96492908342ea8c11f5cfa,0.7811320754716982,156000,98,122656000,/nfs3_ib/nfs-ip34/home/def-ilafores/analysis/MethodsComparison/Feces_RA/preproc/SRR5091584/SRR5091584_unmatched_2.fastq,SRR5091584,f1d5e549,219901000,31,DNA,1000,219901,True,0.8602741546507925,0.9920635633129707,0.9261688589818816,0.9920635633129707,False,2148,1468944,2622806
830000,0.003774425764321217,0.06772207563764292,0.0007003151418138162,0.00013191978362105317,2.2467532467532467,2.0,1.6289255813272885,/net/nfs-ip34/jbod2/def-ilafores/ref_dbs/sourmash_db/RefSeq_20250528.k31.sbt.zip,GCF_002005185.1_ASM200518v1_genomic,5bb1d2c925b9b1bf01edf18d7c60e249,0.3649956024626209,154000,99,122502000,/nfs3_ib/nfs-ip34/home/def-ilafores/analysis/MethodsComparison/Feces_RA/preproc/SRR5091584/SRR5091584_unmatched_2.fastq,SRR5091584,f1d5e549,219901000,31,DNA,1000,219901,True,0.8352834943808537,0.968010896910793,0.9016471956458234,0.968010896910793,False,346,1469290,2622806
154000,0.0007003151418138162,0.07380607814761216,0.0006957676408929472,6.672243391238239e-05,1.1437908496732025,1.0,0.36903514283642097,/net/nfs-ip34/jbod2/def-ilafores/ref_dbs/sourmash_db/RefSeq_20250528.k31.sbt.zip,GCF_022810665.1_ASM2281066v1_genomic,14d8d291f82c2de962b484105d982c5b,0.0742884708152436,153000,100,122349000,/nfs3_ib/nfs-ip34/home/def-ilafores/analysis/MethodsComparison/Feces_RA/preproc/SRR5091584/SRR5091584_unmatched_2.fastq,SRR5091584,f1d5e549,219901000,31,DNA,1000,219901,True,0.7911070863471926,0.9195558471739127,0.8553314667605527,0.9195558471739127,False,175,1469465,2622806
3461000,0.01573890068712739,0.02272047832585949,0.0006912201399720783,0.0002535452488670531,4.375,2.0,6.182331041384241,/net/nfs-ip34/jbod2/def-ilafores/ref_dbs/sourmash_db/RefSeq_20250528.k31.sbt.zip,GCF_018292045.1_ASM1829204v1_genomic,351f8438ec8d8675fbef71d53ee9a94a,0.5173393124065769,152000,101,122197000,/nfs3_ib/nfs-ip34/home/def-ilafores/analysis/MethodsComparison/Feces_RA/preproc/SRR5091584/SRR5091584_unmatched_2.fastq,SRR5091584,f1d5e549,219901000,31,DNA,1000,219901,True,0.8746572165017877,0.9789645172779569,0.9268108668898722,0.9789645172779569,False,665,1470130,2622806
154000,0.0007003151418138162,0.06909090909090909,0.0006912201399720783,0.00010942479161630712,1.888157894736842,1.0,1.5667152283194925,/net/nfs-ip34/jbod2/def-ilafores/ref_dbs/sourmash_db/RefSeq_20250528.k31.sbt.zip,GCF_031191205.1_ASM3119120v1_genomic,3e006854992e86a9a691fd68b9847087,0.07,152000,102,122045000,/nfs3_ib/nfs-ip34/home/def-ilafores/analysis/MethodsComparison/Feces_RA/preproc/SRR5091584/SRR5091584_unmatched_2.fastq,SRR5091584,f1d5e549,219901000,31,DNA,1000,219901,True,0.7911070863471926,0.9177937545619166,0.8544504204545547,0.9177937545619166,False,287,1470417,2622806
1627000,0.00739878399825376,0.032052689352360046,0.0006639351344468647,0.0001140000442274419,2.047945205479452,1.0,1.935013333219512,/net/nfs-ip34/jbod2/def-ilafores/ref_dbs/sourmash_db/RefSeq_20250528.k31.sbt.zip,GCF_001465175.1_ASM146517v1_genomic,748aea47a405c97a4b5bdd9c9dd0fabd,0.3571899012074643,146000,103,121899000,/nfs3_ib/nfs-ip34/home/def-ilafores/analysis/MethodsComparison/Feces_RA/preproc/SRR5091584/SRR5091584_unmatched_2.fastq,SRR5091584,f1d5e549,219901000,31,DNA,1000,219901,True,0.8536173566730041,0.9673360936046681,0.9104767251388362,0.9673360936046681,False,299,1470716,2622806
326000,0.0014824853002032732,0.04351795496043822,0.0006502926316842579,0.0004701072057940999,8.622377622377622,3.0,18.89973700035469,/net/nfs-ip34/jbod2/def-ilafores/ref_dbs/sourmash_db/RefSeq_20250528.k31.sbt.zip,GCF_045002895.1_ASM4500289v1_genomic,dcf539ba4c82009d09e4501c72acd6ed,0.09920876445526476,143000,104,121756000,/nfs3_ib/nfs-ip34/home/def-ilafores/analysis/MethodsComparison/Feces_RA/preproc/SRR5091584/SRR5091584_unmatched_2.fastq,SRR5091584,f1d5e549,219901000,31,DNA,1000,219901,True,0.8104787371855796,0.9281766665488457,0.8693277018672126,0.9281766665488457,False,1233,1471949,2622806
410000,0.001864475377556264,0.04318831375039695,0.0006184601252381753,0.00030234794338582417,5.830882352941177,2.0,9.99010918731094,/net/nfs-ip34/jbod2/def-ilafores/ref_dbs/sourmash_db/RefSeq_20250528.k31.sbt.zip,GCF_042850025.1_ASM4285002v1_genomic,26ae838edf91db815bafb3211b734604,0.1302000635122261,136000,105,121620000,/nfs3_ib/nfs-ip34/home/def-ilafores/analysis/MethodsComparison/Feces_RA/preproc/SRR5091584/SRR5091584_unmatched_2.fastq,SRR5091584,f1d5e549,219901000,31,DNA,1000,219901,True,0.8164948323447729,0.9363518455972513,0.8764233389710121,0.9363518455972513,False,793,1472742,2622806
460000,0.0020918504235997106,0.025314046440807005,0.0006048176224755686,0.0001117124179218745,2.2030075187969924,1.0,1.8220017022360289,/net/nfs-ip34/jbod2/def-ilafores/ref_dbs/sourmash_db/RefSeq_20250528.k31.sbt.zip,GCF_008369705.1_ASM836970v1_genomic,cebee0e6a30fafd04517fafb6687ddb3,0.08755234107346783,133000,106,121487000,/nfs3_ib/nfs-ip34/home/def-ilafores/analysis/MethodsComparison/Feces_RA/preproc/SRR5091584/SRR5091584_unmatched_2.fastq,SRR5091584,f1d5e549,219901000,31,DNA,1000,219901,True,0.8195312227563327,0.9244418654518318,0.8719865441040823,0.9244418654518318,False,293,1473035,2622806
472000,0.002146420434650138,0.027678758649612077,0.0006002701215546997,0.0002379131357790092,4.7272727272727275,1.0,13.0686363557315,/net/nfs-ip34/jbod2/def-ilafores/ref_dbs/sourmash_db/RefSeq_20250528.k31.sbt.zip,GCF_018289315.1_ASM1828931v1_genomic,b8882c82de7b01fc8d6d7c5d0f9c6851,0.09897253092891592,132000,107,121355000,/nfs3_ib/nfs-ip34/home/def-ilafores/analysis/MethodsComparison/Feces_RA/preproc/SRR5091584/SRR5091584_unmatched_2.fastq,SRR5091584,f1d5e549,219901000,31,DNA,1000,219901,True,0.820212311248913,0.9281052890501486,0.8741588001495308,0.9281052890501486,False,624,1473659,2622806
2804000,0.012751192582116497,0.03291457286432161,0.0005957226206338307,0.002716556237861283,54.38931297709924,58.0,43.621825988619904,/net/nfs-ip34/jbod2/def-ilafores/ref_dbs/sourmash_db/RefSeq_20250528.k31.sbt.zip,GCF_000209995.1_ASM20999v1_genomic,300ebb94b057c743776c0c6aab2d0089,0.7045226130653266,131000,108,121224000,/nfs3_ib/nfs-ip34/home/def-ilafores/analysis/MethodsComparison/Feces_RA/preproc/SRR5091584/SRR5091584_unmatched_2.fastq,SRR5091584,f1d5e549,219901000,31,DNA,1000,219901,True,0.8687378339223578,0.9887656831915775,0.9287517585569677,0.9887656831915775,False,7125,1480784,2622806
230000,0.0010459252117998553,0.02023212045169385,0.0005866276187920928,0.00019406696492230076,3.945736434108527,1.0,13.330800192036126,/net/nfs-ip34/jbod2/def-ilafores/ref_dbs/sourmash_db/RefSeq_20250528.k31.sbt.zip,GCF_016889665.1_ASM1688966v1_genomic,93f73424a62c9a7810069426678c2739,0.03607277289836888,129000,109,121095000,/nfs3_ib/nfs-ip34/home/def-ilafores/analysis/MethodsComparison/Feces_RA/preproc/SRR5091584/SRR5091584_unmatched_2.fastq,SRR5091584,f1d5e549,219901000,31,DNA,1000,219901,True,0.8014101879023777,0.8983744751014506,0.8498923315019142,0.8983744751014506,False,509,1481293,2622806
238000,0.0010823052191668069,0.05045689312673818,0.0005775326169503549,0.00013344486782476477,2.7559055118110236,1.0,5.379629901846015,/net/nfs-ip34/jbod2/def-ilafores/ref_dbs/sourmash_db/RefSeq_20250528.k31.sbt.zip,GCF_018408575.1_ASM1840857v1_genomic,be471ee2a9a4d83e479673ce2822bf12,0.09455701231624951,127000,110,120968000,/nfs3_ib/nfs-ip34/home/def-ilafores/analysis/MethodsComparison/Feces_RA/preproc/SRR5091584/SRR5091584_unmatched_2.fastq,SRR5091584,f1d5e549,219901000,31,DNA,1000,219901,True,0.8022945886992598,0.9267399021877997,0.8645172454435297,0.9267399021877997,False,350,1481643,2622806
251000,0.001141422731138103,0.024582104228121928,0.000568437615108617,6.672243391238239e-05,1.4,1.0,0.8390470785361211,/net/nfs-ip34/jbod2/def-ilafores/ref_dbs/sourmash_db/RefSeq_20250528.k31.sbt.zip,GCF_013458095.1_ASM1345809v1_genomic,496ef65747354da2279d17da97666b23,0.04936086529006883,125000,111,120843000,/nfs3_ib/nfs-ip34/home/def-ilafores/analysis/MethodsComparison/Feces_RA/preproc/SRR5091584/SRR5091584_unmatched_2.fastq,SRR5091584,f1d5e549,219901000,31,DNA,1000,219901,True,0.8036721520634561,0.9075092427526634,0.8555906974080598,0.9075092427526634,False,175,1481818,2622806
1128000,0.005129581038740161,0.05452946350043975,0.0005638901141877482,0.0001246756336534231,2.6370967741935485,2.0,2.0648153764978243,/net/nfs-ip34/jbod2/def-ilafores/ref_dbs/sourmash_db/RefSeq_20250528.k31.sbt.zip,GCF_017743235.1_ASM1774323v1_genomic,d47f03db00b0741ff23d7accc2566ab5,0.49604221635883905,124000,112,120719000,/nfs3_ib/nfs-ip34/home/def-ilafores/analysis/MethodsComparison/Feces_RA/preproc/SRR5091584/SRR5091584_unmatched_2.fastq,SRR5091584,f1d5e549,219901000,31,DNA,1000,219901,True,0.8435904877753314,0.9776378800614428,0.9106141839183871,0.9776378800614428,False,327,1482145,2622806
2695000,0.012255514981741784,0.025015253203172667,0.0005593426132668792,0.00020779272275570516,4.430894308943089,3.0,8.494935172822416,/net/nfs-ip34/jbod2/def-ilafores/ref_dbs/sourmash_db/RefSeq_20250528.k31.sbt.zip,GCF_018289375.1_ASM1828937v1_genomic,d63aa3877a3e796774bd21a9b9ae06b0,0.5480984340044742,123000,113,120596000,/nfs3_ib/nfs-ip34/home/def-ilafores/analysis/MethodsComparison/Feces_RA/preproc/SRR5091584/SRR5091584_unmatched_2.fastq,SRR5091584,f1d5e549,219901000,31,DNA,1000,219901,True,0.8676274350708714,0.9807901206645079,0.9242087778676896,0.9807901206645079,False,545,1482690,2622806
1582000,0.0071941464568146575,0.021292353267913348,0.0005229626058999276,7.129768652351719e-05,1.626086956521739,1.0,1.0669816800123801,/net/nfs-ip34/jbod2/def-ilafores/ref_dbs/sourmash_db/RefSeq_20250528.k31.sbt.zip,GCF_022353985.1_ASM2235398v1_genomic,88ec03488086cf982e5ee6abd3789961,0.29290872060729495,115000,114,120481000,/nfs3_ib/nfs-ip34/home/def-ilafores/analysis/MethodsComparison/Feces_RA/preproc/SRR5091584/SRR5091584_unmatched_2.fastq,SRR5091584,f1d5e549,219901000,31,DNA,1000,219901,True,0.8528453761356736,0.9611647083744516,0.9070050422550626,0.9611647083744516,False,187,1482877,2622806
3605000,0.016393740819732515,0.024098910310142496,0.0005229626058999276,0.00010370572585238862,2.365217391304348,2.0,2.0655789157252857,/net/nfs-ip34/jbod2/def-ilafores/ref_dbs/sourmash_db/RefSeq_20250528.k31.sbt.zip,GCF_024502345.1_ASM2450234v1_genomic,9adacc2792159cae6a914c39b6504e54,0.7554484492875104,115000,115,120366000,/nfs3_ib/nfs-ip34/home/def-ilafores/analysis/MethodsComparison/Feces_RA/preproc/SRR5091584/SRR5091584_unmatched_2.fastq,SRR5091584,f1d5e549,219901000,31,DNA,1000,219901,True,0.87580812488302,0.9909942250671943,0.9334011749751071,0.9909942250671943,False,272,1483149,2622806
1802000,0.008194596659405824,0.041681901279707494,0.0005184151049790588,0.0013394052019097104,30.81578947368421,33.5,29.490874529540186,/net/nfs-ip34/jbod2/def-ilafores/ref_dbs/sourmash_db/RefSeq_20250528.k31.sbt.zip,GCF_902388275.1_UHGG_MGYG-HGUT-02545_genomic,35aa97e0127f24ba3813815f3d766914,0.6588665447897624,114000,116,120252000,/nfs3_ib/nfs-ip34/home/def-ilafores/analysis/MethodsComparison/Feces_RA/preproc/SRR5091584/SRR5091584_unmatched_2.fastq,SRR5091584,f1d5e549,219901000,31,DNA,1000,219901,True,0.8564350607496113,0.986630999426207,0.9215330300879092,0.986630999426207,False,3513,1486662,2622806
196000,0.0008913101804903116,0.01983705278072972,0.0005093201031373209,8.159200489857047e-05,1.9107142857142858,1.0,1.765510708329035,/net/nfs-ip34/jbod2/def-ilafores/ref_dbs/sourmash_db/RefSeq_20250528.k31.sbt.zip,GCF_020341675.1_ASM2034167v1_genomic,bd2850a06cddf8a9c679f450156df141,0.03471484236627701,112000,117,120140000,/nfs3_ib/nfs-ip34/home/def-ilafores/analysis/MethodsComparison/Feces_RA/preproc/SRR5091584/SRR5091584_unmatched_2.fastq,SRR5091584,f1d5e549,219901000,31,DNA,1000,219901,True,0.7972854424343743,0.8972631771682663,0.8472743098013202,0.8972631771682663,False,214,1486876,2622806
251000,0.001141422731138103,0.02679658952496955,0.000500225101295583,9.074251012084005e-05,2.1636363636363636,1.0,2.6816795033481697,/net/nfs-ip34/jbod2/def-ilafores/ref_dbs/sourmash_db/RefSeq_20250528.k31.sbt.zip,GCF_019249655.2_ASM1924965v2_genomic,3f5e042dde22a559937bb52d73a1aae8,0.06114494518879415,110000,118,120030000,/nfs3_ib/nfs-ip34/home/def-ilafores/analysis/MethodsComparison/Feces_RA/preproc/SRR5091584/SRR5091584_unmatched_2.fastq,SRR5091584,f1d5e549,219901000,31,DNA,1000,219901,True,0.8036721520634561,0.9137982892113938,0.858735220637425,0.9137982892113938,False,238,1487114,2622806
898000,0.004083655826940305,0.045875420875420875,0.0004956776003747141,8.921742591712845e-05,2.146788990825688,2.0,1.4195598754116705,/net/nfs-ip34/jbod2/def-ilafores/ref_dbs/sourmash_db/RefSeq_20250528.k31.sbt.zip,GCF_003945365.1_PFJ30894_01_genomic,41e393347aeaa24ab6fcfff277c4c1f9,0.3779461279461279,109000,119,119921000,/nfs3_ib/nfs-ip34/home/def-ilafores/analysis/MethodsComparison/Feces_RA/preproc/SRR5091584/SRR5091584_unmatched_2.fastq,SRR5091584,f1d5e549,219901000,31,DNA,1000,219901,True,0.8374079291771097,0.9691002519132098,0.9032540905451598,0.9691002519132098,False,234,1487348,2622806
297000,0.0013506077734980742,0.05043961129106895,0.0004956776003747141,8.311708910228205e-05,2.0,1.0,1.8866989763931437,/net/nfs-ip34/jbod2/def-ilafores/ref_dbs/sourmash_db/RefSeq_20250528.k31.sbt.zip,GCF_037966635.1_PS01779_genomic,5d987891937eef7ae88d0191b7d129d6,0.13743637204997686,109000,120,119812000,/nfs3_ib/nfs-ip34/home/def-ilafores/analysis/MethodsComparison/Feces_RA/preproc/SRR5091584/SRR5091584_unmatched_2.fastq,SRR5091584,f1d5e549,219901000,31,DNA,1000,219901,True,0.8080466372563697,0.9379870197295888,0.8730168284929792,0.9379870197295888,False,218,1487566,2622806
2268000,0.010313732088530748,0.019513068385248838,0.0004956776003747141,0.0009466960194539741,22.779816513761467,5.0,27.425079862616986,/net/nfs-ip34/jbod2/def-ilafores/ref_dbs/sourmash_db/RefSeq_20250528.k31.sbt.zip,GCF_013267555.1_ASM1326755v1_genomic,8ba6909a0cd9ed021d840de375f8dd88,0.40601503759398494,109000,121,119703000,/nfs3_ib/nfs-ip34/home/def-ilafores/analysis/MethodsComparison/Feces_RA/preproc/SRR5091584/SRR5091584_unmatched_2.fastq,SRR5091584,f1d5e549,219901000,31,DNA,1000,219901,True,0.8628129209240464,0.9713423550593994,0.9170776379917229,0.9713423550593994,False,2483,1490049,2622806
769000,0.0034970282081482123,0.047726249437190456,0.00048203509761210727,7.053514442166139e-05,1.7452830188679245,1.0,1.3876906345647833,/net/nfs-ip34/jbod2/def-ilafores/ref_dbs/sourmash_db/RefSeq_20250528.k31.sbt.zip,GCF_004771075.1_ASM477107v1_genomic,929416da8ade511c2be106a7ae9e3f51,0.34624043223773077,106000,122,119597000,/nfs3_ib/nfs-ip34/home/def-ilafores/analysis/MethodsComparison/Feces_RA/preproc/SRR5091584/SRR5091584_unmatched_2.fastq,SRR5091584,f1d5e549,219901000,31,DNA,1000,219901,True,0.8332292136573474,0.9663650590823608,0.899797136369854,0.9663650590823608,False,185,1490234,2622806
1939000,0.008817604285564868,0.03473132372214941,0.00048203509761210727,0.0009581341509818111,23.70754716981132,20.0,24.614755116704334,/net/nfs-ip34/jbod2/def-ilafores/ref_dbs/sourmash_db/RefSeq_20250528.k31.sbt.zip,GCF_023347255.1_ASM2334725v1_genomic,58b144de4acaed89ce9d8071641d7213,0.6353211009174312,106000,123,119491000,/nfs3_ib/nfs-ip34/home/def-ilafores/analysis/MethodsComparison/Feces_RA/preproc/SRR5091584/SRR5091584_unmatched_2.fastq,SRR5091584,f1d5e549,219901000,31,DNA,1000,219901,True,0.8584618249924558,0.9854734868114381,0.921967655901947,0.9854734868114381,False,2513,1492747,2622806
291000,0.0013233227679728605,0.029765311963365768,0.00047294009577036937,0.0006481607865774289,16.346153846153847,2.0,28.956455780377315,/net/nfs-ip34/jbod2/def-ilafores/ref_dbs/sourmash_db/RefSeq_20250528.k31.sbt.zip,GCF_014337175.1_ASM1433717v1_genomic,a712134ff5fdebda1dc08f01019daf8a,0.08328563251287922,104000,124,119387000,/nfs3_ib/nfs-ip34/home/def-ilafores/analysis/MethodsComparison/Feces_RA/preproc/SRR5091584/SRR5091584_unmatched_2.fastq,SRR5091584,f1d5e549,219901000,31,DNA,1000,219901,True,0.807514834264536,0.9229532007792054,0.8652340175218707,0.9229532007792054,False,1700,1494447,2622806
1657000,0.007535209025879828,0.03733236679956506,0.0004683925948495005,0.00037021419045099027,9.427184466019417,9.0,5.680150999202334,/net/nfs-ip34/jbod2/def-ilafores/ref_dbs/sourmash_db/RefSeq_20250528.k31.sbt.zip,GCF_030864045.1_ASM3086404v1_genomic,5994ba25075d3a64847c6d42886d2dc8,0.6005799202609641,103000,125,119284000,/nfs3_ib/nfs-ip34/home/def-ilafores/analysis/MethodsComparison/Feces_RA/preproc/SRR5091584/SRR5091584_unmatched_2.fastq,SRR5091584,f1d5e549,219901000,31,DNA,1000,219901,True,0.8541206135473371,0.9836874323156105,0.9189040229314738,0.9836874323156105,False,971,1495418,2622806
108000,0.0004911300994538451,0.03319093000328623,0.0004592975930077626,6.710370496331029e-05,1.7425742574257426,1.0,1.361809115209622,/net/nfs-ip34/jbod2/def-ilafores/ref_dbs/sourmash_db/RefSeq_20250528.k31.sbt.zip,GCF_037064645.1_ASM3706464v1_genomic,5afccf27fc683a749efa039beb6275a7,0.03549129148866251,101000,126,119183000,/nfs3_ib/nfs-ip34/home/def-ilafores/analysis/MethodsComparison/Feces_RA/preproc/SRR5091584/SRR5091584_unmatched_2.fastq,SRR5091584,f1d5e549,219901000,31,DNA,1000,219901,True,0.7821038159933271,0.8979036471133792,0.8400037315533532,0.8979036471133792,False,176,1495594,2622806
173000,0.000786717659310326,0.01703867779860283,0.00045475009208689363,4.270235770392473e-05,1.12,1.0,0.35440090293338705,/net/nfs-ip34/jbod2/def-ilafores/ref_dbs/sourmash_db/RefSeq_20250528.k31.sbt.zip,GCF_029581355.1_ASM2958135v1_genomic,51d7fd9bdf03a1793a8850d12786c650,0.029476912591582895,100000,127,119083000,/nfs3_ib/nfs-ip34/home/def-ilafores/analysis/MethodsComparison/Feces_RA/preproc/SRR5091584/SRR5091584_unmatched_2.fastq,SRR5091584,f1d5e549,219901000,31,DNA,1000,219901,True,0.7940815869288883,0.8925415678345172,0.8433115773817028,0.8925415678345172,False,112,1495706,2622806
1542000,0.0070122464199799004,0.041245791245791245,0.0004456550902451558,0.00010446826795424442,2.795918367346939,2.0,2.3253666977598173,/net/nfs-ip34/jbod2/def-ilafores/ref_dbs/sourmash_db/RefSeq_20250528.k31.sbt.zip,GCF_020353915.1_ASM2035391v1_genomic,8d51fcad0509df3b5fdb0a8b3c568e4c,0.648989898989899,98000,128,118985000,/nfs3_ib/nfs-ip34/home/def-ilafores/analysis/MethodsComparison/Feces_RA/preproc/SRR5091584/SRR5091584_unmatched_2.fastq,SRR5091584,f1d5e549,219901000,31,DNA,1000,219901,True,0.852141117913848,0.9861504092126376,0.9191457635632427,0.9861504092126376,False,274,1495980,2622806
3696000,0.016807563403531588,0.014710297208045632,0.0004456550902451558,0.00032522420644149816,8.704081632653061,2.0,45.31887230968913,/net/nfs-ip34/jbod2/def-ilafores/ref_dbs/sourmash_db/RefSeq_20250528.k31.sbt.zip,GCF_018289035.1_ASM1828903v1_genomic,2c57a91b8fe09d51df24c6e20ef5d122,0.5547883518462924,98000,129,118887000,/nfs3_ib/nfs-ip34/home/def-ilafores/analysis/MethodsComparison/Feces_RA/preproc/SRR5091584/SRR5091584_unmatched_2.fastq,SRR5091584,f1d5e549,219901000,31,DNA,1000,219901,True,0.876512709962876,0.9811740263509872,0.9288433681569316,0.9811740263509872,False,853,1496833,2622806
4011000,0.018240026193605305,0.018661023470565603,0.00044110758932428684,0.0005924952131419556,16.02061855670103,8.0,18.72700205059407,/net/nfs-ip34/jbod2/def-ilafores/ref_dbs/sourmash_db/RefSeq_20250528.k31.sbt.zip,GCF_024759565.1_ASM2475956v1_genomic,960bb5f95152f9a5590d4499db9b2620,0.7716429395921508,97000,130,118790000,/nfs3_ib/nfs-ip34/home/def-ilafores/analysis/MethodsComparison/Feces_RA/preproc/SRR5091584/SRR5091584_unmatched_2.fastq,SRR5091584,f1d5e549,219901000,31,DNA,1000,219901,True,0.8788283271383533,0.9916725012139922,0.9352504141761728,0.9916725012139922,False,1554,1498387,2622806
2982000,0.013560647746031168,0.0177603290334642,0.00043201258748254895,9.646157588475854e-05,2.663157894736842,2.0,2.972188725026477,/net/nfs-ip34/jbod2/def-ilafores/ref_dbs/sourmash_db/RefSeq_20250528.k31.sbt.zip,GCF_024759585.1_ASM2475958v1_genomic,80ee08ab6eb5aea8ef71e6a949cb8ec1,0.5574873808188446,95000,131,118695000,/nfs3_ib/nfs-ip34/home/def-ilafores/analysis/MethodsComparison/Feces_RA/preproc/SRR5091584/SRR5091584_unmatched_2.fastq,SRR5091584,f1d5e549,219901000,31,DNA,1000,219901,True,0.8704643350612543,0.9813276451188742,0.9258959900900643,0.9813276451188742,False,253,1498640,2622806
522000,0.002373795480693585,0.02522135766031661,0.00042746508656168005,0.00025278270676519726,7.053191489361702,3.0,14.312891838937336,/net/nfs-ip34/jbod2/def-ilafores/ref_dbs/sourmash_db/RefSeq_20250528.k31.sbt.zip,GCF_033096465.1_ASM3309646v1_genomic,2c68bd9dadc6532293ac0421ad590fc2,0.14005902870941775,94000,132,118601000,/nfs3_ib/nfs-ip34/home/def-ilafores/analysis/MethodsComparison/Feces_RA/preproc/SRR5091584/SRR5091584_unmatched_2.fastq,SRR5091584,f1d5e549,219901000,31,DNA,1000,219901,True,0.8228807079279499,0.9385591515841654,0.8807199297560576,0.9385591515841654,False,663,1499303,2622806
1570000,0.00713957644576423,0.029699842022116903,0.00042746508656168005,0.0009718599088152155,27.117021276595743,29.0,17.873584683131675,/net/nfs-ip34/jbod2/def-ilafores/ref_dbs/sourmash_db/RefSeq_20250528.k31.sbt.zip,GCF_002734145.1_ASM273414v1_genomic,d36cd3d827e7c481f3d6eaa28052d315,0.4960505529225908,94000,133,118507000,/nfs3_ib/nfs-ip34/home/def-ilafores/analysis/MethodsComparison/Feces_RA/preproc/SRR5091584/SRR5091584_unmatched_2.fastq,SRR5091584,f1d5e549,219901000,31,DNA,1000,219901,True,0.8526359251532882,0.9776384100679864,0.9151371676106372,0.9776384100679864,False,2549,1501852,2622806
2313000,0.01051836962996985,0.01449501246882793,0.0004229175856408111,8.502344435692155e-05,2.3978494623655915,1.0,4.855192951983921,/net/nfs-ip34/jbod2/def-ilafores/ref_dbs/sourmash_db/RefSeq_20250528.k31.sbt.zip,GCF_024799845.1_ASM2479984v1_genomic,1affe8cbd37c62a3073bbe0490a4ad0a,0.36050498753117205,93000,134,118414000,/nfs3_ib/nfs-ip34/home/def-ilafores/analysis/MethodsComparison/Feces_RA/preproc/SRR5091584/SRR5091584_unmatched_2.fastq,SRR5091584,f1d5e549,219901000,31,DNA,1000,219901,True,0.863359922733855,0.9676244094324274,0.9154921660831412,0.9676244094324274,False,223,1502075,2622806
825000,0.0037516882597168726,0.04191343963553531,0.00041837008471994216,9.226759432455164e-05,2.630434782608696,2.0,2.4615185808779843,/net/nfs-ip34/jbod2/def-ilafores/ref_dbs/sourmash_db/RefSeq_20250528.k31.sbt.zip,GCF_000448705.1_HSIVP1_1.0_genomic,890daac7386a0cc6474a6211556dd0ed,0.37585421412300685,92000,135,118322000,/nfs3_ib/nfs-ip34/home/def-ilafores/analysis/MethodsComparison/Feces_RA/preproc/SRR5091584/SRR5091584_unmatched_2.fastq,SRR5091584,f1d5e549,219901000,31,DNA,1000,219901,True,0.8351207023261261,0.968926757016524,0.902023729671325,0.968926757016524,False,242,1502317,2622806
425000,0.001932687891369298,0.025734265734265734,0.00041837008471994216,0.00014183283094517857,4.043478260869565,2.0,7.33353382323174,/net/nfs-ip34/jbod2/def-ilafores/ref_dbs/sourmash_db/RefSeq_20250528.k31.sbt.zip,GCF_025147765.1_ASM2514776v1_genomic,6fb5d9fae55cc8ecb2a67f82352fb7a7,0.11888111888111888,92000,136,118230000,/nfs3_ib/nfs-ip34/home/def-ilafores/analysis/MethodsComparison/Feces_RA/preproc/SRR5091584/SRR5091584_unmatched_2.fastq,SRR5091584,f1d5e549,219901000,31,DNA,1000,219901,True,0.817441777808929,0.9336087894968713,0.8755252836529002,0.9336087894968713,False,372,1502689,2622806
97000,0.00044110758932428684,0.035115099492781895,0.00040927508287820426,5.147159187526641e-05,1.5,1.0,0.991631652042901,/net/nfs-ip34/jbod2/def-ilafores/ref_dbs/sourmash_db/RefSeq_20250528.k31.sbt.zip,GCF_029023865.1_ASM2902386v1_genomic,0512d11d7e7db3649d851cd56e72ae09,0.03784627389777604,90000,137,118140000,/nfs3_ib/nfs-ip34/home/def-ilafores/analysis/MethodsComparison/Feces_RA/preproc/SRR5091584/SRR5091584_unmatched_2.fastq,SRR5091584,f1d5e549,219901000,31,DNA,1000,219901,True,0.7793983839497834,0.8997664146329798,0.8395823992913816,0.8997664146329798,False,135,1502824,2622806
293000,0.0013324177698145984,0.03960836671117045,0.00040472758195733537,6.290972340310339e-05,1.853932584269663,1.0,1.147058395090352,/net/nfs-ip34/jbod2/def-ilafores/ref_dbs/sourmash_db/RefSeq_20250528.k31.sbt.zip,GCF_004771295.1_ASM477129v1_genomic,c9f8ac1e723dfb7ae5f16db16bee5f62,0.1303960836671117,89000,138,118051000,/nfs3_ib/nfs-ip34/home/def-ilafores/analysis/MethodsComparison/Feces_RA/preproc/SRR5091584/SRR5091584_unmatched_2.fastq,SRR5091584,f1d5e549,219901000,31,DNA,1000,219901,True,0.8076932715616899,0.9363972868954425,0.8720452792285662,0.9363972868954425,False,165,1502989,2622806
1032000,0.0046930209503367425,0.029499502817368246,0.00040472758195733537,0.0008593849487914852,25.325842696629213,20.0,24.02469482362917,/net/nfs-ip34/jbod2/def-ilafores/ref_dbs/sourmash_db/RefSeq_20250528.k31.sbt.zip,GCF_040026365.1_ASM4002636v1_genomic,9de4932095473c9973b31ae4d68399ec,0.3420616506463374,89000,139,117962000,/nfs3_ib/nfs-ip34/home/def-ilafores/analysis/MethodsComparison/Feces_RA/preproc/SRR5091584/SRR5091584_unmatched_2.fastq,SRR5091584,f1d5e549,219901000,31,DNA,1000,219901,True,0.8411734649476542,0.9659866161546348,0.9035800405511445,0.9659866161546348,False,2254,1505243,2622806
1836000,0.008349211690715367,0.023784072688401926,0.00040472758195733537,8.197327594949836e-05,2.4157303370786516,2.0,1.8225120875605685,/net/nfs-ip34/jbod2/def-ilafores/ref_dbs/sourmash_db/RefSeq_20250528.k31.sbt.zip,GCF_042854125.1_ASM4285412v1_genomic,c47a93bd32f231be1ec96546cc3273b3,0.4906467129877071,89000,140,117873000,/nfs3_ib/nfs-ip34/home/def-ilafores/analysis/MethodsComparison/Feces_RA/preproc/SRR5091584/SRR5091584_unmatched_2.fastq,SRR5091584,f1d5e549,219901000,31,DNA,1000,219901,True,0.8569516228596262,0.977293033613032,0.9171223282363291,0.977293033613032,False,215,1505458,2622806
97000,0.00044110758932428684,0.030095759233926128,0.0004001800810364664,5.60468444864012e-05,1.6704545454545454,1.0,0.9501386371220077,/net/nfs-ip34/jbod2/def-ilafores/ref_dbs/sourmash_db/RefSeq_20250528.k31.sbt.zip,GCF_013046825.1_ASM1304682v1_genomic,2b411407f9ab72e2f08fa78b76246498,0.03317373461012312,88000,141,117785000,/nfs3_ib/nfs-ip34/home/def-ilafores/analysis/MethodsComparison/Feces_RA/preproc/SRR5091584/SRR5091584_unmatched_2.fastq,SRR5091584,f1d5e549,219901000,31,DNA,1000,219901,True,0.7793983839497834,0.8959498255163787,0.8376741047330811,0.8959498255163787,False,147,1505605,2622806
2455000,0.01116411476073324,0.018766177739430543,0.00039563258011559747,0.00015365223352394345,4.632183908045977,3.0,5.117279590071217,/net/nfs-ip34/jbod2/def-ilafores/ref_dbs/sourmash_db/RefSeq_20250528.k31.sbt.zip,GCF_024760085.1_ASM2476008v1_genomic,d22a231abb372af890fb48167198d8a7,0.5295513373597929,87000,142,117698000,/nfs3_ib/nfs-ip34/home/def-ilafores/analysis/MethodsComparison/Feces_RA/preproc/SRR5091584/SRR5091584_unmatched_2.fastq,SRR5091584,f1d5e549,219901000,31,DNA,1000,219901,True,0.8650208788332217,0.9797015805211586,0.9223612296771901,0.9797015805211586,False,403,1506008,2622806
3418000,0.015543358147530025,0.012826249067859806,0.0003910850791947285,7.129768652351719e-05,2.1744186046511627,1.0,1.746703609427985,/net/nfs-ip34/jbod2/def-ilafores/ref_dbs/sourmash_db/RefSeq_20250528.k31.sbt.zip,GCF_025914115.1_ASM2591411v1_genomic,a48aa7cbd40bd9ea89ac84a5bdb955a8,0.5097688292319165,86000,143,117612000,/nfs3_ib/nfs-ip34/home/def-ilafores/analysis/MethodsComparison/Feces_RA/preproc/SRR5091584/SRR5091584_unmatched_2.fastq,SRR5091584,f1d5e549,219901000,31,DNA,1000,219901,True,0.874304547394911,0.9784990948716928,0.9264018211333019,0.9784990948716928,False,187,1506195,2622806
3138000,0.014270057889686723,0.000179468393504511,0.0003865375782738596,0.00010751843636166762,3.3176470588235296,2.0,6.80693723077184,/net/nfs-ip34/jbod2/def-ilafores/ref_dbs/sourmash_db/RefSeq_20250528.k31.sbt.zip,plasmid.4.1.genomic,442f64582ff5c087c9bb2568876dea3a,0.006625550809613594,85000,144,117527000,/nfs3_ib/nfs-ip34/home/def-ilafores/analysis/MethodsComparison/Feces_RA/preproc/SRR5091584/SRR5091584_unmatched_2.fastq,SRR5091584,f1d5e549,219901000,31,DNA,1000,219901,True,0.871897327102908,0.8505832738439124,0.8612403004734102,0.871897327102908,False,282,1506477,2622806
136000,0.0006184601252381753,0.04361210877373012,0.0003865375782738596,5.147159187526641e-05,1.588235294117647,1.0,0.8442764761416073,/net/nfs-ip34/jbod2/def-ilafores/ref_dbs/sourmash_db/RefSeq_20250528.k31.sbt.zip,GCF_014931275.1_ASM1493127v1_genomic,90ed85567504e269bdef87c296aa46c1,0.06977937403796819,85000,145,117442000,/nfs3_ib/nfs-ip34/home/def-ilafores/analysis/MethodsComparison/Feces_RA/preproc/SRR5091584/SRR5091584_unmatched_2.fastq,SRR5091584,f1d5e549,219901000,31,DNA,1000,219901,True,0.7879414111889181,0.9177002989956118,0.8528208550922649,0.9177002989956118,False,135,1506612,2622806
572000,0.0026011705267370315,0.02826975476839237,0.00037744257643212173,0.0010580271663249206,33.433734939759034,31.0,29.922467188999153,/net/nfs-ip34/jbod2/def-ilafores/ref_dbs/sourmash_db/RefSeq_20250528.k31.sbt.zip,GCF_023347295.1_ASM2334729v1_genomic,78db35fa6d9edc0fa99c8623efbe174d,0.19482288828337874,83000,146,117359000,/nfs3_ib/nfs-ip34/home/def-ilafores/analysis/MethodsComparison/Feces_RA/preproc/SRR5091584/SRR5091584_unmatched_2.fastq,SRR5091584,f1d5e549,219901000,31,DNA,1000,219901,True,0.8253123599241657,0.9486044563907855,0.8869584081574756,0.9486044563907855,False,2775,1509387,2622806
301000,0.00136879777718155,0.024582701062215478,0.00036834757459038383,0.0005093781240396735,16.493827160493826,4.0,29.01984142727099,/net/nfs-ip34/jbod2/def-ilafores/ref_dbs/sourmash_db/RefSeq_20250528.k31.sbt.zip,GCF_000210035.1_ASM21003v1_genomic,9b031f8e8d6f8498e950d180778cd938,0.091350531107739,81000,147,117278000,/nfs3_ib/nfs-ip34/home/def-ilafores/analysis/MethodsComparison/Feces_RA/preproc/SRR5091584/SRR5091584_unmatched_2.fastq,SRR5091584,f1d5e549,219901000,31,DNA,1000,219901,True,0.8083954270174171,0.9257091380774353,0.8670522825474262,0.9257091380774353,False,1336,1510723,2622806
3970000,0.018053578655849677,0.0162,0.00036834757459038383,0.00038584630353903415,12.493827160493828,2.0,18.025443921377335,/net/nfs-ip34/jbod2/def-ilafores/ref_dbs/sourmash_db/RefSeq_20250528.k31.sbt.zip,GCF_016766915.1_ASM1676691v1_genomic,bca43bd2d776e339740f17809f096165,0.794,81000,148,117197000,/nfs3_ib/nfs-ip34/home/def-ilafores/analysis/MethodsComparison/Feces_RA/preproc/SRR5091584/SRR5091584_unmatched_2.fastq,SRR5091584,f1d5e549,219901000,31,DNA,1000,219901,True,0.878537100734796,0.9925865895189081,0.935561845126852,0.9925865895189081,False,1012,1511735,2622806
127000,0.0005775326169503549,0.03446771378708551,0.000359252572748646,4.193981560206893e-05,1.3924050632911393,1.0,1.4089921123386713,/net/nfs-ip34/jbod2/def-ilafores/ref_dbs/sourmash_db/RefSeq_20250528.k31.sbt.zip,GCF_023921805.1_ASM2392180v1_genomic,0c9f72c07cb9e22587452a97c47fbca1,0.055410122164048864,79000,149,117118000,/nfs3_ib/nfs-ip34/home/def-ilafores/analysis/MethodsComparison/Feces_RA/preproc/SRR5091584/SRR5091584_unmatched_2.fastq,SRR5091584,f1d5e549,219901000,31,DNA,1000,219901,True,0.786203053714013,0.9108998202529001,0.8485514369834566,0.9108998202529001,False,110,1511845,2622806
2014000,0.009158666854630038,0.015279138099902057,0.00035470507182777704,0.0002436322015429277,8.192307692307692,5.0,10.306902954850697,/net/nfs-ip34/jbod2/def-ilafores/ref_dbs/sourmash_db/RefSeq_20250528.k31.sbt.zip,GCF_009193325.2_ASM919332v2_genomic,20d3ad2db691676c0843017fd7066d73,0.39451518119490697,78000,150,117040000,/nfs3_ib/nfs-ip34/home/def-ilafores/analysis/MethodsComparison/Feces_RA/preproc/SRR5091584/SRR5091584_unmatched_2.fastq,SRR5091584,f1d5e549,219901000,31,DNA,1000,219901,True,0.8595134035401248,0.9704424764207343,0.9149779399804296,0.9704424764207343,False,639,1512484,2622806
2221000,0.010099999545249908,0.01575757575757576,0.00035470507182777704,7.396658388001247e-05,2.4871794871794872,2.0,2.37369985867346,/net/nfs-ip34/jbod2/def-ilafores/ref_dbs/sourmash_db/RefSeq_20250528.k31.sbt.zip,GCF_032452855.1_ASM3245285v1_genomic,d3b7db64a3ee051cbbe16b797861660f,0.4486868686868687,78000,151,116962000,/nfs3_ib/nfs-ip34/home/def-ilafores/analysis/MethodsComparison/Feces_RA/preproc/SRR5091584/SRR5091584_unmatched_2.fastq,SRR5091584,f1d5e549,219901000,31,DNA,1000,219901,True,0.8622302781192893,0.9744787350514418,0.9183545065853655,0.9744787350514418,False,194,1512678,2622806
2190000,0.009959027016702971,0.0273972602739726,0.00035470507182777704,0.00031492988806644485,10.58974358974359,6.5,12.757537638624484,/net/nfs-ip34/jbod2/def-ilafores/ref_dbs/sourmash_db/RefSeq_20250528.k31.sbt.zip,GCF_042854225.1_ASM4285422v1_genomic,387027c4a6ea2f36548bc8ed31ebb8dc,0.7692307692307693,78000,152,116884000,/nfs3_ib/nfs-ip34/home/def-ilafores/analysis/MethodsComparison/Feces_RA/preproc/SRR5091584/SRR5091584_unmatched_2.fastq,SRR5091584,f1d5e549,219901000,31,DNA,1000,219901,True,0.8618394148119127,0.9915723500668974,0.926705882439405,0.9915723500668974,False,826,1513504,2622806
2756000,0.01253291253791479,0.011263897015798713,0.0003501575709069081,0.0002520201646633415,8.584415584415584,2.0,13.659448610642016,/net/nfs-ip34/jbod2/def-ilafores/ref_dbs/sourmash_db/RefSeq_20250528.k31.sbt.zip,GCF_036419675.1_ASM3641967v1_genomic,51dc6ef63345e816c319b25acd75ad05,0.40315974253949677,77000,153,116807000,/nfs3_ib/nfs-ip34/home/def-ilafores/analysis/MethodsComparison/Feces_RA/preproc/SRR5091584/SRR5091584_unmatched_2.fastq,SRR5091584,f1d5e549,219901000,31,DNA,1000,219901,True,0.8682540924409289,0.9711212484873454,0.9196876704641371,0.9711212484873454,False,661,1514165,2622806
765000,0.0034788382044647365,0.02748643761301989,0.00034561006998603915,0.0008483280883145761,29.276315789473685,7.5,39.391289006384234,/net/nfs-ip34/jbod2/def-ilafores/ref_dbs/sourmash_db/RefSeq_20250528.k31.sbt.zip,GCF_023347275.1_ASM2334727v1_genomic,88f1b5eec91b23fd70f1b11b9f13bd9a,0.2766726943942134,76000,154,116731000,/nfs3_ib/nfs-ip34/home/def-ilafores/analysis/MethodsComparison/Feces_RA/preproc/SRR5091584/SRR5091584_unmatched_2.fastq,SRR5091584,f1d5e549,219901000,31,DNA,1000,219901,True,0.833089051144202,0.9593982299770126,0.8962436405606073,0.9593982299770126,False,2225,1516390,2622806
81000,0.00036834757459038383,0.022935779816513763,0.00034106256906517025,4.613379716227582e-05,1.6133333333333333,1.0,0.9646185198765828,/net/nfs-ip34/jbod2/def-ilafores/ref_dbs/sourmash_db/RefSeq_20250528.k31.sbt.zip,GCF_022845935.1_ASM2284593v1_genomic,be00e933b466fd9b012db789088bb49d,0.024770642201834864,75000,155,116656000,/nfs3_ib/nfs-ip34/home/def-ilafores/analysis/MethodsComparison/Feces_RA/preproc/SRR5091584/SRR5091584_unmatched_2.fastq,SRR5091584,f1d5e549,219901000,31,DNA,1000,219901,True,0.774879413610084,0.8875473358569648,0.8312133747335244,0.8875473358569648,False,121,1516511,2622806
75000,0.00034106256906517025,0.013855532976168483,0.00034106256906517025,4.422744190763633e-05,1.5466666666666666,1.0,1.0105224171464755,/net/nfs-ip34/jbod2/def-ilafores/ref_dbs/sourmash_db/RefSeq_20250528.k31.sbt.zip,GCF_022749555.1_ASM2274955v1_genomic,d64989e12f75ad8f203e8c1c08637a60,0.013855532976168483,75000,156,116581000,/nfs3_ib/nfs-ip34/home/def-ilafores/analysis/MethodsComparison/Feces_RA/preproc/SRR5091584/SRR5091584_unmatched_2.fastq,SRR5091584,f1d5e549,219901000,31,DNA,1000,219901,True,0.7729580729118758,0.871068607515862,0.822013340213869,0.871068607515862,False,116,1516627,2622806
287000,0.0013051327642893847,0.01429951690821256,0.0003365150681443013,4.918396556969902e-05,1.7432432432432432,1.0,1.1157449433766493,/net/nfs-ip34/jbod2/def-ilafores/ref_dbs/sourmash_db/RefSeq_20250528.k31.sbt.zip,GCF_022430505.1_ASM2243050v1_genomic,5a4d4d8ee88f377eaed80315f2da364a,0.05545893719806763,74000,157,116507000,/nfs3_ib/nfs-ip34/home/def-ilafores/analysis/MethodsComparison/Feces_RA/preproc/SRR5091584/SRR5091584_unmatched_2.fastq,SRR5091584,f1d5e549,219901000,31,DNA,1000,219901,True,0.8071543710530408,0.910925695728916,0.8590400333909785,0.910925695728916,False,129,1516756,2622806
142000,0.000645745130763389,0.02057269947178204,0.0003365150681443013,0.0001685218045101315,5.972972972972973,1.0,16.438232440138638,/net/nfs-ip34/jbod2/def-ilafores/ref_dbs/sourmash_db/RefSeq_20250528.k31.sbt.zip,GCF_000265365.1_ASM26536v1_genomic,79a393fb99d8977a1fe96a36cabdd09c,0.03947734222963581,74000,158,116433000,/nfs3_ib/nfs-ip34/home/def-ilafores/analysis/MethodsComparison/Feces_RA/preproc/SRR5091584/SRR5091584_unmatched_2.fastq,SRR5091584,f1d5e549,219901000,31,DNA,1000,219901,True,0.7890395028025219,0.9009919281368206,0.8450157154696712,0.9009919281368206,False,442,1517198,2622806
617000,0.002805808068176134,0.023701298701298702,0.00033196756722343236,0.0002504950804596299,9.0,2.0,17.203058026974507,/net/nfs-ip34/jbod2/def-ilafores/ref_dbs/sourmash_db/RefSeq_20250528.k31.sbt.zip,GCF_025150245.1_ASM2515024v1_genomic,1a61bc75384814965146b3c8fd1a27a5,0.20032467532467532,73000,159,116360000,/nfs3_ib/nfs-ip34/home/def-ilafores/analysis/MethodsComparison/Feces_RA/preproc/SRR5091584/SRR5091584_unmatched_2.fastq,SRR5091584,f1d5e549,219901000,31,DNA,1000,219901,True,0.8273309836648414,0.9494570087944016,0.8883939962296215,0.9494570087944016,False,657,1517855,2622806
3126000,0.014215487878636296,0.01935826040837974,0.00033196756722343236,0.0001117124179218745,4.013698630136986,2.0,4.380821061108314,/net/nfs-ip34/jbod2/def-ilafores/ref_dbs/sourmash_db/RefSeq_20250528.k31.sbt.zip,GCF_964272005.1_LUMC_Rgna_QRD009_genomic,a984777914b479613bf58f81661532d6,0.8289578361177407,73000,160,116287000,/nfs3_ib/nfs-ip34/home/def-ilafores/analysis/MethodsComparison/Feces_RA/preproc/SRR5091584/SRR5091584_unmatched_2.fastq,SRR5091584,f1d5e549,219901000,31,DNA,1000,219901,True,0.8717895722499719,0.993967110553187,0.9328783414015794,0.993967110553187,False,293,1518148,2622806
933000,0.004242818359170718,0.025334271639690358,0.0003274200663025634,7.053514442166139e-05,2.5694444444444446,2.0,2.290235243186997,/net/nfs-ip34/jbod2/def-ilafores/ref_dbs/sourmash_db/RefSeq_20250528.k31.sbt.zip,GCF_025150085.1_ASM2515008v1_genomic,2e1846f271e5a6c1736e89d400b10289,0.3282899366643209,72000,161,116215000,/nfs3_ib/nfs-ip34/home/def-ilafores/analysis/MethodsComparison/Feces_RA/preproc/SRR5091584/SRR5091584_unmatched_2.fastq,SRR5091584,f1d5e549,219901000,31,DNA,1000,219901,True,0.8384414181093058,0.9647069459634924,0.9015741820363992,0.9647069459634924,False,185,1518333,2622806
2881000,0.013101350153023406,0.016852599098029906,0.0003228725653816945,0.0014968701459429328,55.29577464788732,61.0,34.79371578608323,/net/nfs-ip34/jbod2/def-ilafores/ref_dbs/sourmash_db/RefSeq_20250528.k31.sbt.zip,GCF_025151715.1_ASM2515171v1_genomic,9078f78f3ee2e2a4ff118532503c417a,0.6838357464989319,71000,162,116144000,/nfs3_ib/nfs-ip34/home/def-ilafores/analysis/MethodsComparison/Feces_RA/preproc/SRR5091584/SRR5091584_unmatched_2.fastq,SRR5091584,f1d5e549,219901000,31,DNA,1000,219901,True,0.869497344154233,0.9878155637161724,0.9286564539352027,0.9878155637161724,False,3926,1522259,2622806
3286000,0.014943088025975325,0.012347826086956521,0.0003228725653816945,0.00013496995202847637,4.985915492957746,3.0,8.401027699953966,/net/nfs-ip34/jbod2/def-ilafores/ref_dbs/sourmash_db/RefSeq_20250528.k31.sbt.zip,GCF_000210075.1_ASM21007v1_genomic,c08f8e47dd318b08d89c36c36e6da9e1,0.5714782608695652,71000,163,116073000,/nfs3_ib/nfs-ip34/home/def-ilafores/analysis/MethodsComparison/Feces_RA/preproc/SRR5091584/SRR5091584_unmatched_2.fastq,SRR5091584,f1d5e549,219901000,31,DNA,1000,219901,True,0.8731944751413634,0.9821125960574375,0.9276535355994004,0.9821125960574375,False,354,1522613,2622806
1815000,0.00825371417137712,0.021895527056615578,0.00031832506446082557,0.00015975257033878982,5.985714285714286,2.0,13.767967852065542,/net/nfs-ip34/jbod2/def-ilafores/ref_dbs/sourmash_db/RefSeq_20250528.k31.sbt.zip,GCF_964272105.1_LUMC_Rgna_QRD038_genomic,9c7aa30b4e916cf0ec4a851bb377fdda,0.5677197372536753,70000,164,116003000,/nfs3_ib/nfs-ip34/home/def-ilafores/analysis/MethodsComparison/Feces_RA/preproc/SRR5091584/SRR5091584_unmatched_2.fastq,SRR5091584,f1d5e549,219901000,31,DNA,1000,219901,True,0.8566336747262188,0.9819035687585487,0.9192686217423838,0.9819035687585487,False,419,1523032,2622806
4560000,0.020736604199162352,0.01201881205364919,0.0003137775635399566,0.000844515377805297,32.10144927536232,21.0,34.88911832663224,/net/nfs-ip34/jbod2/def-ilafores/ref_dbs/sourmash_db/RefSeq_20250528.k31.sbt.zip,GCF_018292105.1_ASM1829210v1_genomic,833ce107256231b46fdcaa8f4db23439,0.7942867096324682,69000,165,115934000,/nfs3_ib/nfs-ip34/home/def-ilafores/analysis/MethodsComparison/Feces_RA/preproc/SRR5091584/SRR5091584_unmatched_2.fastq,SRR5091584,f1d5e549,219901000,31,DNA,1000,219901,True,0.8824725681663539,0.9925981493801459,0.9375353587732499,0.9925981493801459,False,2215,1525247,2622806
764000,0.0034742907035438674,0.011130827552831101,0.0003137775635399566,0.00019978603068621927,7.594202898550725,3.0,12.724868770804456,/net/nfs-ip34/jbod2/def-ilafores/ref_dbs/sourmash_db/RefSeq_20250528.k31.sbt.zip,GCF_020091505.1_ASM2009150v1_genomic,357eccaeaef81ca3cd21f2c98306427b,0.12324568478786901,69000,166,115865000,/nfs3_ib/nfs-ip34/home/def-ilafores/analysis/MethodsComparison/Feces_RA/preproc/SRR5091584/SRR5091584_unmatched_2.fastq,SRR5091584,f1d5e549,219901000,31,DNA,1000,219901,True,0.8330538997024381,0.934695292804345,0.8838745962533916,0.934695292804345,False,524,1525771,2622806
752000,0.0034197206924934404,0.024190679473496977,0.00030923006261908767,0.0005475052291324634,21.11764705882353,4.0,27.340193107758953,/net/nfs-ip34/jbod2/def-ilafores/ref_dbs/sourmash_db/RefSeq_20250528.k31.sbt.zip,GCF_028743395.1_ASM2874339v1_genomic,bc5680b67a040c88f41f779ed94a8fca,0.26752045535396657,68000,167,115797000,/nfs3_ib/nfs-ip34/home/def-ilafores/analysis/MethodsComparison/Feces_RA/preproc/SRR5091584/SRR5091584_unmatched_2.fastq,SRR5091584,f1d5e549,219901000,31,DNA,1000,219901,True,0.8326285739996748,0.9583577185906151,0.895493146295145,0.9583577185906151,False,1436,1527207,2622806
383000,0.0017416928526928026,0.017202124968378446,0.00030923006261908767,0.0006832377232627956,26.352941176470587,2.0,43.2525975778546,/net/nfs-ip34/jbod2/def-ilafores/ref_dbs/sourmash_db/RefSeq_20250528.k31.sbt.zip,GCF_036419255.1_ASM3641925v1_genomic,cc90865ac4b45b3dd14605490161db88,0.09688843916013154,68000,168,115729000,/nfs3_ib/nfs-ip34/home/def-ilafores/analysis/MethodsComparison/Feces_RA/preproc/SRR5091584/SRR5091584_unmatched_2.fastq,SRR5091584,f1d5e549,219901000,31,DNA,1000,219901,True,0.814702563595775,0.9274683442292325,0.8710854539125037,0.9274683442292325,False,1792,1528999,2622806
4019000,0.018276406200972255,0.00017991213843030686,0.0003046825616982187,5.337794712990591e-05,2.08955223880597,1.0,1.7340431856384566,/net/nfs-ip34/jbod2/def-ilafores/ref_dbs/sourmash_db/RefSeq_20250528.k31.sbt.zip,plasmid.3.1.genomic,e2e03e1dce424a170899a4ee7698c481,0.010792043050020945,67000,169,115662000,/nfs3_ib/nfs-ip34/home/def-ilafores/analysis/MethodsComparison/Feces_RA/preproc/SRR5091584/SRR5091584_unmatched_2.fastq,SRR5091584,f1d5e549,219901000,31,DNA,1000,219901,True,0.878884815748768,0.8640755794620034,0.8714801976053856,0.878884815748768,False,140,1529139,2622806
512000,0.0023283204714848954,0.019469026548672566,0.0003001350607773498,4.918396556969902e-05,1.9545454545454546,1.0,3.925178313578688,/net/nfs-ip34/jbod2/def-ilafores/ref_dbs/sourmash_db/RefSeq_20250528.k31.sbt.zip,GCF_020735445.1_ASM2073544v1_genomic,914c0a88ebdaaccdb90ec78fe93e1fa1,0.15103244837758112,66000,170,115596000,/nfs3_ib/nfs-ip34/home/def-ilafores/analysis/MethodsComparison/Feces_RA/preproc/SRR5091584/SRR5091584_unmatched_2.fastq,SRR5091584,f1d5e549,219901000,31,DNA,1000,219901,True,0.8223674180515621,0.940845680943934,0.8816065494977481,0.940845680943934,False,129,1529268,2622806
754000,0.0034288156943351783,0.01567398119122257,0.0002955875598564809,5.79531997410407e-05,2.3384615384615386,1.0,5.24265617668966,/net/nfs-ip34/jbod2/def-ilafores/ref_dbs/sourmash_db/RefSeq_20250528.k31.sbt.zip,GCF_025146565.1_ASM2514656v1_genomic,9216287e15b5df82656d9407b3ab0a7c,0.18181818181818182,65000,171,115531000,/nfs3_ib/nfs-ip34/home/def-ilafores/analysis/MethodsComparison/Feces_RA/preproc/SRR5091584/SRR5091584_unmatched_2.fastq,SRR5091584,f1d5e549,219901000,31,DNA,1000,219901,True,0.8326999157067263,0.9464928391768298,0.8895963774417781,0.9464928391768298,False,152,1529420,2622806
157000,0.000713957644576423,0.017955801104972375,0.0002955875598564809,9.722411798661434e-05,3.923076923076923,1.0,12.008084062007423,/net/nfs-ip34/jbod2/def-ilafores/ref_dbs/sourmash_db/RefSeq_20250528.k31.sbt.zip,GCF_005121165.3_ASM512116v3_genomic,74059216b7cd65a7ff314267c1b83b8e,0.04337016574585635,65000,172,115466000,/nfs3_ib/nfs-ip34/home/def-ilafores/analysis/MethodsComparison/Feces_RA/preproc/SRR5091584/SRR5091584_unmatched_2.fastq,SRR5091584,f1d5e549,219901000,31,DNA,1000,219901,True,0.7915995940921308,0.9037294230511493,0.8476645085716401,0.9037294230511493,False,255,1529675,2622806
67000,0.0003046825616982187,0.026519787841697267,0.0002955875598564809,3.431439458351094e-05,1.3846153846153846,1.0,0.8169795721447233,/net/nfs-ip34/jbod2/def-ilafores/ref_dbs/sourmash_db/RefSeq_20250528.k31.sbt.zip,GCF_010669225.1_ASM1066922v1_genomic,274d37fe38c89456352e287313491fb8,0.02733578131374949,65000,173,115401000,/nfs3_ib/nfs-ip34/home/def-ilafores/analysis/MethodsComparison/Feces_RA/preproc/SRR5091584/SRR5091584_unmatched_2.fastq,SRR5091584,f1d5e549,219901000,31,DNA,1000,219901,True,0.7701507256952626,0.8903730036394603,0.8302618646673614,0.8903730036394603,False,90,1529765,2622806
2904000,0.013205942674203391,0.012460443037974684,0.000286492558014743,5.79531997410407e-05,2.4126984126984126,2.0,1.9324704201922769,/net/nfs-ip34/jbod2/def-ilafores/ref_dbs/sourmash_db/RefSeq_20250528.k31.sbt.zip,GCF_012273055.1_ASM1227305v1_genomic,c1884ac4d25c83812a1bdd52c3c7dc1b,0.5743670886075949,63000,174,115338000,/nfs3_ib/nfs-ip34/home/def-ilafores/analysis/MethodsComparison/Feces_RA/preproc/SRR5091584/SRR5091584_unmatched_2.fastq,SRR5091584,f1d5e549,219901000,31,DNA,1000,219901,True,0.8697204027804493,0.9822723536334633,0.9259963782069562,0.9822723536334633,False,152,1529917,2622806
1540000,0.007003151418138162,0.02160056657223796,0.00027739755617300514,0.000537973452859266,23.131147540983605,24.0,15.72976234001371,/net/nfs-ip34/jbod2/def-ilafores/ref_dbs/sourmash_db/RefSeq_20250528.k31.sbt.zip,GCF_024167885.1_ASM2416788v1_genomic,ce4fdc293b1b11e3766ab11638f10cc6,0.5453257790368272,61000,175,115277000,/nfs3_ib/nfs-ip34/home/def-ilafores/analysis/MethodsComparison/Feces_RA/preproc/SRR5091584/SRR5091584_unmatched_2.fastq,SRR5091584,f1d5e549,219901000,31,DNA,1000,219901,True,0.852105442571078,0.9806296790834245,0.9163675608272512,0.9806296790834245,False,1411,1531328,2622806
2897000,0.013174110167757309,0.01779252110977081,0.00026830255433126724,9.303013642640744e-05,4.135593220338983,3.0,2.8845445965430248,/net/nfs-ip34/jbod2/def-ilafores/ref_dbs/sourmash_db/RefSeq_20250528.k31.sbt.zip,GCF_964272175.1_LUMC_Rgna_QRD002_genomic,1f13f5ec9fda2958b49cb5ff70fad6eb,0.873642943305187,59000,176,115218000,/nfs3_ib/nfs-ip34/home/def-ilafores/analysis/MethodsComparison/Feces_RA/preproc/SRR5091584/SRR5091584_unmatched_2.fastq,SRR5091584,f1d5e549,219901000,31,DNA,1000,219901,True,0.8696526968921364,0.9956519474167103,0.9326523221544234,0.9956519474167103,False,244,1531572,2622806
141000,0.0006411976298425201,0.014402781226719643,0.0002637550534103983,0.0001750034123759058,7.913793103448276,3.0,29.54440520159129,/net/nfs-ip34/jbod2/def-ilafores/ref_dbs/sourmash_db/RefSeq_20250528.k31.sbt.zip,GCF_027923645.1_ASM2792364v1_genomic,9fb8a945f847c19c6bae95891438e391,0.03501365780978396,58000,177,115160000,/nfs3_ib/nfs-ip34/home/def-ilafores/analysis/MethodsComparison/Feces_RA/preproc/SRR5091584/SRR5091584_unmatched_2.fastq,SRR5091584,f1d5e549,219901000,31,DNA,1000,219901,True,0.7888596434947838,0.8975112867628053,0.8431854651287946,0.8975112867628053,False,459,1532031,2622806
1928000,0.00876758177543531,0.019675526406627546,0.0002592075524895294,0.0002493512673068462,11.473684210526315,9.0,8.026502730063424,/net/nfs-ip34/jbod2/def-ilafores/ref_dbs/sourmash_db/RefSeq_20250528.k31.sbt.zip,GCF_036419515.1_ASM3641951v1_genomic,6a297f754ff6c4bf21b2d1fd8119290f,0.6655160510873317,57000,178,115103000,/nfs3_ib/nfs-ip34/home/def-ilafores/analysis/MethodsComparison/Feces_RA/preproc/SRR5091584/SRR5091584_unmatched_2.fastq,SRR5091584,f1d5e549,219901000,31,DNA,1000,219901,True,0.8583042928705381,0.986950648158565,0.9226274705145516,0.986950648158565,False,654,1532685,2622806
1544000,0.007021341421821638,0.0247074122236671,0.0002592075524895294,5.71906576391849e-05,2.6315789473684212,2.0,2.0229523235648523,/net/nfs-ip34/jbod2/def-ilafores/ref_dbs/sourmash_db/RefSeq_20250528.k31.sbt.zip,GCF_028898865.1_ASM2889886v1_genomic,feb770be79b9eac867a4ee5fbb298bc4,0.6692674469007369,57000,179,115046000,/nfs3_ib/nfs-ip34/home/def-ilafores/analysis/MethodsComparison/Feces_RA/preproc/SRR5091584/SRR5091584_unmatched_2.fastq,SRR5091584,f1d5e549,219901000,31,DNA,1000,219901,True,0.8521767485057988,0.9871296206635594,0.9196531845846792,0.9871296206635594,False,150,1532835,2622806
2203000,0.010018144528674267,0.019034670292318152,0.00025466005156866045,0.0005170035450582316,24.214285714285715,12.5,25.575318937903987,/net/nfs-ip34/jbod2/def-ilafores/ref_dbs/sourmash_db/RefSeq_20250528.k31.sbt.zip,GCF_036815185.2_ASM3681518v1_genomic,c6ed66af62435c7dcd0b26067f44e3e0,0.7488103331067301,56000,180,114990000,/nfs3_ib/nfs-ip34/home/def-ilafores/analysis/MethodsComparison/Feces_RA/preproc/SRR5091584/SRR5091584_unmatched_2.fastq,SRR5091584,f1d5e549,219901000,31,DNA,1000,219901,True,0.8620039730122021,0.9907121253070661,0.9263580491596342,0.9907121253070661,False,1356,1534191,2622806
2523000,0.011473344823352327,0.012108108108108109,0.00025466005156866045,5.528430238454541e-05,2.5892857142857144,2.0,1.7705607033032313,/net/nfs-ip34/jbod2/def-ilafores/ref_dbs/sourmash_db/RefSeq_20250528.k31.sbt.zip,GCF_025914195.1_ASM2591419v1_genomic,4ab236feb27bbefb635121ccd1c90e65,0.5455135135135135,56000,181,114934000,/nfs3_ib/nfs-ip34/home/def-ilafores/analysis/MethodsComparison/Feces_RA/preproc/SRR5091584/SRR5091584_unmatched_2.fastq,SRR5091584,f1d5e549,219901000,31,DNA,1000,219901,True,0.865783602679393,0.9806405673567343,0.9232120850180636,0.9806405673567343,False,145,1534336,2622806
3771000,0.01714862597259676,0.011529750875025736,0.00025466005156866045,0.0009817729561393408,45.982142857142854,44.0,44.06468097801092,/net/nfs-ip34/jbod2/def-ilafores/ref_dbs/sourmash_db/RefSeq_20250528.k31.sbt.zip,GCF_020885715.1_ASM2088571v1_genomic,520291c2858c53efa7059183f1ff7255,0.7764051883878937,56000,182,114878000,/nfs3_ib/nfs-ip34/home/def-ilafores/analysis/MethodsComparison/Feces_RA/preproc/SRR5091584/SRR5091584_unmatched_2.fastq,SRR5091584,f1d5e549,219901000,31,DNA,1000,219901,True,0.8770809043820194,0.9918693390866223,0.9344751217343208,0.9918693390866223,False,2575,1536911,2622806
2841000,0.012919450116188648,0.010530346544131725,0.0002501125506477915,3.8508376143717835e-05,1.8363636363636364,1.0,1.411171484504164,/net/nfs-ip34/jbod2/def-ilafores/ref_dbs/sourmash_db/RefSeq_20250528.k31.sbt.zip,GCF_024224055.1_ASM2422405v1_genomic,3ec92b6ba16820c45f736cbbedbe45e7,0.5439402642159679,55000,183,114823000,/nfs3_ib/nfs-ip34/home/def-ilafores/analysis/MethodsComparison/Feces_RA/preproc/SRR5091584/SRR5091584_unmatched_2.fastq,SRR5091584,f1d5e549,219901000,31,DNA,1000,219901,True,0.8691052793639981,0.9805492092763168,0.9248272443201575,0.9805492092763168,False,101,1537012,2622806
1017000,0.004624808436523708,0.024977293369663943,0.0002501125506477915,5.56655734354733e-05,2.6545454545454548,2.0,1.7603530825395826,/net/nfs-ip34/jbod2/def-ilafores/ref_dbs/sourmash_db/RefSeq_20250528.k31.sbt.zip,GCF_036419215.1_ASM3641921v1_genomic,5aa4538ddfef57bd5a6a59bbd16b4502,0.46185286103542234,55000,184,114768000,/nfs3_ib/nfs-ip34/home/def-ilafores/analysis/MethodsComparison/Feces_RA/preproc/SRR5091584/SRR5091584_unmatched_2.fastq,SRR5091584,f1d5e549,219901000,31,DNA,1000,219901,True,0.840776265744271,0.9753882885261316,0.9080822771352013,0.9753882885261316,False,146,1537158,2622806
1765000,0.008026339125333673,0.011960132890365448,0.00024556504972692256,9.722411798661434e-05,4.722222222222222,1.5,11.755875862050884,/net/nfs-ip34/jbod2/def-ilafores/ref_dbs/sourmash_db/RefSeq_20250528.k31.sbt.zip,GCF_004328515.1_ASM432851v1_genomic,a5fd52ab16a56bc3d037173d70801227,0.3909191583610188,54000,185,114714000,/nfs3_ib/nfs-ip34/home/def-ilafores/analysis/MethodsComparison/Feces_RA/preproc/SRR5091584/SRR5091584_unmatched_2.fastq,SRR5091584,f1d5e549,219901000,31,DNA,1000,219901,True,0.8558620911026297,0.9701558676015758,0.9130089793521028,0.9701558676015758,False,255,1537413,2622806
155000,0.0007048626427346851,0.016775396085740912,0.00024556504972692256,3.2408039328871444e-05,1.5740740740740742,1.0,0.914934764965602,/net/nfs-ip34/jbod2/def-ilafores/ref_dbs/sourmash_db/RefSeq_20250528.k31.sbt.zip,GCF_006542725.1_Aond_3.0_genomic,7fbb97287421b4f5df527beb1443bd37,0.048151599875737805,54000,186,114660000,/nfs3_ib/nfs-ip34/home/def-ilafores/analysis/MethodsComparison/Feces_RA/preproc/SRR5091584/SRR5091584_unmatched_2.fastq,SRR5091584,f1d5e549,219901000,31,DNA,1000,219901,True,0.7912722794659249,0.9067834219880767,0.8490278507270008,0.9067834219880767,False,85,1537498,2622806
2206000,0.010031787031436874,0.010246679316888045,0.00024556504972692256,5.261540502805011e-05,2.5555555555555554,2.0,1.8625616238044675,/net/nfs-ip34/jbod2/def-ilafores/ref_dbs/sourmash_db/RefSeq_20250528.k31.sbt.zip,GCF_040142445.1_MDR_U01_genomic,abb1162b34f5fe9c8951b8b2f4b65294,0.41859582542694496,54000,187,114606000,/nfs3_ib/nfs-ip34/home/def-ilafores/analysis/MethodsComparison/Feces_RA/preproc/SRR5091584/SRR5091584_unmatched_2.fastq,SRR5091584,f1d5e549,219901000,31,DNA,1000,219901,True,0.862041814510603,0.9722989914255888,0.9171704029680959,0.9722989914255888,False,138,1537636,2622806
301000,0.00136879777718155,0.02965864577504197,0.00024101754880605363,3.6602020889078336e-05,1.8113207547169812,1.0,1.5054191890806563,/net/nfs-ip34/jbod2/def-ilafores/ref_dbs/sourmash_db/RefSeq_20250528.k31.sbt.zip,GCF_007954605.1_ASM795460v1_genomic,3f61242f86bf94a9440315635e962a70,0.1684387241186346,53000,188,114553000,/nfs3_ib/nfs-ip34/home/def-ilafores/analysis/MethodsComparison/Feces_RA/preproc/SRR5091584/SRR5091584_unmatched_2.fastq,SRR5091584,f1d5e549,219901000,31,DNA,1000,219901,True,0.8083954270174171,0.9441619935643025,0.8762787102908598,0.9441619935643025,False,96,1537732,2622806
1541000,0.007007698919059031,0.018370883882149046,0.00024101754880605363,0.0006222343551143318,30.79245283018868,33.0,21.76491766934659,/net/nfs-ip34/jbod2/def-ilafores/ref_dbs/sourmash_db/RefSeq_20250528.k31.sbt.zip,GCF_002586945.1_ASM258694v1_genomic,37548ff8695f19adfb807e1221069651,0.5341421143847487,53000,189,114500000,/nfs3_ib/nfs-ip34/home/def-ilafores/analysis/MethodsComparison/Feces_RA/preproc/SRR5091584/SRR5091584_unmatched_2.fastq,SRR5091584,f1d5e549,219901000,31,DNA,1000,219901,True,0.8521232858434571,0.9799744123197481,0.9160488490816026,0.9799744123197481,False,1632,1539364,2622806
1618000,0.00735785648996594,0.011843575418994414,0.00024101754880605363,3.9652189296501535e-05,1.9622641509433962,2.0,1.2125486047592173,/net/nfs-ip34/jbod2/def-ilafores/ref_dbs/sourmash_db/RefSeq_20250528.k31.sbt.zip,GCF_018140655.1_ASM1814065v1_genomic,539c8707d557125b46309ac4603be1eb,0.36156424581005586,53000,190,114447000,/nfs3_ib/nfs-ip34/home/def-ilafores/analysis/MethodsComparison/Feces_RA/preproc/SRR5091584/SRR5091584_unmatched_2.fastq,SRR5091584,f1d5e549,219901000,31,DNA,1000,219901,True,0.8534646276386376,0.9677159933057502,0.910590310472194,0.9677159933057502,False,104,1539468,2622806
420000,0.0019099503867649533,0.02258201959948871,0.00024101754880605363,3.7745834041862035e-05,1.8679245283018868,1.0,1.3180565431375835,/net/nfs-ip34/jbod2/def-ilafores/ref_dbs/sourmash_db/RefSeq_20250528.k31.sbt.zip,GCF_042692105.1_ASM4269210v1_genomic,c7f67d7ea281d3187bdd888f7cf9b96c,0.17895185342991052,53000,191,114394000,/nfs3_ib/nfs-ip34/home/def-ilafores/analysis/MethodsComparison/Feces_RA/preproc/SRR5091584/SRR5091584_unmatched_2.fastq,SRR5091584,f1d5e549,219901000,31,DNA,1000,219901,True,0.8171297734934458,0.9460077976130441,0.881568785553245,0.9460077976130441,False,99,1539567,2622806
1072000,0.0048749209871714995,0.00873215785054576,0.00023647004788518469,3.2789310379799343e-05,1.6538461538461537,1.0,1.158324642028892,/net/nfs-ip34/jbod2/def-ilafores/ref_dbs/sourmash_db/RefSeq_20250528.k31.sbt.zip,GCF_041865045.1_ASM4186504v1_genomic,1bd7fc9bbe6249641f6ccbb3c922c777,0.18001679261125106,52000,192,114342000,/nfs3_ib/nfs-ip34/home/def-ilafores/analysis/MethodsComparison/Feces_RA/preproc/SRR5091584/SRR5091584_unmatched_2.fastq,SRR5091584,f1d5e549,219901000,31,DNA,1000,219901,True,0.8422059573216891,0.9461888791380397,0.8941974182298644,0.9461888791380397,False,86,1539653,2622806
2494000,0.011341467296647128,0.008561080013170892,0.00023647004788518469,3.2789310379799343e-05,1.6538461538461537,1.0,1.2539877220693159,/net/nfs-ip34/jbod2/def-ilafores/ref_dbs/sourmash_db/RefSeq_20250528.k31.sbt.zip,GCF_041014885.1_Genome_assembly_GPTB0036_genomic,1f38609cd97f545f1f212822b103869c,0.41060256832400394,52000,193,114290000,/nfs3_ib/nfs-ip34/home/def-ilafores/analysis/MethodsComparison/Feces_RA/preproc/SRR5091584/SRR5091584_unmatched_2.fastq,SRR5091584,f1d5e549,219901000,31,DNA,1000,219901,True,0.8654607864103098,0.9716944697536155,0.9185776280819626,0.9716944697536155,False,86,1539739,2622806
782000,0.0035561457201195084,0.0231935771632471,0.00023647004788518469,4.270235770392473e-05,2.1538461538461537,1.0,1.895182306885372,/net/nfs-ip34/jbod2/def-ilafores/ref_dbs/sourmash_db/RefSeq_20250528.k31.sbt.zip,GCF_902810435.1_SKV38_genomic,92fffacc05525a8c6779bf5455282783,0.3487957181088314,52000,194,114238000,/nfs3_ib/nfs-ip34/home/def-ilafores/analysis/MethodsComparison/Feces_RA/preproc/SRR5091584/SRR5091584_unmatched_2.fastq,SRR5091584,f1d5e549,219901000,31,DNA,1000,219901,True,0.8336799182113734,0.9665943015549291,0.9001371098831512,0.9665943015549291,False,112,1539851,2622806
52000,0.00023647004788518469,0.01802120141342756,0.00023192254696431577,3.317058143072724e-05,1.7058823529411764,1.0,1.287863676366512,/net/nfs-ip34/jbod2/def-ilafores/ref_dbs/sourmash_db/RefSeq_20250528.k31.sbt.zip,GCF_000478885.1_ASM47888v1_genomic,02b170c1c65259d332d2411d92d0f08f,0.018374558303886925,51000,195,114187000,/nfs3_ib/nfs-ip34/home/def-ilafores/analysis/MethodsComparison/Feces_RA/preproc/SRR5091584/SRR5091584_unmatched_2.fastq,SRR5091584,f1d5e549,219901000,31,DNA,1000,219901,True,0.7638798194086852,0.8790366791144097,0.8214582492615474,0.8790366791144097,False,87,1539938,2622806
75000,0.00034106256906517025,0.015838509316770187,0.00023192254696431577,0.0004007158745252222,20.607843137254903,1.0,29.673437274129004,/net/nfs-ip34/jbod2/def-ilafores/ref_dbs/sourmash_db/RefSeq_20250528.k31.sbt.zip,GCF_044324945.1_ASM4432494v1_genomic,d941499676ba65c47aeee15f709cbc7a,0.023291925465838508,51000,196,114136000,/nfs3_ib/nfs-ip34/home/def-ilafores/analysis/MethodsComparison/Feces_RA/preproc/SRR5091584/SRR5091584_unmatched_2.fastq,SRR5091584,f1d5e549,219901000,31,DNA,1000,219901,True,0.7729580729118758,0.8857868041723054,0.8293724385420906,0.8857868041723054,False,1051,1540989,2622806
685000,0.0031150381307952215,0.01575299306868305,0.00022737504604344682,0.000534160742349987,28.02,28.5,25.639414969924726,/net/nfs-ip34/jbod2/def-ilafores/ref_dbs/sourmash_db/RefSeq_20250528.k31.sbt.zip,GCF_023347235.1_ASM2334723v1_genomic,463a8ff2f26f37a3c67c2a86a64398f8,0.21581600504095777,50000,197,114086000,/nfs3_ib/nfs-ip34/home/def-ilafores/analysis/MethodsComparison/Feces_RA/preproc/SRR5091584/SRR5091584_unmatched_2.fastq,SRR5091584,f1d5e549,219901000,31,DNA,1000,219901,True,0.8301259296057497,0.9517411067815202,0.890933518193635,0.9517411067815202,False,1401,1542390,2622806
249000,0.001132327729296365,0.00762660158633313,0.00022737504604344682,0.0002314315279132349,12.14,1.0,33.75145033920765,/net/nfs-ip34/jbod2/def-ilafores/ref_dbs/sourmash_db/RefSeq_20250528.k31.sbt.zip,GCF_025263845.1_ASM2526384v1_genomic,d20001d187626a256609db74af93bd0e,0.037980475899938984,50000,198,114036000,/nfs3_ib/nfs-ip34/home/def-ilafores/analysis/MethodsComparison/Feces_RA/preproc/SRR5091584/SRR5091584_unmatched_2.fastq,SRR5091584,f1d5e549,219901000,31,DNA,1000,219901,True,0.8034647784514465,0.899869159440464,0.8516669689459553,0.899869159440464,False,607,1542997,2622806
2529000,0.01150062982887754,0.009428625306430322,0.00022737504604344682,8.502344435692155e-05,4.46,3.0,3.8997948664000264,/net/nfs-ip34/jbod2/def-ilafores/ref_dbs/sourmash_db/RefSeq_20250528.k31.sbt.zip,GCF_039789235.1_ASM3978923v1_genomic,301d2f10c007fa74667aea2626355e94,0.4768998679992457,50000,199,113986000,/nfs3_ib/nfs-ip34/home/def-ilafores/analysis/MethodsComparison/Feces_RA/preproc/SRR5091584/SRR5091584_unmatched_2.fastq,SRR5091584,f1d5e549,219901000,31,DNA,1000,219901,True,0.865849943739838,0.9763975566060308,0.9211237501729344,0.9763975566060308,False,223,1543220,2622806
107000,0.0004865825985329762,0.026997840172786176,0.00022737504604344682,0.00015670240193136663,8.22,3.5,23.5093938671332,/net/nfs-ip34/jbod2/def-ilafores/ref_dbs/sourmash_db/RefSeq_20250528.k31.sbt.zip,GCF_018336475.1_ASM1833647v1_genomic,6b50ba3d0d7cdd9081c30e0358c806f6,0.05777537796976242,50000,200,113936000,/nfs3_ib/nfs-ip34/home/def-ilafores/analysis/MethodsComparison/Feces_RA/preproc/SRR5091584/SRR5091584_unmatched_2.fastq,SRR5091584,f1d5e549,219901000,31,DNA,1000,219901,True,0.7818691596929415,0.9121289063467629,0.8469990330198522,0.9121289063467629,False,411,1543631,2622806
