intersect_bp,f_orig_query,f_match,f_unique_to_query,f_unique_weighted,average_abund,median_abund,std_abund,filename,name,md5,f_match_orig,unique_intersect_bp,gather_result_rank,remaining_bp,query_filename,query_name,query_md5,query_bp,ksize,moltype,scaled,query_n_hashes,query_abundance,query_containment_ani,match_containment_ani,average_containment_ani,max_containment_ani,potential_false_negative,n_unique_weighted_found,sum_weighted_found,total_weighted_hashes
5343000,0.01403681149216324,0.7473772555602182,0.01403681149216324,0.012335656053901141,9.614823133071308,7.0,57.99001718901156,/net/nfs-ip34/jbod2/def-ilafores/ref_dbs/sourmash_db/RefSeq_20250528.k31.sbt.zip,GCF_918258265.1_BOVAC1_genomic,d7ca7470d77ebe0344d62e56d1ab47e0,0.7473772555602182,5343000,0,375299000,/nfs3_ib/nfs-ip34/home/def-ilafores/analysis/MethodsComparison/Feces_RA/preproc/SRR5091505/SRR5091505_unmatched_2.fastq,SRR5091505,e45298da,380642000,31,DNA,1000,380642,True,0.8714339323129449,0.9906509063201785,0.9310424193165616,0.9906509063201785,False,51372,51372,4164513
4463000,0.0117249278849943,0.8269909040282161,0.011703910761292763,0.05405674084820962,50.53198653198653,44.0,66.90725811046698,/net/nfs-ip34/jbod2/def-ilafores/ref_dbs/sourmash_db/RefSeq_20250528.k31.sbt.zip,GCF_013009875.1_ASM1300987v1_genomic,a704e6043e25807eabec9a43255d78f8,0.8284759606459996,4455000,1,370844000,/nfs3_ib/nfs-ip34/home/def-ilafores/analysis/MethodsComparison/Feces_RA/preproc/SRR5091505/SRR5091505_unmatched_2.fastq,SRR5091505,e45298da,380642000,31,DNA,1000,380642,True,0.8663896023388036,0.9939484667338659,0.9301690345363347,0.9939484667338659,False,225120,276492,4164513
4270000,0.011217889775694748,0.783737680060652,0.01086322581323133,0.02260552434342263,22.766868198307133,19.0,30.339821669653112,/net/nfs-ip34/jbod2/def-ilafores/ref_dbs/sourmash_db/RefSeq_20250528.k31.sbt.zip,GCF_018291785.1_ASM1829178v1_genomic,94290db9715a9c6fca358ac639119d83,0.809325246398787,4135000,2,366709000,/nfs3_ib/nfs-ip34/home/def-ilafores/analysis/MethodsComparison/Feces_RA/preproc/SRR5091505/SRR5091505_unmatched_2.fastq,SRR5091505,e45298da,380642000,31,DNA,1000,380642,True,0.8651549733278144,0.99319889716983,0.9291769352488222,0.99319889716983,False,94141,370633,4164513
4107000,0.010789665880275955,0.9138010087116002,0.010471781884290226,0.007957953306905274,8.314350225790266,7.0,9.194627447614321,/net/nfs-ip34/jbod2/def-ilafores/ref_dbs/sourmash_db/RefSeq_20250528.k31.sbt.zip,GCF_020735605.1_ASM2073560v1_genomic,bf79e48da9be9fcacdb5c95f57331d86,0.9415405777166438,3986000,3,362723000,/nfs3_ib/nfs-ip34/home/def-ilafores/analysis/MethodsComparison/Feces_RA/preproc/SRR5091505/SRR5091505_unmatched_2.fastq,SRR5091505,e45298da,380642000,31,DNA,1000,380642,True,0.8640694391158442,0.9980587308082319,0.9310640849620381,0.9980587308082319,False,33141,403774,4164513
4046000,0.010629410312051744,0.778876582278481,0.01034567914208101,0.00406025866649954,4.293803961401727,2.0,27.33194677625721,/net/nfs-ip34/jbod2/def-ilafores/ref_dbs/sourmash_db/RefSeq_20250528.k31.sbt.zip,GCF_012273055.1_ASM1227305v1_genomic,c1884ac4d25c83812a1bdd52c3c7dc1b,0.8002373417721519,3938000,4,358785000,/nfs3_ib/nfs-ip34/home/def-ilafores/analysis/MethodsComparison/Feces_RA/preproc/SRR5091505/SRR5091505_unmatched_2.fastq,SRR5091505,e45298da,380642000,31,DNA,1000,380642,True,0.8636524424063313,0.992837165995349,0.9282448042008402,0.992837165995349,False,16909,420683,4164513
4053000,0.010647800295290588,0.6917321361765806,0.009715165431034936,0.00603215790177627,6.7931314223904815,6.0,10.6309947366601,/net/nfs-ip34/jbod2/def-ilafores/ref_dbs/sourmash_db/RefSeq_20250528.k31.sbt.zip,GCF_018292205.1_ASM1829220v1_genomic,8ecf5298bc316c4919161fc4689e0594,0.7581369248035915,3698000,5,355087000,/nfs3_ib/nfs-ip34/home/def-ilafores/analysis/MethodsComparison/Feces_RA/preproc/SRR5091505/SRR5091505_unmatched_2.fastq,SRR5091505,e45298da,380642000,31,DNA,1000,380642,True,0.8637006023716046,0.9911077951467115,0.9274041987591581,0.9911077951467115,False,25121,445804,4164513
3593000,0.009439315682452277,0.6617564795823233,0.00932372150209383,0.011320891542420447,13.284305438151591,13.0,6.145831223175152,/net/nfs-ip34/jbod2/def-ilafores/ref_dbs/sourmash_db/RefSeq_20250528.k31.sbt.zip,GCF_030944245.1_ASM3094424v1_genomic,6becccb8a4a952caa753de225af3e504,0.6699608428118591,3549000,6,351538000,/nfs3_ib/nfs-ip34/home/def-ilafores/analysis/MethodsComparison/Feces_RA/preproc/SRR5091505/SRR5091505_unmatched_2.fastq,SRR5091505,e45298da,380642000,31,DNA,1000,380642,True,0.8603506682023017,0.9871625950284673,0.9237566316153845,0.9871625950284673,False,47146,492950,4164513
5221000,0.01371630035571482,0.4481630224602112,0.00791557421409093,0.0031540302551582864,4.359442416196482,2.0,48.14386051855441,/net/nfs-ip34/jbod2/def-ilafores/ref_dbs/sourmash_db/RefSeq_20250528.k31.sbt.zip,GCF_014334015.1_ASM1433401v1_genomic,32a90d9faa0865b9d4716569d60e47de,0.7765878328127324,3013000,7,348525000,/nfs3_ib/nfs-ip34/home/def-ilafores/analysis/MethodsComparison/Feces_RA/preproc/SRR5091505/SRR5091505_unmatched_2.fastq,SRR5091505,e45298da,380642000,31,DNA,1000,380642,True,0.8707848620278935,0.9918768650366947,0.9313308635322941,0.9918768650366947,False,13135,506085,4164513
2493000,0.006549461173491102,0.6083139684998708,0.006189542930102301,0.028231392242022056,49.902376910016976,50.0,20.19051394673971,/net/nfs-ip34/jbod2/def-ilafores/ref_dbs/sourmash_db/RefSeq_20250528.k31.sbt.zip,GCF_020091485.1_ASM2009148v1_genomic,0bb666bd34472dc3dae293249907c788,0.6436870642912471,2356000,8,346169000,/nfs3_ib/nfs-ip34/home/def-ilafores/analysis/MethodsComparison/Feces_RA/preproc/SRR5091505/SRR5091505_unmatched_2.fastq,SRR5091505,e45298da,380642000,31,DNA,1000,380642,True,0.8502664020740088,0.9858894488733766,0.9180779254736927,0.9858894488733766,False,117570,623655,4164513
2331000,0.0061238644185350015,0.796923076923077,0.0061238644185350015,0.014358701725748005,25.65293865293865,25.0,9.8736815338259,/net/nfs-ip34/jbod2/def-ilafores/ref_dbs/sourmash_db/RefSeq_20250528.k31.sbt.zip,GCF_042846815.1_ASM4284681v1_genomic,213ce8fc3a2dac29a907fd1c18a3126a,0.796923076923077,2331000,9,343838000,/nfs3_ib/nfs-ip34/home/def-ilafores/analysis/MethodsComparison/Feces_RA/preproc/SRR5091505/SRR5091505_unmatched_2.fastq,SRR5091505,e45298da,380642000,31,DNA,1000,380642,True,0.8484255291299198,0.9927042563336645,0.9205648927317922,0.9927042563336645,False,59797,683452,4164513
4048000,0.010634664592977128,0.434587638915968,0.00585589609134042,0.0052229396330375245,9.75818752803948,4.0,34.294090456406884,/net/nfs-ip34/jbod2/def-ilafores/ref_dbs/sourmash_db/RefSeq_20250528.k31.sbt.zip,GCF_036419465.1_ASM3641946v1_genomic,277623bb21bf8d096347cc62995689ef,0.7892376681614349,2229000,10,341609000,/nfs3_ib/nfs-ip34/home/def-ilafores/analysis/MethodsComparison/Feces_RA/preproc/SRR5091505/SRR5091505_unmatched_2.fastq,SRR5091505,e45298da,380642000,31,DNA,1000,380642,True,0.8636662106192501,0.9923939836949499,0.9280300971571,0.9923939836949499,False,21751,705203,4164513
2223000,0.005840133248564268,0.7556084296397009,0.005840133248564268,0.01068408238850497,20.015294646873595,7.0,48.01977718962711,/net/nfs-ip34/jbod2/def-ilafores/ref_dbs/sourmash_db/RefSeq_20250528.k31.sbt.zip,GCF_036815185.2_ASM3681518v1_genomic,c6ed66af62435c7dcd0b26067f44e3e0,0.7556084296397009,2223000,11,339386000,/nfs3_ib/nfs-ip34/home/def-ilafores/analysis/MethodsComparison/Feces_RA/preproc/SRR5091505/SRR5091505_unmatched_2.fastq,SRR5091505,e45298da,380642000,31,DNA,1000,380642,True,0.8471281648494544,0.9910009941019908,0.9190645794757226,0.9910009941019908,False,44494,749697,4164513
2099000,0.005514367831190462,0.610119918104709,0.005480215005175467,0.0048822035133519815,9.746883988494726,8.0,22.32306971258794,/net/nfs-ip34/jbod2/def-ilafores/ref_dbs/sourmash_db/RefSeq_20250528.k31.sbt.zip,GCF_025149785.1_ASM2514978v1_genomic,8c91537000df08516afde1ea4eac7752,0.6139221994735302,2086000,12,337300000,/nfs3_ib/nfs-ip34/home/def-ilafores/analysis/MethodsComparison/Feces_RA/preproc/SRR5091505/SRR5091505_unmatched_2.fastq,SRR5091505,e45298da,380642000,31,DNA,1000,380642,True,0.8455611555884547,0.9843849071870523,0.9149730313877535,0.9843849071870523,False,20332,770029,4164513
2027000,0.00532521371787664,0.5962343096234309,0.005241145223070497,0.0054416927021238735,11.359398496240601,10.0,9.275923810891365,/net/nfs-ip34/jbod2/def-ilafores/ref_dbs/sourmash_db/RefSeq_20250528.k31.sbt.zip,GCF_045061065.1_ASM4506106v1_genomic,af810c6e00a2b94057226e642af6e200,0.6057979677226539,1995000,13,335305000,/nfs3_ib/nfs-ip34/home/def-ilafores/analysis/MethodsComparison/Feces_RA/preproc/SRR5091505/SRR5091505_unmatched_2.fastq,SRR5091505,e45298da,380642000,31,DNA,1000,380642,True,0.8446096393269081,0.9839619772203135,0.9142858082736108,0.9839619772203135,False,22662,792691,4164513
1994000,0.0052385180826078044,0.42613390928725703,0.0051833481328912735,0.001558885756870011,3.2904206791687787,2.0,17.985106596171157,/net/nfs-ip34/jbod2/def-ilafores/ref_dbs/sourmash_db/RefSeq_20250528.k31.sbt.zip,GCF_023008285.1_ASM2300828v1_genomic,3191b17cd9816a6b0abb68f0b35dbdf7,0.4306695464362851,1973000,14,333332000,/nfs3_ib/nfs-ip34/home/def-ilafores/analysis/MethodsComparison/Feces_RA/preproc/SRR5091505/SRR5091505_unmatched_2.fastq,SRR5091505,e45298da,380642000,31,DNA,1000,380642,True,0.8441625451838366,0.9731912573660524,0.9086769012749445,0.9731912573660524,False,6492,799183,4164513
1867000,0.004904871243845923,0.798286937901499,0.0048969898224578475,0.1019912772513857,227.86695278969958,232.5,85.83006405104423,/net/nfs-ip34/jbod2/def-ilafores/ref_dbs/sourmash_db/RefSeq_20250528.k31.sbt.zip,GCF_009728915.1_ASM972891v1_genomic,dd9a7a25cf2d3a15ed15405a169aba38,0.7995717344753748,1864000,15,331468000,/nfs3_ib/nfs-ip34/home/def-ilafores/analysis/MethodsComparison/Feces_RA/preproc/SRR5091505/SRR5091505_unmatched_2.fastq,SRR5091505,e45298da,380642000,31,DNA,1000,380642,True,0.8423723758945145,0.9928105164108406,0.9175914461526775,0.9928105164108406,False,424744,1223927,4164513
1944000,0.005107161059473206,0.6145467322557976,0.00459486866924827,0.03245565567930752,77.2795883361921,86.0,47.041569401391286,/net/nfs-ip34/jbod2/def-ilafores/ref_dbs/sourmash_db/RefSeq_20250528.k31.sbt.zip,GCF_019968055.1_ASM1996805v1_genomic,68b64f4d4c3889600ebe30d1a4137e53,0.6830639494026705,1749000,16,329719000,/nfs3_ib/nfs-ip34/home/def-ilafores/analysis/MethodsComparison/Feces_RA/preproc/SRR5091505/SRR5091505_unmatched_2.fastq,SRR5091505,e45298da,380642000,31,DNA,1000,380642,True,0.843471296783852,0.9877795802665348,0.9156254385251934,0.9877795802665348,False,135162,1359089,4164513
1758000,0.004618512933412497,0.770058269834155,0.004513427314904819,0.013984348229913077,33.89871944121071,32.0,16.462155017989115,/net/nfs-ip34/jbod2/def-ilafores/ref_dbs/sourmash_db/RefSeq_20250528.k31.sbt.zip,GCF_000265095.1_ASM26509v1_genomic,9c693204c15867bda455e7cdeb456aec,0.787987449574182,1718000,17,328001000,/nfs3_ib/nfs-ip34/home/def-ilafores/analysis/MethodsComparison/Feces_RA/preproc/SRR5091505/SRR5091505_unmatched_2.fastq,SRR5091505,e45298da,380642000,31,DNA,1000,380642,True,0.8407393219360624,0.9923432339718138,0.9165412779539381,0.9923432339718138,False,58238,1417327,4164513
1777000,0.004668428602203645,0.6710007880220646,0.004474020207964439,0.03161522127557292,77.31180270111568,75.0,26.289028059995477,/net/nfs-ip34/jbod2/def-ilafores/ref_dbs/sourmash_db/RefSeq_20250528.k31.sbt.zip,GCF_020541925.1_ASM2054192v1_genomic,5dfb2de1c8a49d9f52117f79b9e8a991,0.7001576044129235,1703000,18,326298000,/nfs3_ib/nfs-ip34/home/def-ilafores/analysis/MethodsComparison/Feces_RA/preproc/SRR5091505/SRR5091505_unmatched_2.fastq,SRR5091505,e45298da,380642000,31,DNA,1000,380642,True,0.841030912407729,0.9885674724465358,0.9147991924271324,0.9885674724465358,False,131662,1548989,4164513
1780000,0.004676310023591721,0.004631618477540349,0.0042769846732625405,0.0010932850972010413,2.7966830466830466,1.0,21.427549233351392,/net/nfs-ip34/jbod2/def-ilafores/ref_dbs/sourmash_db/RefSeq_20250528.k31.sbt.zip,plasmid.7.1.genomic,7a8c695160f2da22a8aff644e0702b99,0.005064054600750504,1628000,19,324670000,/nfs3_ib/nfs-ip34/home/def-ilafores/analysis/MethodsComparison/Feces_RA/preproc/SRR5091505/SRR5091505_unmatched_2.fastq,SRR5091505,e45298da,380642000,31,DNA,1000,380642,True,0.8410766769969852,0.8432407010219158,0.8421586890094506,0.8432407010219158,False,4553,1553542,4164513
1886000,0.004954786912637071,0.5512907608695652,0.0042638489709490805,0.004010793098736875,10.29143561306223,3.0,25.488440482836268,/net/nfs-ip34/jbod2/def-ilafores/ref_dbs/sourmash_db/RefSeq_20250528.k31.sbt.zip,GCF_019967975.1_ASM1996797v1_genomic,2c2d74013e8cf3a4113eeeae8dce1511,0.640625,1623000,20,323047000,/nfs3_ib/nfs-ip34/home/def-ilafores/analysis/MethodsComparison/Feces_RA/preproc/SRR5091505/SRR5091505_unmatched_2.fastq,SRR5091505,e45298da,380642000,31,DNA,1000,380642,True,0.8426475592059769,0.9857378109999978,0.9141926851029873,0.9857378109999978,False,16703,1570245,4164513
1694000,0.004450375943800211,0.44018614837120174,0.004224441864008701,0.0009741835359860805,2.523009950248756,2.0,10.444807222030171,/net/nfs-ip34/jbod2/def-ilafores/ref_dbs/sourmash_db/RefSeq_20250528.k31.sbt.zip,GCF_025145845.1_ASM2514584v1_genomic,00191848f4049b7a1cb875559983f7c7,0.4637284423761292,1608000,21,321439000,/nfs3_ib/nfs-ip34/home/def-ilafores/analysis/MethodsComparison/Feces_RA/preproc/SRR5091505/SRR5091505_unmatched_2.fastq,SRR5091505,e45298da,380642000,31,DNA,1000,380642,True,0.8397341765654428,0.9755158137668751,0.907624995166159,0.9755158137668751,False,4057,1574302,4164513
1541000,0.004048423453008339,0.4093922651933702,0.0038934221657095118,0.0013478166594749494,3.7874493927125505,2.0,14.264515928764874,/net/nfs-ip34/jbod2/def-ilafores/ref_dbs/sourmash_db/RefSeq_20250528.k31.sbt.zip,GCF_005121165.3_ASM512116v3_genomic,74059216b7cd65a7ff314267c1b83b8e,0.4256906077348066,1482000,22,319957000,/nfs3_ib/nfs-ip34/home/def-ilafores/analysis/MethodsComparison/Feces_RA/preproc/SRR5091505/SRR5091505_unmatched_2.fastq,SRR5091505,e45298da,380642000,31,DNA,1000,380642,True,0.8371738904673072,0.9728262763537115,0.9050000834105094,0.9728262763537115,False,5613,1579915,4164513
1561000,0.004100966262262178,0.25735294117647056,0.0036779966477687694,0.00124984602041103,3.717857142857143,1.0,16.665866604946697,/net/nfs-ip34/jbod2/def-ilafores/ref_dbs/sourmash_db/RefSeq_20250528.k31.sbt.zip,GCF_031172035.1_ASM3117203v1_genomic,d37848e0abc0eaa6dbc2ce09b1d4cada,0.2869485294117647,1400000,23,318557000,/nfs3_ib/nfs-ip34/home/def-ilafores/analysis/MethodsComparison/Feces_RA/preproc/SRR5091505/SRR5091505_unmatched_2.fastq,SRR5091505,e45298da,380642000,31,DNA,1000,380642,True,0.8375222025396329,0.9605275072748203,0.8990248549072266,0.9605275072748203,False,5205,1585120,4164513
1496000,0.003930202132187199,0.4227617602427921,0.0036596066645299256,0.0046857819869934375,14.008614501076813,12.0,16.651917545771575,/net/nfs-ip34/jbod2/def-ilafores/ref_dbs/sourmash_db/RefSeq_20250528.k31.sbt.zip,GCF_000210035.1_ASM21003v1_genomic,9b031f8e8d6f8498e950d180778cd938,0.4540212443095599,1393000,24,317164000,/nfs3_ib/nfs-ip34/home/def-ilafores/analysis/MethodsComparison/Feces_RA/preproc/SRR5091505/SRR5091505_unmatched_2.fastq,SRR5091505,e45298da,380642000,31,DNA,1000,380642,True,0.8363739164082729,0.9748503256874258,0.9056121210478494,0.9748503256874258,False,19514,1604634,4164513
1368000,0.003593928152962626,0.5881326352530541,0.003541385343708787,0.0021128520909887904,6.527448071216617,6.0,4.246484356818472,/net/nfs-ip34/jbod2/def-ilafores/ref_dbs/sourmash_db/RefSeq_20250528.k31.sbt.zip,GCF_023921805.1_ASM2392180v1_genomic,0c9f72c07cb9e22587452a97c47fbca1,0.5968586387434555,1348000,25,315816000,/nfs3_ib/nfs-ip34/home/def-ilafores/analysis/MethodsComparison/Feces_RA/preproc/SRR5091505/SRR5091505_unmatched_2.fastq,SRR5091505,e45298da,380642000,31,DNA,1000,380642,True,0.833964184334414,0.9834902252036098,0.9087272047690119,0.9834902252036098,False,8799,1613433,4164513
1375000,0.00361231813620147,0.30015905476028176,0.0034704525512161033,0.0006617820619121611,2.0862982588947765,1.0,6.7144731651339224,/net/nfs-ip34/jbod2/def-ilafores/ref_dbs/sourmash_db/RefSeq_20250528.k31.sbt.zip,GCF_900683755.1_ASM90068375v1_genomic,8e291018769da4b390c897ca0d5c97dc,0.3124289934105885,1321000,26,314495000,/nfs3_ib/nfs-ip34/home/def-ilafores/analysis/MethodsComparison/Feces_RA/preproc/SRR5091505/SRR5091505_unmatched_2.fastq,SRR5091505,e45298da,380642000,31,DNA,1000,380642,True,0.8341015014362636,0.9631671361935799,0.8986343188149217,0.9631671361935799,False,2756,1616189,4164513
1318000,0.0034625711298280275,0.2198016294721927,0.003260281314200745,0.00045647594328556546,1.531829170024174,1.0,2.876030137806793,/net/nfs-ip34/jbod2/def-ilafores/ref_dbs/sourmash_db/RefSeq_20250528.k31.sbt.zip,GCF_020341675.1_ASM2034167v1_genomic,bd2850a06cddf8a9c679f450156df141,0.2334396032589444,1241000,27,313254000,/nfs3_ib/nfs-ip34/home/def-ilafores/analysis/MethodsComparison/Feces_RA/preproc/SRR5091505/SRR5091505_unmatched_2.fastq,SRR5091505,e45298da,380642000,31,DNA,1000,380642,True,0.8329631036600168,0.9541541277576946,0.8935586157088558,0.9541541277576946,False,1901,1618090,4164513
1216000,0.0031946028026334458,0.5971400394477318,0.0031814671003199857,0.002059784661495834,7.083402146985962,6.0,4.527608343332572,/net/nfs-ip34/jbod2/def-ilafores/ref_dbs/sourmash_db/RefSeq_20250528.k31.sbt.zip,GCF_013423865.1_ASM1342386v1_genomic,fa5abd7e574476504662305a9066fd83,0.5996055226824457,1211000,28,312043000,/nfs3_ib/nfs-ip34/home/def-ilafores/analysis/MethodsComparison/Feces_RA/preproc/SRR5091505/SRR5091505_unmatched_2.fastq,SRR5091505,e45298da,380642000,31,DNA,1000,380642,True,0.8308015886808676,0.9836359092153838,0.9072187489481257,0.9836359092153838,False,8578,1626668,4164513
3041000,0.007989134147046306,0.18549141965678628,0.003123670010140762,0.00138551614558533,4.852817493692179,1.0,21.88165360660905,/net/nfs-ip34/jbod2/def-ilafores/ref_dbs/sourmash_db/RefSeq_20250528.k31.sbt.zip,GCF_024758345.1_ASM2475834v1_genomic,183a75b530ce328e418f91cd67bce618,0.47441497659906395,1189000,29,310854000,/nfs3_ib/nfs-ip34/home/def-ilafores/analysis/MethodsComparison/Feces_RA/preproc/SRR5091505/SRR5091505_unmatched_2.fastq,SRR5091505,e45298da,380642000,31,DNA,1000,380642,True,0.8557338280394983,0.9762330275827057,0.915983427811102,0.9762330275827057,False,5770,1632438,4164513
1560000,0.004098339121799486,0.3648148148148148,0.0031052800269019184,0.0023044711350402795,8.119289340101522,3.0,20.32215540172305,/net/nfs-ip34/jbod2/def-ilafores/ref_dbs/sourmash_db/RefSeq_20250528.k31.sbt.zip,GCF_000209855.1_ASM20985v1_genomic,2b845165824bdb6c15dab3f5f2327265,0.48148148148148145,1182000,30,309672000,/nfs3_ib/nfs-ip34/home/def-ilafores/analysis/MethodsComparison/Feces_RA/preproc/SRR5091505/SRR5091505_unmatched_2.fastq,SRR5091505,e45298da,380642000,31,DNA,1000,380642,True,0.8375048897764618,0.9766987499460079,0.9071018198612348,0.9766987499460079,False,9597,1642035,4164513
1478000,0.003882913603858744,0.16559268694739998,0.002902990211274636,0.0018415118406401902,6.94027149321267,1.0,30.62823436304784,/net/nfs-ip34/jbod2/def-ilafores/ref_dbs/sourmash_db/RefSeq_20250528.k31.sbt.zip,GCF_024760065.1_ASM2476006v1_genomic,8926e6dbfdbe4c050b0786edbb8a4eb9,0.22148958489435036,1105000,31,308567000,/nfs3_ib/nfs-ip34/home/def-ilafores/analysis/MethodsComparison/Feces_RA/preproc/SRR5091505/SRR5091505_unmatched_2.fastq,SRR5091505,e45298da,380642000,31,DNA,1000,380642,True,0.8360473881017275,0.9525381198135175,0.8942927539576225,0.9525381198135175,False,7669,1649704,4164513
1157000,0.003039601515334619,0.367003367003367,0.0028635831043342564,0.0006869950940241993,2.6247706422018346,1.0,5.986033530181669,/net/nfs-ip34/jbod2/def-ilafores/ref_dbs/sourmash_db/RefSeq_20250528.k31.sbt.zip,GCF_001998765.1_ASM199876v1_genomic,c87f75fcf13611b56f2643edb90d05be,0.38956228956228955,1090000,32,307477000,/nfs3_ib/nfs-ip34/home/def-ilafores/analysis/MethodsComparison/Feces_RA/preproc/SRR5091505/SRR5091505_unmatched_2.fastq,SRR5091505,e45298da,380642000,31,DNA,1000,380642,True,0.8294697210535994,0.9700470595157088,0.8997583902846541,0.9700470595157088,False,2861,1652565,4164513
4053000,0.010647800295290588,0.20861678004535147,0.002658666148244282,0.005993017670973773,24.66205533596838,9.0,99.44627535876904,/net/nfs-ip34/jbod2/def-ilafores/ref_dbs/sourmash_db/RefSeq_20250528.k31.sbt.zip,GCF_006742345.1_ASM674234v1_genomic,aa13184474b5d866ab5daea20b7e99ed,0.8354978354978355,1012000,33,306465000,/nfs3_ib/nfs-ip34/home/def-ilafores/analysis/MethodsComparison/Feces_RA/preproc/SRR5091505/SRR5091505_unmatched_2.fastq,SRR5091505,e45298da,380642000,31,DNA,1000,380642,True,0.8637006023716046,0.9942191120222836,0.9289598571969442,0.9942191120222836,False,24958,1677523,4164513
1142000,0.0030001944083942393,0.2855511136493432,0.002627140462691978,0.0014914108804558901,6.211,1.0,28.218973741084206,/net/nfs-ip34/jbod2/def-ilafores/ref_dbs/sourmash_db/RefSeq_20250528.k31.sbt.zip,GCF_000225345.1_ASM22534v1_genomic,2c4be6d3f461c9f71df87a5d7ae22e2f,0.32609937178755,1000000,34,305465000,/nfs3_ib/nfs-ip34/home/def-ilafores/analysis/MethodsComparison/Feces_RA/preproc/SRR5091505/SRR5091505_unmatched_2.fastq,SRR5091505,e45298da,380642000,31,DNA,1000,380642,True,0.8291206322776474,0.964498622417989,0.8968096273478182,0.964498622417989,False,6211,1683734,4164513
1643000,0.004316391780202921,0.2231962238705327,0.0026087504794531343,0.0009693810536790256,4.065458207452165,1.0,19.454565170114268,/net/nfs-ip34/jbod2/def-ilafores/ref_dbs/sourmash_db/RefSeq_20250528.k31.sbt.zip,GCF_963360665.1_BFTSDC17_v2_genomic,f0ce3f7b0d131daf996251931d5e8c91,0.36929647111710495,993000,35,304472000,/nfs3_ib/nfs-ip34/home/def-ilafores/analysis/MethodsComparison/Feces_RA/preproc/SRR5091505/SRR5091505_unmatched_2.fastq,SRR5091505,e45298da,380642000,31,DNA,1000,380642,True,0.8389065321130365,0.9683767636362509,0.9036416478746436,0.9683767636362509,False,4037,1687771,4164513
1623000,0.0042638489709490805,0.19893245740094437,0.002545699108348527,0.0008654073117312877,3.719298245614035,1.0,13.930597883876974,/net/nfs-ip34/jbod2/def-ilafores/ref_dbs/sourmash_db/RefSeq_20250528.k31.sbt.zip,GCF_018289295.1_ASM1828929v1_genomic,efcaf620d43a1e990655112ba5460db1,0.333196468897557,969000,36,303503000,/nfs3_ib/nfs-ip34/home/def-ilafores/analysis/MethodsComparison/Feces_RA/preproc/SRR5091505/SRR5091505_unmatched_2.fastq,SRR5091505,e45298da,380642000,31,DNA,1000,380642,True,0.8385751604757202,0.9651687198032816,0.9018719401395009,0.9651687198032816,False,3604,1691375,4164513
1126000,0.0029581601609911675,0.2154498772047332,0.002535190546497759,0.001292107864713113,5.576165803108808,1.0,15.372462149988213,/net/nfs-ip34/jbod2/def-ilafores/ref_dbs/sourmash_db/RefSeq_20250528.k31.sbt.zip,GCF_025148125.1_ASM2514812v1_genomic,20e22b7a195404638366fe78b372a400,0.251395400759098,965000,37,302538000,/nfs3_ib/nfs-ip34/home/def-ilafores/analysis/MethodsComparison/Feces_RA/preproc/SRR5091505/SRR5091505_unmatched_2.fastq,SRR5091505,e45298da,380642000,31,DNA,1000,380642,True,0.8287433457206036,0.9564377035067722,0.8925905246136878,0.9564377035067722,False,5381,1696756,4164513
967000,0.002540444827423143,0.31665547347212897,0.0024773934563185355,0.00046872227316855535,2.0699893955461293,2.0,2.6681779541097725,/net/nfs-ip34/jbod2/def-ilafores/ref_dbs/sourmash_db/RefSeq_20250528.k31.sbt.zip,GCF_000723465.1_Rb803_genomic,a0c72778e7e9a92bec9989c7d509e086,0.3247145735392881,943000,38,301595000,/nfs3_ib/nfs-ip34/home/def-ilafores/analysis/MethodsComparison/Feces_RA/preproc/SRR5091505/SRR5091505_unmatched_2.fastq,SRR5091505,e45298da,380642000,31,DNA,1000,380642,True,0.8246837020951165,0.964366227774288,0.8945249649347022,0.964366227774288,False,1952,1698708,4164513
1109000,0.002913498773125404,0.24015110631408526,0.0023381550117958605,0.000948490255643337,4.438202247191011,1.0,17.85255154783441,/net/nfs-ip34/jbod2/def-ilafores/ref_dbs/sourmash_db/RefSeq_20250528.k31.sbt.zip,GCF_020735365.1_ASM2073536v1_genomic,cc558956f3e16df0c5e2090af905f606,0.29924446842957364,890000,39,300705000,/nfs3_ib/nfs-ip34/home/def-ilafores/analysis/MethodsComparison/Feces_RA/preproc/SRR5091505/SRR5091505_unmatched_2.fastq,SRR5091505,e45298da,380642000,31,DNA,1000,380642,True,0.8283367511565823,0.9618284459597273,0.8950825985581548,0.9618284459597273,False,3950,1702658,4164513
881000,0.002314510747631633,0.30892448512585813,0.0021279837747805023,0.0003921226803710302,2.0160493827160493,1.0,3.259703720162365,/net/nfs-ip34/jbod2/def-ilafores/ref_dbs/sourmash_db/RefSeq_20250528.k31.sbt.zip,GCF_025152405.1_ASM2515240v1_genomic,f688e4f928dd46c9b090e97a39a1952a,0.3360030511060259,810000,40,299895000,/nfs3_ib/nfs-ip34/home/def-ilafores/analysis/MethodsComparison/Feces_RA/preproc/SRR5091505/SRR5091505_unmatched_2.fastq,SRR5091505,e45298da,380642000,31,DNA,1000,380642,True,0.8222096220818539,0.965429908867975,0.8938197654749145,0.965429908867975,False,1633,1704291,4164513
801000,0.0021043395106162747,0.34427645788336936,0.0020938309487655068,0.0023448119864195407,12.252195734002509,12.0,6.1127331424738705,/net/nfs-ip34/jbod2/def-ilafores/ref_dbs/sourmash_db/RefSeq_20250528.k31.sbt.zip,GCF_003856815.1_ASM385681v1_genomic,ec56179731d98b9fa6dca12eb7eea848,0.34600431965442763,797000,41,299098000,/nfs3_ib/nfs-ip34/home/def-ilafores/analysis/MethodsComparison/Feces_RA/preproc/SRR5091505/SRR5091505_unmatched_2.fastq,SRR5091505,e45298da,380642000,31,DNA,1000,380642,True,0.8196886037704103,0.966343794139507,0.8930161989549587,0.966343794139507,False,9765,1714056,4164513
739000,0.001941456801929372,0.2598649129043726,0.0019204396782278362,0.00026413652688801785,1.5047879616963065,1.0,0.863243368770643,/net/nfs-ip34/jbod2/def-ilafores/ref_dbs/sourmash_db/RefSeq_20250528.k31.sbt.zip,GCF_025144665.1_ASM2514466v1_genomic,b69c557c70b05f221753839e76da2c17,0.26270885175968717,731000,42,298367000,/nfs3_ib/nfs-ip34/home/def-ilafores/analysis/MethodsComparison/Feces_RA/preproc/SRR5091505/SRR5091505_unmatched_2.fastq,SRR5091505,e45298da,380642000,31,DNA,1000,380642,True,0.8175611566578598,0.9577967909348131,0.8876789737963364,0.9577967909348131,False,1100,1715156,4164513
740000,0.001944083942392064,0.19510226049515608,0.0019046768354516843,0.00041973695363659567,2.4110344827586205,1.0,9.910462025079108,/net/nfs-ip34/jbod2/def-ilafores/ref_dbs/sourmash_db/RefSeq_20250528.k31.sbt.zip,GCF_015074785.1_ASM1507478v1_genomic,988b2ef58a54374a65546dbc194ca3be,0.1991388589881593,725000,43,297642000,/nfs3_ib/nfs-ip34/home/def-ilafores/analysis/MethodsComparison/Feces_RA/preproc/SRR5091505/SRR5091505_unmatched_2.fastq,SRR5091505,e45298da,380642000,31,DNA,1000,380642,True,0.8175968206467411,0.9492751879860327,0.8834360043163869,0.9492751879860327,False,1748,1716904,4164513
768000,0.0020176438753474395,0.15236237537928046,0.0018468797452724608,0.00024060436358344902,1.4253200568990043,1.0,1.6115820588963097,/net/nfs-ip34/jbod2/def-ilafores/ref_dbs/sourmash_db/RefSeq_20250528.k31.sbt.zip,GCF_032878895.1_ASM3287889v1_genomic,c900494a9310f6feff2b1d01e0c2af2d,0.16644993498049415,703000,44,296939000,/nfs3_ib/nfs-ip34/home/def-ilafores/analysis/MethodsComparison/Feces_RA/preproc/SRR5091505/SRR5091505_unmatched_2.fastq,SRR5091505,e45298da,380642000,31,DNA,1000,380642,True,0.818576929429646,0.9438003131224261,0.881188621276036,0.9438003131224261,False,1002,1717906,4164513
792000,0.0020806952464520467,0.22980935875216638,0.0017417941267647817,0.00029151067603823064,1.8310708898944192,1.0,2.7830232862603816,/net/nfs-ip34/jbod2/def-ilafores/ref_dbs/sourmash_db/RefSeq_20250528.k31.sbt.zip,GCF_006542685.1_Adis_1.0_genomic,68f0797ae6b584c9128db7eba1ec6c3c,0.27452339688041594,663000,45,296276000,/nfs3_ib/nfs-ip34/home/def-ilafores/analysis/MethodsComparison/Feces_RA/preproc/SRR5091505/SRR5091505_unmatched_2.fastq,SRR5091505,e45298da,380642000,31,DNA,1000,380642,True,0.819389880259269,0.9591569033759582,0.8892733918176136,0.9591569033759582,False,1214,1719120,4164513
737000,0.001936202521003988,0.1998152709359606,0.0017050141602870938,0.0003280095415718477,2.1047765793528503,1.0,4.620059964092344,/net/nfs-ip34/jbod2/def-ilafores/ref_dbs/sourmash_db/RefSeq_20250528.k31.sbt.zip,GCF_018140635.1_ASM1814063v1_genomic,03d45a9b9bd5d52d6fdc9c5ba2260f24,0.2269088669950739,649000,46,295627000,/nfs3_ib/nfs-ip34/home/def-ilafores/analysis/MethodsComparison/Feces_RA/preproc/SRR5091505/SRR5091505_unmatched_2.fastq,SRR5091505,e45298da,380642000,31,DNA,1000,380642,True,0.8174896883544829,0.9532811711230834,0.8853854297387831,0.9532811711230834,False,1366,1720486,4164513
3828000,0.010056693691184893,0.13740293356341673,0.0016734884747347902,0.0012296755947213997,8.039246467817897,5.0,8.216843255774085,/net/nfs-ip34/jbod2/def-ilafores/ref_dbs/sourmash_db/RefSeq_20250528.k31.sbt.zip,GCF_024760085.1_ASM2476008v1_genomic,d22a231abb372af890fb48167198d8a7,0.825711820534944,637000,47,294990000,/nfs3_ib/nfs-ip34/home/def-ilafores/analysis/MethodsComparison/Feces_RA/preproc/SRR5091505/SRR5091505_unmatched_2.fastq,SRR5091505,e45298da,380642000,31,DNA,1000,380642,True,0.862110772187433,0.9938413186499522,0.9279760454186926,0.9938413186499522,False,5121,1725607,4164513
811000,0.0021306109152431944,0.16514240919780507,0.0016603527724213304,0.0003491404637228891,2.300632911392405,1.0,6.333915109320727,/net/nfs-ip34/jbod2/def-ilafores/ref_dbs/sourmash_db/RefSeq_20250528.k31.sbt.zip,GCF_020736365.1_ASM2073636v1_genomic,31dce30d78c030ed012824aeb71a6951,0.21191533838515808,632000,48,294358000,/nfs3_ib/nfs-ip34/home/def-ilafores/analysis/MethodsComparison/Feces_RA/preproc/SRR5091505/SRR5091505_unmatched_2.fastq,SRR5091505,e45298da,380642000,31,DNA,1000,380642,True,0.8200167327924232,0.9511812986855102,0.8855990157389666,0.9511812986855102,False,1454,1727061,4164513
716000,0.0018810325712874565,0.20215352552969781,0.0015289957492867314,0.0004773667413212541,3.415807560137457,1.0,7.618409446346168,/net/nfs-ip34/jbod2/def-ilafores/ref_dbs/sourmash_db/RefSeq_20250528.k31.sbt.zip,GCF_024168045.1_ASM2416804v1_genomic,1689b6c3fb62fec0dd444e73a686577b,0.2486974643973602,582000,49,293776000,/nfs3_ib/nfs-ip34/home/def-ilafores/analysis/MethodsComparison/Feces_RA/preproc/SRR5091505/SRR5091505_unmatched_2.fastq,SRR5091505,e45298da,380642000,31,DNA,1000,380642,True,0.8167277286023858,0.9561048641545088,0.8864162963784473,0.9561048641545088,False,1988,1729049,4164513
4424000,0.011622469406949313,0.08431287186184878,0.0015263686088240393,0.0007182112290200559,5.148020654044751,2.0,8.847461417539915,/net/nfs-ip34/jbod2/def-ilafores/ref_dbs/sourmash_db/RefSeq_20250528.k31.sbt.zip,GCF_020091525.1_ASM2009152v1_genomic,8f3ea558ca4f6e771ca0f137efec6697,0.6419968074299811,581000,50,293195000,/nfs3_ib/nfs-ip34/home/def-ilafores/analysis/MethodsComparison/Feces_RA/preproc/SRR5091505/SRR5091505_unmatched_2.fastq,SRR5091505,e45298da,380642000,31,DNA,1000,380642,True,0.8661443392069786,0.9858058314338829,0.9259750853204307,0.9858058314338829,False,2991,1732040,4164513
769000,0.002020271015810131,0.1773842808325567,0.0015000972041971196,0.0003553836907220604,2.591943957968476,1.0,12.828787881079604,/net/nfs-ip34/jbod2/def-ilafores/ref_dbs/sourmash_db/RefSeq_20250528.k31.sbt.zip,GCF_006542725.1_Aond_3.0_genomic,7fbb97287421b4f5df527beb1443bd37,0.23889406648027336,571000,51,292624000,/nfs3_ib/nfs-ip34/home/def-ilafores/analysis/MethodsComparison/Feces_RA/preproc/SRR5091505/SRR5091505_unmatched_2.fastq,SRR5091505,e45298da,380642000,31,DNA,1000,380642,True,0.8186112902173224,0.9548652938664975,0.88673829204191,0.9548652938664975,False,1480,1733520,4164513
3029000,0.007957608461494002,0.10438645197112716,0.0014817072209582758,0.0002946322895378163,2.175531914893617,1.0,5.049335034589667,/net/nfs-ip34/jbod2/def-ilafores/ref_dbs/sourmash_db/RefSeq_20250528.k31.sbt.zip,GCF_002257605.1_ASM225760v1_genomic,f7997817cc52d394fc177270fcbc526c,0.560614473440681,564000,52,292060000,/nfs3_ib/nfs-ip34/home/def-ilafores/analysis/MethodsComparison/Feces_RA/preproc/SRR5091505/SRR5091505_unmatched_2.fastq,SRR5091505,e45298da,380642000,31,DNA,1000,380642,True,0.8556246909349984,0.981504730221389,0.9185647105781937,0.981504730221389,False,1227,1734747,4164513
859000,0.0022567136574524094,0.17662337662337663,0.0014291644117044363,0.00032728916922578944,2.505514705882353,1.0,6.4019734227553675,/net/nfs-ip34/jbod2/def-ilafores/ref_dbs/sourmash_db/RefSeq_20250528.k31.sbt.zip,GCF_025150245.1_ASM2515024v1_genomic,1a61bc75384814965146b3c8fd1a27a5,0.2788961038961039,544000,53,291516000,/nfs3_ib/nfs-ip34/home/def-ilafores/analysis/MethodsComparison/Feces_RA/preproc/SRR5091505/SRR5091505_unmatched_2.fastq,SRR5091505,e45298da,380642000,31,DNA,1000,380642,True,0.8215391660468682,0.9596459762967297,0.8905925711717989,0.9596459762967297,False,1363,1736110,4164513
582000,0.0015289957492867314,0.16801242236024844,0.0014212829903163602,0.00024036423946809628,1.8502772643253236,1.0,3.557001493867536,/net/nfs-ip34/jbod2/def-ilafores/ref_dbs/sourmash_db/RefSeq_20250528.k31.sbt.zip,GCF_044324945.1_ASM4432494v1_genomic,d941499676ba65c47aeee15f709cbc7a,0.18074534161490682,541000,54,290975000,/nfs3_ib/nfs-ip34/home/def-ilafores/analysis/MethodsComparison/Feces_RA/preproc/SRR5091505/SRR5091505_unmatched_2.fastq,SRR5091505,e45298da,380642000,31,DNA,1000,380642,True,0.8112867742144557,0.9463121648776186,0.8787994695460372,0.9463121648776186,False,1001,1737111,4164513
597000,0.0015684028562271111,0.18275862068965518,0.0013923844452267485,0.00026845876096436727,2.109433962264151,1.0,5.9223995694932094,/net/nfs-ip34/jbod2/def-ilafores/ref_dbs/sourmash_db/RefSeq_20250528.k31.sbt.zip,GCF_000210595.1_ASM21059v1_genomic,eba4ca0d68fa97c7e6ee4e9207591ef2,0.20586206896551723,530000,55,290445000,/nfs3_ib/nfs-ip34/home/def-ilafores/analysis/MethodsComparison/Feces_RA/preproc/SRR5091505/SRR5091505_unmatched_2.fastq,SRR5091505,e45298da,380642000,31,DNA,1000,380642,True,0.8119530006260508,0.9502924986412526,0.8811227496336518,0.9502924986412526,False,1118,1738229,4164513
1861000,0.004889108401069772,0.1697050049718263,0.001345095916898293,0.006818804503671858,55.462890625,60.0,53.17129040087599,/net/nfs-ip34/jbod2/def-ilafores/ref_dbs/sourmash_db/RefSeq_20250528.k31.sbt.zip,GCF_023347335.1_ASM2334733v1_genomic,d566eb779c3a1233616a97a7ab79e713,0.6168379184620484,512000,56,289933000,/nfs3_ib/nfs-ip34/home/def-ilafores/analysis/MethodsComparison/Feces_RA/preproc/SRR5091505/SRR5091505_unmatched_2.fastq,SRR5091505,e45298da,380642000,31,DNA,1000,380642,True,0.8422849126482029,0.9845353735767699,0.9134101431124864,0.9845353735767699,False,28397,1766626,4164513
619000,0.0016261999464063346,0.17416897506925208,0.0013214516527340651,0.0003532225736838857,2.9244532803180916,1.0,13.927041449928124,/net/nfs-ip34/jbod2/def-ilafores/ref_dbs/sourmash_db/RefSeq_20250528.k31.sbt.zip,GCF_025150745.1_ASM2515074v1_genomic,f264b62f2a1798cf106db911e66dcf25,0.21433518005540167,503000,57,289430000,/nfs3_ib/nfs-ip34/home/def-ilafores/analysis/MethodsComparison/Feces_RA/preproc/SRR5091505/SRR5091505_unmatched_2.fastq,SRR5091505,e45298da,380642000,31,DNA,1000,380642,True,0.8129013955137343,0.9515297465739858,0.8822155710438601,0.9515297465739858,False,1471,1768097,4164513
481000,0.0012636545625548416,0.223155929038282,0.0012557731411667655,0.00017697147301497197,1.5418410041841004,1.0,0.9268915748116023,/net/nfs-ip34/jbod2/def-ilafores/ref_dbs/sourmash_db/RefSeq_20250528.k31.sbt.zip,GCF_000253315.1_ASM25331v1_genomic,364d189a4dfc57262be49a5a0dd695cd,0.22455648926237162,478000,58,288952000,/nfs3_ib/nfs-ip34/home/def-ilafores/analysis/MethodsComparison/Feces_RA/preproc/SRR5091505/SRR5091505_unmatched_2.fastq,SRR5091505,e45298da,380642000,31,DNA,1000,380642,True,0.8063138894512384,0.9529607634694678,0.8796373264603531,0.9529607634694678,False,737,1768834,4164513
3389000,0.008903379028063114,0.08756182450998351,0.0012557731411667655,0.001399683468391142,12.194560669456067,12.0,6.067766861166112,/net/nfs-ip34/jbod2/def-ilafores/ref_dbs/sourmash_db/RefSeq_20250528.k31.sbt.zip,GCF_000710375.2_ASM71037v3_genomic,75e7859a4f9bdde246606cdd417e2318,0.6208096721011174,478000,59,288474000,/nfs3_ib/nfs-ip34/home/def-ilafores/analysis/MethodsComparison/Feces_RA/preproc/SRR5091505/SRR5091505_unmatched_2.fastq,SRR5091505,e45298da,380642000,31,DNA,1000,380642,True,0.8587299467758459,0.9847392332753591,0.9217345900256024,0.9847392332753591,False,5829,1774663,4164513
468000,0.0012295017365398459,0.15699429721569944,0.0012295017365398459,0.00014791645505729002,1.3162393162393162,1.0,0.6425054145180432,/net/nfs-ip34/jbod2/def-ilafores/ref_dbs/sourmash_db/RefSeq_20250528.k31.sbt.zip,GCF_951793255.1_DSM32187_genomic,a5ad7c2533187a7fdaf238ebeb236ee8,0.15699429721569944,468000,60,288006000,/nfs3_ib/nfs-ip34/home/def-ilafores/analysis/MethodsComparison/Feces_RA/preproc/SRR5091505/SRR5091505_unmatched_2.fastq,SRR5091505,e45298da,380642000,31,DNA,1000,380642,True,0.805601553536064,0.9420214030549859,0.873811478295525,0.9420214030549859,False,616,1775279,4164513
746000,0.001959846785168216,0.12041467304625199,0.0011900946295994661,0.0004122931060606606,3.7902869757174393,1.0,9.434224163589663,/net/nfs-ip34/jbod2/def-ilafores/ref_dbs/sourmash_db/RefSeq_20250528.k31.sbt.zip,GCF_042850355.1_ASM4285035v1_genomic,9019208c507d0a756fcff8594e0aec73,0.19829877724614567,453000,61,287553000,/nfs3_ib/nfs-ip34/home/def-ilafores/analysis/MethodsComparison/Feces_RA/preproc/SRR5091505/SRR5091505_unmatched_2.fastq,SRR5091505,e45298da,380642000,31,DNA,1000,380642,True,0.8178098300934745,0.9491457433613149,0.8834777867273946,0.9491457433613149,False,1717,1776996,4164513
2575000,0.006764886691431844,0.09917539558725207,0.0011690775058979302,0.0054416927021238735,50.92584269662921,49.0,25.439531866629018,/net/nfs-ip34/jbod2/def-ilafores/ref_dbs/sourmash_db/RefSeq_20250528.k31.sbt.zip,GCF_042850115.1_ASM4285011v1_genomic,0a531f0dc11d01b0c4c52863f5abf5c2,0.5738800980610653,445000,62,287108000,/nfs3_ib/nfs-ip34/home/def-ilafores/analysis/MethodsComparison/Feces_RA/preproc/SRR5091505/SRR5091505_unmatched_2.fastq,SRR5091505,e45298da,380642000,31,DNA,1000,380642,True,0.851154508845481,0.9822454767166068,0.916699992781044,0.9822454767166068,False,22662,1799658,4164513
670000,0.0017601841100036255,0.11231975714647104,0.0011664503654352384,0.0003419367402623068,3.2072072072072073,1.0,9.613351373623084,/net/nfs-ip34/jbod2/def-ilafores/ref_dbs/sourmash_db/RefSeq_20250528.k31.sbt.zip,GCF_036419255.1_ASM3641925v1_genomic,cc90865ac4b45b3dd14605490161db88,0.1694915254237288,444000,63,286664000,/nfs3_ib/nfs-ip34/home/def-ilafores/analysis/MethodsComparison/Feces_RA/preproc/SRR5091505/SRR5091505_unmatched_2.fastq,SRR5091505,e45298da,380642000,31,DNA,1000,380642,True,0.8149801581603884,0.9443517861372694,0.8796659721488289,0.9443517861372694,False,1424,1801082,4164513
491000,0.0012899259671817613,0.16446623915503583,0.0011454332417337025,0.0003911621839096192,3.7362385321100917,1.0,23.599519287943167,/net/nfs-ip34/jbod2/def-ilafores/ref_dbs/sourmash_db/RefSeq_20250528.k31.sbt.zip,GCF_033096525.1_ASM3309652v1_genomic,435d8e70fb203ed034f71349b4691d0d,0.18521312712184082,436000,64,286228000,/nfs3_ib/nfs-ip34/home/def-ilafores/analysis/MethodsComparison/Feces_RA/preproc/SRR5091505/SRR5091505_unmatched_2.fastq,SRR5091505,e45298da,380642000,31,DNA,1000,380642,True,0.806849273767683,0.9470578506727552,0.8769535622202191,0.9470578506727552,False,1629,1802711,4164513
2129000,0.005593182045071221,0.14539856312008212,0.0011165346966440907,0.0011417901685022954,11.188235294117646,6.0,20.348316373566494,/net/nfs-ip34/jbod2/def-ilafores/ref_dbs/sourmash_db/RefSeq_20250528.k31.sbt.zip,GCF_019967955.1_ASM1996795v1_genomic,815b92b0272af68e89d6f30eed8923eb,0.7283612726650701,425000,65,285803000,/nfs3_ib/nfs-ip34/home/def-ilafores/analysis/MethodsComparison/Feces_RA/preproc/SRR5091505/SRR5091505_unmatched_2.fastq,SRR5091505,e45298da,380642000,31,DNA,1000,380642,True,0.845948329691364,0.989827637203943,0.9178879834476534,0.989827637203943,False,4755,1807466,4164513
1037000,0.0027243446598115813,0.060184528034066716,0.0011139075561813988,0.00013422938048218363,1.3183962264150944,1.0,2.1401466343663307,/net/nfs-ip34/jbod2/def-ilafores/ref_dbs/sourmash_db/RefSeq_20250528.k31.sbt.zip,GCF_018292125.1_ASM1829212v1_genomic,db815f18771b0ea0ac3270b94c8884ba,0.14719659332860185,424000,66,285379000,/nfs3_ib/nfs-ip34/home/def-ilafores/analysis/MethodsComparison/Feces_RA/preproc/SRR5091505/SRR5091505_unmatched_2.fastq,SRR5091505,e45298da,380642000,31,DNA,1000,380642,True,0.8265450279267492,0.9400652352057233,0.8833051315662362,0.9400652352057233,False,559,1808025,4164513
493000,0.0012951802481071452,0.06289209535759097,0.0010534833255394832,0.00017120849424650614,1.7780548628428927,1.0,3.5365025211044454,/net/nfs-ip34/jbod2/def-ilafores/ref_dbs/sourmash_db/RefSeq_20250528.k31.sbt.zip,GCF_016889665.1_ASM1688966v1_genomic,93f73424a62c9a7810069426678c2739,0.07732120451693852,401000,67,284978000,/nfs3_ib/nfs-ip34/home/def-ilafores/analysis/MethodsComparison/Feces_RA/preproc/SRR5091505/SRR5091505_unmatched_2.fastq,SRR5091505,e45298da,380642000,31,DNA,1000,380642,True,0.806955083273126,0.9207435068623658,0.8638492950677459,0.9207435068623658,False,713,1808738,4164513
587000,0.0015421314516001912,0.11092577147623019,0.0010482290446140994,0.0002053061186265957,2.142857142857143,1.0,5.904600207988964,/net/nfs-ip34/jbod2/def-ilafores/ref_dbs/sourmash_db/RefSeq_20250528.k31.sbt.zip,GCF_000265365.1_ASM26536v1_genomic,79a393fb99d8977a1fe96a36cabdd09c,0.16319154851264944,399000,68,284579000,/nfs3_ib/nfs-ip34/home/def-ilafores/analysis/MethodsComparison/Feces_RA/preproc/SRR5091505/SRR5091505_unmatched_2.fastq,SRR5091505,e45298da,380642000,31,DNA,1000,380642,True,0.8115106776524024,0.9431986064583454,0.877354642055374,0.9431986064583454,False,855,1809593,4164513
1620000,0.004255967549561005,0.11818738518064911,0.0010140762185991037,0.001019566993787749,11.0,2.0,39.356481581653696,/net/nfs-ip34/jbod2/def-ilafores/ref_dbs/sourmash_db/RefSeq_20250528.k31.sbt.zip,GCF_000210735.1_ASM21073v1_genomic,112a151e28f067050905850dc0b386c2,0.4960195958358849,386000,69,284193000,/nfs3_ib/nfs-ip34/home/def-ilafores/analysis/MethodsComparison/Feces_RA/preproc/SRR5091505/SRR5091505_unmatched_2.fastq,SRR5091505,e45298da,380642000,31,DNA,1000,380642,True,0.8385251141997937,0.9776364418924814,0.9080807780461375,0.9776364418924814,False,4246,1813839,4164513
390000,0.0010245847804498714,0.05978878960194964,0.000966787690270648,0.0002334006401228667,2.641304347826087,1.0,11.305377252458932,/net/nfs-ip34/jbod2/def-ilafores/ref_dbs/sourmash_db/RefSeq_20250528.k31.sbt.zip,GCF_025149125.1_ASM2514912v1_genomic,ee57b146d808065c374f21482d0a5cda,0.06336311941510966,368000,70,283825000,/nfs3_ib/nfs-ip34/home/def-ilafores/analysis/MethodsComparison/Feces_RA/preproc/SRR5091505/SRR5091505_unmatched_2.fastq,SRR5091505,e45298da,380642000,31,DNA,1000,380642,True,0.8008774421300401,0.9148493126593928,0.8578633773947164,0.9148493126593928,False,972,1814811,4164513
562000,0.0014764529400328919,0.09667418263810598,0.0009011091787033485,0.00024132473592950723,2.9300291545189503,1.0,10.30105441964969,/net/nfs-ip34/jbod2/def-ilafores/ref_dbs/sourmash_db/RefSeq_20250528.k31.sbt.zip,GCF_036419155.1_ASM3641915v1_genomic,adc420f297b3ff1fa16ce829a637366f,0.15839909808342728,343000,71,283482000,/nfs3_ib/nfs-ip34/home/def-ilafores/analysis/MethodsComparison/Feces_RA/preproc/SRR5091505/SRR5091505_unmatched_2.fastq,SRR5091505,e45298da,380642000,31,DNA,1000,380642,True,0.8103721430451868,0.9422921456070923,0.8763321443261396,0.9422921456070923,False,1005,1815816,4164513
1492000,0.003919693570336432,0.10918600849950964,0.0008774649145391208,0.0005974287989976259,7.449101796407185,3.0,16.90291357184265,/net/nfs-ip34/jbod2/def-ilafores/ref_dbs/sourmash_db/RefSeq_20250528.k31.sbt.zip,GCF_040059215.1_ASM4005921v1_genomic,32b4f8c9ded2e30d47a15c3a2652e364,0.487741091860085,334000,72,283148000,/nfs3_ib/nfs-ip34/home/def-ilafores/analysis/MethodsComparison/Feces_RA/preproc/SRR5091505/SRR5091505_unmatched_2.fastq,SRR5091505,e45298da,380642000,31,DNA,1000,380642,True,0.8363016844007174,0.9771058013309831,0.9067037428658502,0.9771058013309831,False,2488,1818304,4164513
3979000,0.010453391901051382,0.06337892506260837,0.0008643292122256608,0.0007717589067437176,9.768996960486323,9.0,6.929616578426466,/net/nfs-ip34/jbod2/def-ilafores/ref_dbs/sourmash_db/RefSeq_20250528.k31.sbt.zip,GCF_018289175.1_ASM1828917v1_genomic,c011021d83e072fd7dafbdfb08120209,0.7665189751492969,329000,73,282819000,/nfs3_ib/nfs-ip34/home/def-ilafores/analysis/MethodsComparison/Feces_RA/preproc/SRR5091505/SRR5091505_unmatched_2.fastq,SRR5091505,e45298da,380642000,31,DNA,1000,380642,True,0.863187359691921,0.9914593952695945,0.9273233774807577,0.9914593952695945,False,3214,1821518,4164513
335000,0.0008800920550018127,0.14042738770170082,0.000845939228986817,0.005972847245284143,77.24844720496894,67.5,72.3475506679455,/net/nfs-ip34/jbod2/def-ilafores/ref_dbs/sourmash_db/RefSeq_20250528.k31.sbt.zip,GCF_042855275.1_ASM4285527v1_genomic,5d0c05f3ac894d7a75efeb16cb6f9e73,0.14609681639773223,322000,74,282497000,/nfs3_ib/nfs-ip34/home/def-ilafores/analysis/MethodsComparison/Feces_RA/preproc/SRR5091505/SRR5091505_unmatched_2.fastq,SRR5091505,e45298da,380642000,31,DNA,1000,380642,True,0.7969597540058816,0.9398378416779722,0.868398797841927,0.9398378416779722,False,24874,1846392,4164513
311000,0.0008170406838972052,0.0572695363014964,0.0008144135434345133,8.740517798839864e-05,1.1741935483870967,1.0,0.4196524998180494,/net/nfs-ip34/jbod2/def-ilafores/ref_dbs/sourmash_db/RefSeq_20250528.k31.sbt.zip,GCF_022749555.1_ASM2274955v1_genomic,d64989e12f75ad8f203e8c1c08637a60,0.057454276741178645,310000,75,282187000,/nfs3_ib/nfs-ip34/home/def-ilafores/analysis/MethodsComparison/Feces_RA/preproc/SRR5091505/SRR5091505_unmatched_2.fastq,SRR5091505,e45298da,380642000,31,DNA,1000,380642,True,0.795050943860412,0.9119649363782587,0.8535079401193353,0.9119649363782587,False,364,1846756,4164513
3736000,0.00981499676861723,0.06827220503756076,0.0008117864029718213,0.00040316838967725636,5.433656957928803,5.0,3.351032284385705,/net/nfs-ip34/jbod2/def-ilafores/ref_dbs/sourmash_db/RefSeq_20250528.k31.sbt.zip,GCF_016726305.1_ASM1672630v1_genomic,47030cb09435e5a03e1ce6a49f0753a5,0.82545293857711,309000,76,281878000,/nfs3_ib/nfs-ip34/home/def-ilafores/analysis/MethodsComparison/Feces_RA/preproc/SRR5091505/SRR5091505_unmatched_2.fastq,SRR5091505,e45298da,380642000,31,DNA,1000,380642,True,0.8614345043943468,0.9938312656766127,0.9276328850354798,0.9938312656766127,False,1679,1848435,4164513
3118000,0.008191423962673588,0.04906802612713079,0.0008091592625091293,0.0003378546303013101,4.568181818181818,2.0,12.074924132188617,/net/nfs-ip34/jbod2/def-ilafores/ref_dbs/sourmash_db/RefSeq_20250528.k31.sbt.zip,GCF_006546965.1_ASM654696v1_genomic,d3b5011d40cba3b27ab151b054210724,0.4967341086506293,308000,77,281570000,/nfs3_ib/nfs-ip34/home/def-ilafores/analysis/MethodsComparison/Feces_RA/preproc/SRR5091505/SRR5091505_unmatched_2.fastq,SRR5091505,e45298da,380642000,31,DNA,1000,380642,True,0.8564243624416078,0.9776818385991202,0.9170531005203639,0.9776818385991202,False,1407,1849842,4164513
3823000,0.010043557988871432,0.05992582471208276,0.0008065321220464373,0.0011098536611603806,15.055374592833877,5.0,25.475034635511825,/net/nfs-ip34/jbod2/def-ilafores/ref_dbs/sourmash_db/RefSeq_20250528.k31.sbt.zip,GCF_020091465.1_ASM2009146v1_genomic,cfcaa7d93ee12c43b81dc72fd8321792,0.7462424360726138,307000,78,281263000,/nfs3_ib/nfs-ip34/home/def-ilafores/analysis/MethodsComparison/Feces_RA/preproc/SRR5091505/SRR5091505_unmatched_2.fastq,SRR5091505,e45298da,380642000,31,DNA,1000,380642,True,0.8620744247261669,0.9906023478342341,0.9263383862802005,0.9906023478342341,False,4622,1854464,4164513
1802000,0.0047341071137709445,0.12584175084175084,0.0007855149983449015,0.0128485611642946,178.95652173913044,202.0,88.04712243170535,/net/nfs-ip34/jbod2/def-ilafores/ref_dbs/sourmash_db/RefSeq_20250528.k31.sbt.zip,GCF_020353915.1_ASM2035391v1_genomic,8d51fcad0509df3b5fdb0a8b3c568e4c,0.7584175084175084,299000,79,280964000,/nfs3_ib/nfs-ip34/home/def-ilafores/analysis/MethodsComparison/Feces_RA/preproc/SRR5091505/SRR5091505_unmatched_2.fastq,SRR5091505,e45298da,380642000,31,DNA,1000,380642,True,0.8414100208876035,0.9911196254558231,0.9162648231717133,0.9911196254558231,False,53508,1907972,4164513
1413000,0.0037121494737837653,0.04644638403990025,0.0007828878578822095,0.0004809686030515453,6.721476510067114,1.0,14.794326246743573,/net/nfs-ip34/jbod2/def-ilafores/ref_dbs/sourmash_db/RefSeq_20250528.k31.sbt.zip,GCF_024799845.1_ASM2479984v1_genomic,1affe8cbd37c62a3073bbe0490a4ad0a,0.22023067331670823,298000,80,280666000,/nfs3_ib/nfs-ip34/home/def-ilafores/analysis/MethodsComparison/Feces_RA/preproc/SRR5091505/SRR5091505_unmatched_2.fastq,SRR5091505,e45298da,380642000,31,DNA,1000,380642,True,0.8348353321767144,0.952362990104584,0.8935991611406492,0.952362990104584,False,2003,1909975,4164513
985000,0.002587733355751599,0.07700621453661173,0.0007487350318672138,0.0002257166684315789,3.2982456140350878,1.0,6.536711207737264,/net/nfs-ip34/jbod2/def-ilafores/ref_dbs/sourmash_db/RefSeq_20250528.k31.sbt.zip,GCF_005848555.1_ASM584855v1_genomic,1123379c731757b61c292acf7bd31a34,0.26614428532828965,285000,81,280381000,/nfs3_ib/nfs-ip34/home/def-ilafores/analysis/MethodsComparison/Feces_RA/preproc/SRR5091505/SRR5091505_unmatched_2.fastq,SRR5091505,e45298da,380642000,31,DNA,1000,380642,True,0.8251744855478992,0.9581982906751132,0.8916863881115062,0.9581982906751132,False,940,1910915,4164513
335000,0.0008800920550018127,0.10161001788908766,0.0007461078914045218,0.00015151831678758117,2.221830985915493,1.0,4.267888883362594,/net/nfs-ip34/jbod2/def-ilafores/ref_dbs/sourmash_db/RefSeq_20250528.k31.sbt.zip,GCF_000146185.1_ASM14618v1_genomic,5229119e2aa175d63f96a9ce9dfd479c,0.11985688729874776,284000,82,280097000,/nfs3_ib/nfs-ip34/home/def-ilafores/analysis/MethodsComparison/Feces_RA/preproc/SRR5091505/SRR5091505_unmatched_2.fastq,SRR5091505,e45298da,380642000,31,DNA,1000,380642,True,0.7969597540058816,0.9338550065379286,0.8654073802719051,0.9338550065379286,False,631,1911546,4164513
292000,0.0007671250151060577,0.09789727680110306,0.0007461078914045218,8.356319214275475e-05,1.2253521126760563,1.0,0.5089946760448634,/net/nfs-ip34/jbod2/def-ilafores/ref_dbs/sourmash_db/RefSeq_20250528.k31.sbt.zip,GCF_025144995.1_ASM2514499v1_genomic,80a0c7df05d28f92f6b93af8a523bc03,0.10065494657014823,284000,83,279813000,/nfs3_ib/nfs-ip34/home/def-ilafores/analysis/MethodsComparison/Feces_RA/preproc/SRR5091505/SRR5091505_unmatched_2.fastq,SRR5091505,e45298da,380642000,31,DNA,1000,380642,True,0.7934358348583378,0.9286100745688299,0.8610229547135839,0.9286100745688299,False,348,1911894,4164513
1964000,0.005159703868727045,0.06622201048118151,0.00073034504862837,0.000287428566077234,4.305755395683454,2.0,19.488883641205735,/net/nfs-ip34/jbod2/def-ilafores/ref_dbs/sourmash_db/RefSeq_20250528.k31.sbt.zip,GCF_020181555.1_ASM2018155v1_genomic,8469ab5e4b1c2b2c7b791e98ae874535,0.46784182944259173,278000,84,279535000,/nfs3_ib/nfs-ip34/home/def-ilafores/analysis/MethodsComparison/Feces_RA/preproc/SRR5091505/SRR5091505_unmatched_2.fastq,SRR5091505,e45298da,380642000,31,DNA,1000,380642,True,0.8437498380473804,0.9757937538973166,0.9097717959723485,0.9757937538973166,False,1197,1913091,4164513
4766000,0.012520951445189969,0.0372871816518925,0.0006961922226133742,0.0009900317275993616,15.558490566037737,6.0,38.68651675782772,/net/nfs-ip34/jbod2/def-ilafores/ref_dbs/sourmash_db/RefSeq_20250528.k31.sbt.zip,GCF_007012325.1_ASM701232v1_genomic,a7b4985e87bb40499949cd88a98ca789,0.6706064443506402,265000,85,279270000,/nfs3_ib/nfs-ip34/home/def-ilafores/analysis/MethodsComparison/Feces_RA/preproc/SRR5091505/SRR5091505_unmatched_2.fastq,SRR5091505,e45298da,380642000,31,DNA,1000,380642,True,0.8682273497794226,0.9871932668601753,0.927710308319799,0.9871932668601753,False,4123,1917214,4164513
414000,0.001087636151554479,0.10528406833531982,0.0006961922226133742,0.000249969204082206,3.9283018867924526,1.0,13.809982407575458,/net/nfs-ip34/jbod2/def-ilafores/ref_dbs/sourmash_db/RefSeq_20250528.k31.sbt.zip,GCF_018408575.1_ASM1840857v1_genomic,be471ee2a9a4d83e479673ce2822bf12,0.16448152562574495,265000,86,279005000,/nfs3_ib/nfs-ip34/home/def-ilafores/analysis/MethodsComparison/Feces_RA/preproc/SRR5091505/SRR5091505_unmatched_2.fastq,SRR5091505,e45298da,380642000,31,DNA,1000,380642,True,0.8024217610300317,0.943438197237101,0.8729299791335663,0.943438197237101,False,1041,1918255,4164513
1854000,0.004870718417830927,0.08120063191153239,0.0006751750989118384,0.0025001722890527654,40.5136186770428,10.0,43.61077412726248,/net/nfs-ip34/jbod2/def-ilafores/ref_dbs/sourmash_db/RefSeq_20250528.k31.sbt.zip,GCF_002734145.1_ASM273414v1_genomic,d36cd3d827e7c481f3d6eaa28052d315,0.5857819905213271,257000,87,278748000,/nfs3_ib/nfs-ip34/home/def-ilafores/analysis/MethodsComparison/Feces_RA/preproc/SRR5091505/SRR5091505_unmatched_2.fastq,SRR5091505,e45298da,380642000,31,DNA,1000,380642,True,0.842182526628014,0.9828961035144915,0.9125393150712527,0.9828961035144915,False,10412,1928667,4164513
4306000,0.011312466832351658,0.04759217456734387,0.0006646665370610705,0.0021865701944020826,35.99209486166008,37.0,32.17860140064626,/net/nfs-ip34/jbod2/def-ilafores/ref_dbs/sourmash_db/RefSeq_20250528.k31.sbt.zip,GCF_001640865.1_ASM164086v1_genomic,8e3c78d0375520ef6ff50cd0e5818f9b,0.8100075244544771,253000,88,278495000,/nfs3_ib/nfs-ip34/home/def-ilafores/analysis/MethodsComparison/Feces_RA/preproc/SRR5091505/SRR5091505_unmatched_2.fastq,SRR5091505,e45298da,380642000,31,DNA,1000,380642,True,0.8653893105621605,0.9932258954286943,0.9293076029954275,0.9932258954286943,False,9106,1937773,4164513
710000,0.0018652697285113046,0.08680184987548915,0.0006410222728968427,0.0013202023862093838,22.5327868852459,3.0,32.73857814247051,/net/nfs-ip34/jbod2/def-ilafores/ref_dbs/sourmash_db/RefSeq_20250528.k31.sbt.zip,GCF_028743395.1_ASM2874339v1_genomic,bc5680b67a040c88f41f779ed94a8fca,0.25257915332621844,244000,89,278251000,/nfs3_ib/nfs-ip34/home/def-ilafores/analysis/MethodsComparison/Feces_RA/preproc/SRR5091505/SRR5091505_unmatched_2.fastq,SRR5091505,e45298da,380642000,31,DNA,1000,380642,True,0.8165060514443259,0.956582651103672,0.886544351273999,0.956582651103672,False,5498,1943271,4164513
2219000,0.0058296246867135,0.08307480179248534,0.0006331408515087667,0.001470039834189496,25.402489626556015,24.0,11.328727942240976,/net/nfs-ip34/jbod2/def-ilafores/ref_dbs/sourmash_db/RefSeq_20250528.k31.sbt.zip,GCF_016724805.1_ASM1672480v1_genomic,0c7a915bb87532c0191a33782636f5c1,0.7649086521889004,241000,90,278010000,/nfs3_ib/nfs-ip34/home/def-ilafores/analysis/MethodsComparison/Feces_RA/preproc/SRR5091505/SRR5091505_unmatched_2.fastq,SRR5091505,e45298da,380642000,31,DNA,1000,380642,True,0.8470789511104114,0.9913921370803327,0.9192355440953721,0.9913921370803327,False,6122,1949393,4164513
661000,0.0017365398458393977,0.06695156695156695,0.0006173780087326149,8.260269568134377e-05,1.4638297872340424,1.0,2.2993454694866733,/net/nfs-ip34/jbod2/def-ilafores/ref_dbs/sourmash_db/RefSeq_20250528.k31.sbt.zip,GCF_019249795.2_P1C_raw_genomic,daced544df689eeedcdbd81decd8f176,0.1883190883190883,235000,91,277775000,/nfs3_ib/nfs-ip34/home/def-ilafores/analysis/MethodsComparison/Feces_RA/preproc/SRR5091505/SRR5091505_unmatched_2.fastq,SRR5091505,e45298da,380642000,31,DNA,1000,380642,True,0.8146246973862501,0.9475660560785893,0.8810953767324197,0.9475660560785893,False,344,1949737,4164513
1352000,0.003551893905559555,0.043154761904761904,0.000609496587344539,7.275760695188129e-05,1.3060344827586208,1.0,0.5918685771385763,/net/nfs-ip34/jbod2/def-ilafores/ref_dbs/sourmash_db/RefSeq_20250528.k31.sbt.zip,GCF_030020765.1_ASM3002076v1_genomic,ed811159a5957450213a8803ea88c234,0.25148809523809523,232000,92,277543000,/nfs3_ib/nfs-ip34/home/def-ilafores/analysis/MethodsComparison/Feces_RA/preproc/SRR5091505/SRR5091505_unmatched_2.fastq,SRR5091505,e45298da,380642000,31,DNA,1000,380642,True,0.8336477457870167,0.9564490775287209,0.8950484116578687,0.9564490775287209,False,303,1950040,4164513
606000,0.001592047120391339,0.09866666666666667,0.0005832251827176192,0.0006106356253420267,11.454954954954955,11.0,4.6755302968251105,/net/nfs-ip34/jbod2/def-ilafores/ref_dbs/sourmash_db/RefSeq_20250528.k31.sbt.zip,GCF_902388175.1_UHGG_MGYG-HGUT-02539_genomic,139286699907f4d64c15ca615fb65f4b,0.2693333333333333,222000,93,277321000,/nfs3_ib/nfs-ip34/home/def-ilafores/analysis/MethodsComparison/Feces_RA/preproc/SRR5091505/SRR5091505_unmatched_2.fastq,SRR5091505,e45298da,380642000,31,DNA,1000,380642,True,0.8123450032671709,0.9585665315546399,0.8854557674109054,0.9585665315546399,False,2543,1952583,4164513
1742000,0.0045764786860094265,0.06158605174353206,0.0005753437613295432,0.00011958180944566628,2.2739726027397262,1.0,3.2851969380272807,/net/nfs-ip34/jbod2/def-ilafores/ref_dbs/sourmash_db/RefSeq_20250528.k31.sbt.zip,GCF_045070525.1_ASM4507052v1_genomic,214150bf2398bbfa49ab399581721b68,0.4898762654668167,219000,94,277102000,/nfs3_ib/nfs-ip34/home/def-ilafores/analysis/MethodsComparison/Feces_RA/preproc/SRR5091505/SRR5091505_unmatched_2.fastq,SRR5091505,e45298da,380642000,31,DNA,1000,380642,True,0.8404913967868475,0.9772434923045946,0.908867444545721,0.9772434923045946,False,498,1953081,4164513
1106000,0.002905617351737328,0.09053156146179402,0.0005727166208668512,0.0003366540097245464,6.431192660550459,6.0,3.678269867718062,/net/nfs-ip34/jbod2/def-ilafores/ref_dbs/sourmash_db/RefSeq_20250528.k31.sbt.zip,GCF_000248095.2_ASM24809v3_genomic,d8bc0e7d233e85b283d9c82c88c22b33,0.45930232558139533,218000,95,276884000,/nfs3_ib/nfs-ip34/home/def-ilafores/analysis/MethodsComparison/Feces_RA/preproc/SRR5091505/SRR5091505_unmatched_2.fastq,SRR5091505,e45298da,380642000,31,DNA,1000,380642,True,0.8282643735783413,0.9752140650310419,0.9017392193046916,0.9752140650310419,False,1402,1954483,4164513
243000,0.0006383951324341507,0.07483962936564505,0.0005516994971653154,9.845088729462484e-05,1.9523809523809523,1.0,4.166489792164217,/net/nfs-ip34/jbod2/def-ilafores/ref_dbs/sourmash_db/RefSeq_20250528.k31.sbt.zip,GCF_015097455.1_ASM1509745v1_genomic,ad2202613b9c5f4de5c0bb121ca6ed7a,0.08660014255167499,210000,96,276674000,/nfs3_ib/nfs-ip34/home/def-ilafores/analysis/MethodsComparison/Feces_RA/preproc/SRR5091505/SRR5091505_unmatched_2.fastq,SRR5091505,e45298da,380642000,31,DNA,1000,380642,True,0.7887481854302266,0.9241158235120112,0.8564320044711189,0.9241158235120112,False,410,1954893,4164513
2491000,0.006544206892565718,0.05364476386036961,0.0005490723567026234,0.00259069908054075,51.622009569377994,52.0,35.2623210511416,/net/nfs-ip34/jbod2/def-ilafores/ref_dbs/sourmash_db/RefSeq_20250528.k31.sbt.zip,GCF_025147325.1_ASM2514732v1_genomic,0878062848e44bf823b15b8a5d1eba75,0.6393737166324436,209000,97,276465000,/nfs3_ib/nfs-ip34/home/def-ilafores/analysis/MethodsComparison/Feces_RA/preproc/SRR5091505/SRR5091505_unmatched_2.fastq,SRR5091505,e45298da,380642000,31,DNA,1000,380642,True,0.8502443895580505,0.9856756436581467,0.9179600166080986,0.9856756436581467,False,10789,1965682,4164513
265000,0.0006961922226133742,0.06731391585760518,0.0005464452162399315,0.00010013175610209406,2.0048076923076925,1.0,5.90509688267576,/net/nfs-ip34/jbod2/def-ilafores/ref_dbs/sourmash_db/RefSeq_20250528.k31.sbt.zip,GCF_022453915.1_ASM2245391v1_genomic,54c821fbffdc1aacdf2b93cd12e19242,0.08576051779935275,208000,98,276257000,/nfs3_ib/nfs-ip34/home/def-ilafores/analysis/MethodsComparison/Feces_RA/preproc/SRR5091505/SRR5091505_unmatched_2.fastq,SRR5091505,e45298da,380642000,31,DNA,1000,380642,True,0.7909564169426226,0.9238254366363307,0.8573909267894766,0.9238254366363307,False,417,1966099,4164513
2030000,0.005333095139264716,0.06620780072107506,0.0005306823734637796,0.0005265921849685666,10.856435643564357,4.0,21.923453311856356,/net/nfs-ip34/jbod2/def-ilafores/ref_dbs/sourmash_db/RefSeq_20250528.k31.sbt.zip,GCF_042852915.1_ASM4285291v1_genomic,83df1fc7945fffe52952776a8424f7ce,0.6653556211078335,202000,99,276055000,/nfs3_ib/nfs-ip34/home/def-ilafores/analysis/MethodsComparison/Feces_RA/preproc/SRR5091505/SRR5091505_unmatched_2.fastq,SRR5091505,e45298da,380642000,31,DNA,1000,380642,True,0.8446499343140165,0.9869429725751,0.9157964534445582,0.9869429725751,False,2193,1968292,4164513
399000,0.0010482290446140994,0.03663402248821183,0.0005306823734637796,0.00017336961128468082,3.5742574257425743,1.0,12.825057878898571,/net/nfs-ip34/jbod2/def-ilafores/ref_dbs/sourmash_db/RefSeq_20250528.k31.sbt.zip,GCF_019930665.1_ASM1993066v1_genomic,d7320230ed69eef737078c57f068087a,0.07236126224156691,202000,100,275853000,/nfs3_ib/nfs-ip34/home/def-ilafores/analysis/MethodsComparison/Feces_RA/preproc/SRR5091505/SRR5091505_unmatched_2.fastq,SRR5091505,e45298da,380642000,31,DNA,1000,380642,True,0.8014670707119892,0.9187764932025073,0.8601217819572482,0.9187764932025073,False,722,1969014,4164513
1171000,0.0030763814818123066,0.04564220183486239,0.0005228009520757037,0.0003916424321403247,8.195979899497488,1.0,25.28067138443592,/net/nfs-ip34/jbod2/def-ilafores/ref_dbs/sourmash_db/RefSeq_20250528.k31.sbt.zip,GCF_042847785.1_ASM4284778v1_genomic,88019d6ddc2b537fe7ac87c23df45062,0.26857798165137614,199000,101,275654000,/nfs3_ib/nfs-ip34/home/def-ilafores/analysis/MethodsComparison/Feces_RA/preproc/SRR5091505/SRR5091505_unmatched_2.fastq,SRR5091505,e45298da,380642000,31,DNA,1000,380642,True,0.8297916080167443,0.9584796935777011,0.8941356507972227,0.9584796935777011,False,1631,1970645,4164513
1029000,0.002703327536110046,0.0667574931880109,0.0005149195306876277,0.0006908370798698431,14.678571428571429,3.0,28.23215979939855,/net/nfs-ip34/jbod2/def-ilafores/ref_dbs/sourmash_db/RefSeq_20250528.k31.sbt.zip,GCF_023347295.1_ASM2334729v1_genomic,78db35fa6d9edc0fa99c8623efbe174d,0.35047683923705725,196000,102,275458000,/nfs3_ib/nfs-ip34/home/def-ilafores/analysis/MethodsComparison/Feces_RA/preproc/SRR5091505/SRR5091505_unmatched_2.fastq,SRR5091505,e45298da,380642000,31,DNA,1000,380642,True,0.8263385648414177,0.966744235362914,0.8965414001021659,0.966744235362914,False,2877,1973522,4164513
1685000,0.0044267316796359835,0.08548882069267864,0.0005122923902249357,0.0021968955313622506,46.91794871794872,32.0,88.46881783501786,/net/nfs-ip34/jbod2/def-ilafores/ref_dbs/sourmash_db/RefSeq_20250528.k31.sbt.zip,GCF_045290295.1_ASM4529029v1_genomic,ccc6fe32a742ece45bee80c7ebe3c81e,0.7387110916264796,195000,103,275263000,/nfs3_ib/nfs-ip34/home/def-ilafores/analysis/MethodsComparison/Feces_RA/preproc/SRR5091505/SRR5091505_unmatched_2.fastq,SRR5091505,e45298da,380642000,31,DNA,1000,380642,True,0.8395898892472241,0.9902782620547805,0.9149340756510023,0.9902782620547805,False,9149,1982671,4164513
3954000,0.010387713389484082,0.028300510576221734,0.0005096652497622438,0.0002494889558515005,5.355670103092783,5.0,4.984749299803319,/net/nfs-ip34/jbod2/def-ilafores/ref_dbs/sourmash_db/RefSeq_20250528.k31.sbt.zip,GCF_025147085.1_ASM2514708v1_genomic,5b057d4064659334efb7b362a7eec964,0.5768052516411378,194000,104,275069000,/nfs3_ib/nfs-ip34/home/def-ilafores/analysis/MethodsComparison/Feces_RA/preproc/SRR5091505/SRR5091505_unmatched_2.fastq,SRR5091505,e45298da,380642000,31,DNA,1000,380642,True,0.8630118774326705,0.9824065846690206,0.9227092310508456,0.9824065846690206,False,1039,1983710,4164513
1109000,0.002913498773125404,0.06671251719394773,0.0005096652497622438,7.924095806640536e-05,1.7010309278350515,1.0,1.5575883318176862,/net/nfs-ip34/jbod2/def-ilafores/ref_dbs/sourmash_db/RefSeq_20250528.k31.sbt.zip,GCF_000210695.1_ASM21069v1_genomic,63c45790e4e0e34800467d47c7de68dd,0.3813617606602476,194000,105,274875000,/nfs3_ib/nfs-ip34/home/def-ilafores/analysis/MethodsComparison/Feces_RA/preproc/SRR5091505/SRR5091505_unmatched_2.fastq,SRR5091505,e45298da,380642000,31,DNA,1000,380642,True,0.8283367511565823,0.9693815431559971,0.8988591471562897,0.9693815431559971,False,330,1984040,4164513
1699000,0.004463511646113671,0.08311345646437995,0.0004965295474487839,0.0033521326503242995,73.86243386243386,71.0,20.749249145645237,/net/nfs-ip34/jbod2/def-ilafores/ref_dbs/sourmash_db/RefSeq_20250528.k31.sbt.zip,GCF_017743235.1_ASM1774323v1_genomic,d47f03db00b0741ff23d7accc2566ab5,0.747141600703606,189000,106,274686000,/nfs3_ib/nfs-ip34/home/def-ilafores/analysis/MethodsComparison/Feces_RA/preproc/SRR5091505/SRR5091505_unmatched_2.fastq,SRR5091505,e45298da,380642000,31,DNA,1000,380642,True,0.8398140159599746,0.9906408286130437,0.9152274222865091,0.9906408286130437,False,13960,1998000,4164513
355000,0.0009326348642556523,0.056299452221545955,0.000486020985598016,0.00016208377786310188,3.6486486486486487,1.0,9.837644785750616,/net/nfs-ip34/jbod2/def-ilafores/ref_dbs/sourmash_db/RefSeq_20250528.k31.sbt.zip,GCF_045002895.1_ASM4500289v1_genomic,dcf539ba4c82009d09e4501c72acd6ed,0.10803408399269629,185000,107,274501000,/nfs3_ib/nfs-ip34/home/def-ilafores/analysis/MethodsComparison/Feces_RA/preproc/SRR5091505/SRR5091505_unmatched_2.fastq,SRR5091505,e45298da,380642000,31,DNA,1000,380642,True,0.7984519075559153,0.930731776813584,0.8645918421847496,0.930731776813584,False,675,1998675,4164513
3808000,0.010004150881931054,0.03676175170751306,0.000480766704672632,0.0003083193641129227,7.016393442622951,6.0,4.759202084287101,/net/nfs-ip34/jbod2/def-ilafores/ref_dbs/sourmash_db/RefSeq_20250528.k31.sbt.zip,GCF_020091545.1_ASM2009154v1_genomic,cbccf2735894b89c5383dfa9cc789cf8,0.764965849738851,183000,108,274318000,/nfs3_ib/nfs-ip34/home/def-ilafores/analysis/MethodsComparison/Feces_RA/preproc/SRR5091505/SRR5091505_unmatched_2.fastq,SRR5091505,e45298da,380642000,31,DNA,1000,380642,True,0.8619651056658467,0.9913945283905297,0.9266798170281882,0.9913945283905297,False,1284,1999959,4164513
363000,0.0009536519879571881,0.0500858614768174,0.0004597495809710962,0.00022355555139340423,5.32,1.0,16.504904898674386,/net/nfs-ip34/jbod2/def-ilafores/ref_dbs/sourmash_db/RefSeq_20250528.k31.sbt.zip,GCF_014337175.1_ASM1433717v1_genomic,a712134ff5fdebda1dc08f01019daf8a,0.10389238694905552,175000,109,274143000,/nfs3_ib/nfs-ip34/home/def-ilafores/analysis/MethodsComparison/Feces_RA/preproc/SRR5091505/SRR5091505_unmatched_2.fastq,SRR5091505,e45298da,380642000,31,DNA,1000,380642,True,0.7990260989654696,0.9295588593030258,0.8642924791342477,0.9295588593030258,False,931,2000890,4164513
446000,0.0011717046463606223,0.03104089219330855,0.0004387324572695604,4.802482307054871e-05,1.1976047904191616,1.0,0.4673728455350385,/net/nfs-ip34/jbod2/def-ilafores/ref_dbs/sourmash_db/RefSeq_20250528.k31.sbt.zip,GCF_014169115.1_ASM1416911v1_genomic,efe9091202a2cf128c9d2f1a419088a5,0.0828996282527881,167000,110,273976000,/nfs3_ib/nfs-ip34/home/def-ilafores/analysis/MethodsComparison/Feces_RA/preproc/SRR5091505/SRR5091505_unmatched_2.fastq,SRR5091505,e45298da,380642000,31,DNA,1000,380642,True,0.8043512606953014,0.9228149028051986,0.86358308175025,0.9228149028051986,False,200,2001090,4164513
642000,0.00168662417704825,0.030636580443955237,0.0004387324572695604,0.0001560806749792833,3.8922155688622753,1.0,15.45634375126029,/net/nfs-ip34/jbod2/def-ilafores/ref_dbs/sourmash_db/RefSeq_20250528.k31.sbt.zip,GCF_032878955.1_ASM3287895v1_genomic,d537b5d78c84c0e05f44ffcd0d82c127,0.11777655476059438,167000,111,273809000,/nfs3_ib/nfs-ip34/home/def-ilafores/analysis/MethodsComparison/Feces_RA/preproc/SRR5091505/SRR5091505_unmatched_2.fastq,SRR5091505,e45298da,380642000,31,DNA,1000,380642,True,0.8138586395451428,0.9333277021204212,0.873593170832782,0.9333277021204212,False,650,2001740,4164513
669000,0.0017575569695409334,0.05208002540489044,0.0004308510358814844,0.00018585606528302348,4.719512195121951,2.0,7.820820227465856,/net/nfs-ip34/jbod2/def-ilafores/ref_dbs/sourmash_db/RefSeq_20250528.k31.sbt.zip,GCF_042850025.1_ASM4285002v1_genomic,26ae838edf91db815bafb3211b734604,0.2124483963162909,164000,112,273645000,/nfs3_ib/nfs-ip34/home/def-ilafores/analysis/MethodsComparison/Feces_RA/preproc/SRR5091505/SRR5091505_unmatched_2.fastq,SRR5091505,e45298da,380642000,31,DNA,1000,380642,True,0.8149408914627484,0.9512583864724017,0.883099638967575,0.9512583864724017,False,774,2002514,4164513
3607000,0.009476095648929966,0.035243243243243245,0.0004282238954187925,0.0002516500728896752,6.429447852760736,3.0,7.838844071816328,/net/nfs-ip34/jbod2/def-ilafores/ref_dbs/sourmash_db/RefSeq_20250528.k31.sbt.zip,GCF_025914195.1_ASM2591419v1_genomic,4ab236feb27bbefb635121ccd1c90e65,0.7798918918918919,163000,113,273482000,/nfs3_ib/nfs-ip34/home/def-ilafores/analysis/MethodsComparison/Feces_RA/preproc/SRR5091505/SRR5091505_unmatched_2.fastq,SRR5091505,e45298da,380642000,31,DNA,1000,380642,True,0.860458604403677,0.9920127153958025,0.9262356598997398,0.9920127153958025,False,1048,2003562,4164513
1478000,0.003882913603858744,0.031145935357492653,0.00041771533356802453,0.0010085212844815228,26.41509433962264,2.0,103.54674464037988,/net/nfs-ip34/jbod2/def-ilafores/ref_dbs/sourmash_db/RefSeq_20250528.k31.sbt.zip,GCF_009193325.2_ASM919332v2_genomic,20d3ad2db691676c0843017fd7066d73,0.28952007835455434,159000,114,273323000,/nfs3_ib/nfs-ip34/home/def-ilafores/analysis/MethodsComparison/Feces_RA/preproc/SRR5091505/SRR5091505_unmatched_2.fastq,SRR5091505,e45298da,380642000,31,DNA,1000,380642,True,0.8360473881017275,0.9608039865725438,0.8984256873371357,0.9608039865725438,False,4200,2007762,4164513
350000,0.0009194991619421923,0.04484433019137389,0.0004124610526426406,0.0001296670222904815,3.4394904458598727,1.0,8.570678484032655,/net/nfs-ip34/jbod2/def-ilafores/ref_dbs/sourmash_db/RefSeq_20250528.k31.sbt.zip,GCF_000210555.1_ASM21055v1_genomic,6d00b0a0ca344fdf96ce690671c5fa63,0.09997143673236218,157000,115,273166000,/nfs3_ib/nfs-ip34/home/def-ilafores/analysis/MethodsComparison/Feces_RA/preproc/SRR5091505/SRR5091505_unmatched_2.fastq,SRR5091505,e45298da,380642000,31,DNA,1000,380642,True,0.79808664439116,0.9284059889649864,0.8632463166780732,0.9284059889649864,False,540,2008302,4164513
1509000,0.003964354958202195,0.0455079271873165,0.00040720677171725663,7.852058572034713e-05,2.109677419354839,2.0,1.8265699987840207,/net/nfs-ip34/jbod2/def-ilafores/ref_dbs/sourmash_db/RefSeq_20250528.k31.sbt.zip,GCF_003574015.1_ASM357401v1_genomic,1874b1c1106f4973cf5b5c4b574ac6f1,0.44304169113329417,155000,116,273011000,/nfs3_ib/nfs-ip34/home/def-ilafores/analysis/MethodsComparison/Feces_RA/preproc/SRR5091505/SRR5091505_unmatched_2.fastq,SRR5091505,e45298da,380642000,31,DNA,1000,380642,True,0.8366073863505697,0.9740808086878959,0.9053440975192328,0.9740808086878959,False,327,2008629,4164513
451000,0.0011848403486740822,0.04165539626724371,0.00040457963125456464,0.00014359422098094064,3.883116883116883,1.0,9.893555591044686,/net/nfs-ip34/jbod2/def-ilafores/ref_dbs/sourmash_db/RefSeq_20250528.k31.sbt.zip,GCF_000210015.1_ASM21001v1_genomic,6f351faff0bbc09512221a953fad4daf,0.12199080335407086,154000,117,272857000,/nfs3_ib/nfs-ip34/home/def-ilafores/analysis/MethodsComparison/Feces_RA/preproc/SRR5091505/SRR5091505_unmatched_2.fastq,SRR5091505,e45298da,380642000,31,DNA,1000,380642,True,0.804640577861096,0.9343867694333423,0.8695136736472191,0.9343867694333423,False,598,2009227,4164513
3245000,0.00852507080143547,0.02929350947731189,0.00040195249079187265,0.0003208058181112653,8.732026143790849,8.0,6.802543292118512,/net/nfs-ip34/jbod2/def-ilafores/ref_dbs/sourmash_db/RefSeq_20250528.k31.sbt.zip,GCF_002849695.1_ASM284969v1_genomic,bc5fb9c40fa03dfb3e62b70892a7ac0e,0.6212904461037718,153000,118,272704000,/nfs3_ib/nfs-ip34/home/def-ilafores/analysis/MethodsComparison/Feces_RA/preproc/SRR5091505/SRR5091505_unmatched_2.fastq,SRR5091505,e45298da,380642000,31,DNA,1000,380642,True,0.8575280254253766,0.9847638244548504,0.9211459249401135,0.9847638244548504,False,1336,2010563,4164513
1545000,0.0040589320148591065,0.05557586837294333,0.0003993253503291807,0.00020650673920335943,5.657894736842105,2.0,16.951985314239238,/net/nfs-ip34/jbod2/def-ilafores/ref_dbs/sourmash_db/RefSeq_20250528.k31.sbt.zip,GCF_902388275.1_UHGG_MGYG-HGUT-02545_genomic,35aa97e0127f24ba3813815f3d766914,0.5648994515539305,152000,119,272552000,/nfs3_ib/nfs-ip34/home/def-ilafores/analysis/MethodsComparison/Feces_RA/preproc/SRR5091505/SRR5091505_unmatched_2.fastq,SRR5091505,e45298da,380642000,31,DNA,1000,380642,True,0.837243901494368,0.9817458394701362,0.9094948704822521,0.9817458394701362,False,860,2011423,4164513
184000,0.000483393845135324,0.039860888175494914,0.00039144392894110476,7.275760695188129e-05,2.033557046979866,1.0,6.301609581731571,/net/nfs-ip34/jbod2/def-ilafores/ref_dbs/sourmash_db/RefSeq_20250528.k31.sbt.zip,GCF_964199395.1_Q9705_genomic,1f9a877738dafe6e5148789f10105647,0.04922418405564473,149000,120,272403000,/nfs3_ib/nfs-ip34/home/def-ilafores/analysis/MethodsComparison/Feces_RA/preproc/SRR5091505/SRR5091505_unmatched_2.fastq,SRR5091505,e45298da,380642000,31,DNA,1000,380642,True,0.781703347050104,0.9074280722849868,0.8445657096675454,0.9074280722849868,False,303,2011726,4164513
3699000,0.009717792571497628,0.0296,0.00038881678847841277,0.00044446973751792826,12.506756756756756,5.0,27.61915136121683,/net/nfs-ip34/jbod2/def-ilafores/ref_dbs/sourmash_db/RefSeq_20250528.k31.sbt.zip,GCF_016766915.1_ASM1676691v1_genomic,bca43bd2d776e339740f17809f096165,0.7398,148000,121,272255000,/nfs3_ib/nfs-ip34/home/def-ilafores/analysis/MethodsComparison/Feces_RA/preproc/SRR5091505/SRR5091505_unmatched_2.fastq,SRR5091505,e45298da,380642000,31,DNA,1000,380642,True,0.8611579725278465,0.99032531672073,0.9257416446242883,0.99032531672073,False,1851,2013577,4164513
1854000,0.004870718417830927,0.06363636363636363,0.00038618964801572083,0.006172870633372978,174.87755102040816,205.0,102.00846289816369,/net/nfs-ip34/jbod2/def-ilafores/ref_dbs/sourmash_db/RefSeq_20250528.k31.sbt.zip,GCF_037997085.1_ASM3799708v1_genomic,b3541581858a0a4755b1a49dfceec8f6,0.8025974025974026,147000,122,272108000,/nfs3_ib/nfs-ip34/home/def-ilafores/analysis/MethodsComparison/Feces_RA/preproc/SRR5091505/SRR5091505_unmatched_2.fastq,SRR5091505,e45298da,380642000,31,DNA,1000,380642,True,0.842182526628014,0.9929314855449396,0.9175570060864768,0.9929314855449396,False,25707,2039284,4164513
1058000,0.002779514609528113,0.041475972540045765,0.00038093536709033686,0.00011285833421578945,3.2413793103448274,1.0,7.723029477115799,/net/nfs-ip34/jbod2/def-ilafores/ref_dbs/sourmash_db/RefSeq_20250528.k31.sbt.zip,GCF_028743455.1_ASM2874345v1_genomic,e7c81f7d63e990a73ddfcefd48f5bb04,0.3026315789473684,145000,123,271963000,/nfs3_ib/nfs-ip34/home/def-ilafores/analysis/MethodsComparison/Feces_RA/preproc/SRR5091505/SRR5091505_unmatched_2.fastq,SRR5091505,e45298da,380642000,31,DNA,1000,380642,True,0.8270797462605215,0.9621777242993279,0.8946287352799247,0.9621777242993279,False,470,2039754,4164513
3004000,0.007891929949926702,0.02265884962763429,0.0003756810861649529,0.00017721159713032471,5.160839160839161,1.0,12.369967211205475,/net/nfs-ip34/jbod2/def-ilafores/ref_dbs/sourmash_db/RefSeq_20250528.k31.sbt.zip,GCF_029369765.1_ASM2936976v1_genomic,19e8b45e36249f6067d7a6393c2a7e02,0.47599429567421964,143000,124,271820000,/nfs3_ib/nfs-ip34/home/def-ilafores/analysis/MethodsComparison/Feces_RA/preproc/SRR5091505/SRR5091505_unmatched_2.fastq,SRR5091505,e45298da,380642000,31,DNA,1000,380642,True,0.8553959716803828,0.9763376933579122,0.9158668325191475,0.9763376933579122,False,738,2040492,4164513
482000,0.0012662817030175335,0.059739167017248636,0.0003730539457022609,4.778469895519596e-05,1.4014084507042253,1.0,0.7224748073479997,/net/nfs-ip34/jbod2/def-ilafores/ref_dbs/sourmash_db/RefSeq_20250528.k31.sbt.zip,GCF_002073815.2_ASM207381v2_genomic,972131dd36ed5aca3d19d2f438971d9f,0.20277660917122423,142000,125,271678000,/nfs3_ib/nfs-ip34/home/def-ilafores/analysis/MethodsComparison/Feces_RA/preproc/SRR5091505/SRR5091505_unmatched_2.fastq,SRR5091505,e45298da,380642000,31,DNA,1000,380642,True,0.8063679102323573,0.949829682497261,0.8780987963648091,0.949829682497261,False,199,2040691,4164513
210000,0.0005516994971653154,0.039942938659058486,0.00036779966477687697,0.00024420622531374017,7.264285714285714,2.0,33.140310093015486,/net/nfs-ip34/jbod2/def-ilafores/ref_dbs/sourmash_db/RefSeq_20250528.k31.sbt.zip,GCF_045865535.1_ASM4586553v1_genomic,d256ac8ac3b99e32f5341206201ec025,0.05991440798858773,140000,126,271538000,/nfs3_ib/nfs-ip34/home/def-ilafores/analysis/MethodsComparison/Feces_RA/preproc/SRR5091505/SRR5091505_unmatched_2.fastq,SRR5091505,e45298da,380642000,31,DNA,1000,380642,True,0.7850433369458977,0.9131992053799599,0.8491212711629288,0.9131992053799599,False,1017,2041708,4164513
538000,0.0014134015689282844,0.03404359539554249,0.000365172524314185,6.171189764565509e-05,1.8489208633093526,1.0,7.864786897061065,/net/nfs-ip34/jbod2/def-ilafores/ref_dbs/sourmash_db/RefSeq_20250528.k31.sbt.zip,GCF_032452555.1_ASM3245255v1_genomic,1ad811d7d51280706b0cbe0a9464310c,0.13176585843742347,139000,127,271399000,/nfs3_ib/nfs-ip34/home/def-ilafores/analysis/MethodsComparison/Feces_RA/preproc/SRR5091505/SRR5091505_unmatched_2.fastq,SRR5091505,e45298da,380642000,31,DNA,1000,380642,True,0.8092320649157665,0.9367129945551832,0.8729725297354749,0.9367129945551832,False,257,2041965,4164513
1059000,0.002782141749990805,0.045077891945641366,0.0003572911029261091,0.00042694067709717797,13.073529411764707,4.0,22.686687063037514,/net/nfs-ip34/jbod2/def-ilafores/ref_dbs/sourmash_db/RefSeq_20250528.k31.sbt.zip,GCF_040026365.1_ASM4002636v1_genomic,9de4932095473c9973b31ae4d68399ec,0.35101093801789857,136000,128,271263000,/nfs3_ib/nfs-ip34/home/def-ilafores/analysis/MethodsComparison/Feces_RA/preproc/SRR5091505/SRR5091505_unmatched_2.fastq,SRR5091505,e45298da,380642000,31,DNA,1000,380642,True,0.8271049521181911,0.966791724264203,0.8969483381911971,0.966791724264203,False,1778,2043743,4164513
399000,0.0010482290446140994,0.037202797202797205,0.0003494096815380331,7.539897222076147e-05,2.3609022556390977,1.0,5.7951734465985,/net/nfs-ip34/jbod2/def-ilafores/ref_dbs/sourmash_db/RefSeq_20250528.k31.sbt.zip,GCF_025147765.1_ASM2514776v1_genomic,6fb5d9fae55cc8ecb2a67f82352fb7a7,0.1116083916083916,133000,129,271130000,/nfs3_ib/nfs-ip34/home/def-ilafores/analysis/MethodsComparison/Feces_RA/preproc/SRR5091505/SRR5091505_unmatched_2.fastq,SRR5091505,e45298da,380642000,31,DNA,1000,380642,True,0.8014670707119892,0.9317095425220779,0.8665883066170336,0.9317095425220779,False,314,2044057,4164513
632000,0.0016603527724213304,0.0531829170024174,0.0003467825410753411,0.0003642682829901119,11.492424242424242,11.0,4.708947338008738,/net/nfs-ip34/jbod2/def-ilafores/ref_dbs/sourmash_db/RefSeq_20250528.k31.sbt.zip,GCF_042851345.1_ASM4285134v1_genomic,f81cc3ef25c95cbc9b1785d595b1acfe,0.25463336019339244,132000,130,270998000,/nfs3_ib/nfs-ip34/home/def-ilafores/analysis/MethodsComparison/Feces_RA/preproc/SRR5091505/SRR5091505_unmatched_2.fastq,SRR5091505,e45298da,380642000,31,DNA,1000,380642,True,0.8134465924952904,0.9568326304531314,0.8851396114742109,0.9568326304531314,False,1517,2045574,4164513
1418000,0.0037252851760972254,0.019418914912540764,0.00034415540061264913,0.0005705348980781186,18.137404580152673,2.0,55.33475687535489,/net/nfs-ip34/jbod2/def-ilafores/ref_dbs/sourmash_db/RefSeq_20250528.k31.sbt.zip,GCF_025914275.1_ASM2591427v1_genomic,00f84a19a7eccd4339a873932a896c19,0.21019863622887638,131000,131,270867000,/nfs3_ib/nfs-ip34/home/def-ilafores/analysis/MethodsComparison/Feces_RA/preproc/SRR5091505/SRR5091505_unmatched_2.fastq,SRR5091505,e45298da,380642000,31,DNA,1000,380642,True,0.8349304637004124,0.9509317574924894,0.8929311105964508,0.9509317574924894,False,2376,2047950,4164513
1738000,0.004565970124158658,0.03351379221448827,0.0003415282601499572,7.251748283652854e-05,2.3230769230769233,2.0,2.174026341271968,/net/nfs-ip34/jbod2/def-ilafores/ref_dbs/sourmash_db/RefSeq_20250528.k31.sbt.zip,GCF_010508875.1_ASM1050887v1_genomic,59ccf44fc685eb2124290b6866f4a03f,0.4480536220675432,130000,132,270737000,/nfs3_ib/nfs-ip34/home/def-ilafores/analysis/MethodsComparison/Feces_RA/preproc/SRR5091505/SRR5091505_unmatched_2.fastq,SRR5091505,e45298da,380642000,31,DNA,1000,380642,True,0.8404290711951724,0.9744343397563151,0.9074317054757437,0.9744343397563151,False,302,2048252,4164513
674000,0.0017706926718543934,0.041348600508905854,0.0003415282601499572,8.956629502657334e-05,2.8692307692307693,1.0,6.0984089495520335,/net/nfs-ip34/jbod2/def-ilafores/ref_dbs/sourmash_db/RefSeq_20250528.k31.sbt.zip,GCF_042854315.1_ASM4285431v1_genomic,8c077732bd97ee96b603cc65c422945d,0.2143765903307888,130000,133,270607000,/nfs3_ib/nfs-ip34/home/def-ilafores/analysis/MethodsComparison/Feces_RA/preproc/SRR5091505/SRR5091505_unmatched_2.fastq,SRR5091505,e45298da,380642000,31,DNA,1000,380642,True,0.8151366598525988,0.9515356763015067,0.8833361680770527,0.9515356763015067,False,373,2048625,4164513
192000,0.0005044109688368599,0.038143110585452396,0.0003389011196872652,0.00010709535544732361,3.4573643410852712,1.0,11.536936134818616,/net/nfs-ip34/jbod2/def-ilafores/ref_dbs/sourmash_db/RefSeq_20250528.k31.sbt.zip,GCF_001454945.1_ASM145494v1_genomic,380e5279419db353c2f7e8db083c21b8,0.05677114133648729,129000,134,270478000,/nfs3_ib/nfs-ip34/home/def-ilafores/analysis/MethodsComparison/Feces_RA/preproc/SRR5091505/SRR5091505_unmatched_2.fastq,SRR5091505,e45298da,380642000,31,DNA,1000,380642,True,0.7827772773998465,0.9116131233850827,0.8471952003924645,0.9116131233850827,False,446,2049071,4164513
1895000,0.004978431176801299,0.04128440366972477,0.00033101969829918925,0.0004199770777519484,13.880952380952381,4.0,23.37228284618721,/net/nfs-ip34/jbod2/def-ilafores/ref_dbs/sourmash_db/RefSeq_20250528.k31.sbt.zip,GCF_023347255.1_ASM2334725v1_genomic,58b144de4acaed89ce9d8071641d7213,0.6209043250327654,126000,135,270352000,/nfs3_ib/nfs-ip34/home/def-ilafores/analysis/MethodsComparison/Feces_RA/preproc/SRR5091505/SRR5091505_unmatched_2.fastq,SRR5091505,e45298da,380642000,31,DNA,1000,380642,True,0.8427769741023482,0.9847440761486325,0.9137605251254903,0.9847440761486325,False,1749,2050820,4164513
356000,0.0009352620047183443,0.03165688026550932,0.0003257654173738053,4.202172018673012e-05,1.4112903225806452,1.0,0.9419617208011878,/net/nfs-ip34/jbod2/def-ilafores/ref_dbs/sourmash_db/RefSeq_20250528.k31.sbt.zip,GCF_020735725.1_ASM2073572v1_genomic,468818a695d78a01f7215c72831539a1,0.09088588205259127,124000,136,270228000,/nfs3_ib/nfs-ip34/home/def-ilafores/analysis/MethodsComparison/Feces_RA/preproc/SRR5091505/SRR5091505_unmatched_2.fastq,SRR5091505,e45298da,380642000,31,DNA,1000,380642,True,0.7985243624046922,0.9255568738183367,0.8620406181115144,0.9255568738183367,False,175,2050995,4164513
2339000,0.006144881542236537,0.02724252491694352,0.00032313827691111334,0.0006149578594183762,20.821138211382113,8.0,86.25977333766562,/net/nfs-ip34/jbod2/def-ilafores/ref_dbs/sourmash_db/RefSeq_20250528.k31.sbt.zip,GCF_004328515.1_ASM432851v1_genomic,a5fd52ab16a56bc3d037173d70801227,0.5180509413067552,123000,137,270105000,/nfs3_ib/nfs-ip34/home/def-ilafores/analysis/MethodsComparison/Feces_RA/preproc/SRR5091505/SRR5091505_unmatched_2.fastq,SRR5091505,e45298da,380642000,31,DNA,1000,380642,True,0.8485193025078215,0.9790079277446183,0.9137636151262198,0.9790079277446183,False,2561,2053556,4164513
1735000,0.004558088702770582,0.042634315424610054,0.00032313827691111334,0.0014673984689206156,49.68292682926829,50.0,44.42392182662468,/net/nfs-ip34/jbod2/def-ilafores/ref_dbs/sourmash_db/RefSeq_20250528.k31.sbt.zip,GCF_002586945.1_ASM258694v1_genomic,37548ff8695f19adfb807e1221069651,0.6013864818024264,123000,138,269982000,/nfs3_ib/nfs-ip34/home/def-ilafores/analysis/MethodsComparison/Feces_RA/preproc/SRR5091505/SRR5091505_unmatched_2.fastq,SRR5091505,e45298da,380642000,31,DNA,1000,380642,True,0.8403822358369347,0.9837300196122362,0.9120561277245854,0.9837300196122362,False,6111,2059667,4164513
187000,0.0004912752665233999,0.01755952380952381,0.00031000257459765345,7.99613304124636e-05,2.8220338983050848,1.0,8.962853052812402,/net/nfs-ip34/jbod2/def-ilafores/ref_dbs/sourmash_db/RefSeq_20250528.k31.sbt.zip,GCF_017873595.1_ASM1787359v1_genomic,8314f9f37434b00a96c923f258f58e3d,0.02782738095238095,118000,139,269864000,/nfs3_ib/nfs-ip34/home/def-ilafores/analysis/MethodsComparison/Feces_RA/preproc/SRR5091505/SRR5091505_unmatched_2.fastq,SRR5091505,e45298da,380642000,31,DNA,1000,380642,True,0.7821112721008798,0.8908850850868377,0.8364981785938588,0.8908850850868377,False,333,2060000,4164513
3108000,0.008165152558046668,0.021218715995647442,0.00030737543413496146,0.0001042138660630907,3.7094017094017095,2.0,7.2348395324880395,/net/nfs-ip34/jbod2/def-ilafores/ref_dbs/sourmash_db/RefSeq_20250528.k31.sbt.zip,GCF_020091445.1_ASM2009144v1_genomic,ff35aa4d24d1a3b4813c1b80434118bb,0.5636561479869423,117000,140,269747000,/nfs3_ib/nfs-ip34/home/def-ilafores/analysis/MethodsComparison/Feces_RA/preproc/SRR5091505/SRR5091505_unmatched_2.fastq,SRR5091505,e45298da,380642000,31,DNA,1000,380642,True,0.8563356210835754,0.9816760634278034,0.9190058422556895,0.9816760634278034,False,434,2060434,4164513
1225000,0.0032182470667976733,0.03560176433522369,0.00029686687228419357,0.0004946556776266517,18.23008849557522,3.0,30.3151613254302,/net/nfs-ip34/jbod2/def-ilafores/ref_dbs/sourmash_db/RefSeq_20250528.k31.sbt.zip,GCF_023347235.1_ASM2334723v1_genomic,463a8ff2f26f37a3c67c2a86a64398f8,0.3859483301827347,113000,141,269634000,/nfs3_ib/nfs-ip34/home/def-ilafores/analysis/MethodsComparison/Feces_RA/preproc/SRR5091505/SRR5091505_unmatched_2.fastq,SRR5091505,e45298da,380642000,31,DNA,1000,380642,True,0.8309992373856095,0.9697554548408337,0.9003773461132216,0.9697554548408337,False,2060,2062494,4164513
553000,0.001452808675868664,0.022763900080580178,0.00029686687228419357,0.00027494211207889133,10.132743362831858,8.0,11.73264444067515,/net/nfs-ip34/jbod2/def-ilafores/ref_dbs/sourmash_db/RefSeq_20250528.k31.sbt.zip,GCF_030294885.1_ASM3029488v1_genomic,a7d215001f502140cd4583f77da3b572,0.11140209508460919,113000,142,269521000,/nfs3_ib/nfs-ip34/home/def-ilafores/analysis/MethodsComparison/Feces_RA/preproc/SRR5091505/SRR5091505_unmatched_2.fastq,SRR5091505,e45298da,380642000,31,DNA,1000,380642,True,0.8099502359773082,0.9316539389574484,0.8708020874673783,0.9316539389574484,False,1145,2063639,4164513
643000,0.0016892513175109421,0.03577235772357724,0.0002889854508961176,7.828046160499438e-05,2.963636363636364,1.0,4.5863974230668285,/net/nfs-ip34/jbod2/def-ilafores/ref_dbs/sourmash_db/RefSeq_20250528.k31.sbt.zip,GCF_042848525.1_ASM4284852v1_genomic,268c95f33661b42130c76be0c47d4640,0.20910569105691057,110000,143,269411000,/nfs3_ib/nfs-ip34/home/def-ilafores/analysis/MethodsComparison/Feces_RA/preproc/SRR5091505/SRR5091505_unmatched_2.fastq,SRR5091505,e45298da,380642000,31,DNA,1000,380642,True,0.8138995020647829,0.9507718565026952,0.8823356792837391,0.9507718565026952,False,326,2063965,4164513
2508000,0.006588868280431481,0.017997553730560896,0.00027059546765727374,0.00010133237667885777,4.097087378640777,1.0,9.146610134554223,/net/nfs-ip34/jbod2/def-ilafores/ref_dbs/sourmash_db/RefSeq_20250528.k31.sbt.zip,GCF_042850145.1_ASM4285014v1_genomic,6350fb91e771d4a1538082fbe2684b37,0.43823169666258954,103000,144,269308000,/nfs3_ib/nfs-ip34/home/def-ilafores/analysis/MethodsComparison/Feces_RA/preproc/SRR5091505/SRR5091505_unmatched_2.fastq,SRR5091505,e45298da,380642000,31,DNA,1000,380642,True,0.8504309532718453,0.9737378632259927,0.912084408248919,0.9737378632259927,False,422,2064387,4164513
4064000,0.0106766988403802,0.020003922337713278,0.0002679683271945818,0.0002727809950407166,11.137254901960784,3.5,15.07955323601366,/net/nfs-ip34/jbod2/def-ilafores/ref_dbs/sourmash_db/RefSeq_20250528.k31.sbt.zip,GCF_018289355.1_ASM1828935v1_genomic,2cc034a4db3dba2e340c8fa9efefef92,0.7970190233379094,102000,145,269206000,/nfs3_ib/nfs-ip34/home/def-ilafores/analysis/MethodsComparison/Feces_RA/preproc/SRR5091505/SRR5091505_unmatched_2.fastq,SRR5091505,e45298da,380642000,31,DNA,1000,380642,True,0.8637761199256262,0.992708111518805,0.9282421157222156,0.992708111518805,False,1136,2065523,4164513
121000,0.00031788399598572936,0.034553540882654804,0.0002653411867318898,3.553836907220604e-05,1.4653465346534653,1.0,2.5968921121775494,/net/nfs-ip34/jbod2/def-ilafores/ref_dbs/sourmash_db/RefSeq_20250528.k31.sbt.zip,GCF_025148965.1_ASM2514896v1_genomic,4fe134d0444f089dec5e462a3d358d30,0.041395826205952786,101000,146,269105000,/nfs3_ib/nfs-ip34/home/def-ilafores/analysis/MethodsComparison/Feces_RA/preproc/SRR5091505/SRR5091505_unmatched_2.fastq,SRR5091505,e45298da,380642000,31,DNA,1000,380642,True,0.7712052136287756,0.9023721752415276,0.8367886944351516,0.9023721752415276,False,148,2065671,4164513
1685000,0.0044267316796359835,0.03576487252124646,0.0002653411867318898,0.001341813556591131,55.32673267326733,59.0,50.381339644496165,/net/nfs-ip34/jbod2/def-ilafores/ref_dbs/sourmash_db/RefSeq_20250528.k31.sbt.zip,GCF_024167885.1_ASM2416788v1_genomic,ce4fdc293b1b11e3766ab11638f10cc6,0.5966713881019831,101000,147,269004000,/nfs3_ib/nfs-ip34/home/def-ilafores/analysis/MethodsComparison/Feces_RA/preproc/SRR5091505/SRR5091505_unmatched_2.fastq,SRR5091505,e45298da,380642000,31,DNA,1000,380642,True,0.8395898892472241,0.9834802705507457,0.911535079898985,0.9834802705507457,False,5588,2071259,4164513
4259000,0.011188991230605136,0.014300610755251006,0.00025220548441842993,6.627425583735721e-05,2.875,1.0,3.2379584617471546,/net/nfs-ip34/jbod2/def-ilafores/ref_dbs/sourmash_db/RefSeq_20250528.k31.sbt.zip,GCF_030168555.1_ASM3016855v1_genomic,761bc93d29d61ce80809686c2d5128e5,0.6344406375688961,96000,148,268908000,/nfs3_ib/nfs-ip34/home/def-ilafores/analysis/MethodsComparison/Feces_RA/preproc/SRR5091505/SRR5091505_unmatched_2.fastq,SRR5091505,e45298da,380642000,31,DNA,1000,380642,True,0.865082988834206,0.9854294016284942,0.92525619523135,0.9854294016284942,False,276,2071535,4164513
988000,0.0025956147771396747,0.026021264689423614,0.00024432406303035397,3.6979113764322506e-05,1.6559139784946237,1.0,1.5622882559728977,/net/nfs-ip34/jbod2/def-ilafores/ref_dbs/sourmash_db/RefSeq_20250528.k31.sbt.zip,GCF_000209835.1_ASM20983v1_genomic,ab50710d4b2685ccaecb7b36ef7d16eb,0.27644096250699496,93000,149,268815000,/nfs3_ib/nfs-ip34/home/def-ilafores/analysis/MethodsComparison/Feces_RA/preproc/SRR5091505/SRR5091505_unmatched_2.fastq,SRR5091505,e45298da,380642000,31,DNA,1000,380642,True,0.8252554379796375,0.9593722981696032,0.8923138680746203,0.9593722981696032,False,154,2071689,4164513
106000,0.0002784768890453497,0.04460431654676259,0.00024432406303035397,2.6413652688801788e-05,1.1827956989247312,1.0,0.4386253345026052,/net/nfs-ip34/jbod2/def-ilafores/ref_dbs/sourmash_db/RefSeq_20250528.k31.sbt.zip,GCF_034134805.1_ASM3413480v1_genomic,8cc3e617e164ee9e89b0213e54dc6acd,0.05083932853717026,93000,150,268722000,/nfs3_ib/nfs-ip34/home/def-ilafores/analysis/MethodsComparison/Feces_RA/preproc/SRR5091505/SRR5091505_unmatched_2.fastq,SRR5091505,e45298da,380642000,31,DNA,1000,380642,True,0.7679196475003532,0.9083736125691454,0.8381466300347493,0.9083736125691454,False,110,2071799,4164513
94000,0.00024695120349304596,0.043519394512771994,0.000241696922567662,2.8814893842329223e-05,1.3043478260869565,1.0,0.7333533823231739,/net/nfs-ip34/jbod2/def-ilafores/ref_dbs/sourmash_db/RefSeq_20250528.k31.sbt.zip,GCF_018406505.1_ASM1840650v1_genomic,872ba7f893b2935ffad03d3bc2f1bde1,0.04446546830652791,92000,151,268630000,/nfs3_ib/nfs-ip34/home/def-ilafores/analysis/MethodsComparison/Feces_RA/preproc/SRR5091505/SRR5091505_unmatched_2.fastq,SRR5091505,e45298da,380642000,31,DNA,1000,380642,True,0.7649492402883036,0.9044568130347928,0.8347030266615482,0.9044568130347928,False,120,2071919,4164513
3859000,0.010138135045528344,0.019991308126901346,0.000241696922567662,0.0001637646466705711,7.413043478260869,6.0,5.246431859748034,/net/nfs-ip34/jbod2/def-ilafores/ref_dbs/sourmash_db/RefSeq_20250528.k31.sbt.zip,GCF_044361425.1_ASM4436142v1_genomic,3fefc7b82ec3714f447cba888f85e7ce,0.838548457192525,92000,152,268538000,/nfs3_ib/nfs-ip34/home/def-ilafores/analysis/MethodsComparison/Feces_RA/preproc/SRR5091505/SRR5091505_unmatched_2.fastq,SRR5091505,e45298da,380642000,31,DNA,1000,380642,True,0.8623351061560971,0.9943360073925186,0.9283355567743079,0.9943360073925186,False,682,2072601,4164513
1458000,0.0038303707946049045,0.03193335647344672,0.000241696922567662,0.00010997684483155654,4.978260869565218,3.0,8.795970249358467,/net/nfs-ip34/jbod2/def-ilafores/ref_dbs/sourmash_db/RefSeq_20250528.k31.sbt.zip,GCF_003312465.1_ASM331246v1_genomic,be5c860d5d238c3f38a0963a5d83b576,0.5060742797639708,92000,153,268446000,/nfs3_ib/nfs-ip34/home/def-ilafores/analysis/MethodsComparison/Feces_RA/preproc/SRR5091505/SRR5091505_unmatched_2.fastq,SRR5091505,e45298da,380642000,31,DNA,1000,380642,True,0.8356800343937776,0.9782695251851888,0.9069747797894832,0.9782695251851888,False,458,2073059,4164513
3495000,0.009181855917108465,0.016333938294010888,0.00023644264164227806,0.0001942604093203695,8.988888888888889,7.0,6.8758748040513105,/net/nfs-ip34/jbod2/def-ilafores/ref_dbs/sourmash_db/RefSeq_20250528.k31.sbt.zip,GCF_000724815.2_ASM72481v2_genomic,b9aa1a1f244c1c0700ca0455b6d70026,0.6343012704174229,90000,154,268356000,/nfs3_ib/nfs-ip34/home/def-ilafores/analysis/MethodsComparison/Feces_RA/preproc/SRR5091505/SRR5091505_unmatched_2.fastq,SRR5091505,e45298da,380642000,31,DNA,1000,380642,True,0.8595835184500239,0.985422418027489,0.9225029682387564,0.985422418027489,False,809,2073868,4164513
2129000,0.005593182045071221,0.03038674033149171,0.00023118836071689408,9.460890144898094e-05,4.4772727272727275,3.0,4.28256845385844,/net/nfs-ip34/jbod2/def-ilafores/ref_dbs/sourmash_db/RefSeq_20250528.k31.sbt.zip,GCF_036632915.2_ASM3663291v2_genomic,1be8a5fa3d48a02ef6804d87b6dc2cbb,0.7351519337016574,88000,155,268268000,/nfs3_ib/nfs-ip34/home/def-ilafores/analysis/MethodsComparison/Feces_RA/preproc/SRR5091505/SRR5091505_unmatched_2.fastq,SRR5091505,e45298da,380642000,31,DNA,1000,380642,True,0.845948329691364,0.9901239916226027,0.9180361606569833,0.9901239916226027,False,394,2074262,4164513
2724000,0.007156330620372949,0.017838835349600166,0.00022856122025420212,4.6584078378432244e-05,2.2298850574712645,1.0,2.147980336739166,/net/nfs-ip34/jbod2/def-ilafores/ref_dbs/sourmash_db/RefSeq_20250528.k31.sbt.zip,GCF_016888905.1_ASM1688890v1_genomic,4a73284fb7aa93b34e28ef31ee744f48,0.5585400861185155,87000,156,268181000,/nfs3_ib/nfs-ip34/home/def-ilafores/analysis/MethodsComparison/Feces_RA/preproc/SRR5091505/SRR5091505_unmatched_2.fastq,SRR5091505,e45298da,380642000,31,DNA,1000,380642,True,0.8527003954794915,0.9813873661922726,0.9170438808358821,0.9813873661922726,False,194,2074456,4164513
4336000,0.011391281046232419,0.015610818660373933,0.00022593407979151013,0.0007796830025503582,37.75581395348837,35.5,27.42683122143547,/net/nfs-ip34/jbod2/def-ilafores/ref_dbs/sourmash_db/RefSeq_20250528.k31.sbt.zip,GCF_013010365.1_ASM1301036v1_genomic,5238ee0271b59904257c2ba3bb41a6da,0.7870756943183881,86000,157,268095000,/nfs3_ib/nfs-ip34/home/def-ilafores/analysis/MethodsComparison/Feces_RA/preproc/SRR5091505/SRR5091505_unmatched_2.fastq,SRR5091505,e45298da,380642000,31,DNA,1000,380642,True,0.8655831477941717,0.992306174223985,0.9289446610090784,0.992306174223985,False,3247,2077703,4164513
1041000,0.0027348532216623493,0.036564625850340135,0.00022593407979151013,0.002868762806119227,138.91860465116278,150.0,104.37234498684506,/net/nfs-ip34/jbod2/def-ilafores/ref_dbs/sourmash_db/RefSeq_20250528.k31.sbt.zip,GCF_045689695.1_ASM4568969v1_genomic,d04fa629f7078f6ef871f8ddfe34e7ec,0.44260204081632654,86000,158,268009000,/nfs3_ib/nfs-ip34/home/def-ilafores/analysis/MethodsComparison/Feces_RA/preproc/SRR5091505/SRR5091505_unmatched_2.fastq,SRR5091505,e45298da,380642000,31,DNA,1000,380642,True,0.8266476821382944,0.9740496122715909,0.9003486472049427,0.9740496122715909,False,11947,2089650,4164513
171000,0.0004492410191203283,0.026674937965260544,0.00022593407979151013,4.4182837224904806e-05,2.13953488372093,1.0,4.171226997825434,/net/nfs-ip34/jbod2/def-ilafores/ref_dbs/sourmash_db/RefSeq_20250528.k31.sbt.zip,GCF_042848755.1_ASM4284875v1_genomic,92985eccd492baad7ea1e3f3c13c1b98,0.05303970223325062,86000,159,267923000,/nfs3_ib/nfs-ip34/home/def-ilafores/analysis/MethodsComparison/Feces_RA/preproc/SRR5091505/SRR5091505_unmatched_2.fastq,SRR5091505,e45298da,380642000,31,DNA,1000,380642,True,0.7798578797117417,0.9096160174868432,0.8447369485992924,0.9096160174868432,False,184,2089834,4164513
232000,0.000609496587344539,0.020706455542021926,0.00022330693932881814,0.00022763766135440087,11.152941176470588,1.0,34.500641386144736,/net/nfs-ip34/jbod2/def-ilafores/ref_dbs/sourmash_db/RefSeq_20250528.k31.sbt.zip,GCF_019249655.2_ASM1924965v2_genomic,3f5e042dde22a559937bb52d73a1aae8,0.05651644336175396,85000,160,267838000,/nfs3_ib/nfs-ip34/home/def-ilafores/analysis/MethodsComparison/Feces_RA/preproc/SRR5091505/SRR5091505_unmatched_2.fastq,SRR5091505,e45298da,380642000,31,DNA,1000,380642,True,0.7875704195842266,0.911480905173154,0.8495256623786903,0.911480905173154,False,948,2090782,4164513
970000,0.002548326248811219,0.030400572246065807,0.00022330693932881814,8.88459226805151e-05,4.352941176470588,2.0,5.433460347649643,/net/nfs-ip34/jbod2/def-ilafores/ref_dbs/sourmash_db/RefSeq_20250528.k31.sbt.zip,GCF_030864025.1_ASM3086402v1_genomic,f73fd890bde9240f282aef5dc2a2f54a,0.3469241773962804,85000,161,267753000,/nfs3_ib/nfs-ip34/home/def-ilafores/analysis/MethodsComparison/Feces_RA/preproc/SRR5091505/SRR5091505_unmatched_2.fastq,SRR5091505,e45298da,380642000,31,DNA,1000,380642,True,0.824766110098665,0.9664265599671258,0.8955963350328954,0.9664265599671258,False,370,2091152,4164513
1732000,0.004550207281382506,0.03748326639892905,0.00022067979886612618,0.0006533777178748152,32.392857142857146,32.0,14.256174816835097,/net/nfs-ip34/jbod2/def-ilafores/ref_dbs/sourmash_db/RefSeq_20250528.k31.sbt.zip,GCF_000165905.1_ASM16590v1_genomic,509d7f3cc32d1d8c159815933e5e087d,0.7728692547969657,84000,162,267669000,/nfs3_ib/nfs-ip34/home/def-ilafores/analysis/MethodsComparison/Feces_RA/preproc/SRR5091505/SRR5091505_unmatched_2.fastq,SRR5091505,e45298da,380642000,31,DNA,1000,380642,True,0.8403353220420692,0.991723300611146,0.9160293113266076,0.991723300611146,False,2721,2093873,4164513
84000,0.00022067979886612618,0.03287890938251804,0.0002154255179407422,0.00010085212844815228,5.121951219512195,1.0,15.81554518072248,/net/nfs-ip34/jbod2/def-ilafores/ref_dbs/sourmash_db/RefSeq_20250528.k31.sbt.zip,GCF_900683765.1_Phascolarctobacterium_succinatutens_82G5_genomic,3f78203e6069e7dd0f934cece4bae86a,0.03368083400160385,82000,163,267587000,/nfs3_ib/nfs-ip34/home/def-ilafores/analysis/MethodsComparison/Feces_RA/preproc/SRR5091505/SRR5091505_unmatched_2.fastq,SRR5091505,e45298da,380642000,31,DNA,1000,380642,True,0.76217878718307,0.8963883850826991,0.8292835861328846,0.8963883850826991,False,420,2094293,4164513
591000,0.0015526400134509592,0.022114347357065803,0.0002154255179407422,8.740517798839864e-05,4.439024390243903,1.0,6.418527984453289,/net/nfs-ip34/jbod2/def-ilafores/ref_dbs/sourmash_db/RefSeq_20250528.k31.sbt.zip,GCF_964272285.1_LUMC_Rgna_QRD029_genomic,c661224dbde67e91bffdcd4e1d64d062,0.1593851132686084,82000,164,267505000,/nfs3_ib/nfs-ip34/home/def-ilafores/analysis/MethodsComparison/Feces_RA/preproc/SRR5091505/SRR5091505_unmatched_2.fastq,SRR5091505,e45298da,380642000,31,DNA,1000,380642,True,0.8116884754929405,0.9424807926592379,0.8770846340760892,0.9424807926592379,False,364,2094657,4164513
739000,0.001941456801929372,0.028933092224231464,0.00021017123701535826,0.00033617376149384096,17.5,3.0,30.02082610455615,/net/nfs-ip34/jbod2/def-ilafores/ref_dbs/sourmash_db/RefSeq_20250528.k31.sbt.zip,GCF_023347275.1_ASM2334727v1_genomic,88f1b5eec91b23fd70f1b11b9f13bd9a,0.26726943942133813,80000,165,267425000,/nfs3_ib/nfs-ip34/home/def-ilafores/analysis/MethodsComparison/Feces_RA/preproc/SRR5091505/SRR5091505_unmatched_2.fastq,SRR5091505,e45298da,380642000,31,DNA,1000,380642,True,0.8175611566578598,0.9583286979163346,0.8879449272870972,0.9583286979163346,False,1400,2096057,4164513
94000,0.00024695120349304596,0.041906757464641176,0.00021017123701535826,2.305191507386338e-05,1.2,1.0,0.4301162633521314,/net/nfs-ip34/jbod2/def-ilafores/ref_dbs/sourmash_db/RefSeq_20250528.k31.sbt.zip,GCF_016903355.1_ASM1690335v1_genomic,c4e475593537b275a38e6fbde48a2314,0.04924044002095338,80000,166,267345000,/nfs3_ib/nfs-ip34/home/def-ilafores/analysis/MethodsComparison/Feces_RA/preproc/SRR5091505/SRR5091505_unmatched_2.fastq,SRR5091505,e45298da,380642000,31,DNA,1000,380642,True,0.7649492402883036,0.9074377375855927,0.8361934889369481,0.9074377375855927,False,96,2096153,4164513
80000,0.00021017123701535826,0.0371066228276186,0.0002075440965526663,2.2091418612452403e-05,1.1645569620253164,1.0,0.46198196432644695,/net/nfs-ip34/jbod2/def-ilafores/ref_dbs/sourmash_db/RefSeq_20250528.k31.sbt.zip,GCF_014931395.1_ASM1493139v1_genomic,f933131d2119ed65677531a0c48a4c5a,0.03757632691404415,79000,167,267266000,/nfs3_ib/nfs-ip34/home/def-ilafores/analysis/MethodsComparison/Feces_RA/preproc/SRR5091505/SRR5091505_unmatched_2.fastq,SRR5091505,e45298da,380642000,31,DNA,1000,380642,True,0.7609801555776988,0.8995586714561337,0.8302694135169162,0.8995586714561337,False,92,2096245,4164513
694000,0.001823235481108233,0.02771855010660981,0.0002049169560899743,0.0002989545236141657,15.961538461538462,2.0,27.715330529349362,/net/nfs-ip34/jbod2/def-ilafores/ref_dbs/sourmash_db/RefSeq_20250528.k31.sbt.zip,GCF_019968015.1_ASM1996801v1_genomic,517ce21e5547904474906c4ba8b4528a,0.24662402274342574,78000,168,267188000,/nfs3_ib/nfs-ip34/home/def-ilafores/analysis/MethodsComparison/Feces_RA/preproc/SRR5091505/SRR5091505_unmatched_2.fastq,SRR5091505,e45298da,380642000,31,DNA,1000,380642,True,0.8159059291837973,0.9558466842870667,0.885876306735432,0.9558466842870667,False,1245,2097490,4164513
83000,0.0002180526584034342,0.02989771833202203,0.00019966267516459036,2.6893900919507275e-05,1.4736842105263157,1.0,1.6179395946251998,/net/nfs-ip34/jbod2/def-ilafores/ref_dbs/sourmash_db/RefSeq_20250528.k31.sbt.zip,GCF_900015215.1_CRIB_assembly_V1_genomic,4f1f5b624ed155579fa4ba377193c4ab,0.032651455546813535,76000,169,267112000,/nfs3_ib/nfs-ip34/home/def-ilafores/analysis/MethodsComparison/Feces_RA/preproc/SRR5091505/SRR5091505_unmatched_2.fastq,SRR5091505,e45298da,380642000,31,DNA,1000,380642,True,0.7618843924801684,0.8954913032342254,0.8286878478571968,0.8954913032342254,False,112,2097602,4164513
1538000,0.004040542031620262,0.025894378194207836,0.00019966267516459036,6.84353728755319e-05,3.75,2.0,11.88998362178501,/net/nfs-ip34/jbod2/def-ilafores/ref_dbs/sourmash_db/RefSeq_20250528.k31.sbt.zip,GCF_040058985.1_ASM4005898v1_genomic,9217c1f8c150568f8c71781398566ec7,0.5240204429301534,76000,170,267036000,/nfs3_ib/nfs-ip34/home/def-ilafores/analysis/MethodsComparison/Feces_RA/preproc/SRR5091505/SRR5091505_unmatched_2.fastq,SRR5091505,e45298da,380642000,31,DNA,1000,380642,True,0.8371212666885426,0.9793698206942366,0.9082455436913897,0.9793698206942366,False,285,2097887,4164513
1240000,0.003257654173738053,0.00030673113401728997,0.00019966267516459036,0.0002249962960855207,12.328947368421053,1.0,34.394915535314816,/net/nfs-ip34/jbod2/def-ilafores/ref_dbs/sourmash_db/RefSeq_20250528.k31.sbt.zip,plasmid.1.1.genomic,8051cea624a45a3e4dc84e7fef1c6e83,0.00500456060765052,76000,171,266960000,/nfs3_ib/nfs-ip34/home/def-ilafores/analysis/MethodsComparison/Feces_RA/preproc/SRR5091505/SRR5091505_unmatched_2.fastq,SRR5091505,e45298da,380642000,31,DNA,1000,380642,True,0.8313255500110545,0.8429193012875564,0.8371224256493055,0.8429193012875564,False,937,2098824,4164513
701000,0.0018416254643470768,0.011592434411226357,0.00019966267516459036,0.00013783124221247478,7.552631578947368,1.0,16.38708954027859,/net/nfs-ip34/jbod2/def-ilafores/ref_dbs/sourmash_db/RefSeq_20250528.k31.sbt.zip,GCF_025263845.1_ASM2526384v1_genomic,d20001d187626a256609db74af93bd0e,0.10692495424039049,76000,172,266884000,/nfs3_ib/nfs-ip34/home/def-ilafores/analysis/MethodsComparison/Feces_RA/preproc/SRR5091505/SRR5091505_unmatched_2.fastq,SRR5091505,e45298da,380642000,31,DNA,1000,380642,True,0.8161701129757943,0.9304219984659597,0.8732960557208771,0.9304219984659597,False,574,2099398,4164513
592000,0.001555267153913651,0.023277467411545624,0.00019703553470189837,0.00014167322805811868,7.866666666666666,2.0,20.107267895520323,/net/nfs-ip34/jbod2/def-ilafores/ref_dbs/sourmash_db/RefSeq_20250528.k31.sbt.zip,GCF_006542665.1_Acom_1.0_genomic,56a187d0b325a22e72d7369e11bd76b9,0.18373680943513346,75000,173,266809000,/nfs3_ib/nfs-ip34/home/def-ilafores/analysis/MethodsComparison/Feces_RA/preproc/SRR5091505/SRR5091505_unmatched_2.fastq,SRR5091505,e45298da,380642000,31,DNA,1000,380642,True,0.8117327429814127,0.9468133931231097,0.8792730680522612,0.9468133931231097,False,590,2099988,4164513
3029000,0.007957608461494002,0.011908542394410923,0.00019703553470189837,9.43687773336282e-05,5.24,4.0,4.718304780321,/net/nfs-ip34/jbod2/def-ilafores/ref_dbs/sourmash_db/RefSeq_20250528.k31.sbt.zip,GCF_018289135.1_ASM1828913v1_genomic,f3a7db5030ffaeccc9f1bc5800350966,0.4809463321689425,75000,174,266734000,/nfs3_ib/nfs-ip34/home/def-ilafores/analysis/MethodsComparison/Feces_RA/preproc/SRR5091505/SRR5091505_unmatched_2.fastq,SRR5091505,e45298da,380642000,31,DNA,1000,380642,True,0.8556246909349984,0.9766637128587213,0.9161442018968599,0.9766637128587213,False,393,2100381,4164513
1056000,0.002774260328602729,0.0387434554973822,0.00019440839423920638,0.00012342379529131018,6.945945945945946,6.0,4.203897457707074,/net/nfs-ip34/jbod2/def-ilafores/ref_dbs/sourmash_db/RefSeq_20250528.k31.sbt.zip,GCF_022643325.1_ASM2264332v1_genomic,12accfd69bb4b04b5cc60bcd1fb2d89c,0.5528795811518324,74000,175,266660000,/nfs3_ib/nfs-ip34/home/def-ilafores/analysis/MethodsComparison/Feces_RA/preproc/SRR5091505/SRR5091505_unmatched_2.fastq,SRR5091505,e45298da,380642000,31,DNA,1000,380642,True,0.8270292653039323,0.9810649489430918,0.9040471071235121,0.9810649489430918,False,514,2100895,4164513
622000,0.0016340813677944105,0.018353174603174604,0.00019440839423920638,6.531375937594624e-05,3.675675675675676,1.0,6.111814230824676,/net/nfs-ip34/jbod2/def-ilafores/ref_dbs/sourmash_db/RefSeq_20250528.k31.sbt.zip,GCF_032450655.1_ASM3245065v1_genomic,238dff01323d07dfd5222980fc0a672b,0.15426587301587302,74000,176,266586000,/nfs3_ib/nfs-ip34/home/def-ilafores/analysis/MethodsComparison/Feces_RA/preproc/SRR5091505/SRR5091505_unmatched_2.fastq,SRR5091505,e45298da,380642000,31,DNA,1000,380642,True,0.8130281870772395,0.941488797444267,0.8772584922607531,0.941488797444267,False,272,2101167,4164513
147000,0.00038618964801572083,0.02463382157123835,0.00019440839423920638,0.00045983768090050384,25.87837837837838,3.0,46.264793894786784,/net/nfs-ip34/jbod2/def-ilafores/ref_dbs/sourmash_db/RefSeq_20250528.k31.sbt.zip,GCF_963931595.1_6755_HET_CTRL_s308.ctg000382l_hifiasm_large_MAG_genomic,8b81679f12b525c13c9f662932994a00,0.048934753661784285,74000,177,266512000,/nfs3_ib/nfs-ip34/home/def-ilafores/analysis/MethodsComparison/Feces_RA/preproc/SRR5091505/SRR5091505_unmatched_2.fastq,SRR5091505,e45298da,380642000,31,DNA,1000,380642,True,0.7760626715324771,0.9072554667377501,0.8416590691351136,0.9072554667377501,False,1915,2103082,4164513
541000,0.0014212829903163602,0.03270609318996416,0.00019178125377651442,0.0002206740620091713,12.58904109589041,12.0,6.923922430257934,/net/nfs-ip34/jbod2/def-ilafores/ref_dbs/sourmash_db/RefSeq_20250528.k31.sbt.zip,GCF_005576555.1_ASM557655v1_genomic,9382b14dc5fbc85a9b1dd4319ea3bf7e,0.24238351254480286,73000,178,266439000,/nfs3_ib/nfs-ip34/home/def-ilafores/analysis/MethodsComparison/Feces_RA/preproc/SRR5091505/SRR5091505_unmatched_2.fastq,SRR5091505,e45298da,380642000,31,DNA,1000,380642,True,0.8093772363828765,0.9553120602220463,0.8823446483024614,0.9553120602220463,False,919,2104001,4164513
186000,0.0004886481260607079,0.010678759508484494,0.00019178125377651442,3.0255638534445683e-05,1.726027397260274,1.0,1.7380533432282579,/net/nfs-ip34/jbod2/def-ilafores/ref_dbs/sourmash_db/RefSeq_20250528.k31.sbt.zip,GCF_025149285.1_ASM2514928v1_genomic,0f58288732b3804f3c8d60da453de357,0.027208894090111176,73000,179,266366000,/nfs3_ib/nfs-ip34/home/def-ilafores/analysis/MethodsComparison/Feces_RA/preproc/SRR5091505/SRR5091505_unmatched_2.fastq,SRR5091505,e45298da,380642000,31,DNA,1000,380642,True,0.781976005213328,0.8902393828565037,0.8361076940349159,0.8902393828565037,False,126,2104127,4164513
1623000,0.0042638489709490805,0.030048608042421564,0.00017864555146305454,0.0014654774759977937,89.75,83.5,40.58736944941775,/net/nfs-ip34/jbod2/def-ilafores/ref_dbs/sourmash_db/RefSeq_20250528.k31.sbt.zip,GCF_029541965.1_ASM2954196v1_genomic,e354b247edb1270dcf82decb4e5a9a34,0.7171895713654441,68000,180,266298000,/nfs3_ib/nfs-ip34/home/def-ilafores/analysis/MethodsComparison/Feces_RA/preproc/SRR5091505/SRR5091505_unmatched_2.fastq,SRR5091505,e45298da,380642000,31,DNA,1000,380642,True,0.8385751604757202,0.9893342200997913,0.9139546902877558,0.9893342200997913,False,6103,2110230,4164513
1292000,0.003394265477798036,0.013891726251276814,0.00017864555146305454,5.5228546531131014e-05,3.3823529411764706,2.0,6.439833327594529,/net/nfs-ip34/jbod2/def-ilafores/ref_dbs/sourmash_db/RefSeq_20250528.k31.sbt.zip,GCF_040687835.1_BfineCL09T03C10_hyb1_genomic,2fc098c7ce25807ec176d4c82a66ac2e,0.26394279877425947,68000,181,266230000,/nfs3_ib/nfs-ip34/home/def-ilafores/analysis/MethodsComparison/Feces_RA/preproc/SRR5091505/SRR5091505_unmatched_2.fastq,SRR5091505,e45298da,380642000,31,DNA,1000,380642,True,0.8324279213890244,0.9579415841996889,0.8951847527943566,0.9579415841996889,False,230,2110460,4164513
446000,0.0011717046463606223,0.03261390887290168,0.00017864555146305454,2.2331542727805148e-05,1.3676470588235294,1.0,0.6839421149549109,/net/nfs-ip34/jbod2/def-ilafores/ref_dbs/sourmash_db/RefSeq_20250528.k31.sbt.zip,GCF_002094955.1_ASM209495v1_genomic,d687911f6f9ef1eaa53b6d16bebeb8a4,0.21390887290167865,68000,182,266162000,/nfs3_ib/nfs-ip34/home/def-ilafores/analysis/MethodsComparison/Feces_RA/preproc/SRR5091505/SRR5091505_unmatched_2.fastq,SRR5091505,e45298da,380642000,31,DNA,1000,380642,True,0.8043512606953014,0.9514686371558182,0.8779099489255597,0.9514686371558182,False,93,2110553,4164513
4436000,0.011653995092501616,0.012164124909222949,0.00017601841100036255,0.0005662126640017692,35.19402985074627,31.0,22.59853304311148,/net/nfs-ip34/jbod2/def-ilafores/ref_dbs/sourmash_db/RefSeq_20250528.k31.sbt.zip,GCF_025146415.1_ASM2514641v1_genomic,fc9d6617c5819e3400afd74acbdba136,0.8053740014524329,67000,183,266095000,/nfs3_ib/nfs-ip34/home/def-ilafores/analysis/MethodsComparison/Feces_RA/preproc/SRR5091505/SRR5091505_unmatched_2.fastq,SRR5091505,e45298da,380642000,31,DNA,1000,380642,True,0.8662200269121109,0.9930421089510625,0.9296310679315867,0.9930421089510625,False,2358,2112911,4164513
1729000,0.0045423258599944305,0.01765650080256822,0.00017339127053767056,3.673898964896976e-05,2.3181818181818183,2.0,1.7421607178851637,/net/nfs-ip34/jbod2/def-ilafores/ref_dbs/sourmash_db/RefSeq_20250528.k31.sbt.zip,GCF_042854215.1_ASM4285421v1_genomic,515b5beff96e7e6ba6bac8bee6d12422,0.46254681647940077,66000,184,266029000,/nfs3_ib/nfs-ip34/home/def-ilafores/analysis/MethodsComparison/Feces_RA/preproc/SRR5091505/SRR5091505_unmatched_2.fastq,SRR5091505,e45298da,380642000,31,DNA,1000,380642,True,0.8402883295430136,0.9754355305221883,0.907861930032601,0.9754355305221883,False,153,2113064,4164513
1620000,0.004255967549561005,0.023139907440370238,0.0001707641300749786,0.0003976455350241433,25.476923076923075,26.0,8.78479051421821,/net/nfs-ip34/jbod2/def-ilafores/ref_dbs/sourmash_db/RefSeq_20250528.k31.sbt.zip,GCF_042848665.1_ASM4284866v1_genomic,44c14c79773d025792ea42fb56ac9255,0.5767176931292275,65000,185,265964000,/nfs3_ib/nfs-ip34/home/def-ilafores/analysis/MethodsComparison/Feces_RA/preproc/SRR5091505/SRR5091505_unmatched_2.fastq,SRR5091505,e45298da,380642000,31,DNA,1000,380642,True,0.8385251141997937,0.9824017737212904,0.9104634439605421,0.9824017737212904,False,1656,2114720,4164513
4238000,0.011133821280888604,0.009876918401458745,0.0001707641300749786,9.004654325727883e-05,5.769230769230769,5.0,3.8819869249144956,/net/nfs-ip34/jbod2/def-ilafores/ref_dbs/sourmash_db/RefSeq_20250528.k31.sbt.zip,GCF_009734165.1_ASM973416v1_genomic,e3fa9c4f076a3f63536cf070ae5e7e25,0.6439750797751101,65000,186,265899000,/nfs3_ib/nfs-ip34/home/def-ilafores/analysis/MethodsComparison/Feces_RA/preproc/SRR5091505/SRR5091505_unmatched_2.fastq,SRR5091505,e45298da,380642000,31,DNA,1000,380642,True,0.8649450628755956,0.985903675881176,0.9254243693783858,0.985903675881176,False,375,2115095,4164513
2056000,0.0054014007912947075,0.0228310502283105,0.0001707641300749786,8.3323068027402e-05,5.338461538461538,3.0,5.9647088344101045,/net/nfs-ip34/jbod2/def-ilafores/ref_dbs/sourmash_db/RefSeq_20250528.k31.sbt.zip,GCF_042854225.1_ASM4285422v1_genomic,387027c4a6ea2f36548bc8ed31ebb8dc,0.7221636810677906,65000,187,265834000,/nfs3_ib/nfs-ip34/home/def-ilafores/analysis/MethodsComparison/Feces_RA/preproc/SRR5091505/SRR5091505_unmatched_2.fastq,SRR5091505,e45298da,380642000,31,DNA,1000,380642,True,0.8449967630324646,0.9895548220983665,0.9172757925654156,0.9895548220983665,False,347,2115442,4164513
156000,0.0004098339121799486,0.023013304566702624,0.0001681369896122866,0.00015367943382575585,10.0,2.0,36.39368077015569,/net/nfs-ip34/jbod2/def-ilafores/ref_dbs/sourmash_db/RefSeq_20250528.k31.sbt.zip,GCF_014334055.1_ASM1433405v1_genomic,7d82c091b7553167242da89b74e9d599,0.05609492988133765,64000,188,265770000,/nfs3_ib/nfs-ip34/home/def-ilafores/analysis/MethodsComparison/Feces_RA/preproc/SRR5091505/SRR5091505_unmatched_2.fastq,SRR5091505,e45298da,380642000,31,DNA,1000,380642,True,0.7775517207746463,0.9112608180259946,0.8444062694003205,0.9112608180259946,False,640,2116082,4164513
569000,0.0014948429232717357,0.01837037037037037,0.00016288270868690266,5.9310656492127654e-05,3.9838709677419355,1.0,5.626813501165564,/net/nfs-ip34/jbod2/def-ilafores/ref_dbs/sourmash_db/RefSeq_20250528.k31.sbt.zip,GCF_023008345.1_ASM2300834v1_genomic,80788e4d9f7a77cc8143de8cf6b02058,0.1685925925925926,62000,189,265708000,/nfs3_ib/nfs-ip34/home/def-ilafores/analysis/MethodsComparison/Feces_RA/preproc/SRR5091505/SRR5091505_unmatched_2.fastq,SRR5091505,e45298da,380642000,31,DNA,1000,380642,True,0.8106957966866735,0.9441898035414303,0.877442800114052,0.9441898035414303,False,247,2116329,4164513
323000,0.000848566369449509,0.025451559934318555,0.00016288270868690266,0.0011785291581512653,79.16129032258064,70.5,54.83911764554131,/net/nfs-ip34/jbod2/def-ilafores/ref_dbs/sourmash_db/RefSeq_20250528.k31.sbt.zip,GCF_001304715.1_ASM130471v1_genomic,72d584b583ab9b130a76bfa2b9353787,0.1325944170771757,62000,190,265646000,/nfs3_ib/nfs-ip34/home/def-ilafores/analysis/MethodsComparison/Feces_RA/preproc/SRR5091505/SRR5091505_unmatched_2.fastq,SRR5091505,e45298da,380642000,31,DNA,1000,380642,True,0.7960225099313861,0.936902423889394,0.8664624669103901,0.936902423889394,False,4908,2121237,4164513
230000,0.000604242306419155,0.02481692432872254,0.00016025556822421067,3.265687968797312e-05,2.2295081967213113,1.0,2.6450909843532,/net/nfs-ip34/jbod2/def-ilafores/ref_dbs/sourmash_db/RefSeq_20250528.k31.sbt.zip,GCF_018326305.1_ASM1832630v1_genomic,5128153ef7f1c80fc4c112268b755214,0.0935720097640358,61000,191,265585000,/nfs3_ib/nfs-ip34/home/def-ilafores/analysis/MethodsComparison/Feces_RA/preproc/SRR5091505/SRR5091505_unmatched_2.fastq,SRR5091505,e45298da,380642000,31,DNA,1000,380642,True,0.7873504879077126,0.9264269065091602,0.8568886972084364,0.9264269065091602,False,136,2121373,4164513
580000,0.0015237414683613474,0.01876172607879925,0.0001576284277615187,7.155698637511757e-05,4.966666666666667,1.0,13.12245742568399,/net/nfs-ip34/jbod2/def-ilafores/ref_dbs/sourmash_db/RefSeq_20250528.k31.sbt.zip,GCF_000209935.1_ASM20993v1_genomic,dcbd1d093e4e25fa785bf2accc52d95b,0.1813633520950594,60000,192,265525000,/nfs3_ib/nfs-ip34/home/def-ilafores/analysis/MethodsComparison/Feces_RA/preproc/SRR5091505/SRR5091505_unmatched_2.fastq,SRR5091505,e45298da,380642000,31,DNA,1000,380642,True,0.8111966912059654,0.9464163687707653,0.8788065299883654,0.9464163687707653,False,298,2121671,4164513
891000,0.0023407821522585526,0.014507007622326039,0.00015500128729882673,3.745936199502799e-05,2.6440677966101696,1.0,3.4482258364458143,/net/nfs-ip34/jbod2/def-ilafores/ref_dbs/sourmash_db/RefSeq_20250528.k31.sbt.zip,GCF_022846055.1_ASM2284605v1_genomic,6b6a5701c4b4085bc7aae18a71eaefc2,0.2190804032456356,59000,193,265466000,/nfs3_ib/nfs-ip34/home/def-ilafores/analysis/MethodsComparison/Feces_RA/preproc/SRR5091505/SRR5091505_unmatched_2.fastq,SRR5091505,e45298da,380642000,31,DNA,1000,380642,True,0.8225090351924973,0.9522021246504343,0.8873555799214659,0.9522021246504343,False,156,2121827,4164513
72000,0.00018915411331382244,0.027210884353741496,0.0001471198659107508,1.6088315728633815e-05,1.1964285714285714,1.0,0.47882455992114015,/net/nfs-ip34/jbod2/def-ilafores/ref_dbs/sourmash_db/RefSeq_20250528.k31.sbt.zip,GCF_002082765.1_ASM208276v1_genomic,c888cf6718182132d09c086b08468787,0.03498542274052478,56000,194,265410000,/nfs3_ib/nfs-ip34/home/def-ilafores/analysis/MethodsComparison/Feces_RA/preproc/SRR5091505/SRR5091505_unmatched_2.fastq,SRR5091505,e45298da,380642000,31,DNA,1000,380642,True,0.7583981824957367,0.8974879307279263,0.8279430566118315,0.8974879307279263,False,67,2121894,4164513
2967000,0.007794725752807099,0.0087870704534756,0.0001471198659107508,0.00011838118886890256,8.803571428571429,2.0,19.04357751021995,/net/nfs-ip34/jbod2/def-ilafores/ref_dbs/sourmash_db/RefSeq_20250528.k31.sbt.zip,GCF_016864215.1_ASM1686421v1_genomic,3460a6d706973d7ef76859c83dbd244e,0.46555782206182333,56000,195,265354000,/nfs3_ib/nfs-ip34/home/def-ilafores/analysis/MethodsComparison/Feces_RA/preproc/SRR5091505/SRR5091505_unmatched_2.fastq,SRR5091505,e45298da,380642000,31,DNA,1000,380642,True,0.8550540639623113,0.9756397176993381,0.9153468908308247,0.9756397176993381,False,493,2122387,4164513
256000,0.0006725479584491464,0.01394876997210246,0.0001444927254480588,7.924095806640536e-05,6.0,2.0,11.357016253480408,/net/nfs-ip34/jbod2/def-ilafores/ref_dbs/sourmash_db/RefSeq_20250528.k31.sbt.zip,GCF_023497585.1_ASM2349758v1_genomic,d9c5bc738094fb07e8276cf458f5e9f1,0.06492518387014963,55000,196,265299000,/nfs3_ib/nfs-ip34/home/def-ilafores/analysis/MethodsComparison/Feces_RA/preproc/SRR5091505/SRR5091505_unmatched_2.fastq,SRR5091505,e45298da,380642000,31,DNA,1000,380642,True,0.7900753136220885,0.9155683009591306,0.8528218072906095,0.9155683009591306,False,330,2122717,4164513
149000,0.00039144392894110476,0.013409485969704494,0.00014186558498536684,0.0005328354119677379,41.092592592592595,42.5,28.37073904605244,/net/nfs-ip34/jbod2/def-ilafores/ref_dbs/sourmash_db/RefSeq_20250528.k31.sbt.zip,GCF_027923645.1_ASM2792364v1_genomic,9fb8a945f847c19c6bae95891438e391,0.03700024832381425,54000,197,265245000,/nfs3_ib/nfs-ip34/home/def-ilafores/analysis/MethodsComparison/Feces_RA/preproc/SRR5091505/SRR5091505_unmatched_2.fastq,SRR5091505,e45298da,380642000,31,DNA,1000,380642,True,0.7764010515072747,0.8991104656089162,0.8377557585580955,0.8991104656089162,False,2219,2124936,4164513
1679000,0.004410968836859832,0.01794616151545364,0.00014186558498536684,0.00049801741524159,38.407407407407405,4.5,46.6875026971167,/net/nfs-ip34/jbod2/def-ilafores/ref_dbs/sourmash_db/RefSeq_20250528.k31.sbt.zip,GCF_023347315.1_ASM2334731v1_genomic,0d91a03431f1ffb73e1088f604cc6227,0.557992688600864,54000,198,265191000,/nfs3_ib/nfs-ip34/home/def-ilafores/analysis/MethodsComparison/Feces_RA/preproc/SRR5091505/SRR5091505_unmatched_2.fastq,SRR5091505,e45298da,380642000,31,DNA,1000,380642,True,0.8394932827715998,0.981356325365595,0.9104248040685974,0.981356325365595,False,2074,2127010,4164513
475000,0.0012478917197786897,0.010876256925918325,0.00013923844452267485,1.9930301574277714e-05,1.5660377358490567,1.0,1.5960970552872906,/net/nfs-ip34/jbod2/def-ilafores/ref_dbs/sourmash_db/RefSeq_20250528.k31.sbt.zip,GCF_003991565.1_ASM399156v1_genomic,a0b4e7d5cd51e8887dc8f1ea3a46b770,0.09747588754360763,53000,199,265138000,/nfs3_ib/nfs-ip34/home/def-ilafores/analysis/MethodsComparison/Feces_RA/preproc/SRR5091505/SRR5091505_unmatched_2.fastq,SRR5091505,e45298da,380642000,31,DNA,1000,380642,True,0.8059874643260257,0.9276492132626996,0.8668183387943627,0.9276492132626996,False,83,2127093,4164513
347000,0.0009116177405541165,0.016265248670628715,0.00013661130405998286,3.049576264979843e-05,2.4423076923076925,1.0,3.6077558629796314,/net/nfs-ip34/jbod2/def-ilafores/ref_dbs/sourmash_db/RefSeq_20250528.k31.sbt.zip,GCF_964272105.1_LUMC_Rgna_QRD038_genomic,9c7aa30b4e916cf0ec4a851bb377fdda,0.10853925555208008,52000,200,265086000,/nfs3_ib/nfs-ip34/home/def-ilafores/analysis/MethodsComparison/Feces_RA/preproc/SRR5091505/SRR5091505_unmatched_2.fastq,SRR5091505,e45298da,380642000,31,DNA,1000,380642,True,0.7978650548769448,0.9308718516773168,0.8643684532771307,0.9308718516773168,False,127,2127220,4164513
244000,0.0006410222728968427,0.016872160934458143,0.00013661130405998286,2.185129449709966e-05,1.75,1.0,1.4394844162461031,/net/nfs-ip34/jbod2/def-ilafores/ref_dbs/sourmash_db/RefSeq_20250528.k31.sbt.zip,GCF_025149915.1_ASM2514991v1_genomic,77a3e7c3120575d9da787e808e54cdea,0.0791693705386113,52000,201,265034000,/nfs3_ib/nfs-ip34/home/def-ilafores/analysis/MethodsComparison/Feces_RA/preproc/SRR5091505/SRR5091505_unmatched_2.fastq,SRR5091505,e45298da,380642000,31,DNA,1000,380642,True,0.788852683216781,0.9214453586751717,0.8551490209459764,0.9214453586751717,False,91,2127311,4164513
3433000,0.00901897320842156,0.009308986752595776,0.00013661130405998286,0.00023484138481498317,18.807692307692307,12.0,23.75519251863965,/net/nfs-ip34/jbod2/def-ilafores/ref_dbs/sourmash_db/RefSeq_20250528.k31.sbt.zip,GCF_013267555.1_ASM1326755v1_genomic,8ba6909a0cd9ed021d840de375f8dd88,0.6145721446473326,52000,202,264982000,/nfs3_ib/nfs-ip34/home/def-ilafores/analysis/MethodsComparison/Feces_RA/preproc/SRR5091505/SRR5091505_unmatched_2.fastq,SRR5091505,e45298da,380642000,31,DNA,1000,380642,True,0.8590873531187069,0.9844185075727333,0.9217529303457201,0.9844185075727333,False,978,2128289,4164513
447000,0.0011743317868233142,0.008056872037914692,0.0001339841635972909,2.0650673920335942e-05,1.6862745098039216,1.0,1.8202585043568906,/net/nfs-ip34/jbod2/def-ilafores/ref_dbs/sourmash_db/RefSeq_20250528.k31.sbt.zip,GCF_036416795.1_ASM3641679v1_genomic,c36698f0fba88541e862d1e6992e9d87,0.07061611374407582,51000,203,264931000,/nfs3_ib/nfs-ip34/home/def-ilafores/analysis/MethodsComparison/Feces_RA/preproc/SRR5091505/SRR5091505_unmatched_2.fastq,SRR5091505,e45298da,380642000,31,DNA,1000,380642,True,0.8044093743862613,0.918053234251648,0.8612313043189546,0.918053234251648,False,86,2128375,4164513
2954000,0.0077605729267921034,0.007655358751125788,0.0001339841635972909,3.337725203403135e-05,2.7254901960784315,1.0,2.89067758779331,/net/nfs-ip34/jbod2/def-ilafores/ref_dbs/sourmash_db/RefSeq_20250528.k31.sbt.zip,GCF_018289035.1_ASM1828903v1_genomic,2c57a91b8fe09d51df24c6e20ef5d122,0.4434103872710898,51000,204,264880000,/nfs3_ib/nfs-ip34/home/def-ilafores/analysis/MethodsComparison/Feces_RA/preproc/SRR5091505/SRR5091505_unmatched_2.fastq,SRR5091505,e45298da,380642000,31,DNA,1000,380642,True,0.8549329539334061,0.974106947296539,0.9145199506149726,0.974106947296539,False,139,2128514,4164513
165000,0.0004334781763441764,0.016983695652173912,0.00013135702313459891,2.185129449709966e-05,1.82,1.0,2.4874886934416405,/net/nfs-ip34/jbod2/def-ilafores/ref_dbs/sourmash_db/RefSeq_20250528.k31.sbt.zip,GCF_014337155.1_ASM1433715v1_genomic,37519ff08fa08b5bc2ed2e92c46c0d51,0.05604619565217391,50000,205,264830000,/nfs3_ib/nfs-ip34/home/def-ilafores/analysis/MethodsComparison/Feces_RA/preproc/SRR5091505/SRR5091505_unmatched_2.fastq,SRR5091505,e45298da,380642000,31,DNA,1000,380642,True,0.7789598478698755,0.9112352690129243,0.8450975584413999,0.9112352690129243,False,91,2128605,4164513
50000,0.00013135702313459891,0.45871559633027525,0.00013135702313459891,0.00011453920302325867,9.54,9.0,5.536099710084709,/net/nfs-ip34/jbod2/def-ilafores/ref_dbs/sourmash_db/RefSeq_20250528.k31.sbt.zip,GCF_021090605.1_ASM2109060v1_genomic,2254edffb9b89e4b3992b3f77f6bd257,0.45871559633027525,50000,206,264780000,/nfs3_ib/nfs-ip34/home/def-ilafores/analysis/MethodsComparison/Feces_RA/preproc/SRR5091505/SRR5091505_unmatched_2.fastq,SRR5091505,e45298da,380642000,31,DNA,1000,380642,True,0.7495296476686354,0.9751738539319385,0.8623517508002869,0.9751738539319385,False,477,2129082,4164513
50000,0.00013135702313459891,0.5,0.00013135702313459891,0.00015199856501828666,12.66,12.0,6.869090187208201,/net/nfs-ip34/jbod2/def-ilafores/ref_dbs/sourmash_db/RefSeq_20250528.k31.sbt.zip,GCF_009734245.1_ASM973424v1_genomic,155090493e708fead3e338c1589a8d83,0.5,50000,207,264730000,/nfs3_ib/nfs-ip34/home/def-ilafores/analysis/MethodsComparison/Feces_RA/preproc/SRR5091505/SRR5091505_unmatched_2.fastq,SRR5091505,e45298da,380642000,31,DNA,1000,380642,True,0.7495296476686354,0.9778885363354327,0.863709092002034,0.9778885363354327,False,633,2129715,4164513
