intersect_bp,f_orig_query,f_match,f_unique_to_query,f_unique_weighted,average_abund,median_abund,std_abund,filename,name,md5,f_match_orig,unique_intersect_bp,gather_result_rank,remaining_bp,query_filename,query_name,query_md5,query_bp,ksize,moltype,scaled,query_n_hashes,query_abundance,query_containment_ani,match_containment_ani,average_containment_ani,max_containment_ani,potential_false_negative,n_unique_weighted_found,sum_weighted_found,total_weighted_hashes
4614000,0.012402692357317965,0.6839608656981915,0.012402692357317965,0.007527990507091221,5.961855223233637,2.0,93.8616571447065,/net/nfs-ip34/jbod2/def-ilafores/ref_dbs/sourmash_db/RefSeq_20250528.k31.sbt.zip,GCF_025914275.1_ASM2591427v1_genomic,00f84a19a7eccd4339a873932a896c19,0.6839608656981915,4614000,0,367402000,/nfs3_ib/nfs-ip34/home/def-ilafores/analysis/MethodsComparison/Feces_RA/preproc/SRR5091485/SRR5091485_unmatched_2.fastq,SRR5091485,2f3e92d5,372016000,31,DNA,1000,372016,True,0.8679616069586478,0.9878213934386616,0.9278915001986547,0.9878213934386616,False,27508,27508,3654096
4381000,0.011776375209668401,0.8403232012312428,0.011741430476108554,0.02382066590478192,19.92742673992674,17.0,57.06968299051963,/net/nfs-ip34/jbod2/def-ilafores/ref_dbs/sourmash_db/RefSeq_20250528.k31.sbt.zip,GCF_024759565.1_ASM2475956v1_genomic,960bb5f95152f9a5590d4499db9b2620,0.8428241631396691,4368000,1,363034000,/nfs3_ib/nfs-ip34/home/def-ilafores/analysis/MethodsComparison/Feces_RA/preproc/SRR5091485/SRR5091485_unmatched_2.fastq,SRR5091485,2f3e92d5,372016000,31,DNA,1000,372016,True,0.8665119748151046,0.9944991554434937,0.930505565129299,0.9944991554434937,False,87043,114551,3654096
4092000,0.010999526902068728,0.5585396558959295,0.010733409315728356,0.0029949952053804824,2.7407963936889557,2.0,4.388152100242541,/net/nfs-ip34/jbod2/def-ilafores/ref_dbs/sourmash_db/RefSeq_20250528.k31.sbt.zip,GCF_918258265.1_BOVAC1_genomic,d7ca7470d77ebe0344d62e56d1ab47e0,0.5723877465379773,3993000,2,359041000,/nfs3_ib/nfs-ip34/home/def-ilafores/analysis/MethodsComparison/Feces_RA/preproc/SRR5091485/SRR5091485_unmatched_2.fastq,SRR5091485,2f3e92d5,372016000,31,DNA,1000,372016,True,0.8646065401155943,0.9821629764467518,0.9233847582811731,0.9821629764467518,False,10944,125495,3654096
3694000,0.009929680443851877,0.8243924805135259,0.009666250913939186,0.0043217255375885034,4.39154616240267,3.0,13.999768620002573,/net/nfs-ip34/jbod2/def-ilafores/ref_dbs/sourmash_db/RefSeq_20250528.k31.sbt.zip,GCF_020735605.1_ASM2073560v1_genomic,bf79e48da9be9fcacdb5c95f57331d86,0.8468592388812471,3596000,3,355445000,/nfs3_ib/nfs-ip34/home/def-ilafores/analysis/MethodsComparison/Feces_RA/preproc/SRR5091485/SRR5091485_unmatched_2.fastq,SRR5091485,2f3e92d5,372016000,31,DNA,1000,372016,True,0.8617573749107458,0.9946523888143496,0.9282048818625477,0.9946523888143496,False,15792,141287,3654096
3154000,0.008478129972904392,0.6375949107326082,0.008351791320803405,0.00391615327019323,4.605728999034438,2.0,20.023144140291645,/net/nfs-ip34/jbod2/def-ilafores/ref_dbs/sourmash_db/RefSeq_20250528.k31.sbt.zip,GCF_003991565.1_ASM399156v1_genomic,a0b4e7d5cd51e8887dc8f1ea3a46b770,0.6472398932895547,3107000,4,352338000,/nfs3_ib/nfs-ip34/home/def-ilafores/analysis/MethodsComparison/Feces_RA/preproc/SRR5091485/SRR5091485_unmatched_2.fastq,SRR5091485,2f3e92d5,372016000,31,DNA,1000,372016,True,0.8573753042985421,0.9860645176951714,0.9217199109968568,0.9860645176951714,False,14310,155597,3654096
3185000,0.008561459722162488,0.6206967635539065,0.008093737903746075,0.008339956038374471,10.121222185320491,3.0,62.95256276793607,/net/nfs-ip34/jbod2/def-ilafores/ref_dbs/sourmash_db/RefSeq_20250528.k31.sbt.zip,GCF_006742345.1_ASM674234v1_genomic,aa13184474b5d866ab5daea20b7e99ed,0.6565656565656566,3011000,5,349327000,/nfs3_ib/nfs-ip34/home/def-ilafores/analysis/MethodsComparison/Feces_RA/preproc/SRR5091485/SRR5091485_unmatched_2.fastq,SRR5091485,2f3e92d5,372016000,31,DNA,1000,372016,True,0.8576458571963813,0.9865196658782703,0.9220827615373258,0.9865196658782703,False,30475,186072,3654096
2766000,0.007435164078964346,0.6332163742690059,0.007276568749731194,0.0020927200598999042,2.824898411525674,2.0,20.45685271479588,/net/nfs-ip34/jbod2/def-ilafores/ref_dbs/sourmash_db/RefSeq_20250528.k31.sbt.zip,GCF_900187175.1_51342_A02_genomic,ebb5322e84d5def69ea51d3ef551ea04,0.6470175438596492,2707000,6,346620000,/nfs3_ib/nfs-ip34/home/def-ilafores/analysis/MethodsComparison/Feces_RA/preproc/SRR5091485/SRR5091485_unmatched_2.fastq,SRR5091485,2f3e92d5,372016000,31,DNA,1000,372016,True,0.8537524312673508,0.9860535885402566,0.9199030099038037,0.9860535885402566,False,7647,193719,3654096
2619000,0.007040019784095308,0.6851609526302015,0.0070373317276676275,0.005130954413896077,7.16157372039725,6.0,14.410847262995475,/net/nfs-ip34/jbod2/def-ilafores/ref_dbs/sourmash_db/RefSeq_20250528.k31.sbt.zip,GCF_014287515.2_ASM1428751v2_genomic,ba44e405458705e9ab11b89381454753,0.6854226642240251,2618000,7,344002000,/nfs3_ib/nfs-ip34/home/def-ilafores/analysis/MethodsComparison/Feces_RA/preproc/SRR5091485/SRR5091485_unmatched_2.fastq,SRR5091485,2f3e92d5,372016000,31,DNA,1000,372016,True,0.8522497830422651,0.987889427166573,0.920069605104419,0.987889427166573,False,18749,212468,3654096
2923000,0.00785718893811019,0.489337822671156,0.0070319556148122665,0.0019859905158485162,2.7740825688073394,2.0,15.35586385021874,/net/nfs-ip34/jbod2/def-ilafores/ref_dbs/sourmash_db/RefSeq_20250528.k31.sbt.zip,GCF_018292205.1_ASM1829220v1_genomic,8ecf5298bc316c4919161fc4689e0594,0.5467639356528246,2616000,8,341386000,/nfs3_ib/nfs-ip34/home/def-ilafores/analysis/MethodsComparison/Feces_RA/preproc/SRR5091485/SRR5091485_unmatched_2.fastq,SRR5091485,2f3e92d5,372016000,31,DNA,1000,372016,True,0.8552742433948817,0.9807129972877918,0.9179936203413368,0.9807129972877918,False,7257,219725,3654096
2201000,0.005916412197324846,0.5890742734122713,0.00588415552019268,0.26892752680827214,448.9205116491549,496.0,341.9113503229798,/net/nfs-ip34/jbod2/def-ilafores/ref_dbs/sourmash_db/RefSeq_20250528.k31.sbt.zip,GCF_015074785.1_ASM1507478v1_genomic,988b2ef58a54374a65546dbc194ca3be,0.5923035522066739,2189000,9,339197000,/nfs3_ib/nfs-ip34/home/def-ilafores/analysis/MethodsComparison/Feces_RA/preproc/SRR5091485/SRR5091485_unmatched_2.fastq,SRR5091485,2f3e92d5,372016000,31,DNA,1000,372016,True,0.8474828470468883,0.9832472050165549,0.9153650260317217,0.9832472050165549,False,982687,1202412,3654096
2253000,0.006056191131564234,0.449256625727214,0.005604597651713904,0.0012287580840787981,2.1534772182254196,2.0,8.706757134745278,/net/nfs-ip34/jbod2/def-ilafores/ref_dbs/sourmash_db/RefSeq_20250528.k31.sbt.zip,GCF_025148635.1_ASM2514863v1_genomic,d4b0f7a75de0de86779fc9973ed01479,0.4854557207498384,2085000,10,337112000,/nfs3_ib/nfs-ip34/home/def-ilafores/analysis/MethodsComparison/Feces_RA/preproc/SRR5091485/SRR5091485_unmatched_2.fastq,SRR5091485,2f3e92d5,372016000,31,DNA,1000,372016,True,0.8481214569660972,0.9769577767471191,0.9125396168566082,0.9769577767471191,False,4490,1206902,3654096
2120000,0.005698679626682723,0.5078222001489943,0.005497075394606684,0.0033480236972427656,5.98239608801956,5.0,20.497949879707168,/net/nfs-ip34/jbod2/def-ilafores/ref_dbs/sourmash_db/RefSeq_20250528.k31.sbt.zip,GCF_027923645.1_ASM2792364v1_genomic,9fb8a945f847c19c6bae95891438e391,0.5264464862180284,2045000,11,335067000,/nfs3_ib/nfs-ip34/home/def-ilafores/analysis/MethodsComparison/Feces_RA/preproc/SRR5091485/SRR5091485_unmatched_2.fastq,SRR5091485,2f3e92d5,372016000,31,DNA,1000,372016,True,0.8464584030361476,0.9795157573223389,0.9129870801792432,0.9795157573223389,False,12234,1219136,3654096
2006000,0.005392241193927143,0.6773097826086957,0.0053599845167949765,0.0036378354591669183,6.666499498495487,3.0,11.884035593569106,/net/nfs-ip34/jbod2/def-ilafores/ref_dbs/sourmash_db/RefSeq_20250528.k31.sbt.zip,GCF_019967975.1_ASM1996797v1_genomic,2c2d74013e8cf3a4113eeeae8dce1511,0.6813858695652174,1994000,12,333073000,/nfs3_ib/nfs-ip34/home/def-ilafores/analysis/MethodsComparison/Feces_RA/preproc/SRR5091485/SRR5091485_unmatched_2.fastq,SRR5091485,2f3e92d5,372016000,31,DNA,1000,372016,True,0.8449505015082635,0.9877012072818315,0.9163258543950474,0.9877012072818315,False,13293,1232429,3654096
2031000,0.005459442604619156,0.5606754436176302,0.005265902541826158,0.004509186403422351,8.410923940786116,2.0,12.69009023258351,/net/nfs-ip34/jbod2/def-ilafores/ref_dbs/sourmash_db/RefSeq_20250528.k31.sbt.zip,GCF_014337175.1_ASM1433717v1_genomic,a712134ff5fdebda1dc08f01019daf8a,0.5812821980538065,1959000,13,331114000,/nfs3_ib/nfs-ip34/home/def-ilafores/analysis/MethodsComparison/Feces_RA/preproc/SRR5091485/SRR5091485_unmatched_2.fastq,SRR5091485,2f3e92d5,372016000,31,DNA,1000,372016,True,0.8452881564745707,0.9826516356415204,0.9139698960580456,0.9826516356415204,False,16477,1248906,3654096
1988000,0.005343856178228894,0.6545516304347826,0.005179884736140381,0.002846942171196378,5.398546964193046,5.0,5.542397605287902,/net/nfs-ip34/jbod2/def-ilafores/ref_dbs/sourmash_db/RefSeq_20250528.k31.sbt.zip,GCF_014337155.1_ASM1433715v1_genomic,37519ff08fa08b5bc2ed2e92c46c0d51,0.6752717391304348,1927000,14,329187000,/nfs3_ib/nfs-ip34/home/def-ilafores/analysis/MethodsComparison/Feces_RA/preproc/SRR5091485/SRR5091485_unmatched_2.fastq,SRR5091485,2f3e92d5,372016000,31,DNA,1000,372016,True,0.8447048588330831,0.9874140643469466,0.9160594615900148,0.9874140643469466,False,10403,1259309,3654096
1981000,0.00532503978323513,0.593973283628456,0.0051395638897251735,0.0010916516697974,2.086297071129707,1.0,3.5275930389077508,/net/nfs-ip34/jbod2/def-ilafores/ref_dbs/sourmash_db/RefSeq_20250528.k31.sbt.zip,GCF_006542725.1_Aond_3.0_genomic,7fbb97287421b4f5df527beb1443bd37,0.615408511960236,1912000,15,327275000,/nfs3_ib/nfs-ip34/home/def-ilafores/analysis/MethodsComparison/Feces_RA/preproc/SRR5091485/SRR5091485_unmatched_2.fastq,SRR5091485,2f3e92d5,372016000,31,DNA,1000,372016,True,0.8446087494083818,0.984461694910656,0.9145352221595189,0.984461694910656,False,3989,1263298,3654096
1983000,0.005330415896090491,0.6264112213479303,0.0049218313190830506,0.003161110162404053,6.308574549426543,4.0,8.070370976632818,/net/nfs-ip34/jbod2/def-ilafores/ref_dbs/sourmash_db/RefSeq_20250528.k31.sbt.zip,GCF_019967955.1_ASM1996795v1_genomic,815b92b0272af68e89d6f30eed8923eb,0.6784125898049949,1831000,16,325444000,/nfs3_ib/nfs-ip34/home/def-ilafores/analysis/MethodsComparison/Feces_RA/preproc/SRR5091485/SRR5091485_unmatched_2.fastq,SRR5091485,2f3e92d5,372016000,31,DNA,1000,372016,True,0.8446362427376246,0.9875618835251824,0.9160990631314034,0.9875618835251824,False,11551,1274849,3654096
1833000,0.0049272074319384115,0.3967889908256881,0.004650337619887317,0.001531705789886199,3.2352601156069363,2.0,6.298235789908778,/net/nfs-ip34/jbod2/def-ilafores/ref_dbs/sourmash_db/RefSeq_20250528.k31.sbt.zip,GCF_042847785.1_ASM4284778v1_genomic,88019d6ddc2b537fe7ac87c23df45062,0.42041284403669726,1730000,17,323714000,/nfs3_ib/nfs-ip34/home/def-ilafores/analysis/MethodsComparison/Feces_RA/preproc/SRR5091485/SRR5091485_unmatched_2.fastq,SRR5091485,2f3e92d5,372016000,31,DNA,1000,372016,True,0.8424958479577281,0.9724348515735963,0.9074653497656622,0.9724348515735963,False,5597,1280446,3654096
1725000,0.004636897337748914,0.8068288119738073,0.004636897337748914,0.0019591712970868855,4.150144927536232,4.0,4.103311668111829,/net/nfs-ip34/jbod2/def-ilafores/ref_dbs/sourmash_db/RefSeq_20250528.k31.sbt.zip,GCF_007164725.1_ASM716472v1_genomic,c5df505dd06ebc4c265f01d9e2dc2f2f,0.8068288119738073,1725000,18,321989000,/nfs3_ib/nfs-ip34/home/def-ilafores/analysis/MethodsComparison/Feces_RA/preproc/SRR5091485/SRR5091485_unmatched_2.fastq,SRR5091485,2f3e92d5,372016000,31,DNA,1000,372016,True,0.8408470706138215,0.9930999232794406,0.916973496946631,0.9930999232794406,False,7159,1287605,3654096
1695000,0.004556255644918498,0.7129629629629629,0.004553567588490817,0.0015349897758570109,3.311097992916175,3.0,2.8416545887027476,/net/nfs-ip34/jbod2/def-ilafores/ref_dbs/sourmash_db/RefSeq_20250528.k31.sbt.zip,GCF_003945365.1_PFJ30894_01_genomic,41e393347aeaa24ab6fcfff277c4c1f9,0.7133838383838383,1694000,19,320295000,/nfs3_ib/nfs-ip34/home/def-ilafores/analysis/MethodsComparison/Feces_RA/preproc/SRR5091485/SRR5091485_unmatched_2.fastq,SRR5091485,2f3e92d5,372016000,31,DNA,1000,372016,True,0.8403713316549032,0.9891644335613377,0.9147678826081205,0.9891644335613377,False,5609,1293214,3654096
1762000,0.0047363554255730935,0.3125948406676783,0.004429916992817513,0.002687121520616864,5.958131067961165,1.0,25.75380675796319,/net/nfs-ip34/jbod2/def-ilafores/ref_dbs/sourmash_db/RefSeq_20250528.k31.sbt.zip,GCF_018279895.1_ASM1827989v1_genomic,eef05f88d650d6818de3c980b9d8b8f4,0.3342185128983308,1648000,20,318647000,/nfs3_ib/nfs-ip34/home/def-ilafores/analysis/MethodsComparison/Feces_RA/preproc/SRR5091485/SRR5091485_unmatched_2.fastq,SRR5091485,2f3e92d5,372016000,31,DNA,1000,372016,True,0.8414229082685285,0.9652640799642273,0.9033434941163778,0.9652640799642273,False,9819,1303033,3654096
1638000,0.004403036428540708,0.5242375601926164,0.004389596146402305,0.0007561377697794475,1.6919779546846294,1.0,1.730824416446475,/net/nfs-ip34/jbod2/def-ilafores/ref_dbs/sourmash_db/RefSeq_20250528.k31.sbt.zip,GCF_010231335.1_ASM1023133v1_genomic,f49db6b3b87cd5fe86c74b3152695cd0,0.5258426966292135,1633000,21,317014000,/nfs3_ib/nfs-ip34/home/def-ilafores/analysis/MethodsComparison/Feces_RA/preproc/SRR5091485/SRR5091485_unmatched_2.fastq,SRR5091485,2f3e92d5,372016000,31,DNA,1000,372016,True,0.8394445406092285,0.9794794977855266,0.9094620191973775,0.9794794977855266,False,2763,1305796,3654096
1732000,0.004655713732742678,0.5202558635394456,0.003935314610124295,0.002033881977922857,5.076502732240437,4.0,5.297658500066408,/net/nfs-ip34/jbod2/def-ilafores/ref_dbs/sourmash_db/RefSeq_20250528.k31.sbt.zip,GCF_019968015.1_ASM1996801v1_genomic,517ce21e5547904474906c4ba8b4528a,0.6154939587775409,1464000,22,315550000,/nfs3_ib/nfs-ip34/home/def-ilafores/analysis/MethodsComparison/Feces_RA/preproc/SRR5091485/SRR5091485_unmatched_2.fastq,SRR5091485,2f3e92d5,372016000,31,DNA,1000,372016,True,0.840956923871209,0.9844661039131558,0.9127115138921824,0.9844661039131558,False,7432,1313228,3654096
1449000,0.003894993763709088,0.634809294169224,0.003892305707281407,0.0009143164273735556,2.30732044198895,2.0,1.5229012374690907,/net/nfs-ip34/jbod2/def-ilafores/ref_dbs/sourmash_db/RefSeq_20250528.k31.sbt.zip,GCF_045290295.1_ASM4529029v1_genomic,ccc6fe32a742ece45bee80c7ebe3c81e,0.6352476983779044,1448000,23,314102000,/nfs3_ib/nfs-ip34/home/def-ilafores/analysis/MethodsComparison/Feces_RA/preproc/SRR5091485/SRR5091485_unmatched_2.fastq,SRR5091485,2f3e92d5,372016000,31,DNA,1000,372016,True,0.8361311663391037,0.985469813774155,0.9108004900566293,0.985469813774155,False,3341,1316569,3654096
1426000,0.0038331684658724358,0.6634078212290503,0.0038304804094447553,0.0037864358243461585,9.709473684210526,8.0,9.252623036540774,/net/nfs-ip34/jbod2/def-ilafores/ref_dbs/sourmash_db/RefSeq_20250528.k31.sbt.zip,GCF_019974115.1_ASM1997411v1_genomic,c4780613fea3cc9fca86528fcdef51fc,0.6638733705772812,1425000,24,312677000,/nfs3_ib/nfs-ip34/home/def-ilafores/analysis/MethodsComparison/Feces_RA/preproc/SRR5091485/SRR5091485_unmatched_2.fastq,SRR5091485,2f3e92d5,372016000,31,DNA,1000,372016,True,0.8356997169163334,0.9868719712051969,0.9112858440607652,0.9868719712051969,False,13836,1330405,3654096
1712000,0.004601952604189067,0.44940079893475365,0.0036288761773687153,0.003370190602545746,9.122222222222222,6.0,8.612602021471032,/net/nfs-ip34/jbod2/def-ilafores/ref_dbs/sourmash_db/RefSeq_20250528.k31.sbt.zip,GCF_023347355.1_ASM2334735v1_genomic,0b1b8956f9826b69686f1f8520bdfb5e,0.5699067909454061,1350000,25,311327000,/nfs3_ib/nfs-ip34/home/def-ilafores/analysis/MethodsComparison/Feces_RA/preproc/SRR5091485/SRR5091485_unmatched_2.fastq,SRR5091485,2f3e92d5,372016000,31,DNA,1000,372016,True,0.8406419080014845,0.9820253623235299,0.9113336351625072,0.9820253623235299,False,12315,1342720,3654096
1549000,0.004163799406477141,0.005392010461146044,0.003591243387381188,0.0012542089753525907,3.430389221556886,1.0,14.102106432605398,/net/nfs-ip34/jbod2/def-ilafores/ref_dbs/sourmash_db/RefSeq_20250528.k31.sbt.zip,plasmid.1.1.genomic,8051cea624a45a3e4dc84e7fef1c6e83,0.006251664823589239,1336000,26,309991000,/nfs3_ib/nfs-ip34/home/def-ilafores/analysis/MethodsComparison/Feces_RA/preproc/SRR5091485/SRR5091485_unmatched_2.fastq,SRR5091485,2f3e92d5,372016000,31,DNA,1000,372016,True,0.8379331040715241,0.8489910004796586,0.8434620522755913,0.8489910004796586,False,4583,1347303,3654096
1357000,0.003647692572362479,0.4719141323792487,0.0035455464281106187,0.005201560112268534,14.410159211523881,13.0,9.268511745810823,/net/nfs-ip34/jbod2/def-ilafores/ref_dbs/sourmash_db/RefSeq_20250528.k31.sbt.zip,GCF_000146185.1_ASM14618v1_genomic,5229119e2aa175d63f96a9ce9dfd479c,0.4855098389982111,1319000,27,308672000,/nfs3_ib/nfs-ip34/home/def-ilafores/analysis/MethodsComparison/Feces_RA/preproc/SRR5091485/SRR5091485_unmatched_2.fastq,SRR5091485,2f3e92d5,372016000,31,DNA,1000,372016,True,0.834363748823735,0.976961289800777,0.905662519312256,0.976961289800777,False,19007,1366310,3654096
1669000,0.004486366177798805,0.28883441051927794,0.003483721130273967,0.001267618584733406,3.574074074074074,1.0,22.563198090990525,/net/nfs-ip34/jbod2/def-ilafores/ref_dbs/sourmash_db/RefSeq_20250528.k31.sbt.zip,GCF_042850115.1_ASM4285011v1_genomic,0a531f0dc11d01b0c4c52863f5abf5c2,0.3719634499665701,1296000,28,307376000,/nfs3_ib/nfs-ip34/home/def-ilafores/analysis/MethodsComparison/Feces_RA/preproc/SRR5091485/SRR5091485_unmatched_2.fastq,SRR5091485,2f3e92d5,372016000,31,DNA,1000,372016,True,0.8399523864119459,0.968601572791745,0.9042769796018455,0.968601572791745,False,4632,1370942,3654096
1406000,0.003779407337318825,0.3472338059494023,0.003357382478172982,0.0006288833134104851,1.8398718975180144,1.0,4.876536064338325,/net/nfs-ip34/jbod2/def-ilafores/ref_dbs/sourmash_db/RefSeq_20250528.k31.sbt.zip,GCF_000265365.1_ASM26536v1_genomic,79a393fb99d8977a1fe96a36cabdd09c,0.3908812899638588,1249000,29,306127000,/nfs3_ib/nfs-ip34/home/def-ilafores/analysis/MethodsComparison/Feces_RA/preproc/SRR5091485/SRR5091485_unmatched_2.fastq,SRR5091485,2f3e92d5,372016000,31,DNA,1000,372016,True,0.8353190338238541,0.9701528358741924,0.9027359348490233,0.9701528358741924,False,2298,1373240,3654096
1594000,0.004284761945722765,0.4111033028812368,0.00314502602038622,0.0011474794313012027,3.583760683760684,2.0,4.083350753808099,/net/nfs-ip34/jbod2/def-ilafores/ref_dbs/sourmash_db/RefSeq_20250528.k31.sbt.zip,GCF_019968055.1_ASM1996805v1_genomic,68b64f4d4c3889600ebe30d1a4137e53,0.5600843288826423,1170000,30,304957000,/nfs3_ib/nfs-ip34/home/def-ilafores/analysis/MethodsComparison/Feces_RA/preproc/SRR5091485/SRR5091485_unmatched_2.fastq,SRR5091485,2f3e92d5,372016000,31,DNA,1000,372016,True,0.838707523200122,0.9814747758987047,0.9100911495494133,0.9814747758987047,False,4193,1377433,3654096
2496000,0.006709388843490602,0.18123332810293424,0.003104705173971012,0.002931778475442353,9.275324675324676,1.0,89.55403914913548,/net/nfs-ip34/jbod2/def-ilafores/ref_dbs/sourmash_db/RefSeq_20250528.k31.sbt.zip,GCF_016864215.1_ASM1686421v1_genomic,3460a6d706973d7ef76859c83dbd244e,0.3916522830691982,1155000,31,303802000,/nfs3_ib/nfs-ip34/home/def-ilafores/analysis/MethodsComparison/Feces_RA/preproc/SRR5091485/SRR5091485_unmatched_2.fastq,SRR5091485,2f3e92d5,372016000,31,DNA,1000,372016,True,0.8509283611434328,0.9702145053018795,0.9105714332226562,0.9702145053018795,False,10713,1388146,3654096
1460000,0.003924562384413573,0.3231158605174353,0.003088576835404929,0.0005552672945647843,1.7658833768494342,1.0,3.500841951245455,/net/nfs-ip34/jbod2/def-ilafores/ref_dbs/sourmash_db/RefSeq_20250528.k31.sbt.zip,GCF_045070525.1_ASM4507052v1_genomic,214150bf2398bbfa49ab399581721b68,0.41057367829021374,1149000,32,302653000,/nfs3_ib/nfs-ip34/home/def-ilafores/analysis/MethodsComparison/Feces_RA/preproc/SRR5091485/SRR5091485_unmatched_2.fastq,SRR5091485,2f3e92d5,372016000,31,DNA,1000,372016,True,0.8363351741163002,0.9716922642427002,0.9040137191795001,0.9716922642427002,False,2029,1390175,3654096
1120000,0.0030106231990021937,0.30349013657056145,0.0026880564276805297,0.001041570883742518,3.806,2.0,7.41689719491918,/net/nfs-ip34/jbod2/def-ilafores/ref_dbs/sourmash_db/RefSeq_20250528.k31.sbt.zip,GCF_000210035.1_ASM21003v1_genomic,9b031f8e8d6f8498e950d180778cd938,0.33990895295902884,1000000,33,301653000,/nfs3_ib/nfs-ip34/home/def-ilafores/analysis/MethodsComparison/Feces_RA/preproc/SRR5091485/SRR5091485_unmatched_2.fastq,SRR5091485,2f3e92d5,372016000,31,DNA,1000,372016,True,0.8292134457807245,0.9657899117786972,0.8975016787797109,0.9657899117786972,False,3806,1393981,3654096
956000,0.0025697819448625868,0.2419889502762431,0.0023547374306481443,0.0004603053669088059,1.9200913242009132,1.0,3.9463303560815994,/net/nfs-ip34/jbod2/def-ilafores/ref_dbs/sourmash_db/RefSeq_20250528.k31.sbt.zip,GCF_005121165.3_ASM512116v3_genomic,74059216b7cd65a7ff314267c1b83b8e,0.2640883977900553,876000,34,300777000,/nfs3_ib/nfs-ip34/home/def-ilafores/analysis/MethodsComparison/Feces_RA/preproc/SRR5091485/SRR5091485_unmatched_2.fastq,SRR5091485,2f3e92d5,372016000,31,DNA,1000,372016,True,0.8249892069958449,0.9579586257876159,0.8914739163917305,0.9579586257876159,False,1682,1395663,3654096
994000,0.002671928089114447,0.2634207240948814,0.0022687196249623672,0.0005396683612034276,2.3364928909952605,1.0,7.671764259093592,/net/nfs-ip34/jbod2/def-ilafores/ref_dbs/sourmash_db/RefSeq_20250528.k31.sbt.zip,GCF_006542745.1_6CPBBH3_genomic,fd3fc44b40474382e7e9ffb3487da7b2,0.31023720349563044,844000,35,299933000,/nfs3_ib/nfs-ip34/home/def-ilafores/analysis/MethodsComparison/Feces_RA/preproc/SRR5091485/SRR5091485_unmatched_2.fastq,SRR5091485,2f3e92d5,372016000,31,DNA,1000,372016,True,0.8260271980397119,0.9629484274864678,0.8944878127630899,0.9629484274864678,False,1972,1397635,3654096
818000,0.0021988301578426735,0.256957928802589,0.002134316803578341,0.0003204622976517311,1.4748110831234258,1.0,1.1007189210473871,/net/nfs-ip34/jbod2/def-ilafores/ref_dbs/sourmash_db/RefSeq_20250528.k31.sbt.zip,GCF_022453915.1_ASM2245391v1_genomic,54c821fbffdc1aacdf2b93cd12e19242,0.26472491909385115,794000,36,299139000,/nfs3_ib/nfs-ip34/home/def-ilafores/analysis/MethodsComparison/Feces_RA/preproc/SRR5091485/SRR5091485_unmatched_2.fastq,SRR5091485,2f3e92d5,372016000,31,DNA,1000,372016,True,0.8208508417956007,0.9580330206059068,0.8894419312007538,0.9580330206059068,False,1171,1398806,3654096
851000,0.002287536019956131,0.13903648600779311,0.002110124295729216,0.0002846121174703675,1.3248407643312101,1.0,1.5850277198627074,/net/nfs-ip34/jbod2/def-ilafores/ref_dbs/sourmash_db/RefSeq_20250528.k31.sbt.zip,GCF_020341675.1_ASM2034167v1_genomic,bd2850a06cddf8a9c679f450156df141,0.15072617782500886,785000,37,298354000,/nfs3_ib/nfs-ip34/home/def-ilafores/analysis/MethodsComparison/Feces_RA/preproc/SRR5091485/SRR5091485_unmatched_2.fastq,SRR5091485,2f3e92d5,372016000,31,DNA,1000,372016,True,0.8218987514062212,0.940784075629885,0.8813414135180531,0.940784075629885,False,1040,1399846,3654096
868000,0.0023332329792267,0.2173055242390079,0.0020724915057416886,0.00039900429545364983,1.8910505836575875,1.0,2.5052081286530483,/net/nfs-ip34/jbod2/def-ilafores/ref_dbs/sourmash_db/RefSeq_20250528.k31.sbt.zip,GCF_036419155.1_ASM3641915v1_genomic,adc420f297b3ff1fa16ce829a637366f,0.24464487034949267,771000,38,297583000,/nfs3_ib/nfs-ip34/home/def-ilafores/analysis/MethodsComparison/Feces_RA/preproc/SRR5091485/SRR5091485_unmatched_2.fastq,SRR5091485,2f3e92d5,372016000,31,DNA,1000,372016,True,0.8224233321982206,0.9555982780928363,0.8890108051455284,0.9555982780928363,False,1458,1401304,3654096
789000,0.002120876521439938,0.3384887317719841,0.0020590512236032857,0.0003204622976517311,1.5287206266318538,1.0,0.8371811354439435,/net/nfs-ip34/jbod2/def-ilafores/ref_dbs/sourmash_db/RefSeq_20250528.k31.sbt.zip,GCF_029541965.1_ASM2954196v1_genomic,e354b247edb1270dcf82decb4e5a9a34,0.34865223155103847,766000,39,296817000,/nfs3_ib/nfs-ip34/home/def-ilafores/analysis/MethodsComparison/Feces_RA/preproc/SRR5091485/SRR5091485_unmatched_2.fastq,SRR5091485,2f3e92d5,372016000,31,DNA,1000,372016,True,0.8198956094880652,0.9665814720744148,0.89323854078124,0.9665814720744148,False,1171,1402475,3654096
825000,0.002217646552836437,0.22597402597402597,0.0018708872736656489,0.00040091995393662345,2.1048850574712645,1.0,3.233122265626428,/net/nfs-ip34/jbod2/def-ilafores/ref_dbs/sourmash_db/RefSeq_20250528.k31.sbt.zip,GCF_025150245.1_ASM2515024v1_genomic,1a61bc75384814965146b3c8fd1a27a5,0.26785714285714285,696000,40,296121000,/nfs3_ib/nfs-ip34/home/def-ilafores/analysis/MethodsComparison/Feces_RA/preproc/SRR5091485/SRR5091485_unmatched_2.fastq,SRR5091485,2f3e92d5,372016000,31,DNA,1000,372016,True,0.8210765021902174,0.9583966026516644,0.8897365524209409,0.9583966026516644,False,1465,1403940,3654096
4393000,0.011808631886800567,0.13429631075541676,0.0018493828222442045,0.0021529264693647895,11.434593023255815,10.0,6.66462553751523,/net/nfs-ip34/jbod2/def-ilafores/ref_dbs/sourmash_db/RefSeq_20250528.k31.sbt.zip,GCF_020091465.1_ASM2009146v1_genomic,cfcaa7d93ee12c43b81dc72fd8321792,0.8575053679484677,688000,41,295433000,/nfs3_ib/nfs-ip34/home/def-ilafores/analysis/MethodsComparison/Feces_RA/preproc/SRR5091485/SRR5091485_unmatched_2.fastq,SRR5091485,2f3e92d5,372016000,31,DNA,1000,372016,True,0.8665884368616716,0.995053312776075,0.9308208748188733,0.995053312776075,False,7867,1411807,3654096
3538000,0.009510343641133715,0.10040220467749143,0.0018117500322566771,0.0005859178302923624,3.1765578635014835,1.0,18.037382448674958,/net/nfs-ip34/jbod2/def-ilafores/ref_dbs/sourmash_db/RefSeq_20250528.k31.sbt.zip,GCF_030168555.1_ASM3016855v1_genomic,761bc93d29d61ce80809686c2d5128e5,0.5270370922091464,674000,42,294759000,/nfs3_ib/nfs-ip34/home/def-ilafores/analysis/MethodsComparison/Feces_RA/preproc/SRR5091485/SRR5091485_unmatched_2.fastq,SRR5091485,2f3e92d5,372016000,31,DNA,1000,372016,True,0.8605587462551215,0.9795511862254024,0.920054966240262,0.9795511862254024,False,2141,1413948,3654096
685000,0.001841318652961163,0.23485388453314326,0.001771429185841469,0.00028269645898739386,1.56752655538695,1.0,1.1941594514875546,/net/nfs-ip34/jbod2/def-ilafores/ref_dbs/sourmash_db/RefSeq_20250528.k31.sbt.zip,GCF_015097455.1_ASM1509745v1_genomic,ad2202613b9c5f4de5c0bb121ca6ed7a,0.24411974340698503,659000,43,294100000,/nfs3_ib/nfs-ip34/home/def-ilafores/analysis/MethodsComparison/Feces_RA/preproc/SRR5091485/SRR5091485_unmatched_2.fastq,SRR5091485,2f3e92d5,372016000,31,DNA,1000,372016,True,0.8161657264148611,0.9555320422112435,0.8858488843130523,0.9555320422112435,False,1033,1414981,3654096
1820000,0.004892262698378565,0.16319444444444445,0.0017687411294137886,0.06722100349853972,373.30091185410333,432.5,571.0223040846009,/net/nfs-ip34/jbod2/def-ilafores/ref_dbs/sourmash_db/RefSeq_20250528.k31.sbt.zip,GCF_032450655.1_ASM3245065v1_genomic,238dff01323d07dfd5222980fc0a672b,0.4513888888888889,658000,44,293442000,/nfs3_ib/nfs-ip34/home/def-ilafores/analysis/MethodsComparison/Feces_RA/preproc/SRR5091485/SRR5091485_unmatched_2.fastq,SRR5091485,2f3e92d5,372016000,31,DNA,1000,372016,True,0.8423024367087689,0.9746674879185535,0.9084849623136613,0.9746674879185535,False,245632,1660613,3654096
738000,0.001983785643628231,0.1299537316435325,0.0017364844522816223,0.002078215788528818,11.755417956656347,1.0,53.21702391840822,/net/nfs-ip34/jbod2/def-ilafores/ref_dbs/sourmash_db/RefSeq_20250528.k31.sbt.zip,GCF_000724795.2_ASM72479v2_genomic,530ecbc54a096415e9e9d83c37295139,0.14846107423053712,646000,45,292796000,/nfs3_ib/nfs-ip34/home/def-ilafores/analysis/MethodsComparison/Feces_RA/preproc/SRR5091485/SRR5091485_unmatched_2.fastq,SRR5091485,2f3e92d5,372016000,31,DNA,1000,372016,True,0.8181301751419191,0.9403246603029116,0.8792274177224153,0.9403246603029116,False,7594,1668207,3654096
643000,0.0017284202829985808,0.2152451309603761,0.0017230441701432196,0.00030103204732442716,1.71606864274571,1.0,1.9091390733858082,/net/nfs-ip34/jbod2/def-ilafores/ref_dbs/sourmash_db/RefSeq_20250528.k31.sbt.zip,GCF_000723465.1_Rb803_genomic,a0c72778e7e9a92bec9989c7d509e086,0.21591672263263936,641000,46,292155000,/nfs3_ib/nfs-ip34/home/def-ilafores/analysis/MethodsComparison/Feces_RA/preproc/SRR5091485/SRR5091485_unmatched_2.fastq,SRR5091485,2f3e92d5,372016000,31,DNA,1000,372016,True,0.8145015491356951,0.9517554313242126,0.8831284902299539,0.9517554313242126,False,1100,1669307,3654096
768000,0.002064427336458647,0.15228940045535036,0.001618209969463679,0.0005281744103055858,3.2059800664451825,1.0,6.439400427063669,/net/nfs-ip34/jbod2/def-ilafores/ref_dbs/sourmash_db/RefSeq_20250528.k31.sbt.zip,GCF_036419255.1_ASM3641925v1_genomic,cc90865ac4b45b3dd14605490161db88,0.19428282317227422,602000,47,291553000,/nfs3_ib/nfs-ip34/home/def-ilafores/analysis/MethodsComparison/Feces_RA/preproc/SRR5091485/SRR5091485_unmatched_2.fastq,SRR5091485,2f3e92d5,372016000,31,DNA,1000,372016,True,0.8191824364258159,0.9485195162819121,0.883850976353864,0.9485195162819121,False,1930,1671237,3654096
923000,0.002481076082749129,0.15964582774349342,0.0015993935744699152,0.00031663098068578386,1.9445378151260504,1.0,3.3419085142291944,/net/nfs-ip34/jbod2/def-ilafores/ref_dbs/sourmash_db/RefSeq_20250528.k31.sbt.zip,GCF_033096465.1_ASM3309646v1_genomic,2c68bd9dadc6532293ac0421ad590fc2,0.24765226723906628,595000,48,290958000,/nfs3_ib/nfs-ip34/home/def-ilafores/analysis/MethodsComparison/Feces_RA/preproc/SRR5091485/SRR5091485_unmatched_2.fastq,SRR5091485,2f3e92d5,372016000,31,DNA,1000,372016,True,0.8240548725896308,0.95597498023082,0.8900149264102254,0.95597498023082,False,1157,1672394,3654096
856000,0.0023009763020945336,0.08709579011592435,0.0015348802202055825,0.00026682386012846955,1.7075306479859895,1.0,4.404693726809408,/net/nfs-ip34/jbod2/def-ilafores/ref_dbs/sourmash_db/RefSeq_20250528.k31.sbt.zip,GCF_025263845.1_ASM2526384v1_genomic,d20001d187626a256609db74af93bd0e,0.1305674191580232,571000,49,290387000,/nfs3_ib/nfs-ip34/home/def-ilafores/analysis/MethodsComparison/Feces_RA/preproc/SRR5091485/SRR5091485_unmatched_2.fastq,SRR5091485,2f3e92d5,372016000,31,DNA,1000,372016,True,0.8220540849977972,0.9364369516954637,0.8792455183466305,0.9364369516954637,False,975,1673369,3654096
623000,0.00167465915444497,0.19226786330686918,0.0014972474302180551,0.00041405589781987116,2.7163375224416515,1.0,4.181514704243632,/net/nfs-ip34/jbod2/def-ilafores/ref_dbs/sourmash_db/RefSeq_20250528.k31.sbt.zip,GCF_036419515.1_ASM3641951v1_genomic,6a297f754ff6c4bf21b2d1fd8119290f,0.21505005177770106,557000,50,289830000,/nfs3_ib/nfs-ip34/home/def-ilafores/analysis/MethodsComparison/Feces_RA/preproc/SRR5091485/SRR5091485_unmatched_2.fastq,SRR5091485,2f3e92d5,372016000,31,DNA,1000,372016,True,0.8136717531669806,0.9516319570502624,0.8826518551086215,0.9516319570502624,False,1513,1674882,3654096
3661000,0.00984097458173842,0.11448941077794086,0.0014676788095135693,0.00039818329896094685,2.6648351648351647,2.0,1.9280391238092807,/net/nfs-ip34/jbod2/def-ilafores/ref_dbs/sourmash_db/RefSeq_20250528.k31.sbt.zip,GCF_018289315.1_ASM1828931v1_genomic,b8882c82de7b01fc8d6d7c5d0f9c6851,0.7676661773956804,546000,51,289284000,/nfs3_ib/nfs-ip34/home/def-ilafores/analysis/MethodsComparison/Feces_RA/preproc/SRR5091485/SRR5091485_unmatched_2.fastq,SRR5091485,2f3e92d5,372016000,31,DNA,1000,372016,True,0.86150795872594,0.991507226990291,0.9265075928581155,0.991507226990291,False,1455,1676337,3654096
2855000,0.0076744011010279126,0.10830704521556257,0.001384349060255473,0.0004854825926850307,3.4446601941747574,3.0,2.45865730802778,/net/nfs-ip34/jbod2/def-ilafores/ref_dbs/sourmash_db/RefSeq_20250528.k31.sbt.zip,GCF_018292165.1_ASM1829216v1_genomic,2391c2d4efd3d75a2653a2fd1570dca9,0.6004206098843323,515000,52,288769000,/nfs3_ib/nfs-ip34/home/def-ilafores/analysis/MethodsComparison/Feces_RA/preproc/SRR5091485/SRR5091485_unmatched_2.fastq,SRR5091485,2f3e92d5,372016000,31,DNA,1000,372016,True,0.8546250706912919,0.9836790140149196,0.9191520423531058,0.9836790140149196,False,1774,1678111,3654096
1468000,0.003946066835835018,0.16099558916194076,0.0013735968345447507,0.0014249762458348112,10.189823874755382,9.0,9.809595035652615,/net/nfs-ip34/jbod2/def-ilafores/ref_dbs/sourmash_db/RefSeq_20250528.k31.sbt.zip,GCF_023347235.1_ASM2334723v1_genomic,463a8ff2f26f37a3c67c2a86a64398f8,0.46250787649653435,511000,53,288258000,/nfs3_ib/nfs-ip34/home/def-ilafores/analysis/MethodsComparison/Feces_RA/preproc/SRR5091485/SRR5091485_unmatched_2.fastq,SRR5091485,2f3e92d5,372016000,31,DNA,1000,372016,True,0.8364826112698062,0.9754328814449044,0.9059577463573553,0.9754328814449044,False,5207,1683318,3654096
774000,0.00208055567502473,0.14814814814814814,0.0013440282138402649,0.0002818754624946909,2.06,1.0,3.913617252619372,/net/nfs-ip34/jbod2/def-ilafores/ref_dbs/sourmash_db/RefSeq_20250528.k31.sbt.zip,GCF_023008345.1_ASM2300834v1_genomic,80788e4d9f7a77cc8143de8cf6b02058,0.22933333333333333,500000,54,287758000,/nfs3_ib/nfs-ip34/home/def-ilafores/analysis/MethodsComparison/Feces_RA/preproc/SRR5091485/SRR5091485_unmatched_2.fastq,SRR5091485,2f3e92d5,372016000,31,DNA,1000,372016,True,0.8193881071681948,0.9536080512814247,0.8864980792248097,0.9536080512814247,False,1030,1684348,3654096
1300000,0.003494473355984689,0.09219330855018587,0.001333275988129543,0.0001756932494384384,1.2943548387096775,1.0,0.6460553281203677,/net/nfs-ip34/jbod2/def-ilafores/ref_dbs/sourmash_db/RefSeq_20250528.k31.sbt.zip,GCF_014169115.1_ASM1416911v1_genomic,efe9091202a2cf128c9d2f1a419088a5,0.241635687732342,496000,55,287262000,/nfs3_ib/nfs-ip34/home/def-ilafores/analysis/MethodsComparison/Feces_RA/preproc/SRR5091485/SRR5091485_unmatched_2.fastq,SRR5091485,2f3e92d5,372016000,31,DNA,1000,372016,True,0.8332095699703425,0.9552168399223803,0.8942132049463614,0.9552168399223803,False,642,1684990,3654096
721000,0.001938088684357662,0.1332072412861389,0.0013252118188465012,0.0002649082016454959,1.9634888438133875,1.0,2.9018224668621415,/net/nfs-ip34/jbod2/def-ilafores/ref_dbs/sourmash_db/RefSeq_20250528.k31.sbt.zip,GCF_005848555.1_ASM584855v1_genomic,1123379c731757b61c292acf7bd31a34,0.19481221291542827,493000,56,286769000,/nfs3_ib/nfs-ip34/home/def-ilafores/analysis/MethodsComparison/Feces_RA/preproc/SRR5091485/SRR5091485_unmatched_2.fastq,SRR5091485,2f3e92d5,372016000,31,DNA,1000,372016,True,0.8175153653663486,0.9486027796039443,0.8830590724851465,0.9486027796039443,False,968,1685958,3654096
3760000,0.010107092168078792,0.07268095309456017,0.001303707367425057,0.00032429361461767833,2.443298969072165,1.0,6.169377438833067,/net/nfs-ip34/jbod2/def-ilafores/ref_dbs/sourmash_db/RefSeq_20250528.k31.sbt.zip,GCF_024760065.1_ASM2476006v1_genomic,8926e6dbfdbe4c050b0786edbb8a4eb9,0.5634647085268994,485000,57,286284000,/nfs3_ib/nfs-ip34/home/def-ilafores/analysis/MethodsComparison/Feces_RA/preproc/SRR5091485/SRR5091485_unmatched_2.fastq,SRR5091485,2f3e92d5,372016000,31,DNA,1000,372016,True,0.8622498035021952,0.9816653063303625,0.9219575549162788,0.9816653063303625,False,1185,1687143,3654096
757000,0.0020348587157541613,0.1415618601930389,0.0013010193109973766,0.0002164694085760199,1.634297520661157,1.0,1.8951169642467114,/net/nfs-ip34/jbod2/def-ilafores/ref_dbs/sourmash_db/RefSeq_20250528.k31.sbt.zip,GCF_025149785.1_ASM2514978v1_genomic,8c91537000df08516afde1ea4eac7752,0.22140976893828604,484000,58,285800000,/nfs3_ib/nfs-ip34/home/def-ilafores/analysis/MethodsComparison/Feces_RA/preproc/SRR5091485/SRR5091485_unmatched_2.fastq,SRR5091485,2f3e92d5,372016000,31,DNA,1000,372016,True,0.8188013019299998,0.9525270450918527,0.8856641735109263,0.9525270450918527,False,791,1687934,3654096
568000,0.001526816050922541,0.10453563714902808,0.0013010193109973766,0.00021838506705899353,1.6487603305785123,1.0,2.4664229695801607,/net/nfs-ip34/jbod2/def-ilafores/ref_dbs/sourmash_db/RefSeq_20250528.k31.sbt.zip,GCF_023008285.1_ASM2300828v1_genomic,3191b17cd9816a6b0abb68f0b35dbdf7,0.12267818574514039,484000,59,285316000,/nfs3_ib/nfs-ip34/home/def-ilafores/analysis/MethodsComparison/Feces_RA/preproc/SRR5091485/SRR5091485_unmatched_2.fastq,SRR5091485,2f3e92d5,372016000,31,DNA,1000,372016,True,0.8112494403820713,0.934556146637241,0.872902793509656,0.934556146637241,False,798,1688732,3654096
1731000,0.004653025676314997,0.1417636252296387,0.0012445701260160853,0.0005243430933396386,4.138228941684665,2.0,6.051105846086702,/net/nfs-ip34/jbod2/def-ilafores/ref_dbs/sourmash_db/RefSeq_20250528.k31.sbt.zip,GCF_000210735.1_ASM21073v1_genomic,112a151e28f067050905850dc0b386c2,0.530006123698714,463000,60,284853000,/nfs3_ib/nfs-ip34/home/def-ilafores/analysis/MethodsComparison/Feces_RA/preproc/SRR5091485/SRR5091485_unmatched_2.fastq,SRR5091485,2f3e92d5,372016000,31,DNA,1000,372016,True,0.8409412568826063,0.9797287105994524,0.9103349837410294,0.9797287105994524,False,1916,1690648,3654096
632000,0.001698851662294095,0.08033088235294118,0.0011746806588963917,0.0005087441599782819,4.254004576659039,1.0,28.81618560138125,/net/nfs-ip34/jbod2/def-ilafores/ref_dbs/sourmash_db/RefSeq_20250528.k31.sbt.zip,GCF_031172035.1_ASM3117203v1_genomic,d37848e0abc0eaa6dbc2ce09b1d4cada,0.1161764705882353,437000,61,284416000,/nfs3_ib/nfs-ip34/home/def-ilafores/analysis/MethodsComparison/Feces_RA/preproc/SRR5091485/SRR5091485_unmatched_2.fastq,SRR5091485,2f3e92d5,372016000,31,DNA,1000,372016,True,0.8140483045458726,0.9329159578354267,0.8734821311906497,0.9329159578354267,False,1859,1692507,3654096
589000,0.001583265235903832,0.11825192802056556,0.0011128553610597394,0.00018581887284844186,1.6400966183574879,1.0,3.7298166654427742,/net/nfs-ip34/jbod2/def-ilafores/ref_dbs/sourmash_db/RefSeq_20250528.k31.sbt.zip,GCF_000210555.1_ASM21055v1_genomic,6d00b0a0ca344fdf96ce690671c5fa63,0.16823764638674665,414000,62,284002000,/nfs3_ib/nfs-ip34/home/def-ilafores/analysis/MethodsComparison/Feces_RA/preproc/SRR5091485/SRR5091485_unmatched_2.fastq,SRR5091485,2f3e92d5,372016000,31,DNA,1000,372016,True,0.8122000685443559,0.9441256139708147,0.8781628412575853,0.9441256139708147,False,679,1693186,3654096
435000,0.0011693045460410305,0.13143412107478147,0.001091350909638295,0.0001349170903008569,1.2142857142857142,1.0,0.535344700098915,/net/nfs-ip34/jbod2/def-ilafores/ref_dbs/sourmash_db/RefSeq_20250528.k31.sbt.zip,GCF_014163495.1_ASM1416349v1_genomic,a350fcb0d912191bf783d6a3905b8c8f,0.140822272580123,406000,63,283596000,/nfs3_ib/nfs-ip34/home/def-ilafores/analysis/MethodsComparison/Feces_RA/preproc/SRR5091485/SRR5091485_unmatched_2.fastq,SRR5091485,2f3e92d5,372016000,31,DNA,1000,372016,True,0.8042980589213576,0.9387237060167138,0.8715108824690357,0.9387237060167138,False,493,1693679,3654096
1842000,0.004951399939787536,0.11452991452991453,0.001080598683927573,0.028481189328359188,258.8880597014925,16.0,277.08907974897846,/net/nfs-ip34/jbod2/def-ilafores/ref_dbs/sourmash_db/RefSeq_20250528.k31.sbt.zip,GCF_019249795.2_P1C_raw_genomic,daced544df689eeedcdbd81decd8f176,0.5247863247863248,402000,64,283194000,/nfs3_ib/nfs-ip34/home/def-ilafores/analysis/MethodsComparison/Feces_RA/preproc/SRR5091485/SRR5091485_unmatched_2.fastq,SRR5091485,2f3e92d5,372016000,31,DNA,1000,372016,True,0.8426289719749989,0.9794159621855006,0.9110224670802498,0.9794159621855006,False,104073,1797752,3654096
524000,0.0014085415681045976,0.15534366309098133,0.0010510300632230872,0.0002227637150200761,2.081841432225064,1.0,3.041646593612037,/net/nfs-ip34/jbod2/def-ilafores/ref_dbs/sourmash_db/RefSeq_20250528.k31.sbt.zip,GCF_018408575.1_ASM1840857v1_genomic,be471ee2a9a4d83e479673ce2822bf12,0.20818434644417957,391000,65,282803000,/nfs3_ib/nfs-ip34/home/def-ilafores/analysis/MethodsComparison/Feces_RA/preproc/SRR5091485/SRR5091485_unmatched_2.fastq,SRR5091485,2f3e92d5,372016000,31,DNA,1000,372016,True,0.8091421553766608,0.9506364316168389,0.8798892934967498,0.9506364316168389,False,814,1798566,3654096
455000,0.0012230656745946412,0.1657387580299786,0.001040277837512365,0.00013792741077410119,1.302325581395349,1.0,0.8500310177905611,/net/nfs-ip34/jbod2/def-ilafores/ref_dbs/sourmash_db/RefSeq_20250528.k31.sbt.zip,GCF_009728915.1_ASM972891v1_genomic,dd9a7a25cf2d3a15ed15405a169aba38,0.1948608137044968,387000,66,282416000,/nfs3_ib/nfs-ip34/home/def-ilafores/analysis/MethodsComparison/Feces_RA/preproc/SRR5091485/SRR5091485_unmatched_2.fastq,SRR5091485,2f3e92d5,372016000,31,DNA,1000,372016,True,0.8054651730944175,0.9486104126418647,0.8770377928681411,0.9486104126418647,False,504,1799070,3654096
620000,0.0016665949851619286,0.1048951048951049,0.0010080211603801987,0.0001559893336135668,1.52,1.0,1.57107182097658,/net/nfs-ip34/jbod2/def-ilafores/ref_dbs/sourmash_db/RefSeq_20250528.k31.sbt.zip,GCF_025147765.1_ASM2514776v1_genomic,6fb5d9fae55cc8ecb2a67f82352fb7a7,0.17342657342657342,375000,67,282041000,/nfs3_ib/nfs-ip34/home/def-ilafores/analysis/MethodsComparison/Feces_RA/preproc/SRR5091485/SRR5091485_unmatched_2.fastq,SRR5091485,2f3e92d5,372016000,31,DNA,1000,372016,True,0.8135450653948246,0.9450512118231904,0.8792981386090075,0.9450512118231904,False,570,1799640,3654096
375000,0.0010080211603801987,0.16069114470842333,0.000999956991097157,0.00014504271371086036,1.424731182795699,1.0,0.8013638795966891,/net/nfs-ip34/jbod2/def-ilafores/ref_dbs/sourmash_db/RefSeq_20250528.k31.sbt.zip,GCF_003856815.1_ASM385681v1_genomic,ec56179731d98b9fa6dca12eb7eea848,0.16198704103671707,372000,68,281669000,/nfs3_ib/nfs-ip34/home/def-ilafores/analysis/MethodsComparison/Feces_RA/preproc/SRR5091485/SRR5091485_unmatched_2.fastq,SRR5091485,2f3e92d5,372016000,31,DNA,1000,372016,True,0.800456490800135,0.9429732297129702,0.8717148602565525,0.9429732297129702,False,530,1800170,3654096
2316000,0.006225538686508107,0.06218428845148929,0.0009596361446819492,0.0004931452266169253,5.0476190476190474,1.0,6.04515929597383,/net/nfs-ip34/jbod2/def-ilafores/ref_dbs/sourmash_db/RefSeq_20250528.k31.sbt.zip,GCF_018292105.1_ASM1829210v1_genomic,833ce107256231b46fdcaa8f4db23439,0.4034140393659641,357000,69,281312000,/nfs3_ib/nfs-ip34/home/def-ilafores/analysis/MethodsComparison/Feces_RA/preproc/SRR5091485/SRR5091485_unmatched_2.fastq,SRR5091485,2f3e92d5,372016000,31,DNA,1000,372016,True,0.8488763170608009,0.9711410019406154,0.9100086595007082,0.9711410019406154,False,1802,1801972,3654096
2671000,0.007179798718334695,0.050036469730123996,0.0009220033546944217,0.00019703915824871595,2.0991253644314867,2.0,3.8251239952498204,/net/nfs-ip34/jbod2/def-ilafores/ref_dbs/sourmash_db/RefSeq_20250528.k31.sbt.zip,GCF_025147085.1_ASM2514708v1_genomic,5b057d4064659334efb7b362a7eec964,0.38964259664478484,343000,70,280969000,/nfs3_ib/nfs-ip34/home/def-ilafores/analysis/MethodsComparison/Feces_RA/preproc/SRR5091485/SRR5091485_unmatched_2.fastq,SRR5091485,2f3e92d5,372016000,31,DNA,1000,372016,True,0.8527904559205891,0.9700535095902266,0.9114219827554079,0.9700535095902266,False,720,1802692,3654096
575000,0.0015456324459163047,0.09794403198172473,0.0009220033546944217,0.0002334366694252149,2.486880466472303,1.0,4.800902175329341,/net/nfs-ip34/jbod2/def-ilafores/ref_dbs/sourmash_db/RefSeq_20250528.k31.sbt.zip,GCF_000225345.1_ASM22534v1_genomic,2c4be6d3f461c9f71df87a5d7ae22e2f,0.16419189034837237,343000,71,280626000,/nfs3_ib/nfs-ip34/home/def-ilafores/analysis/MethodsComparison/Feces_RA/preproc/SRR5091485/SRR5091485_unmatched_2.fastq,SRR5091485,2f3e92d5,372016000,31,DNA,1000,372016,True,0.8115700420317387,0.9433845612344706,0.8774773016331046,0.9433845612344706,False,853,1803545,3654096
1023000,0.002749881725517182,0.08495266567015446,0.0009166272418390606,0.0008245541441713628,8.835777126099707,5.0,12.08484224470305,/net/nfs-ip34/jbod2/def-ilafores/ref_dbs/sourmash_db/RefSeq_20250528.k31.sbt.zip,GCF_900683745.1_Paraprevotella_xylaniphila_82A6_genomic,5e6e3eba0c8b886e7c308dc9056f6fdf,0.25485799701046336,341000,72,280285000,/nfs3_ib/nfs-ip34/home/def-ilafores/analysis/MethodsComparison/Feces_RA/preproc/SRR5091485/SRR5091485_unmatched_2.fastq,SRR5091485,2f3e92d5,372016000,31,DNA,1000,372016,True,0.8267938286085722,0.956859848352243,0.8918268384804076,0.956859848352243,False,3013,1806558,3654096
1953000,0.005249774203260075,0.1136049723756906,0.0008843705647068943,0.00033578756551552014,3.729483282674772,3.0,4.0666648441797735,/net/nfs-ip34/jbod2/def-ilafores/ref_dbs/sourmash_db/RefSeq_20250528.k31.sbt.zip,GCF_036632915.2_ASM3663291v2_genomic,1be8a5fa3d48a02ef6804d87b6dc2cbb,0.674378453038674,329000,73,279956000,/nfs3_ib/nfs-ip34/home/def-ilafores/analysis/MethodsComparison/Feces_RA/preproc/SRR5091485/SRR5091485_unmatched_2.fastq,SRR5091485,2f3e92d5,372016000,31,DNA,1000,372016,True,0.8442209963985021,0.9873719017111418,0.9157964490548219,0.9873719017111418,False,1227,1807785,3654096
334000,0.000897810846845297,0.09660107334525939,0.0008709302825684917,0.0001174024984565266,1.3240740740740742,1.0,1.2309940555841048,/net/nfs-ip34/jbod2/def-ilafores/ref_dbs/sourmash_db/RefSeq_20250528.k31.sbt.zip,GCF_030296935.1_ASM3029693v1_genomic,291e68c00c79fc78c6a795fcc0b4b014,0.09958258795468097,324000,74,279632000,/nfs3_ib/nfs-ip34/home/def-ilafores/analysis/MethodsComparison/Feces_RA/preproc/SRR5091485/SRR5091485_unmatched_2.fastq,SRR5091485,2f3e92d5,372016000,31,DNA,1000,372016,True,0.7974723612876204,0.9282892812050939,0.8628808212463572,0.9282892812050939,False,429,1808214,3654096
1342000,0.003607371725947271,0.1093324250681199,0.0008628661132854501,0.0007432754913937674,8.461059190031152,6.0,7.693457843009626,/net/nfs-ip34/jbod2/def-ilafores/ref_dbs/sourmash_db/RefSeq_20250528.k31.sbt.zip,GCF_023347295.1_ASM2334729v1_genomic,78db35fa6d9edc0fa99c8623efbe174d,0.45708446866485014,321000,75,279311000,/nfs3_ib/nfs-ip34/home/def-ilafores/analysis/MethodsComparison/Feces_RA/preproc/SRR5091485/SRR5091485_unmatched_2.fastq,SRR5091485,2f3e92d5,372016000,31,DNA,1000,372016,True,0.8340646334627854,0.9750618036015511,0.9045632185321683,0.9750618036015511,False,2716,1810930,3654096
1539000,0.004136918842200335,0.10374544249254226,0.0008413616618640059,0.0002720235045822551,3.1757188498402558,2.0,3.957173073351251,/net/nfs-ip34/jbod2/def-ilafores/ref_dbs/sourmash_db/RefSeq_20250528.k31.sbt.zip,GCF_023347335.1_ASM2334733v1_genomic,d566eb779c3a1233616a97a7ab79e713,0.5101093801789858,313000,76,278998000,/nfs3_ib/nfs-ip34/home/def-ilafores/analysis/MethodsComparison/Feces_RA/preproc/SRR5091485/SRR5091485_unmatched_2.fastq,SRR5091485,2f3e92d5,372016000,31,DNA,1000,372016,True,0.8377580563308502,0.9785201747065291,0.9081391155186896,0.9785201747065291,False,994,1811924,3654096
1700000,0.0045696959270569,0.10814656705798648,0.0008171691540148811,0.000373006073184722,4.483552631578948,4.0,3.7574127450552464,/net/nfs-ip34/jbod2/def-ilafores/ref_dbs/sourmash_db/RefSeq_20250528.k31.sbt.zip,GCF_028743395.1_ASM2874339v1_genomic,bc5680b67a040c88f41f779ed94a8fca,0.6047669868374244,304000,77,278694000,/nfs3_ib/nfs-ip34/home/def-ilafores/analysis/MethodsComparison/Feces_RA/preproc/SRR5091485/SRR5091485_unmatched_2.fastq,SRR5091485,2f3e92d5,372016000,31,DNA,1000,372016,True,0.8404511845567126,0.9839079145729676,0.9121795495648402,0.9839079145729676,False,1363,1813287,3654096
647000,0.0017391725087093027,0.0735688185140073,0.00081179304115952,0.016840006392826023,203.75827814569536,2.0,390.98878455783785,/net/nfs-ip34/jbod2/def-ilafores/ref_dbs/sourmash_db/RefSeq_20250528.k31.sbt.zip,GCF_019249655.2_ASM1924965v2_genomic,3f5e042dde22a559937bb52d73a1aae8,0.15761266747868452,302000,78,278392000,/nfs3_ib/nfs-ip34/home/def-ilafores/analysis/MethodsComparison/Feces_RA/preproc/SRR5091485/SRR5091485_unmatched_2.fastq,SRR5091485,2f3e92d5,372016000,31,DNA,1000,372016,True,0.8146645070023725,0.9421408671593702,0.8784026870808713,0.9421408671593702,False,61535,1874822,3654096
1691000,0.004545503419207776,0.06653270819379326,0.0008010408154487979,0.00038176336910688717,4.681208053691275,1.0,7.113347592860052,/net/nfs-ip34/jbod2/def-ilafores/ref_dbs/sourmash_db/RefSeq_20250528.k31.sbt.zip,GCF_025148125.1_ASM2514812v1_genomic,20e22b7a195404638366fe78b372a400,0.3775396293815584,298000,79,278094000,/nfs3_ib/nfs-ip34/home/def-ilafores/analysis/MethodsComparison/Feces_RA/preproc/SRR5091485/SRR5091485_unmatched_2.fastq,SRR5091485,2f3e92d5,372016000,31,DNA,1000,372016,True,0.8403072850341803,0.9690666114282996,0.90468694823124,0.9690666114282996,False,1395,1876217,3654096
1002000,0.0026934325405358907,0.06978400189888441,0.0007902885897380757,0.00036424877726255685,4.5272108843537415,3.0,4.264743260499601,/net/nfs-ip34/jbod2/def-ilafores/ref_dbs/sourmash_db/RefSeq_20250528.k31.sbt.zip,GCF_025151715.1_ASM2515171v1_genomic,9078f78f3ee2e2a4ff118532503c417a,0.23783527177783054,294000,80,277800000,/nfs3_ib/nfs-ip34/home/def-ilafores/analysis/MethodsComparison/Feces_RA/preproc/SRR5091485/SRR5091485_unmatched_2.fastq,SRR5091485,2f3e92d5,372016000,31,DNA,1000,372016,True,0.8262408223022591,0.9547284832215008,0.8904846527618799,0.9547284832215008,False,1331,1877548,3654096
1350000,0.0036288761773687153,0.11831905344757242,0.0007795363640273537,0.0007066043147197008,8.903448275862068,8.0,4.649544490749878,/net/nfs-ip34/jbod2/def-ilafores/ref_dbs/sourmash_db/RefSeq_20250528.k31.sbt.zip,GCF_010669225.1_ASM1066922v1_genomic,274d37fe38c89456352e287313491fb8,0.5507955936352509,290000,81,277510000,/nfs3_ib/nfs-ip34/home/def-ilafores/analysis/MethodsComparison/Feces_RA/preproc/SRR5091485/SRR5091485_unmatched_2.fastq,SRR5091485,2f3e92d5,372016000,31,DNA,1000,372016,True,0.8342245619583469,0.9809454417725911,0.907585001865469,0.9809454417725911,False,2582,1880130,3654096
1419000,0.003814352070878672,0.07392197125256673,0.0007741602511719926,0.00024055197236197407,3.0520833333333335,1.0,10.011489710091988,/net/nfs-ip34/jbod2/def-ilafores/ref_dbs/sourmash_db/RefSeq_20250528.k31.sbt.zip,GCF_025147325.1_ASM2514732v1_genomic,0878062848e44bf823b15b8a5d1eba75,0.36421971252566737,288000,82,277222000,/nfs3_ib/nfs-ip34/home/def-ilafores/analysis/MethodsComparison/Feces_RA/preproc/SRR5091485/SRR5091485_unmatched_2.fastq,SRR5091485,2f3e92d5,372016000,31,DNA,1000,372016,True,0.8355670689081242,0.9679444494875882,0.9017557591978562,0.9679444494875882,False,879,1881009,3654096
461000,0.0012391940131607243,0.08460133901399879,0.0007472796868951873,0.00014531637920842802,1.910071942446043,1.0,3.4300574688230228,/net/nfs-ip34/jbod2/def-ilafores/ref_dbs/sourmash_db/RefSeq_20250528.k31.sbt.zip,GCF_045002895.1_ASM4500289v1_genomic,dcf539ba4c82009d09e4501c72acd6ed,0.14029214850882532,278000,83,276944000,/nfs3_ib/nfs-ip34/home/def-ilafores/analysis/MethodsComparison/Feces_RA/preproc/SRR5091485/SRR5091485_unmatched_2.fastq,SRR5091485,2f3e92d5,372016000,31,DNA,1000,372016,True,0.8058056352360561,0.9386095037871843,0.8722075695116203,0.9386095037871843,False,531,1881540,3654096
324000,0.0008709302825684917,0.05748693478754829,0.000680078276203174,9.195160718273412e-05,1.3280632411067195,1.0,1.1277504822214708,/net/nfs-ip34/jbod2/def-ilafores/ref_dbs/sourmash_db/RefSeq_20250528.k31.sbt.zip,GCF_900683755.1_ASM90068375v1_genomic,8e291018769da4b390c897ca0d5c97dc,0.0736196319018405,253000,84,276691000,/nfs3_ib/nfs-ip34/home/def-ilafores/analysis/MethodsComparison/Feces_RA/preproc/SRR5091485/SRR5091485_unmatched_2.fastq,SRR5091485,2f3e92d5,372016000,31,DNA,1000,372016,True,0.7966907720361589,0.9192876120849783,0.8579891920605687,0.9192876120849783,False,336,1881876,3654096
1413000,0.003798223732312589,0.06000489835904972,0.0006585738247817299,0.013858420796826356,206.69387755102042,2.0,266.1783968358579,/net/nfs-ip34/jbod2/def-ilafores/ref_dbs/sourmash_db/RefSeq_20250528.k31.sbt.zip,GCF_032452555.1_ASM3245255v1_genomic,1ad811d7d51280706b0cbe0a9464310c,0.346069066862601,245000,85,276446000,/nfs3_ib/nfs-ip34/home/def-ilafores/analysis/MethodsComparison/Feces_RA/preproc/SRR5091485/SRR5091485_unmatched_2.fastq,SRR5091485,2f3e92d5,372016000,31,DNA,1000,372016,True,0.8354528656254459,0.9663496268466824,0.9009012462360642,0.9663496268466824,False,50640,1932516,3654096
255000,0.0006854543890585351,0.08674013508709563,0.0006558857683540493,8.620463173381323e-05,1.290983606557377,1.0,1.1564859222039172,/net/nfs-ip34/jbod2/def-ilafores/ref_dbs/sourmash_db/RefSeq_20250528.k31.sbt.zip,GCF_025144665.1_ASM2514466v1_genomic,b69c557c70b05f221753839e76da2c17,0.09065055101315321,244000,86,276202000,/nfs3_ib/nfs-ip34/home/def-ilafores/analysis/MethodsComparison/Feces_RA/preproc/SRR5091485/SRR5091485_unmatched_2.fastq,SRR5091485,2f3e92d5,372016000,31,DNA,1000,372016,True,0.7905599194776683,0.9254794688370543,0.8580196941573613,0.9254794688370543,False,315,1932831,3654096
1549000,0.004163799406477141,0.04557389347336834,0.0006531977119263688,0.0001174024984565266,1.7654320987654322,1.0,2.4458158018844034,/net/nfs-ip34/jbod2/def-ilafores/ref_dbs/sourmash_db/RefSeq_20250528.k31.sbt.zip,GCF_036419355.1_ASM3641935v1_genomic,9e448562dd4499fcf284b661deb69e70,0.290510127531883,243000,87,275959000,/nfs3_ib/nfs-ip34/home/def-ilafores/analysis/MethodsComparison/Feces_RA/preproc/SRR5091485/SRR5091485_unmatched_2.fastq,SRR5091485,2f3e92d5,372016000,31,DNA,1000,372016,True,0.8379331040715241,0.9609097982475897,0.8994214511595569,0.9609097982475897,False,429,1933260,3654096
536000,0.001440798245236764,0.08336227856894755,0.0006451335426433272,0.00012150748092004152,1.85,1.0,3.460852496134442,/net/nfs-ip34/jbod2/def-ilafores/ref_dbs/sourmash_db/RefSeq_20250528.k31.sbt.zip,GCF_024168045.1_ASM2416804v1_genomic,1689b6c3fb62fec0dd444e73a686577b,0.18617575547064952,240000,88,275719000,/nfs3_ib/nfs-ip34/home/def-ilafores/analysis/MethodsComparison/Feces_RA/preproc/SRR5091485/SRR5091485_unmatched_2.fastq,SRR5091485,2f3e92d5,372016000,31,DNA,1000,372016,True,0.8097333706965039,0.9472162348685584,0.8784748027825311,0.9472162348685584,False,444,1933704,3654096
2703000,0.0072658165240204724,0.05280600972160848,0.0006424454862156467,0.00013902207276437182,2.1255230125523012,2.0,1.721430646650554,/net/nfs-ip34/jbod2/def-ilafores/ref_dbs/sourmash_db/RefSeq_20250528.k31.sbt.zip,GCF_016726305.1_ASM1672630v1_genomic,47030cb09435e5a03e1ce6a49f0753a5,0.5972160848431286,239000,89,275480000,/nfs3_ib/nfs-ip34/home/def-ilafores/analysis/MethodsComparison/Feces_RA/preproc/SRR5091485/SRR5091485_unmatched_2.fastq,SRR5091485,2f3e92d5,372016000,31,DNA,1000,372016,True,0.8531181371066547,0.9835092194301648,0.9183136782684098,0.9835092194301648,False,508,1934212,3654096
254000,0.0006827663326308546,0.08142319534724599,0.0006397574297879661,8.29206457630013e-05,1.273109243697479,1.0,0.6836871709558986,/net/nfs-ip34/jbod2/def-ilafores/ref_dbs/sourmash_db/RefSeq_20250528.k31.sbt.zip,GCF_025148965.1_ASM2514896v1_genomic,4fe134d0444f089dec5e462a3d358d30,0.08689702360588436,238000,90,275242000,/nfs3_ib/nfs-ip34/home/def-ilafores/analysis/MethodsComparison/Feces_RA/preproc/SRR5091485/SRR5091485_unmatched_2.fastq,SRR5091485,2f3e92d5,372016000,31,DNA,1000,372016,True,0.7904597216404705,0.9242178491227099,0.8573387853815901,0.9242178491227099,False,303,1934515,3654096
1685000,0.0045293750806416925,0.1023073574227253,0.0006316932605049245,0.0001891028588192538,2.9404255319148938,2.0,2.2324168350255666,/net/nfs-ip34/jbod2/def-ilafores/ref_dbs/sourmash_db/RefSeq_20250528.k31.sbt.zip,GCF_014489955.1_ASM1448995v1_genomic,579fa51da431e95a9307700dadd79bea,0.7335655202437963,235000,91,275007000,/nfs3_ib/nfs-ip34/home/def-ilafores/analysis/MethodsComparison/Feces_RA/preproc/SRR5091485/SRR5091485_unmatched_2.fastq,SRR5091485,2f3e92d5,372016000,31,DNA,1000,372016,True,0.8402109396745882,0.9900549960771919,0.91513296787589,0.9900549960771919,False,691,1935206,3654096
1700000,0.0045696959270569,0.07160493827160494,0.0006236290912218829,0.00048821924766070734,7.689655172413793,4.5,6.864342891302108,/net/nfs-ip34/jbod2/def-ilafores/ref_dbs/sourmash_db/RefSeq_20250528.k31.sbt.zip,GCF_000209855.1_ASM20985v1_genomic,2b845165824bdb6c15dab3f5f2327265,0.5246913580246914,232000,92,274775000,/nfs3_ib/nfs-ip34/home/def-ilafores/analysis/MethodsComparison/Feces_RA/preproc/SRR5091485/SRR5091485_unmatched_2.fastq,SRR5091485,2f3e92d5,372016000,31,DNA,1000,372016,True,0.8404511845567126,0.9794102443371324,0.9099307144469225,0.9794102443371324,False,1784,1936990,3654096
3566000,0.00958560922110877,0.03337686837904513,0.0006182529783665218,0.0005547199635696489,8.81304347826087,2.0,13.561287753006674,/net/nfs-ip34/jbod2/def-ilafores/ref_dbs/sourmash_db/RefSeq_20250528.k31.sbt.zip,GCF_020091525.1_ASM2009152v1_genomic,8f3ea558ca4f6e771ca0f137efec6697,0.5174865766942388,230000,93,274545000,/nfs3_ib/nfs-ip34/home/def-ilafores/analysis/MethodsComparison/Feces_RA/preproc/SRR5091485/SRR5091485_unmatched_2.fastq,SRR5091485,2f3e92d5,372016000,31,DNA,1000,372016,True,0.8607776037235341,0.9789735053678055,0.9198755545456698,0.9789735053678055,False,2027,1939017,3654096
397000,0.0010671584017891704,0.05263157894736842,0.0005994365833727582,0.00010563488206111717,1.7309417040358743,1.0,1.7966791766662609,/net/nfs-ip34/jbod2/def-ilafores/ref_dbs/sourmash_db/RefSeq_20250528.k31.sbt.zip,GCF_015097275.1_ASM1509727v1_genomic,7bc451321ff950d83a9fce0110d3af08,0.09369837148926127,223000,94,274322000,/nfs3_ib/nfs-ip34/home/def-ilafores/analysis/MethodsComparison/Feces_RA/preproc/SRR5091485/SRR5091485_unmatched_2.fastq,SRR5091485,2f3e92d5,372016000,31,DNA,1000,372016,True,0.8019299171150264,0.92646723717878,0.8641985771469032,0.92646723717878,False,386,1939403,3654096
3475000,0.00934099608618984,0.04860186418109188,0.0005886843576620361,0.00018855552782411848,3.146118721461187,2.0,2.808438199128709,/net/nfs-ip34/jbod2/def-ilafores/ref_dbs/sourmash_db/RefSeq_20250528.k31.sbt.zip,GCF_020091365.1_ASM2009136v1_genomic,ef23ca7c0c2ee8ae3e8a4537f4cacf2d,0.7711939636040834,219000,95,274103000,/nfs3_ib/nfs-ip34/home/def-ilafores/analysis/MethodsComparison/Feces_RA/preproc/SRR5091485/SRR5091485_unmatched_2.fastq,SRR5091485,2f3e92d5,372016000,31,DNA,1000,372016,True,0.8600601243323066,0.9916538831034545,0.9258570037178806,0.9916538831034545,False,689,1940092,3654096
2473000,0.00664756354565395,0.030921645151606125,0.0005537396241021891,0.0002974743958560476,5.276699029126213,1.0,31.069388999349698,/net/nfs-ip34/jbod2/def-ilafores/ref_dbs/sourmash_db/RefSeq_20250528.k31.sbt.zip,GCF_018289035.1_ASM1828903v1_genomic,2c57a91b8fe09d51df24c6e20ef5d122,0.371209846892825,206000,96,273897000,/nfs3_ib/nfs-ip34/home/def-ilafores/analysis/MethodsComparison/Feces_RA/preproc/SRR5091485/SRR5091485_unmatched_2.fastq,SRR5091485,2f3e92d5,372016000,31,DNA,1000,372016,True,0.8506742882128872,0.9685382074211517,0.9096062478170195,0.9685382074211517,False,1087,1941179,3654096
274000,0.0007365274611844651,0.06739707835325365,0.0005456754548191475,6.923737088461825e-05,1.2463054187192117,1.0,1.1178901861523611,/net/nfs-ip34/jbod2/def-ilafores/ref_dbs/sourmash_db/RefSeq_20250528.k31.sbt.zip,GCF_009557455.1_ASM955745v1_genomic,7e798acda951bd16b6d452563081e9df,0.09096945551128818,203000,97,273694000,/nfs3_ib/nfs-ip34/home/def-ilafores/analysis/MethodsComparison/Feces_RA/preproc/SRR5091485/SRR5091485_unmatched_2.fastq,SRR5091485,2f3e92d5,372016000,31,DNA,1000,372016,True,0.7923947306136279,0.925584316099184,0.858989523356406,0.925584316099184,False,253,1941432,3654096
3292000,0.008849081759924304,0.03809704321455648,0.0005402993419637866,0.00023863631387900045,4.338308457711443,3.0,8.934531095413098,/net/nfs-ip34/jbod2/def-ilafores/ref_dbs/sourmash_db/RefSeq_20250528.k31.sbt.zip,GCF_018291785.1_ASM1829178v1_genomic,94290db9715a9c6fca358ac639119d83,0.6239575435936315,201000,98,273493000,/nfs3_ib/nfs-ip34/home/def-ilafores/analysis/MethodsComparison/Feces_RA/preproc/SRR5091485/SRR5091485_unmatched_2.fastq,SRR5091485,2f3e92d5,372016000,31,DNA,1000,372016,True,0.8585605118903841,0.9848999106587925,0.9217302112745882,0.9848999106587925,False,872,1942304,3654096
1657000,0.004454109500666638,0.06678023850085178,0.0005268590598253839,0.0001828085523751976,3.4081632653061225,2.0,3.343701769650644,/net/nfs-ip34/jbod2/def-ilafores/ref_dbs/sourmash_db/RefSeq_20250528.k31.sbt.zip,GCF_040058985.1_ASM4005898v1_genomic,9217c1f8c150568f8c71781398566ec7,0.5645655877342419,196000,99,273297000,/nfs3_ib/nfs-ip34/home/def-ilafores/analysis/MethodsComparison/Feces_RA/preproc/SRR5091485/SRR5091485_unmatched_2.fastq,SRR5091485,2f3e92d5,372016000,31,DNA,1000,372016,True,0.8397568924667173,0.9817271171439244,0.9107420048053207,0.9817271171439244,False,668,1942972,3654096
380000,0.0010214614425186014,0.0603448275862069,0.0005268590598253839,8.209964927029832e-05,1.530612244897959,1.0,2.2933091749903594,/net/nfs-ip34/jbod2/def-ilafores/ref_dbs/sourmash_db/RefSeq_20250528.k31.sbt.zip,GCF_018140635.1_ASM1814063v1_genomic,03d45a9b9bd5d52d6fdc9c5ba2260f24,0.11699507389162561,196000,100,273101000,/nfs3_ib/nfs-ip34/home/def-ilafores/analysis/MethodsComparison/Feces_RA/preproc/SRR5091485/SRR5091485_unmatched_2.fastq,SRR5091485,2f3e92d5,372016000,31,DNA,1000,372016,True,0.8007985712204323,0.9331272871459986,0.8669629291832155,0.9331272871459986,False,300,1943272,3654096
195000,0.0005241710033977034,0.06743535988819008,0.0005187948905423423,6.294306444056204e-05,1.1917098445595855,1.0,0.41914504489443905,/net/nfs-ip34/jbod2/def-ilafores/ref_dbs/sourmash_db/RefSeq_20250528.k31.sbt.zip,GCF_016865385.1_ASM1686538v1_genomic,290112e27a9899f2f1b4e84c17e76c61,0.06813417190775681,193000,101,272908000,/nfs3_ib/nfs-ip34/home/def-ilafores/analysis/MethodsComparison/Feces_RA/preproc/SRR5091485/SRR5091485_unmatched_2.fastq,SRR5091485,2f3e92d5,372016000,31,DNA,1000,372016,True,0.7837481850789494,0.9169942497459939,0.8503712174124716,0.9169942497459939,False,230,1943502,3654096
3767000,0.010125908563072557,0.03907053259304956,0.0005107307212593007,0.00043458081013744574,8.357894736842105,8.0,6.268410004851283,/net/nfs-ip34/jbod2/def-ilafores/ref_dbs/sourmash_db/RefSeq_20250528.k31.sbt.zip,GCF_008728395.1_ASM872839v1_genomic,be62626804ebd51a937970eebfaaba96,0.7746247172527246,190000,102,272718000,/nfs3_ib/nfs-ip34/home/def-ilafores/analysis/MethodsComparison/Feces_RA/preproc/SRR5091485/SRR5091485_unmatched_2.fastq,SRR5091485,2f3e92d5,372016000,31,DNA,1000,372016,True,0.862301539244387,0.9917958840394513,0.9270487116419192,0.9917958840394513,False,1588,1945090,3654096
1397000,0.0037552148294697,0.05173829728989871,0.0005080426648316201,0.00014777936868653698,2.857142857142857,1.0,3.5583888937656005,/net/nfs-ip34/jbod2/def-ilafores/ref_dbs/sourmash_db/RefSeq_20250528.k31.sbt.zip,GCF_025145845.1_ASM2514584v1_genomic,00191848f4049b7a1cb875559983f7c7,0.38242540377771694,189000,103,272529000,/nfs3_ib/nfs-ip34/home/def-ilafores/analysis/MethodsComparison/Feces_RA/preproc/SRR5091485/SRR5091485_unmatched_2.fastq,SRR5091485,2f3e92d5,372016000,31,DNA,1000,372016,True,0.8351460137067047,0.9694686408019804,0.9023073272543425,0.9694686408019804,False,540,1945630,3654096
802000,0.0021558212549997848,0.0608130081300813,0.0005026665519762591,0.0001075505405440908,2.1016042780748663,1.0,2.797123731551282,/net/nfs-ip34/jbod2/def-ilafores/ref_dbs/sourmash_db/RefSeq_20250528.k31.sbt.zip,GCF_042848525.1_ASM4284852v1_genomic,268c95f33661b42130c76be0c47d4640,0.2608130081300813,187000,104,272342000,/nfs3_ib/nfs-ip34/home/def-ilafores/analysis/MethodsComparison/Feces_RA/preproc/SRR5091485/SRR5091485_unmatched_2.fastq,SRR5091485,2f3e92d5,372016000,31,DNA,1000,372016,True,0.820327948254805,0.9575730422255219,0.8889504952401635,0.9575730422255219,False,393,1946023,3654096
224000,0.0006021246398004386,0.048163756773028296,0.00043008902842888477,6.102740595758842e-05,1.39375,1.0,1.025285783330677,/net/nfs-ip34/jbod2/def-ilafores/ref_dbs/sourmash_db/RefSeq_20250528.k31.sbt.zip,GCF_018408705.1_ASM1840870v1_genomic,ac6ff4cab85d8673ba368b5f66dcfee5,0.06742925948223961,160000,105,272182000,/nfs3_ib/nfs-ip34/home/def-ilafores/analysis/MethodsComparison/Feces_RA/preproc/SRR5091485/SRR5091485_unmatched_2.fastq,SRR5091485,2f3e92d5,372016000,31,DNA,1000,372016,True,0.7872613237280676,0.9166866693901831,0.8519739965591253,0.9166866693901831,False,223,1946246,3654096
1828000,0.004913767149800009,0.06,0.0004274009720012042,0.00019703915824871595,4.528301886792453,3.0,3.891308361491065,/net/nfs-ip34/jbod2/def-ilafores/ref_dbs/sourmash_db/RefSeq_20250528.k31.sbt.zip,GCF_040234585.1_ASM4023458v1_genomic,ce4cae11ff96492908342ea8c11f5cfa,0.689811320754717,159000,106,272023000,/nfs3_ib/nfs-ip34/home/def-ilafores/analysis/MethodsComparison/Feces_RA/preproc/SRR5091485/SRR5091485_unmatched_2.fastq,SRR5091485,2f3e92d5,372016000,31,DNA,1000,372016,True,0.8424216165864713,0.9880928397513773,0.9152572281689243,0.9880928397513773,False,720,1946966,3654096
266000,0.000715023009763021,0.02931898311375023,0.00042471291557352373,6.650071590894164e-05,1.5379746835443038,1.0,2.961004097461174,/net/nfs-ip34/jbod2/def-ilafores/ref_dbs/sourmash_db/RefSeq_20250528.k31.sbt.zip,GCF_025914175.1_ASM2591417v1_genomic,ba18ed1e33b6434317a63fe246283ba2,0.04935980701428837,158000,107,271865000,/nfs3_ib/nfs-ip34/home/def-ilafores/analysis/MethodsComparison/Feces_RA/preproc/SRR5091485/SRR5091485_unmatched_2.fastq,SRR5091485,2f3e92d5,372016000,31,DNA,1000,372016,True,0.7916376705500893,0.9075086151136064,0.8495731428318478,0.9075086151136064,False,243,1947209,3654096
1275000,0.0034272719452926757,0.0004466609956841737,0.0004220248591458432,6.212206794785906e-05,1.4458598726114649,1.0,1.3277772454313765,/net/nfs-ip34/jbod2/def-ilafores/ref_dbs/sourmash_db/RefSeq_20250528.k31.sbt.zip,plasmid.7.1.genomic,7a8c695160f2da22a8aff644e0702b99,0.003627342480874659,157000,108,271708000,/nfs3_ib/nfs-ip34/home/def-ilafores/analysis/MethodsComparison/Feces_RA/preproc/SRR5091485/SRR5091485_unmatched_2.fastq,SRR5091485,2f3e92d5,372016000,31,DNA,1000,372016,True,0.8326878193658658,0.8342131862779129,0.8334505028218893,0.8342131862779129,False,227,1947436,3654096
3431000,0.009222721603371897,0.02385655675429266,0.0004220248591458432,8.182598377273066e-05,1.9044585987261147,2.0,1.1717668051870063,/net/nfs-ip34/jbod2/def-ilafores/ref_dbs/sourmash_db/RefSeq_20250528.k31.sbt.zip,GCF_009734165.1_ASM973416v1_genomic,e3fa9c4f076a3f63536cf070ae5e7e25,0.52134933900623,157000,109,271551000,/nfs3_ib/nfs-ip34/home/def-ilafores/analysis/MethodsComparison/Feces_RA/preproc/SRR5091485/SRR5091485_unmatched_2.fastq,SRR5091485,2f3e92d5,372016000,31,DNA,1000,372016,True,0.8597066646872759,0.979208384462703,0.9194575245749894,0.979208384462703,False,299,1947735,3654096
332000,0.0008924347339899359,0.022884673291177358,0.00040858457700744056,0.000406940594883112,9.782894736842104,1.0,61.04731962769341,/net/nfs-ip34/jbod2/def-ilafores/ref_dbs/sourmash_db/RefSeq_20250528.k31.sbt.zip,GCF_041119805.1_ASM4111980v1_genomic,c08a9f2c3f75003dafbdf763488e0761,0.04998494429388738,152000,110,271399000,/nfs3_ib/nfs-ip34/home/def-ilafores/analysis/MethodsComparison/Feces_RA/preproc/SRR5091485/SRR5091485_unmatched_2.fastq,SRR5091485,2f3e92d5,372016000,31,DNA,1000,372016,True,0.7973178717959926,0.9078771201456767,0.8525974959708347,0.9078771201456767,False,1487,1949222,3654096
1488000,0.003999827964388628,0.05265005265005265,0.00040320846415207946,0.00018499787635573888,4.506666666666667,3.0,3.776676963798849,/net/nfs-ip34/jbod2/def-ilafores/ref_dbs/sourmash_db/RefSeq_20250528.k31.sbt.zip,GCF_951792925.1_DSM32379_genomic,6f632cf2c32182bcb83ab7f61da6abb4,0.5222885222885223,150000,111,271249000,/nfs3_ib/nfs-ip34/home/def-ilafores/analysis/MethodsComparison/Feces_RA/preproc/SRR5091485/SRR5091485_unmatched_2.fastq,SRR5091485,2f3e92d5,372016000,31,DNA,1000,372016,True,0.8368478292950949,0.979265237893509,0.908056533594302,0.979265237893509,False,676,1949898,3654096
1491000,0.00400789213367167,0.03771197165274614,0.00040052040772439897,0.01066036579225067,261.43624161073825,87.0,283.6069290940717,/net/nfs-ip34/jbod2/def-ilafores/ref_dbs/sourmash_db/RefSeq_20250528.k31.sbt.zip,GCF_032452275.1_ASM3245227v1_genomic,2a6b1835ddcd5f0e781fcfaaf5bdb754,0.3773728170083523,149000,112,271100000,/nfs3_ib/nfs-ip34/home/def-ilafores/analysis/MethodsComparison/Feces_RA/preproc/SRR5091485/SRR5091485_unmatched_2.fastq,SRR5091485,2f3e92d5,372016000,31,DNA,1000,372016,True,0.8369022018577553,0.9690527964400768,0.9029774991489161,0.9690527964400768,False,38954,1988852,3654096
1383000,0.003717582039482173,0.047856430707876374,0.0003870801255859963,0.00017186193247249114,4.361111111111111,3.0,5.572266533555951,/net/nfs-ip34/jbod2/def-ilafores/ref_dbs/sourmash_db/RefSeq_20250528.k31.sbt.zip,GCF_023347315.1_ASM2334731v1_genomic,0d91a03431f1ffb73e1088f604cc6227,0.4596211365902293,144000,113,270956000,/nfs3_ib/nfs-ip34/home/def-ilafores/analysis/MethodsComparison/Feces_RA/preproc/SRR5091485/SRR5091485_unmatched_2.fastq,SRR5091485,2f3e92d5,372016000,31,DNA,1000,372016,True,0.8348747154048467,0.9752358936924977,0.9050553045486722,0.9752358936924977,False,628,1989480,3654096
1577000,0.004239064986452196,0.035406933857880504,0.0003870801255859963,0.0001869135348387125,4.743055555555555,2.0,9.895107185833604,/net/nfs-ip34/jbod2/def-ilafores/ref_dbs/sourmash_db/RefSeq_20250528.k31.sbt.zip,GCF_022846055.1_ASM2284605v1_genomic,6b6a5701c4b4085bc7aae18a71eaefc2,0.3877551020408163,144000,114,270812000,/nfs3_ib/nfs-ip34/home/def-ilafores/analysis/MethodsComparison/Feces_RA/preproc/SRR5091485/SRR5091485_unmatched_2.fastq,SRR5091485,2f3e92d5,372016000,31,DNA,1000,372016,True,0.8384174814106475,0.969901569178002,0.9041595252943248,0.969901569178002,False,683,1990163,3654096
826000,0.0022203346092641175,0.026417171161254815,0.0003870801255859963,0.00024575161681575965,6.236111111111111,2.0,10.856376845424837,/net/nfs-ip34/jbod2/def-ilafores/ref_dbs/sourmash_db/RefSeq_20250528.k31.sbt.zip,GCF_032878955.1_ASM3287895v1_genomic,d537b5d78c84c0e05f44ffcd0d82c127,0.15153182902219775,144000,115,270668000,/nfs3_ib/nfs-ip34/home/def-ilafores/analysis/MethodsComparison/Feces_RA/preproc/SRR5091485/SRR5091485_unmatched_2.fastq,SRR5091485,2f3e92d5,372016000,31,DNA,1000,372016,True,0.821108588028533,0.9409458709191032,0.8810272294738182,0.9409458709191032,False,898,1991061,3654096
648000,0.0017418605651369835,0.03859649122807018,0.0003843920691583158,0.0001707672704822205,4.363636363636363,1.0,6.5071724328287015,/net/nfs-ip34/jbod2/def-ilafores/ref_dbs/sourmash_db/RefSeq_20250528.k31.sbt.zip,GCF_025147905.1_ASM2514790v1_genomic,c5e7fe36cbc07f4ac5cce0f7ee4db8ee,0.1748987854251012,143000,116,270525000,/nfs3_ib/nfs-ip34/home/def-ilafores/analysis/MethodsComparison/Feces_RA/preproc/SRR5091485/SRR5091485_unmatched_2.fastq,SRR5091485,2f3e92d5,372016000,31,DNA,1000,372016,True,0.8147050941221794,0.9453089452240176,0.8800070196730985,0.9453089452240176,False,624,1991685,3654096
1649000,0.004432605049245194,0.04576659038901602,0.0003763278998752742,0.0002397309758692711,6.257142857142857,3.0,6.692609387089856,/net/nfs-ip34/jbod2/def-ilafores/ref_dbs/sourmash_db/RefSeq_20250528.k31.sbt.zip,GCF_040059215.1_ASM4005921v1_genomic,32b4f8c9ded2e30d47a15c3a2652e364,0.5390650539391958,140000,117,270385000,/nfs3_ib/nfs-ip34/home/def-ilafores/analysis/MethodsComparison/Feces_RA/preproc/SRR5091485/SRR5091485_unmatched_2.fastq,SRR5091485,2f3e92d5,372016000,31,DNA,1000,372016,True,0.8396258005347418,0.9802644746209545,0.9099451375778481,0.9802644746209545,False,876,1992561,3654096
789000,0.002120876521439938,0.02891515407344871,0.00036826373059223257,0.00018335588337033292,4.890510948905109,2.0,15.235704718820104,/net/nfs-ip34/jbod2/def-ilafores/ref_dbs/sourmash_db/RefSeq_20250528.k31.sbt.zip,GCF_020735865.1_ASM2073586v1_genomic,be5dafe4a3de9c37ebecacd7a8f5820f,0.16652596032081046,137000,118,270248000,/nfs3_ib/nfs-ip34/home/def-ilafores/analysis/MethodsComparison/Feces_RA/preproc/SRR5091485/SRR5091485_unmatched_2.fastq,SRR5091485,2f3e92d5,372016000,31,DNA,1000,372016,True,0.8198956094880652,0.9438142157600432,0.8818549126240542,0.9438142157600432,False,670,1993231,3654096
309000,0.0008306094361532837,0.04800280308339173,0.00036826373059223257,5.309110652812624e-05,1.416058394160584,1.0,0.8931395928725506,/net/nfs-ip34/jbod2/def-ilafores/ref_dbs/sourmash_db/RefSeq_20250528.k31.sbt.zip,GCF_044591705.1_ASM4459170v1_genomic,534586fd213cdbccf2580b51187bb263,0.10826909600560616,137000,119,270111000,/nfs3_ib/nfs-ip34/home/def-ilafores/analysis/MethodsComparison/Feces_RA/preproc/SRR5091485/SRR5091485_unmatched_2.fastq,SRR5091485,2f3e92d5,372016000,31,DNA,1000,372016,True,0.7954734795279885,0.9307970200346075,0.8631352497812981,0.9307970200346075,False,194,1993425,3654096
665000,0.0017875575244075523,0.042870752619879327,0.0003628876177368715,0.0002016914717073662,5.45925925925926,2.0,8.126557252898456,/net/nfs-ip34/jbod2/def-ilafores/ref_dbs/sourmash_db/RefSeq_20250528.k31.sbt.zip,GCF_042850025.1_ASM4285002v1_genomic,26ae838edf91db815bafb3211b734604,0.2111781517942204,135000,120,269976000,/nfs3_ib/nfs-ip34/home/def-ilafores/analysis/MethodsComparison/Feces_RA/preproc/SRR5091485/SRR5091485_unmatched_2.fastq,SRR5091485,2f3e92d5,372016000,31,DNA,1000,372016,True,0.8153859553578032,0.951074381204416,0.8832301682811097,0.951074381204416,False,737,1994162,3654096
1782000,0.004790116554126704,0.03303964757709251,0.0003628876177368715,0.00020059680971709555,5.42962962962963,2.0,11.031631786042615,/net/nfs-ip34/jbod2/def-ilafores/ref_dbs/sourmash_db/RefSeq_20250528.k31.sbt.zip,GCF_020550085.1_ASM2055008v1_genomic,5374dd135a5d0f6ec9bfb72a94bb017a,0.43612334801762115,135000,121,269841000,/nfs3_ib/nfs-ip34/home/def-ilafores/analysis/MethodsComparison/Feces_RA/preproc/SRR5091485/SRR5091485_unmatched_2.fastq,SRR5091485,2f3e92d5,372016000,31,DNA,1000,372016,True,0.841729318025317,0.9735863913412713,0.9076578546832942,0.9735863913412713,False,733,1994895,3654096
1759000,0.0047282912562900525,0.024564035252203263,0.0003521353920261494,0.00015681033010626978,4.374045801526718,2.0,8.004136218767721,/net/nfs-ip34/jbod2/def-ilafores/ref_dbs/sourmash_db/RefSeq_20250528.k31.sbt.zip,GCF_029369685.1_ASM2936968v1_genomic,616b6eb65d964b64030cd25de5f05d76,0.3298331145696606,131000,122,269710000,/nfs3_ib/nfs-ip34/home/def-ilafores/analysis/MethodsComparison/Feces_RA/preproc/SRR5091485/SRR5091485_unmatched_2.fastq,SRR5091485,2f3e92d5,372016000,31,DNA,1000,372016,True,0.8413766567461841,0.9648528966854184,0.9031147767158012,0.9648528966854184,False,573,1995468,3654096
3453000,0.009281858844780869,0.0199501246882793,0.0003440712227431078,0.0002640872051527929,7.5390625,1.0,17.9438805480056,/net/nfs-ip34/jbod2/def-ilafores/ref_dbs/sourmash_db/RefSeq_20250528.k31.sbt.zip,GCF_024799845.1_ASM2479984v1_genomic,1affe8cbd37c62a3073bbe0490a4ad0a,0.5381857855361596,128000,123,269582000,/nfs3_ib/nfs-ip34/home/def-ilafores/analysis/MethodsComparison/Feces_RA/preproc/SRR5091485/SRR5091485_unmatched_2.fastq,SRR5091485,2f3e92d5,372016000,31,DNA,1000,372016,True,0.8598839393491751,0.9802128561835971,0.920048397766386,0.9802128561835971,False,965,1996433,3654096
437000,0.0011746806588963917,0.034081687855017584,0.00033869510988774677,6.622705041137397e-05,1.9206349206349207,1.0,2.6143777511001,/net/nfs-ip34/jbod2/def-ilafores/ref_dbs/sourmash_db/RefSeq_20250528.k31.sbt.zip,GCF_000210015.1_ASM21001v1_genomic,6f351faff0bbc09512221a953fad4daf,0.1182039491479578,126000,124,269456000,/nfs3_ib/nfs-ip34/home/def-ilafores/analysis/MethodsComparison/Feces_RA/preproc/SRR5091485/SRR5091485_unmatched_2.fastq,SRR5091485,2f3e92d5,372016000,31,DNA,1000,372016,True,0.8044170821500516,0.9334367660137489,0.8689269240819002,0.9334367660137489,False,242,1996675,3654096
4216000,0.011332845899101114,0.023795476892822024,0.00032525482774934414,0.00035603881233552706,10.75206611570248,9.0,8.643806354445324,/net/nfs-ip34/jbod2/def-ilafores/ref_dbs/sourmash_db/RefSeq_20250528.k31.sbt.zip,GCF_016766935.1_ASM1676693v1_genomic,c60a8486f807da7d37d77690059a2520,0.8291052114060964,121000,125,269335000,/nfs3_ib/nfs-ip34/home/def-ilafores/analysis/MethodsComparison/Feces_RA/preproc/SRR5091485/SRR5091485_unmatched_2.fastq,SRR5091485,2f3e92d5,372016000,31,DNA,1000,372016,True,0.865439556218333,0.9939728104263262,0.9297061833223297,0.9939728104263262,False,1301,1997976,3654096
321000,0.0008628661132854501,0.03556485355648536,0.00031987871489398304,0.00013382242831058626,4.109243697478991,1.0,8.681855817531748,/net/nfs-ip34/jbod2/def-ilafores/ref_dbs/sourmash_db/RefSeq_20250528.k31.sbt.zip,GCF_045061065.1_ASM4506106v1_genomic,af810c6e00a2b94057226e642af6e200,0.09593544530783024,119000,126,269216000,/nfs3_ib/nfs-ip34/home/def-ilafores/analysis/MethodsComparison/Feces_RA/preproc/SRR5091485/SRR5091485_unmatched_2.fastq,SRR5091485,2f3e92d5,372016000,31,DNA,1000,372016,True,0.7964517391797856,0.9271726580898171,0.8618121986348013,0.9271726580898171,False,489,1998465,3654096
2260000,0.006075007526557997,0.01770043135504983,0.00031987871489398304,0.00017323025996032946,5.319327731092437,2.0,12.980873307176294,/net/nfs-ip34/jbod2/def-ilafores/ref_dbs/sourmash_db/RefSeq_20250528.k31.sbt.zip,GCF_014334015.1_ASM1433401v1_genomic,32a90d9faa0865b9d4716569d60e47de,0.3361594526253161,119000,127,269097000,/nfs3_ib/nfs-ip34/home/def-ilafores/analysis/MethodsComparison/Feces_RA/preproc/SRR5091485/SRR5091485_unmatched_2.fastq,SRR5091485,2f3e92d5,372016000,31,DNA,1000,372016,True,0.8482063322299371,0.9654444018917328,0.9068253670608349,0.9654444018917328,False,633,1999098,3654096
1617000,0.004346587243559416,0.03510324483775811,0.00031987871489398304,0.007908111883212702,242.83193277310923,42.0,257.23093372689897,/net/nfs-ip34/jbod2/def-ilafores/ref_dbs/sourmash_db/RefSeq_20250528.k31.sbt.zip,GCF_020735445.1_ASM2073544v1_genomic,914c0a88ebdaaccdb90ec78fe93e1fa1,0.47699115044247786,119000,128,268978000,/nfs3_ib/nfs-ip34/home/def-ilafores/analysis/MethodsComparison/Feces_RA/preproc/SRR5091485/SRR5091485_unmatched_2.fastq,SRR5091485,2f3e92d5,372016000,31,DNA,1000,372016,True,0.8390952038746554,0.976403584766766,0.9077493943207107,0.976403584766766,False,28897,2027995,3654096
1270000,0.003413831663154273,0.051179350244770806,0.0003091264891832609,7.991032528975703e-05,2.5391304347826087,2.0,1.516786973215818,/net/nfs-ip34/jbod2/def-ilafores/ref_dbs/sourmash_db/RefSeq_20250528.k31.sbt.zip,GCF_902386775.1_UHGG_MGYG-HGUT-02396_genomic,eab915f69d107141bfa6d27aee2223af,0.5651980418335558,115000,129,268863000,/nfs3_ib/nfs-ip34/home/def-ilafores/analysis/MethodsComparison/Feces_RA/preproc/SRR5091485/SRR5091485_unmatched_2.fastq,SRR5091485,2f3e92d5,372016000,31,DNA,1000,372016,True,0.8325822821175108,0.9817625746674342,0.9071724283924725,0.9817625746674342,False,292,2028287,3654096
292000,0.0007849124768827148,0.050666666666666665,0.0003064384327555804,3.913416615217553e-05,1.2543859649122806,1.0,0.646331123501356,/net/nfs-ip34/jbod2/def-ilafores/ref_dbs/sourmash_db/RefSeq_20250528.k31.sbt.zip,GCF_902388175.1_UHGG_MGYG-HGUT-02539_genomic,139286699907f4d64c15ca615fb65f4b,0.12977777777777777,114000,130,268749000,/nfs3_ib/nfs-ip34/home/def-ilafores/analysis/MethodsComparison/Feces_RA/preproc/SRR5091485/SRR5091485_unmatched_2.fastq,SRR5091485,2f3e92d5,372016000,31,DNA,1000,372016,True,0.7940227448135858,0.936253726153809,0.8651382354836974,0.936253726153809,False,143,2028430,3654096
1018000,0.0027364414433787795,0.037122969837587005,0.0003010623199002193,0.00016146264356492002,5.267857142857143,4.0,4.926209320086401,/net/nfs-ip34/jbod2/def-ilafores/ref_dbs/sourmash_db/RefSeq_20250528.k31.sbt.zip,GCF_040026365.1_ASM4002636v1_genomic,9de4932095473c9973b31ae4d68399ec,0.337421279416639,112000,131,268637000,/nfs3_ib/nfs-ip34/home/def-ilafores/analysis/MethodsComparison/Feces_RA/preproc/SRR5091485/SRR5091485_unmatched_2.fastq,SRR5091485,2f3e92d5,372016000,31,DNA,1000,372016,True,0.8266631636675611,0.965561091561712,0.8961121276146365,0.965561091561712,False,590,2029020,3654096
2603000,0.00699701088125242,0.016730038022813688,0.0002956862070448583,0.00012834911835923305,4.263636363636364,1.0,12.809568350351,/net/nfs-ip34/jbod2/def-ilafores/ref_dbs/sourmash_db/RefSeq_20250528.k31.sbt.zip,GCF_024759125.1_ASM2475912v1_genomic,6bd244397ae27f2890a12eadb785907c,0.395893536121673,110000,132,268527000,/nfs3_ib/nfs-ip34/home/def-ilafores/analysis/MethodsComparison/Feces_RA/preproc/SRR5091485/SRR5091485_unmatched_2.fastq,SRR5091485,2f3e92d5,372016000,31,DNA,1000,372016,True,0.8520813308173926,0.970551663767225,0.9113164972923088,0.970551663767225,False,469,2029489,3654096
350000,0.0009408197496881854,0.029214687751273116,0.00029299815061717774,0.00012615979437869174,4.229357798165138,2.0,5.683765755690364,/net/nfs-ip34/jbod2/def-ilafores/ref_dbs/sourmash_db/RefSeq_20250528.k31.sbt.zip,GCF_964272215.1_LUMC_Rgna_QRD018_genomic,1db489ce378c8c9dd0db628b18549369,0.09380863039399624,109000,133,268418000,/nfs3_ib/nfs-ip34/home/def-ilafores/analysis/MethodsComparison/Feces_RA/preproc/SRR5091485/SRR5091485_unmatched_2.fastq,SRR5091485,2f3e92d5,372016000,31,DNA,1000,372016,True,0.7986769945822718,0.9265023853586345,0.8625896899704532,0.9265023853586345,False,461,2029950,3654096
771000,0.0020724915057416886,0.049726277372262775,0.00029299815061717774,4.323914861569045e-05,1.4495412844036697,1.0,0.7720607302741008,/net/nfs-ip34/jbod2/def-ilafores/ref_dbs/sourmash_db/RefSeq_20250528.k31.sbt.zip,GCF_003952825.1_ASM395282v1_genomic,94779fd817baf605adebfb0ab54c6003,0.3517335766423358,109000,134,268309000,/nfs3_ib/nfs-ip34/home/def-ilafores/analysis/MethodsComparison/Feces_RA/preproc/SRR5091485/SRR5091485_unmatched_2.fastq,SRR5091485,2f3e92d5,372016000,31,DNA,1000,372016,True,0.8192854654124843,0.9668558658202392,0.8930706656163617,0.9668558658202392,False,158,2030108,3654096
1287000,0.003459528622424842,0.046100818612666954,0.0002876220377618167,0.0002720235045822551,9.289719626168225,9.0,5.117332369076307,/net/nfs-ip34/jbod2/def-ilafores/ref_dbs/sourmash_db/RefSeq_20250528.k31.sbt.zip,GCF_020181475.1_ASM2018147v1_genomic,a39f185fc49b93265fe933249aa6be17,0.5545023696682464,107000,135,268202000,/nfs3_ib/nfs-ip34/home/def-ilafores/analysis/MethodsComparison/Feces_RA/preproc/SRR5091485/SRR5091485_unmatched_2.fastq,SRR5091485,2f3e92d5,372016000,31,DNA,1000,372016,True,0.8329394835602891,0.9811577069455627,0.9070485952529259,0.9811577069455627,False,994,2031102,3654096
968000,0.002602038621994753,0.02613065326633166,0.0002795578684787751,0.00014860036517923996,5.221153846153846,4.0,6.172140774930699,/net/nfs-ip34/jbod2/def-ilafores/ref_dbs/sourmash_db/RefSeq_20250528.k31.sbt.zip,GCF_000209995.1_ASM20999v1_genomic,300ebb94b057c743776c0c6aab2d0089,0.24321608040201004,104000,136,268098000,/nfs3_ib/nfs-ip34/home/def-ilafores/analysis/MethodsComparison/Feces_RA/preproc/SRR5091485/SRR5091485_unmatched_2.fastq,SRR5091485,2f3e92d5,372016000,31,DNA,1000,372016,True,0.8253212434443391,0.9554177369441307,0.890369490194235,0.9554177369441307,False,543,2031645,3654096
806000,0.002166573480710507,0.036528028933092226,0.0002714936991957335,0.00019649182725358063,7.108910891089109,5.0,6.42843465247711,/net/nfs-ip34/jbod2/def-ilafores/ref_dbs/sourmash_db/RefSeq_20250528.k31.sbt.zip,GCF_023347275.1_ASM2334727v1_genomic,88f1b5eec91b23fd70f1b11b9f13bd9a,0.291500904159132,101000,137,267997000,/nfs3_ib/nfs-ip34/home/def-ilafores/analysis/MethodsComparison/Feces_RA/preproc/SRR5091485/SRR5091485_unmatched_2.fastq,SRR5091485,2f3e92d5,372016000,31,DNA,1000,372016,True,0.8204596117872165,0.9610153388888523,0.8907374753380344,0.9610153388888523,False,718,2032363,3654096
609000,0.0016370263644574427,0.03367003367003367,0.000268805642768053,5.172277904028794e-05,1.89,1.0,2.5175186195935075,/net/nfs-ip34/jbod2/def-ilafores/ref_dbs/sourmash_db/RefSeq_20250528.k31.sbt.zip,GCF_001998765.1_ASM199876v1_genomic,c87f75fcf13611b56f2643edb90d05be,0.20505050505050504,100000,138,267897000,/nfs3_ib/nfs-ip34/home/def-ilafores/analysis/MethodsComparison/Feces_RA/preproc/SRR5091485/SRR5091485_unmatched_2.fastq,SRR5091485,2f3e92d5,372016000,31,DNA,1000,372016,True,0.8130754125804224,0.950171418813001,0.8816234156967118,0.950171418813001,False,189,2032552,3654096
1510000,0.0040589652057976,0.025561580170410533,0.0002661175863403725,6.212206794785906e-05,2.292929292929293,1.0,3.7261091501780936,/net/nfs-ip34/jbod2/def-ilafores/ref_dbs/sourmash_db/RefSeq_20250528.k31.sbt.zip,GCF_020091485.1_ASM2009148v1_genomic,0bb666bd34472dc3dae293249907c788,0.38987864704363545,99000,139,267798000,/nfs3_ib/nfs-ip34/home/def-ilafores/analysis/MethodsComparison/Feces_RA/preproc/SRR5091485/SRR5091485_unmatched_2.fastq,SRR5091485,2f3e92d5,372016000,31,DNA,1000,372016,True,0.8372441223438251,0.9700724611531625,0.9036582917484938,0.9700724611531625,False,227,2032779,3654096
3582000,0.009628618123951658,0.014203284509542832,0.0002580534170573309,0.0002523195887573835,9.604166666666666,2.0,28.88175576332267,/net/nfs-ip34/jbod2/def-ilafores/ref_dbs/sourmash_db/RefSeq_20250528.k31.sbt.zip,GCF_024759245.1_ASM2475924v1_genomic,0fb69988750dece67b51722aca8d5556,0.5299600532623169,96000,140,267702000,/nfs3_ib/nfs-ip34/home/def-ilafores/analysis/MethodsComparison/Feces_RA/preproc/SRR5091485/SRR5091485_unmatched_2.fastq,SRR5091485,2f3e92d5,372016000,31,DNA,1000,372016,True,0.8609019196536976,0.979725963313617,0.9203139414836573,0.979725963313617,False,922,2033701,3654096
3007000,0.008082985678035353,0.019320724018710596,0.00025536536062965035,8.374164225570428e-05,3.221052631578947,2.0,4.401384823626646,/net/nfs-ip34/jbod2/def-ilafores/ref_dbs/sourmash_db/RefSeq_20250528.k31.sbt.zip,GCF_018289375.1_ASM1828937v1_genomic,d63aa3877a3e796774bd21a9b9ae06b0,0.6115517592027659,95000,141,267607000,/nfs3_ib/nfs-ip34/home/def-ilafores/analysis/MethodsComparison/Feces_RA/preproc/SRR5091485/SRR5091485_unmatched_2.fastq,SRR5091485,2f3e92d5,372016000,31,DNA,1000,372016,True,0.8560562777186767,0.9842620695026052,0.9201591736106409,0.9842620695026052,False,306,2034007,3654096
1709000,0.004593888434906025,0.044309701492537316,0.00025536536062965035,9.550925865111371e-05,3.6736842105263157,3.0,2.1395626964068977,/net/nfs-ip34/jbod2/def-ilafores/ref_dbs/sourmash_db/RefSeq_20250528.k31.sbt.zip,GCF_900343095.1_PRJEB25867_genomic,238950da2e02158880e7d8967b2098da,0.7971082089552238,95000,142,267512000,/nfs3_ib/nfs-ip34/home/def-ilafores/analysis/MethodsComparison/Feces_RA/preproc/SRR5091485/SRR5091485_unmatched_2.fastq,SRR5091485,2f3e92d5,372016000,31,DNA,1000,372016,True,0.8405943487133901,0.9927116946482549,0.9166530216808225,0.9927116946482549,False,349,2034356,3654096
838000,0.002252591286396284,0.02759835584263065,0.0002526773042019698,5.172277904028794e-05,2.0106382978723403,1.0,3.126736728811561,/net/nfs-ip34/jbod2/def-ilafores/ref_dbs/sourmash_db/RefSeq_20250528.k31.sbt.zip,GCF_003574015.1_ASM357401v1_genomic,1874b1c1106f4973cf5b5c4b574ac6f1,0.24603640634174986,94000,143,267418000,/nfs3_ib/nfs-ip34/home/def-ilafores/analysis/MethodsComparison/Feces_RA/preproc/SRR5091485/SRR5091485_unmatched_2.fastq,SRR5091485,2f3e92d5,372016000,31,DNA,1000,372016,True,0.8214907129697748,0.9557731336794639,0.8886319233246194,0.9557731336794639,False,189,2034545,3654096
1350000,0.0036288761773687153,0.03293201133144476,0.00024998924777428925,0.00010098256860246693,3.967741935483871,2.0,4.950185426967327,/net/nfs-ip34/jbod2/def-ilafores/ref_dbs/sourmash_db/RefSeq_20250528.k31.sbt.zip,GCF_024167885.1_ASM2416788v1_genomic,ce4fdc293b1b11e3766ab11638f10cc6,0.4780453257790368,93000,144,267325000,/nfs3_ib/nfs-ip34/home/def-ilafores/analysis/MethodsComparison/Feces_RA/preproc/SRR5091485/SRR5091485_unmatched_2.fastq,SRR5091485,2f3e92d5,372016000,31,DNA,1000,372016,True,0.8342245619583469,0.9764731202055381,0.9053488410819426,0.9764731202055381,False,369,2034914,3654096
103000,0.00027686981205109456,0.02767033620946147,0.00024998924777428925,2.873487724460441e-05,1.1290322580645162,1.0,0.4454261328431824,/net/nfs-ip34/jbod2/def-ilafores/ref_dbs/sourmash_db/RefSeq_20250528.k31.sbt.zip,GCF_000210055.1_ASM21005v1_genomic,99e65f8593549ca8e3e843eee40eeb60,0.03064564117822077,93000,145,267232000,/nfs3_ib/nfs-ip34/home/def-ilafores/analysis/MethodsComparison/Feces_RA/preproc/SRR5091485/SRR5091485_unmatched_2.fastq,SRR5091485,2f3e92d5,372016000,31,DNA,1000,372016,True,0.767776291049436,0.8936617795441532,0.8307190352967946,0.8936617795441532,False,105,2035019,3654096
690000,0.0018547589350995657,0.03175698998964446,0.00024730119134660876,3.9681497147310855e-05,1.576086956521739,1.0,0.8751856405826375,/net/nfs-ip34/jbod2/def-ilafores/ref_dbs/sourmash_db/RefSeq_20250528.k31.sbt.zip,GCF_042853905.1_ASM4285390v1_genomic,1e694dab0a72999dda66e4cd13428d21,0.23817742492233346,92000,146,267140000,/nfs3_ib/nfs-ip34/home/def-ilafores/analysis/MethodsComparison/Feces_RA/preproc/SRR5091485/SRR5091485_unmatched_2.fastq,SRR5091485,2f3e92d5,372016000,31,DNA,1000,372016,True,0.8163572255515449,0.9547727584004142,0.8855649919759796,0.9547727584004142,False,145,2035164,3654096
3958000,0.010639327340759537,0.0182,0.0002446131349189282,0.00029528507187550625,11.857142857142858,9.0,10.86740405789781,/net/nfs-ip34/jbod2/def-ilafores/ref_dbs/sourmash_db/RefSeq_20250528.k31.sbt.zip,GCF_016766915.1_ASM1676691v1_genomic,bca43bd2d776e339740f17809f096165,0.7916,91000,147,267049000,/nfs3_ib/nfs-ip34/home/def-ilafores/analysis/MethodsComparison/Feces_RA/preproc/SRR5091485/SRR5091485_unmatched_2.fastq,SRR5091485,2f3e92d5,372016000,31,DNA,1000,372016,True,0.8636784232785674,0.9924896650485638,0.9280840441635656,0.9924896650485638,False,1079,2036243,3654096
205000,0.0005510515676745086,0.031163434903047092,0.0002419250784912477,5.363843752326157e-05,2.1777777777777776,1.0,2.492556821051998,/net/nfs-ip34/jbod2/def-ilafores/ref_dbs/sourmash_db/RefSeq_20250528.k31.sbt.zip,GCF_025150745.1_ASM2515074v1_genomic,f264b62f2a1798cf106db911e66dcf25,0.07098337950138504,90000,148,266959000,/nfs3_ib/nfs-ip34/home/def-ilafores/analysis/MethodsComparison/Feces_RA/preproc/SRR5091485/SRR5091485_unmatched_2.fastq,SRR5091485,2f3e92d5,372016000,31,DNA,1000,372016,True,0.7850135789270836,0.9182068699774608,0.8516102244522722,0.9182068699774608,False,196,2036439,3654096
336000,0.0009031869597006581,0.022378677395021373,0.00023923702206356715,0.0008552046798989408,35.1123595505618,2.0,95.93296327512836,/net/nfs-ip34/jbod2/def-ilafores/ref_dbs/sourmash_db/RefSeq_20250528.k31.sbt.zip,GCF_016888945.1_ASM1688894v1_genomic,6371c60d4254945f85db4e1518aa1225,0.08448579331154137,89000,149,266870000,/nfs3_ib/nfs-ip34/home/def-ilafores/analysis/MethodsComparison/Feces_RA/preproc/SRR5091485/SRR5091485_unmatched_2.fastq,SRR5091485,2f3e92d5,372016000,31,DNA,1000,372016,True,0.7976259581149961,0.9233792669521187,0.8605026125335574,0.9233792669521187,False,3125,2039564,3654096
668000,0.001795621693690594,0.01751968503937008,0.00023923702206356715,3.4481852693525296e-05,1.4157303370786516,1.0,0.7905195100826005,/net/nfs-ip34/jbod2/def-ilafores/ref_dbs/sourmash_db/RefSeq_20250528.k31.sbt.zip,GCF_045689425.1_ASM4568942v1_genomic,3a31068713a9d17710c789fbdbdfb787,0.131496062992126,89000,150,266781000,/nfs3_ib/nfs-ip34/home/def-ilafores/analysis/MethodsComparison/Feces_RA/preproc/SRR5091485/SRR5091485_unmatched_2.fastq,SRR5091485,2f3e92d5,372016000,31,DNA,1000,372016,True,0.8155043562286669,0.9366510636812302,0.8760777099549486,0.9366510636812302,False,126,2039690,3654096
3623000,0.009738828437486559,0.012382158435345434,0.00023654896563588663,8.018399078732469e-05,3.3295454545454546,1.0,8.751261715408255,/net/nfs-ip34/jbod2/def-ilafores/ref_dbs/sourmash_db/RefSeq_20250528.k31.sbt.zip,GCF_007012325.1_ASM701232v1_genomic,a7b4985e87bb40499949cd88a98ca789,0.5097790910370058,88000,151,266693000,/nfs3_ib/nfs-ip34/home/def-ilafores/analysis/MethodsComparison/Feces_RA/preproc/SRR5091485/SRR5091485_unmatched_2.fastq,SRR5091485,2f3e92d5,372016000,31,DNA,1000,372016,True,0.8612180427752104,0.9784997302684434,0.9198588865218269,0.9784997302684434,False,293,2039983,3654096
1767000,0.004749795707711496,0.028505897771952816,0.0002338609092082061,7.772100130921574e-05,3.264367816091954,2.0,3.6213281684751766,/net/nfs-ip34/jbod2/def-ilafores/ref_dbs/sourmash_db/RefSeq_20250528.k31.sbt.zip,GCF_023347255.1_ASM2334725v1_genomic,58b144de4acaed89ce9d8071641d7213,0.5789646133682831,87000,152,266606000,/nfs3_ib/nfs-ip34/home/def-ilafores/analysis/MethodsComparison/Feces_RA/preproc/SRR5091485/SRR5091485_unmatched_2.fastq,SRR5091485,2f3e92d5,372016000,31,DNA,1000,372016,True,0.8414998250528801,0.9825250088199036,0.9120124169363919,0.9825250088199036,False,284,2040267,3654096
199000,0.0005349232291084255,0.023870417732310314,0.00022579673992516452,0.000323746283622543,14.083333333333334,16.0,10.580989616753307,/net/nfs-ip34/jbod2/def-ilafores/ref_dbs/sourmash_db/RefSeq_20250528.k31.sbt.zip,GCF_025146135.1_ASM2514613v1_genomic,7eaae742c69417c8e76f081fe338897d,0.05655015629440182,84000,153,266522000,/nfs3_ib/nfs-ip34/home/def-ilafores/analysis/MethodsComparison/Feces_RA/preproc/SRR5091485/SRR5091485_unmatched_2.fastq,SRR5091485,2f3e92d5,372016000,31,DNA,1000,372016,True,0.7842617150342098,0.9114984392242704,0.8478800771292401,0.9114984392242704,False,1183,2041450,3654096
3465000,0.009314115521913037,0.012249114521841794,0.00022310868349748397,4.2144486625419805e-05,1.855421686746988,1.0,4.285398380548956,/net/nfs-ip34/jbod2/def-ilafores/ref_dbs/sourmash_db/RefSeq_20250528.k31.sbt.zip,GCF_018289275.1_ASM1828927v1_genomic,0044674628c604b7150c9a157e063dcf,0.5113636363636364,83000,154,266439000,/nfs3_ib/nfs-ip34/home/def-ilafores/analysis/MethodsComparison/Feces_RA/preproc/SRR5091485/SRR5091485_unmatched_2.fastq,SRR5091485,2f3e92d5,372016000,31,DNA,1000,372016,True,0.8599801744630134,0.978597694901975,0.9192889346824942,0.978597694901975,False,154,2041604,3654096
90000,0.0002419250784912477,0.03552859618717504,0.00022042062706980345,2.9829539234875056e-05,1.329268292682927,1.0,0.5192602160010675,/net/nfs-ip34/jbod2/def-ilafores/ref_dbs/sourmash_db/RefSeq_20250528.k31.sbt.zip,GCF_024205725.1_ASM2420572v1_genomic,b07df75c50dedb5163bc9d7b85801e8f,0.0389948006932409,82000,155,266357000,/nfs3_ib/nfs-ip34/home/def-ilafores/analysis/MethodsComparison/Feces_RA/preproc/SRR5091485/SRR5091485_unmatched_2.fastq,SRR5091485,2f3e92d5,372016000,31,DNA,1000,372016,True,0.764442008444191,0.9006345502136716,0.8325382793289313,0.9006345502136716,False,109,2041713,3654096
628000,0.0016880994365833727,0.022898631667132085,0.00022042062706980345,6.266939894299438e-05,2.792682926829268,1.0,8.692213792054455,/net/nfs-ip34/jbod2/def-ilafores/ref_dbs/sourmash_db/RefSeq_20250528.k31.sbt.zip,GCF_000209955.1_ASM20995v1_genomic,bbe76ea739202f726b440dbf1d277c90,0.17537000837754818,82000,156,266275000,/nfs3_ib/nfs-ip34/home/def-ilafores/analysis/MethodsComparison/Feces_RA/preproc/SRR5091485/SRR5091485_unmatched_2.fastq,SRR5091485,2f3e92d5,372016000,31,DNA,1000,372016,True,0.8138815932953862,0.9453909966565827,0.8796362949759844,0.9453909966565827,False,229,2041942,3654096
168000,0.00045159347985032904,0.012547051442910916,0.00021504451421444239,4.351281411325811e-05,1.9875,1.0,3.877801406725207,/net/nfs-ip34/jbod2/def-ilafores/ref_dbs/sourmash_db/RefSeq_20250528.k31.sbt.zip,GCF_016889665.1_ASM1688966v1_genomic,93f73424a62c9a7810069426678c2739,0.026348808030112924,80000,157,266195000,/nfs3_ib/nfs-ip34/home/def-ilafores/analysis/MethodsComparison/Feces_RA/preproc/SRR5091485/SRR5091485_unmatched_2.fastq,SRR5091485,2f3e92d5,372016000,31,DNA,1000,372016,True,0.7799892807242207,0.8893174327115784,0.8346533567178995,0.8893174327115784,False,159,2042101,3654096
1919000,0.0051583802847189365,0.027748507200561996,0.00021235645778676187,6.349039543569736e-05,2.9367088607594938,2.0,3.8724661692122804,/net/nfs-ip34/jbod2/def-ilafores/ref_dbs/sourmash_db/RefSeq_20250528.k31.sbt.zip,GCF_042854225.1_ASM4285422v1_genomic,387027c4a6ea2f36548bc8ed31ebb8dc,0.6740428521250439,79000,158,266116000,/nfs3_ib/nfs-ip34/home/def-ilafores/analysis/MethodsComparison/Feces_RA/preproc/SRR5091485/SRR5091485_unmatched_2.fastq,SRR5091485,2f3e92d5,372016000,31,DNA,1000,372016,True,0.843742855198309,0.9873560475555219,0.9155494513769155,0.9873560475555219,False,232,2042333,3654096
220000,0.0005913724140897166,0.011944869831546707,0.00020966840135908132,2.2440570800548207e-05,1.0512820512820513,1.0,0.2205724427446828,/net/nfs-ip34/jbod2/def-ilafores/ref_dbs/sourmash_db/RefSeq_20250528.k31.sbt.zip,GCF_030369855.1_ASM3036985v1_genomic,f5cb81f99a5d7fd8669e144bc12a070e,0.033690658499234305,78000,159,266038000,/nfs3_ib/nfs-ip34/home/def-ilafores/analysis/MethodsComparison/Feces_RA/preproc/SRR5091485/SRR5091485_unmatched_2.fastq,SRR5091485,2f3e92d5,372016000,31,DNA,1000,372016,True,0.7868038672521522,0.8963968184448818,0.841600342848517,0.8963968184448818,False,82,2042415,3654096
980000,0.0026342952991269195,0.011439607784875946,0.0002069803449314008,0.0001236968049005828,5.87012987012987,1.0,10.279661737512534,/net/nfs-ip34/jbod2/def-ilafores/ref_dbs/sourmash_db/RefSeq_20250528.k31.sbt.zip,GCF_024759405.1_ASM2475940v1_genomic,76639c7a21c2df8f82379585387251d2,0.14559500817114843,77000,160,265961000,/nfs3_ib/nfs-ip34/home/def-ilafores/analysis/MethodsComparison/Feces_RA/preproc/SRR5091485/SRR5091485_unmatched_2.fastq,SRR5091485,2f3e92d5,372016000,31,DNA,1000,372016,True,0.8256493201666995,0.9397335352491238,0.8826914277079116,0.9397335352491238,False,452,2042867,3654096
1304000,0.003505225581695411,0.03176567656765677,0.0002069803449314008,6.020640946488543e-05,2.857142857142857,2.0,2.0111009178233097,/net/nfs-ip34/jbod2/def-ilafores/ref_dbs/sourmash_db/RefSeq_20250528.k31.sbt.zip,GCF_022845695.1_ASM2284569v1_genomic,d2b80285f87596ce06d6b6fa311fc27f,0.5379537953795379,77000,161,265884000,/nfs3_ib/nfs-ip34/home/def-ilafores/analysis/MethodsComparison/Feces_RA/preproc/SRR5091485/SRR5091485_unmatched_2.fastq,SRR5091485,2f3e92d5,372016000,31,DNA,1000,372016,True,0.8332921477924107,0.9801992233342459,0.9067456855633282,0.9801992233342459,False,220,2043087,3654096
1427000,0.0038358565223001163,0.014578937272204105,0.00020429228850372028,3.366085620082231e-05,1.618421052631579,1.0,1.3275135569052816,/net/nfs-ip34/jbod2/def-ilafores/ref_dbs/sourmash_db/RefSeq_20250528.k31.sbt.zip,GCF_900683725.1_Parabacteroides_distasonis_82G9_genomic,d0938f013a524bbc54ab1b9624844fb8,0.27373873009783234,76000,162,265808000,/nfs3_ib/nfs-ip34/home/def-ilafores/analysis/MethodsComparison/Feces_RA/preproc/SRR5091485/SRR5091485_unmatched_2.fastq,SRR5091485,2f3e92d5,372016000,31,DNA,1000,372016,True,0.8357186151717121,0.9590683438615564,0.8973934795166343,0.9590683438615564,False,123,2043210,3654096
225000,0.0006048126962281192,0.029698942229454843,0.0001962281192206787,3.5576514683795935e-05,1.7808219178082192,1.0,1.3059041411301902,/net/nfs-ip34/jbod2/def-ilafores/ref_dbs/sourmash_db/RefSeq_20250528.k31.sbt.zip,GCF_018326305.1_ASM1832630v1_genomic,5128153ef7f1c80fc4c112268b755214,0.09153783563873068,73000,163,265735000,/nfs3_ib/nfs-ip34/home/def-ilafores/analysis/MethodsComparison/Feces_RA/preproc/SRR5091485/SRR5091485_unmatched_2.fastq,SRR5091485,2f3e92d5,372016000,31,DNA,1000,372016,True,0.7873744524281902,0.9257703054117362,0.8565723789199632,0.9257703054117362,False,130,2043340,3654096
1533000,0.004120790503634252,0.018561484918793503,0.00019354006279299814,0.004664628406040783,236.73611111111111,220.5,250.29116339528537,/net/nfs-ip34/jbod2/def-ilafores/ref_dbs/sourmash_db/RefSeq_20250528.k31.sbt.zip,GCF_032451715.1_ASM3245171v1_genomic,f1795b36006e7a505f203c85c8c93bd2,0.3952049497293117,72000,164,265663000,/nfs3_ib/nfs-ip34/home/def-ilafores/analysis/MethodsComparison/Feces_RA/preproc/SRR5091485/SRR5091485_unmatched_2.fastq,SRR5091485,2f3e92d5,372016000,31,DNA,1000,372016,True,0.8376524985761193,0.9704971629821038,0.9040748307791115,0.9704971629821038,False,17045,2060385,3654096
111000,0.00029837426347253883,0.019261637239165328,0.00019354006279299814,4.406014510839343e-05,2.236111111111111,1.0,3.6189818072197677,/net/nfs-ip34/jbod2/def-ilafores/ref_dbs/sourmash_db/RefSeq_20250528.k31.sbt.zip,GCF_964199395.1_Q9705_genomic,1f9a877738dafe6e5148789f10105647,0.02969502407704655,72000,165,265591000,/nfs3_ib/nfs-ip34/home/def-ilafores/analysis/MethodsComparison/Feces_RA/preproc/SRR5091485/SRR5091485_unmatched_2.fastq,SRR5091485,2f3e92d5,372016000,31,DNA,1000,372016,True,0.7696311278904384,0.8927538498064015,0.8311924888484199,0.8927538498064015,False,161,2060546,3654096
3256000,0.008752311728527805,0.010936537276648183,0.00019085200636531762,4.7344131079205364e-05,2.436619718309859,2.0,3.330323311996613,/net/nfs-ip34/jbod2/def-ilafores/ref_dbs/sourmash_db/RefSeq_20250528.k31.sbt.zip,GCF_001314995.1_ASM131499v1_genomic,514bdd6aa640f40cc6414be0e11ec2f6,0.5015403573629081,71000,166,265520000,/nfs3_ib/nfs-ip34/home/def-ilafores/analysis/MethodsComparison/Feces_RA/preproc/SRR5091485/SRR5091485_unmatched_2.fastq,SRR5091485,2f3e92d5,372016000,31,DNA,1000,372016,True,0.858256030750522,0.9779855722672625,0.9181208015088922,0.9779855722672625,False,173,2060719,3654096
1640000,0.004408412541396069,0.02522851919561243,0.00018547589350995656,6.020640946488543e-05,3.1884057971014492,2.0,4.1011676044008105,/net/nfs-ip34/jbod2/def-ilafores/ref_dbs/sourmash_db/RefSeq_20250528.k31.sbt.zip,GCF_902388275.1_UHGG_MGYG-HGUT-02545_genomic,35aa97e0127f24ba3813815f3d766914,0.5996343692870201,69000,167,265451000,/nfs3_ib/nfs-ip34/home/def-ilafores/analysis/MethodsComparison/Feces_RA/preproc/SRR5091485/SRR5091485_unmatched_2.fastq,SRR5091485,2f3e92d5,372016000,31,DNA,1000,372016,True,0.8394775844072393,0.9836374356972468,0.9115575100522431,0.9836374356972468,False,220,2060939,3654096
595000,0.0015993935744699152,0.020089955022488757,0.0001800997806545955,2.873487724460441e-05,1.5671641791044777,1.0,1.2121755524923552,/net/nfs-ip34/jbod2/def-ilafores/ref_dbs/sourmash_db/RefSeq_20250528.k31.sbt.zip,GCF_900209925.1_EH1_genomic,853f171c0393206ce274892b71b6f556,0.17841079460269865,67000,168,265384000,/nfs3_ib/nfs-ip34/home/def-ilafores/analysis/MethodsComparison/Feces_RA/preproc/SRR5091485/SRR5091485_unmatched_2.fastq,SRR5091485,2f3e92d5,372016000,31,DNA,1000,372016,True,0.8124656547937592,0.9459153964434653,0.8791905256186123,0.9459153964434653,False,105,2061044,3654096
1504000,0.004042836867231517,0.0002243409983174425,0.00017741172422691497,2.4903560278657157e-05,1.378787878787879,1.0,0.7127656658387319,/net/nfs-ip34/jbod2/def-ilafores/ref_dbs/sourmash_db/RefSeq_20250528.k31.sbt.zip,plasmid.5.1.genomic,0f0c4d9f3e14a466d58e8f18d86b27e8,0.005112255476809599,66000,169,265318000,/nfs3_ib/nfs-ip34/home/def-ilafores/analysis/MethodsComparison/Feces_RA/preproc/SRR5091485/SRR5091485_unmatched_2.fastq,SRR5091485,2f3e92d5,372016000,31,DNA,1000,372016,True,0.8371365994122622,0.8434984245509614,0.8403175119816118,0.8434984245509614,False,91,2061135,3654096
2819000,0.007577631069631414,0.013258336681398152,0.00017741172422691497,6.951103638218591e-05,3.8484848484848486,2.0,6.502312931710656,/net/nfs-ip34/jbod2/def-ilafores/ref_dbs/sourmash_db/RefSeq_20250528.k31.sbt.zip,GCF_020091545.1_ASM2009154v1_genomic,cbccf2735894b89c5383dfa9cc789cf8,0.5662916834069908,66000,170,265252000,/nfs3_ib/nfs-ip34/home/def-ilafores/analysis/MethodsComparison/Feces_RA/preproc/SRR5091485/SRR5091485_unmatched_2.fastq,SRR5091485,2f3e92d5,372016000,31,DNA,1000,372016,True,0.8542753075481984,0.981823797419365,0.9180495524837817,0.981823797419365,False,254,2061389,3654096
1930000,0.005187948905423422,0.022093813732154997,0.00017472366779923445,7.443701533840381e-05,4.184615384615385,3.0,4.590600120622098,/net/nfs-ip34/jbod2/def-ilafores/ref_dbs/sourmash_db/RefSeq_20250528.k31.sbt.zip,GCF_036815185.2_ASM3681518v1_genomic,c6ed66af62435c7dcd0b26067f44e3e0,0.6560163154316792,65000,171,265187000,/nfs3_ib/nfs-ip34/home/def-ilafores/analysis/MethodsComparison/Feces_RA/preproc/SRR5091485/SRR5091485_unmatched_2.fastq,SRR5091485,2f3e92d5,372016000,31,DNA,1000,372016,True,0.8438984390091406,0.9864930289650552,0.915195733987098,0.9864930289650552,False,272,2061661,3654096
2213000,0.005948668874457013,0.011617353421673625,0.0001720356113715539,0.0004701573248212417,26.84375,2.0,103.05387225105858,/net/nfs-ip34/jbod2/def-ilafores/ref_dbs/sourmash_db/RefSeq_20250528.k31.sbt.zip,GCF_013010255.1_ASM1301025v1_genomic,a085b84a68ee61a7426979f985e2e9d7,0.4017062987838083,64000,172,265123000,/nfs3_ib/nfs-ip34/home/def-ilafores/analysis/MethodsComparison/Feces_RA/preproc/SRR5091485/SRR5091485_unmatched_2.fastq,SRR5091485,2f3e92d5,372016000,31,DNA,1000,372016,True,0.8476315047071399,0.9710081148999637,0.9093198098035518,0.9710081148999637,False,1718,2063379,3654096
66000,0.00017741172422691497,0.024447031431897557,0.00016934755494387338,2.1072243312709903e-05,1.2222222222222223,1.0,0.6027567474935721,/net/nfs-ip34/jbod2/def-ilafores/ref_dbs/sourmash_db/RefSeq_20250528.k31.sbt.zip,GCF_001543345.1_ASM154334v1_genomic,b55bdb71ce6be047993faff80bc579a4,0.025611175785797437,63000,173,265060000,/nfs3_ib/nfs-ip34/home/def-ilafores/analysis/MethodsComparison/Feces_RA/preproc/SRR5091485/SRR5091485_unmatched_2.fastq,SRR5091485,2f3e92d5,372016000,31,DNA,1000,372016,True,0.7568319009524802,0.8885032417235125,0.8226675713379963,0.8885032417235125,False,77,2063456,3654096
1664000,0.004472925895660402,0.021867407150295035,0.00016934755494387338,0.0001376537452765335,7.984126984126984,4.0,8.02870260426207,/net/nfs-ip34/jbod2/def-ilafores/ref_dbs/sourmash_db/RefSeq_20250528.k31.sbt.zip,GCF_003312465.1_ASM331246v1_genomic,be5c860d5d238c3f38a0963a5d83b576,0.5775772301284277,63000,174,264997000,/nfs3_ib/nfs-ip34/home/def-ilafores/analysis/MethodsComparison/Feces_RA/preproc/SRR5091485/SRR5091485_unmatched_2.fastq,SRR5091485,2f3e92d5,372016000,31,DNA,1000,372016,True,0.8398710964406103,0.9824489708677959,0.9111600336542032,0.9824489708677959,False,503,2063959,3654096
499000,0.0013413401574125844,0.017734553775743706,0.00016665949851619286,3.2292528712984006e-05,1.903225806451613,1.0,2.454158271175514,/net/nfs-ip34/jbod2/def-ilafores/ref_dbs/sourmash_db/RefSeq_20250528.k31.sbt.zip,GCF_028743455.1_ASM2874345v1_genomic,e7c81f7d63e990a73ddfcefd48f5bb04,0.1427345537757437,62000,175,264935000,/nfs3_ib/nfs-ip34/home/def-ilafores/analysis/MethodsComparison/Feces_RA/preproc/SRR5091485/SRR5091485_unmatched_2.fastq,SRR5091485,2f3e92d5,372016000,31,DNA,1000,372016,True,0.8078671805906962,0.939132231170776,0.8734997058807361,0.939132231170776,False,118,2064077,3654096
997000,0.0026799922583974883,0.015278462296697881,0.00016665949851619286,8.100498728002767e-05,4.774193548387097,3.5,4.167537196609008,/net/nfs-ip34/jbod2/def-ilafores/ref_dbs/sourmash_db/RefSeq_20250528.k31.sbt.zip,GCF_000210655.1_ASM21065v1_genomic,586860c088f340576435f05f9fd3cc1d,0.2456875308033514,62000,176,264873000,/nfs3_ib/nfs-ip34/home/def-ilafores/analysis/MethodsComparison/Feces_RA/preproc/SRR5091485/SRR5091485_unmatched_2.fastq,SRR5091485,2f3e92d5,372016000,31,DNA,1000,372016,True,0.8261075014671614,0.9557293852544053,0.8909184433607833,0.9557293852544053,False,296,2064373,3654096
1272000,0.003419207776009634,0.01647312989467999,0.00016397144208851232,3.3113525205686985e-05,1.9836065573770492,1.0,1.7508012524358014,/net/nfs-ip34/jbod2/def-ilafores/ref_dbs/sourmash_db/RefSeq_20250528.k31.sbt.zip,GCF_022845675.1_ASM2284567v1_genomic,dc5db18b01e855478b35f8ecd5651460,0.3435052660005401,61000,177,264812000,/nfs3_ib/nfs-ip34/home/def-ilafores/analysis/MethodsComparison/Feces_RA/preproc/SRR5091485/SRR5091485_unmatched_2.fastq,SRR5091485,2f3e92d5,372016000,31,DNA,1000,372016,True,0.8326245451862285,0.9661178576573332,0.8993712014217808,0.9661178576573332,False,121,2064494,3654096
732000,0.0019676573050621477,0.018633540372670808,0.0001612833856608318,0.00015544200261843148,9.466666666666667,2.0,44.38786120351174,/net/nfs-ip34/jbod2/def-ilafores/ref_dbs/sourmash_db/RefSeq_20250528.k31.sbt.zip,GCF_044324945.1_ASM4432494v1_genomic,d941499676ba65c47aeee15f709cbc7a,0.22732919254658385,60000,178,264752000,/nfs3_ib/nfs-ip34/home/def-ilafores/analysis/MethodsComparison/Feces_RA/preproc/SRR5091485/SRR5091485_unmatched_2.fastq,SRR5091485,2f3e92d5,372016000,31,DNA,1000,372016,True,0.8179147631584708,0.9533380832316182,0.8856264231950445,0.9533380832316182,False,568,2065062,3654096
2524000,0.006784654423465658,0.009558706388402102,0.0001612833856608318,5.582776150380286e-05,3.4,1.5,6.146001410131089,/net/nfs-ip34/jbod2/def-ilafores/ref_dbs/sourmash_db/RefSeq_20250528.k31.sbt.zip,GCF_006546965.1_ASM654696v1_genomic,d3b5011d40cba3b27ab151b054210724,0.40210291540544846,60000,179,264692000,/nfs3_ib/nfs-ip34/home/def-ilafores/analysis/MethodsComparison/Feces_RA/preproc/SRR5091485/SRR5091485_unmatched_2.fastq,SRR5091485,2f3e92d5,372016000,31,DNA,1000,372016,True,0.851234626773856,0.9710390261123943,0.9111368264431252,0.9710390261123943,False,204,2065266,3654096
145000,0.00038976818201367683,0.019143413367942893,0.00015859532923315128,5.965907846975011e-05,3.694915254237288,1.0,5.606455834724507,/net/nfs-ip34/jbod2/def-ilafores/ref_dbs/sourmash_db/RefSeq_20250528.k31.sbt.zip,GCF_025149915.1_ASM2514991v1_genomic,77a3e7c3120575d9da787e808e54cdea,0.04704737183646982,59000,180,264633000,/nfs3_ib/nfs-ip34/home/def-ilafores/analysis/MethodsComparison/Feces_RA/preproc/SRR5091485/SRR5091485_unmatched_2.fastq,SRR5091485,2f3e92d5,372016000,31,DNA,1000,372016,True,0.7762936118792045,0.9061050695828359,0.8411993407310202,0.9061050695828359,False,218,2065484,3654096
696000,0.0018708872736656489,0.011907205912543626,0.00015590727280547073,3.2018863215416347e-05,2.0172413793103448,1.0,6.396365830554705,/net/nfs-ip34/jbod2/def-ilafores/ref_dbs/sourmash_db/RefSeq_20250528.k31.sbt.zip,GCF_018289295.1_ASM1828929v1_genomic,efcaf620d43a1e990655112ba5460db1,0.1428864709505235,58000,181,264575000,/nfs3_ib/nfs-ip34/home/def-ilafores/analysis/MethodsComparison/Feces_RA/preproc/SRR5091485/SRR5091485_unmatched_2.fastq,SRR5091485,2f3e92d5,372016000,31,DNA,1000,372016,True,0.8165852597193105,0.939164458123526,0.8778748589214183,0.939164458123526,False,117,2065601,3654096
332000,0.0008924347339899359,0.02013888888888889,0.00015590727280547073,8.100498728002767e-05,5.103448275862069,4.0,3.933453581130814,/net/nfs-ip34/jbod2/def-ilafores/ref_dbs/sourmash_db/RefSeq_20250528.k31.sbt.zip,GCF_022174665.1_ASM2217466v1_genomic,b004fadcdc39cbd453a7420b36ad1d38,0.11527777777777778,58000,182,264517000,/nfs3_ib/nfs-ip34/home/def-ilafores/analysis/MethodsComparison/Feces_RA/preproc/SRR5091485/SRR5091485_unmatched_2.fastq,SRR5091485,2f3e92d5,372016000,31,DNA,1000,372016,True,0.7973178717959926,0.9326822868868734,0.865000079341433,0.9326822868868734,False,296,2065897,3654096
190000,0.0005107307212593007,0.020141342756183747,0.0001532192163777902,1.9977581322439257e-05,1.280701754385965,1.0,0.5216164472743335,/net/nfs-ip34/jbod2/def-ilafores/ref_dbs/sourmash_db/RefSeq_20250528.k31.sbt.zip,GCF_000478885.1_ASM47888v1_genomic,02b170c1c65259d332d2411d92d0f08f,0.06713780918727916,57000,183,264460000,/nfs3_ib/nfs-ip34/home/def-ilafores/analysis/MethodsComparison/Feces_RA/preproc/SRR5091485/SRR5091485_unmatched_2.fastq,SRR5091485,2f3e92d5,372016000,31,DNA,1000,372016,True,0.7830917427102543,0.916558588227355,0.8498251654688047,0.916558588227355,False,73,2065970,3654096
120000,0.0003225667713216636,0.020496224379719527,0.0001532192163777902,4.433381060596109e-05,2.8421052631578947,1.0,4.2952012132848765,/net/nfs-ip34/jbod2/def-ilafores/ref_dbs/sourmash_db/RefSeq_20250528.k31.sbt.zip,GCF_014334055.1_ASM1433405v1_genomic,7d82c091b7553167242da89b74e9d599,0.043149946062567425,57000,184,264403000,/nfs3_ib/nfs-ip34/home/def-ilafores/analysis/MethodsComparison/Feces_RA/preproc/SRR5091485/SRR5091485_unmatched_2.fastq,SRR5091485,2f3e92d5,372016000,31,DNA,1000,372016,True,0.7715691001834412,0.9035810308539187,0.83757506551868,0.9035810308539187,False,162,2066132,3654096
1398000,0.0037579028858973807,0.01975736568457539,0.0001532192163777902,6.376406093326502e-05,4.087719298245614,2.0,4.402075673701669,/net/nfs-ip34/jbod2/def-ilafores/ref_dbs/sourmash_db/RefSeq_20250528.k31.sbt.zip,GCF_002586945.1_ASM258694v1_genomic,37548ff8695f19adfb807e1221069651,0.4845753899480069,57000,185,264346000,/nfs3_ib/nfs-ip34/home/def-ilafores/analysis/MethodsComparison/Feces_RA/preproc/SRR5091485/SRR5091485_unmatched_2.fastq,SRR5091485,2f3e92d5,372016000,31,DNA,1000,372016,True,0.8351652913496876,0.9769005773125241,0.9060329343311059,0.9769005773125241,False,233,2066365,3654096
242000,0.0006505096554986883,0.02451202905129369,0.00014515504709474862,1.806192283946563e-05,1.2222222222222223,1.0,0.5328701692569688,/net/nfs-ip34/jbod2/def-ilafores/ref_dbs/sourmash_db/RefSeq_20250528.k31.sbt.zip,GCF_020181355.1_ASM2018135v1_genomic,12bb79a35fe0b383414df0f2f6def9ec,0.10985020426690877,54000,186,264292000,/nfs3_ib/nfs-ip34/home/def-ilafores/analysis/MethodsComparison/Feces_RA/preproc/SRR5091485/SRR5091485_unmatched_2.fastq,SRR5091485,2f3e92d5,372016000,31,DNA,1000,372016,True,0.7892266355145804,0.9312324316025679,0.8602295335585741,0.9312324316025679,False,66,2066431,3654096
3746000,0.010069459378091264,0.011117974058060531,0.00014515504709474862,0.00013792741077410119,9.333333333333334,8.5,6.85295286449301,/net/nfs-ip34/jbod2/def-ilafores/ref_dbs/sourmash_db/RefSeq_20250528.k31.sbt.zip,GCF_020885715.1_ASM2088571v1_genomic,520291c2858c53efa7059183f1ff7255,0.7712579781758288,54000,187,264238000,/nfs3_ib/nfs-ip34/home/def-ilafores/analysis/MethodsComparison/Feces_RA/preproc/SRR5091485/SRR5091485_unmatched_2.fastq,SRR5091485,2f3e92d5,372016000,31,DNA,1000,372016,True,0.8621460517941413,0.9916565382971191,0.9269012950456301,0.9916565382971191,False,504,2066935,3654096
1610000,0.004327770848565653,0.021251002405773857,0.00014246699066706807,3.5302849186228275e-05,2.4339622641509435,2.0,1.5960970552872906,/net/nfs-ip34/jbod2/def-ilafores/ref_dbs/sourmash_db/RefSeq_20250528.k31.sbt.zip,GCF_900683765.1_Phascolarctobacterium_succinatutens_82G5_genomic,3f78203e6069e7dd0f934cece4bae86a,0.6455493183640738,53000,188,264185000,/nfs3_ib/nfs-ip34/home/def-ilafores/analysis/MethodsComparison/Feces_RA/preproc/SRR5091485/SRR5091485_unmatched_2.fastq,SRR5091485,2f3e92d5,372016000,31,DNA,1000,372016,True,0.838977782027676,0.9859813293921933,0.9124795557099347,0.9859813293921933,False,129,2067064,3654096
1320000,0.0035482344845382996,0.023777478689995513,0.00014246699066706807,2.873487724460441e-05,1.9811320754716981,2.0,1.281075109190034,/net/nfs-ip34/jbod2/def-ilafores/ref_dbs/sourmash_db/RefSeq_20250528.k31.sbt.zip,GCF_900637095.1_48450_G02_genomic,50cbe693931985575a68db5515e8ee6f,0.5921938088829072,53000,189,264132000,/nfs3_ib/nfs-ip34/home/def-ilafores/analysis/MethodsComparison/Feces_RA/preproc/SRR5091485/SRR5091485_unmatched_2.fastq,SRR5091485,2f3e92d5,372016000,31,DNA,1000,372016,True,0.8336200260008082,0.9832413277723346,0.9084306768865714,0.9832413277723346,False,105,2067169,3654096
345000,0.0009273794675497828,0.013230154767848227,0.00014246699066706807,0.0008168915102394682,56.320754716981135,1.0,154.0546060483536,/net/nfs-ip34/jbod2/def-ilafores/ref_dbs/sourmash_db/RefSeq_20250528.k31.sbt.zip,GCF_019249725.2_ASM1924972v2_genomic,b52efe698d9af7f8373fa734735ff63d,0.08612081877184223,53000,190,264079000,/nfs3_ib/nfs-ip34/home/def-ilafores/analysis/MethodsComparison/Feces_RA/preproc/SRR5091485/SRR5091485_unmatched_2.fastq,SRR5091485,2f3e92d5,372016000,31,DNA,1000,372016,True,0.7983063724214549,0.9239503833774957,0.8611283778994753,0.9239503833774957,False,2985,2070154,3654096
3063000,0.008233516837985464,0.010017337699865151,0.00013977893423938755,4.5154807098664074e-05,3.173076923076923,3.0,2.190198040274281,/net/nfs-ip34/jbod2/def-ilafores/ref_dbs/sourmash_db/RefSeq_20250528.k31.sbt.zip,GCF_018289175.1_ASM1828917v1_genomic,c011021d83e072fd7dafbdfb08120209,0.59005971874398,52000,191,264027000,/nfs3_ib/nfs-ip34/home/def-ilafores/analysis/MethodsComparison/Feces_RA/preproc/SRR5091485/SRR5091485_unmatched_2.fastq,SRR5091485,2f3e92d5,372016000,31,DNA,1000,372016,True,0.8565659740804695,0.9831268277028415,0.9198464008916556,0.9831268277028415,False,165,2070319,3654096
150000,0.00040320846415207946,0.008689725677287442,0.00013709087781170703,1.5325267863789018e-05,1.0980392156862746,1.0,0.2973676644726098,/net/nfs-ip34/jbod2/def-ilafores/ref_dbs/sourmash_db/RefSeq_20250528.k31.sbt.zip,GCF_029581355.1_ASM2958135v1_genomic,51d7fd9bdf03a1793a8850d12786c650,0.025558016697904244,51000,192,263976000,/nfs3_ib/nfs-ip34/home/def-ilafores/analysis/MethodsComparison/Feces_RA/preproc/SRR5091485/SRR5091485_unmatched_2.fastq,SRR5091485,2f3e92d5,372016000,31,DNA,1000,372016,True,0.7771430297393994,0.8884436917081431,0.8327933607237712,0.8884436917081431,False,56,2070375,3654096
