intersect_bp,f_orig_query,f_match,f_unique_to_query,f_unique_weighted,average_abund,median_abund,std_abund,filename,name,md5,f_match_orig,unique_intersect_bp,gather_result_rank,remaining_bp,query_filename,query_name,query_md5,query_bp,ksize,moltype,scaled,query_n_hashes,query_abundance,query_containment_ani,match_containment_ani,average_containment_ani,max_containment_ani,potential_false_negative,n_unique_weighted_found,sum_weighted_found,total_weighted_hashes
3674000,0.013130244592798022,0.7171579152840133,0.013130244592798022,0.009832679520423928,8.24333151878062,3.0,114.40146537868267,/net/nfs-ip34/jbod2/def-ilafores/ref_dbs/sourmash_db/RefSeq_20250528.k31.sbt.zip,GCF_020091465.1_ASM2009146v1_genomic,cfcaa7d93ee12c43b81dc72fd8321792,0.7171579152840133,3674000,0,276138000,/nfs3_ib/nfs-ip34/home/def-ilafores/analysis/MethodsComparison/Feces_RA/preproc/SRR5091586/SRR5091586_unmatched_2.fastq,SRR5091586,32faebbc,279812000,31,DNA,1000,279812,True,0.8695591375060837,0.9893328114150788,0.9294459744605812,0.9893328114150788,False,30286,30286,3080137
2663000,0.009517104341486426,0.6966762627584402,0.009513530513344675,0.006660418026860493,7.706611570247934,5.0,26.027176628080262,/net/nfs-ip34/jbod2/def-ilafores/ref_dbs/sourmash_db/RefSeq_20250528.k31.sbt.zip,GCF_014287515.2_ASM1428751v2_genomic,ba44e405458705e9ab11b89381454753,0.6969379743522638,2662000,1,273476000,/nfs3_ib/nfs-ip34/home/def-ilafores/analysis/MethodsComparison/Feces_RA/preproc/SRR5091586/SRR5091586_unmatched_2.fastq,SRR5091586,32faebbc,279812000,31,DNA,1000,279812,True,0.8605784734332012,0.9884205043878307,0.9244994889105159,0.9884205043878307,False,20515,50801,3080137
2320000,0.00829128128886538,0.7919945261717414,0.00827341214815662,0.013503295470298887,17.96630669546436,13.0,24.435602075220245,/net/nfs-ip34/jbod2/def-ilafores/ref_dbs/sourmash_db/RefSeq_20250528.k31.sbt.zip,GCF_019967955.1_ASM1996795v1_genomic,815b92b0272af68e89d6f30eed8923eb,0.7937050975025659,2315000,2,271161000,/nfs3_ib/nfs-ip34/home/def-ilafores/analysis/MethodsComparison/Feces_RA/preproc/SRR5091586/SRR5091586_unmatched_2.fastq,SRR5091586,32faebbc,279812000,31,DNA,1000,279812,True,0.8567591728468347,0.9925746951139809,0.9246669339804078,0.9925746951139809,False,41592,92393,3080137
2419000,0.00864509027489886,0.4370735405610311,0.00824124769488085,0.00295181675360544,3.94275802254987,1.0,14.86975025699963,/net/nfs-ip34/jbod2/def-ilafores/ref_dbs/sourmash_db/RefSeq_20250528.k31.sbt.zip,GCF_018291785.1_ASM1829178v1_genomic,94290db9715a9c6fca358ac639119d83,0.4584912812736922,2306000,3,268855000,/nfs3_ib/nfs-ip34/home/def-ilafores/analysis/MethodsComparison/Feces_RA/preproc/SRR5091586/SRR5091586_unmatched_2.fastq,SRR5091586,32faebbc,279812000,31,DNA,1000,279812,True,0.8579148365689453,0.9751584674951929,0.916536652032069,0.9751584674951929,False,9092,101485,3080137
2247000,0.008030391834517462,0.6033369214208827,0.0080125226938087,0.15046343717828137,206.71186440677965,180.0,247.52877977582526,/net/nfs-ip34/jbod2/def-ilafores/ref_dbs/sourmash_db/RefSeq_20250528.k31.sbt.zip,GCF_015074785.1_ASM1507478v1_genomic,988b2ef58a54374a65546dbc194ca3be,0.6046824542518837,2242000,4,266613000,/nfs3_ib/nfs-ip34/home/def-ilafores/analysis/MethodsComparison/Feces_RA/preproc/SRR5091586/SRR5091586_unmatched_2.fastq,SRR5091586,32faebbc,279812000,31,DNA,1000,279812,True,0.8558760279308625,0.9839034778918847,0.9198897529113736,0.9839034778918847,False,463448,564933,3080137
2303000,0.008230526210455592,0.7262228260869565,0.007640844567066459,0.0077256303859211456,11.130028063610851,8.0,12.851163753585752,/net/nfs-ip34/jbod2/def-ilafores/ref_dbs/sourmash_db/RefSeq_20250528.k31.sbt.zip,GCF_019967975.1_ASM1996797v1_genomic,2c2d74013e8cf3a4113eeeae8dce1511,0.7822690217391305,2138000,5,264475000,/nfs3_ib/nfs-ip34/home/def-ilafores/analysis/MethodsComparison/Feces_RA/preproc/SRR5091586/SRR5091586_unmatched_2.fastq,SRR5091586,32faebbc,279812000,31,DNA,1000,279812,True,0.8565559359597475,0.9921101098733153,0.9243330229165314,0.9921101098733153,False,23796,588729,3080137
2261000,0.008080425428501995,0.6083333333333333,0.007044015267393821,0.016894053738518773,26.400811770674785,22.0,20.00171680481741,/net/nfs-ip34/jbod2/def-ilafores/ref_dbs/sourmash_db/RefSeq_20250528.k31.sbt.zip,GCF_000209855.1_ASM20985v1_genomic,2b845165824bdb6c15dab3f5f2327265,0.6978395061728395,1971000,6,262504000,/nfs3_ib/nfs-ip34/home/def-ilafores/analysis/MethodsComparison/Feces_RA/preproc/SRR5091586/SRR5091586_unmatched_2.fastq,SRR5091586,32faebbc,279812000,31,DNA,1000,279812,True,0.8560475295393009,0.9884617231833712,0.922254626361336,0.9884617231833712,False,52036,640765,3080137
1989000,0.007108344173945363,0.5783703703703704,0.006976112532700527,0.0033089437255550648,5.221311475409836,3.0,9.315518776928686,/net/nfs-ip34/jbod2/def-ilafores/ref_dbs/sourmash_db/RefSeq_20250528.k31.sbt.zip,GCF_023008345.1_ASM2300834v1_genomic,80788e4d9f7a77cc8143de8cf6b02058,0.5893333333333334,1952000,7,260552000,/nfs3_ib/nfs-ip34/home/def-ilafores/analysis/MethodsComparison/Feces_RA/preproc/SRR5091586/SRR5091586_unmatched_2.fastq,SRR5091586,32faebbc,279812000,31,DNA,1000,279812,True,0.852515351060105,0.9830877636027915,0.9178015573314482,0.9830877636027915,False,10192,650957,3080137
1975000,0.007058310579960831,0.4793827472805464,0.0067724043286206455,0.015532750653623523,25.24696569920844,24.0,19.96541098779968,/net/nfs-ip34/jbod2/def-ilafores/ref_dbs/sourmash_db/RefSeq_20250528.k31.sbt.zip,GCF_036419255.1_ASM3641925v1_genomic,cc90865ac4b45b3dd14605490161db88,0.49962054136099165,1895000,8,258657000,/nfs3_ib/nfs-ip34/home/def-ilafores/analysis/MethodsComparison/Feces_RA/preproc/SRR5091586/SRR5091586_unmatched_2.fastq,SRR5091586,32faebbc,279812000,31,DNA,1000,279812,True,0.8523211206498036,0.977864587652599,0.9150928541512013,0.977864587652599,False,47843,698800,3080137
1843000,0.0065865652652495246,0.751937984496124,0.0065865652652495246,0.008190220110339248,13.688008681497559,9.0,33.44330245513637,/net/nfs-ip34/jbod2/def-ilafores/ref_dbs/sourmash_db/RefSeq_20250528.k31.sbt.zip,GCF_010669225.1_ASM1066922v1_genomic,274d37fe38c89456352e287313491fb8,0.751937984496124,1843000,9,256814000,/nfs3_ib/nfs-ip34/home/def-ilafores/analysis/MethodsComparison/Feces_RA/preproc/SRR5091586/SRR5091586_unmatched_2.fastq,SRR5091586,32faebbc,279812000,31,DNA,1000,279812,True,0.850421362870053,0.9908453412125441,0.9206333520412986,0.9908453412125441,False,25227,724027,3080137
2184000,0.007805240661587065,0.6492351476342938,0.006522236358697983,0.0038517767229184936,6.500821917808219,5.0,7.7325233354106535,/net/nfs-ip34/jbod2/def-ilafores/ref_dbs/sourmash_db/RefSeq_20250528.k31.sbt.zip,GCF_028743395.1_ASM2874339v1_genomic,bc5680b67a040c88f41f779ed94a8fca,0.7769477054429029,1825000,10,254989000,/nfs3_ib/nfs-ip34/home/def-ilafores/analysis/MethodsComparison/Feces_RA/preproc/SRR5091586/SRR5091586_unmatched_2.fastq,SRR5091586,32faebbc,279812000,31,DNA,1000,279812,True,0.8550912477162137,0.9918916887477485,0.923491468231981,0.9918916887477485,False,11864,735891,3080137
1868000,0.006675910968793333,0.004961635518937572,0.006232756279216045,0.001873293298317575,3.30848623853211,1.0,18.52097178534819,/net/nfs-ip34/jbod2/def-ilafores/ref_dbs/sourmash_db/RefSeq_20250528.k31.sbt.zip,plasmid.7.1.genomic,7a8c695160f2da22a8aff644e0702b99,0.005314412356293226,1744000,11,253245000,/nfs3_ib/nfs-ip34/home/def-ilafores/analysis/MethodsComparison/Feces_RA/preproc/SRR5091586/SRR5091586_unmatched_2.fastq,SRR5091586,32faebbc,279812000,31,DNA,1000,279812,True,0.8507910654408529,0.844554321845088,0.8476726936429705,0.8507910654408529,False,5770,741661,3080137
2045000,0.007308478549883493,0.5625439212930429,0.005721698854945463,0.009114854306805184,17.535915053091816,16.0,13.11959558009178,/net/nfs-ip34/jbod2/def-ilafores/ref_dbs/sourmash_db/RefSeq_20250528.k31.sbt.zip,GCF_019968055.1_ASM1996805v1_genomic,68b64f4d4c3889600ebe30d1a4137e53,0.7185523541813071,1601000,12,251644000,/nfs3_ib/nfs-ip34/home/def-ilafores/analysis/MethodsComparison/Feces_RA/preproc/SRR5091586/SRR5091586_unmatched_2.fastq,SRR5091586,32faebbc,279812000,31,DNA,1000,279812,True,0.8532792660812852,0.9893948064829657,0.9213370362821255,0.9893948064829657,False,28075,769736,3080137
1678000,0.005996883621860392,0.3511467889908257,0.005471530885022801,0.00181907493075795,3.659699542782495,2.0,7.713590585896977,/net/nfs-ip34/jbod2/def-ilafores/ref_dbs/sourmash_db/RefSeq_20250528.k31.sbt.zip,GCF_042847785.1_ASM4284778v1_genomic,88019d6ddc2b537fe7ac87c23df45062,0.3848623853211009,1531000,13,250113000,/nfs3_ib/nfs-ip34/home/def-ilafores/analysis/MethodsComparison/Feces_RA/preproc/SRR5091586/SRR5091586_unmatched_2.fastq,SRR5091586,32faebbc,279812000,31,DNA,1000,279812,True,0.8478522583870108,0.9696673152328275,0.9087597868099191,0.9696673152328275,False,5603,775339,3080137
1607000,0.005743141823795977,0.42473578977435017,0.005314282446785699,0.001585643755456332,3.284465366509751,2.0,5.316143281365447,/net/nfs-ip34/jbod2/def-ilafores/ref_dbs/sourmash_db/RefSeq_20250528.k31.sbt.zip,GCF_000210555.1_ASM21055v1_genomic,6d00b0a0ca344fdf96ce690671c5fa63,0.45901171093973153,1487000,14,248626000,/nfs3_ib/nfs-ip34/home/def-ilafores/analysis/MethodsComparison/Feces_RA/preproc/SRR5091586/SRR5091586_unmatched_2.fastq,SRR5091586,32faebbc,279812000,31,DNA,1000,279812,True,0.8466706425799055,0.9751941541669711,0.9109323983734383,0.9751941541669711,False,4884,780223,3080137
1716000,0.00613268909124698,0.2980907411209197,0.005189198461824368,0.0025745608068732007,5.461432506887053,2.0,15.124935175518159,/net/nfs-ip34/jbod2/def-ilafores/ref_dbs/sourmash_db/RefSeq_20250528.k31.sbt.zip,GCF_018289295.1_ASM1828929v1_genomic,efcaf620d43a1e990655112ba5460db1,0.35228905768835966,1452000,15,247174000,/nfs3_ib/nfs-ip34/home/def-ilafores/analysis/MethodsComparison/Feces_RA/preproc/SRR5091586/SRR5091586_unmatched_2.fastq,SRR5091586,32faebbc,279812000,31,DNA,1000,279812,True,0.8484649405817295,0.9669050838024253,0.9076850121920774,0.9669050838024253,False,7930,788153,3080137
2067000,0.007387102769002044,0.32799408575653033,0.0047567652566723375,0.0017158327697761495,3.9706987227648383,2.0,7.943161026950542,/net/nfs-ip34/jbod2/def-ilafores/ref_dbs/sourmash_db/RefSeq_20250528.k31.sbt.zip,GCF_000210655.1_ASM21065v1_genomic,586860c088f340576435f05f9fd3cc1d,0.5093642188270083,1331000,16,245843000,/nfs3_ib/nfs-ip34/home/def-ilafores/analysis/MethodsComparison/Feces_RA/preproc/SRR5091586/SRR5091586_unmatched_2.fastq,SRR5091586,32faebbc,279812000,31,DNA,1000,279812,True,0.8535738494130433,0.978474032085291,0.9160239407491672,0.978474032085291,False,5285,793438,3080137
2806000,0.010028161765757009,0.23890657180303315,0.00456020470887596,0.0008210673746005453,1.9819749216300941,1.0,2.0675476938769064,/net/nfs-ip34/jbod2/def-ilafores/ref_dbs/sourmash_db/RefSeq_20250528.k31.sbt.zip,GCF_025916455.1_ASM2591645v1_genomic,27ccee7b3170a58b99749b4c684abf80,0.525369780939899,1276000,17,244567000,/nfs3_ib/nfs-ip34/home/def-ilafores/analysis/MethodsComparison/Feces_RA/preproc/SRR5091586/SRR5091586_unmatched_2.fastq,SRR5091586,32faebbc,279812000,31,DNA,1000,279812,True,0.862031763629707,0.9794510695049197,0.9207414165673133,0.9794510695049197,False,2529,795967,3080137
1444000,0.005160607836690349,0.3810520023909145,0.004556630880734208,0.001485648203310437,3.589019607843137,2.0,8.889414117508347,/net/nfs-ip34/jbod2/def-ilafores/ref_dbs/sourmash_db/RefSeq_20250528.k31.sbt.zip,GCF_045061065.1_ASM4506106v1_genomic,af810c6e00a2b94057226e642af6e200,0.43156007172743577,1275000,18,243292000,/nfs3_ib/nfs-ip34/home/def-ilafores/analysis/MethodsComparison/Feces_RA/preproc/SRR5091586/SRR5091586_unmatched_2.fastq,SRR5091586,32faebbc,279812000,31,DNA,1000,279812,True,0.8437546061265441,0.973256106539548,0.9085053563330461,0.973256106539548,False,4576,800543,3080137
1314000,0.0046960101782625475,0.2178419396631501,0.00420639572284248,0.0008259372878544038,2.16142735768904,1.0,3.95507146788664,/net/nfs-ip34/jbod2/def-ilafores/ref_dbs/sourmash_db/RefSeq_20250528.k31.sbt.zip,GCF_002257605.1_ASM225760v1_genomic,f7997817cc52d394fc177270fcbc526c,0.24319822320932816,1177000,19,242115000,/nfs3_ib/nfs-ip34/home/def-ilafores/analysis/MethodsComparison/Feces_RA/preproc/SRR5091586/SRR5091586_unmatched_2.fastq,SRR5091586,32faebbc,279812000,31,DNA,1000,279812,True,0.8411907430719128,0.9554154740307285,0.8983031085513207,0.9554154740307285,False,2544,803087,3080137
1601000,0.005721698854945463,0.3555979643765903,0.003995539862479093,0.0010515766019498483,2.8971377459749554,2.0,3.3755899028343594,/net/nfs-ip34/jbod2/def-ilafores/ref_dbs/sourmash_db/RefSeq_20250528.k31.sbt.zip,GCF_042854315.1_ASM4285431v1_genomic,8c077732bd97ee96b603cc65c422945d,0.5092239185750637,1118000,20,240997000,/nfs3_ib/nfs-ip34/home/def-ilafores/analysis/MethodsComparison/Feces_RA/preproc/SRR5091586/SRR5091586_unmatched_2.fastq,SRR5091586,32faebbc,279812000,31,DNA,1000,279812,True,0.8465684841997002,0.9784653369665702,0.9125169105831352,0.9784653369665702,False,3239,806326,3080137
1120000,0.0040026875187625975,0.3813953488372093,0.0038097007991079726,0.002812537234545087,8.126641651031894,5.0,26.766411973259377,/net/nfs-ip34/jbod2/def-ilafores/ref_dbs/sourmash_db/RefSeq_20250528.k31.sbt.zip,GCF_000146185.1_ASM14618v1_genomic,5229119e2aa175d63f96a9ce9dfd479c,0.4007155635062612,1066000,21,239931000,/nfs3_ib/nfs-ip34/home/def-ilafores/analysis/MethodsComparison/Feces_RA/preproc/SRR5091586/SRR5091586_unmatched_2.fastq,SRR5091586,32faebbc,279812000,31,DNA,1000,279812,True,0.8368671219349072,0.9709307704848819,0.9038989462098945,0.9709307704848819,False,8663,814989,3080137
1065000,0.00380612697096622,0.35157824042981867,0.0037417980644146786,0.0009441138494813705,2.7774594078319006,2.0,2.068351604332546,/net/nfs-ip34/jbod2/def-ilafores/ref_dbs/sourmash_db/RefSeq_20250528.k31.sbt.zip,GCF_000723465.1_Rb803_genomic,a0c72778e7e9a92bec9989c7d509e086,0.35762256548018806,1047000,22,238884000,/nfs3_ib/nfs-ip34/home/def-ilafores/analysis/MethodsComparison/Feces_RA/preproc/SRR5091586/SRR5091586_unmatched_2.fastq,SRR5091586,32faebbc,279812000,31,DNA,1000,279812,True,0.8355088862479152,0.9673738693588643,0.9014413778033897,0.9673738693588643,False,2908,817897,3080137
1152000,0.004117050019298672,0.27636363636363637,0.0035309422040512915,0.000814574156928734,2.539473684210526,2.0,4.985349033533117,/net/nfs-ip34/jbod2/def-ilafores/ref_dbs/sourmash_db/RefSeq_20250528.k31.sbt.zip,GCF_025147765.1_ASM2514776v1_genomic,6fb5d9fae55cc8ecb2a67f82352fb7a7,0.32223776223776224,988000,23,237896000,/nfs3_ib/nfs-ip34/home/def-ilafores/analysis/MethodsComparison/Feces_RA/preproc/SRR5091586/SRR5091586_unmatched_2.fastq,SRR5091586,32faebbc,279812000,31,DNA,1000,279812,True,0.8376279605107568,0.9641280619630714,0.9008780112369141,0.9641280619630714,False,2509,820406,3080137
1100000,0.003931210955927552,0.13466840806849514,0.0033165125155461524,0.0007840560338712207,2.6023706896551726,1.0,10.793530289204199,/net/nfs-ip34/jbod2/def-ilafores/ref_dbs/sourmash_db/RefSeq_20250528.k31.sbt.zip,GCF_020091525.1_ASM2009152v1_genomic,8f3ea558ca4f6e771ca0f137efec6697,0.1596285009432593,928000,24,236968000,/nfs3_ib/nfs-ip34/home/def-ilafores/analysis/MethodsComparison/Feces_RA/preproc/SRR5091586/SRR5091586_unmatched_2.fastq,SRR5091586,32faebbc,279812000,31,DNA,1000,279812,True,0.8363808408578731,0.9425271844296855,0.8894540126437793,0.9425271844296855,False,2415,822821,3080137
963000,0.0034415965005074834,0.26785714285714285,0.0031092304833245177,0.0006350366883031501,2.2482758620689656,2.0,3.040790205411318,/net/nfs-ip34/jbod2/def-ilafores/ref_dbs/sourmash_db/RefSeq_20250528.k31.sbt.zip,GCF_018140635.1_ASM1814063v1_genomic,03d45a9b9bd5d52d6fdc9c5ba2260f24,0.2964901477832512,870000,25,236098000,/nfs3_ib/nfs-ip34/home/def-ilafores/analysis/MethodsComparison/Feces_RA/preproc/SRR5091586/SRR5091586_unmatched_2.fastq,SRR5091586,32faebbc,279812000,31,DNA,1000,279812,True,0.83279986019304,0.961541588661049,0.8971707244270445,0.961541588661049,False,1956,824777,3080137
1255000,0.004485154317899161,0.19277913973701805,0.0030913613426157564,0.00043374694047699824,1.544508670520231,1.0,1.0482776494191046,/net/nfs-ip34/jbod2/def-ilafores/ref_dbs/sourmash_db/RefSeq_20250528.k31.sbt.zip,GCF_042850115.1_ASM4285011v1_genomic,0a531f0dc11d01b0c4c52863f5abf5c2,0.27969690216180076,865000,26,235233000,/nfs3_ib/nfs-ip34/home/def-ilafores/analysis/MethodsComparison/Feces_RA/preproc/SRR5091586/SRR5091586_unmatched_2.fastq,SRR5091586,32faebbc,279812000,31,DNA,1000,279812,True,0.8399450664732865,0.9597347383541822,0.8998399024137343,0.9597347383541822,False,1336,826113,3080137
1108000,0.00395980158106157,0.24451594033343083,0.002987720326504939,0.0006772426031699239,2.4952153110047846,2.0,3.590088172679393,/net/nfs-ip34/jbod2/def-ilafores/ref_dbs/sourmash_db/RefSeq_20250528.k31.sbt.zip,GCF_025149785.1_ASM2514978v1_genomic,8c91537000df08516afde1ea4eac7752,0.32407136589646096,836000,27,234397000,/nfs3_ib/nfs-ip34/home/def-ilafores/analysis/MethodsComparison/Feces_RA/preproc/SRR5091586/SRR5091586_unmatched_2.fastq,SRR5091586,32faebbc,279812000,31,DNA,1000,279812,True,0.836576372008631,0.9643045474973397,0.9004404597529854,0.9643045474973397,False,2086,828199,3080137
944000,0.0033736937658141895,0.22524327418431597,0.0028126027475590754,0.001160013337069098,4.54002541296061,2.0,19.405768447715957,/net/nfs-ip34/jbod2/def-ilafores/ref_dbs/sourmash_db/RefSeq_20250528.k31.sbt.zip,GCF_014337175.1_ASM1433717v1_genomic,a712134ff5fdebda1dc08f01019daf8a,0.2701774470520893,787000,28,233610000,/nfs3_ib/nfs-ip34/home/def-ilafores/analysis/MethodsComparison/Feces_RA/preproc/SRR5091586/SRR5091586_unmatched_2.fastq,SRR5091586,32faebbc,279812000,31,DNA,1000,279812,True,0.8322646964945551,0.9586632955225005,0.8954639960085278,0.9586632955225005,False,3573,831772,3080137
1070000,0.003823996111674982,0.25422077922077924,0.002798307434992066,0.0006025705999440934,2.3703703703703702,2.0,4.6448027221513355,/net/nfs-ip34/jbod2/def-ilafores/ref_dbs/sourmash_db/RefSeq_20250528.k31.sbt.zip,GCF_025150245.1_ASM2515024v1_genomic,1a61bc75384814965146b3c8fd1a27a5,0.3474025974025974,783000,29,232827000,/nfs3_ib/nfs-ip34/home/def-ilafores/analysis/MethodsComparison/Feces_RA/preproc/SRR5091586/SRR5091586_unmatched_2.fastq,SRR5091586,32faebbc,279812000,31,DNA,1000,279812,True,0.8356351344214198,0.9664695227396739,0.9010523285805468,0.9664695227396739,False,1856,833628,3080137
996000,0.00355953282918531,0.2321699544764795,0.002733978528440524,0.000651594393366269,2.623529411764706,2.0,3.765612635899337,/net/nfs-ip34/jbod2/def-ilafores/ref_dbs/sourmash_db/RefSeq_20250528.k31.sbt.zip,GCF_000210035.1_ASM21003v1_genomic,9b031f8e8d6f8498e950d180778cd938,0.3022761760242792,765000,30,232062000,/nfs3_ib/nfs-ip34/home/def-ilafores/analysis/MethodsComparison/Feces_RA/preproc/SRR5091586/SRR5091586_unmatched_2.fastq,SRR5091586,32faebbc,279812000,31,DNA,1000,279812,True,0.833705520996077,0.9621412533336953,0.8979233871648862,0.9621412533336953,False,2007,835635,3080137
728000,0.0026017468871956887,0.30629488804393745,0.0025910254027704314,0.006068561236074889,25.78206896551724,24.0,16.30745828507256,/net/nfs-ip34/jbod2/def-ilafores/ref_dbs/sourmash_db/RefSeq_20250528.k31.sbt.zip,GCF_017968825.1_ASM1796882v1_genomic,0b5354ff0e5fe896cc94aee14ef3d3fb,0.30756231516687793,725000,31,231337000,/nfs3_ib/nfs-ip34/home/def-ilafores/analysis/MethodsComparison/Feces_RA/preproc/SRR5091586/SRR5091586_unmatched_2.fastq,SRR5091586,32faebbc,279812000,31,DNA,1000,279812,True,0.8253182583408673,0.9626794775300624,0.8939988679354649,0.9626794775300624,False,18692,854327,3080137
715000,0.0025552871213529085,0.3079913606911447,0.0025481394650694036,0.0007561351978824318,3.2664796633941093,2.0,2.7159517518893135,/net/nfs-ip34/jbod2/def-ilafores/ref_dbs/sourmash_db/RefSeq_20250528.k31.sbt.zip,GCF_003856815.1_ASM385681v1_genomic,ec56179731d98b9fa6dca12eb7eea848,0.30885529157667385,713000,32,230624000,/nfs3_ib/nfs-ip34/home/def-ilafores/analysis/MethodsComparison/Feces_RA/preproc/SRR5091586/SRR5091586_unmatched_2.fastq,SRR5091586,32faebbc,279812000,31,DNA,1000,279812,True,0.8248386879992413,0.9628097628863302,0.8938242254427857,0.9628097628863302,False,2329,856656,3080137
1744000,0.006232756279216045,0.2189666036546944,0.002483810558517862,0.0032664131498047005,14.476258992805755,8.0,16.751306542982,/net/nfs-ip34/jbod2/def-ilafores/ref_dbs/sourmash_db/RefSeq_20250528.k31.sbt.zip,GCF_023347235.1_ASM2334723v1_genomic,463a8ff2f26f37a3c67c2a86a64398f8,0.5494643982356647,695000,33,229929000,/nfs3_ib/nfs-ip34/home/def-ilafores/analysis/MethodsComparison/Feces_RA/preproc/SRR5091586/SRR5091586_unmatched_2.fastq,SRR5091586,32faebbc,279812000,31,DNA,1000,279812,True,0.8489080459337642,0.9808688745481581,0.9148884602409612,0.9808688745481581,False,10061,866717,3080137
673000,0.002405186339399311,0.29507475813544415,0.0023980386831158064,0.0004025794956523038,1.8479880774962743,1.0,1.297995005435326,/net/nfs-ip34/jbod2/def-ilafores/ref_dbs/sourmash_db/RefSeq_20250528.k31.sbt.zip,GCF_017743235.1_ASM1774323v1_genomic,d47f03db00b0741ff23d7accc2566ab5,0.2959542656112577,671000,34,229258000,/nfs3_ib/nfs-ip34/home/def-ilafores/analysis/MethodsComparison/Feces_RA/preproc/SRR5091586/SRR5091586_unmatched_2.fastq,SRR5091586,32faebbc,279812000,31,DNA,1000,279812,True,0.8232295037486306,0.961485477982345,0.8923574908654878,0.961485477982345,False,1240,867957,3080137
775000,0.0027697168098580476,0.22554347826086957,0.00237302188612354,0.0006379586362554653,2.9593373493975905,2.0,7.700131248728244,/net/nfs-ip34/jbod2/def-ilafores/ref_dbs/sourmash_db/RefSeq_20250528.k31.sbt.zip,GCF_014337155.1_ASM1433715v1_genomic,37519ff08fa08b5bc2ed2e92c46c0d51,0.2632472826086957,664000,35,228594000,/nfs3_ib/nfs-ip34/home/def-ilafores/analysis/MethodsComparison/Feces_RA/preproc/SRR5091586/SRR5091586_unmatched_2.fastq,SRR5091586,32faebbc,279812000,31,DNA,1000,279812,True,0.8269855384039709,0.957860052012018,0.8924227952079944,0.957860052012018,False,1965,869922,3080137
912000,0.0032593312652781153,0.17778978654417724,0.002351578917273026,0.0005246519878823572,2.4559270516717326,2.0,2.7503030737935146,/net/nfs-ip34/jbod2/def-ilafores/ref_dbs/sourmash_db/RefSeq_20250528.k31.sbt.zip,GCF_005848555.1_ASM584855v1_genomic,1123379c731757b61c292acf7bd31a34,0.24641988651715752,658000,36,227936000,/nfs3_ib/nfs-ip34/home/def-ilafores/analysis/MethodsComparison/Feces_RA/preproc/SRR5091586/SRR5091586_unmatched_2.fastq,SRR5091586,32faebbc,279812000,31,DNA,1000,279812,True,0.831339352361896,0.9558211522628276,0.8935802523123618,0.9558211522628276,False,1616,871538,3080137
2010000,0.007183394564922162,0.19840783833435394,0.002315840635855503,0.0014619479588083258,6.949074074074074,5.0,6.941923925298842,/net/nfs-ip34/jbod2/def-ilafores/ref_dbs/sourmash_db/RefSeq_20250528.k31.sbt.zip,GCF_000210735.1_ASM21073v1_genomic,112a151e28f067050905850dc0b386c2,0.6154317207593386,648000,37,227288000,/nfs3_ib/nfs-ip34/home/def-ilafores/analysis/MethodsComparison/Feces_RA/preproc/SRR5091586/SRR5091586_unmatched_2.fastq,SRR5091586,32faebbc,279812000,31,DNA,1000,279812,True,0.8528042300544582,0.9844628925288199,0.918633561291639,0.9844628925288199,False,4503,876041,3080137
768000,0.0027447000128657814,0.21616161616161617,0.002294397667004989,0.0005925061125527858,2.8426791277258565,1.0,15.632914722751375,/net/nfs-ip34/jbod2/def-ilafores/ref_dbs/sourmash_db/RefSeq_20250528.k31.sbt.zip,GCF_001998765.1_ASM199876v1_genomic,c87f75fcf13611b56f2643edb90d05be,0.2585858585858586,642000,38,226646000,/nfs3_ib/nfs-ip34/home/def-ilafores/analysis/MethodsComparison/Feces_RA/preproc/SRR5091586/SRR5091586_unmatched_2.fastq,SRR5091586,32faebbc,279812000,31,DNA,1000,279812,True,0.8267435259275597,0.9573081731928764,0.892025849560218,0.9573081731928764,False,1825,877866,3080137
794000,0.0028376195445513415,0.15416769117285467,0.0022407902448787044,0.0009113231002387232,4.476874003189793,1.0,33.07312507685592,/net/nfs-ip34/jbod2/def-ilafores/ref_dbs/sourmash_db/RefSeq_20250528.k31.sbt.zip,GCF_022846055.1_ASM2284605v1_genomic,6b6a5701c4b4085bc7aae18a71eaefc2,0.1952298991885911,627000,39,226019000,/nfs3_ib/nfs-ip34/home/def-ilafores/analysis/MethodsComparison/Feces_RA/preproc/SRR5091586/SRR5091586_unmatched_2.fastq,SRR5091586,32faebbc,279812000,31,DNA,1000,279812,True,0.8276319182004117,0.9486683196234938,0.8881501189119527,0.9486683196234938,False,2807,880673,3080137
1779000,0.006357840264177376,0.17407407407407408,0.0021836089946106673,0.02870424270089285,144.70212765957447,108.0,197.75406616014442,/net/nfs-ip34/jbod2/def-ilafores/ref_dbs/sourmash_db/RefSeq_20250528.k31.sbt.zip,GCF_019249795.2_P1C_raw_genomic,daced544df689eeedcdbd81decd8f176,0.5068376068376068,611000,40,225408000,/nfs3_ib/nfs-ip34/home/def-ilafores/analysis/MethodsComparison/Feces_RA/preproc/SRR5091586/SRR5091586_unmatched_2.fastq,SRR5091586,32faebbc,279812000,31,DNA,1000,279812,True,0.8494523453066175,0.9783170889764878,0.9138847171415527,0.9783170889764878,False,88413,969086,3080137
687000,0.0024552199333838435,0.15073255525204868,0.002169313682043658,0.0004999777607294741,2.5370675453047777,1.0,12.646174381658632,/net/nfs-ip34/jbod2/def-ilafores/ref_dbs/sourmash_db/RefSeq_20250528.k31.sbt.zip,GCF_027923645.1_ASM2792364v1_genomic,9fb8a945f847c19c6bae95891438e391,0.17059846039235163,607000,41,224801000,/nfs3_ib/nfs-ip34/home/def-ilafores/analysis/MethodsComparison/Feces_RA/preproc/SRR5091586/SRR5091586_unmatched_2.fastq,SRR5091586,32faebbc,279812000,31,DNA,1000,279812,True,0.8237764415313078,0.9445501111561265,0.8841632763437172,0.9445501111561265,False,1540,970626,3080137
794000,0.0028376195445513415,0.08760747109398162,0.002112132431775621,0.0002584300633380918,1.3468697123519457,1.0,0.7605898825837415,/net/nfs-ip34/jbod2/def-ilafores/ref_dbs/sourmash_db/RefSeq_20250528.k31.sbt.zip,GCF_025914275.1_ASM2591427v1_genomic,00f84a19a7eccd4339a873932a896c19,0.11769937740883486,591000,42,224210000,/nfs3_ib/nfs-ip34/home/def-ilafores/analysis/MethodsComparison/Feces_RA/preproc/SRR5091586/SRR5091586_unmatched_2.fastq,SRR5091586,32faebbc,279812000,31,DNA,1000,279812,True,0.8276319182004117,0.9333079669341644,0.880469942567288,0.9333079669341644,False,796,971422,3080137
604000,0.002158592197618401,0.1388756550738447,0.0020835418066416024,0.00044933066288934553,2.3739279588336193,1.0,3.9686774706651495,/net/nfs-ip34/jbod2/def-ilafores/ref_dbs/sourmash_db/RefSeq_20250528.k31.sbt.zip,GCF_020181555.1_ASM2018155v1_genomic,8469ab5e4b1c2b2c7b791e98ae874535,0.14387803716055264,583000,43,223627000,/nfs3_ib/nfs-ip34/home/def-ilafores/analysis/MethodsComparison/Feces_RA/preproc/SRR5091586/SRR5091586_unmatched_2.fastq,SRR5091586,32faebbc,279812000,31,DNA,1000,279812,True,0.8203619397789403,0.9393739930595104,0.8798679664192254,0.9393739930595104,False,1384,972806,3080137
2229000,0.00796606292796592,0.1811926605504587,0.0019763269623890327,0.0013538358845726667,7.540687160940325,5.0,7.258260186731948,/net/nfs-ip34/jbod2/def-ilafores/ref_dbs/sourmash_db/RefSeq_20250528.k31.sbt.zip,GCF_023347255.1_ASM2334725v1_genomic,58b144de4acaed89ce9d8071641d7213,0.7303407601572739,553000,44,223074000,/nfs3_ib/nfs-ip34/home/def-ilafores/analysis/MethodsComparison/Feces_RA/preproc/SRR5091586/SRR5091586_unmatched_2.fastq,SRR5091586,32faebbc,279812000,31,DNA,1000,279812,True,0.8556540000084281,0.9899143001261759,0.922784150067302,0.9899143001261759,False,4170,976976,3080137
568000,0.0020299343845153173,0.255663430420712,0.0019763269623890327,0.0006071158523143613,3.3815551537070525,2.0,6.911281217671791,/net/nfs-ip34/jbod2/def-ilafores/ref_dbs/sourmash_db/RefSeq_20250528.k31.sbt.zip,GCF_905186165.1_Catenibacterium_canine_HQ_MAG_genomic,0ef42526a663d3c15141c6cdb3b9e54d,0.26259824318076747,553000,45,222521000,/nfs3_ib/nfs-ip34/home/def-ilafores/analysis/MethodsComparison/Feces_RA/preproc/SRR5091586/SRR5091586_unmatched_2.fastq,SRR5091586,32faebbc,279812000,31,DNA,1000,279812,True,0.8187373079854484,0.9577837798268034,0.888260543906126,0.9577837798268034,False,1870,978846,3080137
2020000,0.0072191328463396855,0.1760026516407027,0.0018977027432704816,0.0022443806882615934,13.018832391713747,10.0,11.523317200991086,/net/nfs-ip34/jbod2/def-ilafores/ref_dbs/sourmash_db/RefSeq_20250528.k31.sbt.zip,GCF_023347335.1_ASM2334733v1_genomic,d566eb779c3a1233616a97a7ab79e713,0.6695392774279085,531000,46,221990000,/nfs3_ib/nfs-ip34/home/def-ilafores/analysis/MethodsComparison/Feces_RA/preproc/SRR5091586/SRR5091586_unmatched_2.fastq,SRR5091586,32faebbc,279812000,31,DNA,1000,279812,True,0.8529407663943079,0.987142551472016,0.9200416589331619,0.987142551472016,False,6913,985759,3080137
776000,0.0027732906379998,0.09913954358398804,0.0018941289151287292,0.00024544362799446906,1.4264150943396225,1.0,1.8272725260071259,/net/nfs-ip34/jbod2/def-ilafores/ref_dbs/sourmash_db/RefSeq_20250528.k31.sbt.zip,GCF_018292205.1_ASM1829220v1_genomic,8ecf5298bc316c4919161fc4689e0594,0.14515525626636738,530000,47,221460000,/nfs3_ib/nfs-ip34/home/def-ilafores/analysis/MethodsComparison/Feces_RA/preproc/SRR5091586/SRR5091586_unmatched_2.fastq,SRR5091586,32faebbc,279812000,31,DNA,1000,279812,True,0.827019938805505,0.9396418414894262,0.8833308901474656,0.9396418414894262,False,756,986515,3080137
724000,0.0025874515746286794,0.10589222059131893,0.0018047832115849214,0.0002480409150631936,1.5128712871287129,1.0,0.9628406164780999,/net/nfs-ip34/jbod2/def-ilafores/ref_dbs/sourmash_db/RefSeq_20250528.k31.sbt.zip,GCF_018289315.1_ASM1828931v1_genomic,b8882c82de7b01fc8d6d7c5d0f9c6851,0.1518137974418117,505000,48,220955000,/nfs3_ib/nfs-ip34/home/def-ilafores/analysis/MethodsComparison/Feces_RA/preproc/SRR5091586/SRR5091586_unmatched_2.fastq,SRR5091586,32faebbc,279812000,31,DNA,1000,279812,True,0.8251715868740496,0.9410023007595592,0.8830869438168043,0.9410023007595592,False,764,987279,3080137
486000,0.0017368804768916272,0.22045454545454546,0.001733306648749875,0.0003840738252876414,2.439175257731959,2.0,2.083541627026628,/net/nfs-ip34/jbod2/def-ilafores/ref_dbs/sourmash_db/RefSeq_20250528.k31.sbt.zip,GCF_031191205.1_ASM3119120v1_genomic,3e006854992e86a9a691fd68b9847087,0.22090909090909092,485000,49,220470000,/nfs3_ib/nfs-ip34/home/def-ilafores/analysis/MethodsComparison/Feces_RA/preproc/SRR5091586/SRR5091586_unmatched_2.fastq,SRR5091586,32faebbc,279812000,31,DNA,1000,279812,True,0.8146298515017304,0.9524574861412302,0.8835436688214803,0.9524574861412302,False,1183,988462,3080137
804000,0.002873357825968865,0.11595615103532278,0.001701142195474104,0.024861881143598483,160.8781512605042,147.5,147.65022924093782,/net/nfs-ip34/jbod2/def-ilafores/ref_dbs/sourmash_db/RefSeq_20250528.k31.sbt.zip,GCF_019249655.2_ASM1924965v2_genomic,3f5e042dde22a559937bb52d73a1aae8,0.19585870889159562,476000,50,219994000,/nfs3_ib/nfs-ip34/home/def-ilafores/analysis/MethodsComparison/Feces_RA/preproc/SRR5091586/SRR5091586_unmatched_2.fastq,SRR5091586,32faebbc,279812000,31,DNA,1000,279812,True,0.8279661302472701,0.9487667319883397,0.8883664311178049,0.9487667319883397,False,76578,1065040,3080137
517000,0.0018476691492859492,0.20757238307349665,0.0016654039140565808,0.0002853769166761089,1.886266094420601,1.0,1.2282197792697638,/net/nfs-ip34/jbod2/def-ilafores/ref_dbs/sourmash_db/RefSeq_20250528.k31.sbt.zip,GCF_029855065.1_ASM2985506v1_genomic,76f3dfad465c70adb7a8e8071828b70a,0.23028953229398663,466000,51,219528000,/nfs3_ib/nfs-ip34/home/def-ilafores/analysis/MethodsComparison/Feces_RA/preproc/SRR5091586/SRR5091586_unmatched_2.fastq,SRR5091586,32faebbc,279812000,31,DNA,1000,279812,True,0.8162563772169603,0.9537360526533365,0.8849962149351485,0.9537360526533365,False,879,1065919,3080137
461000,0.0016475347733478194,0.18479184367034834,0.0015546152416622589,0.00022791194028057844,1.6137931034482758,1.0,0.950640729336944,/net/nfs-ip34/jbod2/def-ilafores/ref_dbs/sourmash_db/RefSeq_20250528.k31.sbt.zip,GCF_017357345.1_ASM1735734v1_genomic,c51180b43b336d74a9aa8fe42c6e4a29,0.19583687340696687,435000,52,219093000,/nfs3_ib/nfs-ip34/home/def-ilafores/analysis/MethodsComparison/Feces_RA/preproc/SRR5091586/SRR5091586_unmatched_2.fastq,SRR5091586,32faebbc,279812000,31,DNA,1000,279812,True,0.8132432562812689,0.948763319736071,0.88100328800867,0.948763319736071,False,702,1066621,3080137
531000,0.0018977027432704816,0.1317179248213731,0.0015153031321029835,0.0002210940617251765,1.6061320754716981,1.0,1.0270217711446659,/net/nfs-ip34/jbod2/def-ilafores/ref_dbs/sourmash_db/RefSeq_20250528.k31.sbt.zip,GCF_006542725.1_Aond_3.0_genomic,7fbb97287421b4f5df527beb1443bd37,0.16495806150978565,424000,53,218669000,/nfs3_ib/nfs-ip34/home/def-ilafores/analysis/MethodsComparison/Feces_RA/preproc/SRR5091586/SRR5091586_unmatched_2.fastq,SRR5091586,32faebbc,279812000,31,DNA,1000,279812,True,0.8169602183647576,0.9435262457752289,0.8802432320699933,0.9435262457752289,False,681,1067302,3080137
459000,0.0016403871170643147,0.09801169590643274,0.0014974339913942218,0.0004746542118094098,3.4892601431980905,1.0,24.061114593692416,/net/nfs-ip34/jbod2/def-ilafores/ref_dbs/sourmash_db/RefSeq_20250528.k31.sbt.zip,GCF_900187175.1_51342_A02_genomic,ebb5322e84d5def69ea51d3ef551ea04,0.10736842105263159,419000,54,218250000,/nfs3_ib/nfs-ip34/home/def-ilafores/analysis/MethodsComparison/Feces_RA/preproc/SRR5091586/SRR5091586_unmatched_2.fastq,SRR5091586,32faebbc,279812000,31,DNA,1000,279812,True,0.8131292047370625,0.9305462295465174,0.8718377171417899,0.9305462295465174,False,1462,1068764,3080137
1657000,0.005921833230883593,0.12956494125119086,0.0014581218818349464,0.0024463197578549266,18.46813725490196,15.0,16.82213657307305,/net/nfs-ip34/jbod2/def-ilafores/ref_dbs/sourmash_db/RefSeq_20250528.k31.sbt.zip,GCF_042850025.1_ASM4285002v1_genomic,26ae838edf91db815bafb3211b734604,0.526198793267704,408000,55,217842000,/nfs3_ib/nfs-ip34/home/def-ilafores/analysis/MethodsComparison/Feces_RA/preproc/SRR5091586/SRR5091586_unmatched_2.fastq,SRR5091586,32faebbc,279812000,31,DNA,1000,279812,True,0.8475078850921826,0.9795008874226413,0.9135043862574119,0.9795008874226413,False,7535,1076299,3080137
657000,0.0023480050891312738,0.0914812317374691,0.001454548053693194,0.0002610273504068163,1.9754299754299753,1.0,4.757447104046378,/net/nfs-ip34/jbod2/def-ilafores/ref_dbs/sourmash_db/RefSeq_20250528.k31.sbt.zip,GCF_963360665.1_BFTSDC17_v2_genomic,f0ce3f7b0d131daf996251931d5e8c91,0.14767363452461227,407000,56,217435000,/nfs3_ib/nfs-ip34/home/def-ilafores/analysis/MethodsComparison/Feces_RA/preproc/SRR5091586/SRR5091586_unmatched_2.fastq,SRR5091586,32faebbc,279812000,31,DNA,1000,279812,True,0.8225907845215078,0.9401633589919257,0.8813770717567168,0.9401633589919257,False,804,1077103,3080137
2049000,0.007322773862450503,0.13239620791108206,0.0014474003974096893,0.0026054035908143047,19.814814814814813,15.0,18.34949530783139,/net/nfs-ip34/jbod2/def-ilafores/ref_dbs/sourmash_db/RefSeq_20250528.k31.sbt.zip,GCF_040059215.1_ASM4005921v1_genomic,32b4f8c9ded2e30d47a15c3a2652e364,0.6698267407649559,405000,57,217030000,/nfs3_ib/nfs-ip34/home/def-ilafores/analysis/MethodsComparison/Feces_RA/preproc/SRR5091586/SRR5091586_unmatched_2.fastq,SRR5091586,32faebbc,279812000,31,DNA,1000,279812,True,0.8533330540908871,0.9871562203974698,0.9202446372441784,0.9871562203974698,False,8025,1085128,3080137
2059000,0.007358512143868025,0.13784277879341864,0.0013473332094406244,0.0007090593697617996,5.793103448275862,4.0,6.3148727794048,/net/nfs-ip34/jbod2/def-ilafores/ref_dbs/sourmash_db/RefSeq_20250528.k31.sbt.zip,GCF_902388275.1_UHGG_MGYG-HGUT-02545_genomic,35aa97e0127f24ba3813815f3d766914,0.7528336380255941,377000,58,216653000,/nfs3_ib/nfs-ip34/home/def-ilafores/analysis/MethodsComparison/Feces_RA/preproc/SRR5091586/SRR5091586_unmatched_2.fastq,SRR5091586,32faebbc,279812000,31,DNA,1000,279812,True,0.8534670808131546,0.9908833909804968,0.9221752358968257,0.9908833909804968,False,2184,1087312,3080137
563000,0.0020120652438065556,0.1046119235095613,0.001329464068731863,0.00018343339922867067,1.5188172043010753,1.0,0.9984777117088197,/net/nfs-ip34/jbod2/def-ilafores/ref_dbs/sourmash_db/RefSeq_20250528.k31.sbt.zip,GCF_045070525.1_ASM4507052v1_genomic,214150bf2398bbfa49ab399581721b68,0.15832395950506187,372000,59,216281000,/nfs3_ib/nfs-ip34/home/def-ilafores/analysis/MethodsComparison/Feces_RA/preproc/SRR5091586/SRR5091586_unmatched_2.fastq,SRR5091586,32faebbc,279812000,31,DNA,1000,279812,True,0.8185038218063704,0.9422777233295114,0.880390772567941,0.9422777233295114,False,565,1087877,3080137
2035000,0.00727274026846597,0.07956756756756757,0.0013151687561648536,0.00020453635666205756,1.7119565217391304,1.0,2.465780694403346,/net/nfs-ip34/jbod2/def-ilafores/ref_dbs/sourmash_db/RefSeq_20250528.k31.sbt.zip,GCF_025914195.1_ASM2591419v1_genomic,4ab236feb27bbefb635121ccd1c90e65,0.44,368000,60,215913000,/nfs3_ib/nfs-ip34/home/def-ilafores/analysis/MethodsComparison/Feces_RA/preproc/SRR5091586/SRR5091586_unmatched_2.fastq,SRR5091586,32faebbc,279812000,31,DNA,1000,279812,True,0.8531443493332718,0.9738643621448548,0.9135043557390633,0.9738643621448548,False,630,1088507,3080137
467000,0.0016689777421983333,0.10892634207240949,0.0012472660214715595,0.0002171981311220897,1.9169054441260744,1.0,6.137999977097823,/net/nfs-ip34/jbod2/def-ilafores/ref_dbs/sourmash_db/RefSeq_20250528.k31.sbt.zip,GCF_006542745.1_6CPBBH3_genomic,fd3fc44b40474382e7e9ffb3487da7b2,0.1457553058676654,349000,61,215564000,/nfs3_ib/nfs-ip34/home/def-ilafores/analysis/MethodsComparison/Feces_RA/preproc/SRR5091586/SRR5091586_unmatched_2.fastq,SRR5091586,32faebbc,279812000,31,DNA,1000,279812,True,0.8135825600483702,0.939766892678092,0.8766747263632311,0.939766892678092,False,669,1089176,3080137
632000,0.0022586593855874657,0.09413037598052475,0.0012436921933298073,0.0002801823425386598,2.4798850574712645,2.0,4.131759246319518,/net/nfs-ip34/jbod2/def-ilafores/ref_dbs/sourmash_db/RefSeq_20250528.k31.sbt.zip,GCF_000210015.1_ASM21001v1_genomic,6f351faff0bbc09512221a953fad4daf,0.17094941844738978,348000,62,215216000,/nfs3_ib/nfs-ip34/home/def-ilafores/analysis/MethodsComparison/Feces_RA/preproc/SRR5091586/SRR5091586_unmatched_2.fastq,SRR5091586,32faebbc,279812000,31,DNA,1000,279812,True,0.8215620057871609,0.9446127309272307,0.8830873683571958,0.9446127309272307,False,863,1090039,3080137
3505000,0.01252626763684188,0.0694,0.0012401183651880548,0.0002775850554699353,2.4639769452449567,2.0,2.1150617487907026,/net/nfs-ip34/jbod2/def-ilafores/ref_dbs/sourmash_db/RefSeq_20250528.k31.sbt.zip,GCF_000012825.1_ASM1282v1_genomic,960cc77fc7b96d595712107aaa1524b5,0.701,347000,63,214869000,/nfs3_ib/nfs-ip34/home/def-ilafores/analysis/MethodsComparison/Feces_RA/preproc/SRR5091586/SRR5091586_unmatched_2.fastq,SRR5091586,32faebbc,279812000,31,DNA,1000,279812,True,0.8682392387939794,0.9886058177508104,0.9284225282723948,0.9886058177508104,False,855,1090894,3080137
1711000,0.006114819950538218,0.00139239791099954,0.0012329707089045502,0.0002805070034222504,2.5043478260869567,1.0,5.35527465249493,/net/nfs-ip34/jbod2/def-ilafores/ref_dbs/sourmash_db/RefSeq_20250528.k31.sbt.zip,plasmid.1.1.genomic,8051cea624a45a3e4dc84e7fef1c6e83,0.0069054864513629355,345000,64,214524000,/nfs3_ib/nfs-ip34/home/def-ilafores/analysis/MethodsComparison/Feces_RA/preproc/SRR5091586/SRR5091586_unmatched_2.fastq,SRR5091586,32faebbc,279812000,31,DNA,1000,279812,True,0.8483850789882009,0.8517194982856138,0.8500522886369073,0.8517194982856138,False,864,1091758,3080137
995000,0.0035559590010435576,0.05416600286761192,0.0012151015681957885,0.0010467066886959899,9.48235294117647,1.0,79.43648765481927,/net/nfs-ip34/jbod2/def-ilafores/ref_dbs/sourmash_db/RefSeq_20250528.k31.sbt.zip,GCF_006546965.1_ASM654696v1_genomic,d3b5011d40cba3b27ab151b054210724,0.15851521427433488,340000,65,214184000,/nfs3_ib/nfs-ip34/home/def-ilafores/analysis/MethodsComparison/Feces_RA/preproc/SRR5091586/SRR5091586_unmatched_2.fastq,SRR5091586,32faebbc,279812000,31,DNA,1000,279812,True,0.8336785061361882,0.9423144202091037,0.887996463172646,0.9423144202091037,False,3224,1094982,3080137
2310000,0.008255543007447857,0.11498618784530387,0.0011900847712035224,0.0008733377768586268,8.078078078078079,5.0,8.390250664677787,/net/nfs-ip34/jbod2/def-ilafores/ref_dbs/sourmash_db/RefSeq_20250528.k31.sbt.zip,GCF_036632915.2_ASM3663291v2_genomic,1be8a5fa3d48a02ef6804d87b6dc2cbb,0.7976519337016574,333000,66,213851000,/nfs3_ib/nfs-ip34/home/def-ilafores/analysis/MethodsComparison/Feces_RA/preproc/SRR5091586/SRR5091586_unmatched_2.fastq,SRR5091586,32faebbc,279812000,31,DNA,1000,279812,True,0.8566397969929137,0.9927335309938814,0.9246866639933975,0.9927335309938814,False,2690,1097672,3080137
673000,0.002405186339399311,0.07968875771397907,0.001061426958100439,0.00019999110429178962,2.074074074074074,1.0,2.5612828030513604,/net/nfs-ip34/jbod2/def-ilafores/ref_dbs/sourmash_db/RefSeq_20250528.k31.sbt.zip,GCF_033096465.1_ASM3309646v1_genomic,2c68bd9dadc6532293ac0421ad590fc2,0.1805741883552455,297000,67,213554000,/nfs3_ib/nfs-ip34/home/def-ilafores/analysis/MethodsComparison/Feces_RA/preproc/SRR5091586/SRR5091586_unmatched_2.fastq,SRR5091586,32faebbc,279812000,31,DNA,1000,279812,True,0.8232295037486306,0.9462832454389224,0.8847563745937765,0.9462832454389224,False,616,1098288,3080137
1763000,0.006300659013909339,0.07291666666666667,0.0010507054736751818,0.011322872976104634,118.62585034013605,77.0,145.11865709784655,/net/nfs-ip34/jbod2/def-ilafores/ref_dbs/sourmash_db/RefSeq_20250528.k31.sbt.zip,GCF_032450655.1_ASM3245065v1_genomic,238dff01323d07dfd5222980fc0a672b,0.43725198412698413,294000,68,213260000,/nfs3_ib/nfs-ip34/home/def-ilafores/analysis/MethodsComparison/Feces_RA/preproc/SRR5091586/SRR5091586_unmatched_2.fastq,SRR5091586,32faebbc,279812000,31,DNA,1000,279812,True,0.8492048206774896,0.9736675648206946,0.9114361927490922,0.9736675648206946,False,34876,1133164,3080137
729000,0.0026053207153374407,0.13071008593396652,0.0010328363329664204,0.002383660207321947,25.40484429065744,23.0,14.84098333067689,/net/nfs-ip34/jbod2/def-ilafores/ref_dbs/sourmash_db/RefSeq_20250528.k31.sbt.zip,GCF_023497905.1_ASM2349790v1_genomic,db63ed1c41913b0bf713d411d3223db9,0.32971506105834464,289000,69,212971000,/nfs3_ib/nfs-ip34/home/def-ilafores/analysis/MethodsComparison/Feces_RA/preproc/SRR5091586/SRR5091586_unmatched_2.fastq,SRR5091586,32faebbc,279812000,31,DNA,1000,279812,True,0.8253548043439581,0.9648417547845652,0.8950982795642617,0.9648417547845652,False,7342,1140506,3080137
290000,0.0010364101611081726,0.11211644374508262,0.001018541020399411,0.0006132844091025822,6.628070175438596,3.0,32.5344931903506,/net/nfs-ip34/jbod2/def-ilafores/ref_dbs/sourmash_db/RefSeq_20250528.k31.sbt.zip,GCF_900015215.1_CRIB_assembly_V1_genomic,4f1f5b624ed155579fa4ba377193c4ab,0.11408339889850512,285000,70,212686000,/nfs3_ib/nfs-ip34/home/def-ilafores/analysis/MethodsComparison/Feces_RA/preproc/SRR5091586/SRR5091586_unmatched_2.fastq,SRR5091586,32faebbc,279812000,31,DNA,1000,279812,True,0.801173964674716,0.9323689906261556,0.8667714776504358,0.9323689906261556,False,1889,1142395,3080137
581000,0.0020763941503580976,0.058075107736507287,0.0010113933641159065,0.00021038025256668778,2.2897526501766783,1.0,4.210973500115707,/net/nfs-ip34/jbod2/def-ilafores/ref_dbs/sourmash_db/RefSeq_20250528.k31.sbt.zip,GCF_003991565.1_ASM399156v1_genomic,a0b4e7d5cd51e8887dc8f1ea3a46b770,0.11922840139544429,283000,71,212403000,/nfs3_ib/nfs-ip34/home/def-ilafores/analysis/MethodsComparison/Feces_RA/preproc/SRR5091586/SRR5091586_unmatched_2.fastq,SRR5091586,32faebbc,279812000,31,DNA,1000,279812,True,0.819335186932612,0.9336966432120204,0.8765159150723162,0.9336966432120204,False,648,1143043,3080137
337000,0.0012043800837705316,0.09379310344827586,0.0009720812545566308,0.00017336891183736307,1.963235294117647,1.0,1.9718910311562163,/net/nfs-ip34/jbod2/def-ilafores/ref_dbs/sourmash_db/RefSeq_20250528.k31.sbt.zip,GCF_000210595.1_ASM21059v1_genomic,eba4ca0d68fa97c7e6ee4e9207591ef2,0.11620689655172414,272000,72,212131000,/nfs3_ib/nfs-ip34/home/def-ilafores/analysis/MethodsComparison/Feces_RA/preproc/SRR5091586/SRR5091586_unmatched_2.fastq,SRR5091586,32faebbc,279812000,31,DNA,1000,279812,True,0.8050652531076417,0.9329238383025236,0.8689945457050826,0.9329238383025236,False,534,1143577,3080137
575000,0.002054951181507584,0.11827956989247312,0.0009434906294226123,0.00027368912486684844,3.1931818181818183,2.0,3.155771364711976,/net/nfs-ip34/jbod2/def-ilafores/ref_dbs/sourmash_db/RefSeq_20250528.k31.sbt.zip,GCF_005576555.1_ASM557655v1_genomic,9382b14dc5fbc85a9b1dd4319ea3bf7e,0.2576164874551971,264000,73,211867000,/nfs3_ib/nfs-ip34/home/def-ilafores/analysis/MethodsComparison/Feces_RA/preproc/SRR5091586/SRR5091586_unmatched_2.fastq,SRR5091586,32faebbc,279812000,31,DNA,1000,279812,True,0.8190608688022802,0.9571921981935388,0.8881265334979096,0.9571921981935388,False,843,1144420,3080137
428000,0.0015295984446699927,0.1349409953822473,0.00093991680128086,0.00021979541819081423,2.574144486692015,2.0,2.118454295635792,/net/nfs-ip34/jbod2/def-ilafores/ref_dbs/sourmash_db/RefSeq_20250528.k31.sbt.zip,GCF_014931275.1_ASM1493127v1_genomic,90ed85567504e269bdef87c296aa46c1,0.21959979476654695,263000,74,211604000,/nfs3_ib/nfs-ip34/home/def-ilafores/analysis/MethodsComparison/Feces_RA/preproc/SRR5091586/SRR5091586_unmatched_2.fastq,SRR5091586,32faebbc,279812000,31,DNA,1000,279812,True,0.8112970880800844,0.9522748626013978,0.8817859753407411,0.9522748626013978,False,677,1145097,3080137
1230000,0.004395808614355353,0.04875304706544159,0.000929195316855603,0.00018992661690048202,2.25,1.0,6.8788276058329325,/net/nfs-ip34/jbod2/def-ilafores/ref_dbs/sourmash_db/RefSeq_20250528.k31.sbt.zip,GCF_029369685.1_ASM2936968v1_genomic,616b6eb65d964b64030cd25de5f05d76,0.2306394149634352,260000,75,211344000,/nfs3_ib/nfs-ip34/home/def-ilafores/analysis/MethodsComparison/Feces_RA/preproc/SRR5091586/SRR5091586_unmatched_2.fastq,SRR5091586,32faebbc,279812000,31,DNA,1000,279812,True,0.8394000539072894,0.9537827611261068,0.8965914075166981,0.9537827611261068,False,585,1145682,3080137
1846000,0.006597286749674781,0.08630849220103987,0.0008898832072963275,0.0009353480056244251,11.570281124497992,9.0,10.396751902482439,/net/nfs-ip34/jbod2/def-ilafores/ref_dbs/sourmash_db/RefSeq_20250528.k31.sbt.zip,GCF_002586945.1_ASM258694v1_genomic,37548ff8695f19adfb807e1221069651,0.6398613518197573,249000,76,211095000,/nfs3_ib/nfs-ip34/home/def-ilafores/analysis/MethodsComparison/Feces_RA/preproc/SRR5091586/SRR5091586_unmatched_2.fastq,SRR5091586,32faebbc,279812000,31,DNA,1000,279812,True,0.8504659825603265,0.9856998847606641,0.9180829336604952,0.9856998847606641,False,2881,1148563,3080137
517000,0.0018476691492859492,0.0701803833145434,0.0008898832072963275,0.0001503179891024328,1.859437751004016,1.0,1.4424437114088349,/net/nfs-ip34/jbod2/def-ilafores/ref_dbs/sourmash_db/RefSeq_20250528.k31.sbt.zip,GCF_036419155.1_ASM3641915v1_genomic,adc420f297b3ff1fa16ce829a637366f,0.14571589627959414,249000,77,210846000,/nfs3_ib/nfs-ip34/home/def-ilafores/analysis/MethodsComparison/Feces_RA/preproc/SRR5091586/SRR5091586_unmatched_2.fastq,SRR5091586,32faebbc,279812000,31,DNA,1000,279812,True,0.8162563772169603,0.9397586949634897,0.8780075360902251,0.9397586949634897,False,463,1149026,3080137
242000,0.0008648664103040613,0.08794063079777366,0.0008469972695952997,0.00014966866733525164,1.9451476793248945,1.0,1.914068412984035,/net/nfs-ip34/jbod2/def-ilafores/ref_dbs/sourmash_db/RefSeq_20250528.k31.sbt.zip,GCF_024499075.1_ASM2449907v1_genomic,8f79798699412d497a899a6efc21c6b5,0.08979591836734693,237000,78,210609000,/nfs3_ib/nfs-ip34/home/def-ilafores/analysis/MethodsComparison/Feces_RA/preproc/SRR5091586/SRR5091586_unmatched_2.fastq,SRR5091586,32faebbc,279812000,31,DNA,1000,279812,True,0.7965112316716005,0.9251967185358279,0.8608539751037142,0.9251967185358279,False,461,1149487,3080137
2145000,0.007665861364058725,0.07856191744340879,0.0008434234414535474,0.0014772070203370824,19.279661016949152,14.0,18.408907936390857,/net/nfs-ip34/jbod2/def-ilafores/ref_dbs/sourmash_db/RefSeq_20250528.k31.sbt.zip,GCF_023347355.1_ASM2334735v1_genomic,0b1b8956f9826b69686f1f8520bdfb5e,0.7140479360852197,236000,79,210373000,/nfs3_ib/nfs-ip34/home/def-ilafores/analysis/MethodsComparison/Feces_RA/preproc/SRR5091586/SRR5091586_unmatched_2.fastq,SRR5091586,32faebbc,279812000,31,DNA,1000,279812,True,0.8545943770876478,0.9891941242287788,0.9218942506582133,0.9891941242287788,False,4550,1154037,3080137
3616000,0.012922962560576387,0.04424778761061947,0.0008219804726030335,0.00017953746862558385,2.4043478260869566,2.0,2.50685638250285,/net/nfs-ip34/jbod2/def-ilafores/ref_dbs/sourmash_db/RefSeq_20250528.k31.sbt.zip,GCF_024759565.1_ASM2475956v1_genomic,960bb5f95152f9a5590d4499db9b2620,0.6956521739130435,230000,80,210143000,/nfs3_ib/nfs-ip34/home/def-ilafores/analysis/MethodsComparison/Feces_RA/preproc/SRR5091586/SRR5091586_unmatched_2.fastq,SRR5091586,32faebbc,279812000,31,DNA,1000,279812,True,0.8691129004874395,0.9883616271418384,0.928737263814639,0.9883616271418384,False,553,1154590,3080137
1534000,0.005482252369448058,0.05112748381335119,0.0008184066444612811,0.00016265510267887435,2.1877729257641922,2.0,2.0010104043691586,/net/nfs-ip34/jbod2/def-ilafores/ref_dbs/sourmash_db/RefSeq_20250528.k31.sbt.zip,GCF_025148125.1_ASM2514812v1_genomic,20e22b7a195404638366fe78b372a400,0.3424871623130163,229000,81,209914000,/nfs3_ib/nfs-ip34/home/def-ilafores/analysis/MethodsComparison/Feces_RA/preproc/SRR5091586/SRR5091586_unmatched_2.fastq,SRR5091586,32faebbc,279812000,31,DNA,1000,279812,True,0.8454018508877672,0.9660253557629734,0.9057136033253703,0.9660253557629734,False,501,1155091,3080137
1858000,0.00664017268737581,0.06311086288746161,0.0008076851600360242,0.001534671996732613,20.91592920353982,19.5,15.495846239726742,/net/nfs-ip34/jbod2/def-ilafores/ref_dbs/sourmash_db/RefSeq_20250528.k31.sbt.zip,GCF_000209955.1_ASM20995v1_genomic,bbe76ea739202f726b440dbf1d277c90,0.5188494833845294,226000,82,209688000,/nfs3_ib/nfs-ip34/home/def-ilafores/analysis/MethodsComparison/Feces_RA/preproc/SRR5091586/SRR5091586_unmatched_2.fastq,SRR5091586,32faebbc,279812000,31,DNA,1000,279812,True,0.8506437623649326,0.9790565713927737,0.9148501668788531,0.9790565713927737,False,4727,1159818,3080137
1254000,0.004481580489757409,0.07391448458733842,0.0007969636756107672,0.0004191372007154227,5.789237668161435,4.0,6.534864815988529,/net/nfs-ip34/jbod2/def-ilafores/ref_dbs/sourmash_db/RefSeq_20250528.k31.sbt.zip,GCF_040026365.1_ASM4002636v1_genomic,9de4932095473c9973b31ae4d68399ec,0.4156446801458402,223000,83,209465000,/nfs3_ib/nfs-ip34/home/def-ilafores/analysis/MethodsComparison/Feces_RA/preproc/SRR5091586/SRR5091586_unmatched_2.fastq,SRR5091586,32faebbc,279812000,31,DNA,1000,279812,True,0.8399234685018053,0.9720771106334949,0.9060002895676501,0.9720771106334949,False,1291,1161109,3080137
520000,0.001858390633711206,0.054815187327131004,0.0007790945349020056,0.00020356237401128585,2.876146788990826,1.0,4.75821643947341,/net/nfs-ip34/jbod2/def-ilafores/ref_dbs/sourmash_db/RefSeq_20250528.k31.sbt.zip,GCF_016888945.1_ASM1688894v1_genomic,6371c60d4254945f85db4e1518aa1225,0.13075182298214735,218000,84,209247000,/nfs3_ib/nfs-ip34/home/def-ilafores/analysis/MethodsComparison/Feces_RA/preproc/SRR5091586/SRR5091586_unmatched_2.fastq,SRR5091586,32faebbc,279812000,31,DNA,1000,279812,True,0.8164087400813607,0.9364795856223067,0.8764441628518337,0.9364795856223067,False,627,1161736,3080137
343000,0.0012258230526210456,0.08581644815256258,0.000771946878618501,0.00016590171151478002,2.365740740740741,1.0,3.9803373679142156,/net/nfs-ip34/jbod2/def-ilafores/ref_dbs/sourmash_db/RefSeq_20250528.k31.sbt.zip,GCF_018408575.1_ASM1840857v1_genomic,be471ee2a9a4d83e479673ce2822bf12,0.13627334127930074,216000,85,209031000,/nfs3_ib/nfs-ip34/home/def-ilafores/analysis/MethodsComparison/Feces_RA/preproc/SRR5091586/SRR5091586_unmatched_2.fastq,SRR5091586,32faebbc,279812000,31,DNA,1000,279812,True,0.8055236868920096,0.9377299155053984,0.8716268011987041,0.9377299155053984,False,511,1162247,3080137
1981000,0.007079753548811345,0.053768844221105526,0.0007647992223349964,0.0002759617510519824,3.97196261682243,2.0,7.29031869093697,/net/nfs-ip34/jbod2/def-ilafores/ref_dbs/sourmash_db/RefSeq_20250528.k31.sbt.zip,GCF_000209995.1_ASM20999v1_genomic,300ebb94b057c743776c0c6aab2d0089,0.4977386934673367,214000,86,208817000,/nfs3_ib/nfs-ip34/home/def-ilafores/analysis/MethodsComparison/Feces_RA/preproc/SRR5091586/SRR5091586_unmatched_2.fastq,SRR5091586,32faebbc,279812000,31,DNA,1000,279812,True,0.8524045248843506,0.9777455583177301,0.9150750416010404,0.9777455583177301,False,850,1163097,3080137
1538000,0.005496547682015067,0.053910402429764616,0.000761225394193244,0.00924991323437886,133.7605633802817,124.0,126.49917494456014,/net/nfs-ip34/jbod2/def-ilafores/ref_dbs/sourmash_db/RefSeq_20250528.k31.sbt.zip,GCF_032452275.1_ASM3245227v1_genomic,2a6b1835ddcd5f0e781fcfaaf5bdb754,0.3892685396102253,213000,87,208604000,/nfs3_ib/nfs-ip34/home/def-ilafores/analysis/MethodsComparison/Feces_RA/preproc/SRR5091586/SRR5091586_unmatched_2.fastq,SRR5091586,32faebbc,279812000,31,DNA,1000,279812,True,0.8454728722115948,0.9700234552490533,0.9077481637303241,0.9700234552490533,False,28491,1191588,3080137
925000,0.0033057910311208956,0.02951461742901105,0.0007540777379097394,8.830776033663437e-05,1.2890995260663507,1.0,0.7199424967491278,/net/nfs-ip34/jbod2/def-ilafores/ref_dbs/sourmash_db/RefSeq_20250528.k31.sbt.zip,GCF_918258265.1_BOVAC1_genomic,d7ca7470d77ebe0344d62e56d1ab47e0,0.1293887256959015,211000,88,208393000,/nfs3_ib/nfs-ip34/home/def-ilafores/analysis/MethodsComparison/Feces_RA/preproc/SRR5091586/SRR5091586_unmatched_2.fastq,SRR5091586,32faebbc,279812000,31,DNA,1000,279812,True,0.8317190057097357,0.9361630548144734,0.8839410302621045,0.9361630548144734,False,272,1191860,3080137
1760000,0.006289937529484082,0.07427149964463398,0.0007469300816262348,0.00034186791042086764,5.038277511961723,4.0,4.4235633625515804,/net/nfs-ip34/jbod2/def-ilafores/ref_dbs/sourmash_db/RefSeq_20250528.k31.sbt.zip,GCF_019968015.1_ASM1996801v1_genomic,517ce21e5547904474906c4ba8b4528a,0.6254442075337597,209000,89,208184000,/nfs3_ib/nfs-ip34/home/def-ilafores/analysis/MethodsComparison/Feces_RA/preproc/SRR5091586/SRR5091586_unmatched_2.fastq,SRR5091586,32faebbc,279812000,31,DNA,1000,279812,True,0.8491581678962642,0.984975522179385,0.9170668450378245,0.984975522179385,False,1053,1192913,3080137
1520000,0.005432218775463526,0.07224730809308788,0.0007433562534844825,0.00018797865159893862,2.7836538461538463,2.0,2.3709625835270383,/net/nfs-ip34/jbod2/def-ilafores/ref_dbs/sourmash_db/RefSeq_20250528.k31.sbt.zip,GCF_024168045.1_ASM2416804v1_genomic,1689b6c3fb62fec0dd444e73a686577b,0.5279610976033345,208000,90,207976000,/nfs3_ib/nfs-ip34/home/def-ilafores/analysis/MethodsComparison/Feces_RA/preproc/SRR5091586/SRR5091586_unmatched_2.fastq,SRR5091586,32faebbc,279812000,31,DNA,1000,279812,True,0.8451518570401553,0.9796065378803066,0.9123791974602309,0.9796065378803066,False,579,1193492,3080137
1047000,0.0037417980644146786,0.053388090349075976,0.0007433562534844825,0.00010941071777002127,1.6201923076923077,1.0,1.785350633935719,/net/nfs-ip34/jbod2/def-ilafores/ref_dbs/sourmash_db/RefSeq_20250528.k31.sbt.zip,GCF_025147325.1_ASM2514732v1_genomic,0878062848e44bf823b15b8a5d1eba75,0.26873716632443534,208000,91,207768000,/nfs3_ib/nfs-ip34/home/def-ilafores/analysis/MethodsComparison/Feces_RA/preproc/SRR5091586/SRR5091586_unmatched_2.fastq,SRR5091586,32faebbc,279812000,31,DNA,1000,279812,True,0.8350495940316389,0.9584980136653334,0.8967738038484862,0.9584980136653334,False,337,1193829,3080137
1488000,0.005317856274927452,0.08660060318828092,0.0007183394564922162,0.000524002666115176,8.029850746268657,5.0,8.496361789572957,/net/nfs-ip34/jbod2/def-ilafores/ref_dbs/sourmash_db/RefSeq_20250528.k31.sbt.zip,GCF_020181475.1_ASM2018147v1_genomic,a39f185fc49b93265fe933249aa6be17,0.6411029728565274,201000,92,207567000,/nfs3_ib/nfs-ip34/home/def-ilafores/analysis/MethodsComparison/Feces_RA/preproc/SRR5091586/SRR5091586_unmatched_2.fastq,SRR5091586,32faebbc,279812000,31,DNA,1000,279812,True,0.844571971141016,0.985761527048701,0.9151667490948585,0.985761527048701,False,1614,1195443,3080137
2311000,0.00825911683558961,0.066281441196465,0.0006968964876417023,0.00046394040265092105,7.328205128205128,5.0,7.765470868149354,/net/nfs-ip34/jbod2/def-ilafores/ref_dbs/sourmash_db/RefSeq_20250528.k31.sbt.zip,GCF_036815185.2_ASM3681518v1_genomic,c6ed66af62435c7dcd0b26067f44e3e0,0.7855200543847722,195000,93,207372000,/nfs3_ib/nfs-ip34/home/def-ilafores/analysis/MethodsComparison/Feces_RA/preproc/SRR5091586/SRR5091586_unmatched_2.fastq,SRR5091586,32faebbc,279812000,31,DNA,1000,279812,True,0.856651757060074,0.9922428467355208,0.9244473018977974,0.9922428467355208,False,1429,1196872,3080137
1401000,0.005006933226595,0.04274640088593577,0.0006897488313581977,0.0002262886358626256,3.61139896373057,1.0,28.410923875372777,/net/nfs-ip34/jbod2/def-ilafores/ref_dbs/sourmash_db/RefSeq_20250528.k31.sbt.zip,GCF_004328515.1_ASM432851v1_genomic,a5fd52ab16a56bc3d037173d70801227,0.3102990033222591,193000,94,207179000,/nfs3_ib/nfs-ip34/home/def-ilafores/analysis/MethodsComparison/Feces_RA/preproc/SRR5091586/SRR5091586_unmatched_2.fastq,SRR5091586,32faebbc,279812000,31,DNA,1000,279812,True,0.8429321893234842,0.962954614667978,0.9029434019957312,0.962954614667978,False,697,1197569,3080137
283000,0.0010113933641159065,0.03654358583936049,0.0006861750032164454,0.00010486546539975333,1.6822916666666667,1.0,1.6291929745318352,/net/nfs-ip34/jbod2/def-ilafores/ref_dbs/sourmash_db/RefSeq_20250528.k31.sbt.zip,GCF_008369705.1_ASM836970v1_genomic,cebee0e6a30fafd04517fafb6687ddb3,0.053863722877807385,192000,95,206987000,/nfs3_ib/nfs-ip34/home/def-ilafores/analysis/MethodsComparison/Feces_RA/preproc/SRR5091586/SRR5091586_unmatched_2.fastq,SRR5091586,32faebbc,279812000,31,DNA,1000,279812,True,0.8005427326692334,0.9100684871517621,0.8553056099104978,0.9100684871517621,False,323,1197892,3080137
294000,0.0010507054736751818,0.05303867403314917,0.0006861750032164454,9.739826507717027e-05,1.5625,1.0,1.4952180721665096,/net/nfs-ip34/jbod2/def-ilafores/ref_dbs/sourmash_db/RefSeq_20250528.k31.sbt.zip,GCF_005121165.3_ASM512116v3_genomic,74059216b7cd65a7ff314267c1b83b8e,0.08121546961325966,192000,96,206795000,/nfs3_ib/nfs-ip34/home/def-ilafores/analysis/MethodsComparison/Feces_RA/preproc/SRR5091586/SRR5091586_unmatched_2.fastq,SRR5091586,32faebbc,279812000,31,DNA,1000,279812,True,0.8015280802474357,0.9222041171268948,0.8618660986871652,0.9222041171268948,False,300,1198192,3080137
467000,0.0016689777421983333,0.05368360936607653,0.0006718796906494361,0.0001311629969705893,2.148936170212766,1.0,2.7345599311776567,/net/nfs-ip34/jbod2/def-ilafores/ref_dbs/sourmash_db/RefSeq_20250528.k31.sbt.zip,GCF_000225345.1_ASM22534v1_genomic,2c4be6d3f461c9f71df87a5d7ae22e2f,0.13335237007424328,188000,97,206607000,/nfs3_ib/nfs-ip34/home/def-ilafores/analysis/MethodsComparison/Feces_RA/preproc/SRR5091586/SRR5091586_unmatched_2.fastq,SRR5091586,32faebbc,279812000,31,DNA,1000,279812,True,0.8135825600483702,0.9370747104077892,0.8753286352280797,0.9370747104077892,False,404,1198596,3080137
813000,0.002905522279244636,0.05020242914979757,0.0006647320343659315,0.0001412274843618969,2.338709677419355,2.0,1.7500557446153497,/net/nfs-ip34/jbod2/def-ilafores/ref_dbs/sourmash_db/RefSeq_20250528.k31.sbt.zip,GCF_025147905.1_ASM2514790v1_genomic,c5e7fe36cbc07f4ac5cce0f7ee4db8ee,0.2194331983805668,186000,98,206421000,/nfs3_ib/nfs-ip34/home/def-ilafores/analysis/MethodsComparison/Feces_RA/preproc/SRR5091586/SRR5091586_unmatched_2.fastq,SRR5091586,32faebbc,279812000,31,DNA,1000,279812,True,0.8282634993384408,0.9522515498386287,0.8902575245885347,0.9522515498386287,False,435,1199031,3080137
252000,0.0009006046917215845,0.03276656039674106,0.0006611582062241791,7.110073350633429e-05,1.1837837837837837,1.0,0.4972972972972973,/net/nfs-ip34/jbod2/def-ilafores/ref_dbs/sourmash_db/RefSeq_20250528.k31.sbt.zip,GCF_020341675.1_ASM2034167v1_genomic,bd2850a06cddf8a9c679f450156df141,0.044633368756641874,185000,99,206236000,/nfs3_ib/nfs-ip34/home/def-ilafores/analysis/MethodsComparison/Feces_RA/preproc/SRR5091586/SRR5091586_unmatched_2.fastq,SRR5091586,32faebbc,279812000,31,DNA,1000,279812,True,0.7975522928492949,0.9045667801609467,0.8510595365051208,0.9045667801609467,False,219,1199250,3080137
490000,0.0017511757894586365,0.04811270600744285,0.0006468628936571699,0.00017109628565222911,2.911602209944751,1.0,8.911035319849054,/net/nfs-ip34/jbod2/def-ilafores/ref_dbs/sourmash_db/RefSeq_20250528.k31.sbt.zip,GCF_042850355.1_ASM4285035v1_genomic,9019208c507d0a756fcff8594e0aec73,0.13024986709197237,181000,100,206055000,/nfs3_ib/nfs-ip34/home/def-ilafores/analysis/MethodsComparison/Feces_RA/preproc/SRR5091586/SRR5091586_unmatched_2.fastq,SRR5091586,32faebbc,279812000,31,DNA,1000,279812,True,0.8148452777633719,0.9363633973097252,0.8756043375365485,0.9363633973097252,False,527,1199777,3080137
2036000,0.0072763140966077226,0.060988074957410564,0.0006397152373736652,0.00024284634092574454,4.17877094972067,3.0,3.965126844335506,/net/nfs-ip34/jbod2/def-ilafores/ref_dbs/sourmash_db/RefSeq_20250528.k31.sbt.zip,GCF_040058985.1_ASM4005898v1_genomic,9217c1f8c150568f8c71781398566ec7,0.6936967632027258,179000,101,205876000,/nfs3_ib/nfs-ip34/home/def-ilafores/analysis/MethodsComparison/Feces_RA/preproc/SRR5091586/SRR5091586_unmatched_2.fastq,SRR5091586,32faebbc,279812000,31,DNA,1000,279812,True,0.8531578698462111,0.9882718860387605,0.9207148779424859,0.9882718860387605,False,748,1200525,3080137
380000,0.0013580546938658815,0.06236860546601261,0.0006361414092319129,9.285301270690232e-05,1.6067415730337078,1.0,1.986572778713535,/net/nfs-ip34/jbod2/def-ilafores/ref_dbs/sourmash_db/RefSeq_20250528.k31.sbt.zip,GCF_044591705.1_ASM4459170v1_genomic,534586fd213cdbccf2580b51187bb263,0.13314646110721795,178000,102,205698000,/nfs3_ib/nfs-ip34/home/def-ilafores/analysis/MethodsComparison/Feces_RA/preproc/SRR5091586/SRR5091586_unmatched_2.fastq,SRR5091586,32faebbc,279812000,31,DNA,1000,279812,True,0.8081899768471014,0.9370280002071694,0.8726089885271353,0.9370280002071694,False,286,1200811,3080137
905000,0.003234314468285849,0.05723577235772358,0.0006289937529484083,0.0001431754496634403,2.5056818181818183,1.5,4.596190565777506,/net/nfs-ip34/jbod2/def-ilafores/ref_dbs/sourmash_db/RefSeq_20250528.k31.sbt.zip,GCF_042848525.1_ASM4284852v1_genomic,268c95f33661b42130c76be0c47d4640,0.2943089430894309,176000,103,205522000,/nfs3_ib/nfs-ip34/home/def-ilafores/analysis/MethodsComparison/Feces_RA/preproc/SRR5091586/SRR5091586_unmatched_2.fastq,SRR5091586,32faebbc,279812000,31,DNA,1000,279812,True,0.8311327487398121,0.9613125845748094,0.8962226666573108,0.9613125845748094,False,441,1201252,3080137
179000,0.0006397152373736652,0.07365319865319865,0.000625419924806656,6.428285495093238e-05,1.1314285714285715,1.0,0.35437786819916917,/net/nfs-ip34/jbod2/def-ilafores/ref_dbs/sourmash_db/RefSeq_20250528.k31.sbt.zip,GCF_003945365.1_PFJ30894_01_genomic,41e393347aeaa24ab6fcfff277c4c1f9,0.07533670033670034,175000,104,205347000,/nfs3_ib/nfs-ip34/home/def-ilafores/analysis/MethodsComparison/Feces_RA/preproc/SRR5091586/SRR5091586_unmatched_2.fastq,SRR5091586,32faebbc,279812000,31,DNA,1000,279812,True,0.7888007461612591,0.9199715695448233,0.8543861578530412,0.9199715695448233,False,198,1201450,3080137
1422000,0.005081983617571798,0.05756130790190736,0.0006039769559561419,0.0005752990857224857,10.485207100591715,5.0,13.465760440727072,/net/nfs-ip34/jbod2/def-ilafores/ref_dbs/sourmash_db/RefSeq_20250528.k31.sbt.zip,GCF_023347295.1_ASM2334729v1_genomic,78db35fa6d9edc0fa99c8623efbe174d,0.4843324250681199,169000,105,205178000,/nfs3_ib/nfs-ip34/home/def-ilafores/analysis/MethodsComparison/Feces_RA/preproc/SRR5091586/SRR5091586_unmatched_2.fastq,SRR5091586,32faebbc,279812000,31,DNA,1000,279812,True,0.843336841228651,0.9768847729782424,0.9101108071034467,0.9768847729782424,False,1772,1203222,3080137
193000,0.0006897488313581977,0.07145988601490574,0.000582533987105628,8.278852531559473e-05,1.5644171779141105,1.0,1.051069042789794,/net/nfs-ip34/jbod2/def-ilafores/ref_dbs/sourmash_db/RefSeq_20250528.k31.sbt.zip,GCF_045290295.1_ASM4529029v1_genomic,ccc6fe32a742ece45bee80c7ebe3c81e,0.08461201227531784,163000,106,205015000,/nfs3_ib/nfs-ip34/home/def-ilafores/analysis/MethodsComparison/Feces_RA/preproc/SRR5091586/SRR5091586_unmatched_2.fastq,SRR5091586,32faebbc,279812000,31,DNA,1000,279812,True,0.7907192093434663,0.9234237347473576,0.857071472045412,0.9234237347473576,False,255,1203477,3080137
604000,0.002158592197618401,0.07066666666666667,0.0005682386745386187,0.0001532399370547479,2.9685534591194966,3.0,2.026309293780286,/net/nfs-ip34/jbod2/def-ilafores/ref_dbs/sourmash_db/RefSeq_20250528.k31.sbt.zip,GCF_902388175.1_UHGG_MGYG-HGUT-02539_genomic,139286699907f4d64c15ca615fb65f4b,0.26844444444444443,159000,107,204856000,/nfs3_ib/nfs-ip34/home/def-ilafores/analysis/MethodsComparison/Feces_RA/preproc/SRR5091586/SRR5091586_unmatched_2.fastq,SRR5091586,32faebbc,279812000,31,DNA,1000,279812,True,0.8203619397789403,0.9584643170735615,0.889413128426251,0.9584643170735615,False,472,1203949,3080137
1343000,0.004799651194373365,0.03869703649277492,0.0005646648463968664,0.005802988633297804,113.12658227848101,74.0,121.09201095104201,/net/nfs-ip34/jbod2/def-ilafores/ref_dbs/sourmash_db/RefSeq_20250528.k31.sbt.zip,GCF_032452555.1_ASM3245255v1_genomic,1ad811d7d51280706b0cbe0a9464310c,0.3289248101885868,158000,108,204698000,/nfs3_ib/nfs-ip34/home/def-ilafores/analysis/MethodsComparison/Feces_RA/preproc/SRR5091586/SRR5091586_unmatched_2.fastq,SRR5091586,32faebbc,279812000,31,DNA,1000,279812,True,0.8417833127150789,0.9647670712684768,0.9032751919917779,0.9647670712684768,False,17874,1221823,3080137
159000,0.0005682386745386187,0.04216706698692287,0.0005646648463968664,7.369802057505884e-05,1.4367088607594938,1.0,0.7829960659470617,/net/nfs-ip34/jbod2/def-ilafores/ref_dbs/sourmash_db/RefSeq_20250528.k31.sbt.zip,GCF_001278845.1_ASM127884v1_genomic,49187f1983bbbd1ed4fc150184a704b3,0.04243394715772618,158000,109,204540000,/nfs3_ib/nfs-ip34/home/def-ilafores/analysis/MethodsComparison/Feces_RA/preproc/SRR5091586/SRR5091586_unmatched_2.fastq,SRR5091586,32faebbc,279812000,31,DNA,1000,279812,True,0.7857917137000667,0.9030934477394253,0.844442580719746,0.9030934477394253,False,227,1222050,3080137
579000,0.002069246494074593,0.025219473264166,0.0005646648463968664,0.00015583722412347242,3.037974683544304,1.0,6.447338844560153,/net/nfs-ip34/jbod2/def-ilafores/ref_dbs/sourmash_db/RefSeq_20250528.k31.sbt.zip,GCF_024760225.1_ASM2476022v1_genomic,fd37f3934b2de6fbccbd050c0134acb3,0.09241819632881085,158000,110,204382000,/nfs3_ib/nfs-ip34/home/def-ilafores/analysis/MethodsComparison/Feces_RA/preproc/SRR5091586/SRR5091586_unmatched_2.fastq,SRR5091586,32faebbc,279812000,31,DNA,1000,279812,True,0.8192440534030074,0.9260561885366843,0.8726501209698458,0.9260561885366843,False,480,1222530,3080137
1781000,0.006364987920460881,0.05453905700211119,0.0005539433619716095,0.0001691483203506857,3.361290322580645,3.0,2.737750126366991,/net/nfs-ip34/jbod2/def-ilafores/ref_dbs/sourmash_db/RefSeq_20250528.k31.sbt.zip,GCF_025150085.1_ASM2515008v1_genomic,2e1846f271e5a6c1736e89d400b10289,0.6266713581984518,155000,111,204227000,/nfs3_ib/nfs-ip34/home/def-ilafores/analysis/MethodsComparison/Feces_RA/preproc/SRR5091586/SRR5091586_unmatched_2.fastq,SRR5091586,32faebbc,279812000,31,DNA,1000,279812,True,0.8494831342819372,0.9850378039687542,0.9172604691253456,0.9850378039687542,False,521,1223051,3080137
198000,0.0007076179720669593,0.05452601568068425,0.0005467957056881048,0.00012499444018236852,2.5163398692810457,1.0,3.5610539953350164,/net/nfs-ip34/jbod2/def-ilafores/ref_dbs/sourmash_db/RefSeq_20250528.k31.sbt.zip,GCF_015097455.1_ASM1509745v1_genomic,ad2202613b9c5f4de5c0bb121ca6ed7a,0.07056307911617961,153000,112,204074000,/nfs3_ib/nfs-ip34/home/def-ilafores/analysis/MethodsComparison/Feces_RA/preproc/SRR5091586/SRR5091586_unmatched_2.fastq,SRR5091586,32faebbc,279812000,31,DNA,1000,279812,True,0.7913718688742557,0.9180309847772571,0.8547014268257564,0.9180309847772571,False,385,1223436,3080137
908000,0.003245035952711106,0.029281448661144287,0.0005432218775463525,7.694462941096451e-05,1.5592105263157894,1.0,0.9509936121843892,/net/nfs-ip34/jbod2/def-ilafores/ref_dbs/sourmash_db/RefSeq_20250528.k31.sbt.zip,GCF_012934455.1_ASM1293445v1_genomic,5af077818d0233e8a0e3dc21959ee901,0.17491812752841457,152000,113,203922000,/nfs3_ib/nfs-ip34/home/def-ilafores/analysis/MethodsComparison/Feces_RA/preproc/SRR5091586/SRR5091586_unmatched_2.fastq,SRR5091586,32faebbc,279812000,31,DNA,1000,279812,True,0.8312214818543918,0.945312317365131,0.8882668996097614,0.945312317365131,False,237,1223673,3080137
624000,0.002230068760453447,0.04197942730052822,0.0005396480494046002,8.246386443200417e-05,1.6821192052980132,1.0,1.1239173505892948,/net/nfs-ip34/jbod2/def-ilafores/ref_dbs/sourmash_db/RefSeq_20250528.k31.sbt.zip,GCF_000265365.1_ASM26536v1_genomic,79a393fb99d8977a1fe96a36cabdd09c,0.17347789824854046,151000,114,203771000,/nfs3_ib/nfs-ip34/home/def-ilafores/analysis/MethodsComparison/Feces_RA/preproc/SRR5091586/SRR5091586_unmatched_2.fastq,SRR5091586,32faebbc,279812000,31,DNA,1000,279812,True,0.8212244654821639,0.9450602325862265,0.8831423490341952,0.9450602325862265,False,254,1223927,3080137
350000,0.001250839849613312,0.04503956177723676,0.0005289265649793432,0.00020843228726514438,4.337837837837838,2.0,25.119593422335345,/net/nfs-ip34/jbod2/def-ilafores/ref_dbs/sourmash_db/RefSeq_20250528.k31.sbt.zip,GCF_045002895.1_ASM4500289v1_genomic,dcf539ba4c82009d09e4501c72acd6ed,0.10651247717589775,148000,115,203623000,/nfs3_ib/nfs-ip34/home/def-ilafores/analysis/MethodsComparison/Feces_RA/preproc/SRR5091586/SRR5091586_unmatched_2.fastq,SRR5091586,32faebbc,279812000,31,DNA,1000,279812,True,0.8060488179643363,0.9303060003439929,0.8681774091541645,0.9303060003439929,False,642,1224569,3080137
1842000,0.0065829914371077726,0.052053824362606235,0.0005253527368375909,0.00042011118336619444,8.802721088435375,5.0,8.98876052217042,/net/nfs-ip34/jbod2/def-ilafores/ref_dbs/sourmash_db/RefSeq_20250528.k31.sbt.zip,GCF_024167885.1_ASM2416788v1_genomic,ce4fdc293b1b11e3766ab11638f10cc6,0.6522662889518414,147000,116,203476000,/nfs3_ib/nfs-ip34/home/def-ilafores/analysis/MethodsComparison/Feces_RA/preproc/SRR5091586/SRR5091586_unmatched_2.fastq,SRR5091586,32faebbc,279812000,31,DNA,1000,279812,True,0.8504064740191877,0.9863106158232428,0.9183585449212153,0.9863106158232428,False,1294,1225863,3080137
185000,0.0006611582062241791,0.06195462478184991,0.0005074835961288293,7.661996852737395e-05,1.6619718309859155,1.0,1.0270107309371346,/net/nfs-ip34/jbod2/def-ilafores/ref_dbs/sourmash_db/RefSeq_20250528.k31.sbt.zip,GCF_023921805.1_ASM2392180v1_genomic,0c9f72c07cb9e22587452a97c47fbca1,0.08071553228621292,142000,117,203334000,/nfs3_ib/nfs-ip34/home/def-ilafores/analysis/MethodsComparison/Feces_RA/preproc/SRR5091586/SRR5091586_unmatched_2.fastq,SRR5091586,32faebbc,279812000,31,DNA,1000,279812,True,0.7896401206909366,0.9220204467793472,0.8558302837351419,0.9220204467793472,False,236,1226099,3080137
410000,0.001465269538118451,0.05777054515866558,0.0005074835961288293,0.0001379808755259912,2.992957746478873,2.0,2.3898154766213953,/net/nfs-ip34/jbod2/def-ilafores/ref_dbs/sourmash_db/RefSeq_20250528.k31.sbt.zip,GCF_025148785.1_ASM2514878v1_genomic,bfe69e09705b7da4b12d9f962cd92bee,0.16680227827502034,142000,118,203192000,/nfs3_ib/nfs-ip34/home/def-ilafores/analysis/MethodsComparison/Feces_RA/preproc/SRR5091586/SRR5091586_unmatched_2.fastq,SRR5091586,32faebbc,279812000,31,DNA,1000,279812,True,0.8101734082675471,0.9438646939212927,0.8770190510944199,0.9438646939212927,False,425,1226524,3080137
1645000,0.005878947293182566,0.03952802359882006,0.0004788929709948108,0.0036696419672241853,84.35074626865672,13.0,108.68970330220196,/net/nfs-ip34/jbod2/def-ilafores/ref_dbs/sourmash_db/RefSeq_20250528.k31.sbt.zip,GCF_020735445.1_ASM2073544v1_genomic,914c0a88ebdaaccdb90ec78fe93e1fa1,0.48525073746312686,134000,119,203058000,/nfs3_ib/nfs-ip34/home/def-ilafores/analysis/MethodsComparison/Feces_RA/preproc/SRR5091586/SRR5091586_unmatched_2.fastq,SRR5091586,32faebbc,279812000,31,DNA,1000,279812,True,0.8473091991105426,0.9769444669425854,0.9121268330265639,0.9769444669425854,False,11303,1237827,3080137
153000,0.0005467957056881048,0.04515908313376668,0.00047174531471130615,0.00011395597014028922,2.659090909090909,1.0,10.314618594466367,/net/nfs-ip34/jbod2/def-ilafores/ref_dbs/sourmash_db/RefSeq_20250528.k31.sbt.zip,GCF_025148965.1_ASM2514896v1_genomic,4fe134d0444f089dec5e462a3d358d30,0.052343482723229556,132000,120,202926000,/nfs3_ib/nfs-ip34/home/def-ilafores/analysis/MethodsComparison/Feces_RA/preproc/SRR5091586/SRR5091586_unmatched_2.fastq,SRR5091586,32faebbc,279812000,31,DNA,1000,279812,True,0.784817270498373,0.9092283895796369,0.847022830039005,0.9092283895796369,False,351,1238178,3080137
906000,0.003237888296427601,0.04737793851717902,0.00046817148656955383,0.00024187235827497283,5.687022900763359,3.0,8.365764448094522,/net/nfs-ip34/jbod2/def-ilafores/ref_dbs/sourmash_db/RefSeq_20250528.k31.sbt.zip,GCF_023347275.1_ASM2334727v1_genomic,88f1b5eec91b23fd70f1b11b9f13bd9a,0.3276672694394213,131000,121,202795000,/nfs3_ib/nfs-ip34/home/def-ilafores/analysis/MethodsComparison/Feces_RA/preproc/SRR5091586/SRR5091586_unmatched_2.fastq,SRR5091586,32faebbc,279812000,31,DNA,1000,279812,True,0.8311623580320503,0.964647867248784,0.8979051126404172,0.964647867248784,False,745,1238923,3080137
133000,0.00047531914285305846,0.0547430004178855,0.00046817148656955383,0.00011752723985978546,2.763358778625954,2.0,3.0562963693385656,/net/nfs-ip34/jbod2/def-ilafores/ref_dbs/sourmash_db/RefSeq_20250528.k31.sbt.zip,GCF_003010495.1_ASM301049v1_genomic,4b2e81aaef73f0c8923adc3583855922,0.055578771416631846,131000,122,202664000,/nfs3_ib/nfs-ip34/home/def-ilafores/analysis/MethodsComparison/Feces_RA/preproc/SRR5091586/SRR5091586_unmatched_2.fastq,SRR5091586,32faebbc,279812000,31,DNA,1000,279812,True,0.7812786879266097,0.910989123127563,0.8461339055270863,0.910989123127563,False,362,1239285,3080137
1274000,0.004553057052592455,0.03134796238244514,0.0004645976584278015,7.759395117814565e-05,1.8384615384615384,1.0,1.1286741449345719,/net/nfs-ip34/jbod2/def-ilafores/ref_dbs/sourmash_db/RefSeq_20250528.k31.sbt.zip,GCF_025146565.1_ASM2514656v1_genomic,9216287e15b5df82656d9407b3ab0a7c,0.3072100313479624,130000,123,202534000,/nfs3_ib/nfs-ip34/home/def-ilafores/analysis/MethodsComparison/Feces_RA/preproc/SRR5091586/SRR5091586_unmatched_2.fastq,SRR5091586,32faebbc,279812000,31,DNA,1000,279812,True,0.8403522942428746,0.9626438881513317,0.9014980911971031,0.9626438881513317,False,239,1239524,3080137
544000,0.0019441625091132617,0.01816891412349184,0.00045745000214429687,6.038692434784557e-05,1.453125,1.0,0.7273601132692114,/net/nfs-ip34/jbod2/def-ilafores/ref_dbs/sourmash_db/RefSeq_20250528.k31.sbt.zip,GCF_018292125.1_ASM1829212v1_genomic,db815f18771b0ea0ac3270b94c8884ba,0.07721788502484031,128000,124,202406000,/nfs3_ib/nfs-ip34/home/def-ilafores/analysis/MethodsComparison/Feces_RA/preproc/SRR5091586/SRR5091586_unmatched_2.fastq,SRR5091586,32faebbc,279812000,31,DNA,1000,279812,True,0.8175978864882356,0.9207037930501029,0.8691508397691692,0.9207037930501029,False,186,1239710,3080137
3657000,0.013069489514388232,0.024761162019886918,0.00045387617400254455,8.084056001405132e-05,1.9606299212598426,1.0,1.4922454401313832,/net/nfs-ip34/jbod2/def-ilafores/ref_dbs/sourmash_db/RefSeq_20250528.k31.sbt.zip,GCF_036419465.1_ASM3641946v1_genomic,277623bb21bf8d096347cc62995689ef,0.7130044843049327,127000,125,202279000,/nfs3_ib/nfs-ip34/home/def-ilafores/analysis/MethodsComparison/Feces_RA/preproc/SRR5091586/SRR5091586_unmatched_2.fastq,SRR5091586,32faebbc,279812000,31,DNA,1000,279812,True,0.8694290542441294,0.9891474612862613,0.9292882577651953,0.9891474612862613,False,249,1239959,3080137
2226000,0.007955341443540664,0.024405125076266018,0.0004288593770102783,5.324438490885308e-05,1.3666666666666667,1.0,0.7295356209413096,/net/nfs-ip34/jbod2/def-ilafores/ref_dbs/sourmash_db/RefSeq_20250528.k31.sbt.zip,GCF_018289375.1_ASM1828937v1_genomic,d63aa3877a3e796774bd21a9b9ae06b0,0.4527150701647346,120000,126,202159000,/nfs3_ib/nfs-ip34/home/def-ilafores/analysis/MethodsComparison/Feces_RA/preproc/SRR5091586/SRR5091586_unmatched_2.fastq,SRR5091586,32faebbc,279812000,31,DNA,1000,279812,True,0.8556168267471017,0.9747597302271279,0.9151882784871148,0.9747597302271279,False,164,1240123,3080137
383000,0.0013687761782911383,0.06077630234933606,0.000425285548868526,8.4087168849957e-05,2.176470588235294,2.0,1.5591802350714519,/net/nfs-ip34/jbod2/def-ilafores/ref_dbs/sourmash_db/RefSeq_20250528.k31.sbt.zip,GCF_014931315.1_ASM1493131v1_genomic,24f12fd2a54852e2259e8b9d11515056,0.19560776302349336,119000,127,202040000,/nfs3_ib/nfs-ip34/home/def-ilafores/analysis/MethodsComparison/Feces_RA/preproc/SRR5091586/SRR5091586_unmatched_2.fastq,SRR5091586,32faebbc,279812000,31,DNA,1000,279812,True,0.8083950155289952,0.9487274942193324,0.8785612548741638,0.9487274942193324,False,259,1240382,3080137
179000,0.0006397152373736652,0.034918723660445516,0.00041456406444326905,0.00028570157755969947,7.586206896551724,1.0,21.174589914002098,/net/nfs-ip34/jbod2/def-ilafores/ref_dbs/sourmash_db/RefSeq_20250528.k31.sbt.zip,GCF_018408705.1_ASM1840870v1_genomic,ac6ff4cab85d8673ba368b5f66dcfee5,0.053883202889825406,116000,128,201924000,/nfs3_ib/nfs-ip34/home/def-ilafores/analysis/MethodsComparison/Feces_RA/preproc/SRR5091586/SRR5091586_unmatched_2.fastq,SRR5091586,32faebbc,279812000,31,DNA,1000,279812,True,0.7888007461612591,0.9100791023778525,0.8494399242695558,0.9100791023778525,False,880,1241262,3080137
2151000,0.007687304332909239,0.03769255981645362,0.00041099023630151673,0.00024382032357651623,6.530434782608696,5.0,6.713156115297438,/net/nfs-ip34/jbod2/def-ilafores/ref_dbs/sourmash_db/RefSeq_20250528.k31.sbt.zip,GCF_042852915.1_ASM4285291v1_genomic,83df1fc7945fffe52952776a8424f7ce,0.7050147492625368,115000,129,201809000,/nfs3_ib/nfs-ip34/home/def-ilafores/analysis/MethodsComparison/Feces_RA/preproc/SRR5091586/SRR5091586_unmatched_2.fastq,SRR5091586,32faebbc,279812000,31,DNA,1000,279812,True,0.854671384966197,0.9887879560169945,0.9217296704915958,0.9887879560169945,False,751,1242013,3080137
1375000,0.004914013694909439,0.053538175046554934,0.00041099023630151673,0.0003308294403787883,8.860869565217392,6.0,8.82179805838848,/net/nfs-ip34/jbod2/def-ilafores/ref_dbs/sourmash_db/RefSeq_20250528.k31.sbt.zip,GCF_019974115.1_ASM1997411v1_genomic,c4780613fea3cc9fca86528fcdef51fc,0.6401303538175046,115000,130,201694000,/nfs3_ib/nfs-ip34/home/def-ilafores/analysis/MethodsComparison/Feces_RA/preproc/SRR5091586/SRR5091586_unmatched_2.fastq,SRR5091586,32faebbc,279812000,31,DNA,1000,279812,True,0.8424229800360576,0.9857132496174124,0.914068114826735,0.9857132496174124,False,1019,1243032,3080137
116000,0.00041456406444326905,0.052753354928273946,0.0004074164081597644,6.688014201965692e-05,1.8070175438596492,1.0,1.0668628628428614,/net/nfs-ip34/jbod2/def-ilafores/ref_dbs/sourmash_db/RefSeq_20250528.k31.sbt.zip,GCF_001548235.1_ASM154823v1_genomic,8b55628615cb688c6eacab1186a6980d,0.053678852383155944,114000,131,201580000,/nfs3_ib/nfs-ip34/home/def-ilafores/analysis/MethodsComparison/Feces_RA/preproc/SRR5091586/SRR5091586_unmatched_2.fastq,SRR5091586,32faebbc,279812000,31,DNA,1000,279812,True,0.7778396070388018,0.9099675604933493,0.8439035837660755,0.9099675604933493,False,206,1243238,3080137
460000,0.001643960945206067,0.027958062905641536,0.0004002687518762598,0.004088454507056017,112.4375,38.0,145.3148540515928,/net/nfs-ip34/jbod2/def-ilafores/ref_dbs/sourmash_db/RefSeq_20250528.k31.sbt.zip,GCF_019249725.2_ASM1924972v2_genomic,b52efe698d9af7f8373fa734735ff63d,0.11482775836245632,112000,132,201468000,/nfs3_ib/nfs-ip34/home/def-ilafores/analysis/MethodsComparison/Feces_RA/preproc/SRR5091586/SRR5091586_unmatched_2.fastq,SRR5091586,32faebbc,279812000,31,DNA,1000,279812,True,0.8131862904942475,0.9325646131975559,0.8728754518459017,0.9325646131975559,False,12593,1255831,3080137
204000,0.0007290609409174732,0.041952707856598014,0.00039312109559275514,6.20102287657984e-05,1.7363636363636363,1.0,1.621880349399608,/net/nfs-ip34/jbod2/def-ilafores/ref_dbs/sourmash_db/RefSeq_20250528.k31.sbt.zip,GCF_025152405.1_ASM2515240v1_genomic,f688e4f928dd46c9b090e97a39a1952a,0.07780320366132723,110000,133,201358000,/nfs3_ib/nfs-ip34/home/def-ilafores/analysis/MethodsComparison/Feces_RA/preproc/SRR5091586/SRR5091586_unmatched_2.fastq,SRR5091586,32faebbc,279812000,31,DNA,1000,279812,True,0.7921343261070434,0.9209281010511704,0.8565312135791069,0.9209281010511704,False,191,1256022,3080137
641000,0.0022908238388632367,0.03934191702432046,0.00039312109559275514,6.850344643760976e-05,1.9181818181818182,1.0,1.3289217651356455,/net/nfs-ip34/jbod2/def-ilafores/ref_dbs/sourmash_db/RefSeq_20250528.k31.sbt.zip,GCF_030864025.1_ASM3086402v1_genomic,f73fd890bde9240f282aef5dc2a2f54a,0.2292560801144492,110000,134,201248000,/nfs3_ib/nfs-ip34/home/def-ilafores/analysis/MethodsComparison/Feces_RA/preproc/SRR5091586/SRR5091586_unmatched_2.fastq,SRR5091586,32faebbc,279812000,31,DNA,1000,279812,True,0.821936831211692,0.9535976872573214,0.8877672592345067,0.9535976872573214,False,211,1256233,3080137
1526000,0.0054536617443140395,0.03825903825903826,0.0003895472674510028,0.00030355792615718066,8.577981651376147,6.0,9.196422896507448,/net/nfs-ip34/jbod2/def-ilafores/ref_dbs/sourmash_db/RefSeq_20250528.k31.sbt.zip,GCF_951792925.1_DSM32379_genomic,6f632cf2c32182bcb83ab7f61da6abb4,0.5356265356265356,109000,135,201139000,/nfs3_ib/nfs-ip34/home/def-ilafores/analysis/MethodsComparison/Feces_RA/preproc/SRR5091586/SRR5091586_unmatched_2.fastq,SRR5091586,32faebbc,279812000,31,DNA,1000,279812,True,0.8452592689803033,0.9800621467480428,0.9126607078641731,0.9800621467480428,False,935,1257168,3080137
1801000,0.006436464483295927,0.03285111512959614,0.0003895472674510028,0.0008486635497057436,23.98165137614679,26.0,16.37237640660519,/net/nfs-ip34/jbod2/def-ilafores/ref_dbs/sourmash_db/RefSeq_20250528.k31.sbt.zip,GCF_000020605.1_ASM2060v1_genomic,c7f0f63b1e20051e05be14074e3f6057,0.5427968655816757,109000,136,201030000,/nfs3_ib/nfs-ip34/home/def-ilafores/analysis/MethodsComparison/Feces_RA/preproc/SRR5091586/SRR5091586_unmatched_2.fastq,SRR5091586,32faebbc,279812000,31,DNA,1000,279812,True,0.8497891968477145,0.9804826518868468,0.9151359243672806,0.9804826518868468,False,2614,1259782,3080137
1990000,0.007111918002087115,0.027390311945219376,0.0003859734393092505,0.00012272181399723453,3.5,2.0,3.650215620216712,/net/nfs-ip34/jbod2/def-ilafores/ref_dbs/sourmash_db/RefSeq_20250528.k31.sbt.zip,GCF_023497585.1_ASM2349758v1_genomic,d9c5bc738094fb07e8276cf458f5e9f1,0.5046918589906163,108000,137,200922000,/nfs3_ib/nfs-ip34/home/def-ilafores/analysis/MethodsComparison/Feces_RA/preproc/SRR5091586/SRR5091586_unmatched_2.fastq,SRR5091586,32faebbc,279812000,31,DNA,1000,279812,True,0.8525291739898483,0.9781832079534807,0.9153561909716645,0.9781832079534807,False,378,1260160,3080137
2801000,0.010010292625048246,0.018463682285316148,0.00037882578302574587,0.00013051367520340815,3.792452830188679,1.0,6.473045681803767,/net/nfs-ip34/jbod2/def-ilafores/ref_dbs/sourmash_db/RefSeq_20250528.k31.sbt.zip,GCF_018292105.1_ASM1829210v1_genomic,833ce107256231b46fdcaa8f4db23439,0.48789409510538234,106000,138,200816000,/nfs3_ib/nfs-ip34/home/def-ilafores/analysis/MethodsComparison/Feces_RA/preproc/SRR5091586/SRR5091586_unmatched_2.fastq,SRR5091586,32faebbc,279812000,31,DNA,1000,279812,True,0.8619821708283423,0.9771156874374167,0.9195489291328796,0.9771156874374167,False,402,1260562,3080137
179000,0.0006397152373736652,0.024085435128379913,0.00037882578302574587,5.129641960730968e-05,1.490566037735849,1.0,1.3048912556359797,/net/nfs-ip34/jbod2/def-ilafores/ref_dbs/sourmash_db/RefSeq_20250528.k31.sbt.zip,GCF_900683755.1_ASM90068375v1_genomic,8e291018769da4b390c897ca0d5c97dc,0.0406725744149057,106000,139,200710000,/nfs3_ib/nfs-ip34/home/def-ilafores/analysis/MethodsComparison/Feces_RA/preproc/SRR5091586/SRR5091586_unmatched_2.fastq,SRR5091586,32faebbc,279812000,31,DNA,1000,279812,True,0.7888007461612591,0.9018592485154903,0.8453299973383747,0.9018592485154903,False,158,1260720,3080137
1319000,0.004713879318971309,0.019611470860314523,0.00037882578302574587,6.655548113606635e-05,1.9339622641509433,1.0,3.4237485468099953,/net/nfs-ip34/jbod2/def-ilafores/ref_dbs/sourmash_db/RefSeq_20250528.k31.sbt.zip,GCF_963360645.1_PDTSDC17_v2_genomic,6c9a04f4937f91792100b630c90d3f36,0.24403330249768732,106000,140,200604000,/nfs3_ib/nfs-ip34/home/def-ilafores/analysis/MethodsComparison/Feces_RA/preproc/SRR5091586/SRR5091586_unmatched_2.fastq,SRR5091586,32faebbc,279812000,31,DNA,1000,279812,True,0.8412938075617586,0.9555211259378513,0.898407466749805,0.9555211259378513,False,205,1260925,3080137
1095000,0.00391334181521879,0.01651317878691648,0.00037167812674224123,6.0711585231436136e-05,1.7980769230769231,1.0,3.0457404294052384,/net/nfs-ip34/jbod2/def-ilafores/ref_dbs/sourmash_db/RefSeq_20250528.k31.sbt.zip,GCF_018289135.1_ASM1828913v1_genomic,f3a7db5030ffaeccc9f1bc5800350966,0.1738647189583995,104000,141,200500000,/nfs3_ib/nfs-ip34/home/def-ilafores/analysis/MethodsComparison/Feces_RA/preproc/SRR5091586/SRR5091586_unmatched_2.fastq,SRR5091586,32faebbc,279812000,31,DNA,1000,279812,True,0.8362579338357028,0.945128136564238,0.8906930351999705,0.945128136564238,False,187,1261112,3080137
186000,0.0006647320343659315,0.022106631989596878,0.0003645304704587366,5.129641960730968e-05,1.5490196078431373,1.0,0.956171399234244,/net/nfs-ip34/jbod2/def-ilafores/ref_dbs/sourmash_db/RefSeq_20250528.k31.sbt.zip,GCF_032878895.1_ASM3287889v1_genomic,c900494a9310f6feff2b1d01e0c2af2d,0.04031209362808843,102000,142,200398000,/nfs3_ib/nfs-ip34/home/def-ilafores/analysis/MethodsComparison/Feces_RA/preproc/SRR5091586/SRR5091586_unmatched_2.fastq,SRR5091586,32faebbc,279812000,31,DNA,1000,279812,True,0.7897774497398398,0.9016002919710848,0.8456888708554623,0.9016002919710848,False,158,1261270,3080137
549000,0.0019620316498220234,0.043366251610133105,0.0003609566423169843,8.376250796636643e-05,2.5544554455445545,2.0,1.748975640930815,/net/nfs-ip34/jbod2/def-ilafores/ref_dbs/sourmash_db/RefSeq_20250528.k31.sbt.zip,GCF_010509075.1_ASM1050907v1_genomic,9873f57bc1ce2e7504544c43132060be,0.23572348647488192,101000,143,200297000,/nfs3_ib/nfs-ip34/home/def-ilafores/analysis/MethodsComparison/Feces_RA/preproc/SRR5091586/SRR5091586_unmatched_2.fastq,SRR5091586,32faebbc,279812000,31,DNA,1000,279812,True,0.8178392241069441,0.9544538427871456,0.8861465334470449,0.9544538427871456,False,258,1261528,3080137
104000,0.00037167812674224123,0.04821073558648111,0.000346661329749975,5.8438959046302164e-05,1.8556701030927836,1.0,1.7170442760182993,/net/nfs-ip34/jbod2/def-ilafores/ref_dbs/sourmash_db/RefSeq_20250528.k31.sbt.zip,GCF_003627135.1_ASM362713v1_genomic,88aec83b86b930750b66f12ed8985328,0.05168986083499006,97000,144,200200000,/nfs3_ib/nfs-ip34/home/def-ilafores/analysis/MethodsComparison/Feces_RA/preproc/SRR5091586/SRR5091586_unmatched_2.fastq,SRR5091586,32faebbc,279812000,31,DNA,1000,279812,True,0.7751044422759845,0.9088599103460427,0.8419821763110136,0.9088599103460427,False,180,1261708,3080137
587000,0.0020978371192086117,0.020302375809935207,0.00033593984532471804,4.382921928472662e-05,1.4361702127659575,1.0,0.8323065954922828,/net/nfs-ip34/jbod2/def-ilafores/ref_dbs/sourmash_db/RefSeq_20250528.k31.sbt.zip,GCF_023008285.1_ASM2300828v1_genomic,3191b17cd9816a6b0abb68f0b35dbdf7,0.12678185745140388,94000,145,200106000,/nfs3_ib/nfs-ip34/home/def-ilafores/analysis/MethodsComparison/Feces_RA/preproc/SRR5091586/SRR5091586_unmatched_2.fastq,SRR5091586,32faebbc,279812000,31,DNA,1000,279812,True,0.8196067771390484,0.9355486111724259,0.8775776941557372,0.9355486111724259,False,135,1261843,3080137
302000,0.0010792960988092004,0.0432183908045977,0.00033593984532471804,7.791861206173621e-05,2.5531914893617023,2.0,1.9052950923318255,/net/nfs-ip34/jbod2/def-ilafores/ref_dbs/sourmash_db/RefSeq_20250528.k31.sbt.zip,GCF_036288925.1_ASM3628892v1_genomic,5b3026c4a67786d0ada41417be1ec347,0.13885057471264367,94000,146,200012000,/nfs3_ib/nfs-ip34/home/def-ilafores/analysis/MethodsComparison/Feces_RA/preproc/SRR5091586/SRR5091586_unmatched_2.fastq,SRR5091586,32faebbc,279812000,31,DNA,1000,279812,True,0.8022225365557244,0.9382968272232827,0.8702596818895035,0.9382968272232827,False,240,1262083,3080137
737000,0.0026339113404714593,0.01449501246882793,0.0003323660171829657,3.928396691445867e-05,1.3010752688172043,1.0,0.7729978819617819,/net/nfs-ip34/jbod2/def-ilafores/ref_dbs/sourmash_db/RefSeq_20250528.k31.sbt.zip,GCF_024799845.1_ASM2479984v1_genomic,1affe8cbd37c62a3073bbe0490a4ad0a,0.11486907730673317,93000,147,199919000,/nfs3_ib/nfs-ip34/home/def-ilafores/analysis/MethodsComparison/Feces_RA/preproc/SRR5091586/SRR5091586_unmatched_2.fastq,SRR5091586,32faebbc,279812000,31,DNA,1000,279812,True,0.8256454379071217,0.9325754361054528,0.8791104370062872,0.9325754361054528,False,121,1262204,3080137
2250000,0.008041113318942718,0.032665964172813484,0.0003323660171829657,0.00015875917207578753,5.258064516129032,3.0,4.836917230727949,/net/nfs-ip34/jbod2/def-ilafores/ref_dbs/sourmash_db/RefSeq_20250528.k31.sbt.zip,GCF_042854225.1_ASM4285422v1_genomic,387027c4a6ea2f36548bc8ed31ebb8dc,0.7903055848261328,93000,148,199826000,/nfs3_ib/nfs-ip34/home/def-ilafores/analysis/MethodsComparison/Feces_RA/preproc/SRR5091586/SRR5091586_unmatched_2.fastq,SRR5091586,32faebbc,279812000,31,DNA,1000,279812,True,0.8559128651588374,0.9924372717231023,0.9241750684409697,0.9924372717231023,False,489,1262693,3080137
95000,0.00033951367346647036,0.051627384960718295,0.0003287921890412134,4.8049810771404e-05,1.608695652173913,1.0,0.9083731485120077,/net/nfs-ip34/jbod2/def-ilafores/ref_dbs/sourmash_db/RefSeq_20250528.k31.sbt.zip,GCF_014844115.1_ASM1484411v1_genomic,d3de985b04471480167197092cb471c9,0.05331088664421998,92000,149,199734000,/nfs3_ib/nfs-ip34/home/def-ilafores/analysis/MethodsComparison/Feces_RA/preproc/SRR5091586/SRR5091586_unmatched_2.fastq,SRR5091586,32faebbc,279812000,31,DNA,1000,279812,True,0.7728445879106488,0.9097656713345719,0.8413051296226104,0.9097656713345719,False,148,1262841,3080137
88000,0.00031449687647420413,0.01625715869203769,0.00031449687647420413,4.7075828120632295e-05,1.6477272727272727,1.0,1.9484246126228182,/net/nfs-ip34/jbod2/def-ilafores/ref_dbs/sourmash_db/RefSeq_20250528.k31.sbt.zip,GCF_022749555.1_ASM2274955v1_genomic,d64989e12f75ad8f203e8c1c08637a60,0.01625715869203769,88000,150,199646000,/nfs3_ib/nfs-ip34/home/def-ilafores/analysis/MethodsComparison/Feces_RA/preproc/SRR5091586/SRR5091586_unmatched_2.fastq,SRR5091586,32faebbc,279812000,31,DNA,1000,279812,True,0.770938761513908,0.8755717943000775,0.8232552779069928,0.8755717943000775,False,145,1262986,3080137
484000,0.0017297328206081226,0.02349446394815015,0.0003109230483324518,4.0907271332411515e-05,1.4482758620689655,1.0,0.8544490823009565,/net/nfs-ip34/jbod2/def-ilafores/ref_dbs/sourmash_db/RefSeq_20250528.k31.sbt.zip,GCF_022845675.1_ASM2284567v1_genomic,dc5db18b01e855478b35f8ecd5651460,0.1307048339184445,87000,151,199559000,/nfs3_ib/nfs-ip34/home/def-ilafores/analysis/MethodsComparison/Feces_RA/preproc/SRR5091586/SRR5091586_unmatched_2.fastq,SRR5091586,32faebbc,279812000,31,DNA,1000,279812,True,0.81452149409223,0.9364687273384458,0.8754951107153379,0.9364687273384458,False,126,1263112,3080137
1853000,0.006622303546667048,0.028913260219341975,0.0003109230483324518,0.00033245274479674116,11.770114942528735,9.0,10.340969906516403,/net/nfs-ip34/jbod2/def-ilafores/ref_dbs/sourmash_db/RefSeq_20250528.k31.sbt.zip,GCF_023347315.1_ASM2334731v1_genomic,0d91a03431f1ffb73e1088f604cc6227,0.615819209039548,87000,152,199472000,/nfs3_ib/nfs-ip34/home/def-ilafores/analysis/MethodsComparison/Feces_RA/preproc/SRR5091586/SRR5091586_unmatched_2.fastq,SRR5091586,32faebbc,279812000,31,DNA,1000,279812,True,0.8505698228732037,0.9844828812070109,0.9175263520401074,0.9844828812070109,False,1024,1264136,3080137
1593000,0.005693108229811445,0.022878425113061984,0.0003073492201906995,0.0029628552236475197,106.11627906976744,30.0,129.4092497506975,/net/nfs-ip34/jbod2/def-ilafores/ref_dbs/sourmash_db/RefSeq_20250528.k31.sbt.zip,GCF_032452695.1_ASM3245269v1_genomic,b7680125152affcc064662a2d2e17686,0.4237829209896249,86000,153,199386000,/nfs3_ib/nfs-ip34/home/def-ilafores/analysis/MethodsComparison/Feces_RA/preproc/SRR5091586/SRR5091586_unmatched_2.fastq,SRR5091586,32faebbc,279812000,31,DNA,1000,279812,True,0.8464316951625105,0.9726853377140128,0.9095585164382616,0.9726853377140128,False,9126,1273262,3080137
430000,0.0015367461009534974,0.020677628300946688,0.0002966277357654425,9.999555214589481e-05,3.710843373493976,2.0,7.372253616439596,/net/nfs-ip34/jbod2/def-ilafores/ref_dbs/sourmash_db/RefSeq_20250528.k31.sbt.zip,GCF_900683745.1_Paraprevotella_xylaniphila_82A6_genomic,5e6e3eba0c8b886e7c308dc9056f6fdf,0.10712506228201295,83000,154,199303000,/nfs3_ib/nfs-ip34/home/def-ilafores/analysis/MethodsComparison/Feces_RA/preproc/SRR5091586/SRR5091586_unmatched_2.fastq,SRR5091586,32faebbc,279812000,31,DNA,1000,279812,True,0.8114191062115448,0.9304781175755291,0.870948611893537,0.9304781175755291,False,308,1273570,3080137
516000,0.0018440953211441968,0.03414839797639123,0.00028948007948193785,4.642650635345116e-05,1.7654320987654322,1.0,1.1029881404539286,/net/nfs-ip34/jbod2/def-ilafores/ref_dbs/sourmash_db/RefSeq_20250528.k31.sbt.zip,GCF_009832825.1_ASM983282v1_genomic,398f7909768585edf6b163d88d8e55f2,0.2175379426644182,81000,155,199222000,/nfs3_ib/nfs-ip34/home/def-ilafores/analysis/MethodsComparison/Feces_RA/preproc/SRR5091586/SRR5091586_unmatched_2.fastq,SRR5091586,32faebbc,279812000,31,DNA,1000,279812,True,0.8162053994108197,0.9519851235892837,0.8840952615000517,0.9519851235892837,False,143,1273713,3080137
3332000,0.011907995368318729,0.01624511618342587,0.0002823324231984332,0.00010583944805052503,4.1265822784810124,2.0,14.272543428349286,/net/nfs-ip34/jbod2/def-ilafores/ref_dbs/sourmash_db/RefSeq_20250528.k31.sbt.zip,GCF_008728395.1_ASM872839v1_genomic,be62626804ebd51a937970eebfaaba96,0.685173761052848,79000,156,199143000,/nfs3_ib/nfs-ip34/home/def-ilafores/analysis/MethodsComparison/Feces_RA/preproc/SRR5091586/SRR5091586_unmatched_2.fastq,SRR5091586,32faebbc,279812000,31,DNA,1000,279812,True,0.8668227066584122,0.987877852861241,0.9273502797598265,0.987877852861241,False,326,1274039,3080137
89000,0.00031807070461595645,0.043406593406593405,0.0002823324231984332,4.9673115189356836e-05,1.9367088607594938,1.0,1.512327171018219,/net/nfs-ip34/jbod2/def-ilafores/ref_dbs/sourmash_db/RefSeq_20250528.k31.sbt.zip,GCF_019047825.1_ASM1904782v1_genomic,b95512a0f4b3d0bc05f8d1c6561767c7,0.0489010989010989,79000,157,199064000,/nfs3_ib/nfs-ip34/home/def-ilafores/analysis/MethodsComparison/Feces_RA/preproc/SRR5091586/SRR5091586_unmatched_2.fastq,SRR5091586,32faebbc,279812000,31,DNA,1000,279812,True,0.7712198212868718,0.9072353322045035,0.8392275767456876,0.9072353322045035,False,153,1274192,3080137
79000,0.0002823324231984332,0.03351718285956724,0.0002823324231984332,4.025794956523038e-05,1.5696202531645569,1.0,0.9234435321437708,/net/nfs-ip34/jbod2/def-ilafores/ref_dbs/sourmash_db/RefSeq_20250528.k31.sbt.zip,GCF_005696695.1_ASM569669v1_genomic,3d0dfb3e84cae72bb819df8873e40343,0.03351718285956724,79000,158,198985000,/nfs3_ib/nfs-ip34/home/def-ilafores/analysis/MethodsComparison/Feces_RA/preproc/SRR5091586/SRR5091586_unmatched_2.fastq,SRR5091586,32faebbc,279812000,31,DNA,1000,279812,True,0.7682603352999438,0.8962475555146605,0.8322539454073021,0.8962475555146605,False,124,1274316,3080137
1097000,0.003920489471502295,0.015092879256965945,0.0002787585950566809,4.577718458627003e-05,1.8076923076923077,1.0,1.1989064708467732,/net/nfs-ip34/jbod2/def-ilafores/ref_dbs/sourmash_db/RefSeq_20250528.k31.sbt.zip,GCF_037094625.1_ASM3709462v1_genomic,3dddd215e88c30501a3404582fed932e,0.21226780185758515,78000,159,198907000,/nfs3_ib/nfs-ip34/home/def-ilafores/analysis/MethodsComparison/Feces_RA/preproc/SRR5091586/SRR5091586_unmatched_2.fastq,SRR5091586,32faebbc,279812000,31,DNA,1000,279812,True,0.8363071616894576,0.9512322909217622,0.8937697263056099,0.9512322909217622,False,141,1274457,3080137
173000,0.0006182722685231513,0.01191969887076537,0.00027161093877317626,3.863464514727754e-05,1.5657894736842106,1.0,1.2704695186362926,/net/nfs-ip34/jbod2/def-ilafores/ref_dbs/sourmash_db/RefSeq_20250528.k31.sbt.zip,GCF_016889665.1_ASM1688966v1_genomic,93f73424a62c9a7810069426678c2739,0.027132998745294856,76000,160,198831000,/nfs3_ib/nfs-ip34/home/def-ilafores/analysis/MethodsComparison/Feces_RA/preproc/SRR5091586/SRR5091586_unmatched_2.fastq,SRR5091586,32faebbc,279812000,31,DNA,1000,279812,True,0.7879336895215299,0.8901591714377686,0.8390464304796492,0.8901591714377686,False,119,1274576,3080137
136000,0.0004860406272783154,0.014170815779394868,0.0002644632824896716,4.1231932216002084e-05,1.7162162162162162,1.0,0.9934960149033947,/net/nfs-ip34/jbod2/def-ilafores/ref_dbs/sourmash_db/RefSeq_20250528.k31.sbt.zip,GCF_036936505.1_ASM3693650v1_genomic,0481b675cdd8d97a8b304c78d87d5d1d,0.026043661432401378,74000,161,198757000,/nfs3_ib/nfs-ip34/home/def-ilafores/analysis/MethodsComparison/Feces_RA/preproc/SRR5091586/SRR5091586_unmatched_2.fastq,SRR5091586,32faebbc,279812000,31,DNA,1000,279812,True,0.7818410519327194,0.8889833237779939,0.8354121878553566,0.8889833237779939,False,127,1274703,3080137
248000,0.0008863093791545752,0.01907499346746799,0.0002608894543479193,0.00012044918781210056,5.082191780821918,2.0,10.710068780278146,/net/nfs-ip34/jbod2/def-ilafores/ref_dbs/sourmash_db/RefSeq_20250528.k31.sbt.zip,GCF_020736365.1_ASM2073636v1_genomic,31dce30d78c030ed012824aeb71a6951,0.06480271753331591,73000,162,198684000,/nfs3_ib/nfs-ip34/home/def-ilafores/analysis/MethodsComparison/Feces_RA/preproc/SRR5091586/SRR5091586_unmatched_2.fastq,SRR5091586,32faebbc,279812000,31,DNA,1000,279812,True,0.7971407503901308,0.9155125401215589,0.8563266452558449,0.9155125401215589,False,371,1275074,3080137
2247000,0.008030391834517462,0.01387015989212098,0.000257315626206167,3.181676659187562e-05,1.3611111111111112,1.0,0.7871459619613752,/net/nfs-ip34/jbod2/def-ilafores/ref_dbs/sourmash_db/RefSeq_20250528.k31.sbt.zip,GCF_018289175.1_ASM1828917v1_genomic,c011021d83e072fd7dafbdfb08120209,0.4328645732999422,72000,163,198612000,/nfs3_ib/nfs-ip34/home/def-ilafores/analysis/MethodsComparison/Feces_RA/preproc/SRR5091586/SRR5091586_unmatched_2.fastq,SRR5091586,32faebbc,279812000,31,DNA,1000,279812,True,0.8558760279308625,0.9733508685742979,0.9146134482525802,0.9733508685742979,False,98,1275172,3080137
670000,0.002394464854974054,0.028368794326241134,0.000257315626206167,3.5388036311371865e-05,1.5138888888888888,1.0,1.080034150123087,/net/nfs-ip34/jbod2/def-ilafores/ref_dbs/sourmash_db/RefSeq_20250528.k31.sbt.zip,GCF_020541925.1_ASM2054192v1_genomic,5dfb2de1c8a49d9f52117f79b9e8a991,0.2639873916469661,72000,164,198540000,/nfs3_ib/nfs-ip34/home/def-ilafores/analysis/MethodsComparison/Feces_RA/preproc/SRR5091586/SRR5091586_unmatched_2.fastq,SRR5091586,32faebbc,279812000,31,DNA,1000,279812,True,0.8231108711895707,0.9579468045237681,0.8905288378566694,0.9579468045237681,False,109,1275281,3080137
584000,0.0020871156347833544,0.03177485247389923,0.00025016796992266235,6.525683760170407e-05,2.8714285714285714,2.0,1.7314026400698412,/net/nfs-ip34/jbod2/def-ilafores/ref_dbs/sourmash_db/RefSeq_20250528.k31.sbt.zip,GCF_020181355.1_ASM2018135v1_genomic,12bb79a35fe0b383414df0f2f6def9ec,0.26509305492510216,70000,165,198470000,/nfs3_ib/nfs-ip34/home/def-ilafores/analysis/MethodsComparison/Feces_RA/preproc/SRR5091586/SRR5091586_unmatched_2.fastq,SRR5091586,32faebbc,279812000,31,DNA,1000,279812,True,0.8194713195748791,0.9580759683134151,0.8887736439441472,0.9580759683134151,False,201,1275482,3080137
583000,0.0020835418066416024,0.013420245398773007,0.00025016796992266235,3.2466088359056756e-05,1.4285714285714286,1.0,0.7284313590846835,/net/nfs-ip34/jbod2/def-ilafores/ref_dbs/sourmash_db/RefSeq_20250528.k31.sbt.zip,GCF_900636455.1_42166_D01_genomic,804e43179e88b5ff524f6b63dd4ac349,0.11177147239263803,70000,166,198400000,/nfs3_ib/nfs-ip34/home/def-ilafores/analysis/MethodsComparison/Feces_RA/preproc/SRR5091586/SRR5091586_unmatched_2.fastq,SRR5091586,32faebbc,279812000,31,DNA,1000,279812,True,0.8194260173735449,0.931753427705658,0.8755897225396014,0.931753427705658,False,100,1275582,3080137
70000,0.00025016796992266235,0.024572649572649572,0.00024659414178091003,3.2466088359056756e-05,1.4492753623188406,1.0,0.7525075354056331,/net/nfs-ip34/jbod2/def-ilafores/ref_dbs/sourmash_db/RefSeq_20250528.k31.sbt.zip,GCF_900116045.1_DESPIGER_genomic,a44e1050d7701308bc590bde0c3457fd,0.02492877492877493,69000,167,198331000,/nfs3_ib/nfs-ip34/home/def-ilafores/analysis/MethodsComparison/Feces_RA/preproc/SRR5091586/SRR5091586_unmatched_2.fastq,SRR5091586,32faebbc,279812000,31,DNA,1000,279812,True,0.7652686562777374,0.887729547587601,0.8264991019326693,0.887729547587601,False,100,1275682,3080137
1078000,0.0038525867368090004,0.017815646785437646,0.00024659414178091003,3.668667984573413e-05,1.6376811594202898,1.0,1.8334335769122863,/net/nfs-ip34/jbod2/def-ilafores/ref_dbs/sourmash_db/RefSeq_20250528.k31.sbt.zip,GCF_020091485.1_ASM2009148v1_genomic,0bb666bd34472dc3dae293249907c788,0.27833720630002584,69000,168,198262000,/nfs3_ib/nfs-ip34/home/def-ilafores/analysis/MethodsComparison/Feces_RA/preproc/SRR5091586/SRR5091586_unmatched_2.fastq,SRR5091586,32faebbc,279812000,31,DNA,1000,279812,True,0.835835948838873,0.9595838807271858,0.8977099147830294,0.9595838807271858,False,113,1275795,3080137
2164000,0.007733764098752019,0.026037735849056602,0.00024659414178091003,0.00013927951906035347,6.217391304347826,5.0,5.399596241527564,/net/nfs-ip34/jbod2/def-ilafores/ref_dbs/sourmash_db/RefSeq_20250528.k31.sbt.zip,GCF_040234585.1_ASM4023458v1_genomic,ce4cae11ff96492908342ea8c11f5cfa,0.8166037735849057,69000,169,198193000,/nfs3_ib/nfs-ip34/home/def-ilafores/analysis/MethodsComparison/Feces_RA/preproc/SRR5091586/SRR5091586_unmatched_2.fastq,SRR5091586,32faebbc,279812000,31,DNA,1000,279812,True,0.8548375247112334,0.9934857849653855,0.9241616548383095,0.9934857849653855,False,429,1276224,3080137
71000,0.00025374179806441467,0.029639175257731958,0.00024659414178091003,4.545252370267946e-05,2.028985507246377,1.0,1.4839334186864006,/net/nfs-ip34/jbod2/def-ilafores/ref_dbs/sourmash_db/RefSeq_20250528.k31.sbt.zip,GCF_020735645.1_ASM2073564v1_genomic,eeb869321eb525dd0f05445a4e59db47,0.03049828178694158,69000,170,198124000,/nfs3_ib/nfs-ip34/home/def-ilafores/analysis/MethodsComparison/Feces_RA/preproc/SRR5091586/SRR5091586_unmatched_2.fastq,SRR5091586,32faebbc,279812000,31,DNA,1000,279812,True,0.7656188995166696,0.8935228376922039,0.8295708686044367,0.8935228376922039,False,140,1276364,3080137
1870000,0.006683058625076837,0.021263289555972485,0.0002430203136391577,0.00040063153035076036,18.147058823529413,15.5,15.313647033516478,/net/nfs-ip34/jbod2/def-ilafores/ref_dbs/sourmash_db/RefSeq_20250528.k31.sbt.zip,GCF_000209935.1_ASM20993v1_genomic,dcbd1d093e4e25fa785bf2accc52d95b,0.5847404627892433,68000,171,198056000,/nfs3_ib/nfs-ip34/home/def-ilafores/analysis/MethodsComparison/Feces_RA/preproc/SRR5091586/SRR5091586_unmatched_2.fastq,SRR5091586,32faebbc,279812000,31,DNA,1000,279812,True,0.8508204344610657,0.9828396807120017,0.9168300575865337,0.9828396807120017,False,1234,1277598,3080137
402000,0.0014366789129844325,0.0323846908734053,0.00023587265735565307,5.8438959046302164e-05,2.727272727272727,2.0,2.246515514284926,/net/nfs-ip34/jbod2/def-ilafores/ref_dbs/sourmash_db/RefSeq_20250528.k31.sbt.zip,GCF_000210895.1_ASM21089v1_genomic,364e7e1727f57ba63e8216dbea229ae5,0.197252208047105,66000,172,197990000,/nfs3_ib/nfs-ip34/home/def-ilafores/analysis/MethodsComparison/Feces_RA/preproc/SRR5091586/SRR5091586_unmatched_2.fastq,SRR5091586,32faebbc,279812000,31,DNA,1000,279812,True,0.8096585872428153,0.9489837375357844,0.8793211623892998,0.9489837375357844,False,180,1277778,3080137
2115000,0.007558646519806155,0.022561610551891705,0.00023229882921390075,0.00039283966914458677,18.615384615384617,13.0,21.177413445382946,/net/nfs-ip34/jbod2/def-ilafores/ref_dbs/sourmash_db/RefSeq_20250528.k31.sbt.zip,GCF_003312465.1_ASM331246v1_genomic,be5c860d5d238c3f38a0963a5d83b576,0.7341200971884763,65000,173,197925000,/nfs3_ib/nfs-ip34/home/def-ilafores/analysis/MethodsComparison/Feces_RA/preproc/SRR5091586/SRR5091586_unmatched_2.fastq,SRR5091586,32faebbc,279812000,31,DNA,1000,279812,True,0.8542061833620079,0.9900791318777341,0.922142657619871,0.9900791318777341,False,1210,1278988,3080137
1188000,0.004245707832401756,0.012460443037974684,0.00022515117293039612,3.0193462173922784e-05,1.4761904761904763,1.0,1.2453996981544782,/net/nfs-ip34/jbod2/def-ilafores/ref_dbs/sourmash_db/RefSeq_20250528.k31.sbt.zip,GCF_012273055.1_ASM1227305v1_genomic,c1884ac4d25c83812a1bdd52c3c7dc1b,0.23496835443037975,63000,174,197862000,/nfs3_ib/nfs-ip34/home/def-ilafores/analysis/MethodsComparison/Feces_RA/preproc/SRR5091586/SRR5091586_unmatched_2.fastq,SRR5091586,32faebbc,279812000,31,DNA,1000,279812,True,0.8384598314332455,0.9543550586160561,0.8964074450246509,0.9543550586160561,False,93,1279081,3080137
85000,0.0003037753920489471,0.0248,0.0002215773447886438,3.668667984573413e-05,1.8225806451612903,1.0,1.6116930944175236,/net/nfs-ip34/jbod2/def-ilafores/ref_dbs/sourmash_db/RefSeq_20250528.k31.sbt.zip,GCF_021497505.1_ASM2149750v1_genomic,e474cc2bd26297aaff44c4ff359951ea,0.034,62000,175,197800000,/nfs3_ib/nfs-ip34/home/def-ilafores/analysis/MethodsComparison/Feces_RA/preproc/SRR5091586/SRR5091586_unmatched_2.fastq,SRR5091586,32faebbc,279812000,31,DNA,1000,279812,True,0.7700766490331592,0.8966611476227784,0.8333688983279688,0.8966611476227784,False,113,1279194,3080137
2056000,0.0073477906594427685,0.0137669119392357,0.00020728203222163453,5.584167197757762e-05,2.9655172413793105,2.0,4.021346134376069,/net/nfs-ip34/jbod2/def-ilafores/ref_dbs/sourmash_db/RefSeq_20250528.k31.sbt.zip,GCF_025151715.1_ASM2515171v1_genomic,9078f78f3ee2e2a4ff118532503c417a,0.4880132921908379,58000,176,197742000,/nfs3_ib/nfs-ip34/home/def-ilafores/analysis/MethodsComparison/Feces_RA/preproc/SRR5091586/SRR5091586_unmatched_2.fastq,SRR5091586,32faebbc,279812000,31,DNA,1000,279812,True,0.8534269390582384,0.9771233871237229,0.9152751630909807,0.9771233871237229,False,172,1279366,3080137
365000,0.0013044472717395966,0.03130148270181219,0.0002037082040798822,4.1231932216002084e-05,2.2280701754385963,1.0,1.7968544040799115,/net/nfs-ip34/jbod2/def-ilafores/ref_dbs/sourmash_db/RefSeq_20250528.k31.sbt.zip,GCF_014931355.1_ASM1493135v1_genomic,3658709df96fdf4eca2adf0836ef0f68,0.20043931905546403,57000,177,197685000,/nfs3_ib/nfs-ip34/home/def-ilafores/analysis/MethodsComparison/Feces_RA/preproc/SRR5091586/SRR5091586_unmatched_2.fastq,SRR5091586,32faebbc,279812000,31,DNA,1000,279812,True,0.8071406920844428,0.9494745318258402,0.8783076119551415,0.9494745318258402,False,127,1279493,3080137
776000,0.0027732906379998,0.011450381679389313,0.0002037082040798822,3.0193462173922784e-05,1.631578947368421,1.0,2.6532441509346754,/net/nfs-ip34/jbod2/def-ilafores/ref_dbs/sourmash_db/RefSeq_20250528.k31.sbt.zip,GCF_020091545.1_ASM2009154v1_genomic,cbccf2735894b89c5383dfa9cc789cf8,0.15588589795098434,57000,178,197628000,/nfs3_ib/nfs-ip34/home/def-ilafores/analysis/MethodsComparison/Feces_RA/preproc/SRR5091586/SRR5091586_unmatched_2.fastq,SRR5091586,32faebbc,279812000,31,DNA,1000,279812,True,0.827019938805505,0.9418061251714281,0.8844130319884665,0.9418061251714281,False,93,1279586,3080137
1067000,0.003813274627249725,0.02000714540907467,0.0002001343759381299,6.330887230016068e-05,3.482142857142857,2.0,3.13386497696974,/net/nfs-ip34/jbod2/def-ilafores/ref_dbs/sourmash_db/RefSeq_20250528.k31.sbt.zip,GCF_023347535.1_ASM2334753v1_genomic,1a6ea346590b713f033b7fae8ab21643,0.38120757413361916,56000,179,197572000,/nfs3_ib/nfs-ip34/home/def-ilafores/analysis/MethodsComparison/Feces_RA/preproc/SRR5091586/SRR5091586_unmatched_2.fastq,SRR5091586,32faebbc,279812000,31,DNA,1000,279812,True,0.8355594542086405,0.9693688979092006,0.9024641760589205,0.9693688979092006,False,195,1279781,3080137
425000,0.0015188769602447357,0.023148148148148147,0.00019656054779637757,2.792083598878881e-05,1.5636363636363637,1.0,0.7327069701676322,/net/nfs-ip34/jbod2/def-ilafores/ref_dbs/sourmash_db/RefSeq_20250528.k31.sbt.zip,GCF_020353915.1_ASM2035391v1_genomic,8d51fcad0509df3b5fdb0a8b3c568e4c,0.17887205387205388,55000,180,197517000,/nfs3_ib/nfs-ip34/home/def-ilafores/analysis/MethodsComparison/Feces_RA/preproc/SRR5091586/SRR5091586_unmatched_2.fastq,SRR5091586,32faebbc,279812000,31,DNA,1000,279812,True,0.8111130223394888,0.9459941865817589,0.8785536044606239,0.9459941865817589,False,86,1279867,3080137
615000,0.0021979043071776766,0.008180871634686896,0.00019656054779637757,6.0711585231436136e-05,3.4,1.0,10.584036006260476,/net/nfs-ip34/jbod2/def-ilafores/ref_dbs/sourmash_db/RefSeq_20250528.k31.sbt.zip,GCF_014334015.1_ASM1433401v1_genomic,32a90d9faa0865b9d4716569d60e47de,0.09147701918786257,55000,181,197462000,/nfs3_ib/nfs-ip34/home/def-ilafores/analysis/MethodsComparison/Feces_RA/preproc/SRR5091586/SRR5091586_unmatched_2.fastq,SRR5091586,32faebbc,279812000,31,DNA,1000,279812,True,0.8208396901152826,0.9257504581023748,0.8732950741088287,0.9257504581023748,False,187,1280054,3080137
222000,0.0007933898474690149,0.01011029411764706,0.00019656054779637757,3.6037358078553e-05,2.018181818181818,1.0,1.5549441275072946,/net/nfs-ip34/jbod2/def-ilafores/ref_dbs/sourmash_db/RefSeq_20250528.k31.sbt.zip,GCF_031172035.1_ASM3117203v1_genomic,d37848e0abc0eaa6dbc2ce09b1d4cada,0.040808823529411765,55000,182,197407000,/nfs3_ib/nfs-ip34/home/def-ilafores/analysis/MethodsComparison/Feces_RA/preproc/SRR5091586/SRR5091586_unmatched_2.fastq,SRR5091586,32faebbc,279812000,31,DNA,1000,279812,True,0.7942979468508155,0.9019565470083495,0.8481272469295824,0.9019565470083495,False,111,1280165,3080137
664000,0.00237302188612354,0.011984021304926764,0.00019298671965462525,2.8570157755969945e-05,1.6296296296296295,1.0,1.1433591881802319,/net/nfs-ip34/jbod2/def-ilafores/ref_dbs/sourmash_db/RefSeq_20250528.k31.sbt.zip,GCF_020091365.1_ASM2009136v1_genomic,ef23ca7c0c2ee8ae3e8a4537f4cacf2d,0.1473590767865069,54000,183,197353000,/nfs3_ib/nfs-ip34/home/def-ilafores/analysis/MethodsComparison/Feces_RA/preproc/SRR5091586/SRR5091586_unmatched_2.fastq,SRR5091586,32faebbc,279812000,31,DNA,1000,279812,True,0.8228720559820881,0.9400986913456484,0.8814853736638683,0.9400986913456484,False,88,1280253,3080137
747000,0.0026696496218889827,0.01510912143256855,0.00019298671965462525,3.668667984573413e-05,2.0925925925925926,2.0,1.4307278453124963,/net/nfs-ip34/jbod2/def-ilafores/ref_dbs/sourmash_db/RefSeq_20250528.k31.sbt.zip,GCF_000209835.1_ASM20983v1_genomic,ab50710d4b2685ccaecb7b36ef7d16eb,0.20900951315053162,54000,184,197299000,/nfs3_ib/nfs-ip34/home/def-ilafores/analysis/MethodsComparison/Feces_RA/preproc/SRR5091586/SRR5091586_unmatched_2.fastq,SRR5091586,32faebbc,279812000,31,DNA,1000,279812,True,0.8260044664434184,0.9507577467057644,0.8883811065745915,0.9507577467057644,False,113,1280366,3080137
361000,0.0012901519591725873,0.016139044072004966,0.00018583906337112061,2.792083598878881e-05,1.6538461538461537,1.0,1.2071042174211704,/net/nfs-ip34/jbod2/def-ilafores/ref_dbs/sourmash_db/RefSeq_20250528.k31.sbt.zip,GCF_006542665.1_Acom_1.0_genomic,56a187d0b325a22e72d7369e11bd76b9,0.11204220980757294,52000,185,197247000,/nfs3_ib/nfs-ip34/home/def-ilafores/analysis/MethodsComparison/Feces_RA/preproc/SRR5091586/SRR5091586_unmatched_2.fastq,SRR5091586,32faebbc,279812000,31,DNA,1000,279812,True,0.8068538333196225,0.9318261467403232,0.8693399900299728,0.9318261467403232,False,86,1280452,3080137
90000,0.00032164453275770877,0.008448415922014622,0.00018583906337112061,4.61018454698606e-05,2.730769230769231,1.0,7.29888132791959,/net/nfs-ip34/jbod2/def-ilafores/ref_dbs/sourmash_db/RefSeq_20250528.k31.sbt.zip,GCF_025149125.1_ASM2514912v1_genomic,ee57b146d808065c374f21482d0a5cda,0.01462225832656377,52000,186,197195000,/nfs3_ib/nfs-ip34/home/def-ilafores/analysis/MethodsComparison/Feces_RA/preproc/SRR5091586/SRR5091586_unmatched_2.fastq,SRR5091586,32faebbc,279812000,31,DNA,1000,279812,True,0.7714978414158526,0.8725833419092694,0.822040591662561,0.8725833419092694,False,142,1280594,3080137
592000,0.002115706259917373,0.02054794520547945,0.0001822652352293683,4.382921928472662e-05,2.6470588235294117,2.0,1.866353574006399,/net/nfs-ip34/jbod2/def-ilafores/ref_dbs/sourmash_db/RefSeq_20250528.k31.sbt.zip,GCF_042851345.1_ASM4285134v1_genomic,f81cc3ef25c95cbc9b1785d595b1acfe,0.23851732473811443,51000,187,197144000,/nfs3_ib/nfs-ip34/home/def-ilafores/analysis/MethodsComparison/Feces_RA/preproc/SRR5091586/SRR5091586_unmatched_2.fastq,SRR5091586,32faebbc,279812000,31,DNA,1000,279812,True,0.819831057920111,0.954816681091866,0.8873238695059885,0.954816681091866,False,135,1280729,3080137
51000,0.0001822652352293683,0.0176678445229682,0.00017869140708761598,2.662219245442654e-05,1.64,1.0,1.0910545357588686,/net/nfs-ip34/jbod2/def-ilafores/ref_dbs/sourmash_db/RefSeq_20250528.k31.sbt.zip,GCF_000478885.1_ASM47888v1_genomic,02b170c1c65259d332d2411d92d0f08f,0.01802120141342756,50000,188,197094000,/nfs3_ib/nfs-ip34/home/def-ilafores/analysis/MethodsComparison/Feces_RA/preproc/SRR5091586/SRR5091586_unmatched_2.fastq,SRR5091586,32faebbc,279812000,31,DNA,1000,279812,True,0.7574911151687009,0.8784862318617439,0.8179886735152224,0.8784862318617439,False,82,1280811,3080137
