intersect_bp,f_orig_query,f_match,f_unique_to_query,f_unique_weighted,average_abund,median_abund,std_abund,filename,name,md5,f_match_orig,unique_intersect_bp,gather_result_rank,remaining_bp,query_filename,query_name,query_md5,query_bp,ksize,moltype,scaled,query_n_hashes,query_abundance,query_containment_ani,match_containment_ani,average_containment_ani,max_containment_ani,potential_false_negative,n_unique_weighted_found,sum_weighted_found,total_weighted_hashes
5996000,0.008493555465211978,0.8511000709723208,0.008493555465211978,0.08482148255474152,91.2496664442962,82.0,111.23491663745567,/net/nfs-ip34/jbod2/def-ilafores/ref_dbs/sourmash_db/RefSeq_20250528.k31.sbt.zip,GCF_018292125.1_ASM1829212v1_genomic,db815f18771b0ea0ac3270b94c8884ba,0.8511000709723208,5996000,0,699951000,/nfs3_ib/nfs-ip34/home/def-ilafores/analysis/MethodsComparison/Feces_RA/preproc/SRR5091464/SRR5091464_unmatched_2.fastq,SRR5091464,590323ac,705947000,31,DNA,1000,705947,True,0.8574255809314192,0.9948126761923386,0.9261191285618788,0.9948126761923386,False,547133,547133,6450406
5920000,0.00838589865811456,0.9080174021131138,0.008278241851017144,0.010183079948766015,11.239733059548255,8.0,26.474760150915888,/net/nfs-ip34/jbod2/def-ilafores/ref_dbs/sourmash_db/RefSeq_20250528.k31.sbt.zip,GCF_025914235.1_ASM2591423v1_genomic,f6f911c2e62fcfbdae29dcedc2721dc7,0.9198259788688626,5844000,1,694107000,/nfs3_ib/nfs-ip34/home/def-ilafores/analysis/MethodsComparison/Feces_RA/preproc/SRR5091464/SRR5091464_unmatched_2.fastq,SRR5091464,590323ac,705947000,31,DNA,1000,705947,True,0.8570728330822194,0.9973077988704739,0.9271903159763466,0.9973077988704739,False,65685,612818,6450406
5164000,0.007314996734882364,0.7058329836340747,0.00714784537649427,0.021416946468175803,27.37772493063813,17.0,25.668316588216108,/net/nfs-ip34/jbod2/def-ilafores/ref_dbs/sourmash_db/RefSeq_20250528.k31.sbt.zip,GCF_918258265.1_BOVAC1_genomic,d7ca7470d77ebe0344d62e56d1ab47e0,0.722338788641768,5046000,2,689061000,/nfs3_ib/nfs-ip34/home/def-ilafores/analysis/MethodsComparison/Feces_RA/preproc/SRR5091464/SRR5091464_unmatched_2.fastq,SRR5091464,590323ac,705947000,31,DNA,1000,705947,True,0.8533038042334301,0.9895625613061022,0.9214331827697662,0.9895625613061022,False,138148,750966,6450406
4595000,0.006508987218587231,0.8511680482290882,0.006399913874554322,0.01383695847982282,19.755201416555998,14.0,61.82045582905798,/net/nfs-ip34/jbod2/def-ilafores/ref_dbs/sourmash_db/RefSeq_20250528.k31.sbt.zip,GCF_024759485.1_ASM2475948v1_genomic,9da38a9733af7807a37d2b3cea1d9a69,0.8656744536548606,4518000,3,684543000,/nfs3_ib/nfs-ip34/home/def-ilafores/analysis/MethodsComparison/Feces_RA/preproc/SRR5091464/SRR5091464_unmatched_2.fastq,SRR5091464,590323ac,705947000,31,DNA,1000,705947,True,0.8500963956406097,0.9953577005289176,0.9227270480847636,0.9953577005289176,False,89254,840220,6450406
4524000,0.006408413096167276,0.7763455843929629,0.0063135051214892905,0.047133932344723725,68.21471842046219,18.0,91.94364429084605,/net/nfs-ip34/jbod2/def-ilafores/ref_dbs/sourmash_db/RefSeq_20250528.k31.sbt.zip,GCF_018292105.1_ASM1829210v1_genomic,833ce107256231b46fdcaa8f4db23439,0.7880160250827382,4457000,4,680086000,/nfs3_ib/nfs-ip34/home/def-ilafores/analysis/MethodsComparison/Feces_RA/preproc/SRR5091464/SRR5091464_unmatched_2.fastq,SRR5091464,590323ac,705947000,31,DNA,1000,705947,True,0.8496694748442586,0.9923443947981869,0.9210069348212228,0.9923443947981869,False,304033,1144253,6450406
3904000,0.005530160196162035,0.721837754709727,0.005319096192773679,0.002572241189159256,4.418641810918775,4.0,7.527241163941983,/net/nfs-ip34/jbod2/def-ilafores/ref_dbs/sourmash_db/RefSeq_20250528.k31.sbt.zip,GCF_000009925.1_ASM992v1_genomic,3ba9cc1340929d2a88c43dee38483400,0.750480584390619,3755000,5,676331000,/nfs3_ib/nfs-ip34/home/def-ilafores/analysis/MethodsComparison/Feces_RA/preproc/SRR5091464/SRR5091464_unmatched_2.fastq,SRR5091464,590323ac,705947000,31,DNA,1000,705947,True,0.8456391626042715,0.9907833330911333,0.9182112478477025,0.9907833330911333,False,16592,1160845,6450406
3673000,0.005202940164063308,0.7659713168187744,0.004993292697610444,0.06700989054022335,122.62156028368794,123.0,64.11507642135248,/net/nfs-ip34/jbod2/def-ilafores/ref_dbs/sourmash_db/RefSeq_20250528.k31.sbt.zip,GCF_044361425.1_ASM4436142v1_genomic,3fefc7b82ec3714f447cba888f85e7ce,0.7981312472837897,3525000,6,672806000,/nfs3_ib/nfs-ip34/home/def-ilafores/analysis/MethodsComparison/Feces_RA/preproc/SRR5091464/SRR5091464_unmatched_2.fastq,SRR5091464,590323ac,705947000,31,DNA,1000,705947,True,0.8439769923006466,0.9927527686016625,0.9183648804511546,0.9927527686016625,False,432241,1593086,6450406
3138000,0.004445092903574914,0.7130197682344922,0.004445092903574914,0.002415351839868684,4.964945825366476,4.0,8.097008709694355,/net/nfs-ip34/jbod2/def-ilafores/ref_dbs/sourmash_db/RefSeq_20250528.k31.sbt.zip,GCF_900683755.1_ASM90068375v1_genomic,8e291018769da4b390c897ca0d5c97dc,0.7130197682344922,3138000,7,669668000,/nfs3_ib/nfs-ip34/home/def-ilafores/analysis/MethodsComparison/Feces_RA/preproc/SRR5091464/SRR5091464_unmatched_2.fastq,SRR5091464,590323ac,705947000,31,DNA,1000,705947,True,0.8397020016854295,0.9891481452571356,0.9144250734712825,0.9891481452571356,False,15580,1608666,6450406
3042000,0.004309105357767651,0.8306629834254143,0.00425952656502542,0.0056779371717067114,12.179913535084802,11.0,16.896461502322737,/net/nfs-ip34/jbod2/def-ilafores/ref_dbs/sourmash_db/RefSeq_20250528.k31.sbt.zip,GCF_005121165.3_ASM512116v3_genomic,74059216b7cd65a7ff314267c1b83b8e,0.8403314917127072,3007000,8,666661000,/nfs3_ib/nfs-ip34/home/def-ilafores/analysis/MethodsComparison/Feces_RA/preproc/SRR5091464/SRR5091464_unmatched_2.fastq,SRR5091464,590323ac,705947000,31,DNA,1000,705947,True,0.838860812730396,0.9944041402524947,0.9166324764914453,0.9944041402524947,False,36625,1645291,6450406
3241000,0.004590996207930624,0.010197318105338296,0.004249610806476974,0.003715270015561811,7.988333333333333,1.0,47.513831641136065,/net/nfs-ip34/jbod2/def-ilafores/ref_dbs/sourmash_db/RefSeq_20250528.k31.sbt.zip,plasmid.5.1.genomic,0f0c4d9f3e14a466d58e8f18d86b27e8,0.011016502659800472,3000000,9,663661000,/nfs3_ib/nfs-ip34/home/def-ilafores/analysis/MethodsComparison/Feces_RA/preproc/SRR5091464/SRR5091464_unmatched_2.fastq,SRR5091464,590323ac,705947000,31,DNA,1000,705947,True,0.8405772718133253,0.8646495519411137,0.8526134118772195,0.8646495519411137,False,23965,1669256,6450406
2924000,0.004141953999379557,0.687618595825427,0.004106540575992248,0.0064318432049083425,14.31114177302518,10.0,22.213748466780785,/net/nfs-ip34/jbod2/def-ilafores/ref_dbs/sourmash_db/RefSeq_20250528.k31.sbt.zip,GCF_900537995.1_Roseburia_intestinalis_strain_L1-82_genomic,e869cf0b15c41500b90acfad5f73aa6d,0.6935483870967742,2899000,10,660762000,/nfs3_ib/nfs-ip34/home/def-ilafores/analysis/MethodsComparison/Feces_RA/preproc/SRR5091464/SRR5091464_unmatched_2.fastq,SRR5091464,590323ac,705947000,31,DNA,1000,705947,True,0.8377909291771286,0.988265066515739,0.9130279978464337,0.988265066515739,False,41488,1710744,6450406
2903000,0.004112206723734218,0.6244343891402715,0.004105124039056756,0.001835078288095354,4.084541062801932,2.0,12.698911331802389,/net/nfs-ip34/jbod2/def-ilafores/ref_dbs/sourmash_db/RefSeq_20250528.k31.sbt.zip,GCF_025148635.1_ASM2514863v1_genomic,d4b0f7a75de0de86779fc9973ed01479,0.625511743158802,2898000,11,657864000,/nfs3_ib/nfs-ip34/home/def-ilafores/analysis/MethodsComparison/Feces_RA/preproc/SRR5091464/SRR5091464_unmatched_2.fastq,SRR5091464,590323ac,705947000,31,DNA,1000,705947,True,0.8375961557865795,0.9849789529003994,0.9112875543434895,0.9849789529003994,False,11837,1722581,6450406
4388000,0.00621576407294032,0.43837753510140404,0.003980468788733432,0.018268307452275097,41.935231316725975,46.0,28.85177614138043,/net/nfs-ip34/jbod2/def-ilafores/ref_dbs/sourmash_db/RefSeq_20250528.k31.sbt.zip,GCF_024758345.1_ASM2475834v1_genomic,183a75b530ce328e418f91cd67bce618,0.6845553822152887,2810000,12,655054000,/nfs3_ib/nfs-ip34/home/def-ilafores/analysis/MethodsComparison/Feces_RA/preproc/SRR5091464/SRR5091464_unmatched_2.fastq,SRR5091464,590323ac,705947000,31,DNA,1000,705947,True,0.8488332906083337,0.9878490798590958,0.9183411852337147,0.9878490798590958,False,117838,1840419,6450406
2787000,0.003947888439217108,0.8462255358807083,0.003858646612281092,0.0746828959293415,176.84838472834068,177.0,67.03286278156354,/net/nfs-ip34/jbod2/def-ilafores/ref_dbs/sourmash_db/RefSeq_20250528.k31.sbt.zip,GCF_006542725.1_Aond_3.0_genomic,7fbb97287421b4f5df527beb1443bd37,0.8657968313140727,2724000,13,652330000,/nfs3_ib/nfs-ip34/home/def-ilafores/analysis/MethodsComparison/Feces_RA/preproc/SRR5091464/SRR5091464_unmatched_2.fastq,SRR5091464,590323ac,705947000,31,DNA,1000,705947,True,0.8364950646607563,0.9953622392690928,0.9159286519649246,0.9953622392690928,False,481735,2322154,6450406
2786000,0.003946471902281616,0.6245412844036697,0.0038572300753455997,0.0036704666341932585,8.694821887623943,3.0,26.164423995045524,/net/nfs-ip34/jbod2/def-ilafores/ref_dbs/sourmash_db/RefSeq_20250528.k31.sbt.zip,GCF_042847785.1_ASM4284778v1_genomic,88019d6ddc2b537fe7ac87c23df45062,0.6389908256880734,2723000,14,649607000,/nfs3_ib/nfs-ip34/home/def-ilafores/analysis/MethodsComparison/Feces_RA/preproc/SRR5091464/SRR5091464_unmatched_2.fastq,SRR5091464,590323ac,705947000,31,DNA,1000,705947,True,0.8364853809873796,0.9856565970115903,0.9110709889994849,0.9856565970115903,False,23676,2345830,6450406
4162000,0.005895626725519055,0.5367524916943521,0.003661747978247659,0.04690634977085163,117.04642166344294,122.0,61.35028774459369,/net/nfs-ip34/jbod2/def-ilafores/ref_dbs/sourmash_db/RefSeq_20250528.k31.sbt.zip,GCF_020885775.1_ASM2088577v1_genomic,3e8e6512d8fba7f340a66394caebf5dc,0.864202657807309,2585000,15,647022000,/nfs3_ib/nfs-ip34/home/def-ilafores/analysis/MethodsComparison/Feces_RA/preproc/SRR5091464/SRR5091464_unmatched_2.fastq,SRR5091464,590323ac,705947000,31,DNA,1000,705947,True,0.8473866393025442,0.9953030659011125,0.9213448526018284,0.9953030659011125,False,302565,2648395,6450406
2580000,0.0036546652935701973,0.771223470661673,0.0035002627676015336,0.006253559853441783,16.324564953460136,13.0,19.3342837490495,/net/nfs-ip34/jbod2/def-ilafores/ref_dbs/sourmash_db/RefSeq_20250528.k31.sbt.zip,GCF_006542745.1_6CPBBH3_genomic,fd3fc44b40474382e7e9ffb3487da7b2,0.8052434456928839,2471000,16,644551000,/nfs3_ib/nfs-ip34/home/def-ilafores/analysis/MethodsComparison/Feces_RA/preproc/SRR5091464/SRR5091464_unmatched_2.fastq,SRR5091464,590323ac,705947000,31,DNA,1000,705947,True,0.8344151503987044,0.9930369157101678,0.9137260330544361,0.9930369157101678,False,40338,2688733,6450406
2482000,0.0035158446738919494,0.6777332570120206,0.0033543594632458244,0.004350268804785311,11.85008445945946,7.0,18.90293239244661,/net/nfs-ip34/jbod2/def-ilafores/ref_dbs/sourmash_db/RefSeq_20250528.k31.sbt.zip,GCF_014337175.1_ASM1433717v1_genomic,a712134ff5fdebda1dc08f01019daf8a,0.7103606182026331,2368000,17,642183000,/nfs3_ib/nfs-ip34/home/def-ilafores/analysis/MethodsComparison/Feces_RA/preproc/SRR5091464/SRR5091464_unmatched_2.fastq,SRR5091464,590323ac,705947000,31,DNA,1000,705947,True,0.8333734628893497,0.9890289316469534,0.9112011972681515,0.9890289316469534,False,28061,2716794,6450406
3018000,0.004275108471315835,0.5300067430883345,0.003340194093890901,0.0050478993105240195,13.808736217133164,11.0,28.842063130302456,/net/nfs-ip34/jbod2/def-ilafores/ref_dbs/sourmash_db/RefSeq_20250528.k31.sbt.zip,GCF_963360665.1_BFTSDC17_v2_genomic,f0ce3f7b0d131daf996251931d5e8c91,0.6783546864463924,2358000,18,639825000,/nfs3_ib/nfs-ip34/home/def-ilafores/analysis/MethodsComparison/Feces_RA/preproc/SRR5091464/SRR5091464_unmatched_2.fastq,SRR5091464,590323ac,705947000,31,DNA,1000,705947,True,0.8386465021489518,0.9875591643923847,0.9131028332706682,0.9875591643923847,False,32561,2749355,6450406
2335000,0.0033076137443745776,0.7907458563535912,0.0032438695822774232,0.02199954545496826,61.967685589519654,59.0,54.33185113247966,/net/nfs-ip34/jbod2/def-ilafores/ref_dbs/sourmash_db/RefSeq_20250528.k31.sbt.zip,GCF_036632915.2_ASM3663291v2_genomic,1be8a5fa3d48a02ef6804d87b6dc2cbb,0.8062845303867403,2290000,19,637535000,/nfs3_ib/nfs-ip34/home/def-ilafores/analysis/MethodsComparison/Feces_RA/preproc/SRR5091464/SRR5091464_unmatched_2.fastq,SRR5091464,590323ac,705947000,31,DNA,1000,705947,True,0.8317337948199864,0.9930783052900765,0.9124060500550315,0.9930783052900765,False,141906,2891261,6450406
2216000,0.003139045849050991,0.6732522796352584,0.0031376293121154987,0.0008833552492664802,2.5724604966139957,2.0,1.66169432560119,/net/nfs-ip34/jbod2/def-ilafores/ref_dbs/sourmash_db/RefSeq_20250528.k31.sbt.zip,GCF_021378685.1_ASM2137868v1_genomic,c83ab87d48343a7fd9339d450bece59c,0.6735562310030395,2215000,20,635320000,/nfs3_ib/nfs-ip34/home/def-ilafores/analysis/MethodsComparison/Feces_RA/preproc/SRR5091464/SRR5091464_unmatched_2.fastq,SRR5091464,590323ac,705947000,31,DNA,1000,705947,True,0.8303315448792571,0.9873330454653647,0.9088322951723109,0.9873330454653647,False,5698,2896959,6450406
2234000,0.003164543513889853,0.512748538011696,0.0031050489625991753,0.0009410260377408802,2.769160583941606,2.0,7.948545615241223,/net/nfs-ip34/jbod2/def-ilafores/ref_dbs/sourmash_db/RefSeq_20250528.k31.sbt.zip,GCF_900187175.1_51342_A02_genomic,ebb5322e84d5def69ea51d3ef551ea04,0.5225730994152047,2192000,21,633128000,/nfs3_ib/nfs-ip34/home/def-ilafores/analysis/MethodsComparison/Feces_RA/preproc/SRR5091464/SRR5091464_unmatched_2.fastq,SRR5091464,590323ac,705947000,31,DNA,1000,705947,True,0.830548261076334,0.9792824452310823,0.9049153531537082,0.9792824452310823,False,6070,2903029,6450406
2296000,0.003252368803890377,0.6461446503287508,0.0030625528545344055,0.006797091531912875,20.279370952821463,18.0,17.208914658690976,/net/nfs-ip34/jbod2/def-ilafores/ref_dbs/sourmash_db/RefSeq_20250528.k31.sbt.zip,GCF_045061065.1_ASM4506106v1_genomic,af810c6e00a2b94057226e642af6e200,0.6861924686192469,2162000,22,630966000,/nfs3_ib/nfs-ip34/home/def-ilafores/analysis/MethodsComparison/Feces_RA/preproc/SRR5091464/SRR5091464_unmatched_2.fastq,SRR5091464,590323ac,705947000,31,DNA,1000,705947,True,0.831282006743815,0.987925198297098,0.9096036025204566,0.987925198297098,False,43844,2946873,6450406
2227000,0.0031546277553414067,0.5685375067458176,0.0029846433230823277,0.001799266588800767,5.5083056478405314,3.0,10.269519473148664,/net/nfs-ip34/jbod2/def-ilafores/ref_dbs/sourmash_db/RefSeq_20250528.k31.sbt.zip,GCF_020735365.1_ASM2073536v1_genomic,cc558956f3e16df0c5e2090af905f606,0.6009174311926605,2107000,23,628859000,/nfs3_ib/nfs-ip34/home/def-ilafores/analysis/MethodsComparison/Feces_RA/preproc/SRR5091464/SRR5091464_unmatched_2.fastq,SRR5091464,590323ac,705947000,31,DNA,1000,705947,True,0.8304641840456606,0.9837052599778546,0.9070847220117576,0.9837052599778546,False,11606,2958479,6450406
2206000,0.003124880479696068,0.56,0.002835906944855634,0.0012543396493181979,4.0414585414585416,3.0,6.4689205079357315,/net/nfs-ip34/jbod2/def-ilafores/ref_dbs/sourmash_db/RefSeq_20250528.k31.sbt.zip,GCF_025147765.1_ASM2514776v1_genomic,6fb5d9fae55cc8ecb2a67f82352fb7a7,0.617062937062937,2002000,24,626857000,/nfs3_ib/nfs-ip34/home/def-ilafores/analysis/MethodsComparison/Feces_RA/preproc/SRR5091464/SRR5091464_unmatched_2.fastq,SRR5091464,590323ac,705947000,31,DNA,1000,705947,True,0.8302104097351566,0.9845469570911128,0.9073786834131348,0.9845469570911128,False,8091,2966570,6450406
2043000,0.002893984959210819,0.5994458128078818,0.0027579974134035556,0.0010848929509243294,3.594247560349255,3.0,3.4251446100465337,/net/nfs-ip34/jbod2/def-ilafores/ref_dbs/sourmash_db/RefSeq_20250528.k31.sbt.zip,GCF_018140635.1_ASM1814063v1_genomic,03d45a9b9bd5d52d6fdc9c5ba2260f24,0.6290024630541872,1947000,25,624910000,/nfs3_ib/nfs-ip34/home/def-ilafores/analysis/MethodsComparison/Feces_RA/preproc/SRR5091464/SRR5091464_unmatched_2.fastq,SRR5091464,590323ac,705947000,31,DNA,1000,705947,True,0.8281572017595548,0.9851557905660417,0.9066564961627983,0.9851557905660417,False,6998,2973568,6450406
1892000,0.002680087881951478,0.8198784722222222,0.002675838271145001,0.0013041039587275592,4.453149814716781,4.0,3.784990540620935,/net/nfs-ip34/jbod2/def-ilafores/ref_dbs/sourmash_db/RefSeq_20250528.k31.sbt.zip,GCF_005406285.1_ASM540628v1_genomic,85070a922427c1e42d773e75b3229881,0.8211805555555556,1889000,26,623021000,/nfs3_ib/nfs-ip34/home/def-ilafores/analysis/MethodsComparison/Feces_RA/preproc/SRR5091464/SRR5091464_unmatched_2.fastq,SRR5091464,590323ac,705947000,31,DNA,1000,705947,True,0.8261084522880527,0.9936649172037195,0.9098866847458862,0.9936649172037195,False,8412,2981980,6450406
1970000,0.0027905777629198794,0.6338472319551507,0.002562515316305615,0.001213877079985353,4.3283582089552235,2.0,15.087746946384037,/net/nfs-ip34/jbod2/def-ilafores/ref_dbs/sourmash_db/RefSeq_20250528.k31.sbt.zip,GCF_044591705.1_ASM4459170v1_genomic,534586fd213cdbccf2580b51187bb263,0.6902592852137351,1809000,27,621212000,/nfs3_ib/nfs-ip34/home/def-ilafores/analysis/MethodsComparison/Feces_RA/preproc/SRR5091464/SRR5091464_unmatched_2.fastq,SRR5091464,590323ac,705947000,31,DNA,1000,705947,True,0.8271857352181206,0.9881135322468887,0.9076496337325046,0.9881135322468887,False,7830,2989810,6450406
1799000,0.0025483499469506916,0.7331701346389229,0.0025455168730797073,0.0018463954051884486,6.62771285475793,5.0,6.486231292728268,/net/nfs-ip34/jbod2/def-ilafores/ref_dbs/sourmash_db/RefSeq_20250528.k31.sbt.zip,GCF_010669225.1_ASM1066922v1_genomic,274d37fe38c89456352e287313491fb8,0.7339861281109751,1797000,28,619415000,/nfs3_ib/nfs-ip34/home/def-ilafores/analysis/MethodsComparison/Feces_RA/preproc/SRR5091464/SRR5091464_unmatched_2.fastq,SRR5091464,590323ac,705947000,31,DNA,1000,705947,True,0.8247663575138682,0.9900733030124491,0.9074198302631586,0.9900733030124491,False,11910,3001720,6450406
1733000,0.0024548585092081985,0.5149075730471079,0.0024463592875952444,0.0032639805928495044,12.19108280254777,12.0,5.932594872364521,/net/nfs-ip34/jbod2/def-ilafores/ref_dbs/sourmash_db/RefSeq_20250528.k31.sbt.zip,GCF_030296935.1_ASM3029693v1_genomic,291e68c00c79fc78c6a795fcc0b4b014,0.5166964818127608,1727000,29,617688000,/nfs3_ib/nfs-ip34/home/def-ilafores/analysis/MethodsComparison/Feces_RA/preproc/SRR5091464/SRR5091464_unmatched_2.fastq,SRR5091464,590323ac,705947000,31,DNA,1000,705947,True,0.8237725294722005,0.9789252539086813,0.9013488916904409,0.9789252539086813,False,21054,3022774,6450406
1783000,0.0025256853559828146,0.677698975571316,0.002436443529046798,0.0019367773129319301,7.263372093023256,7.0,3.8051137899634537,/net/nfs-ip34/jbod2/def-ilafores/ref_dbs/sourmash_db/RefSeq_20250528.k31.sbt.zip,GCF_020541925.1_ASM2054192v1_genomic,5dfb2de1c8a49d9f52117f79b9e8a991,0.702521670606777,1720000,30,615968000,/nfs3_ib/nfs-ip34/home/def-ilafores/analysis/MethodsComparison/Feces_RA/preproc/SRR5091464/SRR5091464_unmatched_2.fastq,SRR5091464,590323ac,705947000,31,DNA,1000,705947,True,0.8245287096293082,0.9886749703250957,0.906601839977202,0.9886749703250957,False,12493,3035267,6450406
1951000,0.002763663561145525,0.5214329454990815,0.0024123624011434287,0.005409116883495395,20.48796241926013,14.0,27.700727451962987,/net/nfs-ip34/jbod2/def-ilafores/ref_dbs/sourmash_db/RefSeq_20250528.k31.sbt.zip,GCF_000210735.1_ASM21073v1_genomic,112a151e28f067050905850dc0b386c2,0.59736680955297,1703000,31,614265000,/nfs3_ib/nfs-ip34/home/def-ilafores/analysis/MethodsComparison/Feces_RA/preproc/SRR5091464/SRR5091464_unmatched_2.fastq,SRR5091464,590323ac,705947000,31,DNA,1000,705947,True,0.8269271738652199,0.9835172254501879,0.9052221996577039,0.9835172254501879,False,34891,3070158,6450406
1779000,0.0025200192082408452,0.3667386609071274,0.002405279716465967,0.0007103428838432806,2.6984687868080095,1.0,8.034510957389289,/net/nfs-ip34/jbod2/def-ilafores/ref_dbs/sourmash_db/RefSeq_20250528.k31.sbt.zip,GCF_023008285.1_ASM2300828v1_genomic,3191b17cd9816a6b0abb68f0b35dbdf7,0.38423326133909286,1698000,32,612567000,/nfs3_ib/nfs-ip34/home/def-ilafores/analysis/MethodsComparison/Feces_RA/preproc/SRR5091464/SRR5091464_unmatched_2.fastq,SRR5091464,590323ac,705947000,31,DNA,1000,705947,True,0.8244689752148879,0.969616142856689,0.8970425590357884,0.969616142856689,False,4582,3074740,6450406
1626000,0.0023032890571105195,0.576253110558123,0.002296206372433058,0.0007760751803839944,3.0882171499074644,3.0,3.4245534431133953,/net/nfs-ip34/jbod2/def-ilafores/ref_dbs/sourmash_db/RefSeq_20250528.k31.sbt.zip,GCF_025144665.1_ASM2514466v1_genomic,b69c557c70b05f221753839e76da2c17,0.5780305723426946,1621000,33,610946000,/nfs3_ib/nfs-ip34/home/def-ilafores/analysis/MethodsComparison/Feces_RA/preproc/SRR5091464/SRR5091464_unmatched_2.fastq,SRR5091464,590323ac,705947000,31,DNA,1000,705947,True,0.822080725662297,0.9824738365007192,0.9022772810815081,0.9824738365007192,False,5006,3079746,6450406
1712000,0.0024251112335628594,0.6301152165276123,0.0022466275796908268,0.0030470950200654034,12.39281210592686,12.0,11.406406190397249,/net/nfs-ip34/jbod2/def-ilafores/ref_dbs/sourmash_db/RefSeq_20250528.k31.sbt.zip,GCF_018408575.1_ASM1840857v1_genomic,be471ee2a9a4d83e479673ce2822bf12,0.6801748112832737,1586000,34,609360000,/nfs3_ib/nfs-ip34/home/def-ilafores/analysis/MethodsComparison/Feces_RA/preproc/SRR5091464/SRR5091464_unmatched_2.fastq,SRR5091464,590323ac,705947000,31,DNA,1000,705947,True,0.8234486185013598,0.9876445299257647,0.9055465742135622,0.9876445299257647,False,19655,3099401,6450406
5528000,0.00783061617940157,0.24393318625906082,0.0021927991761421183,0.0015919928140957329,6.633720930232558,4.0,13.110426442473768,/net/nfs-ip34/jbod2/def-ilafores/ref_dbs/sourmash_db/RefSeq_20250528.k31.sbt.zip,GCF_020091305.1_ASM2009130v1_genomic,6d0ae679c2f742228ffe16430c5e44b3,0.8710999054522534,1548000,35,607812000,/nfs3_ib/nfs-ip34/home/def-ilafores/analysis/MethodsComparison/Feces_RA/preproc/SRR5091464/SRR5091464_unmatched_2.fastq,SRR5091464,590323ac,705947000,31,DNA,1000,705947,True,0.8551807835966351,0.9955583255846815,0.9253695545906583,0.9955583255846815,False,10269,3109670,6450406
1791000,0.0025370176514667533,0.388818618770554,0.0021772172698517026,0.0026007665253939055,10.91476903057905,9.0,10.880430007690341,/net/nfs-ip34/jbod2/def-ilafores/ref_dbs/sourmash_db/RefSeq_20250528.k31.sbt.zip,GCF_036419255.1_ASM3641925v1_genomic,cc90865ac4b45b3dd14605490161db88,0.4530736149759676,1537000,36,606275000,/nfs3_ib/nfs-ip34/home/def-ilafores/analysis/MethodsComparison/Feces_RA/preproc/SRR5091464/SRR5091464_unmatched_2.fastq,SRR5091464,590323ac,705947000,31,DNA,1000,705947,True,0.8246477903919126,0.9747846238439126,0.8997162071179126,0.9747846238439126,False,16776,3126446,6450406
1517000,0.002148886531141856,0.519820751465012,0.002136137698722425,0.0004615213367964745,1.9741379310344827,2.0,1.2220323169325555,/net/nfs-ip34/jbod2/def-ilafores/ref_dbs/sourmash_db/RefSeq_20250528.k31.sbt.zip,GCF_025144995.1_ASM2514499v1_genomic,80a0c7df05d28f92f6b93af8a523bc03,0.5229231299551879,1508000,37,604767000,/nfs3_ib/nfs-ip34/home/def-ilafores/analysis/MethodsComparison/Feces_RA/preproc/SRR5091464/SRR5091464_unmatched_2.fastq,SRR5091464,590323ac,705947000,31,DNA,1000,705947,True,0.8202426934011614,0.9793035978645923,0.8997731456328768,0.9793035978645923,False,2977,3129423,6450406
1551000,0.0021970487869485953,0.5129444252675182,0.002104973886141594,0.000647091051322971,2.8088829071332437,2.0,3.720168264333863,/net/nfs-ip34/jbod2/def-ilafores/ref_dbs/sourmash_db/RefSeq_20250528.k31.sbt.zip,GCF_042853905.1_ASM4285390v1_genomic,1e694dab0a72999dda66e4cd13428d21,0.5353814290645496,1486000,38,603281000,/nfs3_ib/nfs-ip34/home/def-ilafores/analysis/MethodsComparison/Feces_RA/preproc/SRR5091464/SRR5091464_unmatched_2.fastq,SRR5091464,590323ac,705947000,31,DNA,1000,705947,True,0.8208293815086731,0.9800476763340371,0.9004385289213551,0.9800476763340371,False,4174,3133597,6450406
1538000,0.002178633806787195,0.4376881396748946,0.0020596447042058397,0.0005706617536942636,2.531636863823934,2.0,5.763808531906551,/net/nfs-ip34/jbod2/def-ilafores/ref_dbs/sourmash_db/RefSeq_20250528.k31.sbt.zip,GCF_018408705.1_ASM1840870v1_genomic,ac6ff4cab85d8673ba368b5f66dcfee5,0.4629741119807345,1454000,39,601827000,/nfs3_ib/nfs-ip34/home/def-ilafores/analysis/MethodsComparison/Feces_RA/preproc/SRR5091464/SRR5091464_unmatched_2.fastq,SRR5091464,590323ac,705947000,31,DNA,1000,705947,True,0.8206065429987943,0.9754645851588108,0.8980355640788026,0.9754645851588108,False,3681,3137278,6450406
1620000,0.002294789835497566,0.4586513994910941,0.002042646260979932,0.0006808873736009795,3.045769764216366,2.0,5.788516250756462,/net/nfs-ip34/jbod2/def-ilafores/ref_dbs/sourmash_db/RefSeq_20250528.k31.sbt.zip,GCF_042854315.1_ASM4285431v1_genomic,8c077732bd97ee96b603cc65c422945d,0.5152671755725191,1442000,40,600385000,/nfs3_ib/nfs-ip34/home/def-ilafores/analysis/MethodsComparison/Feces_RA/preproc/SRR5091464/SRR5091464_unmatched_2.fastq,SRR5091464,590323ac,705947000,31,DNA,1000,705947,True,0.8219826954141574,0.978837783814288,0.9004102396142226,0.978837783814288,False,4392,3141670,6450406
1455000,0.002061061241141332,0.6178010471204188,0.0020058163006571317,0.007309462381127637,33.29731638418079,32.0,13.783736983401297,/net/nfs-ip34/jbod2/def-ilafores/ref_dbs/sourmash_db/RefSeq_20250528.k31.sbt.zip,GCF_023921805.1_ASM2392180v1_genomic,0c9f72c07cb9e22587452a97c47fbca1,0.6348167539267016,1416000,41,598969000,/nfs3_ib/nfs-ip34/home/def-ilafores/analysis/MethodsComparison/Feces_RA/preproc/SRR5091464/SRR5091464_unmatched_2.fastq,SRR5091464,590323ac,705947000,31,DNA,1000,705947,True,0.8191393154460038,0.9854482411775177,0.9022937783117608,0.9854482411775177,False,47149,3188819,6450406
1456000,0.0020624777780768244,0.4701415257162582,0.001929323306140546,0.0006503466603497517,3.080029368575624,2.0,6.2298295255091425,/net/nfs-ip34/jbod2/def-ilafores/ref_dbs/sourmash_db/RefSeq_20250528.k31.sbt.zip,GCF_036419515.1_ASM3641951v1_genomic,6a297f754ff6c4bf21b2d1fd8119290f,0.5025888850535036,1362000,42,597607000,/nfs3_ib/nfs-ip34/home/def-ilafores/analysis/MethodsComparison/Feces_RA/preproc/SRR5091464/SRR5091464_unmatched_2.fastq,SRR5091464,590323ac,705947000,31,DNA,1000,705947,True,0.819157470130127,0.978051460191568,0.8986044651608475,0.978051460191568,False,4195,3193014,6450406
1634000,0.002314621352594458,0.39280491371746123,0.0019024091043661918,0.0007946786605370267,3.8168279970215933,2.0,12.795863874949214,/net/nfs-ip34/jbod2/def-ilafores/ref_dbs/sourmash_db/RefSeq_20250528.k31.sbt.zip,GCF_025149785.1_ASM2514978v1_genomic,8c91537000df08516afde1ea4eac7752,0.4779175197426148,1343000,43,596264000,/nfs3_ib/nfs-ip34/home/def-ilafores/analysis/MethodsComparison/Feces_RA/preproc/SRR5091464/SRR5091464_unmatched_2.fastq,SRR5091464,590323ac,705947000,31,DNA,1000,705947,True,0.8222108895184165,0.9764646977819913,0.8993377936502038,0.9764646977819913,False,5126,3198140,6450406
1431000,0.0020270643546895163,0.43268608414239484,0.001893909882753238,0.00042725992751464016,2.06133133881825,1.0,3.892820888875098,/net/nfs-ip34/jbod2/def-ilafores/ref_dbs/sourmash_db/RefSeq_20250528.k31.sbt.zip,GCF_022453915.1_ASM2245391v1_genomic,54c821fbffdc1aacdf2b93cd12e19242,0.46310679611650485,1337000,44,594927000,/nfs3_ib/nfs-ip34/home/def-ilafores/analysis/MethodsComparison/Feces_RA/preproc/SRR5091464/SRR5091464_unmatched_2.fastq,SRR5091464,590323ac,705947000,31,DNA,1000,705947,True,0.8186999412995377,0.9754736019474125,0.8970867716234752,0.9754736019474125,False,2756,3200896,6450406
1331000,0.001885410661140284,0.43955674949630624,0.0018542468485594527,0.00586211162522173,28.886936592818945,27.0,16.243310114168228,/net/nfs-ip34/jbod2/def-ilafores/ref_dbs/sourmash_db/RefSeq_20250528.k31.sbt.zip,GCF_000723465.1_Rb803_genomic,a0c72778e7e9a92bec9989c7d509e086,0.4469442578912021,1309000,45,593618000,/nfs3_ib/nfs-ip34/home/def-ilafores/analysis/MethodsComparison/Feces_RA/preproc/SRR5091464/SRR5091464_unmatched_2.fastq,SRR5091464,590323ac,705947000,31,DNA,1000,705947,True,0.8167889799046845,0.9743564185135134,0.8955726992090989,0.9743564185135134,False,37813,3238709,6450406
1564000,0.0022154637671099953,0.4214380825565912,0.0017933357603332827,0.01398671649505473,71.26382306477093,73.5,36.98327920607383,/net/nfs-ip34/jbod2/def-ilafores/ref_dbs/sourmash_db/RefSeq_20250528.k31.sbt.zip,GCF_023347355.1_ASM2334735v1_genomic,0b1b8956f9826b69686f1f8520bdfb5e,0.5206391478029294,1266000,46,592352000,/nfs3_ib/nfs-ip34/home/def-ilafores/analysis/MethodsComparison/Feces_RA/preproc/SRR5091464/SRR5091464_unmatched_2.fastq,SRR5091464,590323ac,705947000,31,DNA,1000,705947,True,0.8210504197855547,0.9791653272103513,0.9001078734979531,0.9791653272103513,False,90220,3328929,6450406
1404000,0.0019888178574312236,0.36358118361153263,0.0016970112487198047,0.0010007122032318586,5.388146911519199,3.0,10.371581810595533,/net/nfs-ip34/jbod2/def-ilafores/ref_dbs/sourmash_db/RefSeq_20250528.k31.sbt.zip,GCF_000210035.1_ASM21003v1_genomic,9b031f8e8d6f8498e950d180778cd938,0.42610015174506827,1198000,47,591154000,/nfs3_ib/nfs-ip34/home/def-ilafores/analysis/MethodsComparison/Feces_RA/preproc/SRR5091464/SRR5091464_unmatched_2.fastq,SRR5091464,590323ac,705947000,31,DNA,1000,705947,True,0.8181970391729254,0.9728564534895544,0.89552674633124,0.9728564534895544,False,6455,3335384,6450406
1265000,0.0017919192233977904,0.3940443213296399,0.0016120190325902652,0.0005229128213014809,2.9639718804920916,2.0,5.007860503770032,/net/nfs-ip34/jbod2/def-ilafores/ref_dbs/sourmash_db/RefSeq_20250528.k31.sbt.zip,GCF_025150745.1_ASM2515074v1_genomic,f264b62f2a1798cf106db911e66dcf25,0.43801939058171746,1138000,48,590016000,/nfs3_ib/nfs-ip34/home/def-ilafores/analysis/MethodsComparison/Feces_RA/preproc/SRR5091464/SRR5091464_unmatched_2.fastq,SRR5091464,590323ac,705947000,31,DNA,1000,705947,True,0.815450059332703,0.9737226423083118,0.8945863508205074,0.9737226423083118,False,3373,3338757,6450406
4117000,0.0058318825634219,0.17927660318015026,0.001453366895815125,0.007177377672041109,45.12378167641326,44.0,46.149782414308376,/net/nfs-ip34/jbod2/def-ilafores/ref_dbs/sourmash_db/RefSeq_20250528.k31.sbt.zip,GCF_042850145.1_ASM4285014v1_genomic,6350fb91e771d4a1538082fbe2684b37,0.7193779486283418,1026000,49,588990000,/nfs3_ib/nfs-ip34/home/def-ilafores/analysis/MethodsComparison/Feces_RA/preproc/SRR5091464/SRR5091464_unmatched_2.fastq,SRR5091464,590323ac,705947000,31,DNA,1000,705947,True,0.8470895324449896,0.989431456564629,0.9182604945048094,0.989431456564629,False,46297,3385054,6450406
1056000,0.0014958630038798947,0.1652315190901706,0.001440618063395694,0.0002745563612585006,1.7413962635201574,1.0,2.4617001777827805,/net/nfs-ip34/jbod2/def-ilafores/ref_dbs/sourmash_db/RefSeq_20250528.k31.sbt.zip,GCF_025149125.1_ASM2514912v1_genomic,ee57b146d808065c374f21482d0a5cda,0.17156783103168155,1017000,50,587973000,/nfs3_ib/nfs-ip34/home/def-ilafores/analysis/MethodsComparison/Feces_RA/preproc/SRR5091464/SRR5091464_unmatched_2.fastq,SRR5091464,590323ac,705947000,31,DNA,1000,705947,True,0.8107136365613267,0.9447227691920099,0.8777182028766684,0.9447227691920099,False,1771,3386825,6450406
912000,0.001291881685169,0.32294617563739375,0.001291881685169,0.00024293044499834585,1.718201754385965,1.0,1.1578194544572695,/net/nfs-ip34/jbod2/def-ilafores/ref_dbs/sourmash_db/RefSeq_20250528.k31.sbt.zip,GCF_004015265.1_ASM401526v1_genomic,acd119b1549020c38f58e070cc33b1d7,0.32294617563739375,912000,51,587061000,/nfs3_ib/nfs-ip34/home/def-ilafores/analysis/MethodsComparison/Feces_RA/preproc/SRR5091464/SRR5091464_unmatched_2.fastq,SRR5091464,590323ac,705947000,31,DNA,1000,705947,True,0.806888706217198,0.9641963621359458,0.8855425341765719,0.9641963621359458,False,1567,3388392,6450406
911000,0.0012904651482335077,0.3056021469305602,0.0012904651482335077,0.0011811659607162712,8.363336992316135,7.0,5.843056755276505,/net/nfs-ip34/jbod2/def-ilafores/ref_dbs/sourmash_db/RefSeq_20250528.k31.sbt.zip,GCF_951793255.1_DSM32187_genomic,a5ad7c2533187a7fdaf238ebeb236ee8,0.3056021469305602,911000,52,586150000,/nfs3_ib/nfs-ip34/home/def-ilafores/analysis/MethodsComparison/Feces_RA/preproc/SRR5091464/SRR5091464_unmatched_2.fastq,SRR5091464,590323ac,705947000,31,DNA,1000,705947,True,0.806860150857922,0.9624809489295192,0.8846705498937206,0.9624809489295192,False,7619,3396011,6450406
1120000,0.0015865213677514034,0.2513567552127963,0.0012465525032332456,0.00036261283398285316,2.6579545454545452,1.0,6.297911298613742,/net/nfs-ip34/jbod2/def-ilafores/ref_dbs/sourmash_db/RefSeq_20250528.k31.sbt.zip,GCF_000210555.1_ASM21055v1_genomic,6d00b0a0ca344fdf96ce690671c5fa63,0.319908597543559,880000,53,585270000,/nfs3_ib/nfs-ip34/home/def-ilafores/analysis/MethodsComparison/Feces_RA/preproc/SRR5091464/SRR5091464_unmatched_2.fastq,SRR5091464,590323ac,705947000,31,DNA,1000,705947,True,0.8122538977317842,0.9639024717317254,0.8880781847317548,0.9639024717317254,False,2339,3398350,6450406
1078000,0.0015270268164607258,0.2624390243902439,0.001143145306942306,0.0005260134013269863,4.204460966542751,1.0,19.199379893064677,/net/nfs-ip34/jbod2/def-ilafores/ref_dbs/sourmash_db/RefSeq_20250528.k31.sbt.zip,GCF_042848525.1_ASM4284852v1_genomic,268c95f33661b42130c76be0c47d4640,0.3505691056910569,807000,54,584463000,/nfs3_ib/nfs-ip34/home/def-ilafores/analysis/MethodsComparison/Feces_RA/preproc/SRR5091464/SRR5091464_unmatched_2.fastq,SRR5091464,590323ac,705947000,31,DNA,1000,705947,True,0.8112530526220454,0.9667524441518215,0.8890027483869334,0.9667524441518215,False,3393,3401743,6450406
904000,0.0012805493896850613,0.12484316185696362,0.0011275634006518904,0.00021781574679175233,1.765075376884422,1.0,3.145362122835073,/net/nfs-ip34/jbod2/def-ilafores/ref_dbs/sourmash_db/RefSeq_20250528.k31.sbt.zip,GCF_016889665.1_ASM1688966v1_genomic,93f73424a62c9a7810069426678c2739,0.14178168130489335,796000,55,583667000,/nfs3_ib/nfs-ip34/home/def-ilafores/analysis/MethodsComparison/Feces_RA/preproc/SRR5091464/SRR5091464_unmatched_2.fastq,SRR5091464,590323ac,705947000,31,DNA,1000,705947,True,0.8066594098489834,0.9389293333045382,0.8727943715767608,0.9389293333045382,False,1405,3403148,6450406
1014000,0.0014363684525892171,0.2098800685322673,0.0010411546475868586,0.00047609406291634974,4.178231292517006,1.0,11.299006741048474,/net/nfs-ip34/jbod2/def-ilafores/ref_dbs/sourmash_db/RefSeq_20250528.k31.sbt.zip,GCF_000225345.1_ASM22534v1_genomic,2c4be6d3f461c9f71df87a5d7ae22e2f,0.289548829240434,735000,56,582932000,/nfs3_ib/nfs-ip34/home/def-ilafores/analysis/MethodsComparison/Feces_RA/preproc/SRR5091464/SRR5091464_unmatched_2.fastq,SRR5091464,590323ac,705947000,31,DNA,1000,705947,True,0.8096529426562712,0.9608070642618698,0.8852300034590705,0.9608070642618698,False,3071,3406219,6450406
770000,0.0010907334403290898,0.22623456790123456,0.0010383215737158739,0.00021859089179812868,1.9236016371077762,1.0,6.940570339141862,/net/nfs-ip34/jbod2/def-ilafores/ref_dbs/sourmash_db/RefSeq_20250528.k31.sbt.zip,GCF_041085325.1_ASM4108532v1_genomic,5e83b012f9b56827c1d4b59cdc28942e,0.23765432098765432,733000,57,582199000,/nfs3_ib/nfs-ip34/home/def-ilafores/analysis/MethodsComparison/Feces_RA/preproc/SRR5091464/SRR5091464_unmatched_2.fastq,SRR5091464,590323ac,705947000,31,DNA,1000,705947,True,0.8024953717972605,0.9547050429661221,0.8786002073816913,0.9547050429661221,False,1410,3407629,6450406
1900000,0.0026914201774354165,0.23607336956521738,0.0009844931701671654,0.0018426747091578421,17.102158273381296,11.0,24.79759058737317,/net/nfs-ip34/jbod2/def-ilafores/ref_dbs/sourmash_db/RefSeq_20250528.k31.sbt.zip,GCF_019967975.1_ASM1996797v1_genomic,2c2d74013e8cf3a4113eeeae8dce1511,0.6453804347826086,695000,58,581504000,/nfs3_ib/nfs-ip34/home/def-ilafores/analysis/MethodsComparison/Feces_RA/preproc/SRR5091464/SRR5091464_unmatched_2.fastq,SRR5091464,590323ac,705947000,31,DNA,1000,705947,True,0.8262209017097812,0.9859730075402929,0.906096954625037,0.9859730075402929,False,11886,3419515,6450406
4234000,0.005997617384874502,0.09633794256192069,0.0008980844171021337,0.0017735317745890724,18.04416403785489,13.0,20.245526179747912,/net/nfs-ip34/jbod2/def-ilafores/ref_dbs/sourmash_db/RefSeq_20250528.k31.sbt.zip,GCF_009734165.1_ASM973416v1_genomic,e3fa9c4f076a3f63536cf070ae5e7e25,0.6433672694119434,634000,59,580870000,/nfs3_ib/nfs-ip34/home/def-ilafores/analysis/MethodsComparison/Feces_RA/preproc/SRR5091464/SRR5091464_unmatched_2.fastq,SRR5091464,590323ac,705947000,31,DNA,1000,705947,True,0.8478556046723641,0.9858736448496628,0.9168646247610135,0.9858736448496628,False,11440,3430955,6450406
2244000,0.003178708883244776,0.2067496723460026,0.0008938348062956568,0.0030441494690411734,31.118858954041205,16.0,34.381519507470095,/net/nfs-ip34/jbod2/def-ilafores/ref_dbs/sourmash_db/RefSeq_20250528.k31.sbt.zip,GCF_023347255.1_ASM2334725v1_genomic,58b144de4acaed89ce9d8071641d7213,0.7352555701179554,631000,60,580239000,/nfs3_ib/nfs-ip34/home/def-ilafores/analysis/MethodsComparison/Feces_RA/preproc/SRR5091464/SRR5091464_unmatched_2.fastq,SRR5091464,590323ac,705947000,31,DNA,1000,705947,True,0.8306679299196812,0.9901284939134867,0.9103982119165839,0.9901284939134867,False,19636,3450591,6450406
644000,0.000912249786457057,0.17806267806267806,0.0008853355846827028,0.00023099321190015015,2.384,1.0,17.08743819301185,/net/nfs-ip34/jbod2/def-ilafores/ref_dbs/sourmash_db/RefSeq_20250528.k31.sbt.zip,GCF_019249795.2_P1C_raw_genomic,daced544df689eeedcdbd81decd8f176,0.18347578347578347,625000,61,579614000,/nfs3_ib/nfs-ip34/home/def-ilafores/analysis/MethodsComparison/Feces_RA/preproc/SRR5091464/SRR5091464_unmatched_2.fastq,SRR5091464,590323ac,705947000,31,DNA,1000,705947,True,0.7978828933611302,0.946769973210634,0.8723264332858821,0.946769973210634,False,1490,3452081,6450406
2117000,0.002998808692437251,0.0023892740965557324,0.0008385898658114561,0.0008819599882550029,9.609797297297296,1.0,57.73563444783514,/net/nfs-ip34/jbod2/def-ilafores/ref_dbs/sourmash_db/RefSeq_20250528.k31.sbt.zip,plasmid.1.1.genomic,8051cea624a45a3e4dc84e7fef1c6e83,0.008544076456771089,592000,62,579022000,/nfs3_ib/nfs-ip34/home/def-ilafores/analysis/MethodsComparison/Feces_RA/preproc/SRR5091464/SRR5091464_unmatched_2.fastq,SRR5091464,590323ac,705947000,31,DNA,1000,705947,True,0.8291082762768515,0.8575896286472735,0.8433489524620625,0.8575896286472735,False,5689,3457770,6450406
725000,0.0010269892782319352,0.0841562902533276,0.0008329237180694869,0.0003272662216920919,3.5901360544217686,1.0,10.153098684966047,/net/nfs-ip34/jbod2/def-ilafores/ref_dbs/sourmash_db/RefSeq_20250528.k31.sbt.zip,GCF_042853085.1_ASM4285308v1_genomic,400d90fee346891087f6d66c37bf84f7,0.1037641333905825,588000,63,578434000,/nfs3_ib/nfs-ip34/home/def-ilafores/analysis/MethodsComparison/Feces_RA/preproc/SRR5091464/SRR5091464_unmatched_2.fastq,SRR5091464,590323ac,705947000,31,DNA,1000,705947,True,0.80093800245034,0.9295218202009096,0.8652299113256248,0.9295218202009096,False,2111,3459881,6450406
4208000,0.0059607874245517015,0.113862351335543,0.0008272575703275175,0.007052269268011967,77.89383561643835,79.0,61.734204593522506,/net/nfs-ip34/jbod2/def-ilafores/ref_dbs/sourmash_db/RefSeq_20250528.k31.sbt.zip,GCF_036419465.1_ASM3641946v1_genomic,277623bb21bf8d096347cc62995689ef,0.8204328329108989,584000,64,577850000,/nfs3_ib/nfs-ip34/home/def-ilafores/analysis/MethodsComparison/Feces_RA/preproc/SRR5091464/SRR5091464_unmatched_2.fastq,SRR5091464,590323ac,705947000,31,DNA,1000,705947,True,0.8476871525744458,0.9936357179631993,0.9206614352688225,0.9936357179631993,False,45490,3505371,6450406
740000,0.00104823733226432,0.1321689874911494,0.0007932606838757017,0.00019347619359153518,2.2285714285714286,1.0,5.443663232397381,/net/nfs-ip34/jbod2/def-ilafores/ref_dbs/sourmash_db/RefSeq_20250528.k31.sbt.zip,GCF_015097275.1_ASM1509727v1_genomic,7bc451321ff950d83a9fce0110d3af08,0.17465187632759027,560000,65,577290000,/nfs3_ib/nfs-ip34/home/def-ilafores/analysis/MethodsComparison/Feces_RA/preproc/SRR5091464/SRR5091464_unmatched_2.fastq,SRR5091464,590323ac,705947000,31,DNA,1000,705947,True,0.8014672751198308,0.9452658668592574,0.8733665709895442,0.9452658668592574,False,1248,3506619,6450406
649000,0.0009193324711345186,0.10911777121148164,0.0007323495956495317,0.000645385732308943,8.052224371373308,6.0,15.780505439266188,/net/nfs-ip34/jbod2/def-ilafores/ref_dbs/sourmash_db/RefSeq_20250528.k31.sbt.zip,GCF_020735865.1_ASM2073586v1_genomic,be5dafe4a3de9c37ebecacd7a8f5820f,0.13697762769100885,517000,66,576773000,/nfs3_ib/nfs-ip34/home/def-ilafores/analysis/MethodsComparison/Feces_RA/preproc/SRR5091464/SRR5091464_unmatched_2.fastq,SRR5091464,590323ac,705947000,31,DNA,1000,705947,True,0.7980819768649982,0.9378858602496395,0.8679839185573188,0.9378858602496395,False,4163,3510782,6450406
2566000,0.0036348337764733046,0.11542755079258762,0.0007323495956495317,0.00047826446893420353,5.967117988394584,2.0,11.478719778275263,/net/nfs-ip34/jbod2/def-ilafores/ref_dbs/sourmash_db/RefSeq_20250528.k31.sbt.zip,GCF_025148125.1_ASM2514812v1_genomic,20e22b7a195404638366fe78b372a400,0.5728957356552802,517000,67,576256000,/nfs3_ib/nfs-ip34/home/def-ilafores/analysis/MethodsComparison/Feces_RA/preproc/SRR5091464/SRR5091464_unmatched_2.fastq,SRR5091464,590323ac,705947000,31,DNA,1000,705947,True,0.8342687063609213,0.9821910824773336,0.9082298944191274,0.9821910824773336,False,3085,3513867,6450406
716000,0.0010142404458125043,0.15429093122337187,0.0007181842262946086,0.0002652546211819845,3.3747534516765287,1.0,10.615458643757247,/net/nfs-ip34/jbod2/def-ilafores/ref_dbs/sourmash_db/RefSeq_20250528.k31.sbt.zip,GCF_045002895.1_ASM4500289v1_genomic,dcf539ba4c82009d09e4501c72acd6ed,0.21789409616555083,507000,68,575749000,/nfs3_ib/nfs-ip34/home/def-ilafores/analysis/MethodsComparison/Feces_RA/preproc/SRR5091464/SRR5091464_unmatched_2.fastq,SRR5091464,590323ac,705947000,31,DNA,1000,705947,True,0.8006153285184893,0.9520353609547708,0.87632534473663,0.9520353609547708,False,1711,3515578,6450406
565000,0.0008003433685531634,0.16832669322709162,0.0007181842262946086,0.0005038442541446228,6.410256410256411,1.0,27.432350597480525,/net/nfs-ip34/jbod2/def-ilafores/ref_dbs/sourmash_db/RefSeq_20250528.k31.sbt.zip,GCF_009557455.1_ASM955745v1_genomic,7e798acda951bd16b6d452563081e9df,0.18758300132802125,507000,69,575242000,/nfs3_ib/nfs-ip34/home/def-ilafores/analysis/MethodsComparison/Feces_RA/preproc/SRR5091464/SRR5091464_unmatched_2.fastq,SRR5091464,590323ac,705947000,31,DNA,1000,705947,True,0.7945215638293533,0.9474463529996102,0.8709839584144818,0.9474463529996102,False,3250,3518828,6450406
884000,0.001252218650975215,0.12442520962942927,0.0006516069903264693,0.0002537824750876146,3.5586956521739133,1.0,12.284615265107822,/net/nfs-ip34/jbod2/def-ilafores/ref_dbs/sourmash_db/RefSeq_20250528.k31.sbt.zip,GCF_000210015.1_ASM21001v1_genomic,6f351faff0bbc09512221a953fad4daf,0.23911279415742495,460000,70,574782000,/nfs3_ib/nfs-ip34/home/def-ilafores/analysis/MethodsComparison/Feces_RA/preproc/SRR5091464/SRR5091464_unmatched_2.fastq,SRR5091464,590323ac,705947000,31,DNA,1000,705947,True,0.8060774642363906,0.9548934833073837,0.8804854737718871,0.9548934833073837,False,1637,3520465,6450406
3543000,0.005018790362449305,0.08661865049279757,0.0006473573795199922,0.007322329788233485,103.35229759299781,119.0,64.79913890490634,/net/nfs-ip34/jbod2/def-ilafores/ref_dbs/sourmash_db/RefSeq_20250528.k31.sbt.zip,GCF_018291785.1_ASM1829178v1_genomic,94290db9715a9c6fca358ac639119d83,0.6715314632297195,457000,71,574325000,/nfs3_ib/nfs-ip34/home/def-ilafores/analysis/MethodsComparison/Feces_RA/preproc/SRR5091464/SRR5091464_unmatched_2.fastq,SRR5091464,590323ac,705947000,31,DNA,1000,705947,True,0.8429965086933147,0.9872371637412753,0.915116836217295,0.9872371637412753,False,47232,3567697,6450406
473000,0.0006700219704878695,0.15600410537119397,0.0006459408425845,0.00010836527189141273,1.5328947368421053,1.0,0.9591509619799357,/net/nfs-ip34/jbod2/def-ilafores/ref_dbs/sourmash_db/RefSeq_20250528.k31.sbt.zip,GCF_025148965.1_ASM2514896v1_genomic,4fe134d0444f089dec5e462a3d358d30,0.16182004789599727,456000,72,573869000,/nfs3_ib/nfs-ip34/home/def-ilafores/analysis/MethodsComparison/Feces_RA/preproc/SRR5091464/SRR5091464_unmatched_2.fastq,SRR5091464,590323ac,705947000,31,DNA,1000,705947,True,0.7899794165584544,0.9429418555058326,0.8664606360321435,0.9429418555058326,False,699,3568396,6450406
608000,0.0008612544567793333,0.12674055129298095,0.0006317754732295767,0.0013374351940017419,19.34304932735426,1.0,52.43155934943867,/net/nfs-ip34/jbod2/def-ilafores/ref_dbs/sourmash_db/RefSeq_20250528.k31.sbt.zip,GCF_025146135.1_ASM2514613v1_genomic,7eaae742c69417c8e76f081fe338897d,0.17277635691957943,446000,73,573423000,/nfs3_ib/nfs-ip34/home/def-ilafores/analysis/MethodsComparison/Feces_RA/preproc/SRR5091464/SRR5091464_unmatched_2.fastq,SRR5091464,590323ac,705947000,31,DNA,1000,705947,True,0.7964037083986123,0.944936706653298,0.8706702075259551,0.944936706653298,False,8627,3577023,6450406
648000,0.0009179159341990262,0.10760437375745527,0.0006133604930681765,0.0002716108102342705,4.046189376443418,1.0,14.893701585268142,/net/nfs-ip34/jbod2/def-ilafores/ref_dbs/sourmash_db/RefSeq_20250528.k31.sbt.zip,GCF_964272205.1_LUMC_Rgna_QRD011_genomic,6e86d242a5fb72e2090f4121f3222291,0.1610337972166998,433000,74,572990000,/nfs3_ib/nfs-ip34/home/def-ilafores/analysis/MethodsComparison/Feces_RA/preproc/SRR5091464/SRR5091464_unmatched_2.fastq,SRR5091464,590323ac,705947000,31,DNA,1000,705947,True,0.7980422791861861,0.9427937145892131,0.8704179968876996,0.9427937145892131,False,1752,3578775,6450406
4099000,0.005806384898583038,0.06765964189510379,0.0006048612714552226,0.0019150732527533926,28.929742388758783,25.0,30.43301440829993,/net/nfs-ip34/jbod2/def-ilafores/ref_dbs/sourmash_db/RefSeq_20250528.k31.sbt.zip,GCF_029369765.1_ASM2936976v1_genomic,19e8b45e36249f6067d7a6393c2a7e02,0.6495008714942164,427000,75,572563000,/nfs3_ib/nfs-ip34/home/def-ilafores/analysis/MethodsComparison/Feces_RA/preproc/SRR5091464/SRR5091464_unmatched_2.fastq,SRR5091464,590323ac,705947000,31,DNA,1000,705947,True,0.8469698088651928,0.986175445830492,0.9165726273478424,0.986175445830492,False,12353,3591128,6450406
2136000,0.003025722894211605,0.12146810369938829,0.0005906959021002993,0.00013565037611586,2.0983213429256593,2.0,1.4877346861114409,/net/nfs-ip34/jbod2/def-ilafores/ref_dbs/sourmash_db/RefSeq_20250528.k31.sbt.zip,GCF_002148255.1_ASM214825v1_genomic,6b3bba540a36ecda2f9de6b26c11f177,0.6221963297407516,417000,76,572146000,/nfs3_ib/nfs-ip34/home/def-ilafores/analysis/MethodsComparison/Feces_RA/preproc/SRR5091464/SRR5091464_unmatched_2.fastq,SRR5091464,590323ac,705947000,31,DNA,1000,705947,True,0.829347279219506,0.9848101096303714,0.9070786944249387,0.9848101096303714,False,875,3592003,6450406
1581000,0.002239544895013365,0.13141549525988885,0.0005694478480679144,0.0040479622522985375,64.95273631840796,69.0,34.48166655388711,/net/nfs-ip34/jbod2/def-ilafores/ref_dbs/sourmash_db/RefSeq_20250528.k31.sbt.zip,GCF_040059215.1_ASM4005921v1_genomic,32b4f8c9ded2e30d47a15c3a2652e364,0.5168355671788166,402000,77,571744000,/nfs3_ib/nfs-ip34/home/def-ilafores/analysis/MethodsComparison/Feces_RA/preproc/SRR5091464/SRR5091464_unmatched_2.fastq,SRR5091464,590323ac,705947000,31,DNA,1000,705947,True,0.8213368022095494,0.9789337530922955,0.9001352776509224,0.9789337530922955,False,26111,3618114,6450406
2880000,0.004079626374217895,0.09992391580015217,0.0005581155525839758,0.0007294114510001386,11.941624365482234,10.0,17.54484156046276,/net/nfs-ip34/jbod2/def-ilafores/ref_dbs/sourmash_db/RefSeq_20250528.k31.sbt.zip,GCF_023497585.1_ASM2349758v1_genomic,d9c5bc738094fb07e8276cf458f5e9f1,0.7304083185391833,394000,78,571350000,/nfs3_ib/nfs-ip34/home/def-ilafores/analysis/MethodsComparison/Feces_RA/preproc/SRR5091464/SRR5091464_unmatched_2.fastq,SRR5091464,590323ac,705947000,31,DNA,1000,705947,True,0.8373812618342191,0.9899172538519067,0.9136492578430628,0.9899172538519067,False,4705,3622819,6450406
805000,0.0011403122330713212,0.07369996258885148,0.0005581155525839758,0.0010017974062407854,16.401015228426395,1.0,41.551162261286116,/net/nfs-ip34/jbod2/def-ilafores/ref_dbs/sourmash_db/RefSeq_20250528.k31.sbt.zip,GCF_018292205.1_ASM1829220v1_genomic,8ecf5298bc316c4919161fc4689e0594,0.15057987280209503,394000,79,570956000,/nfs3_ib/nfs-ip34/home/def-ilafores/analysis/MethodsComparison/Feces_RA/preproc/SRR5091464/SRR5091464_unmatched_2.fastq,SRR5091464,590323ac,705947000,31,DNA,1000,705947,True,0.803646917659721,0.9407546040868616,0.8722007608732913,0.9407546040868616,False,6462,3629281,6450406
396000,0.0005609486264549605,0.16449305847707194,0.0005538659417774988,0.00010619486587355896,1.751918158567775,1.0,1.2189216455362137,/net/nfs-ip34/jbod2/def-ilafores/ref_dbs/sourmash_db/RefSeq_20250528.k31.sbt.zip,GCF_002073815.2_ASM207381v2_genomic,972131dd36ed5aca3d19d2f438971d9f,0.16659655027345394,391000,80,570565000,/nfs3_ib/nfs-ip34/home/def-ilafores/analysis/MethodsComparison/Feces_RA/preproc/SRR5091464/SRR5091464_unmatched_2.fastq,SRR5091464,590323ac,705947000,31,DNA,1000,705947,True,0.7854644817168782,0.9438271189384175,0.8646458003276478,0.9438271189384175,False,685,3629966,6450406
1567000,0.0022197133779164723,0.12035566846617973,0.000536867498551591,0.0006433703552923645,10.949868073878628,8.0,11.378594852921106,/net/nfs-ip34/jbod2/def-ilafores/ref_dbs/sourmash_db/RefSeq_20250528.k31.sbt.zip,GCF_042850025.1_ASM4285002v1_genomic,26ae838edf91db815bafb3211b734604,0.4976182915211178,379000,81,570186000,/nfs3_ib/nfs-ip34/home/def-ilafores/analysis/MethodsComparison/Feces_RA/preproc/SRR5091464/SRR5091464_unmatched_2.fastq,SRR5091464,590323ac,705947000,31,DNA,1000,705947,True,0.8211011760758632,0.9777379279213404,0.8994195519986018,0.9777379279213404,False,4150,3634116,6450406
695000,0.0009844931701671654,0.07767421216156237,0.0004957879274223136,0.00048121001995843365,8.868571428571428,4.0,27.94197836771836,/net/nfs-ip34/jbod2/def-ilafores/ref_dbs/sourmash_db/RefSeq_20250528.k31.sbt.zip,GCF_020091365.1_ASM2009136v1_genomic,ef23ca7c0c2ee8ae3e8a4537f4cacf2d,0.1542387927208167,350000,82,569836000,/nfs3_ib/nfs-ip34/home/def-ilafores/analysis/MethodsComparison/Feces_RA/preproc/SRR5091464/SRR5091464_unmatched_2.fastq,SRR5091464,590323ac,705947000,31,DNA,1000,705947,True,0.7998468919039985,0.9414834656438363,0.8706651787739175,0.9414834656438363,False,3104,3637220,6450406
4481000,0.006347502007941106,0.06441433079636161,0.0004915383166158367,0.0013907651704404343,25.853025936599423,12.0,48.57613841004841,/net/nfs-ip34/jbod2/def-ilafores/ref_dbs/sourmash_db/RefSeq_20250528.k31.sbt.zip,GCF_013010095.1_ASM1301009v1_genomic,268a950c26952ca77b008f048dc33ec9,0.8318173380360127,347000,83,569489000,/nfs3_ib/nfs-ip34/home/def-ilafores/analysis/MethodsComparison/Feces_RA/preproc/SRR5091464/SRR5091464_unmatched_2.fastq,SRR5091464,590323ac,705947000,31,DNA,1000,705947,True,0.8494077533076821,0.9940775297070531,0.9217426415073676,0.9940775297070531,False,8971,3646191,6450406
1699000,0.0024066962534014594,0.12132867132867133,0.0004915383166158367,9.921856081617189e-05,1.8443804034582132,1.0,1.145843939495853,/net/nfs-ip34/jbod2/def-ilafores/ref_dbs/sourmash_db/RefSeq_20250528.k31.sbt.zip,GCF_963360705.1_RSTSDC17_v2_genomic,2c8f0a6e3fee0485c5c628718360acdb,0.5940559440559441,347000,84,569142000,/nfs3_ib/nfs-ip34/home/def-ilafores/analysis/MethodsComparison/Feces_RA/preproc/SRR5091464/SRR5091464_unmatched_2.fastq,SRR5091464,590323ac,705947000,31,DNA,1000,705947,True,0.8232461697275876,0.983340910918597,0.9032935403230923,0.983340910918597,False,640,3646831,6450406
1711000,0.002423694696627367,0.09267765468792219,0.0004858721688738673,0.00021300984775221902,4.005830903790088,3.0,6.717104996072176,/net/nfs-ip34/jbod2/def-ilafores/ref_dbs/sourmash_db/RefSeq_20250528.k31.sbt.zip,GCF_005848555.1_ASM584855v1_genomic,1123379c731757b61c292acf7bd31a34,0.4623074844636585,343000,85,568799000,/nfs3_ib/nfs-ip34/home/def-ilafores/analysis/MethodsComparison/Feces_RA/preproc/SRR5091464/SRR5091464_unmatched_2.fastq,SRR5091464,590323ac,705947000,31,DNA,1000,705947,True,0.8234330984259333,0.9754192454107379,0.8994261719183356,0.9754192454107379,False,1374,3648205,6450406
3651000,0.005171776351482477,0.0665049524964625,0.00046604065177697476,0.0002635493021679566,5.167173252279635,3.0,11.633434348680515,/net/nfs-ip34/jbod2/def-ilafores/ref_dbs/sourmash_db/RefSeq_20250528.k31.sbt.zip,GCF_040687815.1_Bfrag1284_hyb1_genomic,5a604e6982ca616f9949b524dad46eb3,0.7380230442692541,329000,86,568470000,/nfs3_ib/nfs-ip34/home/def-ilafores/analysis/MethodsComparison/Feces_RA/preproc/SRR5091464/SRR5091464_unmatched_2.fastq,SRR5091464,590323ac,705947000,31,DNA,1000,705947,True,0.843813449105171,0.9902484950546947,0.9170309720799328,0.9902484950546947,False,1700,3649905,6450406
2960000,0.00419294932905728,0.09600704638872577,0.0004632075779059901,0.0003480401078629779,6.865443425076452,4.0,7.819852316175752,/net/nfs-ip34/jbod2/def-ilafores/ref_dbs/sourmash_db/RefSeq_20250528.k31.sbt.zip,GCF_003574015.1_ASM357401v1_genomic,1874b1c1106f4973cf5b5c4b574ac6f1,0.8690546095126248,327000,87,568143000,/nfs3_ib/nfs-ip34/home/def-ilafores/analysis/MethodsComparison/Feces_RA/preproc/SRR5091464/SRR5091464_unmatched_2.fastq,SRR5091464,590323ac,705947000,31,DNA,1000,705947,True,0.8381216982756341,0.9954828359909803,0.9168022671333071,0.9954828359909803,False,2245,3652150,6450406
345000,0.000488705242744852,0.06263714342708956,0.0004447925977445899,7.069322458152247e-05,1.4522292993630572,1.0,1.6662473947595,/net/nfs-ip34/jbod2/def-ilafores/ref_dbs/sourmash_db/RefSeq_20250528.k31.sbt.zip,GCF_040267475.1_UoG_LM19R_1.0_genomic,361dbedd535289fa0d5c0308f46e417d,0.06882106523040096,314000,88,567829000,/nfs3_ib/nfs-ip34/home/def-ilafores/analysis/MethodsComparison/Feces_RA/preproc/SRR5091464/SRR5091464_unmatched_2.fastq,SRR5091464,590323ac,705947000,31,DNA,1000,705947,True,0.7819789535285911,0.91729101938787,0.8496349864582307,0.91729101938787,False,456,3652606,6450406
1723000,0.002440693139853275,0.07455931395902811,0.00044337606080909755,9.828838680852026e-05,2.02555910543131,1.0,3.0584275894630846,/net/nfs-ip34/jbod2/def-ilafores/ref_dbs/sourmash_db/RefSeq_20250528.k31.sbt.zip,GCF_020181555.1_ASM2018155v1_genomic,8469ab5e4b1c2b2c7b791e98ae874535,0.410433539780848,313000,89,567516000,/nfs3_ib/nfs-ip34/home/def-ilafores/analysis/MethodsComparison/Feces_RA/preproc/SRR5091464/SRR5091464_unmatched_2.fastq,SRR5091464,590323ac,705947000,31,DNA,1000,705947,True,0.823618762681863,0.971681563715425,0.897650163198644,0.971681563715425,False,634,3653240,6450406
316000,0.00044762567161557457,0.06868451688009314,0.0004178783959702357,7.952987765421278e-05,1.7389830508474575,1.0,6.827884426780775,/net/nfs-ip34/jbod2/def-ilafores/ref_dbs/sourmash_db/RefSeq_20250528.k31.sbt.zip,GCF_022845795.1_ASM2284579v1_genomic,5f4c1e0e842c7776c55b96d7493fe042,0.07357392316647264,295000,90,567221000,/nfs3_ib/nfs-ip34/home/def-ilafores/analysis/MethodsComparison/Feces_RA/preproc/SRR5091464/SRR5091464_unmatched_2.fastq,SRR5091464,590323ac,705947000,31,DNA,1000,705947,True,0.7797672653419938,0.919269194792533,0.8495182300672635,0.919269194792533,False,513,3653753,6450406
4666000,0.006609561341007186,0.04302496328928047,0.0004150453220992511,0.0030131436687861196,66.33447098976109,73.0,37.06479990443282,/net/nfs-ip34/jbod2/def-ilafores/ref_dbs/sourmash_db/RefSeq_20250528.k31.sbt.zip,GCF_001318345.1_ASM131834v1_genomic,2b0cd9230817e091c6a0e14360a551e4,0.6851688693098384,293000,91,566928000,/nfs3_ib/nfs-ip34/home/def-ilafores/analysis/MethodsComparison/Feces_RA/preproc/SRR5091464/SRR5091464_unmatched_2.fastq,SRR5091464,590323ac,705947000,31,DNA,1000,705947,True,0.8505169797511776,0.9878776253483728,0.9191973025497752,0.9878776253483728,False,19436,3673189,6450406
559000,0.0007918441469402093,0.07911305776074459,0.0004093791743572818,0.0013371251359991913,29.844290657439448,2.0,61.132110417936765,/net/nfs-ip34/jbod2/def-ilafores/ref_dbs/sourmash_db/RefSeq_20250528.k31.sbt.zip,GCF_025145845.1_ASM2514584v1_genomic,00191848f4049b7a1cb875559983f7c7,0.15302491103202848,289000,92,566639000,/nfs3_ib/nfs-ip34/home/def-ilafores/analysis/MethodsComparison/Feces_RA/preproc/SRR5091464/SRR5091464_unmatched_2.fastq,SRR5091464,590323ac,705947000,31,DNA,1000,705947,True,0.7942479813553933,0.9412435309709583,0.8677457561631758,0.9412435309709583,False,8625,3681814,6450406
2169000,0.003072468613082852,0.05621939275220372,0.0004065461004862971,0.001137137724354095,25.557491289198605,11.0,43.745494597033904,/net/nfs-ip34/jbod2/def-ilafores/ref_dbs/sourmash_db/RefSeq_20250528.k31.sbt.zip,GCF_009193325.2_ASM919332v2_genomic,20d3ad2db691676c0843017fd7066d73,0.4248775710088149,287000,93,566352000,/nfs3_ib/nfs-ip34/home/def-ilafores/analysis/MethodsComparison/Feces_RA/preproc/SRR5091464/SRR5091464_unmatched_2.fastq,SRR5091464,590323ac,705947000,31,DNA,1000,705947,True,0.8297575413331664,0.9727662846261818,0.9012619129796741,0.9727662846261818,False,7335,3689149,6450406
378000,0.0005354509616160986,0.09787816563997262,0.0004051295635508048,9.379254577153749e-05,2.1153846153846154,1.0,3.647583886453382,/net/nfs-ip34/jbod2/def-ilafores/ref_dbs/sourmash_db/RefSeq_20250528.k31.sbt.zip,GCF_032769475.1_ASM3276947v1_genomic,a093f200e9d0934ecae0369e6f1ee853,0.1293634496919918,286000,94,566066000,/nfs3_ib/nfs-ip34/home/def-ilafores/analysis/MethodsComparison/Feces_RA/preproc/SRR5091464/SRR5091464_unmatched_2.fastq,SRR5091464,590323ac,705947000,31,DNA,1000,705947,True,0.7842866618130724,0.9361571549391144,0.8602219083760934,0.9361571549391144,False,605,3689754,6450406
893000,0.0012649674833946458,0.05312558663412803,0.00040087995274432786,0.00022773760287336952,5.190812720848056,1.0,15.466102922914045,/net/nfs-ip34/jbod2/def-ilafores/ref_dbs/sourmash_db/RefSeq_20250528.k31.sbt.zip,GCF_000710365.2_ASM71036v3_genomic,f49209be6757df7b25919e4e3fa305fd,0.16763656842500468,283000,95,565783000,/nfs3_ib/nfs-ip34/home/def-ilafores/analysis/MethodsComparison/Feces_RA/preproc/SRR5091464/SRR5091464_unmatched_2.fastq,SRR5091464,590323ac,705947000,31,DNA,1000,705947,True,0.8063409000603339,0.9440166136903568,0.8751787568753453,0.9440166136903568,False,1469,3691223,6450406
1493000,0.0021148896446900405,0.09427609427609428,0.00039663034193785084,0.00015223847925231374,3.507142857142857,2.0,8.870896579402162,/net/nfs-ip34/jbod2/def-ilafores/ref_dbs/sourmash_db/RefSeq_20250528.k31.sbt.zip,GCF_001998765.1_ASM199876v1_genomic,c87f75fcf13611b56f2643edb90d05be,0.5026936026936027,280000,96,565503000,/nfs3_ib/nfs-ip34/home/def-ilafores/analysis/MethodsComparison/Feces_RA/preproc/SRR5091464/SRR5091464_unmatched_2.fastq,SRR5091464,590323ac,705947000,31,DNA,1000,705947,True,0.8198208483865972,0.9780580331849934,0.8989394407857954,0.9780580331849934,False,982,3692205,6450406
2804000,0.003971969567120478,0.040160642570281124,0.0003824649725829276,0.0007948336895383019,18.988888888888887,14.0,19.005356619829936,/net/nfs-ip34/jbod2/def-ilafores/ref_dbs/sourmash_db/RefSeq_20250528.k31.sbt.zip,GCF_014334015.1_ASM1433401v1_genomic,32a90d9faa0865b9d4716569d60e47de,0.417075710248401,270000,97,565233000,/nfs3_ib/nfs-ip34/home/def-ilafores/analysis/MethodsComparison/Feces_RA/preproc/SRR5091464/SRR5091464_unmatched_2.fastq,SRR5091464,590323ac,705947000,31,DNA,1000,705947,True,0.8366591746626253,0.9721848918527762,0.9044220332577008,0.9721848918527762,False,5127,3697332,6450406
1449000,0.002052562019528378,0.09204584925321292,0.00037538228790546597,9.906353181489661e-05,2.4113207547169813,2.0,2.5801609118577615,/net/nfs-ip34/jbod2/def-ilafores/ref_dbs/sourmash_db/RefSeq_20250528.k31.sbt.zip,GCF_024168045.1_ASM2416804v1_genomic,1689b6c3fb62fec0dd444e73a686577b,0.5032997568600208,265000,98,564968000,/nfs3_ib/nfs-ip34/home/def-ilafores/analysis/MethodsComparison/Feces_RA/preproc/SRR5091464/SRR5091464_unmatched_2.fastq,SRR5091464,590323ac,705947000,31,DNA,1000,705947,True,0.8190301331094829,0.978096054698517,0.8985630939039999,0.978096054698517,False,639,3697971,6450406
1765000,0.002500187691143953,0.11466897446992644,0.00037538228790546597,0.00013921604314519117,3.388679245283019,3.0,2.325385776666736,/net/nfs-ip34/jbod2/def-ilafores/ref_dbs/sourmash_db/RefSeq_20250528.k31.sbt.zip,GCF_000219455.1_ASM21945v1_genomic,74d8a99f3f24c56621d02f86936252a8,0.7637386412808308,265000,99,564703000,/nfs3_ib/nfs-ip34/home/def-ilafores/analysis/MethodsComparison/Feces_RA/preproc/SRR5091464/SRR5091464_unmatched_2.fastq,SRR5091464,590323ac,705947000,31,DNA,1000,705947,True,0.8242588762756153,0.9913431833542938,0.9078010298149546,0.9913431833542938,False,898,3698869,6450406
2263000,0.0032056230850191305,0.09066028053369826,0.00037538228790546597,0.0015364924316391868,37.4,30.0,31.85424351932846,/net/nfs-ip34/jbod2/def-ilafores/ref_dbs/sourmash_db/RefSeq_20250528.k31.sbt.zip,GCF_019967955.1_ASM1996795v1_genomic,815b92b0272af68e89d6f30eed8923eb,0.7742045843311666,265000,100,564438000,/nfs3_ib/nfs-ip34/home/def-ilafores/analysis/MethodsComparison/Feces_RA/preproc/SRR5091464/SRR5091464_unmatched_2.fastq,SRR5091464,590323ac,705947000,31,DNA,1000,705947,True,0.8308938856825502,0.9917785272269575,0.9113362064547539,0.9917785272269575,False,9911,3708780,6450406
5548000,0.007858946918111417,0.03926270043458714,0.000371132677098989,0.0003181195106168511,7.8320610687022905,4.0,12.53432092677969,/net/nfs-ip34/jbod2/def-ilafores/ref_dbs/sourmash_db/RefSeq_20250528.k31.sbt.zip,GCF_024760065.1_ASM2476006v1_genomic,8926e6dbfdbe4c050b0786edbb8a4eb9,0.8314101603476697,262000,101,564176000,/nfs3_ib/nfs-ip34/home/def-ilafores/analysis/MethodsComparison/Feces_RA/preproc/SRR5091464/SRR5091464_unmatched_2.fastq,SRR5091464,590323ac,705947000,31,DNA,1000,705947,True,0.8552804156436264,0.9940618290635141,0.9246711223535703,0.9940618290635141,False,2052,3710832,6450406
334000,0.0004731233364544364,0.0738944365192582,0.00036688306629251204,0.00021300984775221902,5.305019305019305,2.0,14.619089370900513,/net/nfs-ip34/jbod2/def-ilafores/ref_dbs/sourmash_db/RefSeq_20250528.k31.sbt.zip,GCF_045865535.1_ASM4586553v1_genomic,d256ac8ac3b99e32f5341206201ec025,0.09529243937232525,259000,102,563917000,/nfs3_ib/nfs-ip34/home/def-ilafores/analysis/MethodsComparison/Feces_RA/preproc/SRR5091464/SRR5091464_unmatched_2.fastq,SRR5091464,590323ac,705947000,31,DNA,1000,705947,True,0.781162000067868,0.9269715418183025,0.8540667709430853,0.9269715418183025,False,1374,3712206,6450406
4088000,0.0057908029922926225,0.052231133045445195,0.0003598003816150504,0.0022821819277732283,57.95669291338583,47.5,44.590901742362604,/net/nfs-ip34/jbod2/def-ilafores/ref_dbs/sourmash_db/RefSeq_20250528.k31.sbt.zip,GCF_008728395.1_ASM872839v1_genomic,be62626804ebd51a937970eebfaaba96,0.8406333538967715,254000,103,563663000,/nfs3_ib/nfs-ip34/home/def-ilafores/analysis/MethodsComparison/Feces_RA/preproc/SRR5091464/SRR5091464_unmatched_2.fastq,SRR5091464,590323ac,705947000,31,DNA,1000,705947,True,0.8468963937364519,0.9944156610840011,0.9206560274102265,0.9944156610840011,False,14721,3726927,6450406
3099000,0.004389847963090714,0.04742033383915023,0.00035413423387308115,0.0003703642840466166,9.556,9.0,8.840297732542723,/net/nfs-ip34/jbod2/def-ilafores/ref_dbs/sourmash_db/RefSeq_20250528.k31.sbt.zip,GCF_018279895.1_ASM1827989v1_genomic,eef05f88d650d6818de3c980b9d8b8f4,0.5878224582701063,250000,104,563413000,/nfs3_ib/nfs-ip34/home/def-ilafores/analysis/MethodsComparison/Feces_RA/preproc/SRR5091464/SRR5091464_unmatched_2.fastq,SRR5091464,590323ac,705947000,31,DNA,1000,705947,True,0.8393633132140089,0.9830063611559423,0.9111848371849756,0.9830063611559423,False,2389,3729316,6450406
1120000,0.0015865213677514034,0.08412806539509536,0.00034988462306660413,0.0018279469540366917,47.73684210526316,48.0,39.76051256282381,/net/nfs-ip34/jbod2/def-ilafores/ref_dbs/sourmash_db/RefSeq_20250528.k31.sbt.zip,GCF_023347295.1_ASM2334729v1_genomic,78db35fa6d9edc0fa99c8623efbe174d,0.3814713896457766,247000,105,563166000,/nfs3_ib/nfs-ip34/home/def-ilafores/analysis/MethodsComparison/Feces_RA/preproc/SRR5091464/SRR5091464_unmatched_2.fastq,SRR5091464,590323ac,705947000,31,DNA,1000,705947,True,0.8122538977317842,0.9693905311112629,0.8908222144215237,0.9693905311112629,False,11791,3741107,6450406
299000,0.000423544543712205,0.0851520572450805,0.00033713579064717324,0.0003068023935237565,8.315126050420169,1.0,22.25174580500743,/net/nfs-ip34/jbod2/def-ilafores/ref_dbs/sourmash_db/RefSeq_20250528.k31.sbt.zip,GCF_000146185.1_ASM14618v1_genomic,5229119e2aa175d63f96a9ce9dfd479c,0.10697674418604651,238000,106,562928000,/nfs3_ib/nfs-ip34/home/def-ilafores/analysis/MethodsComparison/Feces_RA/preproc/SRR5091464/SRR5091464_unmatched_2.fastq,SRR5091464,590323ac,705947000,31,DNA,1000,705947,True,0.7783775352475822,0.9304365323902896,0.8544070338189359,0.9304365323902896,False,1979,3743086,6450406
3111000,0.004406846406316622,0.051121656600517686,0.0003357192537116809,0.0022486956634977704,61.20253164556962,12.0,62.78912126208674,/net/nfs-ip34/jbod2/def-ilafores/ref_dbs/sourmash_db/RefSeq_20250528.k31.sbt.zip,GCF_024760085.1_ASM2476008v1_genomic,d22a231abb372af890fb48167198d8a7,0.6710526315789473,237000,107,562691000,/nfs3_ib/nfs-ip34/home/def-ilafores/analysis/MethodsComparison/Feces_RA/preproc/SRR5091464/SRR5091464_unmatched_2.fastq,SRR5091464,590323ac,705947000,31,DNA,1000,705947,True,0.839467962324994,0.987214448038837,0.9133412051819154,0.987214448038837,False,14505,3757591,6450406
985000,0.0013952888814599397,0.05862339701648783,0.0003173042735502807,0.0002957953344332124,8.517857142857142,7.0,7.466570907883282,/net/nfs-ip34/jbod2/def-ilafores/ref_dbs/sourmash_db/RefSeq_20250528.k31.sbt.zip,GCF_014287515.2_ASM1428751v2_genomic,ba44e405458705e9ab11b89381454753,0.25778591991625227,224000,108,562467000,/nfs3_ib/nfs-ip34/home/def-ilafores/analysis/MethodsComparison/Feces_RA/preproc/SRR5091464/SRR5091464_unmatched_2.fastq,SRR5091464,590323ac,705947000,31,DNA,1000,705947,True,0.8088954478899967,0.9572124994187692,0.883053973654383,0.9572124994187692,False,1908,3759499,6450406
1729000,0.002449192361466229,0.07495741056218058,0.0003116381258083114,0.00043671669659243155,12.804545454545455,8.0,17.087022648056816,/net/nfs-ip34/jbod2/def-ilafores/ref_dbs/sourmash_db/RefSeq_20250528.k31.sbt.zip,GCF_040058985.1_ASM4005898v1_genomic,9217c1f8c150568f8c71781398566ec7,0.5890971039182282,220000,109,562247000,/nfs3_ib/nfs-ip34/home/def-ilafores/analysis/MethodsComparison/Feces_RA/preproc/SRR5091464/SRR5091464_unmatched_2.fastq,SRR5091464,590323ac,705947000,31,DNA,1000,705947,True,0.8237111260549005,0.9830750494386697,0.9033930877467851,0.9830750494386697,False,2817,3762316,6450406
1701000,0.002409529327272444,0.044489795918367346,0.0003088050519373267,5.2399802431040774e-05,1.5504587155963303,1.0,0.80121740549267,/net/nfs-ip34/jbod2/def-ilafores/ref_dbs/sourmash_db/RefSeq_20250528.k31.sbt.zip,GCF_036499205.1_ASM3649920v1_genomic,52a300fd42bdc5de36b418b9bf271e0b,0.34714285714285714,218000,110,562029000,/nfs3_ib/nfs-ip34/home/def-ilafores/analysis/MethodsComparison/Feces_RA/preproc/SRR5091464/SRR5091464_unmatched_2.fastq,SRR5091464,590323ac,705947000,31,DNA,1000,705947,True,0.8232774130629292,0.9664462048177789,0.894861808940354,0.9664462048177789,False,338,3762654,6450406
2147000,0.003041304800502021,0.06071628427532177,0.00030738851500183444,0.00012433325902276538,3.695852534562212,3.0,3.42391041384449,/net/nfs-ip34/jbod2/def-ilafores/ref_dbs/sourmash_db/RefSeq_20250528.k31.sbt.zip,GCF_000209835.1_ASM20983v1_genomic,ab50710d4b2685ccaecb7b36ef7d16eb,0.6007274762171236,217000,111,561812000,/nfs3_ib/nfs-ip34/home/def-ilafores/analysis/MethodsComparison/Feces_RA/preproc/SRR5091464/SRR5091464_unmatched_2.fastq,SRR5091464,590323ac,705947000,31,DNA,1000,705947,True,0.8294847107151255,0.9836952275601062,0.9065899691376158,0.9836952275601062,False,802,3763456,6450406
258000,0.0003654665293570197,0.0676056338028169,0.0003059719780663421,5.550038245654614e-05,1.6574074074074074,1.0,4.249536003074526,/net/nfs-ip34/jbod2/def-ilafores/ref_dbs/sourmash_db/RefSeq_20250528.k31.sbt.zip,GCF_045061075.1_ASM4506107v1_genomic,6289e11616c59ffa1524db220d88d00e,0.08075117370892018,216000,112,561596000,/nfs3_ib/nfs-ip34/home/def-ilafores/analysis/MethodsComparison/Feces_RA/preproc/SRR5091464/SRR5091464_unmatched_2.fastq,SRR5091464,590323ac,705947000,31,DNA,1000,705947,True,0.7746831617975619,0.9220335773620489,0.8483583695798054,0.9220335773620489,False,358,3763814,6450406
349000,0.0004943713904868212,0.03071971913399649,0.00029747275645338817,0.00012944921606484924,3.9761904761904763,2.0,5.72333608690935,/net/nfs-ip34/jbod2/def-ilafores/ref_dbs/sourmash_db/RefSeq_20250528.k31.sbt.zip,GCF_025149285.1_ASM2514928v1_genomic,0f58288732b3804f3c8d60da453de357,0.051053247513165596,210000,113,561386000,/nfs3_ib/nfs-ip34/home/def-ilafores/analysis/MethodsComparison/Feces_RA/preproc/SRR5091464/SRR5091464_unmatched_2.fastq,SRR5091464,590323ac,705947000,31,DNA,1000,705947,True,0.7822697903878904,0.9084966591729439,0.8453832247804172,0.9084966591729439,False,835,3764649,6450406
1141000,0.0016162686433967423,0.06894265826980445,0.0002946396825824035,0.0009681561129640521,30.02403846153846,19.0,29.31533464296954,/net/nfs-ip34/jbod2/def-ilafores/ref_dbs/sourmash_db/RefSeq_20250528.k31.sbt.zip,GCF_040026365.1_ASM4002636v1_genomic,9de4932095473c9973b31ae4d68399ec,0.37819025522041766,208000,114,561178000,/nfs3_ib/nfs-ip34/home/def-ilafores/analysis/MethodsComparison/Feces_RA/preproc/SRR5091464/SRR5091464_unmatched_2.fastq,SRR5091464,590323ac,705947000,31,DNA,1000,705947,True,0.8127407771952054,0.9691204382592192,0.8909306077272123,0.9691204382592192,False,6245,3770894,6450406
617000,0.0008740032891987643,0.07336182336182336,0.00029180660871141887,0.00024742628603532864,7.747572815533981,7.0,3.778370858159013,/net/nfs-ip34/jbod2/def-ilafores/ref_dbs/sourmash_db/RefSeq_20250528.k31.sbt.zip,GCF_900116045.1_DESPIGER_genomic,a44e1050d7701308bc590bde0c3457fd,0.21972934472934472,206000,115,560972000,/nfs3_ib/nfs-ip34/home/def-ilafores/analysis/MethodsComparison/Feces_RA/preproc/SRR5091464/SRR5091464_unmatched_2.fastq,SRR5091464,590323ac,705947000,31,DNA,1000,705947,True,0.7967812968851405,0.9522929794247059,0.8745371381549232,0.9522929794247059,False,1596,3772490,6450406
197000,0.0002790577762919879,0.08806173399909215,0.00027480816548551096,6.232165851265797e-05,2.0721649484536084,2.0,1.6418962050171564,/net/nfs-ip34/jbod2/def-ilafores/ref_dbs/sourmash_db/RefSeq_20250528.k31.sbt.zip,GCF_020181355.1_ASM2018135v1_genomic,12bb79a35fe0b383414df0f2f6def9ec,0.08942351339083068,194000,116,560778000,/nfs3_ib/nfs-ip34/home/def-ilafores/analysis/MethodsComparison/Feces_RA/preproc/SRR5091464/SRR5091464_unmatched_2.fastq,SRR5091464,590323ac,705947000,31,DNA,1000,705947,True,0.7679712675955379,0.9250726949510271,0.8465219812732825,0.9250726949510271,False,402,3772892,6450406
4304000,0.006096774970358964,0.029120384268988293,0.00027480816548551096,0.0009452118207753125,31.427835051546392,31.5,26.368472436073485,/net/nfs-ip34/jbod2/def-ilafores/ref_dbs/sourmash_db/RefSeq_20250528.k31.sbt.zip,GCF_018289035.1_ASM1828903v1_genomic,2c57a91b8fe09d51df24c6e20ef5d122,0.646052236565596,194000,117,560584000,/nfs3_ib/nfs-ip34/home/def-ilafores/analysis/MethodsComparison/Feces_RA/preproc/SRR5091464/SRR5091464_unmatched_2.fastq,SRR5091464,590323ac,705947000,31,DNA,1000,705947,True,0.8483042020022744,0.986006098551396,0.9171551502768351,0.986006098551396,False,6097,3778989,6450406
199000,0.0002818908501629726,0.10218579234972677,0.0002648924069370647,4.697378738640637e-05,1.6203208556149733,1.0,5.021900049877082,/net/nfs-ip34/jbod2/def-ilafores/ref_dbs/sourmash_db/RefSeq_20250528.k31.sbt.zip,GCF_044357945.1_ASM4435794v1_genomic,0a7d1b4a67ecb77c78a1f4790c59d319,0.1087431693989071,187000,118,560397000,/nfs3_ib/nfs-ip34/home/def-ilafores/analysis/MethodsComparison/Feces_RA/preproc/SRR5091464/SRR5091464_unmatched_2.fastq,SRR5091464,590323ac,705947000,31,DNA,1000,705947,True,0.7682215455136299,0.9309282146114054,0.8495748800625176,0.9309282146114054,False,303,3779292,6450406
621000,0.0008796694369407335,0.06652436855211669,0.0002648924069370647,0.00045764561176459283,15.786096256684491,4.0,25.353062430411843,/net/nfs-ip34/jbod2/def-ilafores/ref_dbs/sourmash_db/RefSeq_20250528.k31.sbt.zip,GCF_028743395.1_ASM2874339v1_genomic,bc5680b67a040c88f41f779ed94a8fca,0.2209178228388474,187000,119,560210000,/nfs3_ib/nfs-ip34/home/def-ilafores/analysis/MethodsComparison/Feces_RA/preproc/SRR5091464/SRR5091464_unmatched_2.fastq,SRR5091464,590323ac,705947000,31,DNA,1000,705947,True,0.7969474060354956,0.952458700570552,0.8747030533030238,0.952458700570552,False,2952,3782244,6450406
1470000,0.002082309295173717,0.06628652886671418,0.00026347587000157235,0.00017626797444998037,6.112903225806452,2.0,23.529965913115028,/net/nfs-ip34/jbod2/def-ilafores/ref_dbs/sourmash_db/RefSeq_20250528.k31.sbt.zip,GCF_015097455.1_ASM1509745v1_genomic,ad2202613b9c5f4de5c0bb121ca6ed7a,0.5238774055595153,186000,120,560024000,/nfs3_ib/nfs-ip34/home/def-ilafores/analysis/MethodsComparison/Feces_RA/preproc/SRR5091464/SRR5091464_unmatched_2.fastq,SRR5091464,590323ac,705947000,31,DNA,1000,705947,True,0.8194103764949722,0.9793611960005669,0.8993857862477695,0.9793611960005669,False,1137,3783381,6450406
4196000,0.005943788981325793,0.03591645520203006,0.0002606427961305877,0.0013791379953447891,48.34782608695652,41.5,47.41718977942968,/net/nfs-ip34/jbod2/def-ilafores/ref_dbs/sourmash_db/RefSeq_20250528.k31.sbt.zip,GCF_020091465.1_ASM2009146v1_genomic,cfcaa7d93ee12c43b81dc72fd8321792,0.8190513371071638,184000,121,559840000,/nfs3_ib/nfs-ip34/home/def-ilafores/analysis/MethodsComparison/Feces_RA/preproc/SRR5091464/SRR5091464_unmatched_2.fastq,SRR5091464,590323ac,705947000,31,DNA,1000,705947,True,0.8476090654560691,0.9935817015010076,0.9205953834785383,0.9935817015010076,False,8896,3792277,6450406
4421000,0.006262509791811566,0.027354260089686097,0.0002592262591950954,0.0005474074035029733,19.295081967213115,13.0,19.064180582375798,/net/nfs-ip34/jbod2/def-ilafores/ref_dbs/sourmash_db/RefSeq_20250528.k31.sbt.zip,GCF_018292045.1_ASM1829204v1_genomic,351f8438ec8d8675fbef71d53ee9a94a,0.6608370702541106,183000,122,559657000,/nfs3_ib/nfs-ip34/home/def-ilafores/analysis/MethodsComparison/Feces_RA/preproc/SRR5091464/SRR5091464_unmatched_2.fastq,SRR5091464,590323ac,705947000,31,DNA,1000,705947,True,0.8490384694390536,0.9867260489499035,0.9178822591944785,0.9867260489499035,False,3531,3795808,6450406
2206000,0.003124880479696068,0.055900621118012424,0.0002549766483886184,0.0007331321470307451,26.272222222222222,13.0,37.3602329512657,/net/nfs-ip34/jbod2/def-ilafores/ref_dbs/sourmash_db/RefSeq_20250528.k31.sbt.zip,GCF_044324945.1_ASM4432494v1_genomic,d941499676ba65c47aeee15f709cbc7a,0.6850931677018633,180000,123,559477000,/nfs3_ib/nfs-ip34/home/def-ilafores/analysis/MethodsComparison/Feces_RA/preproc/SRR5091464/SRR5091464_unmatched_2.fastq,SRR5091464,590323ac,705947000,31,DNA,1000,705947,True,0.8302104097351566,0.9878741042986662,0.9090422570169114,0.9878741042986662,False,4729,3800537,6450406
1530000,0.0021673015113032566,0.05304400241109102,0.0002493105006466491,0.00027843208629038234,10.204545454545455,9.0,9.743481609994321,/net/nfs-ip34/jbod2/def-ilafores/ref_dbs/sourmash_db/RefSeq_20250528.k31.sbt.zip,GCF_000020605.1_ASM2060v1_genomic,c7f0f63b1e20051e05be14074e3f6057,0.46112115732368897,176000,124,559301000,/nfs3_ib/nfs-ip34/home/def-ilafores/analysis/MethodsComparison/Feces_RA/preproc/SRR5091464/SRR5091464_unmatched_2.fastq,SRR5091464,590323ac,705947000,31,DNA,1000,705947,True,0.8204685038212366,0.9753384023052225,0.8979034530632295,0.9753384023052225,False,1796,3802333,6450406
233000,0.0003300531059697116,0.061052631578947365,0.00024647742677566444,7.007310857642139e-05,2.5977011494252875,1.0,4.434607292841477,/net/nfs-ip34/jbod2/def-ilafores/ref_dbs/sourmash_db/RefSeq_20250528.k31.sbt.zip,GCF_008727735.1_ASM872773v1_genomic,b3fbbb38cd3d13b11fee4deca57d3f9d,0.08175438596491227,174000,125,559127000,/nfs3_ib/nfs-ip34/home/def-ilafores/analysis/MethodsComparison/Feces_RA/preproc/SRR5091464/SRR5091464_unmatched_2.fastq,SRR5091464,590323ac,705947000,31,DNA,1000,705947,True,0.7721403575864253,0.9224008864312572,0.8472706220088413,0.9224008864312572,False,452,3802785,6450406
1687000,0.0023896978101755513,0.07349762213575443,0.00024081127903369517,0.00019223596158133302,7.294117647058823,7.0,4.092528427187237,/net/nfs-ip34/jbod2/def-ilafores/ref_dbs/sourmash_db/RefSeq_20250528.k31.sbt.zip,GCF_020541905.1_ASM2054190v1_genomic,93436c70102fea41ee9713fe48fa56cf,0.7293558149589278,170000,126,558957000,/nfs3_ib/nfs-ip34/home/def-ilafores/analysis/MethodsComparison/Feces_RA/preproc/SRR5091464/SRR5091464_unmatched_2.fastq,SRR5091464,590323ac,705947000,31,DNA,1000,705947,True,0.8230579589529669,0.9898712071994352,0.906464583076201,0.9898712071994352,False,1240,3804025,6450406
889000,0.0012593013356526764,0.0587009378256339,0.00023939474209820283,4.0307540331569823e-05,1.5384615384615385,1.0,0.8634593969478327,/net/nfs-ip34/jbod2/def-ilafores/ref_dbs/sourmash_db/RefSeq_20250528.k31.sbt.zip,GCF_004104435.1_ASM410443v1_genomic,329e9cd96e7ba6f1e504daeccf8bb434,0.30878777353247655,169000,127,558788000,/nfs3_ib/nfs-ip34/home/def-ilafores/analysis/MethodsComparison/Feces_RA/preproc/SRR5091464/SRR5091464_unmatched_2.fastq,SRR5091464,590323ac,705947000,31,DNA,1000,705947,True,0.8062241361675174,0.9628029725772718,0.8845135543723945,0.9628029725772718,False,260,3804285,6450406
1086000,0.0015383591119446645,0.05292207792207792,0.0002308955204852489,7.503403661722999e-05,2.9693251533742333,1.0,4.494609331356235,/net/nfs-ip34/jbod2/def-ilafores/ref_dbs/sourmash_db/RefSeq_20250528.k31.sbt.zip,GCF_025150245.1_ASM2515024v1_genomic,1a61bc75384814965146b3c8fd1a27a5,0.3525974025974026,163000,128,558625000,/nfs3_ib/nfs-ip34/home/def-ilafores/analysis/MethodsComparison/Feces_RA/preproc/SRR5091464/SRR5091464_unmatched_2.fastq,SRR5091464,590323ac,705947000,31,DNA,1000,705947,True,0.8114465660682806,0.9669323720668858,0.8891894690675832,0.9669323720668858,False,484,3804769,6450406
1771000,0.0025086869127569065,0.04374831217931407,0.00022947898354975656,0.003413273521077588,135.90740740740742,166.5,81.60434549942529,/net/nfs-ip34/jbod2/def-ilafores/ref_dbs/sourmash_db/RefSeq_20250528.k31.sbt.zip,GCF_022845675.1_ASM2284567v1_genomic,dc5db18b01e855478b35f8ecd5651460,0.4782608695652174,162000,129,558463000,/nfs3_ib/nfs-ip34/home/def-ilafores/analysis/MethodsComparison/Feces_RA/preproc/SRR5091464/SRR5091464_unmatched_2.fastq,SRR5091464,590323ac,705947000,31,DNA,1000,705947,True,0.8243491154508632,0.9764873196154785,0.9004182175331709,0.9764873196154785,False,22017,3826786,6450406
2026000,0.0028699038313074496,0.03638038222426894,0.00022381283580778728,0.0014302975657656278,58.392405063291136,17.0,62.98169670255102,/net/nfs-ip34/jbod2/def-ilafores/ref_dbs/sourmash_db/RefSeq_20250528.k31.sbt.zip,GCF_015679285.1_ASM1567928v1_genomic,45fd681443cce466fcd8278dc02a4bdd,0.4664978125719549,158000,130,558305000,/nfs3_ib/nfs-ip34/home/def-ilafores/analysis/MethodsComparison/Feces_RA/preproc/SRR5091464/SRR5091464_unmatched_2.fastq,SRR5091464,590323ac,705947000,31,DNA,1000,705947,True,0.8279340058077269,0.9757032001498263,0.9018186029787766,0.9757032001498263,False,9226,3836012,6450406
159000,0.0002252293727432796,0.06523569023569023,0.0002195632250013103,9.332745876771168e-05,3.8838709677419354,1.0,16.7724639306791,/net/nfs-ip34/jbod2/def-ilafores/ref_dbs/sourmash_db/RefSeq_20250528.k31.sbt.zip,GCF_003945365.1_PFJ30894_01_genomic,41e393347aeaa24ab6fcfff277c4c1f9,0.06691919191919192,155000,131,558150000,/nfs3_ib/nfs-ip34/home/def-ilafores/analysis/MethodsComparison/Feces_RA/preproc/SRR5091464/SRR5091464_unmatched_2.fastq,SRR5091464,590323ac,705947000,31,DNA,1000,705947,True,0.7626806759745816,0.9164621606990456,0.8395714183368136,0.9164621606990456,False,602,3836614,6450406
1389000,0.0019675698033988385,0.06678155967255493,0.0002195632250013103,0.00013921604314519117,5.7935483870967746,5.0,3.8932477100140517,/net/nfs-ip34/jbod2/def-ilafores/ref_dbs/sourmash_db/RefSeq_20250528.k31.sbt.zip,GCF_020181475.1_ASM2018147v1_genomic,a39f185fc49b93265fe933249aa6be17,0.5984489444205084,155000,132,557995000,/nfs3_ib/nfs-ip34/home/def-ilafores/analysis/MethodsComparison/Feces_RA/preproc/SRR5091464/SRR5091464_unmatched_2.fastq,SRR5091464,590323ac,705947000,31,DNA,1000,705947,True,0.8179135898220681,0.9835746476979624,0.9007441187600153,0.9835746476979624,False,898,3837512,6450406
419000,0.000593528975971284,0.042535446205170975,0.00021673015113032564,0.001422856173704415,59.98692810457516,4.0,79.00161220561473,/net/nfs-ip34/jbod2/def-ilafores/ref_dbs/sourmash_db/RefSeq_20250528.k31.sbt.zip,GCF_000265365.1_ASM26536v1_genomic,79a393fb99d8977a1fe96a36cabdd09c,0.11648596052265776,153000,133,557842000,/nfs3_ib/nfs-ip34/home/def-ilafores/analysis/MethodsComparison/Feces_RA/preproc/SRR5091464/SRR5091464_unmatched_2.fastq,SRR5091464,590323ac,705947000,31,DNA,1000,705947,True,0.7868962605525445,0.932996024176599,0.8599461423645718,0.932996024176599,False,9178,3846690,6450406
2169000,0.003072468613082852,0.04386724386724387,0.00021531361419483333,4.418326536345154e-05,1.875,1.0,1.1993007831320102,/net/nfs-ip34/jbod2/def-ilafores/ref_dbs/sourmash_db/RefSeq_20250528.k31.sbt.zip,GCF_042848385.1_ASM4284838v1_genomic,e8ef29c997c2b15b3aefce07de5bc023,0.625974025974026,152000,134,557690000,/nfs3_ib/nfs-ip34/home/def-ilafores/analysis/MethodsComparison/Feces_RA/preproc/SRR5091464/SRR5091464_unmatched_2.fastq,SRR5091464,590323ac,705947000,31,DNA,1000,705947,True,0.8297575413331664,0.9850024266399132,0.9073799839865397,0.9850024266399132,False,285,3846975,6450406
2866000,0.004059794857121002,0.03721044849679645,0.000213897077259341,0.00029005926138602747,12.390728476821192,9.0,14.187007165607678,/net/nfs-ip34/jbod2/def-ilafores/ref_dbs/sourmash_db/RefSeq_20250528.k31.sbt.zip,GCF_000210655.1_ASM21065v1_genomic,586860c088f340576435f05f9fd3cc1d,0.7062592410054214,151000,135,557539000,/nfs3_ib/nfs-ip34/home/def-ilafores/analysis/MethodsComparison/Feces_RA/preproc/SRR5091464/SRR5091464_unmatched_2.fastq,SRR5091464,590323ac,705947000,31,DNA,1000,705947,True,0.8372496421997965,0.9888442114689352,0.9130469268343658,0.9888442114689352,False,1871,3848846,6450406
257000,0.0003640499924215274,0.04590570719602978,0.00020964746645286403,9.208722675750953e-05,4.013513513513513,2.0,4.7248430354115305,/net/nfs-ip34/jbod2/def-ilafores/ref_dbs/sourmash_db/RefSeq_20250528.k31.sbt.zip,GCF_042848755.1_ASM4284875v1_genomic,92985eccd492baad7ea1e3f3c13c1b98,0.07971464019851117,148000,136,557391000,/nfs3_ib/nfs-ip34/home/def-ilafores/analysis/MethodsComparison/Feces_RA/preproc/SRR5091464/SRR5091464_unmatched_2.fastq,SRR5091464,590323ac,705947000,31,DNA,1000,705947,True,0.7745861200670917,0.9216494003184336,0.8481177601927626,0.9216494003184336,False,594,3849440,6450406
273000,0.00038671458338940457,0.049932065217391304,0.0002082309295173717,8.821150172562781e-05,3.870748299319728,1.0,10.34787572853044,/net/nfs-ip34/jbod2/def-ilafores/ref_dbs/sourmash_db/RefSeq_20250528.k31.sbt.zip,GCF_014337155.1_ASM1433715v1_genomic,37519ff08fa08b5bc2ed2e92c46c0d51,0.09273097826086957,147000,137,557244000,/nfs3_ib/nfs-ip34/home/def-ilafores/analysis/MethodsComparison/Feces_RA/preproc/SRR5091464/SRR5091464_unmatched_2.fastq,SRR5091464,590323ac,705947000,31,DNA,1000,705947,True,0.7760966774762563,0.9261571253520301,0.8511269014141432,0.9261571253520301,False,569,3850009,6450406
535000,0.0007578472604883936,0.039289558665231435,0.00020681439258187937,0.00010247416984295252,4.527397260273973,1.0,37.33414376259378,/net/nfs-ip34/jbod2/def-ilafores/ref_dbs/sourmash_db/RefSeq_20250528.k31.sbt.zip,GCF_015074785.1_ASM1507478v1_genomic,988b2ef58a54374a65546dbc194ca3be,0.14397201291711517,146000,138,557098000,/nfs3_ib/nfs-ip34/home/def-ilafores/analysis/MethodsComparison/Feces_RA/preproc/SRR5091464/SRR5091464_unmatched_2.fastq,SRR5091464,590323ac,705947000,31,DNA,1000,705947,True,0.7931244616980107,0.939393779193457,0.8662591204457338,0.939393779193457,False,661,3850670,6450406
2140000,0.0030313890419535745,0.046542117338577514,0.00020114824483991007,0.0005373305184200809,24.408450704225352,16.0,25.72693960702175,/net/nfs-ip34/jbod2/def-ilafores/ref_dbs/sourmash_db/RefSeq_20250528.k31.sbt.zip,GCF_042852915.1_ASM4285291v1_genomic,83df1fc7945fffe52952776a8424f7ce,0.7014093739757457,142000,139,556956000,/nfs3_ib/nfs-ip34/home/def-ilafores/analysis/MethodsComparison/Feces_RA/preproc/SRR5091464/SRR5091464_unmatched_2.fastq,SRR5091464,590323ac,705947000,31,DNA,1000,705947,True,0.8293973333881878,0.9886244360922385,0.9090108847402132,0.9886244360922385,False,3466,3854136,6450406
356000,0.0005042871490352675,0.0364476386036961,0.00020114824483991007,0.0005004336161165669,22.732394366197184,1.0,38.28137404133194,/net/nfs-ip34/jbod2/def-ilafores/ref_dbs/sourmash_db/RefSeq_20250528.k31.sbt.zip,GCF_025147325.1_ASM2514732v1_genomic,0878062848e44bf823b15b8a5d1eba75,0.09137577002053388,142000,140,556814000,/nfs3_ib/nfs-ip34/home/def-ilafores/analysis/MethodsComparison/Feces_RA/preproc/SRR5091464/SRR5091464_unmatched_2.fastq,SRR5091464,590323ac,705947000,31,DNA,1000,705947,True,0.7827710782278222,0.925717387325633,0.8542442327767277,0.925717387325633,False,3228,3857364,6450406
1585000,0.0022452110427553344,0.043827160493827164,0.00020114824483991007,0.0013070495097517892,59.37323943661972,63.5,34.522825507993204,/net/nfs-ip34/jbod2/def-ilafores/ref_dbs/sourmash_db/RefSeq_20250528.k31.sbt.zip,GCF_000209855.1_ASM20985v1_genomic,2b845165824bdb6c15dab3f5f2327265,0.48919753086419754,142000,141,556672000,/nfs3_ib/nfs-ip34/home/def-ilafores/analysis/MethodsComparison/Feces_RA/preproc/SRR5091464/SRR5091464_unmatched_2.fastq,SRR5091464,590323ac,705947000,31,DNA,1000,705947,True,0.8214037531368825,0.9771997858066132,0.8993017694717478,0.9771997858066132,False,8431,3865795,6450406
882000,0.0012493855771042303,0.03975972540045766,0.0001968986340334331,0.00016805143738239114,7.798561151079137,1.0,19.22909211432575,/net/nfs-ip34/jbod2/def-ilafores/ref_dbs/sourmash_db/RefSeq_20250528.k31.sbt.zip,GCF_028743455.1_ASM2874345v1_genomic,e7c81f7d63e990a73ddfcefd48f5bb04,0.2522883295194508,139000,142,556533000,/nfs3_ib/nfs-ip34/home/def-ilafores/analysis/MethodsComparison/Feces_RA/preproc/SRR5091464/SRR5091464_unmatched_2.fastq,SRR5091464,590323ac,705947000,31,DNA,1000,705947,True,0.8060185705556365,0.9565471014532058,0.8812828360044211,0.9565471014532058,False,1084,3866879,6450406
3774000,0.005346010394548032,0.021049420378279438,0.00019548209709794077,0.0012310852991269077,57.54347826086956,69.0,43.909841682672386,/net/nfs-ip34/jbod2/def-ilafores/ref_dbs/sourmash_db/RefSeq_20250528.k31.sbt.zip,GCF_025263845.1_ASM2526384v1_genomic,d20001d187626a256609db74af93bd0e,0.5756558877364246,138000,143,556395000,/nfs3_ib/nfs-ip34/home/def-ilafores/analysis/MethodsComparison/Feces_RA/preproc/SRR5091464/SRR5091464_unmatched_2.fastq,SRR5091464,590323ac,705947000,31,DNA,1000,705947,True,0.8447158411292188,0.9823433759479885,0.9135296085386037,0.9823433759479885,False,7941,3874820,6450406
1859000,0.002633342163080231,0.05205582798943795,0.00019548209709794077,6.371691952413538e-05,2.9782608695652173,2.0,3.013177318900346,/net/nfs-ip34/jbod2/def-ilafores/ref_dbs/sourmash_db/RefSeq_20250528.k31.sbt.zip,GCF_033096525.1_ASM3309652v1_genomic,435d8e70fb203ed034f71349b4691d0d,0.7012448132780082,138000,144,556257000,/nfs3_ib/nfs-ip34/home/def-ilafores/analysis/MethodsComparison/Feces_RA/preproc/SRR5091464/SRR5091464_unmatched_2.fastq,SRR5091464,590323ac,705947000,31,DNA,1000,705947,True,0.8256396818672274,0.9886169531307757,0.9071283174990015,0.9886169531307757,False,411,3875231,6450406
4231000,0.005993367774068025,0.02134002824415503,0.00019264902322695614,0.0005092702691892572,24.154411764705884,5.0,31.23555635067722,/net/nfs-ip34/jbod2/def-ilafores/ref_dbs/sourmash_db/RefSeq_20250528.k31.sbt.zip,GCF_016864215.1_ASM1686421v1_genomic,3460a6d706973d7ef76859c83dbd244e,0.6638945551545583,136000,145,556121000,/nfs3_ib/nfs-ip34/home/def-ilafores/analysis/MethodsComparison/Feces_RA/preproc/SRR5091464/SRR5091464_unmatched_2.fastq,SRR5091464,590323ac,705947000,31,DNA,1000,705947,True,0.8478362190591792,0.9868729870490777,0.9173546030541284,0.9868729870490777,False,3285,3878516,6450406
3665000,0.005191607868579369,0.02735868034600684,0.00019264902322695614,0.00024277541599707056,11.514705882352942,6.0,20.029384771511566,/net/nfs-ip34/jbod2/def-ilafores/ref_dbs/sourmash_db/RefSeq_20250528.k31.sbt.zip,GCF_000724795.2_ASM72479v2_genomic,530ecbc54a096415e9e9d83c37295139,0.7372762019714343,136000,146,555985000,/nfs3_ib/nfs-ip34/home/def-ilafores/analysis/MethodsComparison/Feces_RA/preproc/SRR5091464/SRR5091464_unmatched_2.fastq,SRR5091464,590323ac,705947000,31,DNA,1000,705947,True,0.8439176320005796,0.990216153996645,0.9170668929986123,0.990216153996645,False,1566,3880082,6450406
628000,0.0008895851954891798,0.04321855235418131,0.00017423404306555592,0.0003432342088234446,18.0,12.0,23.698650093626906,/net/nfs-ip34/jbod2/def-ilafores/ref_dbs/sourmash_db/RefSeq_20250528.k31.sbt.zip,GCF_019968055.1_ASM1996805v1_genomic,68b64f4d4c3889600ebe30d1a4137e53,0.2206605762473647,123000,147,555862000,/nfs3_ib/nfs-ip34/home/def-ilafores/analysis/MethodsComparison/Feces_RA/preproc/SRR5091464/SRR5091464_unmatched_2.fastq,SRR5091464,590323ac,705947000,31,DNA,1000,705947,True,0.7972356210696884,0.9524229034452922,0.8748292622574902,0.9524229034452922,False,2214,3882296,6450406
699000,0.0009901593179091348,0.03246579017976925,0.00017140096919457127,8.014999365931384e-05,4.2727272727272725,2.0,7.968948000294954,/net/nfs-ip34/jbod2/def-ilafores/ref_dbs/sourmash_db/RefSeq_20250528.k31.sbt.zip,GCF_033096465.1_ASM3309646v1_genomic,2c68bd9dadc6532293ac0421ad590fc2,0.18755030855916285,121000,148,555741000,/nfs3_ib/nfs-ip34/home/def-ilafores/analysis/MethodsComparison/Feces_RA/preproc/SRR5091464/SRR5091464_unmatched_2.fastq,SRR5091464,590323ac,705947000,31,DNA,1000,705947,True,0.7999949778257877,0.9474410259371934,0.8737180018814905,0.9474410259371934,False,517,3882813,6450406
687000,0.0009731608746832269,0.019509835536923575,0.00017140096919457127,3.4416438283109624e-05,1.834710743801653,1.0,4.598503363138235,/net/nfs-ip34/jbod2/def-ilafores/ref_dbs/sourmash_db/RefSeq_20250528.k31.sbt.zip,GCF_013112035.1_ASM1311203v1_genomic,2c7f1ed5ed72fbc8e35c73aaa96fdec4,0.1107707191228636,121000,149,555620000,/nfs3_ib/nfs-ip34/home/def-ilafores/analysis/MethodsComparison/Feces_RA/preproc/SRR5091464/SRR5091464_unmatched_2.fastq,SRR5091464,590323ac,705947000,31,DNA,1000,705947,True,0.7995482292892239,0.93148314149648,0.865515685392852,0.93148314149648,False,222,3883035,6450406
4370000,0.006190266408101458,0.017868145409735057,0.00016431828451710963,0.0004298954205363197,23.905172413793103,16.0,20.50608759414017,/net/nfs-ip34/jbod2/def-ilafores/ref_dbs/sourmash_db/RefSeq_20250528.k31.sbt.zip,GCF_001314995.1_ASM131499v1_genomic,514bdd6aa640f40cc6414be0e11ec2f6,0.6731361675908811,116000,150,555504000,/nfs3_ib/nfs-ip34/home/def-ilafores/analysis/MethodsComparison/Feces_RA/preproc/SRR5091464/SRR5091464_unmatched_2.fastq,SRR5091464,590323ac,705947000,31,DNA,1000,705947,True,0.8487207446020535,0.9873131765542946,0.9180169605781741,0.9873131765542946,False,2773,3885808,6450406
5132000,0.007269667552946609,0.01682270333528379,0.00016290174758161732,0.0002762616802725286,15.495652173913044,5.0,35.2791042755866,/net/nfs-ip34/jbod2/def-ilafores/ref_dbs/sourmash_db/RefSeq_20250528.k31.sbt.zip,GCF_036419675.1_ASM3641967v1_genomic,51dc6ef63345e816c319b25acd75ad05,0.7507314218841428,115000,151,555389000,/nfs3_ib/nfs-ip34/home/def-ilafores/analysis/MethodsComparison/Feces_RA/preproc/SRR5091464/SRR5091464_unmatched_2.fastq,SRR5091464,590323ac,705947000,31,DNA,1000,705947,True,0.8531327194889549,0.990794013792255,0.9219633666406049,0.990794013792255,False,1782,3887590,6450406
4551000,0.006446659593425569,0.021531548399176183,0.00016290174758161732,0.0006934447227042763,38.89565217391304,16.0,47.30040424738433,/net/nfs-ip34/jbod2/def-ilafores/ref_dbs/sourmash_db/RefSeq_20250528.k31.sbt.zip,GCF_025916455.1_ASM2591645v1_genomic,27ccee7b3170a58b99749b4c684abf80,0.8520876240404419,115000,152,555274000,/nfs3_ib/nfs-ip34/home/def-ilafores/analysis/MethodsComparison/Feces_RA/preproc/SRR5091464/SRR5091464_unmatched_2.fastq,SRR5091464,590323ac,705947000,31,DNA,1000,705947,True,0.8498325840270297,0.9948498909946173,0.9223412375108235,0.9948498909946173,False,4473,3892063,6450406
222000,0.000314471199679296,0.0260428670200507,0.00016006867371063266,3.348626427545801e-05,1.9115044247787611,1.0,2.1963667590468376,/net/nfs-ip34/jbod2/def-ilafores/ref_dbs/sourmash_db/RefSeq_20250528.k31.sbt.zip,GCF_033539535.1_ASM3353953v1_genomic,0427dc13b30085ec6c0b07b74b672320,0.05116386264116156,113000,153,555161000,/nfs3_ib/nfs-ip34/home/def-ilafores/analysis/MethodsComparison/Feces_RA/preproc/SRR5091464/SRR5091464_unmatched_2.fastq,SRR5091464,590323ac,705947000,31,DNA,1000,705947,True,0.7709367310287414,0.9085600896378031,0.8397484103332722,0.9085600896378031,False,216,3892279,6450406
351000,0.0004972044643578059,0.054196642685851316,0.00016006867371063266,2.775019122827307e-05,1.584070796460177,1.0,0.9381365800220518,/net/nfs-ip34/jbod2/def-ilafores/ref_dbs/sourmash_db/RefSeq_20250528.k31.sbt.zip,GCF_002094955.1_ASM209495v1_genomic,d687911f6f9ef1eaa53b6d16bebeb8a4,0.1683453237410072,113000,154,555048000,/nfs3_ib/nfs-ip34/home/def-ilafores/analysis/MethodsComparison/Feces_RA/preproc/SRR5091464/SRR5091464_unmatched_2.fastq,SRR5091464,590323ac,705947000,31,DNA,1000,705947,True,0.7824140012676036,0.9441451005145295,0.8632795508910666,0.9441451005145295,False,179,3892458,6450406
1293000,0.0018315822575915757,0.03497164461247637,0.000157235599839648,0.000688638823664743,40.01801801801802,32.0,37.01472363048408,/net/nfs-ip34/jbod2/def-ilafores/ref_dbs/sourmash_db/RefSeq_20250528.k31.sbt.zip,GCF_023347235.1_ASM2334723v1_genomic,463a8ff2f26f37a3c67c2a86a64398f8,0.40737240075614367,111000,155,554937000,/nfs3_ib/nfs-ip34/home/def-ilafores/analysis/MethodsComparison/Feces_RA/preproc/SRR5091464/SRR5091464_unmatched_2.fastq,SRR5091464,590323ac,705947000,31,DNA,1000,705947,True,0.8160261540218332,0.971446938519915,0.8937365462708742,0.971446938519915,False,4442,3896900,6450406
1515000,0.0021460534572708715,0.028100025779840165,0.00015440252596866336,3.395135127928381e-05,2.0091743119266057,1.0,2.1223814426167547,/net/nfs-ip34/jbod2/def-ilafores/ref_dbs/sourmash_db/RefSeq_20250528.k31.sbt.zip,GCF_010508875.1_ASM1050887v1_genomic,59ccf44fc685eb2124290b6866f4a03f,0.3905645784996133,109000,156,554828000,/nfs3_ib/nfs-ip34/home/def-ilafores/analysis/MethodsComparison/Feces_RA/preproc/SRR5091464/SRR5091464_unmatched_2.fastq,SRR5091464,590323ac,705947000,31,DNA,1000,705947,True,0.8202077872236505,0.9701274689570704,0.8951676280903604,0.9701274689570704,False,219,3897119,6450406
161000,0.00022806244661426425,0.02809278350515464,0.00015440252596866336,3.1780945261430054e-05,1.8807339449541285,1.0,2.9420231778074077,/net/nfs-ip34/jbod2/def-ilafores/ref_dbs/sourmash_db/RefSeq_20250528.k31.sbt.zip,GCF_014337215.1_ASM1433721v1_genomic,d5aef74860ab7c1cca263aa607c62d70,0.04149484536082474,109000,157,554719000,/nfs3_ib/nfs-ip34/home/def-ilafores/analysis/MethodsComparison/Feces_RA/preproc/SRR5091464/SRR5091464_unmatched_2.fastq,SRR5091464,590323ac,705947000,31,DNA,1000,705947,True,0.762988274522116,0.9024417232176468,0.8327149988698814,0.9024417232176468,False,205,3897324,6450406
1812000,0.002566764927112092,0.04625267665952891,0.00015298598903317105,4.743887439023218e-05,2.8333333333333335,2.0,1.9317042945237453,/net/nfs-ip34/jbod2/def-ilafores/ref_dbs/sourmash_db/RefSeq_20250528.k31.sbt.zip,GCF_009728915.1_ASM972891v1_genomic,dd9a7a25cf2d3a15ed15405a169aba38,0.776017130620985,108000,158,554611000,/nfs3_ib/nfs-ip34/home/def-ilafores/analysis/MethodsComparison/Feces_RA/preproc/SRR5091464/SRR5091464_unmatched_2.fastq,SRR5091464,590323ac,705947000,31,DNA,1000,705947,True,0.8249579451224548,0.9918533432935738,0.9084056442080143,0.9918533432935738,False,306,3897630,6450406
1524000,0.0021588022896903026,0.03496277112334089,0.00015298598903317105,3.2711119269081664e-05,1.9537037037037037,2.0,1.2426395089669173,/net/nfs-ip34/jbod2/def-ilafores/ref_dbs/sourmash_db/RefSeq_20250528.k31.sbt.zip,GCF_014163495.1_ASM1416349v1_genomic,a350fcb0d912191bf783d6a3905b8c8f,0.4933635480738103,108000,159,554503000,/nfs3_ib/nfs-ip34/home/def-ilafores/analysis/MethodsComparison/Feces_RA/preproc/SRR5091464/SRR5091464_unmatched_2.fastq,SRR5091464,590323ac,705947000,31,DNA,1000,705947,True,0.8203645152840664,0.9774671327182582,0.8989158240011623,0.9774671327182582,False,211,3897841,6450406
129000,0.00018273326467850985,0.03394172270252962,0.0001501529151621864,9.100202374858264e-05,5.537735849056604,4.0,5.20916197276742,/net/nfs-ip34/jbod2/def-ilafores/ref_dbs/sourmash_db/RefSeq_20250528.k31.sbt.zip,GCF_963931295.1_metabat2_pooled_hifiasm.920_MAG_genomic,49e856f7ebd19a4afcc59831657227c6,0.04130643611911623,106000,160,554397000,/nfs3_ib/nfs-ip34/home/def-ilafores/analysis/MethodsComparison/Feces_RA/preproc/SRR5091464/SRR5091464_unmatched_2.fastq,SRR5091464,590323ac,705947000,31,DNA,1000,705947,True,0.7575537832139231,0.902309252013648,0.8299315176137856,0.902309252013648,False,587,3898428,6450406
3985000,0.005644899687936913,0.021,0.00014873637822669408,0.0008318856208430911,51.10476190476191,49.0,45.385528175845366,/net/nfs-ip34/jbod2/def-ilafores/ref_dbs/sourmash_db/RefSeq_20250528.k31.sbt.zip,GCF_016766915.1_ASM1676691v1_genomic,bca43bd2d776e339740f17809f096165,0.797,105000,161,554292000,/nfs3_ib/nfs-ip34/home/def-ilafores/analysis/MethodsComparison/Feces_RA/preproc/SRR5091464/SRR5091464_unmatched_2.fastq,SRR5091464,590323ac,705947000,31,DNA,1000,705947,True,0.8461995334974303,0.9927073471852473,0.9194534403413388,0.9927073471852473,False,5366,3903794,6450406
1947000,0.0027579974134035556,0.021450459652706845,0.00014873637822669408,0.00016557097336198683,10.17142857142857,10.0,5.903118050749827,/net/nfs-ip34/jbod2/def-ilafores/ref_dbs/sourmash_db/RefSeq_20250528.k31.sbt.zip,GCF_040687835.1_BfineCL09T03C10_hyb1_genomic,2fc098c7ce25807ec176d4c82a66ac2e,0.39775280898876403,105000,162,554187000,/nfs3_ib/nfs-ip34/home/def-ilafores/analysis/MethodsComparison/Feces_RA/preproc/SRR5091464/SRR5091464_unmatched_2.fastq,SRR5091464,590323ac,705947000,31,DNA,1000,705947,True,0.8268724294906606,0.9706983659873154,0.898785397738988,0.9706983659873154,False,1068,3904862,6450406
1702000,0.0024109458642079364,0.03729433272394881,0.0001444867674202171,0.00021145955773946632,13.372549019607844,7.0,19.23738270925905,/net/nfs-ip34/jbod2/def-ilafores/ref_dbs/sourmash_db/RefSeq_20250528.k31.sbt.zip,GCF_902388275.1_UHGG_MGYG-HGUT-02545_genomic,35aa97e0127f24ba3813815f3d766914,0.6223034734917733,102000,163,554085000,/nfs3_ib/nfs-ip34/home/def-ilafores/analysis/MethodsComparison/Feces_RA/preproc/SRR5091464/SRR5091464_unmatched_2.fastq,SRR5091464,590323ac,705947000,31,DNA,1000,705947,True,0.8232930214016987,0.9848155797146999,0.9040543005581994,0.9848155797146999,False,1364,3906226,6450406
199000,0.0002818908501629726,0.03631787126932758,0.00014307023048472478,0.0001790584964729352,11.435643564356436,3.0,20.56114563282746,/net/nfs-ip34/jbod2/def-ilafores/ref_dbs/sourmash_db/RefSeq_20250528.k31.sbt.zip,GCF_014334055.1_ASM1433405v1_genomic,7d82c091b7553167242da89b74e9d599,0.07155699388709097,101000,164,553984000,/nfs3_ib/nfs-ip34/home/def-ilafores/analysis/MethodsComparison/Feces_RA/preproc/SRR5091464/SRR5091464_unmatched_2.fastq,SRR5091464,590323ac,705947000,31,DNA,1000,705947,True,0.7682215455136299,0.9184452938322607,0.8433334196729453,0.9184452938322607,False,1155,3907381,6450406
3720000,0.005269517400031447,0.02061430632859204,0.00014165369354923244,0.0012506189532875914,80.67,100.0,62.361054352857124,/net/nfs-ip34/jbod2/def-ilafores/ref_dbs/sourmash_db/RefSeq_20250528.k31.sbt.zip,GCF_006742345.1_ASM674234v1_genomic,aa13184474b5d866ab5daea20b7e99ed,0.766852195423624,100000,165,553884000,/nfs3_ib/nfs-ip34/home/def-ilafores/analysis/MethodsComparison/Feces_RA/preproc/SRR5091464/SRR5091464_unmatched_2.fastq,SRR5091464,590323ac,705947000,31,DNA,1000,705947,True,0.8443232273104087,0.9914732957691952,0.9178982615398019,0.9914732957691952,False,8067,3915448,6450406
1586000,0.0022466275796908268,0.031269543464665414,0.00014165369354923244,0.00019316613558898463,12.46,8.5,17.136172268041655,/net/nfs-ip34/jbod2/def-ilafores/ref_dbs/sourmash_db/RefSeq_20250528.k31.sbt.zip,GCF_000209935.1_ASM20993v1_genomic,dcbd1d093e4e25fa785bf2accc52d95b,0.4959349593495935,100000,166,553784000,/nfs3_ib/nfs-ip34/home/def-ilafores/analysis/MethodsComparison/Feces_RA/preproc/SRR5091464/SRR5091464_unmatched_2.fastq,SRR5091464,590323ac,705947000,31,DNA,1000,705947,True,0.8214204653195953,0.9776310603058181,0.8995257628127067,0.9776310603058181,False,1246,3916694,6450406
3673000,0.005202940164063308,0.015182995045548986,0.00013457100887177083,0.00045733555376204225,31.05263157894737,34.0,26.240735075171173,/net/nfs-ip34/jbod2/def-ilafores/ref_dbs/sourmash_db/RefSeq_20250528.k31.sbt.zip,GCF_018279805.1_ASM1827980v1_genomic,5b9c0b804dcb35d49a9058ef0c729857,0.5870225347610676,95000,167,553689000,/nfs3_ib/nfs-ip34/home/def-ilafores/analysis/MethodsComparison/Feces_RA/preproc/SRR5091464/SRR5091464_unmatched_2.fastq,SRR5091464,590323ac,705947000,31,DNA,1000,705947,True,0.8439769923006466,0.9829631811151157,0.9134700867078811,0.9829631811151157,False,2950,3919644,6450406
151000,0.000213897077259341,0.024739583333333332,0.00013457100887177083,2.185908917981287e-05,1.4842105263157894,1.0,1.2214155540513922,/net/nfs-ip34/jbod2/def-ilafores/ref_dbs/sourmash_db/RefSeq_20250528.k31.sbt.zip,GCF_042853155.1_ASM4285315v1_genomic,efaf2d7610e4ff97776a88ae72c12130,0.039322916666666666,95000,168,553594000,/nfs3_ib/nfs-ip34/home/def-ilafores/analysis/MethodsComparison/Feces_RA/preproc/SRR5091464/SRR5091464_unmatched_2.fastq,SRR5091464,590323ac,705947000,31,DNA,1000,705947,True,0.7614116391938321,0.9008780202348994,0.8311448297143658,0.9008780202348994,False,141,3919785,6450406
163000,0.0002308955204852489,0.030684754521963824,0.00013457100887177083,1.5967987131352663e-05,1.0842105263157895,1.0,0.27770328333206146,/net/nfs-ip34/jbod2/def-ilafores/ref_dbs/sourmash_db/RefSeq_20250528.k31.sbt.zip,GCF_045011645.1_ASM4501164v1_genomic,a672a4816797528b8e73133677375aba,0.05264857881136951,95000,169,553499000,/nfs3_ib/nfs-ip34/home/def-ilafores/analysis/MethodsComparison/Feces_RA/preproc/SRR5091464/SRR5091464_unmatched_2.fastq,SRR5091464,590323ac,705947000,31,DNA,1000,705947,True,0.7632921972297608,0.9093988656393545,0.8363455314345576,0.9093988656393545,False,103,3919888,6450406
2206000,0.003124880479696068,0.03195105370496261,0.00013315447193627851,0.00047702423692400135,32.734042553191486,26.0,30.401979055092358,/net/nfs-ip34/jbod2/def-ilafores/ref_dbs/sourmash_db/RefSeq_20250528.k31.sbt.zip,GCF_036815185.2_ASM3681518v1_genomic,c6ed66af62435c7dcd0b26067f44e3e0,0.7498300475866757,94000,170,553405000,/nfs3_ib/nfs-ip34/home/def-ilafores/analysis/MethodsComparison/Feces_RA/preproc/SRR5091464/SRR5091464_unmatched_2.fastq,SRR5091464,590323ac,705947000,31,DNA,1000,705947,True,0.8302104097351566,0.9907556170222778,0.9104830133787172,0.9907556170222778,False,3077,3922965,6450406
1306000,0.0018499972377529759,0.02444857826202498,0.00013032139806529386,5.488026645144507e-05,3.847826086956522,1.0,7.672558077200532,/net/nfs-ip34/jbod2/def-ilafores/ref_dbs/sourmash_db/RefSeq_20250528.k31.sbt.zip,GCF_016696805.1_ASM1669680v1_genomic,aae5e198dca9a13d7ca553c9a4da3e8e,0.3470635131543981,92000,171,553313000,/nfs3_ib/nfs-ip34/home/def-ilafores/analysis/MethodsComparison/Feces_RA/preproc/SRR5091464/SRR5091464_unmatched_2.fastq,SRR5091464,590323ac,705947000,31,DNA,1000,705947,True,0.8162895342392393,0.9664390784239275,0.8913643063315835,0.9664390784239275,False,354,3923319,6450406
1244000,0.0017621719477524517,0.032904148783977114,0.00013032139806529386,2.8525336234649415e-05,2.0,2.0,1.103354568734741,/net/nfs-ip34/jbod2/def-ilafores/ref_dbs/sourmash_db/RefSeq_20250528.k31.sbt.zip,GCF_030864025.1_ASM3086402v1_genomic,f73fd890bde9240f282aef5dc2a2f54a,0.4449213161659514,92000,172,553221000,/nfs3_ib/nfs-ip34/home/def-ilafores/analysis/MethodsComparison/Feces_RA/preproc/SRR5091464/SRR5091464_unmatched_2.fastq,SRR5091464,590323ac,705947000,31,DNA,1000,705947,True,0.8150098318102974,0.9742138449211245,0.8946118383657109,0.9742138449211245,False,184,3923503,6450406
2212000,0.0031333797013090216,0.02751196172248804,0.00013032139806529386,2.7595162226997805e-05,1.934782608695652,1.0,1.4356058244433965,/net/nfs-ip34/jbod2/def-ilafores/ref_dbs/sourmash_db/RefSeq_20250528.k31.sbt.zip,GCF_021378605.1_ASM2137860v1_genomic,e637002d92ae15032f3197b305d6135e,0.6614832535885168,92000,173,553129000,/nfs3_ib/nfs-ip34/home/def-ilafores/analysis/MethodsComparison/Feces_RA/preproc/SRR5091464/SRR5091464_unmatched_2.fastq,SRR5091464,590323ac,705947000,31,DNA,1000,705947,True,0.8302831544269874,0.9867571582940947,0.9085201563605411,0.9867571582940947,False,178,3923681,6450406
652000,0.0009235820819409956,0.024390243902439025,0.00012890486112980152,0.00011906227297940626,8.43956043956044,2.0,14.505178151728439,/net/nfs-ip34/jbod2/def-ilafores/ref_dbs/sourmash_db/RefSeq_20250528.k31.sbt.zip,GCF_964272215.1_LUMC_Rgna_QRD018_genomic,1db489ce378c8c9dd0db628b18549369,0.17475207719110158,91000,174,553038000,/nfs3_ib/nfs-ip34/home/def-ilafores/analysis/MethodsComparison/Feces_RA/preproc/SRR5091464/SRR5091464_unmatched_2.fastq,SRR5091464,590323ac,705947000,31,DNA,1000,705947,True,0.7982007157149346,0.9452833560597647,0.8717420358873496,0.9452833560597647,False,768,3924449,6450406
346000,0.0004901217796803443,0.02377841651424092,0.00012890486112980152,0.00013487523110948364,9.56043956043956,4.0,23.5452376329355,/net/nfs-ip34/jbod2/def-ilafores/ref_dbs/sourmash_db/RefSeq_20250528.k31.sbt.zip,GCF_020736365.1_ASM2073636v1_genomic,31dce30d78c030ed012824aeb71a6951,0.09041024301019075,91000,175,552947000,/nfs3_ib/nfs-ip34/home/def-ilafores/analysis/MethodsComparison/Feces_RA/preproc/SRR5091464/SRR5091464_unmatched_2.fastq,SRR5091464,590323ac,705947000,31,DNA,1000,705947,True,0.7820519674874046,0.9254002258996722,0.8537260966935384,0.9254002258996722,False,870,3925319,6450406
96000,0.00013598754580726314,0.049429657794676805,0.00012890486112980152,1.953365416068384e-05,1.3846153846153846,1.0,0.6249260311258431,/net/nfs-ip34/jbod2/def-ilafores/ref_dbs/sourmash_db/RefSeq_20250528.k31.sbt.zip,GCF_901542485.1_42166_C01_genomic,22ea6b18c3e14d4a70fe8312346b70d0,0.052145573058120585,91000,176,552856000,/nfs3_ib/nfs-ip34/home/def-ilafores/analysis/MethodsComparison/Feces_RA/preproc/SRR5091464/SRR5091464_unmatched_2.fastq,SRR5091464,590323ac,705947000,31,DNA,1000,705947,True,0.75036775936026,0.9091172902410968,0.8297425248006784,0.9091172902410968,False,126,3925445,6450406
3500000,0.004957879274223136,0.017964071856287425,0.0001274883241943092,0.0001440219421847245,10.322222222222223,10.5,7.969145747858881,/net/nfs-ip34/jbod2/def-ilafores/ref_dbs/sourmash_db/RefSeq_20250528.k31.sbt.zip,GCF_013267615.1_ASM1326761v1_genomic,f7ba54d71eb58c08e526c4bd72fb6cbc,0.6986027944111777,90000,177,552766000,/nfs3_ib/nfs-ip34/home/def-ilafores/analysis/MethodsComparison/Feces_RA/preproc/SRR5091464/SRR5091464_unmatched_2.fastq,SRR5091464,590323ac,705947000,31,DNA,1000,705947,True,0.8426645189167588,0.9884965811005418,0.9155805500086502,0.9884965811005418,False,929,3926374,6450406
2017000,0.0028571549988880185,0.025470332850940667,0.00012465525032332456,0.0012713928394584774,93.19318181818181,103.5,86.85317521208702,/net/nfs-ip34/jbod2/def-ilafores/ref_dbs/sourmash_db/RefSeq_20250528.k31.sbt.zip,GCF_006542645.1_Aond_1.0_genomic,566b2b26a16f5715c1c9a70e9e58a94c,0.5837916063675832,88000,178,552678000,/nfs3_ib/nfs-ip34/home/def-ilafores/analysis/MethodsComparison/Feces_RA/preproc/SRR5091464/SRR5091464_unmatched_2.fastq,SRR5091464,590323ac,705947000,31,DNA,1000,705947,True,0.8278151084174377,0.9827881934770631,0.9053016509472505,0.9827881934770631,False,8201,3934575,6450406
340000,0.00048162255806739033,0.03580146460537022,0.00012465525032332456,9.239728476006006e-05,6.7727272727272725,3.0,7.879385175494447,/net/nfs-ip34/jbod2/def-ilafores/ref_dbs/sourmash_db/RefSeq_20250528.k31.sbt.zip,GCF_018326305.1_ASM1832630v1_genomic,5128153ef7f1c80fc4c112268b755214,0.1383238405207486,88000,179,552590000,/nfs3_ib/nfs-ip34/home/def-ilafores/analysis/MethodsComparison/Feces_RA/preproc/SRR5091464/SRR5091464_unmatched_2.fastq,SRR5091464,590323ac,705947000,31,DNA,1000,705947,True,0.7816107836491045,0.9381817946539677,0.859896289151536,0.9381817946539677,False,596,3935171,6450406
476000,0.0006742715812943465,0.02480270574971815,0.00012465525032332456,5.829090447950098e-05,4.2727272727272725,3.0,5.658315025307432,/net/nfs-ip34/jbod2/def-ilafores/ref_dbs/sourmash_db/RefSeq_20250528.k31.sbt.zip,GCF_036419155.1_ASM3641915v1_genomic,adc420f297b3ff1fa16ce829a637366f,0.13416009019165728,88000,180,552502000,/nfs3_ib/nfs-ip34/home/def-ilafores/analysis/MethodsComparison/Feces_RA/preproc/SRR5091464/SRR5091464_unmatched_2.fastq,SRR5091464,590323ac,705947000,31,DNA,1000,705947,True,0.7901405496925878,0.9372572693135379,0.8636989095030629,0.9372572693135379,False,376,3935547,6450406
2880000,0.004079626374217895,0.021105527638190954,0.00011898910258135526,0.00016200530633265564,12.44047619047619,7.0,17.692042326368217,/net/nfs-ip34/jbod2/def-ilafores/ref_dbs/sourmash_db/RefSeq_20250528.k31.sbt.zip,GCF_000209995.1_ASM20999v1_genomic,300ebb94b057c743776c0c6aab2d0089,0.7236180904522613,84000,181,552418000,/nfs3_ib/nfs-ip34/home/def-ilafores/analysis/MethodsComparison/Feces_RA/preproc/SRR5091464/SRR5091464_unmatched_2.fastq,SRR5091464,590323ac,705947000,31,DNA,1000,705947,True,0.8373812618342191,0.9896190474253861,0.9135001546298026,0.9896190474253861,False,1045,3936592,6450406
3617000,0.005123614095675738,0.01623502126014689,0.00011898910258135526,0.0001951815126055631,14.988095238095237,3.0,29.529845293169906,/net/nfs-ip34/jbod2/def-ilafores/ref_dbs/sourmash_db/RefSeq_20250528.k31.sbt.zip,GCF_000210835.1_ASM21083v1_genomic,dd09be046e9da870a56029d77d11ec3e,0.6990722844994202,84000,182,552334000,/nfs3_ib/nfs-ip34/home/def-ilafores/analysis/MethodsComparison/Feces_RA/preproc/SRR5091464/SRR5091464_unmatched_2.fastq,SRR5091464,590323ac,705947000,31,DNA,1000,705947,True,0.8435588151150128,0.9885180035142452,0.916038409314629,0.9885180035142452,False,1259,3937851,6450406
88000,0.00012465525032332456,0.03304484657749803,0.00011898910258135526,2.061885716961072e-05,1.5833333333333333,1.0,1.2364343254980594,/net/nfs-ip34/jbod2/def-ilafores/ref_dbs/sourmash_db/RefSeq_20250528.k31.sbt.zip,GCF_900015215.1_CRIB_assembly_V1_genomic,4f1f5b624ed155579fa4ba377193c4ab,0.03461841070023604,84000,183,552250000,/nfs3_ib/nfs-ip34/home/def-ilafores/analysis/MethodsComparison/Feces_RA/preproc/SRR5091464/SRR5091464_unmatched_2.fastq,SRR5091464,590323ac,705947000,31,DNA,1000,705947,True,0.7482645661886727,0.897182667685838,0.8227236169372554,0.897182667685838,False,133,3937984,6450406
139000,0.0001968986340334331,0.02244788882950294,0.00011898910258135526,2.4804640204042972e-05,1.9047619047619047,1.0,2.4670159708549746,/net/nfs-ip34/jbod2/def-ilafores/ref_dbs/sourmash_db/RefSeq_20250528.k31.sbt.zip,GCF_042854125.1_ASM4285412v1_genomic,c47a93bd32f231be1ec96546cc3273b3,0.037145911277391766,84000,184,552166000,/nfs3_ib/nfs-ip34/home/def-ilafores/analysis/MethodsComparison/Feces_RA/preproc/SRR5091464/SRR5091464_unmatched_2.fastq,SRR5091464,590323ac,705947000,31,DNA,1000,705947,True,0.7593805022146686,0.8992244301867498,0.8293024662007091,0.8992244301867498,False,160,3938144,6450406
1848000,0.0026177602567898158,0.011821677823671842,0.00011757256564586293,0.000613604787047513,47.68674698795181,48.0,37.19953611281025,/net/nfs-ip34/jbod2/def-ilafores/ref_dbs/sourmash_db/RefSeq_20250528.k31.sbt.zip,GCF_020091405.1_ASM2009140v1_genomic,6567e1e09256d8c7a31fd1e8d0b378f2,0.26321036889332006,83000,185,552083000,/nfs3_ib/nfs-ip34/home/def-ilafores/analysis/MethodsComparison/Feces_RA/preproc/SRR5091464/SRR5091464_unmatched_2.fastq,SRR5091464,590323ac,705947000,31,DNA,1000,705947,True,0.8254816339915689,0.9578557189620367,0.8916686764768028,0.9578557189620367,False,3958,3942102,6450406
169000,0.00023939474209820283,0.027338603425559948,0.00011757256564586293,2.4029495197666628e-05,1.8674698795180722,1.0,2.2375281345062934,/net/nfs-ip34/jbod2/def-ilafores/ref_dbs/sourmash_db/RefSeq_20250528.k31.sbt.zip,GCF_018406465.1_ASM1840646v1_genomic,8aba6659b6915b21c1eb4ba9db50d3da,0.055665349143610016,83000,186,552000000,/nfs3_ib/nfs-ip34/home/def-ilafores/analysis/MethodsComparison/Feces_RA/preproc/SRR5091464/SRR5091464_unmatched_2.fastq,SRR5091464,590323ac,705947000,31,DNA,1000,705947,True,0.7641827769783227,0.9110348658066376,0.8376088213924802,0.9110348658066376,False,155,3942257,6450406
3294000,0.004666072665511717,0.011962071480671042,0.0001161560287103706,0.00019161584557623193,15.073170731707316,12.0,13.59499592999955,/net/nfs-ip34/jbod2/def-ilafores/ref_dbs/sourmash_db/RefSeq_20250528.k31.sbt.zip,GCF_025147085.1_ASM2514708v1_genomic,5b057d4064659334efb7b362a7eec964,0.48052516411378554,82000,187,551918000,/nfs3_ib/nfs-ip34/home/def-ilafores/analysis/MethodsComparison/Feces_RA/preproc/SRR5091464/SRR5091464_unmatched_2.fastq,SRR5091464,590323ac,705947000,31,DNA,1000,705947,True,0.8410172178115346,0.9766361117673626,0.9088266647894486,0.9766361117673626,False,1236,3943493,6450406
4867000,0.0068942852650411435,0.013484268353587481,0.00011473949177487828,6.821276056111817e-05,5.432098765432099,4.0,4.567567555380155,/net/nfs-ip34/jbod2/def-ilafores/ref_dbs/sourmash_db/RefSeq_20250528.k31.sbt.zip,GCF_024758905.1_ASM2475890v1_genomic,5087e51480cbff0221b860855a630520,0.8102214083569169,81000,188,551837000,/nfs3_ib/nfs-ip34/home/def-ilafores/analysis/MethodsComparison/Feces_RA/preproc/SRR5091464/SRR5091464_unmatched_2.fastq,SRR5091464,590323ac,705947000,31,DNA,1000,705947,True,0.8516748971686859,0.9932343544458151,0.9224546258072506,0.9932343544458151,False,440,3943933,6450406
186000,0.00026347587000157235,0.035555555555555556,0.00011332295483938595,2.030879916706018e-05,1.6375,1.0,1.1095466416514448,/net/nfs-ip34/jbod2/def-ilafores/ref_dbs/sourmash_db/RefSeq_20250528.k31.sbt.zip,GCF_902388175.1_UHGG_MGYG-HGUT-02539_genomic,139286699907f4d64c15ca615fb65f4b,0.08266666666666667,80000,189,551757000,/nfs3_ib/nfs-ip34/home/def-ilafores/analysis/MethodsComparison/Feces_RA/preproc/SRR5091464/SRR5091464_unmatched_2.fastq,SRR5091464,590323ac,705947000,31,DNA,1000,705947,True,0.7665491869350198,0.9227311352461978,0.8446401610906088,0.9227311352461978,False,131,3944064,6450406
1551000,0.0021970487869485953,0.034071550255536626,0.00011332295483938595,8.263045767971814e-05,6.6625,6.0,4.260116635727242,/net/nfs-ip34/jbod2/def-ilafores/ref_dbs/sourmash_db/RefSeq_20250528.k31.sbt.zip,GCF_021484885.1_ASM2148488v1_genomic,900b4b516a4394bde113876bc484f3c5,0.6605621805792163,80000,190,551677000,/nfs3_ib/nfs-ip34/home/def-ilafores/analysis/MethodsComparison/Feces_RA/preproc/SRR5091464/SRR5091464_unmatched_2.fastq,SRR5091464,590323ac,705947000,31,DNA,1000,705947,True,0.8208293815086731,0.9867128059505278,0.9037710937296004,0.9867128059505278,False,533,3944597,6450406
2024000,0.002867070757436465,0.00022759795958429233,0.00011332295483938595,2.185908917981287e-05,1.7625,1.0,1.267317541107989,/net/nfs-ip34/jbod2/def-ilafores/ref_dbs/sourmash_db/RefSeq_20250528.k31.sbt.zip,plasmid.7.1.genomic,7a8c695160f2da22a8aff644e0702b99,0.005758228377482596,80000,191,551597000,/nfs3_ib/nfs-ip34/home/def-ilafores/analysis/MethodsComparison/Feces_RA/preproc/SRR5091464/SRR5091464_unmatched_2.fastq,SRR5091464,590323ac,705947000,31,DNA,1000,705947,True,0.8279076284000221,0.8467422968190599,0.8373249626095409,0.8467422968190599,False,141,3944738,6450406
737000,0.0010439877214578432,0.02365464222353637,0.00011332295483938595,0.00010479960486208155,8.45,3.0,12.5418300100105,/net/nfs-ip34/jbod2/def-ilafores/ref_dbs/sourmash_db/RefSeq_20250528.k31.sbt.zip,GCF_001454945.1_ASM145494v1_genomic,380e5279419db353c2f7e8db083c21b8,0.2179183914843288,80000,192,551517000,/nfs3_ib/nfs-ip34/home/def-ilafores/analysis/MethodsComparison/Feces_RA/preproc/SRR5091464/SRR5091464_unmatched_2.fastq,SRR5091464,590323ac,705947000,31,DNA,1000,705947,True,0.801362256332838,0.9520387850441636,0.8767005206885008,0.9520387850441636,False,676,3945414,6450406
831000,0.0011771421933941216,0.01467620620069712,0.00011332295483938595,8.170028367206653e-05,6.5875,2.0,17.251589600671583,/net/nfs-ip34/jbod2/def-ilafores/ref_dbs/sourmash_db/RefSeq_20250528.k31.sbt.zip,GCF_032878955.1_ASM3287895v1_genomic,d537b5d78c84c0e05f44ffcd0d82c127,0.15244909190974132,80000,193,551437000,/nfs3_ib/nfs-ip34/home/def-ilafores/analysis/MethodsComparison/Feces_RA/preproc/SRR5091464/SRR5091464_unmatched_2.fastq,SRR5091464,590323ac,705947000,31,DNA,1000,705947,True,0.8044714028964343,0.9411290703124504,0.8728002366044423,0.9411290703124504,False,527,3945941,6450406
3376000,0.004782228694222087,0.015218647659410518,0.00011190641790389364,0.0006830577796188333,55.77215189873418,22.0,56.66221239142406,/net/nfs-ip34/jbod2/def-ilafores/ref_dbs/sourmash_db/RefSeq_20250528.k31.sbt.zip,GCF_018289175.1_ASM1828917v1_genomic,c011021d83e072fd7dafbdfb08120209,0.6503563860527837,79000,194,551358000,/nfs3_ib/nfs-ip34/home/def-ilafores/analysis/MethodsComparison/Feces_RA/preproc/SRR5091464/SRR5091464_unmatched_2.fastq,SRR5091464,590323ac,705947000,31,DNA,1000,705947,True,0.8416845703843646,0.9862173216685183,0.9139509460264414,0.9862173216685183,False,4406,3950347,6450406
138000,0.00019548209709794077,0.02360774818401937,0.00011048988096840132,1.7208219141554812e-05,1.4230769230769231,1.0,0.8089123874024284,/net/nfs-ip34/jbod2/def-ilafores/ref_dbs/sourmash_db/RefSeq_20250528.k31.sbt.zip,GCF_046112175.1_ASM4611217v1_genomic,781a6de8df57558a624e51b21b4769cf,0.041767554479418885,78000,195,551280000,/nfs3_ib/nfs-ip34/home/def-ilafores/analysis/MethodsComparison/Feces_RA/preproc/SRR5091464/SRR5091464_unmatched_2.fastq,SRR5091464,590323ac,705947000,31,DNA,1000,705947,True,0.7592036545673942,0.9026324385647567,0.8309180465660755,0.9026324385647567,False,111,3950458,6450406
78000,0.00011048988096840132,0.02909231962761831,0.00010624027016192434,1.7828335146655883e-05,1.5333333333333334,1.0,1.2892719737209146,/net/nfs-ip34/jbod2/def-ilafores/ref_dbs/sourmash_db/RefSeq_20250528.k31.sbt.zip,GCF_022846135.1_ASM2284613v1_genomic,dcaa90dde7a434e64f49683ce8eb4ee4,0.030256012412723042,75000,196,551205000,/nfs3_ib/nfs-ip34/home/def-ilafores/analysis/MethodsComparison/Feces_RA/preproc/SRR5091464/SRR5091464_unmatched_2.fastq,SRR5091464,590323ac,705947000,31,DNA,1000,705947,True,0.7453585577272153,0.8932929890545331,0.8193257733908742,0.8932929890545331,False,115,3950573,6450406
87000,0.00012323871338783222,0.03441945846718678,0.00010624027016192434,1.612301613262793e-05,1.3866666666666667,1.0,0.7464285334548483,/net/nfs-ip34/jbod2/def-ilafores/ref_dbs/sourmash_db/RefSeq_20250528.k31.sbt.zip,GCF_031582885.1_ASM3158288v1_genomic,4e1b364991e125fd4e1beb9ce9c4ebab,0.039926571821936666,75000,197,551130000,/nfs3_ib/nfs-ip34/home/def-ilafores/analysis/MethodsComparison/Feces_RA/preproc/SRR5091464/SRR5091464_unmatched_2.fastq,SRR5091464,590323ac,705947000,31,DNA,1000,705947,True,0.747988756125735,0.9013208551522561,0.8246548056389955,0.9013208551522561,False,104,3950677,6450406
3990000,0.005651982372614375,0.014043863024240093,0.00010340719629093969,0.00045811069876841863,40.47945205479452,37.0,39.54089597485465,/net/nfs-ip34/jbod2/def-ilafores/ref_dbs/sourmash_db/RefSeq_20250528.k31.sbt.zip,GCF_024759565.1_ASM2475956v1_genomic,960bb5f95152f9a5590d4499db9b2620,0.767602924201616,73000,198,551057000,/nfs3_ib/nfs-ip34/home/def-ilafores/analysis/MethodsComparison/Feces_RA/preproc/SRR5091464/SRR5091464_unmatched_2.fastq,SRR5091464,590323ac,705947000,31,DNA,1000,705947,True,0.8462337621053203,0.9915045914991532,0.9188691768022368,0.9915045914991532,False,2955,3953632,6450406
1751000,0.00248035617404706,0.031684027777777776,0.00010340719629093969,3.30211772716322e-05,2.9178082191780823,3.0,1.8708537693346894,/net/nfs-ip34/jbod2/def-ilafores/ref_dbs/sourmash_db/RefSeq_20250528.k31.sbt.zip,GCF_000497735.1_BLONGv1.0_genomic,55c60982172da58e8ea37b3dda40f3b5,0.7599826388888888,73000,199,550984000,/nfs3_ib/nfs-ip34/home/def-ilafores/analysis/MethodsComparison/Feces_RA/preproc/SRR5091464/SRR5091464_unmatched_2.fastq,SRR5091464,590323ac,705947000,31,DNA,1000,705947,True,0.824047158356471,0.9911855387901654,0.9076163485733182,0.9911855387901654,False,213,3953845,6450406
962000,0.0013627085319436161,0.026080743122543767,0.00010340719629093969,0.00033517270075713066,29.616438356164384,15.0,30.851669050557124,/net/nfs-ip34/jbod2/def-ilafores/ref_dbs/sourmash_db/RefSeq_20250528.k31.sbt.zip,GCF_023347535.1_ASM2334753v1_genomic,1a6ea346590b713f033b7fae8ab21643,0.34369417649160416,73000,200,550911000,/nfs3_ib/nfs-ip34/home/def-ilafores/analysis/MethodsComparison/Feces_RA/preproc/SRR5091464/SRR5091464_unmatched_2.fastq,SRR5091464,590323ac,705947000,31,DNA,1000,705947,True,0.8082791690044192,0.9661349923197345,0.8872070806620769,0.9661349923197345,False,2162,3956007,6450406
164000,0.0002323120574207412,0.01627854397467782,0.00010199065935544736,2.3254350191290284e-05,2.0833333333333335,1.0,2.9142847416742854,/net/nfs-ip34/jbod2/def-ilafores/ref_dbs/sourmash_db/RefSeq_20250528.k31.sbt.zip,GCF_044336395.1_ASM4433639v1_genomic,7004ceefcd6696a06bbad6d1e5c7b9f6,0.03707890572009948,72000,201,550839000,/nfs3_ib/nfs-ip34/home/def-ilafores/analysis/MethodsComparison/Feces_RA/preproc/SRR5091464/SRR5091464_unmatched_2.fastq,SRR5091464,590323ac,705947000,31,DNA,1000,705947,True,0.7634428078403445,0.8991720598268602,0.8313074338336024,0.8991720598268602,False,150,3956157,6450406
819000,0.0011601437501682138,0.021037037037037038,0.00010057412241995504,5.4260150446344e-05,4.929577464788732,2.0,8.318186326665563,/net/nfs-ip34/jbod2/def-ilafores/ref_dbs/sourmash_db/RefSeq_20250528.k31.sbt.zip,GCF_023008345.1_ASM2300834v1_genomic,80788e4d9f7a77cc8143de8cf6b02058,0.24266666666666667,71000,202,550768000,/nfs3_ib/nfs-ip34/home/def-ilafores/analysis/MethodsComparison/Feces_RA/preproc/SRR5091464/SRR5091464_unmatched_2.fastq,SRR5091464,590323ac,705947000,31,DNA,1000,705947,True,0.8040940201973462,0.955348039961039,0.8797210300791927,0.955348039961039,False,350,3956507,6450406
83000,0.00011757256564586293,0.03137428192664605,0.00010057412241995504,1.4262668117324708e-05,1.295774647887324,1.0,0.5908782243212121,/net/nfs-ip34/jbod2/def-ilafores/ref_dbs/sourmash_db/RefSeq_20250528.k31.sbt.zip,GCF_025149465.1_ASM2514946v1_genomic,677185919c87c84037b930b75fadfbd6,0.03667697746354397,71000,203,550697000,/nfs3_ib/nfs-ip34/home/def-ilafores/analysis/MethodsComparison/Feces_RA/preproc/SRR5091464/SRR5091464_unmatched_2.fastq,SRR5091464,590323ac,705947000,31,DNA,1000,705947,True,0.7468539414260285,0.898855984254252,0.8228549628401403,0.898855984254252,False,92,3956599,6450406
200000,0.0002833073870984649,0.022439949431099875,0.00010057412241995504,3.147088725887952e-05,2.859154929577465,1.0,4.1121454413634755,/net/nfs-ip34/jbod2/def-ilafores/ref_dbs/sourmash_db/RefSeq_20250528.k31.sbt.zip,GCF_042852765.1_ASM4285276v1_genomic,3aa76380a2dbd057e75b72c09cae7f14,0.0632111251580278,71000,204,550626000,/nfs3_ib/nfs-ip34/home/def-ilafores/analysis/MethodsComparison/Feces_RA/preproc/SRR5091464/SRR5091464_unmatched_2.fastq,SRR5091464,590323ac,705947000,31,DNA,1000,705947,True,0.7683457730609246,0.9147784392885995,0.841562106174762,0.9147784392885995,False,203,3956802,6450406
1360000,0.0019264902322695613,0.013693193093867831,9.774104854897038e-05,1.3177465108397828e-05,1.2318840579710144,1.0,0.7049499424356702,/net/nfs-ip34/jbod2/def-ilafores/ref_dbs/sourmash_db/RefSeq_20250528.k31.sbt.zip,GCF_022354085.1_ASM2235408v1_genomic,ff3142deeaa347b6c29a2cfad6cf9773,0.2698948204008732,69000,205,550557000,/nfs3_ib/nfs-ip34/home/def-ilafores/analysis/MethodsComparison/Feces_RA/preproc/SRR5091464/SRR5091464_unmatched_2.fastq,SRR5091464,590323ac,705947000,31,DNA,1000,705947,True,0.817357087080807,0.958630929573486,0.8879940083271465,0.958630929573486,False,85,3956887,6450406
3545000,0.00502162343632029,0.013987431583215082,9.774104854897038e-05,3.705193130478919e-05,3.463768115942029,3.0,2.3379646179798006,/net/nfs-ip34/jbod2/def-ilafores/ref_dbs/sourmash_db/RefSeq_20250528.k31.sbt.zip,GCF_045689415.1_ASM4568941v1_genomic,6bce66b634b08044fc3b860c0033ad49,0.7186296371376444,69000,206,550488000,/nfs3_ib/nfs-ip34/home/def-ilafores/analysis/MethodsComparison/Feces_RA/preproc/SRR5091464/SRR5091464_unmatched_2.fastq,SRR5091464,590323ac,705947000,31,DNA,1000,705947,True,0.8430118550161174,0.9893982389837275,0.9162050469999224,0.9893982389837275,False,239,3957126,6450406
69000,9.774104854897038e-05,0.6448598130841121,9.774104854897038e-05,0.0008644417111108976,80.81159420289855,79.0,24.00982610583488,/net/nfs-ip34/jbod2/def-ilafores/ref_dbs/sourmash_db/RefSeq_20250528.k31.sbt.zip,GCF_021090185.1_ASM2109018v1_genomic,b92c273ae33940cfb97cc3d8d402e2e8,0.6448598130841121,69000,207,550419000,/nfs3_ib/nfs-ip34/home/def-ilafores/analysis/MethodsComparison/Feces_RA/preproc/SRR5091464/SRR5091464_unmatched_2.fastq,SRR5091464,590323ac,705947000,31,DNA,1000,705947,True,0.7424165505454207,0.9859473402881082,0.8641819454167644,0.9859473402881082,False,5576,3962702,6450406
775000,0.0010978161250065515,0.024954792043399638,9.774104854897038e-05,0.0001696017273951438,15.855072463768115,10.0,25.586610720905473,/net/nfs-ip34/jbod2/def-ilafores/ref_dbs/sourmash_db/RefSeq_20250528.k31.sbt.zip,GCF_023347275.1_ASM2334727v1_genomic,88f1b5eec91b23fd70f1b11b9f13bd9a,0.28028933092224234,69000,208,550350000,/nfs3_ib/nfs-ip34/home/def-ilafores/analysis/MethodsComparison/Feces_RA/preproc/SRR5091464/SRR5091464_unmatched_2.fastq,SRR5091464,590323ac,705947000,31,DNA,1000,705947,True,0.8026629429333599,0.9598002461947586,0.8812315945640592,0.9598002461947586,False,1094,3963796,6450406
4107000,0.005817717194066977,0.010833200573522384,9.632451161347807e-05,0.00034121883180686613,32.36764705882353,23.5,29.302130223588495,/net/nfs-ip34/jbod2/def-ilafores/ref_dbs/sourmash_db/RefSeq_20250528.k31.sbt.zip,GCF_006546965.1_ASM654696v1_genomic,d3b5011d40cba3b27ab151b054210724,0.6542934522861239,68000,209,550282000,/nfs3_ib/nfs-ip34/home/def-ilafores/analysis/MethodsComparison/Feces_RA/preproc/SRR5091464/SRR5091464_unmatched_2.fastq,SRR5091464,590323ac,705947000,31,DNA,1000,705947,True,0.8470230820304457,0.9864093491031297,0.9167162155667877,0.9864093491031297,False,2201,3965997,6450406
2173000,0.0030781347608248213,0.02388479100807868,9.632451161347807e-05,0.00023192338590780176,22.0,14.5,24.202576430668554,/net/nfs-ip34/jbod2/def-ilafores/ref_dbs/sourmash_db/RefSeq_20250528.k31.sbt.zip,GCF_042854225.1_ASM4285422v1_genomic,387027c4a6ea2f36548bc8ed31ebb8dc,0.7632595714787496,68000,210,550214000,/nfs3_ib/nfs-ip34/home/def-ilafores/analysis/MethodsComparison/Feces_RA/preproc/SRR5091464/SRR5091464_unmatched_2.fastq,SRR5091464,590323ac,705947000,31,DNA,1000,705947,True,0.8298068590214426,0.9913231179362192,0.9105649884788309,0.9913231179362192,False,1496,3967493,6450406
184000,0.0002606427961305877,0.02517162471395881,9.349143774249342e-05,5.953113648970313e-05,5.818181818181818,1.0,10.857072950747417,/net/nfs-ip34/jbod2/def-ilafores/ref_dbs/sourmash_db/RefSeq_20250528.k31.sbt.zip,GCF_025152405.1_ASM2515240v1_genomic,f688e4f928dd46c9b090e97a39a1952a,0.07017543859649122,66000,211,550148000,/nfs3_ib/nfs-ip34/home/def-ilafores/analysis/MethodsComparison/Feces_RA/preproc/SRR5091464/SRR5091464_unmatched_2.fastq,SRR5091464,590323ac,705947000,31,DNA,1000,705947,True,0.7662819077705223,0.917867865853365,0.8420748868119436,0.917867865853365,False,384,3967877,6450406
5266000,0.007459483502302581,0.01001408230323893,9.065836387150877e-05,6.898790556749451e-05,6.953125,5.0,9.930114688883256,/net/nfs-ip34/jbod2/def-ilafores/ref_dbs/sourmash_db/RefSeq_20250528.k31.sbt.zip,GCF_025916255.1_ASM2591625v1_genomic,8b45c98d7c8c5311425c50e58478a45c,0.8239712095133782,64000,212,550084000,/nfs3_ib/nfs-ip34/home/def-ilafores/analysis/MethodsComparison/Feces_RA/preproc/SRR5091464/SRR5091464_unmatched_2.fastq,SRR5091464,590323ac,705947000,31,DNA,1000,705947,True,0.8538423699571132,0.9937736680033284,0.9238080189802208,0.9937736680033284,False,445,3968322,6450406
154000,0.00021814668806581798,0.015892724112242365,9.065836387150877e-05,1.1007059090544068e-05,1.109375,1.0,0.3121091305537215,/net/nfs-ip34/jbod2/def-ilafores/ref_dbs/sourmash_db/RefSeq_20250528.k31.sbt.zip,GCF_027923645.1_ASM2792364v1_genomic,9fb8a945f847c19c6bae95891438e391,0.03824186739508319,64000,213,550020000,/nfs3_ib/nfs-ip34/home/def-ilafores/analysis/MethodsComparison/Feces_RA/preproc/SRR5091464/SRR5091464_unmatched_2.fastq,SRR5091464,590323ac,705947000,31,DNA,1000,705947,True,0.7618949884392299,0.9000682756302485,0.8309816320347392,0.9000682756302485,False,71,3968393,6450406
598000,0.00084708908742441,0.02121312562147829,9.065836387150877e-05,0.0001268137230431697,12.78125,9.0,14.658048930110038,/net/nfs-ip34/jbod2/def-ilafores/ref_dbs/sourmash_db/RefSeq_20250528.k31.sbt.zip,GCF_023347335.1_ASM2334733v1_genomic,d566eb779c3a1233616a97a7ab79e713,0.19821014252568778,64000,214,549956000,/nfs3_ib/nfs-ip34/home/def-ilafores/analysis/MethodsComparison/Feces_RA/preproc/SRR5091464/SRR5091464_unmatched_2.fastq,SRR5091464,590323ac,705947000,31,DNA,1000,705947,True,0.795977768759307,0.9491320550775555,0.8725549119184313,0.9491320550775555,False,818,3969211,6450406
317000,0.00044904220855106685,0.01689545934530095,9.065836387150877e-05,4.8989164402984866e-05,4.9375,3.0,11.998535066832117,/net/nfs-ip34/jbod2/def-ilafores/ref_dbs/sourmash_db/RefSeq_20250528.k31.sbt.zip,GCF_042852885.1_ASM4285288v1_genomic,f32238affe7c3d61e1c1adbb08f0b285,0.08368532206969377,64000,215,549892000,/nfs3_ib/nfs-ip34/home/def-ilafores/analysis/MethodsComparison/Feces_RA/preproc/SRR5091464/SRR5091464_unmatched_2.fastq,SRR5091464,590323ac,705947000,31,DNA,1000,705947,True,0.7798467442853624,0.9230957497935054,0.8514712470394339,0.9230957497935054,False,316,3969527,6450406
1748000,0.002476106563240583,0.011203983638627067,8.924182693601644e-05,0.0003142437855849694,32.17460317460318,38.0,23.445674920154833,/net/nfs-ip34/jbod2/def-ilafores/ref_dbs/sourmash_db/RefSeq_20250528.k31.sbt.zip,GCF_009193295.2_ASM919329v2_genomic,b4482d10cb2488078dd11fc3de09368a,0.3108660857193669,63000,216,549829000,/nfs3_ib/nfs-ip34/home/def-ilafores/analysis/MethodsComparison/Feces_RA/preproc/SRR5091464/SRR5091464_unmatched_2.fastq,SRR5091464,590323ac,705947000,31,DNA,1000,705947,True,0.824001577154314,0.963011333353606,0.89350645525396,0.963011333353606,False,2027,3971554,6450406
908000,0.0012862155374270307,0.020646020646020648,8.782529000052412e-05,4.8369048397883795e-05,5.032258064516129,2.0,8.102105942753171,/net/nfs-ip34/jbod2/def-ilafores/ref_dbs/sourmash_db/RefSeq_20250528.k31.sbt.zip,GCF_045002855.1_ASM4500285v1_genomic,dd29d2640adac915604f66646e32abae,0.30236430236430234,62000,217,549767000,/nfs3_ib/nfs-ip34/home/def-ilafores/analysis/MethodsComparison/Feces_RA/preproc/SRR5091464/SRR5091464_unmatched_2.fastq,SRR5091464,590323ac,705947000,31,DNA,1000,705947,True,0.8067743024168353,0.9621503006067628,0.884462301511799,0.9621503006067628,False,312,3971866,6450406
887000,0.0012564682617816918,0.02194244604316547,8.640875306503179e-05,1.4572726119875245e-05,1.540983606557377,1.0,0.7371582674071185,/net/nfs-ip34/jbod2/def-ilafores/ref_dbs/sourmash_db/RefSeq_20250528.k31.sbt.zip,GCF_004101765.1_ASM410176v1_genomic,a194c5d6b416a6631b319885aae8a814,0.3190647482014389,61000,218,549706000,/nfs3_ib/nfs-ip34/home/def-ilafores/analysis/MethodsComparison/Feces_RA/preproc/SRR5091464/SRR5091464_unmatched_2.fastq,SRR5091464,590323ac,705947000,31,DNA,1000,705947,True,0.8061655634277443,0.9638203486343807,0.8849929560310625,0.9638203486343807,False,94,3971960,6450406
368000,0.0005212855922611755,0.01112732579350602,8.640875306503179e-05,2.6044872214245117e-05,2.7540983606557377,2.0,2.832225202359897,/net/nfs-ip34/jbod2/def-ilafores/ref_dbs/sourmash_db/RefSeq_20250528.k31.sbt.zip,GCF_042852215.1_ASM4285221v1_genomic,d35409bea897b51a978082dedf226ca8,0.06712878511492155,61000,219,549645000,/nfs3_ib/nfs-ip34/home/def-ilafores/analysis/MethodsComparison/Feces_RA/preproc/SRR5091464/SRR5091464_unmatched_2.fastq,SRR5091464,590323ac,705947000,31,DNA,1000,705947,True,0.7836086417804926,0.9165546139132514,0.850081627846872,0.9165546139132514,False,168,3972128,6450406
1428000,0.0020228147438830393,0.020976616231086657,8.640875306503179e-05,2.1083944173436525e-05,2.2295081967213113,1.0,3.394274072528765,/net/nfs-ip34/jbod2/def-ilafores/ref_dbs/sourmash_db/RefSeq_20250528.k31.sbt.zip,GCF_000210695.1_ASM21069v1_genomic,63c45790e4e0e34800467d47c7de68dd,0.49105914718019256,61000,220,549584000,/nfs3_ib/nfs-ip34/home/def-ilafores/analysis/MethodsComparison/Feces_RA/preproc/SRR5091464/SRR5091464_unmatched_2.fastq,SRR5091464,590323ac,705947000,31,DNA,1000,705947,True,0.8186445188623959,0.9773195230236527,0.8979820209430243,0.9773195230236527,False,136,3972264,6450406
4572000,0.006476406869070908,0.010893246187363835,8.499221612953947e-05,0.00016185027733138039,17.4,9.5,28.24901178212552,/net/nfs-ip34/jbod2/def-ilafores/ref_dbs/sourmash_db/RefSeq_20250528.k31.sbt.zip,GCF_025146415.1_ASM2514641v1_genomic,fc9d6617c5819e3400afd74acbdba136,0.8300653594771242,60000,221,549524000,/nfs3_ib/nfs-ip34/home/def-ilafores/analysis/MethodsComparison/Feces_RA/preproc/SRR5091464/SRR5091464_unmatched_2.fastq,SRR5091464,590323ac,705947000,31,DNA,1000,705947,True,0.8499588005802194,0.9940099210403379,0.9219843608102787,0.9940099210403379,False,1044,3973308,6450406
2909000,0.004120705945347172,0.011762399529504019,8.499221612953947e-05,0.00011906227297940626,12.8,11.5,14.208917387800287,/net/nfs-ip34/jbod2/def-ilafores/ref_dbs/sourmash_db/RefSeq_20250528.k31.sbt.zip,GCF_024759645.1_ASM2475964v1_genomic,443dbc629c3d6f4328d5baf1db671df5,0.5702803371887865,60000,222,549464000,/nfs3_ib/nfs-ip34/home/def-ilafores/analysis/MethodsComparison/Feces_RA/preproc/SRR5091464/SRR5091464_unmatched_2.fastq,SRR5091464,590323ac,705947000,31,DNA,1000,705947,True,0.8376519441008924,0.9820461192884233,0.9098490316946579,0.9820461192884233,False,768,3974076,6450406
58000,8.215914225855481e-05,0.6236559139784946,8.215914225855481e-05,0.005695300419849541,633.3965517241379,622.0,294.15829304546173,/net/nfs-ip34/jbod2/def-ilafores/ref_dbs/sourmash_db/RefSeq_20250528.k31.sbt.zip,GCF_015161195.1_ASM1516119v1_genomic,143409ba4a63d4fa5d969636b39b8fff,0.6236559139784946,58000,223,549406000,/nfs3_ib/nfs-ip34/home/def-ilafores/analysis/MethodsComparison/Feces_RA/preproc/SRR5091464/SRR5091464_unmatched_2.fastq,SRR5091464,590323ac,705947000,31,DNA,1000,705947,True,,,,,False,36737,4010813,6450406
1526000,0.0021616353635612873,0.015917341524713767,8.07426053230625e-05,7.518906561850526e-05,8.508771929824562,8.0,4.750338148693349,/net/nfs-ip34/jbod2/def-ilafores/ref_dbs/sourmash_db/RefSeq_20250528.k31.sbt.zip,GCF_000209955.1_ASM20995v1_genomic,bbe76ea739202f726b440dbf1d277c90,0.42613795029321416,57000,224,549349000,/nfs3_ib/nfs-ip34/home/def-ilafores/analysis/MethodsComparison/Feces_RA/preproc/SRR5091464/SRR5091464_unmatched_2.fastq,SRR5091464,590323ac,705947000,31,DNA,1000,705947,True,0.820399222084115,0.9728592372499993,0.8966292296670572,0.9728592372499993,False,485,4011298,6450406
271000,0.00038388150951841995,0.02553579571363429,7.932606838757018e-05,1.3487523110948365e-05,1.5535714285714286,1.0,0.777349959274247,/net/nfs-ip34/jbod2/def-ilafores/ref_dbs/sourmash_db/RefSeq_20250528.k31.sbt.zip,GCF_037967965.1_PS01774_genomic,55e45b79e5ad4e85052c2f2164addbe7,0.1235750113999088,56000,225,549293000,/nfs3_ib/nfs-ip34/home/def-ilafores/analysis/MethodsComparison/Feces_RA/preproc/SRR5091464/SRR5091464_unmatched_2.fastq,SRR5091464,590323ac,705947000,31,DNA,1000,705947,True,0.7759126148247353,0.9347757569790399,0.8553441859018875,0.9347757569790399,False,87,4011385,6450406
57000,8.07426053230625e-05,0.026192703461178673,7.932606838757018e-05,1.069700108799353e-05,1.2321428571428572,1.0,0.9818181281350907,/net/nfs-ip34/jbod2/def-ilafores/ref_dbs/sourmash_db/RefSeq_20250528.k31.sbt.zip,GCF_007164725.1_ASM716472v1_genomic,c5df505dd06ebc4c265f01d9e2dc2f2f,0.02666043030869972,56000,226,549237000,/nfs3_ib/nfs-ip34/home/def-ilafores/analysis/MethodsComparison/Feces_RA/preproc/SRR5091464/SRR5091464_unmatched_2.fastq,SRR5091464,590323ac,705947000,31,DNA,1000,705947,True,0.7378550546290265,0.8896547894625393,0.8137549220457829,0.8896547894625393,False,69,4011454,6450406
167000,0.0002365616682272182,0.017418351477449457,7.932606838757018e-05,9.131208175113319e-05,10.517857142857142,3.0,15.710541355850141,/net/nfs-ip34/jbod2/def-ilafores/ref_dbs/sourmash_db/RefSeq_20250528.k31.sbt.zip,GCF_025152575.1_ASM2515257v1_genomic,b72c2af051655353465586ef3b54cb03,0.05194401244167963,56000,227,549181000,/nfs3_ib/nfs-ip34/home/def-ilafores/analysis/MethodsComparison/Feces_RA/preproc/SRR5091464/SRR5091464_unmatched_2.fastq,SRR5091464,590323ac,705947000,31,DNA,1000,705947,True,0.7638893648872266,0.909003721180607,0.8364465430339167,0.909003721180607,False,589,4012043,6450406
778000,0.0011020657358130285,0.011742503669532396,7.932606838757018e-05,5.8135875478225713e-05,6.696428571428571,6.0,4.795532306432813,/net/nfs-ip34/jbod2/def-ilafores/ref_dbs/sourmash_db/RefSeq_20250528.k31.sbt.zip,GCF_018289315.1_ASM1828931v1_genomic,b8882c82de7b01fc8d6d7c5d0f9c6851,0.16313692598028937,56000,228,549125000,/nfs3_ib/nfs-ip34/home/def-ilafores/analysis/MethodsComparison/Feces_RA/preproc/SRR5091464/SRR5091464_unmatched_2.fastq,SRR5091464,590323ac,705947000,31,DNA,1000,705947,True,0.8027629841390569,0.9431884208734893,0.8729757025062731,0.9431884208734893,False,375,4012418,6450406
345000,0.000488705242744852,0.013470487386725447,7.790953145207785e-05,1.0076885082892456e-05,1.1818181818181819,1.0,0.4706246947470831,/net/nfs-ip34/jbod2/def-ilafores/ref_dbs/sourmash_db/RefSeq_20250528.k31.sbt.zip,GCF_032452555.1_ASM3245255v1_genomic,1ad811d7d51280706b0cbe0a9464310c,0.08449669360764143,55000,229,549070000,/nfs3_ib/nfs-ip34/home/def-ilafores/analysis/MethodsComparison/Feces_RA/preproc/SRR5091464/SRR5091464_unmatched_2.fastq,SRR5091464,590323ac,705947000,31,DNA,1000,705947,True,0.7819789535285911,0.9233831097356706,0.8526810316321309,0.9233831097356706,False,65,4012483,6450406
636000,0.0009009174909731184,0.010255454036919635,7.790953145207785e-05,1.2867407105847291e-05,1.509090909090909,1.0,2.0615327684448523,/net/nfs-ip34/jbod2/def-ilafores/ref_dbs/sourmash_db/RefSeq_20250528.k31.sbt.zip,GCF_030944245.1_ASM3094424v1_genomic,6becccb8a4a952caa753de225af3e504,0.11859034122692523,55000,230,549015000,/nfs3_ib/nfs-ip34/home/def-ilafores/analysis/MethodsComparison/Feces_RA/preproc/SRR5091464/SRR5091464_unmatched_2.fastq,SRR5091464,590323ac,705947000,31,DNA,1000,705947,True,0.7975612270560297,0.9335350388383429,0.8655481329471864,0.9335350388383429,False,83,4012566,6450406
173000,0.00024506088984017216,0.017845554834523037,7.790953145207785e-05,4.9609280408085944e-05,5.818181818181818,2.0,8.314480050634357,/net/nfs-ip34/jbod2/def-ilafores/ref_dbs/sourmash_db/RefSeq_20250528.k31.sbt.zip,GCF_025149915.1_ASM2514991v1_genomic,77a3e7c3120575d9da787e808e54cdea,0.056132381570408826,55000,231,548960000,/nfs3_ib/nfs-ip34/home/def-ilafores/analysis/MethodsComparison/Feces_RA/preproc/SRR5091464/SRR5091464_unmatched_2.fastq,SRR5091464,590323ac,705947000,31,DNA,1000,705947,True,0.7647596538245035,0.9112804375533315,0.8380200456889175,0.9112804375533315,False,320,4012886,6450406
63000,8.924182693601644e-05,0.019558131111915972,7.649299451658552e-05,1.08520300892688e-05,1.2962962962962963,1.0,0.7360965523833998,/net/nfs-ip34/jbod2/def-ilafores/ref_dbs/sourmash_db/RefSeq_20250528.k31.sbt.zip,GCF_024499055.1_ASM2449905v1_genomic,8317326ae5ef3674e3dda660148cf06f,0.022817819630568635,54000,232,548906000,/nfs3_ib/nfs-ip34/home/def-ilafores/analysis/MethodsComparison/Feces_RA/preproc/SRR5091464/SRR5091464_unmatched_2.fastq,SRR5091464,590323ac,705947000,31,DNA,1000,705947,True,0.7402410682348554,0.8851993806293145,0.8127202244320849,0.8851993806293145,False,70,4012956,6450406
816000,0.0011558941393617368,0.014354066985645933,7.649299451658552e-05,7.14683695878988e-05,8.537037037037036,2.5,13.040837514235898,/net/nfs-ip34/jbod2/def-ilafores/ref_dbs/sourmash_db/RefSeq_20250528.k31.sbt.zip,GCF_042850355.1_ASM4285035v1_genomic,9019208c507d0a756fcff8594e0aec73,0.21690590111642744,54000,233,548852000,/nfs3_ib/nfs-ip34/home/def-ilafores/analysis/MethodsComparison/Feces_RA/preproc/SRR5091464/SRR5091464_unmatched_2.fastq,SRR5091464,590323ac,705947000,31,DNA,1000,705947,True,0.8039988385068166,0.9518957744507952,0.8779473064788059,0.9518957744507952,False,461,4013417,6450406
629000,0.0008910017324246721,0.016801493466085875,7.649299451658552e-05,4.8058990395333256e-05,5.7407407407407405,3.5,6.656061523668386,/net/nfs-ip34/jbod2/def-ilafores/ref_dbs/sourmash_db/RefSeq_20250528.k31.sbt.zip,GCF_004154955.1_ASM415495v1_genomic,258760aab9c6ac2bdd2f8461544f96e1,0.19570628500311138,54000,234,548798000,/nfs3_ib/nfs-ip34/home/def-ilafores/analysis/MethodsComparison/Feces_RA/preproc/SRR5091464/SRR5091464_unmatched_2.fastq,SRR5091464,590323ac,705947000,31,DNA,1000,705947,True,0.7972765406297708,0.9487429048713991,0.873009722750585,0.9487429048713991,False,310,4013727,6450406
1247000,0.0017664215585589287,0.025139664804469275,7.649299451658552e-05,4.759390339150745e-05,5.685185185185185,5.5,3.4363205670863306,/net/nfs-ip34/jbod2/def-ilafores/ref_dbs/sourmash_db/RefSeq_20250528.k31.sbt.zip,GCF_019974115.1_ASM1997411v1_genomic,c4780613fea3cc9fca86528fcdef51fc,0.5805400372439479,54000,235,548744000,/nfs3_ib/nfs-ip34/home/def-ilafores/analysis/MethodsComparison/Feces_RA/preproc/SRR5091464/SRR5091464_unmatched_2.fastq,SRR5091464,590323ac,705947000,31,DNA,1000,705947,True,0.8150731598083382,0.9826111391567355,0.8988421494825368,0.9826111391567355,False,307,4014034,6450406
186000,0.00026347587000157235,0.02135374697824335,7.50764575810932e-05,1.5967987131352663e-05,1.9433962264150944,2.0,1.0355036025669617,/net/nfs-ip34/jbod2/def-ilafores/ref_dbs/sourmash_db/RefSeq_20250528.k31.sbt.zip,GCF_042851345.1_ASM4285134v1_genomic,f81cc3ef25c95cbc9b1785d595b1acfe,0.0749395648670427,53000,236,548691000,/nfs3_ib/nfs-ip34/home/def-ilafores/analysis/MethodsComparison/Feces_RA/preproc/SRR5091464/SRR5091464_unmatched_2.fastq,SRR5091464,590323ac,705947000,31,DNA,1000,705947,True,0.7665491869350198,0.9198147302139349,0.8431819585744773,0.9198147302139349,False,103,4014137,6450406
1722000,0.0024392766029177827,0.022120200333889815,7.50764575810932e-05,5.317494743741712e-05,6.471698113207547,3.0,13.612707400689581,/net/nfs-ip34/jbod2/def-ilafores/ref_dbs/sourmash_db/RefSeq_20250528.k31.sbt.zip,GCF_042851965.1_ASM4285196v1_genomic,80a4b2a5f71b8ad7c315da992ab23acd,0.7186978297161937,53000,237,548638000,/nfs3_ib/nfs-ip34/home/def-ilafores/analysis/MethodsComparison/Feces_RA/preproc/SRR5091464/SRR5091464_unmatched_2.fastq,SRR5091464,590323ac,705947000,31,DNA,1000,705947,True,0.8236033385314119,0.9894012674412571,0.9065023029863345,0.9894012674412571,False,343,4014480,6450406
474000,0.0006714385074233618,0.017705382436260624,7.082684677461622e-05,9.503277778173963e-05,12.26,4.5,17.835705761197115,/net/nfs-ip34/jbod2/def-ilafores/ref_dbs/sourmash_db/RefSeq_20250528.k31.sbt.zip,GCF_024167885.1_ASM2416788v1_genomic,ce4fdc293b1b11e3766ab11638f10cc6,0.1678470254957507,50000,238,548588000,/nfs3_ib/nfs-ip34/home/def-ilafores/analysis/MethodsComparison/Feces_RA/preproc/SRR5091464/SRR5091464_unmatched_2.fastq,SRR5091464,590323ac,705947000,31,DNA,1000,705947,True,0.7900332372227064,0.9440548212253344,0.8670440292240204,0.9440548212253344,False,613,4015093,6450406
