intersect_bp,f_orig_query,f_match,f_unique_to_query,f_unique_weighted,average_abund,median_abund,std_abund,filename,name,md5,f_match_orig,unique_intersect_bp,gather_result_rank,remaining_bp,query_filename,query_name,query_md5,query_bp,ksize,moltype,scaled,query_n_hashes,query_abundance,query_containment_ani,match_containment_ani,average_containment_ani,max_containment_ani,potential_false_negative,n_unique_weighted_found,sum_weighted_found,total_weighted_hashes
5904000,0.01811570856537948,0.8971280960340374,0.01811570856537948,0.04827875487897456,19.475440379403793,13.0,44.25855305786957,/net/nfs-ip34/jbod2/def-ilafores/ref_dbs/sourmash_db/RefSeq_20250528.k31.sbt.zip,GCF_009734165.1_ASM973416v1_genomic,e3fa9c4f076a3f63536cf070ae5e7e25,0.8971280960340374,5904000,0,320001000,/nfs3_ib/nfs-ip34/home/def-ilafores/analysis/MethodsComparison/Feces_RA/preproc/SRR5091616/SRR5091616_unmatched_2.fastq,SRR5091616,95545865,325905000,31,DNA,1000,325905,True,0.8786344681568391,0.9965042977219287,0.9375693829393839,0.9965042977219287,False,114983,114983,2381648
5100000,0.015648731992451786,0.773067331670823,0.015219158957364877,0.06622935043297751,31.80141129032258,31.0,13.934997353213458,/net/nfs-ip34/jbod2/def-ilafores/ref_dbs/sourmash_db/RefSeq_20250528.k31.sbt.zip,GCF_024799845.1_ASM2479984v1_genomic,1affe8cbd37c62a3073bbe0490a4ad0a,0.7948877805486284,4960000,1,315041000,/nfs3_ib/nfs-ip34/home/def-ilafores/analysis/MethodsComparison/Feces_RA/preproc/SRR5091616/SRR5091616_unmatched_2.fastq,SRR5091616,95545865,325905000,31,DNA,1000,325905,True,0.8744951234659821,0.9926223708900194,0.9335587471780007,0.9926223708900194,False,157735,272718,2381648
4707000,0.014442859115386385,0.6526614620298083,0.014108405823783005,0.09087111109618214,47.068943018703784,42.0,41.1804956246513,/net/nfs-ip34/jbod2/def-ilafores/ref_dbs/sourmash_db/RefSeq_20250528.k31.sbt.zip,GCF_018292125.1_ASM1829212v1_genomic,db815f18771b0ea0ac3270b94c8884ba,0.6681334279630944,4598000,2,310443000,/nfs3_ib/nfs-ip34/home/def-ilafores/analysis/MethodsComparison/Feces_RA/preproc/SRR5091616/SRR5091616_unmatched_2.fastq,SRR5091616,95545865,325905000,31,DNA,1000,325905,True,0.8722359315914198,0.9870756212037853,0.9296557763976026,0.9870756212037853,False,216423,489141,2381648
4589000,0.01408079041438456,0.838045309867066,0.01373406360749298,0.06446838491666275,34.30317247542449,5.0,45.89091174535671,/net/nfs-ip34/jbod2/def-ilafores/ref_dbs/sourmash_db/RefSeq_20250528.k31.sbt.zip,GCF_025916455.1_ASM2591645v1_genomic,27ccee7b3170a58b99749b4c684abf80,0.8592023965549522,4476000,3,305967000,/nfs3_ib/nfs-ip34/home/def-ilafores/analysis/MethodsComparison/Feces_RA/preproc/SRR5091616/SRR5091616_unmatched_2.fastq,SRR5091616,95545865,325905000,31,DNA,1000,325905,True,0.8715218733007233,0.9951167758982259,0.9333193245994746,0.9951167758982259,False,153541,642682,2381648
4092000,0.012555806139826023,0.7218481107369996,0.01184087387428852,0.022102342579591948,13.640839595750194,12.0,42.54285890930666,/net/nfs-ip34/jbod2/def-ilafores/ref_dbs/sourmash_db/RefSeq_20250528.k31.sbt.zip,GCF_018292205.1_ASM1829220v1_genomic,8ecf5298bc316c4919161fc4689e0594,0.7654320987654321,3859000,4,302108000,/nfs3_ib/nfs-ip34/home/def-ilafores/analysis/MethodsComparison/Feces_RA/preproc/SRR5091616/SRR5091616_unmatched_2.fastq,SRR5091616,95545865,325905000,31,DNA,1000,325905,True,0.8683052092446693,0.9914140148376954,0.9298596120411824,0.9914140148376954,False,52640,695322,2381648
3542000,0.01086819778769887,0.6369773110819427,0.010423282858501711,0.008308112701793045,5.8248454518692965,4.0,17.733868007019566,/net/nfs-ip34/jbod2/def-ilafores/ref_dbs/sourmash_db/RefSeq_20250528.k31.sbt.zip,GCF_029369685.1_ASM2936968v1_genomic,616b6eb65d964b64030cd25de5f05d76,0.6641665104069004,3397000,5,298711000,/nfs3_ib/nfs-ip34/home/def-ilafores/analysis/MethodsComparison/Feces_RA/preproc/SRR5091616/SRR5091616_unmatched_2.fastq,SRR5091616,95545865,325905000,31,DNA,1000,325905,True,0.8642716014208173,0.9868860250751245,0.9255788132479709,0.9868860250751245,False,19787,715109,2381648
3397000,0.010423282858501711,0.6239045310460564,0.010266795538577192,0.004894090142623931,3.4835624626419603,3.0,2.886454335311785,/net/nfs-ip34/jbod2/def-ilafores/ref_dbs/sourmash_db/RefSeq_20250528.k31.sbt.zip,GCF_030944245.1_ASM3094424v1_genomic,6becccb8a4a952caa753de225af3e504,0.6334141338802909,3346000,6,295365000,/nfs3_ib/nfs-ip34/home/def-ilafores/analysis/MethodsComparison/Feces_RA/preproc/SRR5091616/SRR5091616_unmatched_2.fastq,SRR5091616,95545865,325905000,31,DNA,1000,325905,True,0.8631070460924887,0.9853779293284786,0.9242424877104836,0.9853779293284786,False,11656,726765,2381648
3518000,0.010794556695969685,0.6986789683371776,0.010223838235068502,0.017398876744170424,12.436374549819927,11.0,15.041015467044787,/net/nfs-ip34/jbod2/def-ilafores/ref_dbs/sourmash_db/RefSeq_20250528.k31.sbt.zip,GCF_018289315.1_ASM1828931v1_genomic,b8882c82de7b01fc8d6d7c5d0f9c6851,0.7376808555252673,3332000,7,292033000,/nfs3_ib/nfs-ip34/home/def-ilafores/analysis/MethodsComparison/Feces_RA/preproc/SRR5091616/SRR5091616_unmatched_2.fastq,SRR5091616,95545865,325905000,31,DNA,1000,325905,True,0.8640820709092772,0.9902336809384963,0.9271578759238868,0.9902336809384963,False,41438,768203,2381648
3610000,0.011076847547598226,0.665039658328249,0.010033598748101441,0.07804133944226854,56.84006116207951,57.0,32.33733393069835,/net/nfs-ip34/jbod2/def-ilafores/ref_dbs/sourmash_db/RefSeq_20250528.k31.sbt.zip,GCF_018289375.1_ASM1828937v1_genomic,d63aa3877a3e796774bd21a9b9ae06b0,0.7341875127110027,3270000,8,288763000,/nfs3_ib/nfs-ip34/home/def-ilafores/analysis/MethodsComparison/Feces_RA/preproc/SRR5091616/SRR5091616_unmatched_2.fastq,SRR5091616,95545865,325905000,31,DNA,1000,325905,True,0.8648019314872277,0.9900820646727369,0.9274419980799823,0.9900820646727369,False,185867,954070,2381648
4845000,0.014866295392829198,0.4765019011406844,0.009613230849480677,0.029754187016721195,22.618576444302587,21.0,19.327400748106967,/net/nfs-ip34/jbod2/def-ilafores/ref_dbs/sourmash_db/RefSeq_20250528.k31.sbt.zip,GCF_024759125.1_ASM2475912v1_genomic,6bd244397ae27f2890a12eadb785907c,0.7368821292775666,3133000,9,285630000,/nfs3_ib/nfs-ip34/home/def-ilafores/analysis/MethodsComparison/Feces_RA/preproc/SRR5091616/SRR5091616_unmatched_2.fastq,SRR5091616,95545865,325905000,31,DNA,1000,325905,True,0.8730493606719553,0.9901990763986682,0.9316242185353117,0.9901990763986682,False,70864,1024934,2381648
2896000,0.008886025068654976,0.011030213016700704,0.008385879320660929,0.01524952469886398,13.289059641419685,1.0,101.06139545110405,/net/nfs-ip34/jbod2/def-ilafores/ref_dbs/sourmash_db/RefSeq_20250528.k31.sbt.zip,plasmid.1.1.genomic,8051cea624a45a3e4dc84e7fef1c6e83,0.011688070580448311,2733000,10,282897000,/nfs3_ib/nfs-ip34/home/def-ilafores/analysis/MethodsComparison/Feces_RA/preproc/SRR5091616/SRR5091616_unmatched_2.fastq,SRR5091616,95545865,325905000,31,DNA,1000,325905,True,0.858675902642317,0.8663016137458652,0.8624887581940911,0.8663016137458652,False,36319,1061253,2381648
3346000,0.010266795538577192,0.5915936165430434,0.008075973059633942,0.006975002183362109,6.311550151975684,5.0,8.99553521631881,/net/nfs-ip34/jbod2/def-ilafores/ref_dbs/sourmash_db/RefSeq_20250528.k31.sbt.zip,GCF_963360665.1_BFTSDC17_v2_genomic,f0ce3f7b0d131daf996251931d5e8c91,0.7520791189031243,2632000,11,280265000,/nfs3_ib/nfs-ip34/home/def-ilafores/analysis/MethodsComparison/Feces_RA/preproc/SRR5091616/SRR5091616_unmatched_2.fastq,SRR5091616,95545865,325905000,31,DNA,1000,325905,True,0.8626859780274022,0.9908513398914697,0.9267686589594359,0.9908513398914697,False,16612,1077865,2381648
2394000,0.007345698899986193,0.5657020872865275,0.007318083490587748,0.0035488031816624456,3.5438155136268343,2.0,4.4164582259500955,/net/nfs-ip34/jbod2/def-ilafores/ref_dbs/sourmash_db/RefSeq_20250528.k31.sbt.zip,GCF_900537995.1_Roseburia_intestinalis_strain_L1-82_genomic,e869cf0b15c41500b90acfad5f73aa6d,0.5678368121442126,2385000,12,277880000,/nfs3_ib/nfs-ip34/home/def-ilafores/analysis/MethodsComparison/Feces_RA/preproc/SRR5091616/SRR5091616_unmatched_2.fastq,SRR5091616,95545865,325905000,31,DNA,1000,325905,True,0.8534191008021172,0.9819100999675288,0.917664600384823,0.9819100999675288,False,8452,1086317,2381648
2375000,0.007287399702367255,0.509719222462203,0.007241374020036513,0.0022152727859028705,2.2355932203389832,2.0,3.066011747844443,/net/nfs-ip34/jbod2/def-ilafores/ref_dbs/sourmash_db/RefSeq_20250528.k31.sbt.zip,GCF_023008285.1_ASM2300828v1_genomic,3191b17cd9816a6b0abb68f0b35dbdf7,0.5129589632829373,2360000,13,275520000,/nfs3_ib/nfs-ip34/home/def-ilafores/analysis/MethodsComparison/Feces_RA/preproc/SRR5091616/SRR5091616_unmatched_2.fastq,SRR5091616,95545865,325905000,31,DNA,1000,325905,True,0.8531997680827803,0.9786960297836317,0.9159478989332059,0.9786960297836317,False,5276,1091593,2381648
4235000,0.012994584311379082,0.4556443751218561,0.0071708013071293784,0.07385768173970293,75.26872058194266,77.0,59.05608701525614,/net/nfs-ip34/jbod2/def-ilafores/ref_dbs/sourmash_db/RefSeq_20250528.k31.sbt.zip,GCF_036419465.1_ASM3641946v1_genomic,277623bb21bf8d096347cc62995689ef,0.8256970169623709,2337000,14,273183000,/nfs3_ib/nfs-ip34/home/def-ilafores/analysis/MethodsComparison/Feces_RA/preproc/SRR5091616/SRR5091616_unmatched_2.fastq,SRR5091616,95545865,325905000,31,DNA,1000,325905,True,0.8692678661078822,0.9938407438758954,0.9315543049918888,0.9938407438758954,False,175903,1267496,2381648
2325000,0.007133980761264785,0.6900749063670412,0.006784185575551158,0.0040228446856966265,4.333333333333333,4.0,3.3562307187407376,/net/nfs-ip34/jbod2/def-ilafores/ref_dbs/sourmash_db/RefSeq_20250528.k31.sbt.zip,GCF_006542745.1_6CPBBH3_genomic,fd3fc44b40474382e7e9ffb3487da7b2,0.7256554307116105,2211000,15,270972000,/nfs3_ib/nfs-ip34/home/def-ilafores/analysis/MethodsComparison/Feces_RA/preproc/SRR5091616/SRR5091616_unmatched_2.fastq,SRR5091616,95545865,325905000,31,DNA,1000,325905,True,0.8526143602527689,0.989708804675267,0.921161582464018,0.989708804675267,False,9581,1277077,2381648
2098000,0.006437458768659579,0.47421040672574416,0.006403706601617036,0.001933115221057016,2.2060373742213706,2.0,1.9067132213884557,/net/nfs-ip34/jbod2/def-ilafores/ref_dbs/sourmash_db/RefSeq_20250528.k31.sbt.zip,GCF_900683755.1_ASM90068375v1_genomic,8e291018769da4b390c897ca0d5c97dc,0.47670983867302885,2087000,16,268885000,/nfs3_ib/nfs-ip34/home/def-ilafores/analysis/MethodsComparison/Feces_RA/preproc/SRR5091616/SRR5091616_unmatched_2.fastq,SRR5091616,95545865,325905000,31,DNA,1000,325905,True,0.8497934311389063,0.9763850037610609,0.9130892174499836,0.9763850037610609,False,4604,1281681,2381648
2075000,0.006366886055752443,0.5544198895027624,0.006158236295853086,0.0021846217409121752,2.5924265072247135,2.0,1.9995770458242543,/net/nfs-ip34/jbod2/def-ilafores/ref_dbs/sourmash_db/RefSeq_20250528.k31.sbt.zip,GCF_005121165.3_ASM512116v3_genomic,74059216b7cd65a7ff314267c1b83b8e,0.5732044198895028,2007000,17,266878000,/nfs3_ib/nfs-ip34/home/def-ilafores/analysis/MethodsComparison/Feces_RA/preproc/SRR5091616/SRR5091616_unmatched_2.fastq,SRR5091616,95545865,325905000,31,DNA,1000,325905,True,0.8494913049955248,0.9822081495858448,0.9158497272906848,0.9822081495858448,False,5203,1286884,2381648
2023000,0.006207330357005876,0.34566557852738483,0.0058483300348261,0.0018487198780004434,2.3100734522560336,1.0,8.608414420806833,/net/nfs-ip34/jbod2/def-ilafores/ref_dbs/sourmash_db/RefSeq_20250528.k31.sbt.zip,GCF_019930665.1_ASM1993066v1_genomic,d7320230ed69eef737078c57f068087a,0.3668842945230323,1906000,18,264972000,/nfs3_ib/nfs-ip34/home/def-ilafores/analysis/MethodsComparison/Feces_RA/preproc/SRR5091616/SRR5091616_unmatched_2.fastq,SRR5091616,95545865,325905000,31,DNA,1000,325905,True,0.8487961139419298,0.9681720753708251,0.9084840946563775,0.9681720753708251,False,4403,1291287,2381648
1989000,0.006103005477056197,0.5681410639569635,0.005832988140715853,0.0034572699240189987,4.331404523934771,3.0,5.340052187432579,/net/nfs-ip34/jbod2/def-ilafores/ref_dbs/sourmash_db/RefSeq_20250528.k31.sbt.zip,GCF_045061065.1_ASM4506106v1_genomic,af810c6e00a2b94057226e642af6e200,0.5944411237298266,1901000,19,263071000,/nfs3_ib/nfs-ip34/home/def-ilafores/analysis/MethodsComparison/Feces_RA/preproc/SRR5091616/SRR5091616_unmatched_2.fastq,SRR5091616,95545865,325905000,31,DNA,1000,325905,True,0.8483321530740083,0.9833614718229048,0.9158468124484566,0.9833614718229048,False,8234,1299521,2381648
1820000,0.0055844494561298535,0.6282410651716889,0.005501603227934521,0.0022480232175367642,2.9860568878973788,2.0,5.116525691230578,/net/nfs-ip34/jbod2/def-ilafores/ref_dbs/sourmash_db/RefSeq_20250528.k31.sbt.zip,GCF_044591705.1_ASM4459170v1_genomic,534586fd213cdbccf2580b51187bb263,0.6377014716187807,1793000,20,261278000,/nfs3_ib/nfs-ip34/home/def-ilafores/analysis/MethodsComparison/Feces_RA/preproc/SRR5091616/SRR5091616_unmatched_2.fastq,SRR5091616,95545865,325905000,31,DNA,1000,325905,True,0.8459056919184539,0.9855923776637048,0.9157490347910793,0.9855923776637048,False,5354,1304875,2381648
1744000,0.005351252665654102,0.7327441077441077,0.005342047529187954,0.004193734758452971,5.736932797242964,5.0,3.2781730966939735,/net/nfs-ip34/jbod2/def-ilafores/ref_dbs/sourmash_db/RefSeq_20250528.k31.sbt.zip,GCF_003945365.1_PFJ30894_01_genomic,41e393347aeaa24ab6fcfff277c4c1f9,0.734006734006734,1741000,21,259537000,/nfs3_ib/nfs-ip34/home/def-ilafores/analysis/MethodsComparison/Feces_RA/preproc/SRR5091616/SRR5091616_unmatched_2.fastq,SRR5091616,95545865,325905000,31,DNA,1000,325905,True,0.8447425485926131,0.9900741996220875,0.9174083741073503,0.9900741996220875,False,9988,1314863,2381648
1851000,0.005679569199613385,0.6020797227036395,0.005329774013899756,0.002031786393287337,2.785837651122625,2.0,2.427335642740867,/net/nfs-ip34/jbod2/def-ilafores/ref_dbs/sourmash_db/RefSeq_20250528.k31.sbt.zip,GCF_006542685.1_Adis_1.0_genomic,68f0797ae6b584c9128db7eba1ec6c3c,0.6415944540727903,1737000,22,257800000,/nfs3_ib/nfs-ip34/home/def-ilafores/analysis/MethodsComparison/Feces_RA/preproc/SRR5091616/SRR5091616_unmatched_2.fastq,SRR5091616,95545865,325905000,31,DNA,1000,325905,True,0.8463666868964917,0.9857858955183426,0.9160762912074172,0.9857858955183426,False,4839,1319702,2381648
1716000,0.005265338058636719,0.3925146198830409,0.005148739663398843,0.0016505377788825217,2.3426698450536354,2.0,4.870306324486687,/net/nfs-ip34/jbod2/def-ilafores/ref_dbs/sourmash_db/RefSeq_20250528.k31.sbt.zip,GCF_900187175.1_51342_A02_genomic,ebb5322e84d5def69ea51d3ef551ea04,0.4014035087719298,1678000,23,256122000,/nfs3_ib/nfs-ip34/home/def-ilafores/analysis/MethodsComparison/Feces_RA/preproc/SRR5091616/SRR5091616_unmatched_2.fastq,SRR5091616,95545865,325905000,31,DNA,1000,325905,True,0.8443016175092458,0.9709844963889184,0.9076430569490821,0.9709844963889184,False,3931,1323633,2381648
5676000,0.017416118193952227,0.23275982654916771,0.005105782359890152,0.007428469698292947,10.632211538461538,9.0,8.07569780942165,/net/nfs-ip34/jbod2/def-ilafores/ref_dbs/sourmash_db/RefSeq_20250528.k31.sbt.zip,GCF_918258265.1_BOVAC1_genomic,d7ca7470d77ebe0344d62e56d1ab47e0,0.7939571968107427,1664000,24,254458000,/nfs3_ib/nfs-ip34/home/def-ilafores/analysis/MethodsComparison/Feces_RA/preproc/SRR5091616/SRR5091616_unmatched_2.fastq,SRR5091616,95545865,325905000,31,DNA,1000,325905,True,0.8775189333805598,0.9925848633882541,0.9350518983844069,0.9925848633882541,False,17692,1341325,2381648
1511000,0.004636320400116598,0.44366197183098594,0.004446080913149538,0.0037889730136443337,6.227743271221532,6.0,4.431118760731028,/net/nfs-ip34/jbod2/def-ilafores/ref_dbs/sourmash_db/RefSeq_20250528.k31.sbt.zip,GCF_000210735.1_ASM21073v1_genomic,112a151e28f067050905850dc0b386c2,0.46264543784445805,1449000,25,253009000,/nfs3_ib/nfs-ip34/home/def-ilafores/analysis/MethodsComparison/Feces_RA/preproc/SRR5091616/SRR5091616_unmatched_2.fastq,SRR5091616,95545865,325905000,31,DNA,1000,325905,True,0.8408436955432598,0.9754422387436067,0.9081429671434332,0.9754422387436067,False,9024,1350349,2381648
1394000,0.004277320077936822,0.29357798165137616,0.003927524892223194,0.0014792278287975385,2.75234375,1.0,4.659708696027675,/net/nfs-ip34/jbod2/def-ilafores/ref_dbs/sourmash_db/RefSeq_20250528.k31.sbt.zip,GCF_042847785.1_ASM4284778v1_genomic,88019d6ddc2b537fe7ac87c23df45062,0.31972477064220184,1280000,26,251729000,/nfs3_ib/nfs-ip34/home/def-ilafores/analysis/MethodsComparison/Feces_RA/preproc/SRR5091616/SRR5091616_unmatched_2.fastq,SRR5091616,95545865,325905000,31,DNA,1000,325905,True,0.838660493810818,0.963884599641991,0.9012725467264044,0.963884599641991,False,3523,1353872,2381648
1118000,0.0034304475230511958,0.4052443384982122,0.0031297463984903576,0.001103017742336399,2.5754901960784315,2.0,2.534311070655112,/net/nfs-ip34/jbod2/def-ilafores/ref_dbs/sourmash_db/RefSeq_20250528.k31.sbt.zip,GCF_018408575.1_ASM1840857v1_genomic,be471ee2a9a4d83e479673ce2822bf12,0.44417957886372667,1020000,27,250709000,/nfs3_ib/nfs-ip34/home/def-ilafores/analysis/MethodsComparison/Feces_RA/preproc/SRR5091616/SRR5091616_unmatched_2.fastq,SRR5091616,95545865,325905000,31,DNA,1000,325905,True,0.8327126964839863,0.9741614112717888,0.9034370538778875,0.9741614112717888,False,2627,1356499,2381648
3047000,0.00934935027078443,0.19823702252693437,0.0031051993679139626,0.002112402840386153,4.971343873517786,3.0,17.53635886903913,/net/nfs-ip34/jbod2/def-ilafores/ref_dbs/sourmash_db/RefSeq_20250528.k31.sbt.zip,GCF_009193325.2_ASM919332v2_genomic,20d3ad2db691676c0843017fd7066d73,0.5968658178256612,1012000,28,249697000,/nfs3_ib/nfs-ip34/home/def-ilafores/analysis/MethodsComparison/Feces_RA/preproc/SRR5091616/SRR5091616_unmatched_2.fastq,SRR5091616,95545865,325905000,31,DNA,1000,325905,True,0.8600849265276113,0.983490606799131,0.9217877666633711,0.983490606799131,False,5031,1361530,2381648
1015000,0.003114404504380111,0.13838502047981274,0.002902686365658704,0.0006827205363680947,1.7188160676532769,1.0,1.8538586334929918,/net/nfs-ip34/jbod2/def-ilafores/ref_dbs/sourmash_db/RefSeq_20250528.k31.sbt.zip,GCF_025149285.1_ASM2514928v1_genomic,0f58288732b3804f3c8d60da453de357,0.14847864248098303,946000,29,248751000,/nfs3_ib/nfs-ip34/home/def-ilafores/analysis/MethodsComparison/Feces_RA/preproc/SRR5091616/SRR5091616_unmatched_2.fastq,SRR5091616,95545865,325905000,31,DNA,1000,325905,True,0.8301204821345708,0.9403282495816061,0.8852243658580885,0.9403282495816061,False,1626,1363156,2381648
961000,0.002948712047989445,0.1400564617314931,0.0027400622880900875,0.0005424815086024467,1.446808510638298,1.0,1.3767886276614565,/net/nfs-ip34/jbod2/def-ilafores/ref_dbs/sourmash_db/RefSeq_20250528.k31.sbt.zip,GCF_016889665.1_ASM1688966v1_genomic,93f73424a62c9a7810069426678c2739,0.1507214554579674,893000,30,247858000,/nfs3_ib/nfs-ip34/home/def-ilafores/analysis/MethodsComparison/Feces_RA/preproc/SRR5091616/SRR5091616_unmatched_2.fastq,SRR5091616,95545865,325905000,31,DNA,1000,325905,True,0.8286578284518527,0.9407831247932625,0.8847204766225576,0.9407831247932625,False,1292,1364448,2381648
1007000,0.003089857473803716,0.24613623354321695,0.0026388057869624585,0.0018142899370519909,5.024418604651163,3.0,6.163705395041457,/net/nfs-ip34/jbod2/def-ilafores/ref_dbs/sourmash_db/RefSeq_20250528.k31.sbt.zip,GCF_014337175.1_ASM1433717v1_genomic,a712134ff5fdebda1dc08f01019daf8a,0.28820835718374355,860000,31,246998000,/nfs3_ib/nfs-ip34/home/def-ilafores/analysis/MethodsComparison/Feces_RA/preproc/SRR5091616/SRR5091616_unmatched_2.fastq,SRR5091616,95545865,325905000,31,DNA,1000,325905,True,0.8299086142619001,0.9606632555573161,0.8952859349096081,0.9606632555573161,False,4321,1368769,2381648
876000,0.0026878998481152483,0.20981661272923408,0.00238719872355441,0.000629815992959497,1.9280205655526992,1.0,2.9603135802057055,/net/nfs-ip34/jbod2/def-ilafores/ref_dbs/sourmash_db/RefSeq_20250528.k31.sbt.zip,GCF_964272285.1_LUMC_Rgna_QRD029_genomic,c661224dbde67e91bffdcd4e1d64d062,0.23624595469255663,778000,32,246220000,/nfs3_ib/nfs-ip34/home/def-ilafores/analysis/MethodsComparison/Feces_RA/preproc/SRR5091616/SRR5091616_unmatched_2.fastq,SRR5091616,95545865,325905000,31,DNA,1000,325905,True,0.8261860189141057,0.9545220114720119,0.8903540151930588,0.9545220114720119,False,1500,1370269,2381648
934000,0.002865865819794112,0.24734861443722203,0.0022184378883416947,0.0009946893915473655,3.276625172890733,1.0,5.055251431311651,/net/nfs-ip34/jbod2/def-ilafores/ref_dbs/sourmash_db/RefSeq_20250528.k31.sbt.zip,GCF_019967955.1_ASM1996795v1_genomic,815b92b0272af68e89d6f30eed8923eb,0.31953472459801574,723000,33,245497000,/nfs3_ib/nfs-ip34/home/def-ilafores/analysis/MethodsComparison/Feces_RA/preproc/SRR5091616/SRR5091616_unmatched_2.fastq,SRR5091616,95545865,325905000,31,DNA,1000,325905,True,0.8278964021507121,0.9638661124548364,0.8958812573027743,0.9638661124548364,False,2369,1372638,2381648
4341000,0.013319832466516315,0.11188594452192778,0.0022153695095196452,0.008091036122886338,26.689750692520775,28.0,14.272889676454419,/net/nfs-ip34/jbod2/def-ilafores/ref_dbs/sourmash_db/RefSeq_20250528.k31.sbt.zip,GCF_001314975.1_ASM131497v1_genomic,685529102892bda2558b335a7361de94,0.6727103672710367,722000,34,244775000,/nfs3_ib/nfs-ip34/home/def-ilafores/analysis/MethodsComparison/Feces_RA/preproc/SRR5091616/SRR5091616_unmatched_2.fastq,SRR5091616,95545865,325905000,31,DNA,1000,325905,True,0.869961353095399,0.9872930240389859,0.9286271885671924,0.9872930240389859,False,19270,1391908,2381648
3852000,0.011819395222534173,0.10417937766931055,0.0020957027354597197,0.011288821857806023,39.364568081991216,40.0,14.892991785253997,/net/nfs-ip34/jbod2/def-ilafores/ref_dbs/sourmash_db/RefSeq_20250528.k31.sbt.zip,GCF_025263845.1_ASM2526384v1_genomic,d20001d187626a256609db74af93bd0e,0.5875533862111043,683000,35,244092000,/nfs3_ib/nfs-ip34/home/def-ilafores/analysis/MethodsComparison/Feces_RA/preproc/SRR5091616/SRR5091616_unmatched_2.fastq,SRR5091616,95545865,325905000,31,DNA,1000,325905,True,0.8666139055764706,0.982991842939342,0.9248028742579063,0.982991842939342,False,26886,1418794,2381648
779000,0.0023902671023764595,0.22525252525252526,0.0020527454319510287,0.0005895077694100891,2.098654708520179,1.0,3.5731704087771883,/net/nfs-ip34/jbod2/def-ilafores/ref_dbs/sourmash_db/RefSeq_20250528.k31.sbt.zip,GCF_001998765.1_ASM199876v1_genomic,c87f75fcf13611b56f2643edb90d05be,0.2622895622895623,669000,36,243423000,/nfs3_ib/nfs-ip34/home/def-ilafores/analysis/MethodsComparison/Feces_RA/preproc/SRR5091616/SRR5091616_unmatched_2.fastq,SRR5091616,95545865,325905000,31,DNA,1000,325905,True,0.8230642832304512,0.957747441004069,0.8904058621172601,0.957747441004069,False,1404,1420198,2381648
2629000,0.008066767923167795,0.13319796954314722,0.0020128565072643867,0.00047698064533465903,1.7317073170731707,1.0,0.9914116627659832,/net/nfs-ip34/jbod2/def-ilafores/ref_dbs/sourmash_db/RefSeq_20250528.k31.sbt.zip,GCF_013315995.1_ASM1331599v1_genomic,185e464318fdc9f993d943a0989eba68,0.5338071065989848,656000,37,242767000,/nfs3_ib/nfs-ip34/home/def-ilafores/analysis/MethodsComparison/Feces_RA/preproc/SRR5091616/SRR5091616_unmatched_2.fastq,SRR5091616,95545865,325905000,31,DNA,1000,325905,True,0.8560008175064756,0.9799545795689611,0.9179776985377184,0.9799545795689611,False,1136,1421334,2381648
725000,0.0022245746459857935,0.21745152354570638,0.0019269419002470045,0.0005584368470907539,2.1178343949044587,1.0,4.332384394975054,/net/nfs-ip34/jbod2/def-ilafores/ref_dbs/sourmash_db/RefSeq_20250528.k31.sbt.zip,GCF_025150745.1_ASM2515074v1_genomic,f264b62f2a1798cf106db911e66dcf25,0.2510387811634349,628000,38,242139000,/nfs3_ib/nfs-ip34/home/def-ilafores/analysis/MethodsComparison/Feces_RA/preproc/SRR5091616/SRR5091616_unmatched_2.fastq,SRR5091616,95545865,325905000,31,DNA,1000,325905,True,0.8211591226609097,0.9563939068313821,0.8887765147461459,0.9563939068313821,False,1330,1422664,2381648
4159000,0.01276138752090333,0.09366556589612729,0.001914668384958807,0.003833899887808778,14.633012820512821,15.0,12.734779750034429,/net/nfs-ip34/jbod2/def-ilafores/ref_dbs/sourmash_db/RefSeq_20250528.k31.sbt.zip,GCF_018289035.1_ASM1828903v1_genomic,2c57a91b8fe09d51df24c6e20ef5d122,0.6242870009006305,624000,39,241515000,/nfs3_ib/nfs-ip34/home/def-ilafores/analysis/MethodsComparison/Feces_RA/preproc/SRR5091616/SRR5091616_unmatched_2.fastq,SRR5091616,95545865,325905000,31,DNA,1000,325905,True,0.8687602310796531,0.984916681837055,0.926838456458354,0.984916681837055,False,9131,1431795,2381648
772000,0.002368788450622114,0.17342657342657342,0.0019023948696706096,0.0005034329170389578,1.9338709677419355,1.0,2.813644379275408,/net/nfs-ip34/jbod2/def-ilafores/ref_dbs/sourmash_db/RefSeq_20250528.k31.sbt.zip,GCF_025147765.1_ASM2514776v1_genomic,6fb5d9fae55cc8ecb2a67f82352fb7a7,0.21594405594405594,620000,40,240895000,/nfs3_ib/nfs-ip34/home/def-ilafores/analysis/MethodsComparison/Feces_RA/preproc/SRR5091616/SRR5091616_unmatched_2.fastq,SRR5091616,95545865,325905000,31,DNA,1000,325905,True,0.8228246604948302,0.9517593176843151,0.8872919890895726,0.9517593176843151,False,1199,1432994,2381648
598000,0.0018348905355855235,0.16866096866096866,0.0018164802626532272,0.0003170073831229468,1.275337837837838,1.0,0.6804707388316825,/net/nfs-ip34/jbod2/def-ilafores/ref_dbs/sourmash_db/RefSeq_20250528.k31.sbt.zip,GCF_019249795.2_P1C_raw_genomic,daced544df689eeedcdbd81decd8f176,0.17037037037037037,592000,41,240303000,/nfs3_ib/nfs-ip34/home/def-ilafores/analysis/MethodsComparison/Feces_RA/preproc/SRR5091616/SRR5091616_unmatched_2.fastq,SRR5091616,95545865,325905000,31,DNA,1000,325905,True,0.8160736589502846,0.9445093472676053,0.8802915031089449,0.9445093472676053,False,755,1433749,2381648
598000,0.0018348905355855235,0.175,0.001739770792101993,0.000344299409484525,1.4462081128747795,1.0,1.8219266830811953,/net/nfs-ip34/jbod2/def-ilafores/ref_dbs/sourmash_db/RefSeq_20250528.k31.sbt.zip,GCF_041085325.1_ASM4108532v1_genomic,5e83b012f9b56827c1d4b59cdc28942e,0.1845679012345679,567000,42,239736000,/nfs3_ib/nfs-ip34/home/def-ilafores/analysis/MethodsComparison/Feces_RA/preproc/SRR5091616/SRR5091616_unmatched_2.fastq,SRR5091616,95545865,325905000,31,DNA,1000,325905,True,0.8160736589502846,0.9469512431224546,0.8815124510363697,0.9469512431224546,False,820,1434569,2381648
3602000,0.011052300517021831,0.1160585446299732,0.0017274972768137953,0.009763827400186761,41.30373001776199,46.0,27.548796112702618,/net/nfs-ip34/jbod2/def-ilafores/ref_dbs/sourmash_db/RefSeq_20250528.k31.sbt.zip,GCF_006742345.1_ASM674234v1_genomic,aa13184474b5d866ab5daea20b7e99ed,0.7425273139558853,563000,43,239173000,/nfs3_ib/nfs-ip34/home/def-ilafores/analysis/MethodsComparison/Feces_RA/preproc/SRR5091616/SRR5091616_unmatched_2.fastq,SRR5091616,95545865,325905000,31,DNA,1000,325905,True,0.8647400438560758,0.9904428777753007,0.9275914608156883,0.9904428777753007,False,23254,1457823,2381648
576000,0.0017673862015004373,0.08091954022988505,0.0016201040180420674,0.0002884557247754496,1.3011363636363635,1.0,0.7847013982625887,/net/nfs-ip34/jbod2/def-ilafores/ref_dbs/sourmash_db/RefSeq_20250528.k31.sbt.zip,GCF_024759285.1_ASM2475928v1_genomic,aaeb7a1a545ae549444b524e0f8ed687,0.08827586206896551,528000,44,238645000,/nfs3_ib/nfs-ip34/home/def-ilafores/analysis/MethodsComparison/Feces_RA/preproc/SRR5091616/SRR5091616_unmatched_2.fastq,SRR5091616,95545865,325905000,31,DNA,1000,325905,True,0.8150875144514601,0.92468731973132,0.8698874170913901,0.92468731973132,False,687,1458510,2381648
3421000,0.010496923950230896,0.10403481012658228,0.0016139672603979688,0.001457394207708276,6.598859315589354,4.0,23.135177210351177,/net/nfs-ip34/jbod2/def-ilafores/ref_dbs/sourmash_db/RefSeq_20250528.k31.sbt.zip,GCF_012273055.1_ASM1227305v1_genomic,c1884ac4d25c83812a1bdd52c3c7dc1b,0.676621835443038,526000,45,238119000,/nfs3_ib/nfs-ip34/home/def-ilafores/analysis/MethodsComparison/Feces_RA/preproc/SRR5091616/SRR5091616_unmatched_2.fastq,SRR5091616,95545865,325905000,31,DNA,1000,325905,True,0.8633030832146368,0.9874776858599875,0.9253903845373121,0.9874776858599875,False,3471,1461981,2381648
585000,0.0017950016108988817,0.11949828962371722,0.00160783050275387,0.0002955936393623239,1.3435114503816794,1.0,1.154288336095444,/net/nfs-ip34/jbod2/def-ilafores/ref_dbs/sourmash_db/RefSeq_20250528.k31.sbt.zip,GCF_033194995.1_ASM3319499v1_genomic,2c0068ebbe92f70a93fad41e54947c9e,0.13340935005701254,524000,46,237595000,/nfs3_ib/nfs-ip34/home/def-ilafores/analysis/MethodsComparison/Feces_RA/preproc/SRR5091616/SRR5091616_unmatched_2.fastq,SRR5091616,95545865,325905000,31,DNA,1000,325905,True,0.8154952702438678,0.9370876239183675,0.8762914470811176,0.9370876239183675,False,704,1462685,2381648
631000,0.0019361470367131525,0.14768883878241262,0.00160783050275387,0.00036235413461603057,1.6469465648854962,1.0,2.3902174653147847,/net/nfs-ip34/jbod2/def-ilafores/ref_dbs/sourmash_db/RefSeq_20250528.k31.sbt.zip,GCF_036419155.1_ASM3641915v1_genomic,adc420f297b3ff1fa16ce829a637366f,0.1778466741826381,524000,47,237071000,/nfs3_ib/nfs-ip34/home/def-ilafores/analysis/MethodsComparison/Feces_RA/preproc/SRR5091616/SRR5091616_unmatched_2.fastq,SRR5091616,95545865,325905000,31,DNA,1000,325905,True,0.8174889326606646,0.9458187676362592,0.8816538501484619,0.9458187676362592,False,863,1463548,2381648
577000,0.0017704545803224865,0.0664090453699728,0.0014237277734309077,0.00028425695148905295,1.459051724137931,1.0,1.4105681653322364,/net/nfs-ip34/jbod2/def-ilafores/ref_dbs/sourmash_db/RefSeq_20250528.k31.sbt.zip,GCF_042853085.1_ASM4285308v1_genomic,400d90fee346891087f6d66c37bf84f7,0.08258193788464291,464000,48,236607000,/nfs3_ib/nfs-ip34/home/def-ilafores/analysis/MethodsComparison/Feces_RA/preproc/SRR5091616/SRR5091616_unmatched_2.fastq,SRR5091616,95545865,325905000,31,DNA,1000,325905,True,0.8151331239707158,0.9227006120861088,0.8689168680284123,0.9227006120861088,False,677,1464225,2381648
1452000,0.004455286049615686,0.15489130434782608,0.0013991807428545128,0.0010610300094724325,5.541666666666667,5.0,4.445875363585669,/net/nfs-ip34/jbod2/def-ilafores/ref_dbs/sourmash_db/RefSeq_20250528.k31.sbt.zip,GCF_019967975.1_ASM1996797v1_genomic,2c2d74013e8cf3a4113eeeae8dce1511,0.49320652173913043,456000,49,236151000,/nfs3_ib/nfs-ip34/home/def-ilafores/analysis/MethodsComparison/Feces_RA/preproc/SRR5091616/SRR5091616_unmatched_2.fastq,SRR5091616,95545865,325905000,31,DNA,1000,325905,True,0.8397640470689052,0.9774570955132073,0.9086105712910562,0.9774570955132073,False,2527,1466752,2381648
487000,0.0014943004863380432,0.07181153533712428,0.0013562234393458216,0.00022589400280813957,1.2171945701357465,1.0,0.5321120753985914,/net/nfs-ip34/jbod2/def-ilafores/ref_dbs/sourmash_db/RefSeq_20250528.k31.sbt.zip,GCF_025149125.1_ASM2514912v1_genomic,ee57b146d808065c374f21482d0a5cda,0.07912266450040617,442000,50,235709000,/nfs3_ib/nfs-ip34/home/def-ilafores/analysis/MethodsComparison/Feces_RA/preproc/SRR5091616/SRR5091616_unmatched_2.fastq,SRR5091616,95545865,325905000,31,DNA,1000,325905,True,0.8106863053760622,0.9214278179422762,0.8660570616591692,0.9214278179422762,False,538,1467290,2381648
5114000,0.01569168929596048,0.0631258162821071,0.001334744787591476,0.0015615237852109128,8.549425287356321,5.0,11.277042833651215,/net/nfs-ip34/jbod2/def-ilafores/ref_dbs/sourmash_db/RefSeq_20250528.k31.sbt.zip,GCF_020091525.1_ASM2009152v1_genomic,8f3ea558ca4f6e771ca0f137efec6697,0.7421274125671166,435000,51,235274000,/nfs3_ib/nfs-ip34/home/def-ilafores/analysis/MethodsComparison/Feces_RA/preproc/SRR5091616/SRR5091616_unmatched_2.fastq,SRR5091616,95545865,325905000,31,DNA,1000,325905,True,0.8745724586904654,0.9904256661683737,0.9324990624294196,0.9904256661683737,False,3719,1471009,2381648
563000,0.0017274972768137953,0.11935208866155157,0.0012887191052607355,0.0009799936850449773,5.557142857142857,1.0,11.8993425760206,/net/nfs-ip34/jbod2/def-ilafores/ref_dbs/sourmash_db/RefSeq_20250528.k31.sbt.zip,GCF_025146135.1_ASM2514613v1_genomic,7eaae742c69417c8e76f081fe338897d,0.1599886331344132,420000,52,234854000,/nfs3_ib/nfs-ip34/home/def-ilafores/analysis/MethodsComparison/Feces_RA/preproc/SRR5091616/SRR5091616_unmatched_2.fastq,SRR5091616,95545865,325905000,31,DNA,1000,325905,True,0.8144875146105702,0.9425957032767248,0.8785416089436475,0.9425957032767248,False,2334,1473343,2381648
3344000,0.010260658780933095,0.0923213493120284,0.001276445589972538,0.002067056088893069,11.834134615384615,10.0,12.330734280851066,/net/nfs-ip34/jbod2/def-ilafores/ref_dbs/sourmash_db/RefSeq_20250528.k31.sbt.zip,GCF_020091365.1_ASM2009136v1_genomic,ef23ca7c0c2ee8ae3e8a4537f4cacf2d,0.742121615623613,416000,53,234438000,/nfs3_ib/nfs-ip34/home/def-ilafores/analysis/MethodsComparison/Feces_RA/preproc/SRR5091616/SRR5091616_unmatched_2.fastq,SRR5091616,95545865,325905000,31,DNA,1000,325905,True,0.8626693392755951,0.9904254166040921,0.9265473779398437,0.9904254166040921,False,4923,1478266,2381648
4123000,0.012650925883309553,0.08081202420456764,0.0012703088323284392,0.010333181057822147,59.44444444444444,69.5,41.91785797201342,/net/nfs-ip34/jbod2/def-ilafores/ref_dbs/sourmash_db/RefSeq_20250528.k31.sbt.zip,GCF_020091465.1_ASM2009146v1_genomic,cfcaa7d93ee12c43b81dc72fd8321792,0.8048018739020105,414000,54,234024000,/nfs3_ib/nfs-ip34/home/def-ilafores/analysis/MethodsComparison/Feces_RA/preproc/SRR5091616/SRR5091616_unmatched_2.fastq,SRR5091616,95545865,325905000,31,DNA,1000,325905,True,0.8685166310433132,0.9930193448474894,0.9307679879454014,0.9930193448474894,False,24610,1502876,2381648
3211000,0.009852564397600528,0.07386569872958258,0.0012488301805740937,0.0006029438439265584,3.5282555282555284,3.0,4.17416444328325,/net/nfs-ip34/jbod2/def-ilafores/ref_dbs/sourmash_db/RefSeq_20250528.k31.sbt.zip,GCF_000724815.2_ASM72481v2_genomic,b9aa1a1f244c1c0700ca0455b6d70026,0.5827586206896552,407000,55,233617000,/nfs3_ib/nfs-ip34/home/def-ilafores/analysis/MethodsComparison/Feces_RA/preproc/SRR5091616/SRR5091616_unmatched_2.fastq,SRR5091616,95545865,325905000,31,DNA,1000,325905,True,0.8615406693371824,0.9827320490314169,0.9221363591842997,0.9827320490314169,False,1436,1504312,2381648
570000,0.001748975928568141,0.1291348600508906,0.0012457618017520443,0.00024310897328236582,1.4261083743842364,1.0,1.642480440707654,/net/nfs-ip34/jbod2/def-ilafores/ref_dbs/sourmash_db/RefSeq_20250528.k31.sbt.zip,GCF_042854315.1_ASM4285431v1_genomic,8c077732bd97ee96b603cc65c422945d,0.18129770992366412,406000,56,233211000,/nfs3_ib/nfs-ip34/home/def-ilafores/analysis/MethodsComparison/Feces_RA/preproc/SRR5091616/SRR5091616_unmatched_2.fastq,SRR5091616,95545865,325905000,31,DNA,1000,325905,True,0.8148122375338086,0.9464053170469411,0.8806087772903748,0.9464053170469411,False,579,1504891,2381648
564000,0.0017305656556358448,0.0889780505074345,0.0011567788159126127,0.00045304763760219813,2.8620689655172415,1.0,13.511251582544407,/net/nfs-ip34/jbod2/def-ilafores/ref_dbs/sourmash_db/RefSeq_20250528.k31.sbt.zip,GCF_015097275.1_ASM1509727v1_genomic,7bc451321ff950d83a9fce0110d3af08,0.13311305168751475,377000,57,232834000,/nfs3_ib/nfs-ip34/home/def-ilafores/analysis/MethodsComparison/Feces_RA/preproc/SRR5091616/SRR5091616_unmatched_2.fastq,SRR5091616,95545865,325905000,31,DNA,1000,325905,True,0.8145341420280278,0.9370204147298486,0.8757772783789382,0.9370204147298486,False,1079,1505970,2381648
448000,0.0013746337122781179,0.12466666666666666,0.0011475736794464644,0.00027837866888809766,1.7727272727272727,1.0,2.3410323938244306,/net/nfs-ip34/jbod2/def-ilafores/ref_dbs/sourmash_db/RefSeq_20250528.k31.sbt.zip,GCF_002222595.2_ASM222259v2_genomic,139f23ac11c0bf0d243b79e18fca173e,0.14933333333333335,374000,58,232460000,/nfs3_ib/nfs-ip34/home/def-ilafores/analysis/MethodsComparison/Feces_RA/preproc/SRR5091616/SRR5091616_unmatched_2.fastq,SRR5091616,95545865,325905000,31,DNA,1000,325905,True,0.8085063799897403,0.9405023725579676,0.874504376273854,0.9405023725579676,False,663,1506633,2381648
357000,0.0010954112394716252,0.14698596201486375,0.0010923428606495757,0.00019440320316016472,1.300561797752809,1.0,0.5728891093172361,/net/nfs-ip34/jbod2/def-ilafores/ref_dbs/sourmash_db/RefSeq_20250528.k31.sbt.zip,GCF_027116455.1_ASM2711645v1_genomic,bd72d3a6c33a90e4778615b06af774fe,0.14739884393063585,356000,59,232104000,/nfs3_ib/nfs-ip34/home/def-ilafores/analysis/MethodsComparison/Feces_RA/preproc/SRR5091616/SRR5091616_unmatched_2.fastq,SRR5091616,95545865,325905000,31,DNA,1000,325905,True,0.8026061627119305,0.940106874157429,0.8713565184346798,0.940106874157429,False,463,1507096,2381648
471000,0.0014452064251852534,0.10717614165890028,0.0010585906936070328,0.0002636829623857094,1.8202898550724638,1.0,2.620353981516201,/net/nfs-ip34/jbod2/def-ilafores/ref_dbs/sourmash_db/RefSeq_20250528.k31.sbt.zip,GCF_006542725.1_Aond_3.0_genomic,7fbb97287421b4f5df527beb1443bd37,0.14631873252562907,345000,60,231759000,/nfs3_ib/nfs-ip34/home/def-ilafores/analysis/MethodsComparison/Feces_RA/preproc/SRR5091616/SRR5091616_unmatched_2.fastq,SRR5091616,95545865,325905000,31,DNA,1000,325905,True,0.8098131691291526,0.9398838588948041,0.8748485140119784,0.9398838588948041,False,628,1507724,2381648
3943000,0.012098617695340666,0.05396370582617001,0.0010401804206747365,0.0032683251261311497,22.96165191740413,25.0,16.20540183391336,/net/nfs-ip34/jbod2/def-ilafores/ref_dbs/sourmash_db/RefSeq_20250528.k31.sbt.zip,GCF_012151035.1_ASM1215103v1_genomic,490ceba85d6fbbcb94ee2fcc57d259ec,0.6276663482967207,339000,61,231420000,/nfs3_ib/nfs-ip34/home/def-ilafores/analysis/MethodsComparison/Feces_RA/preproc/SRR5091616/SRR5091616_unmatched_2.fastq,SRR5091616,95545865,325905000,31,DNA,1000,325905,True,0.8672668895544134,0.9850882162888553,0.9261775529216344,0.9850882162888553,False,7784,1515508,2381648
4086000,0.012537395866893727,0.06787878787878789,0.0010309752842085885,0.0017781804867889797,12.604166666666666,11.0,20.689481034961503,/net/nfs-ip34/jbod2/def-ilafores/ref_dbs/sourmash_db/RefSeq_20250528.k31.sbt.zip,GCF_032452855.1_ASM3245285v1_genomic,d3b7db64a3ee051cbbe16b797861660f,0.8254545454545454,336000,62,231084000,/nfs3_ib/nfs-ip34/home/def-ilafores/analysis/MethodsComparison/Feces_RA/preproc/SRR5091616/SRR5091616_unmatched_2.fastq,SRR5091616,95545865,325905000,31,DNA,1000,325905,True,0.8682641099231907,0.9938313280847164,0.9310477190039536,0.9938313280847164,False,4235,1519743,2381648
4288000,0.013157208388947699,0.04801762114537445,0.0010033598748101441,0.0053118680846203975,38.68807339449541,40.0,15.367683583893651,/net/nfs-ip34/jbod2/def-ilafores/ref_dbs/sourmash_db/RefSeq_20250528.k31.sbt.zip,GCF_001318345.1_ASM131834v1_genomic,2b0cd9230817e091c6a0e14360a551e4,0.6296622613803231,327000,63,230757000,/nfs3_ib/nfs-ip34/home/def-ilafores/analysis/MethodsComparison/Feces_RA/preproc/SRR5091616/SRR5091616_unmatched_2.fastq,SRR5091616,95545865,325905000,31,DNA,1000,325905,True,0.8696166834175895,0.9851891087827462,0.9274028961001679,0.9851891087827462,False,12651,1532394,2381648
327000,0.0010033598748101441,0.15064695009242143,0.0010002914959880947,0.00017130995008498318,1.2515337423312884,1.0,0.5521131550488718,/net/nfs-ip34/jbod2/def-ilafores/ref_dbs/sourmash_db/RefSeq_20250528.k31.sbt.zip,GCF_042855075.1_ASM4285507v1_genomic,90140d51f7bdfeb9adcb72660cb3132a,0.1511090573012939,326000,64,230431000,/nfs3_ib/nfs-ip34/home/def-ilafores/analysis/MethodsComparison/Feces_RA/preproc/SRR5091616/SRR5091616_unmatched_2.fastq,SRR5091616,95545865,325905000,31,DNA,1000,325905,True,0.8003368206865118,0.9408610716743333,0.8705989461804226,0.9408610716743333,False,408,1532802,2381648
2832000,0.008689648824043817,0.058022388059701495,0.0009542658136573541,0.0005349237166869328,4.096463022508039,4.0,2.586824214266152,/net/nfs-ip34/jbod2/def-ilafores/ref_dbs/sourmash_db/RefSeq_20250528.k31.sbt.zip,GCF_024759425.1_ASM2475942v1_genomic,d131b36684e7549be1e71fe02fd05713,0.5283582089552239,311000,65,230120000,/nfs3_ib/nfs-ip34/home/def-ilafores/analysis/MethodsComparison/Feces_RA/preproc/SRR5091616/SRR5091616_unmatched_2.fastq,SRR5091616,95545865,325905000,31,DNA,1000,325905,True,0.8580571228998201,0.9796302976566635,0.9188437102782419,0.9796302976566635,False,1274,1534076,2381648
435000,0.001334744787591476,0.08826049700085689,0.0009481290560132554,0.00022337473883630158,1.72168284789644,1.0,2.23973004970042,/net/nfs-ip34/jbod2/def-ilafores/ref_dbs/sourmash_db/RefSeq_20250528.k31.sbt.zip,GCF_000210555.1_ASM21055v1_genomic,6d00b0a0ca344fdf96ce690671c5fa63,0.12425021422450729,309000,66,229811000,/nfs3_ib/nfs-ip34/home/def-ilafores/analysis/MethodsComparison/Feces_RA/preproc/SRR5091616/SRR5091616_unmatched_2.fastq,SRR5091616,95545865,325905000,31,DNA,1000,325905,True,0.8077387365742349,0.9349400820115681,0.8713394092929014,0.9349400820115681,False,532,1534608,2381648
4743000,0.014553320752980162,0.04636475662353666,0.0009235820254368605,0.0008893001820588097,7.0365448504983386,6.0,6.1348625272335875,/net/nfs-ip34/jbod2/def-ilafores/ref_dbs/sourmash_db/RefSeq_20250528.k31.sbt.zip,GCF_001314995.1_ASM131499v1_genomic,514bdd6aa640f40cc6414be0e11ec2f6,0.7305914972273567,301000,67,229510000,/nfs3_ib/nfs-ip34/home/def-ilafores/analysis/MethodsComparison/Feces_RA/preproc/SRR5091616/SRR5091616_unmatched_2.fastq,SRR5091616,95545865,325905000,31,DNA,1000,325905,True,0.8724503333974023,0.9899252612927303,0.9311877973450663,0.9899252612927303,False,2118,1536726,2381648
782000,0.0023994722388426073,0.06418542455983954,0.0008836931007502187,0.000759977964837793,6.284722222222222,3.0,12.752539613328246,/net/nfs-ip34/jbod2/def-ilafores/ref_dbs/sourmash_db/RefSeq_20250528.k31.sbt.zip,GCF_042850115.1_ASM4285011v1_genomic,0a531f0dc11d01b0c4c52863f5abf5c2,0.17428125696456429,288000,68,229222000,/nfs3_ib/nfs-ip34/home/def-ilafores/analysis/MethodsComparison/Feces_RA/preproc/SRR5091616/SRR5091616_unmatched_2.fastq,SRR5091616,95545865,325905000,31,DNA,1000,325905,True,0.8231663414220153,0.9452010939421909,0.884183717682103,0.9452010939421909,False,1810,1538536,2381648
317000,0.0009726760865896504,0.10263720598717035,0.0008836931007502187,0.00019314357117424574,1.5972222222222223,1.0,1.7131819179382608,/net/nfs-ip34/jbod2/def-ilafores/ref_dbs/sourmash_db/RefSeq_20250528.k31.sbt.zip,GCF_015097455.1_ASM1509745v1_genomic,ad2202613b9c5f4de5c0bb121ca6ed7a,0.11297220242337848,288000,69,228934000,/nfs3_ib/nfs-ip34/home/def-ilafores/analysis/MethodsComparison/Feces_RA/preproc/SRR5091616/SRR5091616_unmatched_2.fastq,SRR5091616,95545865,325905000,31,DNA,1000,325905,True,0.7995353777548343,0.9320746503692183,0.8658050140620264,0.9320746503692183,False,460,1538996,2381648
1335000,0.004096285727435909,0.06340701049341371,0.0008714195854620211,0.0003514373240713993,2.9471830985915495,1.0,3.68486041668047,/net/nfs-ip34/jbod2/def-ilafores/ref_dbs/sourmash_db/RefSeq_20250528.k31.sbt.zip,GCF_025148125.1_ASM2514812v1_genomic,20e22b7a195404638366fe78b372a400,0.29805760214333554,284000,70,228650000,/nfs3_ib/nfs-ip34/home/def-ilafores/analysis/MethodsComparison/Feces_RA/preproc/SRR5091616/SRR5091616_unmatched_2.fastq,SRR5091616,95545865,325905000,31,DNA,1000,325905,True,0.8374913505004749,0.9617051506867083,0.8995982505935916,0.9617051506867083,False,837,1539833,2381648
281000,0.0008622144489958731,0.1205183585313175,0.0008560776913517743,0.00018180688330097478,1.5519713261648747,1.0,0.8696318501143843,/net/nfs-ip34/jbod2/def-ilafores/ref_dbs/sourmash_db/RefSeq_20250528.k31.sbt.zip,GCF_003856815.1_ASM385681v1_genomic,ec56179731d98b9fa6dca12eb7eea848,0.12138228941684666,279000,71,228371000,/nfs3_ib/nfs-ip34/home/def-ilafores/analysis/MethodsComparison/Feces_RA/preproc/SRR5091616/SRR5091616_unmatched_2.fastq,SRR5091616,95545865,325905000,31,DNA,1000,325905,True,0.796432328665763,0.934236053617874,0.8653341911418184,0.934236053617874,False,433,1540266,2381648
2347000,0.007201485095349872,0.06727451946771809,0.000837667418419478,0.00035437646537187694,3.0915750915750917,2.0,4.8496480831165,/net/nfs-ip34/jbod2/def-ilafores/ref_dbs/sourmash_db/RefSeq_20250528.k31.sbt.zip,GCF_000210655.1_ASM21065v1_genomic,586860c088f340576435f05f9fd3cc1d,0.5783637259733859,273000,72,228098000,/nfs3_ib/nfs-ip34/home/def-ilafores/analysis/MethodsComparison/Feces_RA/preproc/SRR5091616/SRR5091616_unmatched_2.fastq,SRR5091616,95545865,325905000,31,DNA,1000,325905,True,0.8528734259864315,0.9824920978117128,0.9176827618990722,0.9824920978117128,False,844,1541110,2381648
2122000,0.006511099860388764,0.08441961514587212,0.0008345990395974287,0.0004799197866351367,4.202205882352941,4.0,2.9467571136800914,/net/nfs-ip34/jbod2/def-ilafores/ref_dbs/sourmash_db/RefSeq_20250528.k31.sbt.zip,GCF_006542665.1_Acom_1.0_genomic,56a187d0b325a22e72d7369e11bd76b9,0.6585971446306642,272000,73,227826000,/nfs3_ib/nfs-ip34/home/def-ilafores/analysis/MethodsComparison/Feces_RA/preproc/SRR5091616/SRR5091616_unmatched_2.fastq,SRR5091616,95545865,325905000,31,DNA,1000,325905,True,0.8501052948358203,0.9866179833706633,0.9183616391032419,0.9866179833706633,False,1143,1542253,2381648
465000,0.0014267961522529571,0.07314439946018893,0.0008315306607753793,0.0001532552249534776,1.3468634686346863,1.0,0.8271117085419337,/net/nfs-ip34/jbod2/def-ilafores/ref_dbs/sourmash_db/RefSeq_20250528.k31.sbt.zip,GCF_025147905.1_ASM2514790v1_genomic,c5e7fe36cbc07f4ac5cce0f7ee4db8ee,0.12550607287449392,271000,74,227555000,/nfs3_ib/nfs-ip34/home/def-ilafores/analysis/MethodsComparison/Feces_RA/preproc/SRR5091616/SRR5091616_unmatched_2.fastq,SRR5091616,95545865,325905000,31,DNA,1000,325905,True,0.809478323461307,0.9352434365660716,0.8723608800136893,0.9352434365660716,False,365,1542618,2381648
3413000,0.0104723769196545,0.05182045848584088,0.0008253939031312806,0.005588987121522576,49.48327137546468,54.0,27.137894788211202,/net/nfs-ip34/jbod2/def-ilafores/ref_dbs/sourmash_db/RefSeq_20250528.k31.sbt.zip,GCF_018289175.1_ASM1828917v1_genomic,c011021d83e072fd7dafbdfb08120209,0.657484107108457,269000,75,227286000,/nfs3_ib/nfs-ip34/home/def-ilafores/analysis/MethodsComparison/Feces_RA/preproc/SRR5091616/SRR5091616_unmatched_2.fastq,SRR5091616,95545865,325905000,31,DNA,1000,325905,True,0.8632378857954012,0.9865641523409434,0.9249010190681723,0.9865641523409434,False,13311,1555929,2381648
4631000,0.014209662324910633,0.04175928866306764,0.0008069836301989844,0.0016656533627135495,15.083650190114069,15.0,8.589975521023185,/net/nfs-ip34/jbod2/def-ilafores/ref_dbs/sourmash_db/RefSeq_20250528.k31.sbt.zip,GCF_018289135.1_ASM1828913v1_genomic,f3a7db5030ffaeccc9f1bc5800350966,0.7353127977135598,263000,76,227023000,/nfs3_ib/nfs-ip34/home/def-ilafores/analysis/MethodsComparison/Feces_RA/preproc/SRR5091616/SRR5091616_unmatched_2.fastq,SRR5091616,95545865,325905000,31,DNA,1000,325905,True,0.8717780453758547,0.9901309797964939,0.9309545125861742,0.9901309797964939,False,3967,1559896,2381648
902000,0.002767677697488532,0.04813521954804336,0.000803915251376935,0.000961519082584832,8.740458015267176,1.0,25.352202363418414,/net/nfs-ip34/jbod2/def-ilafores/ref_dbs/sourmash_db/RefSeq_20250528.k31.sbt.zip,GCF_040687795.1_BfragS36L11_hyb1_genomic,367a60fab57cdebe3190dd47527fd1f6,0.16571743523792026,262000,77,226761000,/nfs3_ib/nfs-ip34/home/def-ilafores/analysis/MethodsComparison/Feces_RA/preproc/SRR5091616/SRR5091616_unmatched_2.fastq,SRR5091616,95545865,325905000,31,DNA,1000,325905,True,0.8269658913801745,0.9436660462917947,0.8853159688359846,0.9436660462917947,False,2290,1562186,2381648
258000,0.0007916417360887375,0.10460069444444445,0.0007394792961138982,0.00012512344393462006,1.2365145228215768,1.0,0.6026176378301106,/net/nfs-ip34/jbod2/def-ilafores/ref_dbs/sourmash_db/RefSeq_20250528.k31.sbt.zip,GCF_005406285.1_ASM540628v1_genomic,85070a922427c1e42d773e75b3229881,0.11197916666666667,241000,78,226520000,/nfs3_ib/nfs-ip34/home/def-ilafores/analysis/MethodsComparison/Feces_RA/preproc/SRR5091616/SRR5091616_unmatched_2.fastq,SRR5091616,95545865,325905000,31,DNA,1000,325905,True,0.7942414313413821,0.9318092287939451,0.8630253300676636,0.9318092287939451,False,298,1562484,2381648
2578000,0.007910280603243277,0.04923391215526047,0.0007394792961138982,0.0004240761019260613,4.190871369294606,3.0,3.802827031510495,/net/nfs-ip34/jbod2/def-ilafores/ref_dbs/sourmash_db/RefSeq_20250528.k31.sbt.zip,GCF_040687835.1_BfineCL09T03C10_hyb1_genomic,2fc098c7ce25807ec176d4c82a66ac2e,0.5266598569969356,241000,79,226279000,/nfs3_ib/nfs-ip34/home/def-ilafores/analysis/MethodsComparison/Feces_RA/preproc/SRR5091616/SRR5091616_unmatched_2.fastq,SRR5091616,95545865,325905000,31,DNA,1000,325905,True,0.8554600609988192,0.9795285613111805,0.9174943111549998,0.9795285613111805,False,1010,1563494,2381648
2831000,0.008686580445221767,0.0006742589552684661,0.0007272057808257007,0.00014107878242292733,1.4177215189873418,1.0,0.8410501011588407,/net/nfs-ip34/jbod2/def-ilafores/ref_dbs/sourmash_db/RefSeq_20250528.k31.sbt.zip,plasmid.7.1.genomic,7a8c695160f2da22a8aff644e0702b99,0.008054122794789145,237000,80,226042000,/nfs3_ib/nfs-ip34/home/def-ilafores/analysis/MethodsComparison/Feces_RA/preproc/SRR5091616/SRR5091616_unmatched_2.fastq,SRR5091616,95545865,325905000,31,DNA,1000,325905,True,0.8580473474787894,0.8559574997664703,0.8570024236226299,0.8580473474787894,False,336,1563830,2381648
1847000,0.005667295684325187,0.04193727964371868,0.0006934536137831577,0.00016417203549810887,1.7300884955752212,1.0,1.1416014954744138,/net/nfs-ip34/jbod2/def-ilafores/ref_dbs/sourmash_db/RefSeq_20250528.k31.sbt.zip,GCF_025914175.1_ASM2591417v1_genomic,ba18ed1e33b6434317a63fe246283ba2,0.34273520133605495,226000,81,225816000,/nfs3_ib/nfs-ip34/home/def-ilafores/analysis/MethodsComparison/Feces_RA/preproc/SRR5091616/SRR5091616_unmatched_2.fastq,SRR5091616,95545865,325905000,31,DNA,1000,325905,True,0.8463076253297622,0.9660479163502809,0.9061777708400216,0.9660479163502809,False,391,1564221,2381648
2009000,0.006164373053497185,0.05121486422105764,0.0006597014467406146,0.0001923038165169664,2.130232558139535,1.0,2.2186875319705033,/net/nfs-ip34/jbod2/def-ilafores/ref_dbs/sourmash_db/RefSeq_20250528.k31.sbt.zip,GCF_020181555.1_ASM2018155v1_genomic,8469ab5e4b1c2b2c7b791e98ae874535,0.4785612196283945,215000,82,225601000,/nfs3_ib/nfs-ip34/home/def-ilafores/analysis/MethodsComparison/Feces_RA/preproc/SRR5091616/SRR5091616_unmatched_2.fastq,SRR5091616,95545865,325905000,31,DNA,1000,325905,True,0.848605991975045,0.9765070954972274,0.9125565437361363,0.9765070954972274,False,458,1564679,2381648
299000,0.0009174452677927617,0.05361245851416901,0.0006443595526303677,0.00016165277152627088,1.8333333333333333,1.0,2.655781354549844,/net/nfs-ip34/jbod2/def-ilafores/ref_dbs/sourmash_db/RefSeq_20250528.k31.sbt.zip,GCF_020735725.1_ASM2073572v1_genomic,468818a695d78a01f7215c72831539a1,0.07633392902731682,210000,83,225391000,/nfs3_ib/nfs-ip34/home/def-ilafores/analysis/MethodsComparison/Feces_RA/preproc/SRR5091616/SRR5091616_unmatched_2.fastq,SRR5091616,95545865,325905000,31,DNA,1000,325905,True,0.7980290758927949,0.9203619017263889,0.8591954888095918,0.9203619017263889,False,385,1565064,2381648
2044000,0.006271766312268913,0.060481503229594835,0.0006320860373421703,0.0001994417311038407,2.3058252427184467,2.0,1.5003769909895848,/net/nfs-ip34/jbod2/def-ilafores/ref_dbs/sourmash_db/RefSeq_20250528.k31.sbt.zip,GCF_003574015.1_ASM357401v1_genomic,1874b1c1106f4973cf5b5c4b574ac6f1,0.6001174398120963,206000,84,225185000,/nfs3_ib/nfs-ip34/home/def-ilafores/analysis/MethodsComparison/Feces_RA/preproc/SRR5091616/SRR5091616_unmatched_2.fastq,SRR5091616,95545865,325905000,31,DNA,1000,325905,True,0.8490789227994239,0.9836629878880094,0.9163709553437167,0.9836629878880094,False,475,1565539,2381648
405000,0.0012426934229299949,0.059666569172272595,0.0006259492796980716,0.0001519955929675586,1.7745098039215685,1.0,2.852267287838998,/net/nfs-ip34/jbod2/def-ilafores/ref_dbs/sourmash_db/RefSeq_20250528.k31.sbt.zip,GCF_025149785.1_ASM2514978v1_genomic,8c91537000df08516afde1ea4eac7752,0.11845568879789412,204000,85,224981000,/nfs3_ib/nfs-ip34/home/def-ilafores/analysis/MethodsComparison/Feces_RA/preproc/SRR5091616/SRR5091616_unmatched_2.fastq,SRR5091616,95545865,325905000,31,DNA,1000,325905,True,0.805878939858704,0.9335008273065626,0.8696898835826332,0.9335008273065626,False,362,1565901,2381648
884000,0.002712446878691643,0.06684141546526867,0.0006259492796980716,0.00024478848259692446,2.857843137254902,1.0,3.621069506036986,/net/nfs-ip34/jbod2/def-ilafores/ref_dbs/sourmash_db/RefSeq_20250528.k31.sbt.zip,GCF_023347255.1_ASM2334725v1_genomic,58b144de4acaed89ce9d8071641d7213,0.28964613368283093,204000,86,224777000,/nfs3_ib/nfs-ip34/home/def-ilafores/analysis/MethodsComparison/Feces_RA/preproc/SRR5091616/SRR5091616_unmatched_2.fastq,SRR5091616,95545865,325905000,31,DNA,1000,325905,True,0.8264283394021197,0.9608174781939054,0.8936229087980125,0.9608174781939054,False,583,1566484,2381648
281000,0.0008622144489958731,0.06913073237508556,0.0006198125220539728,0.00010832835078903348,1.2772277227722773,1.0,0.6766079034958371,/net/nfs-ip34/jbod2/def-ilafores/ref_dbs/sourmash_db/RefSeq_20250528.k31.sbt.zip,GCF_032769475.1_ASM3276947v1_genomic,a093f200e9d0934ecae0369e6f1ee853,0.09616700889801506,202000,87,224575000,/nfs3_ib/nfs-ip34/home/def-ilafores/analysis/MethodsComparison/Feces_RA/preproc/SRR5091616/SRR5091616_unmatched_2.fastq,SRR5091616,95545865,325905000,31,DNA,1000,325905,True,0.796432328665763,0.927244766077627,0.861838547371695,0.927244766077627,False,258,1566742,2381648
4130000,0.0126724045350639,0.037514428626394765,0.0005983338702996272,0.003454330782718521,42.18974358974359,28.0,41.67591565986403,/net/nfs-ip34/jbod2/def-ilafores/ref_dbs/sourmash_db/RefSeq_20250528.k31.sbt.zip,GCF_024759565.1_ASM2475956v1_genomic,960bb5f95152f9a5590d4499db9b2620,0.7945363601385148,195000,88,224380000,/nfs3_ib/nfs-ip34/home/def-ilafores/analysis/MethodsComparison/Feces_RA/preproc/SRR5091616/SRR5091616_unmatched_2.fastq,SRR5091616,95545865,325905000,31,DNA,1000,325905,True,0.868564158505232,0.9926082117640205,0.9305861851346262,0.9926082117640205,False,8227,1574969,2381648
3789000,0.011626087356745064,0.04286345558992488,0.0005952654914775778,0.0010077055887351952,12.371134020618557,12.0,5.273586364798336,/net/nfs-ip34/jbod2/def-ilafores/ref_dbs/sourmash_db/RefSeq_20250528.k31.sbt.zip,GCF_016726305.1_ASM1672630v1_genomic,47030cb09435e5a03e1ce6a49f0753a5,0.8371630578877596,194000,89,224186000,/nfs3_ib/nfs-ip34/home/def-ilafores/analysis/MethodsComparison/Feces_RA/preproc/SRR5091616/SRR5091616_unmatched_2.fastq,SRR5091616,95545865,325905000,31,DNA,1000,325905,True,0.8661530353624443,0.9942829720111247,0.9302180036867844,0.9942829720111247,False,2400,1577369,2381648
1714000,0.00525920130099262,0.07738572574178028,0.0005921971126555285,0.0004589259202031534,5.66321243523316,5.0,3.318271608507152,/net/nfs-ip34/jbod2/def-ilafores/ref_dbs/sourmash_db/RefSeq_20250528.k31.sbt.zip,GCF_900683765.1_Phascolarctobacterium_succinatutens_82G5_genomic,3f78203e6069e7dd0f934cece4bae86a,0.6872493985565357,193000,90,223993000,/nfs3_ib/nfs-ip34/home/def-ilafores/analysis/MethodsComparison/Feces_RA/preproc/SRR5091616/SRR5091616_unmatched_2.fastq,SRR5091616,95545865,325905000,31,DNA,1000,325905,True,0.8442698565449794,0.9879742483125732,0.9161220524287763,0.9879742483125732,False,1093,1578462,2381648
3866000,0.011862352526042865,0.02786287381473377,0.0005860603550114297,0.0004925161064943266,6.141361256544503,5.0,5.476835199404021,/net/nfs-ip34/jbod2/def-ilafores/ref_dbs/sourmash_db/RefSeq_20250528.k31.sbt.zip,GCF_025147085.1_ASM2514708v1_genomic,5b057d4064659334efb7b362a7eec964,0.5639679066374909,191000,91,223802000,/nfs3_ib/nfs-ip34/home/def-ilafores/analysis/MethodsComparison/Feces_RA/preproc/SRR5091616/SRR5091616_unmatched_2.fastq,SRR5091616,95545865,325905000,31,DNA,1000,325905,True,0.8667153301302483,0.9816935737674015,0.9242044519488248,0.9816935737674015,False,1173,1579635,2381648
197000,0.000604470627943726,0.0581039755351682,0.0005829919761893804,9.951092688760051e-05,1.2473684210526317,1.0,0.57753416035001,/net/nfs-ip34/jbod2/def-ilafores/ref_dbs/sourmash_db/RefSeq_20250528.k31.sbt.zip,GCF_022845935.1_ASM2284593v1_genomic,be00e933b466fd9b012db789088bb49d,0.06024464831804281,190000,92,223612000,/nfs3_ib/nfs-ip34/home/def-ilafores/analysis/MethodsComparison/Feces_RA/preproc/SRR5091616/SRR5091616_unmatched_2.fastq,SRR5091616,95545865,325905000,31,DNA,1000,325905,True,0.7873600833001291,0.9133611427284721,0.8503606130143007,0.9133611427284721,False,237,1579872,2381648
470000,0.001442138046363204,0.05802469135802469,0.0005768552185452816,0.00020825915500527367,2.6382978723404253,1.0,2.891112808759665,/net/nfs-ip34/jbod2/def-ilafores/ref_dbs/sourmash_db/RefSeq_20250528.k31.sbt.zip,GCF_000209855.1_ASM20985v1_genomic,2b845165824bdb6c15dab3f5f2327265,0.14506172839506173,188000,93,223424000,/nfs3_ib/nfs-ip34/home/def-ilafores/analysis/MethodsComparison/Feces_RA/preproc/SRR5091616/SRR5091616_unmatched_2.fastq,SRR5091616,95545865,325905000,31,DNA,1000,325905,True,0.8097576492146009,0.9396223050968449,0.8746899771557228,0.9396223050968449,False,496,1580368,2381648
433000,0.0013286080299473773,0.02991608901860635,0.0005032141268160967,9.531215360120387e-05,1.3841463414634145,1.0,0.919964144608182,/net/nfs-ip34/jbod2/def-ilafores/ref_dbs/sourmash_db/RefSeq_20250528.k31.sbt.zip,GCF_042852215.1_ASM4285221v1_genomic,d35409bea897b51a978082dedf226ca8,0.07898577161619846,164000,94,223260000,/nfs3_ib/nfs-ip34/home/def-ilafores/analysis/MethodsComparison/Feces_RA/preproc/SRR5091616/SRR5091616_unmatched_2.fastq,SRR5091616,95545865,325905000,31,DNA,1000,325905,True,0.8076186711465962,0.9213763492147741,0.8644975101806851,0.9213763492147741,False,227,1580595,2381648
380000,0.0011659839523787607,0.053008130081300814,0.0005001457479940474,0.00018390626994417312,2.687116564417178,1.0,9.526534768316033,/net/nfs-ip34/jbod2/def-ilafores/ref_dbs/sourmash_db/RefSeq_20250528.k31.sbt.zip,GCF_042848525.1_ASM4284852v1_genomic,268c95f33661b42130c76be0c47d4640,0.12357723577235773,163000,95,223097000,/nfs3_ib/nfs-ip34/home/def-ilafores/analysis/MethodsComparison/Feces_RA/preproc/SRR5091616/SRR5091616_unmatched_2.fastq,SRR5091616,95545865,325905000,31,DNA,1000,325905,True,0.8042242785411106,0.9347762997527604,0.8695002891469354,0.9347762997527604,False,438,1581033,2381648
166000,0.0005093508844601955,0.07983830217281455,0.0004848038538838005,8.481522038521226e-05,1.2784810126582278,1.0,0.5832408118232036,/net/nfs-ip34/jbod2/def-ilafores/ref_dbs/sourmash_db/RefSeq_20250528.k31.sbt.zip,GCF_023347725.1_ASM2334772v1_genomic,b9640b0a18e4a23406618393a7661b09,0.08388074785245073,158000,96,222939000,/nfs3_ib/nfs-ip34/home/def-ilafores/analysis/MethodsComparison/Feces_RA/preproc/SRR5091616/SRR5091616_unmatched_2.fastq,SRR5091616,95545865,325905000,31,DNA,1000,325905,True,0.7830234058426647,0.9231652086077746,0.8530943072252197,0.9231652086077746,False,202,1581235,2381648
4428000,0.013586781424034612,0.0236267870579383,0.0004817354750617511,0.0016996634263333624,25.78343949044586,26.0,22.15904251631756,/net/nfs-ip34/jbod2/def-ilafores/ref_dbs/sourmash_db/RefSeq_20250528.k31.sbt.zip,GCF_025914215.1_ASM2591421v1_genomic,2a77126e3a4d4eaa4c7e3a06f2b6d9a9,0.6663656884875846,157000,97,222782000,/nfs3_ib/nfs-ip34/home/def-ilafores/analysis/MethodsComparison/Feces_RA/preproc/SRR5091616/SRR5091616_unmatched_2.fastq,SRR5091616,95545865,325905000,31,DNA,1000,325905,True,0.870518398632629,0.9869912682307707,0.9287548334316998,0.9869912682307707,False,4048,1585283,2381648
1365000,0.00418833709209739,0.05281090289608177,0.0004755987174176524,0.00032246578839526246,4.95483870967742,4.0,3.2195810897289525,/net/nfs-ip34/jbod2/def-ilafores/ref_dbs/sourmash_db/RefSeq_20250528.k31.sbt.zip,GCF_040058985.1_ASM4005898v1_genomic,9217c1f8c150568f8c71781398566ec7,0.46507666098807493,155000,98,222627000,/nfs3_ib/nfs-ip34/home/def-ilafores/analysis/MethodsComparison/Feces_RA/preproc/SRR5091616/SRR5091616_unmatched_2.fastq,SRR5091616,95545865,325905000,31,DNA,1000,325905,True,0.8380919426798915,0.9756071743750409,0.9068495585274662,0.9756071743750409,False,768,1586051,2381648
3064000,0.00940151271075927,0.02834084084084084,0.0004633252021294549,0.00032120615640934347,5.066225165562914,4.0,4.148994730510486,/net/nfs-ip34/jbod2/def-ilafores/ref_dbs/sourmash_db/RefSeq_20250528.k31.sbt.zip,GCF_030875795.1_ASM3087579v1_genomic,8fa656a91271df1507c7ca1413cd3acd,0.575075075075075,151000,99,222476000,/nfs3_ib/nfs-ip34/home/def-ilafores/analysis/MethodsComparison/Feces_RA/preproc/SRR5091616/SRR5091616_unmatched_2.fastq,SRR5091616,95545865,325905000,31,DNA,1000,325905,True,0.8602393048686106,0.9823113879643689,0.9212753464164898,0.9823113879643689,False,765,1586816,2381648
203000,0.0006228809008760221,0.05330948121645796,0.00045718844448535616,0.00015115583831027928,2.4161073825503356,1.0,3.7650827261532664,/net/nfs-ip34/jbod2/def-ilafores/ref_dbs/sourmash_db/RefSeq_20250528.k31.sbt.zip,GCF_000146185.1_ASM14618v1_genomic,5229119e2aa175d63f96a9ce9dfd479c,0.07262969588550984,149000,100,222327000,/nfs3_ib/nfs-ip34/home/def-ilafores/analysis/MethodsComparison/Feces_RA/preproc/SRR5091616/SRR5091616_unmatched_2.fastq,SRR5091616,95545865,325905000,31,DNA,1000,325905,True,0.7881224706911708,0.9188862422191618,0.8535043564551663,0.9188862422191618,False,360,1587176,2381648
3263000,0.010012120096347095,0.03370013755158184,0.00045105168684125743,0.0006314955022740556,10.231292517006803,10.0,5.785353342310752,/net/nfs-ip34/jbod2/def-ilafores/ref_dbs/sourmash_db/RefSeq_20250528.k31.sbt.zip,GCF_020735605.1_ASM2073560v1_genomic,bf79e48da9be9fcacdb5c95f57331d86,0.7480513525905548,147000,101,222180000,/nfs3_ib/nfs-ip34/home/def-ilafores/analysis/MethodsComparison/Feces_RA/preproc/SRR5091616/SRR5091616_unmatched_2.fastq,SRR5091616,95545865,325905000,31,DNA,1000,325905,True,0.8619872465993457,0.9906797169012046,0.9263334817502751,0.9906797169012046,False,1504,1588680,2381648
762000,0.0023381046624016202,0.03820989269824653,0.00044798330801920806,0.0002473077465687625,4.034246575342466,3.0,4.504813838553434,/net/nfs-ip34/jbod2/def-ilafores/ref_dbs/sourmash_db/RefSeq_20250528.k31.sbt.zip,GCF_014287515.2_ASM1428751v2_genomic,ba44e405458705e9ab11b89381454753,0.19942423449358807,146000,102,222034000,/nfs3_ib/nfs-ip34/home/def-ilafores/analysis/MethodsComparison/Feces_RA/preproc/SRR5091616/SRR5091616_unmatched_2.fastq,SRR5091616,95545865,325905000,31,DNA,1000,325905,True,0.8224786692822185,0.9493190400611324,0.8858988546716755,0.9493190400611324,False,589,1589269,2381648
188000,0.0005768552185452816,0.028126870137642132,0.0004326414139089612,8.565497504249159e-05,1.446808510638298,1.0,1.604185712506896,/net/nfs-ip34/jbod2/def-ilafores/ref_dbs/sourmash_db/RefSeq_20250528.k31.sbt.zip,GCF_040267475.1_UoG_LM19R_1.0_genomic,361dbedd535289fa0d5c0308f46e417d,0.037502493516856174,141000,103,221893000,/nfs3_ib/nfs-ip34/home/def-ilafores/analysis/MethodsComparison/Feces_RA/preproc/SRR5091616/SRR5091616_unmatched_2.fastq,SRR5091616,95545865,325905000,31,DNA,1000,325905,True,0.7861732899888711,0.8995015999189897,0.8428374449539304,0.8995015999189897,False,204,1589473,2381648
511000,0.0015679415780672282,0.03767491926803014,0.0004295730350869118,6.8859881896905e-05,1.1714285714285715,1.0,0.3953815000885157,/net/nfs-ip34/jbod2/def-ilafores/ref_dbs/sourmash_db/RefSeq_20250528.k31.sbt.zip,GCF_015074785.1_ASM1507478v1_genomic,988b2ef58a54374a65546dbc194ca3be,0.13751345532831,140000,104,221753000,/nfs3_ib/nfs-ip34/home/def-ilafores/analysis/MethodsComparison/Feces_RA/preproc/SRR5091616/SRR5091616_unmatched_2.fastq,SRR5091616,95545865,325905000,31,DNA,1000,325905,True,0.8119452962712054,0.9380039855863002,0.8749746409287528,0.9380039855863002,False,164,1589637,2381648
3223000,0.00988938494346512,0.026000748222970445,0.00042650465626486246,0.0015703412091123458,26.906474820143885,4.0,227.6515351779295,/net/nfs-ip34/jbod2/def-ilafores/ref_dbs/sourmash_db/RefSeq_20250528.k31.sbt.zip,GCF_000724805.2_ASM72480v2_genomic,4c290a74182ca03c0890aeb57f547b06,0.602880658436214,139000,105,221614000,/nfs3_ib/nfs-ip34/home/def-ilafores/analysis/MethodsComparison/Feces_RA/preproc/SRR5091616/SRR5091616_unmatched_2.fastq,SRR5091616,95545865,325905000,31,DNA,1000,325905,True,0.8616443435884237,0.9838087678666477,0.9227265557275357,0.9838087678666477,False,3740,1593377,2381648
3617000,0.011098326199352571,0.023938493796959635,0.00042036789862076373,0.0006953168562272847,12.087591240875913,9.0,10.514830994372437,/net/nfs-ip34/jbod2/def-ilafores/ref_dbs/sourmash_db/RefSeq_20250528.k31.sbt.zip,GCF_042850145.1_ASM4285014v1_genomic,6350fb91e771d4a1538082fbe2684b37,0.6320111829460073,137000,106,221477000,/nfs3_ib/nfs-ip34/home/def-ilafores/analysis/MethodsComparison/Feces_RA/preproc/SRR5091616/SRR5091616_unmatched_2.fastq,SRR5091616,95545865,325905000,31,DNA,1000,325905,True,0.864855974386943,0.9853074500024965,0.9250817121947197,0.9853074500024965,False,1656,1595033,2381648
433000,0.0013286080299473773,0.04695837780149413,0.00040502600451051686,0.00015661424358259492,2.8257575757575757,2.0,2.6126041000608433,/net/nfs-ip34/jbod2/def-ilafores/ref_dbs/sourmash_db/RefSeq_20250528.k31.sbt.zip,GCF_028743395.1_ASM2874339v1_genomic,bc5680b67a040c88f41f779ed94a8fca,0.15403770900035574,132000,107,221345000,/nfs3_ib/nfs-ip34/home/def-ilafores/analysis/MethodsComparison/Feces_RA/preproc/SRR5091616/SRR5091616_unmatched_2.fastq,SRR5091616,95545865,325905000,31,DNA,1000,325905,True,0.8076186711465962,0.9414438461965533,0.8745312586715748,0.9414438461965533,False,373,1595406,2381648
730000,0.00223991654009604,0.045219192267863306,0.0004019576256884675,0.0002007013630897597,3.648854961832061,1.0,15.65804608135492,/net/nfs-ip34/jbod2/def-ilafores/ref_dbs/sourmash_db/RefSeq_20250528.k31.sbt.zip,GCF_036419515.1_ASM3641951v1_genomic,6a297f754ff6c4bf21b2d1fd8119290f,0.2519848118743528,131000,108,221214000,/nfs3_ib/nfs-ip34/home/def-ilafores/analysis/MethodsComparison/Feces_RA/preproc/SRR5091616/SRR5091616_unmatched_2.fastq,SRR5091616,95545865,325905000,31,DNA,1000,325905,True,0.8213411985704532,0.9565099578194224,0.8889255781949378,0.9565099578194224,False,478,1595884,2381648
3194000,0.009800401957625689,0.019485348802617878,0.0004019576256884675,0.00032960370298213673,5.99236641221374,5.0,4.666751298551914,/net/nfs-ip34/jbod2/def-ilafores/ref_dbs/sourmash_db/RefSeq_20250528.k31.sbt.zip,GCF_014334015.1_ASM1433401v1_genomic,32a90d9faa0865b9d4716569d60e47de,0.47508552729436265,131000,109,221083000,/nfs3_ib/nfs-ip34/home/def-ilafores/analysis/MethodsComparison/Feces_RA/preproc/SRR5091616/SRR5091616_unmatched_2.fastq,SRR5091616,95545865,325905000,31,DNA,1000,325905,True,0.8613931538190571,0.976277507931269,0.9188353308751631,0.976277507931269,False,785,1596669,2381648
405000,0.0012426934229299949,0.03489315661347038,0.00039582086804436877,0.00011084761476087146,2.046511627906977,1.0,2.378392607865996,/net/nfs-ip34/jbod2/def-ilafores/ref_dbs/sourmash_db/RefSeq_20250528.k31.sbt.zip,GCF_000210015.1_ASM21001v1_genomic,6f351faff0bbc09512221a953fad4daf,0.10954828239112795,129000,110,220954000,/nfs3_ib/nfs-ip34/home/def-ilafores/analysis/MethodsComparison/Feces_RA/preproc/SRR5091616/SRR5091616_unmatched_2.fastq,SRR5091616,95545865,325905000,31,DNA,1000,325905,True,0.805878939858704,0.9311497577182015,0.8685143487884528,0.9311497577182015,False,264,1596933,2381648
126000,0.0003866157315782206,0.07283236994219654,0.0003866157315782206,6.7600249910986e-05,1.2777777777777777,1.0,0.6379392528288439,/net/nfs-ip34/jbod2/def-ilafores/ref_dbs/sourmash_db/RefSeq_20250528.k31.sbt.zip,GCF_000017585.1_ASM1758v1_genomic,8bfca7c23d5bf9f4a9d65d09cb87b2f1,0.07283236994219654,126000,111,220828000,/nfs3_ib/nfs-ip34/home/def-ilafores/analysis/MethodsComparison/Feces_RA/preproc/SRR5091616/SRR5091616_unmatched_2.fastq,SRR5091616,95545865,325905000,31,DNA,1000,325905,True,0.7760902771526411,0.9189688456833831,0.8475295614180121,0.9189688456833831,False,161,1597094,2381648
1974000,0.006056979794725457,0.02763067004374856,0.00036820545864592444,0.0020175105641135884,40.041666666666664,51.0,28.26906313544111,/net/nfs-ip34/jbod2/def-ilafores/ref_dbs/sourmash_db/RefSeq_20250528.k31.sbt.zip,GCF_015679285.1_ASM1567928v1_genomic,45fd681443cce466fcd8278dc02a4bdd,0.45452452221966383,120000,112,220708000,/nfs3_ib/nfs-ip34/home/def-ilafores/analysis/MethodsComparison/Feces_RA/preproc/SRR5091616/SRR5091616_unmatched_2.fastq,SRR5091616,95545865,325905000,31,DNA,1000,325905,True,0.8481250195161522,0.9748851654436406,0.9115050924798964,0.9748851654436406,False,4805,1601899,2381648
2300000,0.007057271290713552,0.029899497487437185,0.0003651370798238751,0.0002569649251274748,5.142857142857143,2.0,15.918535105466256,/net/nfs-ip34/jbod2/def-ilafores/ref_dbs/sourmash_db/RefSeq_20250528.k31.sbt.zip,GCF_000209995.1_ASM20999v1_genomic,300ebb94b057c743776c0c6aab2d0089,0.5778894472361809,119000,113,220589000,/nfs3_ib/nfs-ip34/home/def-ilafores/analysis/MethodsComparison/Feces_RA/preproc/SRR5091616/SRR5091616_unmatched_2.fastq,SRR5091616,95545865,325905000,31,DNA,1000,325905,True,0.8523170720190443,0.982466097870682,0.9173915849448631,0.982466097870682,False,612,1602511,2381648
1535000,0.004709961491845783,0.02406957928802589,0.0003651370798238751,7.557791915513964e-05,1.5126050420168067,1.0,0.818540884832667,/net/nfs-ip34/jbod2/def-ilafores/ref_dbs/sourmash_db/RefSeq_20250528.k31.sbt.zip,GCF_000026305.1_ASM2630v1_genomic,b54ca47d4f6aa50d095c5a09c79758c5,0.31047734627831713,119000,114,220470000,/nfs3_ib/nfs-ip34/home/def-ilafores/analysis/MethodsComparison/Feces_RA/preproc/SRR5091616/SRR5091616_unmatched_2.fastq,SRR5091616,95545865,325905000,31,DNA,1000,325905,True,0.8412712429678323,0.9629724630542121,0.9021218530110222,0.9629724630542121,False,180,1602691,2381648
879000,0.0026971049845813965,0.032084119708816396,0.0003651370798238751,0.00010454945483127649,2.092436974789916,1.0,2.7007362725921706,/net/nfs-ip34/jbod2/def-ilafores/ref_dbs/sourmash_db/RefSeq_20250528.k31.sbt.zip,GCF_964272325.1_LUMC_Rgna_QRD017_genomic,37382561836d630ed14780f19dfe41c2,0.23699110272310595,119000,115,220351000,/nfs3_ib/nfs-ip34/home/def-ilafores/analysis/MethodsComparison/Feces_RA/preproc/SRR5091616/SRR5091616_unmatched_2.fastq,SRR5091616,95545865,325905000,31,DNA,1000,325905,True,0.8262771391107355,0.9546189821607967,0.8904480606357661,0.9546189821607967,False,249,1602940,2381648
4115000,0.012626378852733159,0.019427066183733948,0.0003620687010018257,0.0012751674470786614,25.73728813559322,26.0,24.533418220764595,/net/nfs-ip34/jbod2/def-ilafores/ref_dbs/sourmash_db/RefSeq_20250528.k31.sbt.zip,GCF_041014885.1_Genome_assembly_GPTB0036_genomic,1f38609cd97f545f1f212822b103869c,0.6774777741191966,118000,116,220233000,/nfs3_ib/nfs-ip34/home/def-ilafores/analysis/MethodsComparison/Feces_RA/preproc/SRR5091616/SRR5091616_unmatched_2.fastq,SRR5091616,95545865,325905000,31,DNA,1000,325905,True,0.8684622182310984,0.9875179572429207,0.9279900877370095,0.9875179572429207,False,3037,1605977,2381648
304000,0.0009327871619030085,0.030659731727347386,0.00034365842806952947,0.00025864443444203344,5.5,1.0,10.897247358851684,/net/nfs-ip34/jbod2/def-ilafores/ref_dbs/sourmash_db/RefSeq_20250528.k31.sbt.zip,GCF_025145845.1_ASM2514584v1_genomic,00191848f4049b7a1cb875559983f7c7,0.08321927183137147,112000,117,220121000,/nfs3_ib/nfs-ip34/home/def-ilafores/analysis/MethodsComparison/Feces_RA/preproc/SRR5091616/SRR5091616_unmatched_2.fastq,SRR5091616,95545865,325905000,31,DNA,1000,325905,True,0.7984561132173056,0.9229294692224052,0.8606927912198554,0.9229294692224052,False,616,1606593,2381648
1755000,0.005385004832696645,0.041870992078460956,0.0003405900492474801,0.00010622896414583515,2.279279279279279,2.0,1.415303559398593,/net/nfs-ip34/jbod2/def-ilafores/ref_dbs/sourmash_db/RefSeq_20250528.k31.sbt.zip,GCF_033096525.1_ASM3309652v1_genomic,435d8e70fb203ed034f71349b4691d0d,0.6620143342135043,111000,118,220010000,/nfs3_ib/nfs-ip34/home/def-ilafores/analysis/MethodsComparison/Feces_RA/preproc/SRR5091616/SRR5091616_unmatched_2.fastq,SRR5091616,95545865,325905000,31,DNA,1000,325905,True,0.844913899689223,0.986782704213397,0.91584830195131,0.986782704213397,False,253,1606846,2381648
4390000,0.013470183028796736,0.018812053649190037,0.00033138491278133196,0.0007557791915513963,16.666666666666668,3.0,30.716143662274423,/net/nfs-ip34/jbod2/def-ilafores/ref_dbs/sourmash_db/RefSeq_20250528.k31.sbt.zip,GCF_018292105.1_ASM1829210v1_genomic,833ce107256231b46fdcaa8f4db23439,0.7646751437031876,108000,119,219902000,/nfs3_ib/nfs-ip34/home/def-ilafores/analysis/MethodsComparison/Feces_RA/preproc/SRR5091616/SRR5091616_unmatched_2.fastq,SRR5091616,95545865,325905000,31,DNA,1000,325905,True,0.8702764060381561,0.9913823727822287,0.9308293894101924,0.9913823727822287,False,1800,1608646,2381648
329000,0.0010094966324542428,0.03083952027412907,0.00033138491278133196,0.00013100172653557536,2.888888888888889,1.0,4.07415824828869,/net/nfs-ip34/jbod2/def-ilafores/ref_dbs/sourmash_db/RefSeq_20250528.k31.sbt.zip,GCF_000225345.1_ASM22534v1_genomic,2c4be6d3f461c9f71df87a5d7ae22e2f,0.09394631639063393,108000,120,219794000,/nfs3_ib/nfs-ip34/home/def-ilafores/analysis/MethodsComparison/Feces_RA/preproc/SRR5091616/SRR5091616_unmatched_2.fastq,SRR5091616,95545865,325905000,31,DNA,1000,325905,True,0.8004942593209351,0.9265462206178877,0.8635202399694114,0.9265462206178877,False,312,1608958,2381648
5053000,0.015504518187815468,0.014947683109118086,0.000306837882204937,0.00033884100421220935,8.07,7.0,6.114335613948583,/net/nfs-ip34/jbod2/def-ilafores/ref_dbs/sourmash_db/RefSeq_20250528.k31.sbt.zip,GCF_018292045.1_ASM1829204v1_genomic,351f8438ec8d8675fbef71d53ee9a94a,0.7553064275037369,100000,121,219694000,/nfs3_ib/nfs-ip34/home/def-ilafores/analysis/MethodsComparison/Feces_RA/preproc/SRR5091616/SRR5091616_unmatched_2.fastq,SRR5091616,95545865,325905000,31,DNA,1000,325905,True,0.8742339870636366,0.9909882147268124,0.9326111008952245,0.9909882147268124,False,807,1609765,2381648
234000,0.0007180006443595526,0.044,0.00030376950338288763,5.7943071352273717e-05,1.393939393939394,1.0,0.7222045628977567,/net/nfs-ip34/jbod2/def-ilafores/ref_dbs/sourmash_db/RefSeq_20250528.k31.sbt.zip,GCF_902388175.1_UHGG_MGYG-HGUT-02539_genomic,139286699907f4d64c15ca615fb65f4b,0.104,99000,122,219595000,/nfs3_ib/nfs-ip34/home/def-ilafores/analysis/MethodsComparison/Feces_RA/preproc/SRR5091616/SRR5091616_unmatched_2.fastq,SRR5091616,95545865,325905000,31,DNA,1000,325905,True,0.7917438016174593,0.9295899033867059,0.8606668525020826,0.9295899033867059,False,138,1609903,2381648
1603000,0.00491861125174514,0.015639810426540283,0.00030376950338288763,0.0014095281922433542,33.90909090909091,38.0,18.908653841102613,/net/nfs-ip34/jbod2/def-ilafores/ref_dbs/sourmash_db/RefSeq_20250528.k31.sbt.zip,GCF_036416795.1_ASM3641679v1_genomic,c36698f0fba88541e862d1e6992e9d87,0.2532385466034755,99000,123,219496000,/nfs3_ib/nfs-ip34/home/def-ilafores/analysis/MethodsComparison/Feces_RA/preproc/SRR5091616/SRR5091616_unmatched_2.fastq,SRR5091616,95545865,325905000,31,DNA,1000,325905,True,0.8424483934331343,0.9566631073568518,0.899555750394993,0.9566631073568518,False,3357,1613260,2381648
160000,0.0004909406115278992,0.030312403340550572,0.00030070112456083827,4.9545524779480424e-05,1.2040816326530612,1.0,0.45083106192601063,/net/nfs-ip34/jbod2/def-ilafores/ref_dbs/sourmash_db/RefSeq_20250528.k31.sbt.zip,GCF_020735565.1_ASM2073556v1_genomic,71d5568410170f0cdda2d0c79d6c46f8,0.049489638107021346,98000,124,219398000,/nfs3_ib/nfs-ip34/home/def-ilafores/analysis/MethodsComparison/Feces_RA/preproc/SRR5091616/SRR5091616_unmatched_2.fastq,SRR5091616,95545865,325905000,31,DNA,1000,325905,True,0.7820940802572495,0.9075855179193876,0.8448397990883185,0.9075855179193876,False,118,1613378,2381648
4890000,0.01500437243982142,0.014449575450618203,0.0002976327457387889,0.0003833480010480138,9.412371134020619,6.0,8.635520719045473,/net/nfs-ip34/jbod2/def-ilafores/ref_dbs/sourmash_db/RefSeq_20250528.k31.sbt.zip,GCF_030168555.1_ASM3016855v1_genomic,761bc93d29d61ce80809686c2d5128e5,0.7284373603455981,97000,125,219301000,/nfs3_ib/nfs-ip34/home/def-ilafores/analysis/MethodsComparison/Feces_RA/preproc/SRR5091616/SRR5091616_unmatched_2.fastq,SRR5091616,95545865,325905000,31,DNA,1000,325905,True,0.8733097669873737,0.9898309725694222,0.9315703697783979,0.9898309725694222,False,913,1614291,2381648
3671000,0.011264018655743238,0.019123997532387416,0.00028535923045059145,0.0014951831672858457,38.29032258064516,22.0,39.647527860981945,/net/nfs-ip34/jbod2/def-ilafores/ref_dbs/sourmash_db/RefSeq_20250528.k31.sbt.zip,GCF_008728395.1_ASM872839v1_genomic,be62626804ebd51a937970eebfaaba96,0.7548838165741312,93000,126,219208000,/nfs3_ib/nfs-ip34/home/def-ilafores/analysis/MethodsComparison/Feces_RA/preproc/SRR5091616/SRR5091616_unmatched_2.fastq,SRR5091616,95545865,325905000,31,DNA,1000,325905,True,0.865269506503144,0.9909703234248054,0.9281199149639747,0.9909703234248054,False,3561,1617852,2381648
586000,0.0017980699897209309,0.015593220338983051,0.0002822908516285421,4.534675149308378e-05,1.173913043478261,1.0,0.4802330877037939,/net/nfs-ip34/jbod2/def-ilafores/ref_dbs/sourmash_db/RefSeq_20250528.k31.sbt.zip,GCF_023008325.1_ASM2300832v1_genomic,62ca62058406f40d09a0e591171d7363,0.09932203389830509,92000,127,219116000,/nfs3_ib/nfs-ip34/home/def-ilafores/analysis/MethodsComparison/Feces_RA/preproc/SRR5091616/SRR5091616_unmatched_2.fastq,SRR5091616,95545865,325905000,31,DNA,1000,325905,True,0.815540201123663,0.9282108323700985,0.8718755167468808,0.9282108323700985,False,108,1617960,2381648
3878000,0.011899173071907458,0.018481317798312576,0.0002822908516285421,0.0003766299637897792,9.75,9.0,9.769768142858734,/net/nfs-ip34/jbod2/def-ilafores/ref_dbs/sourmash_db/RefSeq_20250528.k31.sbt.zip,GCF_020091545.1_ASM2009154v1_genomic,cbccf2735894b89c5383dfa9cc789cf8,0.7790277219766975,92000,128,219024000,/nfs3_ib/nfs-ip34/home/def-ilafores/analysis/MethodsComparison/Feces_RA/preproc/SRR5091616/SRR5091616_unmatched_2.fastq,SRR5091616,95545865,325905000,31,DNA,1000,325905,True,0.8668019829577858,0.9919772378768383,0.929389610417312,0.9919772378768383,False,897,1618857,2381648
364000,0.0011168898912259707,0.023273463192512018,0.0002822908516285421,0.00026032394375659205,6.739130434782608,2.0,10.524164291119034,/net/nfs-ip34/jbod2/def-ilafores/ref_dbs/sourmash_db/RefSeq_20250528.k31.sbt.zip,GCF_036419255.1_ASM3641925v1_genomic,cc90865ac4b45b3dd14605490161db88,0.0920819630660258,92000,129,218932000,/nfs3_ib/nfs-ip34/home/def-ilafores/analysis/MethodsComparison/Feces_RA/preproc/SRR5091616/SRR5091616_unmatched_2.fastq,SRR5091616,95545865,325905000,31,DNA,1000,325905,True,0.8031090645687998,0.9259473144513315,0.8645281895100656,0.9259473144513315,False,620,1619477,2381648
2373000,0.007281262944723156,0.019131556319862426,0.00027308571516239394,5.836294868091338e-05,1.5617977528089888,1.0,0.9356252032164517,/net/nfs-ip34/jbod2/def-ilafores/ref_dbs/sourmash_db/RefSeq_20250528.k31.sbt.zip,GCF_002163935.1_ASM216393v1_genomic,d360424807245d35decbe3f3e74c3e36,0.5101031814273431,89000,130,218843000,/nfs3_ib/nfs-ip34/home/def-ilafores/analysis/MethodsComparison/Feces_RA/preproc/SRR5091616/SRR5091616_unmatched_2.fastq,SRR5091616,95545865,325905000,31,DNA,1000,325905,True,0.853176581729944,0.9785197911304012,0.9158481864301726,0.9785197911304012,False,139,1619616,2381648
434000,0.0013316764087694267,0.030920590302178495,0.0002700173363403446,0.00014401792372340498,3.897727272727273,3.0,3.5644704207168405,/net/nfs-ip34/jbod2/def-ilafores/ref_dbs/sourmash_db/RefSeq_20250528.k31.sbt.zip,GCF_019968055.1_ASM1996805v1_genomic,68b64f4d4c3889600ebe30d1a4137e53,0.15249472944483486,88000,131,218755000,/nfs3_ib/nfs-ip34/home/def-ilafores/analysis/MethodsComparison/Feces_RA/preproc/SRR5091616/SRR5091616_unmatched_2.fastq,SRR5091616,95545865,325905000,31,DNA,1000,325905,True,0.8076787707915526,0.9411381573418217,0.8744084640666872,0.9411381573418217,False,343,1619959,2381648
3508000,0.01076387290774919,0.016679302501895376,0.0002700173363403446,0.0018142899370519909,49.10227272727273,56.5,25.49511529539766,/net/nfs-ip34/jbod2/def-ilafores/ref_dbs/sourmash_db/RefSeq_20250528.k31.sbt.zip,GCF_018291785.1_ASM1829178v1_genomic,94290db9715a9c6fca358ac639119d83,0.6648976497346475,88000,132,218667000,/nfs3_ib/nfs-ip34/home/def-ilafores/analysis/MethodsComparison/Feces_RA/preproc/SRR5091616/SRR5091616_unmatched_2.fastq,SRR5091616,95545865,325905000,31,DNA,1000,325905,True,0.8640027303049375,0.9869210516160123,0.9254618909604748,0.9869210516160123,False,4321,1624280,2381648
415000,0.0012733772111504886,0.028950953678474115,0.0002608121998741965,0.00014863657433844129,4.1647058823529415,3.0,4.310990220146723,/net/nfs-ip34/jbod2/def-ilafores/ref_dbs/sourmash_db/RefSeq_20250528.k31.sbt.zip,GCF_023347295.1_ASM2334729v1_genomic,78db35fa6d9edc0fa99c8623efbe174d,0.14134877384196184,85000,133,218582000,/nfs3_ib/nfs-ip34/home/def-ilafores/analysis/MethodsComparison/Feces_RA/preproc/SRR5091616/SRR5091616_unmatched_2.fastq,SRR5091616,95545865,325905000,31,DNA,1000,325905,True,0.8065132719074469,0.9388367167517007,0.8726749943295737,0.9388367167517007,False,354,1624634,2381648
3334000,0.0102299749927126,0.015743550834597875,0.00025467544223009775,0.0001792876193291368,5.144578313253012,4.0,11.230479750419834,/net/nfs-ip34/jbod2/def-ilafores/ref_dbs/sourmash_db/RefSeq_20250528.k31.sbt.zip,GCF_018279895.1_ASM1827989v1_genomic,eef05f88d650d6818de3c980b9d8b8f4,0.6323975720789075,83000,134,218499000,/nfs3_ib/nfs-ip34/home/def-ilafores/analysis/MethodsComparison/Feces_RA/preproc/SRR5091616/SRR5091616_unmatched_2.fastq,SRR5091616,95545865,325905000,31,DNA,1000,325905,True,0.862586000791585,0.9853268759303835,0.9239564383609842,0.9853268759303835,False,427,1625061,2381648
128000,0.0003927524892223194,0.018087271082975358,0.0002454703057639496,3.7369082248930154e-05,1.1125,1.0,0.35333235062756424,/net/nfs-ip34/jbod2/def-ilafores/ref_dbs/sourmash_db/RefSeq_20250528.k31.sbt.zip,GCF_044336395.1_ASM4433639v1_genomic,7004ceefcd6696a06bbad6d1e5c7b9f6,0.02893963373276057,80000,135,218419000,/nfs3_ib/nfs-ip34/home/def-ilafores/analysis/MethodsComparison/Feces_RA/preproc/SRR5091616/SRR5091616_unmatched_2.fastq,SRR5091616,95545865,325905000,31,DNA,1000,325905,True,0.7764846401121738,0.8920120945810066,0.8342483673465901,0.8920120945810066,False,89,1625150,2381648
4532000,0.013905892821527746,0.012552957790679428,0.0002454703057639496,0.0008342962520070137,24.8375,24.0,13.891943483544697,/net/nfs-ip34/jbod2/def-ilafores/ref_dbs/sourmash_db/RefSeq_20250528.k31.sbt.zip,GCF_016864215.1_ASM1686421v1_genomic,3460a6d706973d7ef76859c83dbd244e,0.7111250588419896,80000,136,218339000,/nfs3_ib/nfs-ip34/home/def-ilafores/analysis/MethodsComparison/Feces_RA/preproc/SRR5091616/SRR5091616_unmatched_2.fastq,SRR5091616,95545865,325905000,31,DNA,1000,325905,True,0.8711705579724374,0.989063246816789,0.9301169023946132,0.989063246816789,False,1987,1627137,2381648
4312000,0.013230849480676885,0.012448786637251812,0.00024240192694190024,0.0009736955251153823,29.354430379746834,32.0,12.821104017199008,/net/nfs-ip34/jbod2/def-ilafores/ref_dbs/sourmash_db/RefSeq_20250528.k31.sbt.zip,GCF_020091305.1_ASM2009130v1_genomic,6d0ae679c2f742228ffe16430c5e44b3,0.6794831389851875,79000,137,218260000,/nfs3_ib/nfs-ip34/home/def-ilafores/analysis/MethodsComparison/Feces_RA/preproc/SRR5091616/SRR5091616_unmatched_2.fastq,SRR5091616,95545865,325905000,31,DNA,1000,325905,True,0.8697732680653547,0.9876121159285054,0.92869269199693,0.9876121159285054,False,2319,1629456,2381648
451000,0.001383838848744266,0.021075385031072685,0.00023933354811985088,4.618650615036311e-05,1.4102564102564104,1.0,0.7584717670640533,/net/nfs-ip34/jbod2/def-ilafores/ref_dbs/sourmash_db/RefSeq_20250528.k31.sbt.zip,GCF_005848555.1_ASM584855v1_genomic,1123379c731757b61c292acf7bd31a34,0.12185895703863821,78000,138,218182000,/nfs3_ib/nfs-ip34/home/def-ilafores/analysis/MethodsComparison/Feces_RA/preproc/SRR5091616/SRR5091616_unmatched_2.fastq,SRR5091616,95545865,325905000,31,DNA,1000,325905,True,0.8086804651210853,0.9343541757746007,0.871517320447843,0.9343541757746007,False,110,1629566,2381648
1711000,0.005249996164526472,0.03395733565520244,0.00023933354811985088,0.00018474602460145245,5.641025641025641,5.0,3.7002229973491825,/net/nfs-ip34/jbod2/def-ilafores/ref_dbs/sourmash_db/RefSeq_20250528.k31.sbt.zip,GCF_014489955.1_ASM1448995v1_genomic,579fa51da431e95a9307700dadd79bea,0.7448846321288637,78000,139,218104000,/nfs3_ib/nfs-ip34/home/def-ilafores/analysis/MethodsComparison/Feces_RA/preproc/SRR5091616/SRR5091616_unmatched_2.fastq,SRR5091616,95545865,325905000,31,DNA,1000,325905,True,0.8442221477876721,0.9905441539387413,0.9173831508632067,0.9905441539387413,False,440,1630006,2381648
76000,0.00023319679047575212,0.02428115015974441,0.00023319679047575212,3.484981827709217e-05,1.0921052631578947,1.0,0.4914434051837657,/net/nfs-ip34/jbod2/def-ilafores/ref_dbs/sourmash_db/RefSeq_20250528.k31.sbt.zip,GCF_018846995.1_ASM1884699v1_genomic,ad6d2ee3bc527a64b92eeb923ff9017b,0.02428115015974441,76000,140,218028000,/nfs3_ib/nfs-ip34/home/def-ilafores/analysis/MethodsComparison/Feces_RA/preproc/SRR5091616/SRR5091616_unmatched_2.fastq,SRR5091616,95545865,325905000,31,DNA,1000,325905,True,0.7635364251750805,0.8869760871915169,0.8252562561832987,0.8869760871915169,False,83,1630089,2381648
3167000,0.009717555729430356,0.013247404224847834,0.0002270600328316534,0.00024310897328236582,7.824324324324325,4.0,31.947743695700407,/net/nfs-ip34/jbod2/def-ilafores/ref_dbs/sourmash_db/RefSeq_20250528.k31.sbt.zip,GCF_013267555.1_ASM1326755v1_genomic,8ba6909a0cd9ed021d840de375f8dd88,0.566953097028285,74000,141,217954000,/nfs3_ib/nfs-ip34/home/def-ilafores/analysis/MethodsComparison/Feces_RA/preproc/SRR5091616/SRR5091616_unmatched_2.fastq,SRR5091616,95545865,325905000,31,DNA,1000,325905,True,0.8611572954829436,0.9818607682739332,0.9215090318784385,0.9818607682739332,False,579,1630668,2381648
165000,0.0005062825056381461,0.016824153030652225,0.00022399165400960403,5.332442073723741e-05,1.7397260273972603,1.0,2.823712688925087,/net/nfs-ip34/jbod2/def-ilafores/ref_dbs/sourmash_db/RefSeq_20250528.k31.sbt.zip,GCF_033539535.1_ASM3353953v1_genomic,0427dc13b30085ec6c0b07b74b672320,0.038027195206268724,73000,142,217881000,/nfs3_ib/nfs-ip34/home/def-ilafores/analysis/MethodsComparison/Feces_RA/preproc/SRR5091616/SRR5091616_unmatched_2.fastq,SRR5091616,95545865,325905000,31,DNA,1000,325905,True,0.7828707989852391,0.8999048452288312,0.8413878221070352,0.8999048452288312,False,127,1630795,2381648
72000,0.00022092327518755467,0.017444717444717445,0.00021785489636550528,3.3170308962533505e-05,1.1126760563380282,1.0,0.3161963988823049,/net/nfs-ip34/jbod2/def-ilafores/ref_dbs/sourmash_db/RefSeq_20250528.k31.sbt.zip,GCF_022845715.1_ASM2284571v1_genomic,0997265d51c515e91fdfb672e1434202,0.01769041769041769,71000,143,217810000,/nfs3_ib/nfs-ip34/home/def-ilafores/analysis/MethodsComparison/Feces_RA/preproc/SRR5091616/SRR5091616_unmatched_2.fastq,SRR5091616,95545865,325905000,31,DNA,1000,325905,True,0.7622058989343085,0.877961399616407,0.8200836492753577,0.877961399616407,False,79,1630874,2381648
2276000,0.0069836301989843665,0.017245751965508496,0.00020864975989935718,0.00010538920948855582,3.6911764705882355,2.0,3.69919447885449,/net/nfs-ip34/jbod2/def-ilafores/ref_dbs/sourmash_db/RefSeq_20250528.k31.sbt.zip,GCF_023497585.1_ASM2349758v1_genomic,d9c5bc738094fb07e8276cf458f5e9f1,0.5772254628455491,68000,144,217742000,/nfs3_ib/nfs-ip34/home/def-ilafores/analysis/MethodsComparison/Feces_RA/preproc/SRR5091616/SRR5091616_unmatched_2.fastq,SRR5091616,95545865,325905000,31,DNA,1000,325905,True,0.852028718522212,0.9824296635606248,0.9172291910414183,0.9824296635606248,False,251,1631125,2381648
868000,0.0026633528175388534,0.023480662983425413,0.00020864975989935718,8.481522038521226e-05,2.9705882352941178,1.0,3.3164943763101555,/net/nfs-ip34/jbod2/def-ilafores/ref_dbs/sourmash_db/RefSeq_20250528.k31.sbt.zip,GCF_036632915.2_ASM3663291v2_genomic,1be8a5fa3d48a02ef6804d87b6dc2cbb,0.29972375690607733,68000,145,217674000,/nfs3_ib/nfs-ip34/home/def-ilafores/analysis/MethodsComparison/Feces_RA/preproc/SRR5091616/SRR5091616_unmatched_2.fastq,SRR5091616,95545865,325905000,31,DNA,1000,325905,True,0.8259415473038174,0.9618781018102762,0.8939098245570468,0.9618781018102762,False,202,1631327,2381648
3218000,0.009874043049354873,0.012150888647080159,0.0002055813810773078,0.00020154111774703902,7.164179104477612,5.0,11.459984911721168,/net/nfs-ip34/jbod2/def-ilafores/ref_dbs/sourmash_db/RefSeq_20250528.k31.sbt.zip,GCF_020091445.1_ASM2009144v1_genomic,ff35aa4d24d1a3b4813c1b80434118bb,0.5836053681537904,67000,146,217607000,/nfs3_ib/nfs-ip34/home/def-ilafores/analysis/MethodsComparison/Feces_RA/preproc/SRR5091616/SRR5091616_unmatched_2.fastq,SRR5091616,95545865,325905000,31,DNA,1000,325905,True,0.8616011914561453,0.9827780782360438,0.9221896348460945,0.9827780782360438,False,480,1631807,2381648
4219000,0.012945490250226293,0.010673888800382348,0.0002055813810773078,0.000340520513526768,12.104477611940299,11.0,9.296339077803626,/net/nfs-ip34/jbod2/def-ilafores/ref_dbs/sourmash_db/RefSeq_20250528.k31.sbt.zip,GCF_006546965.1_ASM654696v1_genomic,d3b5011d40cba3b27ab151b054210724,0.6721363708778079,67000,147,217540000,/nfs3_ib/nfs-ip34/home/def-ilafores/analysis/MethodsComparison/Feces_RA/preproc/SRR5091616/SRR5091616_unmatched_2.fastq,SRR5091616,95545865,325905000,31,DNA,1000,325905,True,0.869161732318378,0.9872658380719026,0.9282137851951403,0.9872658380719026,False,811,1632618,2381648
875000,0.002684831469293199,0.016401590457256462,0.00020251300225525843,3.778895957756982e-05,1.3636363636363635,1.0,0.710022697809696,/net/nfs-ip34/jbod2/def-ilafores/ref_dbs/sourmash_db/RefSeq_20250528.k31.sbt.zip,GCF_964272205.1_LUMC_Rgna_QRD011_genomic,6e86d242a5fb72e2090f4121f3222291,0.21744532803180913,66000,148,217474000,/nfs3_ib/nfs-ip34/home/def-ilafores/analysis/MethodsComparison/Feces_RA/preproc/SRR5091616/SRR5091616_unmatched_2.fastq,SRR5091616,95545865,325905000,31,DNA,1000,325905,True,0.8261555783957518,0.9519720467573777,0.8890638125765647,0.9519720467573777,False,90,1632708,2381648
480000,0.0014728218345836977,0.016121031746031748,0.00019944462343320907,3.149079964797485e-05,1.1538461538461537,1.0,0.4378538298694679,/net/nfs-ip34/jbod2/def-ilafores/ref_dbs/sourmash_db/RefSeq_20250528.k31.sbt.zip,GCF_032450655.1_ASM3245065v1_genomic,238dff01323d07dfd5222980fc0a672b,0.11904761904761904,65000,149,217409000,/nfs3_ib/nfs-ip34/home/def-ilafores/analysis/MethodsComparison/Feces_RA/preproc/SRR5091616/SRR5091616_unmatched_2.fastq,SRR5091616,95545865,325905000,31,DNA,1000,325905,True,0.8103077766182516,0.933650940787753,0.8719793587030022,0.933650940787753,False,75,1632783,2381648
3886000,0.011923720102483854,0.0128,0.0001963762446111597,0.001453615311750519,54.09375,62.5,39.94242682834257,/net/nfs-ip34/jbod2/def-ilafores/ref_dbs/sourmash_db/RefSeq_20250528.k31.sbt.zip,GCF_016766915.1_ASM1676691v1_genomic,bca43bd2d776e339740f17809f096165,0.7772,64000,150,217345000,/nfs3_ib/nfs-ip34/home/def-ilafores/analysis/MethodsComparison/Feces_RA/preproc/SRR5091616/SRR5091616_unmatched_2.fastq,SRR5091616,95545865,325905000,31,DNA,1000,325905,True,0.8668596074680429,0.9919020771897842,0.9293808423289136,0.9919020771897842,False,3462,1636245,2381648
133000,0.0004080943833325662,0.019242333132892364,0.0001963762446111597,8.523509771385192e-05,3.171875,2.0,3.281361605244841,/net/nfs-ip34/jbod2/def-ilafores/ref_dbs/sourmash_db/RefSeq_20250528.k31.sbt.zip,GCF_963931675.1_metabat2_pooled_hifiasm.818_MAG_genomic,681751c083d54eaef384ae029eb2fb07,0.03998797354179194,64000,151,217281000,/nfs3_ib/nfs-ip34/home/def-ilafores/analysis/MethodsComparison/Feces_RA/preproc/SRR5091616/SRR5091616_unmatched_2.fastq,SRR5091616,95545865,325905000,31,DNA,1000,325905,True,0.7774450403214953,0.9013655351635552,0.8394052877425253,0.9013655351635552,False,203,1636448,2381648
4496000,0.013795431183933969,0.009613917289790936,0.0001933078657891103,0.00019608271247472338,7.412698412698413,7.0,5.144375633162575,/net/nfs-ip34/jbod2/def-ilafores/ref_dbs/sourmash_db/RefSeq_20250528.k31.sbt.zip,GCF_038561945.1_B_ovatus_H2495_genomic,d732c80bcf4e6f003145adb06bb926a4,0.6860979703952388,63000,152,217218000,/nfs3_ib/nfs-ip34/home/def-ilafores/analysis/MethodsComparison/Feces_RA/preproc/SRR5091616/SRR5091616_unmatched_2.fastq,SRR5091616,95545865,325905000,31,DNA,1000,325905,True,0.8709464646681396,0.9879208092624472,0.9294336369652934,0.9879208092624472,False,467,1636915,2381648
613000,0.0018809162179162639,0.018332347723240685,0.00019023948696706095,4.618650615036311e-05,1.7741935483870968,1.0,1.4637485554243133,/net/nfs-ip34/jbod2/def-ilafores/ref_dbs/sourmash_db/RefSeq_20250528.k31.sbt.zip,GCF_001454945.1_ASM145494v1_genomic,380e5279419db353c2f7e8db083c21b8,0.18125369603784744,62000,153,217156000,/nfs3_ib/nfs-ip34/home/def-ilafores/analysis/MethodsComparison/Feces_RA/preproc/SRR5091616/SRR5091616_unmatched_2.fastq,SRR5091616,95545865,325905000,31,DNA,1000,325905,True,0.8167260988888945,0.946397904560814,0.8815620017248542,0.946397904560814,False,110,1637025,2381648
111000,0.0003405900492474801,0.016568679850347406,0.00019023948696706095,3.4010063619812836e-05,1.3064516129032258,1.0,0.5844409978062399,/net/nfs-ip34/jbod2/def-ilafores/ref_dbs/sourmash_db/RefSeq_20250528.k31.sbt.zip,GCF_042854125.1_ASM4285412v1_genomic,c47a93bd32f231be1ec96546cc3273b3,0.029663281667557457,62000,154,217094000,/nfs3_ib/nfs-ip34/home/def-ilafores/analysis/MethodsComparison/Feces_RA/preproc/SRR5091616/SRR5091616_unmatched_2.fastq,SRR5091616,95545865,325905000,31,DNA,1000,325905,True,0.7729235051295962,0.8927230497879504,0.8328232774587733,0.8927230497879504,False,81,1637106,2381648
66000,0.00020251300225525843,0.02973621103117506,0.00019023948696706095,3.652932759165082e-05,1.403225806451613,1.0,0.8320142178405763,/net/nfs-ip34/jbod2/def-ilafores/ref_dbs/sourmash_db/RefSeq_20250528.k31.sbt.zip,GCF_000212375.1_ASM21237v1_genomic,e219bc1453db3539e254fdd8b53c7771,0.031654676258992806,62000,155,217032000,/nfs3_ib/nfs-ip34/home/def-ilafores/analysis/MethodsComparison/Feces_RA/preproc/SRR5091616/SRR5091616_unmatched_2.fastq,SRR5091616,95545865,325905000,31,DNA,1000,325905,True,0.7600695248404256,0.8945961571321321,0.8273328409862788,0.8945961571321321,False,87,1637193,2381648
193000,0.0005921971126555285,0.024410089503661515,0.00018410272932296222,6.29815992959497e-05,2.5,2.0,2.3202011407059806,/net/nfs-ip34/jbod2/def-ilafores/ref_dbs/sourmash_db/RefSeq_20250528.k31.sbt.zip,GCF_018326305.1_ASM1832630v1_genomic,5128153ef7f1c80fc4c112268b755214,0.07851912123677787,60000,156,216972000,/nfs3_ib/nfs-ip34/home/def-ilafores/analysis/MethodsComparison/Feces_RA/preproc/SRR5091616/SRR5091616_unmatched_2.fastq,SRR5091616,95545865,325905000,31,DNA,1000,325905,True,0.7868392381500088,0.9212002478587805,0.8540197430043946,0.9212002478587805,False,150,1637343,2381648
1339000,0.004108559242724107,0.021937842778793418,0.00018410272932296222,0.00011546626537590778,4.583333333333333,4.0,3.3431106605807845,/net/nfs-ip34/jbod2/def-ilafores/ref_dbs/sourmash_db/RefSeq_20250528.k31.sbt.zip,GCF_902388275.1_UHGG_MGYG-HGUT-02545_genomic,35aa97e0127f24ba3813815f3d766914,0.48957952468007315,60000,157,216912000,/nfs3_ib/nfs-ip34/home/def-ilafores/analysis/MethodsComparison/Feces_RA/preproc/SRR5091616/SRR5091616_unmatched_2.fastq,SRR5091616,95545865,325905000,31,DNA,1000,325905,True,0.8375721797415954,0.9772243911656545,0.9073982854536249,0.9772243911656545,False,275,1637618,2381648
425000,0.0013040609993709824,0.017691154422788607,0.00018103435050091285,5.500393005179607e-05,2.2203389830508473,1.0,1.9051028408574255,/net/nfs-ip34/jbod2/def-ilafores/ref_dbs/sourmash_db/RefSeq_20250528.k31.sbt.zip,GCF_900209925.1_EH1_genomic,853f171c0393206ce274892b71b6f556,0.12743628185907047,59000,158,216853000,/nfs3_ib/nfs-ip34/home/def-ilafores/analysis/MethodsComparison/Feces_RA/preproc/SRR5091616/SRR5091616_unmatched_2.fastq,SRR5091616,95545865,325905000,31,DNA,1000,325905,True,0.8071329809744529,0.935704001734346,0.8714184913543994,0.935704001734346,False,131,1637749,2381648
651000,0.00199751461315414,0.010272759475735034,0.00017796597167886346,0.0005193882555272651,21.32758620689655,20.5,19.983948671832362,/net/nfs-ip34/jbod2/def-ilafores/ref_dbs/sourmash_db/RefSeq_20250528.k31.sbt.zip,GCF_020341675.1_ASM2034167v1_genomic,bd2850a06cddf8a9c679f450156df141,0.1153028692879915,58000,159,216795000,/nfs3_ib/nfs-ip34/home/def-ilafores/analysis/MethodsComparison/Feces_RA/preproc/SRR5091616/SRR5091616_unmatched_2.fastq,SRR5091616,95545865,325905000,31,DNA,1000,325905,True,0.8183122096625187,0.9326888348692953,0.875500522265907,0.9326888348692953,False,1237,1638986,2381648
444000,0.0013623601969899204,0.020145883987495658,0.00017796597167886346,3.778895957756982e-05,1.5517241379310345,1.0,0.8130914567276963,/net/nfs-ip34/jbod2/def-ilafores/ref_dbs/sourmash_db/RefSeq_20250528.k31.sbt.zip,GCF_024168045.1_ASM2416804v1_genomic,1689b6c3fb62fec0dd444e73a686577b,0.15422021535255298,58000,160,216737000,/nfs3_ib/nfs-ip34/home/def-ilafores/analysis/MethodsComparison/Feces_RA/preproc/SRR5091616/SRR5091616_unmatched_2.fastq,SRR5091616,95545865,325905000,31,DNA,1000,325905,True,0.8082725032778374,0.9414798074485267,0.8748761553631821,0.9414798074485267,False,90,1639076,2381648
2053000,0.006299381721667357,0.018012422360248446,0.00017796597167886346,0.00022505424815086024,9.241379310344827,6.5,7.731062167350228,/net/nfs-ip34/jbod2/def-ilafores/ref_dbs/sourmash_db/RefSeq_20250528.k31.sbt.zip,GCF_044324945.1_ASM4432494v1_genomic,d941499676ba65c47aeee15f709cbc7a,0.6375776397515528,58000,161,216679000,/nfs3_ib/nfs-ip34/home/def-ilafores/analysis/MethodsComparison/Feces_RA/preproc/SRR5091616/SRR5091616_unmatched_2.fastq,SRR5091616,95545865,325905000,31,DNA,1000,325905,True,0.8491992667825623,0.9855862033107182,0.9173927350466402,0.9855862033107182,False,536,1639612,2381648
111000,0.0003405900492474801,0.020855807263574253,0.00017796597167886346,5.248466607995808e-05,2.1551724137931036,2.0,1.7200814348998936,/net/nfs-ip34/jbod2/def-ilafores/ref_dbs/sourmash_db/RefSeq_20250528.k31.sbt.zip,GCF_014334055.1_ASM1433405v1_genomic,7d82c091b7553167242da89b74e9d599,0.039913700107874865,58000,162,216621000,/nfs3_ib/nfs-ip34/home/def-ilafores/analysis/MethodsComparison/Feces_RA/preproc/SRR5091616/SRR5091616_unmatched_2.fastq,SRR5091616,95545865,325905000,31,DNA,1000,325905,True,0.7729235051295962,0.9013114803990582,0.8371174927643272,0.9013114803990582,False,125,1639737,2381648
372000,0.0011414369218023658,0.015293801985511135,0.0001748975928568141,5.248466607995808e-05,2.192982456140351,1.0,2.940572783989172,/net/nfs-ip34/jbod2/def-ilafores/ref_dbs/sourmash_db/RefSeq_20250528.k31.sbt.zip,GCF_033096465.1_ASM3309646v1_genomic,2c68bd9dadc6532293ac0421ad590fc2,0.0998121813791253,57000,163,216564000,/nfs3_ib/nfs-ip34/home/def-ilafores/analysis/MethodsComparison/Feces_RA/preproc/SRR5091616/SRR5091616_unmatched_2.fastq,SRR5091616,95545865,325905000,31,DNA,1000,325905,True,0.8036724743712604,0.9283582438080284,0.8660153590896444,0.9283582438080284,False,125,1639862,2381648
134000,0.0004111627621546156,0.021513638109873223,0.00017182921403476474,7.137914586874298e-05,3.0357142857142856,3.0,2.1791568300138286,/net/nfs-ip34/jbod2/def-ilafores/ref_dbs/sourmash_db/RefSeq_20250528.k31.sbt.zip,GCF_928852565.1_min17_bin03_genomic,607e24ff08a00639153dfaa309bc4116,0.051479062620053785,56000,164,216508000,/nfs3_ib/nfs-ip34/home/def-ilafores/analysis/MethodsComparison/Feces_RA/preproc/SRR5091616/SRR5091616_unmatched_2.fastq,SRR5091616,95545865,325905000,31,DNA,1000,325905,True,0.7776329206192691,0.9087401107760836,0.8431865156976763,0.9087401107760836,False,170,1640032,2381648
4343000,0.013325969224160414,0.008078476630121177,0.00017182921403476474,0.0007591382101805136,32.285714285714285,24.0,42.639985545810625,/net/nfs-ip34/jbod2/def-ilafores/ref_dbs/sourmash_db/RefSeq_20250528.k31.sbt.zip,GCF_019857385.1_ASM1985738v1_genomic,efcf1829099a4dce2fddc50e607d113f,0.6265147143681478,56000,165,216452000,/nfs3_ib/nfs-ip34/home/def-ilafores/analysis/MethodsComparison/Feces_RA/preproc/SRR5091616/SRR5091616_unmatched_2.fastq,SRR5091616,95545865,325905000,31,DNA,1000,325905,True,0.8699742796170216,0.9850298603720737,0.9275020699945477,0.9850298603720737,False,1808,1641840,2381648
2935000,0.009005691842714901,0.011891891891891892,0.00016876083521271537,0.0008221198094764634,35.6,44.0,29.955482120822378,/net/nfs-ip34/jbod2/def-ilafores/ref_dbs/sourmash_db/RefSeq_20250528.k31.sbt.zip,GCF_025914195.1_ASM2591419v1_genomic,4ab236feb27bbefb635121ccd1c90e65,0.6345945945945946,55000,166,216397000,/nfs3_ib/nfs-ip34/home/def-ilafores/analysis/MethodsComparison/Feces_RA/preproc/SRR5091616/SRR5091616_unmatched_2.fastq,SRR5091616,95545865,325905000,31,DNA,1000,325905,True,0.8590465145121144,0.9854371145933458,0.9222418145527301,0.9854371145933458,False,1958,1643798,2381648
2997000,0.009195931329681963,0.010082150858849889,0.00016569245639066598,7.0119513882824e-05,3.0925925925925926,3.0,2.3669680443360646,/net/nfs-ip34/jbod2/def-ilafores/ref_dbs/sourmash_db/RefSeq_20250528.k31.sbt.zip,GCF_016864615.1_ASM1686461v1_genomic,a4549b57103f0c0588bad926ec71a84d,0.5595593726661687,54000,167,216343000,/nfs3_ib/nfs-ip34/home/def-ilafores/analysis/MethodsComparison/Feces_RA/preproc/SRR5091616/SRR5091616_unmatched_2.fastq,SRR5091616,95545865,325905000,31,DNA,1000,325905,True,0.8596259936185245,0.9814450876794041,0.9205355406489644,0.9814450876794041,False,167,1643965,2381648
175000,0.0005369662938586398,0.015012510425354461,0.00016569245639066598,0.00043667242178525124,19.25925925925926,1.0,39.10251729378253,/net/nfs-ip34/jbod2/def-ilafores/ref_dbs/sourmash_db/RefSeq_20250528.k31.sbt.zip,GCF_000265365.1_ASM26536v1_genomic,79a393fb99d8977a1fe96a36cabdd09c,0.048651654156241314,54000,168,216289000,/nfs3_ib/nfs-ip34/home/def-ilafores/analysis/MethodsComparison/Feces_RA/preproc/SRR5091616/SRR5091616_unmatched_2.fastq,SRR5091616,95545865,325905000,31,DNA,1000,325905,True,0.7843581620179823,0.9070856782455087,0.8457219201317454,0.9070856782455087,False,1040,1645005,2381648
3062000,0.009395375953115171,0.010095344924284913,0.00016569245639066598,9.069350298616756e-05,4.0,3.0,3.13286048441593,/net/nfs-ip34/jbod2/def-ilafores/ref_dbs/sourmash_db/RefSeq_20250528.k31.sbt.zip,GCF_024759585.1_ASM2475958v1_genomic,80ee08ab6eb5aea8ef71e6a949cb8ec1,0.5724434473733409,54000,169,216235000,/nfs3_ib/nfs-ip34/home/def-ilafores/analysis/MethodsComparison/Feces_RA/preproc/SRR5091616/SRR5091616_unmatched_2.fastq,SRR5091616,95545865,325905000,31,DNA,1000,325905,True,0.8602211857933657,0.9821660594415846,0.9211936226174752,0.9821660594415846,False,216,1645221,2381648
211000,0.0006474279314524172,0.023745519713261647,0.00016262407756861662,3.359018629117317e-05,1.509433962264151,1.0,0.903298807817798,/net/nfs-ip34/jbod2/def-ilafores/ref_dbs/sourmash_db/RefSeq_20250528.k31.sbt.zip,GCF_005576555.1_ASM557655v1_genomic,9382b14dc5fbc85a9b1dd4319ea3bf7e,0.09453405017921147,53000,170,216182000,/nfs3_ib/nfs-ip34/home/def-ilafores/analysis/MethodsComparison/Feces_RA/preproc/SRR5091616/SRR5091616_unmatched_2.fastq,SRR5091616,95545865,325905000,31,DNA,1000,325905,True,0.7891057490916751,0.9267326417005396,0.8579191953961074,0.9267326417005396,False,80,1645301,2381648
697000,0.002138660038968411,0.01118615449556775,0.00016262407756861662,0.00016837080878450553,7.566037735849057,7.0,5.311111293165237,/net/nfs-ip34/jbod2/def-ilafores/ref_dbs/sourmash_db/RefSeq_20250528.k31.sbt.zip,GCF_020735865.1_ASM2073586v1_genomic,be5dafe4a3de9c37ebecacd7a8f5820f,0.14710848459265513,53000,171,216129000,/nfs3_ib/nfs-ip34/home/def-ilafores/analysis/MethodsComparison/Feces_RA/preproc/SRR5091616/SRR5091616_unmatched_2.fastq,SRR5091616,95545865,325905000,31,DNA,1000,325905,True,0.820116482775012,0.9400470782377259,0.880081780506369,0.9400470782377259,False,401,1645702,2381648
89000,0.00027308571516239394,0.013402061855670102,0.00015955569874656725,3.9468468892128476e-05,1.8076923076923077,1.0,2.2191341133464086,/net/nfs-ip34/jbod2/def-ilafores/ref_dbs/sourmash_db/RefSeq_20250528.k31.sbt.zip,GCF_014337215.1_ASM1433721v1_genomic,d5aef74860ab7c1cca263aa607c62d70,0.022938144329896906,52000,172,216077000,/nfs3_ib/nfs-ip34/home/def-ilafores/analysis/MethodsComparison/Feces_RA/preproc/SRR5091616/SRR5091616_unmatched_2.fastq,SRR5091616,95545865,325905000,31,DNA,1000,325905,True,0.7674355314213189,0.8853495752303652,0.826392553325842,0.8853495752303652,False,94,1645796,2381648
500000,0.001534189411024685,0.01690420947961551,0.0001564873199245179,7.851706045561729e-05,3.6666666666666665,2.0,2.9216344248413937,/net/nfs-ip34/jbod2/def-ilafores/ref_dbs/sourmash_db/RefSeq_20250528.k31.sbt.zip,GCF_040026365.1_ASM4002636v1_genomic,9de4932095473c9973b31ae4d68399ec,0.16572754391779915,51000,173,216026000,/nfs3_ib/nfs-ip34/home/def-ilafores/analysis/MethodsComparison/Feces_RA/preproc/SRR5091616/SRR5091616_unmatched_2.fastq,SRR5091616,95545865,325905000,31,DNA,1000,325905,True,0.8113755239931686,0.9436679031128725,0.8775217135530206,0.9436679031128725,False,187,1645983,2381648
4165000,0.012779797793835626,0.008695652173913044,0.0001534189411024685,0.000483278805264254,23.02,20.5,18.890727884335217,/net/nfs-ip34/jbod2/def-ilafores/ref_dbs/sourmash_db/RefSeq_20250528.k31.sbt.zip,GCF_000210075.1_ASM21007v1_genomic,c08f8e47dd318b08d89c36c36e6da9e1,0.7243478260869565,50000,174,215976000,/nfs3_ib/nfs-ip34/home/def-ilafores/analysis/MethodsComparison/Feces_RA/preproc/SRR5091616/SRR5091616_unmatched_2.fastq,SRR5091616,95545865,325905000,31,DNA,1000,325905,True,0.8688006325886426,0.9896512248039439,0.9292259286962932,0.9896512248039439,False,1151,1647134,2381648
53000,0.00016262407756861662,0.02039983680130559,0.0001534189411024685,2.645227170429887e-05,1.26,1.0,0.7158212067269312,/net/nfs-ip34/jbod2/def-ilafores/ref_dbs/sourmash_db/RefSeq_20250528.k31.sbt.zip,GCF_010669225.1_ASM1066922v1_genomic,274d37fe38c89456352e287313491fb8,0.021623827009383926,50000,175,215926000,/nfs3_ib/nfs-ip34/home/def-ilafores/analysis/MethodsComparison/Feces_RA/preproc/SRR5091616/SRR5091616_unmatched_2.fastq,SRR5091616,95545865,325905000,31,DNA,1000,325905,True,0.7547100900935031,0.8836660034101432,0.8191880467518231,0.8836660034101432,False,63,1647197,2381648
