intersect_bp,f_orig_query,f_match,f_unique_to_query,f_unique_weighted,average_abund,median_abund,std_abund,match_filename,match_name,match_md5,f_match_orig,unique_intersect_bp,gather_result_rank,remaining_bp,query_filename,query_name,query_md5,query_bp,ksize,moltype,scaled,query_n_hashes,query_abundance,query_containment_ani,match_containment_ani,average_containment_ani,max_containment_ani,n_unique_weighted_found,sum_weighted_found,total_weighted_hashes
5316000,0.013560601809100603,0.7907184292726461,0.013560601809100603,0.018535242642019296,23.284424379232505,3.0,165.20260604506765,signatures/32a90d9faa0865b9d4716569d60e47de.sig.gz,"GCF_014334015.1 Bacteroides sp. M10 strain=M10, ASM1433401v1",32a90d9faa0865b9d4716569d60e47de,0.7907184292726461,5316000,0,386702000,/nfs3_ib/nfs-ip34/home/def-ilafores/analysis/MethodsComparison/Feces_RA/preproc/SRR5091591/SRR5091591_unmatched_2.fastq,SRR5091591,29a0d04b718de891655a9a5e37d94cc4,392018000,31,DNA,1000,392018,true,0.8704642399413208,0.992453991212744,0.9314591155770324,0.992453991212744,123780,123780,6678089
4754000,0.012126994168635113,0.8535390199637024,0.011996898101617783,0.06577405602111622,93.39676802041251,58.0,101.08549446552853,signatures/f906f0ea3324bc6db880a742f3f0b0ba.sig.gz,"GCF_013009555.1 Bacteroides dorei strain=DSM 17855, ASM1300955v1",f906f0ea3324bc6db880a742f3f0b0ba,0.8627949183303085,4703000,1,381999000,/nfs3_ib/nfs-ip34/home/def-ilafores/analysis/MethodsComparison/Feces_RA/preproc/SRR5091591/SRR5091591_unmatched_2.fastq,SRR5091591,29a0d04b718de891655a9a5e37d94cc4,392018000,31,DNA,1000,392018,true,0.867332431803644,0.9952507247967334,0.9312915783001887,0.9952507247967334,439245,563025,6678089
4629000,0.01180813125927891,0.710952380952381,0.011425495768051467,0.0068627417214715165,10.232194686313909,4.0,68.91146187303326,signatures/df098e390010d8add7b59e4ff0574d30.sig.gz,"GCF_000011065.1 Bacteroides thetaiotaomicron VPI-5482 strain=VPI-5482, ASM1106v1",df098e390010d8add7b59e4ff0574d30,0.7347619047619047,4479000,2,377520000,/nfs3_ib/nfs-ip34/home/def-ilafores/analysis/MethodsComparison/Feces_RA/preproc/SRR5091591/SRR5091591_unmatched_2.fastq,SRR5091591,29a0d04b718de891655a9a5e37d94cc4,392018000,31,DNA,1000,392018,true,0.8665872517064299,0.9901070420351306,0.9283471468707802,0.9901070420351306,45830,608855,6678089
4232000,0.01079542265916361,0.806973608167983,0.010685733818345077,0.015140558923368646,24.13702554308904,20.0,36.37277275759302,signatures/364f6db3e1881c45e824633d261d9452.sig.gz,"GCF_000381365.1 Bacteroides salyersiae WAL 10018 = DSM 18765 = JCM 12988 strain=DSM 18765, Bact_saly_DSM_18765_V1",364f6db3e1881c45e824633d261d9452,0.8152571758813331,4189000,3,373331000,/nfs3_ib/nfs-ip34/home/def-ilafores/analysis/MethodsComparison/Feces_RA/preproc/SRR5091591/SRR5091591_unmatched_2.fastq,SRR5091591,29a0d04b718de891655a9a5e37d94cc4,392018000,31,DNA,1000,392018,true,0.8640843069054942,0.9934328950080011,0.9287586009567477,0.9934328950080011,101110,709965,6678089
4187000,0.010680632011795376,0.7958924412449714,0.009588845410159738,0.0226813389279478,40.29475924447991,31.0,70.02860246174181,signatures/c6b25015f23efa66f969bb8db0161cd8.sig.gz,"GCF_000156195.1 Bacteroides finegoldii DSM 17565 strain=DSM 17565, ASM15619v1",c6b25015f23efa66f969bb8db0161cd8,0.8865128096548803,3759000,4,369572000,/nfs3_ib/nfs-ip34/home/def-ilafores/analysis/MethodsComparison/Feces_RA/preproc/SRR5091591/SRR5091591_unmatched_2.fastq,SRR5091591,29a0d04b718de891655a9a5e37d94cc4,392018000,31,DNA,1000,392018,true,0.8637863827755647,0.9961217430401279,0.9299540629078463,0.9961217430401279,151468,861433,6678089
3579000,0.009129682820686805,0.7626596213121972,0.008836328944079099,0.03179277784408084,61.291859122401846,61.0,65.58316725723554,signatures/2fc80b3803e2d9af5d93edb14dd1cc3b.sig.gz,"GCA_025147485.1 Bacteroides uniformis strain=ATCC 8492, ASM2514748v1",2fc80b3803e2d9af5d93edb14dd1cc3b,0.7879788639365918,3464000,5,366108000,/nfs3_ib/nfs-ip34/home/def-ilafores/analysis/MethodsComparison/Feces_RA/preproc/SRR5091591/SRR5091591_unmatched_2.fastq,SRR5091591,29a0d04b718de891655a9a5e37d94cc4,392018000,31,DNA,1000,392018,true,0.8594255248794873,0.9923428851884509,0.9258842050339691,0.9923428851884509,212315,1073748,6678089
3691000,0.009415383987469963,0.5396179141872847,0.008790412685131805,0.020064123134627285,38.8827626233314,37.0,21.31425205616702,signatures/a8aca255164075bdd16df9fabf1362ee.sig.gz,"GCF_900130125.1 Bacteroides congonensis strain=Marseille-P3132, PRJEB18268",a8aca255164075bdd16df9fabf1362ee,0.577983088005011,3446000,6,362662000,/nfs3_ib/nfs-ip34/home/def-ilafores/analysis/MethodsComparison/Feces_RA/preproc/SRR5091591/SRR5091591_unmatched_2.fastq,SRR5091591,29a0d04b718de891655a9a5e37d94cc4,392018000,31,DNA,1000,392018,true,0.8602802183489239,0.9824712328894706,0.9213757256191972,0.9824712328894706,133990,1207738,6678089
3426000,0.008739394619634813,0.8838709677419355,0.008736843716359964,0.005308404844559574,10.35036496350365,5.0,34.17301433332921,signatures/873a8b7cc5e0a6e07152a8bfd5c774b1.sig.gz,"GCF_003473545.1 Clostridium sp. AM22-11AC strain=AM22-11AC, ASM347354v1",873a8b7cc5e0a6e07152a8bfd5c774b1,0.8841290322580645,3425000,7,359237000,/nfs3_ib/nfs-ip34/home/def-ilafores/analysis/MethodsComparison/Feces_RA/preproc/SRR5091591/SRR5091591_unmatched_2.fastq,SRR5091591,29a0d04b718de891655a9a5e37d94cc4,392018000,31,DNA,1000,392018,true,0.8582151416043435,0.9960352269074169,0.9271251842558802,0.9960352269074169,35450,1243188,6678089
3496000,0.008917957848874286,0.7253645603181618,0.008374615451331316,0.02091092227132642,42.53579043557722,41.0,18.944912241943886,signatures/47030cb09435e5a03e1ce6a49f0753a5.sig.gz,"GCF_002222615.2 Bacteroides caccae strain=ATCC 43185, ASM222261v2",47030cb09435e5a03e1ce6a49f0753a5,0.7724259832081308,3283000,8,355954000,/nfs3_ib/nfs-ip34/home/def-ilafores/analysis/MethodsComparison/Feces_RA/preproc/SRR5091591/SRR5091591_unmatched_2.fastq,SRR5091591,29a0d04b718de891655a9a5e37d94cc4,392018000,31,DNA,1000,392018,true,0.8587752697693015,0.9917049473500766,0.9252401085596891,0.9917049473500766,139645,1382833,6678089
3395000,0.008660316618114474,0.7104143337066069,0.008091465187823008,0.054661146324944156,115.07944514501891,112.0,75.01762714214341,signatures/a65db27ac6f6490cca7eeb016c93eea7.sig.gz,"GCF_000382445.1 Bacteroides massiliensis B84634 = Timone 84634 = DSM 17679 = JCM 13223 strain=DSM 17679, Bact_mass_DSM_17679_V1",a65db27ac6f6490cca7eeb016c93eea7,0.7603583426651735,3172000,9,352782000,/nfs3_ib/nfs-ip34/home/def-ilafores/analysis/MethodsComparison/Feces_RA/preproc/SRR5091591/SRR5091591_unmatched_2.fastq,SRR5091591,29a0d04b718de891655a9a5e37d94cc4,392018000,31,DNA,1000,392018,true,0.857963537663123,0.9912013414898857,0.9245824395765043,0.9912013414898857,365032,1747865,6678089
2909000,0.007420577626537557,0.5913846153846154,0.007354254141391466,0.011861477138145358,27.47554630593132,27.0,25.900038810991735,signatures/5feebdfe795727335c87e462e7a7cc14.sig.gz,"GCF_000012845.1 Parabacteroides distasonis ATCC 8503 strain=ATCC 8503, ASM1284v1",5feebdfe795727335c87e462e7a7cc14,0.5967179487179487,2883000,10,349899000,/nfs3_ib/nfs-ip34/home/def-ilafores/analysis/MethodsComparison/Feces_RA/preproc/SRR5091591/SRR5091591_unmatched_2.fastq,SRR5091591,29a0d04b718de891655a9a5e37d94cc4,392018000,31,DNA,1000,392018,true,0.8536983506077996,0.9834827460971108,0.9185905483524552,0.9834827460971108,79212,1827077,6678089
2736000,0.006979271359988572,0.7954345917471466,0.006933355101041279,0.0046215316986640935,11.35504047093451,7.0,22.41762277473521,signatures/c46ef26c3dda193f461131a83430ee5d.sig.gz,"GCA_003481745.1 Firmicutes bacterium OM04-13BH strain=OM04-13BH, ASM348174v1",c46ef26c3dda193f461131a83430ee5d,0.800702370500439,2718000,11,347181000,/nfs3_ib/nfs-ip34/home/def-ilafores/analysis/MethodsComparison/Feces_RA/preproc/SRR5091591/SRR5091591_unmatched_2.fastq,SRR5091591,29a0d04b718de891655a9a5e37d94cc4,392018000,31,DNA,1000,392018,true,0.8520115586785285,0.9928557720895442,0.9224336653840364,0.9928557720895442,30863,1857940,6678089
2732000,0.006969067746889174,0.5961152042866711,0.006810911743848497,0.0037834176813157177,9.462921348314607,7.0,13.078813659756113,signatures/20e22b7a195404638366fe78b372a400.sig.gz,"GCA_025148125.1 Blautia wexlerae DSM 19850 strain=DSM 19850, ASM2514812v1",20e22b7a195404638366fe78b372a400,0.6099575798169234,2670000,12,344511000,/nfs3_ib/nfs-ip34/home/def-ilafores/analysis/MethodsComparison/Feces_RA/preproc/SRR5091591/SRR5091591_unmatched_2.fastq,SRR5091591,29a0d04b718de891655a9a5e37d94cc4,392018000,31,DNA,1000,392018,true,0.8519713485831726,0.9841791987255344,0.9180752736543535,0.9841791987255344,25266,1883206,6678089
2670000,0.006810911743848497,0.7180399671502874,0.006691019289930564,0.0056755757522848225,14.449866565001907,12.0,19.132313710769438,signatures/00191848f4049b7a1cb875559983f7c7.sig.gz,"GCA_025145845.1 Alistipes shahii WAL 8301 strain=WAL 8301, ASM2514584v1",00191848f4049b7a1cb875559983f7c7,0.730906104571585,2623000,13,341888000,/nfs3_ib/nfs-ip34/home/def-ilafores/analysis/MethodsComparison/Feces_RA/preproc/SRR5091591/SRR5091591_unmatched_2.fastq,SRR5091591,29a0d04b718de891655a9a5e37d94cc4,392018000,31,DNA,1000,392018,true,0.8513406981701931,0.9899390094496583,0.9206398538099256,0.9899390094496583,37902,1921108,6678089
2642000,0.006739486452152707,0.6282592500620809,0.006453785285369549,0.0037474792564160197,9.891699604743083,6.0,17.63871422195603,signatures/e70cebeab558f667b40dfb9cb7c5e9f2.sig.gz,"GCA_003584705.1 Lachnospiraceae bacterium GAM79 strain=GAM79, ASM358470v1",e70cebeab558f667b40dfb9cb7c5e9f2,0.6560715172585051,2530000,14,339358000,/nfs3_ib/nfs-ip34/home/def-ilafores/analysis/MethodsComparison/Feces_RA/preproc/SRR5091591/SRR5091591_unmatched_2.fastq,SRR5091591,29a0d04b718de891655a9a5e37d94cc4,392018000,31,DNA,1000,392018,true,0.8510512293170633,0.9864957066128679,0.9187734679649656,0.9864957066128679,25026,1946134,6678089
2569000,0.006553270513088684,0.6108829568788501,0.006071149794142106,0.10094205093702704,283.2352941176471,297.5,100.23734069003925,signatures/0878062848e44bf823b15b8a5d1eba75.sig.gz,"GCA_025147325.1 Bacteroides stercoris ATCC 43183 strain=ATCC 43183, ASM2514732v1",0878062848e44bf823b15b8a5d1eba75,0.659394250513347,2380000,15,336978000,/nfs3_ib/nfs-ip34/home/def-ilafores/analysis/MethodsComparison/Feces_RA/preproc/SRR5091591/SRR5091591_unmatched_2.fastq,SRR5091591,29a0d04b718de891655a9a5e37d94cc4,392018000,31,DNA,1000,392018,true,0.8502823504053106,0.9866564805840388,0.9184694154946746,0.9866564805840388,674100,2620234,6678089
2483000,0.0063338928314516174,0.7178864257515943,0.0060303353417445115,0.0019131221521605957,5.404399323181049,3.0,10.747041348000584,signatures/43219331d677037c66df88d66a8dbce0.sig.gz,"GCA_003480425.1 Firmicutes bacterium AM31-12AC strain=AM31-12AC, ASM348042v1",43219331d677037c66df88d66a8dbce0,0.7540236866079563,2364000,16,334614000,/nfs3_ib/nfs-ip34/home/def-ilafores/analysis/MethodsComparison/Feces_RA/preproc/SRR5091591/SRR5091591_unmatched_2.fastq,SRR5091591,29a0d04b718de891655a9a5e37d94cc4,392018000,31,DNA,1000,392018,true,0.8493489455694464,0.990933879724034,0.9201414126467402,0.990933879724034,12776,2633010,6678089
2449000,0.00624716212010673,0.700268416343573,0.005989520889346918,0.003287467417699884,9.35008517887564,8.0,8.53637945904024,signatures/7ce01a2b906489a12149e88195eade6e.sig.gz,"GCF_020687205.1 Hominisplanchenecus faecis strain=CLA-AA-H246, ASM2068720v1",7ce01a2b906489a12149e88195eade6e,0.7303906949000895,2348000,17,332266000,/nfs3_ib/nfs-ip34/home/def-ilafores/analysis/MethodsComparison/Feces_RA/preproc/SRR5091591/SRR5091591_unmatched_2.fastq,SRR5091591,29a0d04b718de891655a9a5e37d94cc4,392018000,31,DNA,1000,392018,true,0.8489712685093355,0.9899164833527807,0.9194438759310581,0.9899164833527807,21954,2654964,6678089
2374000,0.006055844374493008,0.6973844282238443,0.005849221209230189,0.0050557876662021125,14.724378543392936,14.0,9.86776519275989,signatures/06f524e38b278f9f02b69fef578505ca.sig.gz,"GCF_003478445.1 Roseburia sp. AM59-24XD strain=AM59-24XD, ASM347844v1",06f524e38b278f9f02b69fef578505ca,0.7220194647201946,2293000,18,329973000,/nfs3_ib/nfs-ip34/home/def-ilafores/analysis/MethodsComparison/Feces_RA/preproc/SRR5091591/SRR5091591_unmatched_2.fastq,SRR5091591,29a0d04b718de891655a9a5e37d94cc4,392018000,31,DNA,1000,392018,true,0.8481198904525951,0.9895484468224717,0.9188341686375334,0.9895484468224717,33763,2688727,6678089
2281000,0.005818610369931993,0.6150221729490022,0.0056604543668913165,0.004248371053455562,12.785488958990536,10.0,13.73016029850555,signatures/48227f0b50ffcdb8b37511d627bd1277.sig.gz,"GCF_014297285.1 Dysosmobacter sp. BX15 strain=BX15, ASM1429728v1",48227f0b50ffcdb8b37511d627bd1277,0.6322062084257206,2219000,19,327754000,/nfs3_ib/nfs-ip34/home/def-ilafores/analysis/MethodsComparison/Feces_RA/preproc/SRR5091591/SRR5091591_unmatched_2.fastq,SRR5091591,29a0d04b718de891655a9a5e37d94cc4,392018000,31,DNA,1000,392018,true,0.847027276583235,0.9853172564527004,0.9161722665179677,0.9853172564527004,28371,2717098,6678089
2195000,0.005599232688294925,0.446955813479943,0.005599232688294925,0.001143440885558728,3.4788154897494303,3.0,3.351113432771932,signatures/60bfe150353edefcbd7db7314951359d.sig.gz,"GCF_003697165.2 Escherichia coli DSM 30083 = JCM 1649 = ATCC 11775 strain=ATCC 11775, ASM369716v2",60bfe150353edefcbd7db7314951359d,0.446955813479943,2195000,20,325559000,/nfs3_ib/nfs-ip34/home/def-ilafores/analysis/MethodsComparison/Feces_RA/preproc/SRR5091591/SRR5091591_unmatched_2.fastq,SRR5091591,29a0d04b718de891655a9a5e37d94cc4,392018000,31,DNA,1000,392018,true,0.8459778348195632,0.9743572311371277,0.9101675329783454,0.9743572311371277,7636,2724734,6678089
2326000,0.005933401017300226,0.5024066009626403,0.005591579978470376,0.0016623018950481193,5.064324817518248,4.0,22.88390975820131,signatures/a8c995daf67b413b45a7f31c15f510d6.sig.gz,"GCA_025151215.1 Parabacteroides merdae ATCC 43184 strain=ATCC 43184, ASM2515121v1",a8c995daf67b413b45a7f31c15f510d6,0.5331194132477654,2192000,21,323367000,/nfs3_ib/nfs-ip34/home/def-ilafores/analysis/MethodsComparison/Feces_RA/preproc/SRR5091591/SRR5091591_unmatched_2.fastq,SRR5091591,29a0d04b718de891655a9a5e37d94cc4,392018000,31,DNA,1000,392018,true,0.8475612389686347,0.9799138297583924,0.9137375343635135,0.9799138297583924,11101,2735835,6678089
3903000,0.009956175481738083,0.4262,0.005435974878704549,0.03352051762113383,105.04598779915533,111.0,54.058380824792245,signatures/960cc77fc7b96d595712107aaa1524b5.sig.gz,"GCF_000012825.1 Bacteroides vulgatus ATCC 8482 strain=ATCC 8482, ASM1282v1",960cc77fc7b96d595712107aaa1524b5,0.7806,2131000,22,321236000,/nfs3_ib/nfs-ip34/home/def-ilafores/analysis/MethodsComparison/Feces_RA/preproc/SRR5091591/SRR5091591_unmatched_2.fastq,SRR5091591,29a0d04b718de891655a9a5e37d94cc4,392018000,31,DNA,1000,392018,true,0.8618314534635929,0.9920417576270023,0.9269366055452977,0.9920417576270023,223853,2959688,6678089
2204000,0.005622190817768572,0.5836664762992576,0.005214046293792632,0.003684287525967384,12.037181996086106,9.0,16.018048378602344,signatures/2c4be6d3f461c9f71df87a5d7ae22e2f.sig.gz,"GCF_000225345.1 Roseburia hominis A2-183 strain=A2-183, ASM22534v1",2c4be6d3f461c9f71df87a5d7ae22e2f,0.6293546544831525,2044000,23,319192000,/nfs3_ib/nfs-ip34/home/def-ilafores/analysis/MethodsComparison/Feces_RA/preproc/SRR5091591/SRR5091591_unmatched_2.fastq,SRR5091591,29a0d04b718de891655a9a5e37d94cc4,392018000,31,DNA,1000,392018,true,0.8460895070273411,0.9851735795859557,0.9156315433066484,0.9851735795859557,24604,2984292,6678089
2138000,0.005453831201628497,0.4845164363982849,0.005188537261044136,0.008125827613258823,26.678957718780726,24.0,32.627477541979786,signatures/cd255e017b4d3015ea771faa413a355b.sig.gz,"GCF_000233955.1 Paraprevotella clara YIT 11840 strain=YIT 11840, ASM23395v1",cd255e017b4d3015ea771faa413a355b,0.5092901381610291,2034000,24,317158000,/nfs3_ib/nfs-ip34/home/def-ilafores/analysis/MethodsComparison/Feces_RA/preproc/SRR5091591/SRR5091591_unmatched_2.fastq,SRR5091591,29a0d04b718de891655a9a5e37d94cc4,392018000,31,DNA,1000,392018,true,0.8452601161957006,0.978469441219266,0.9118647787074834,0.978469441219266,54265,3038557,6678089
2030000,0.005178333647944737,0.5414424111948332,0.005132417388997444,0.0010350266371113054,3.4353876739562623,2.0,16.57203986139906,signatures/988b2ef58a54374a65546dbc194ca3be.sig.gz,"GCF_015074785.1 Prevotella copri strain=YF2, ASM1507478v1",988b2ef58a54374a65546dbc194ca3be,0.5462863293864371,2012000,25,315146000,/nfs3_ib/nfs-ip34/home/def-ilafores/analysis/MethodsComparison/Feces_RA/preproc/SRR5091591/SRR5091591_unmatched_2.fastq,SRR5091591,29a0d04b718de891655a9a5e37d94cc4,392018000,31,DNA,1000,392018,true,0.8438479399261832,0.9806853511784435,0.9122666455523134,0.9806853511784435,6912,3045469,6678089
2059000,0.0052523098429153765,0.7345814977973568,0.005104357452974098,0.0031318839865716076,10.452273863068466,9.0,8.27101210592352,signatures/9c0f681bd333e145d102b5d5db8faa88.sig.gz,"GCF_014384965.1 Jutongia hominis strain=BX3, ASM1438496v1",9c0f681bd333e145d102b5d5db8faa88,0.7558737151248165,2001000,26,313145000,/nfs3_ib/nfs-ip34/home/def-ilafores/analysis/MethodsComparison/Feces_RA/preproc/SRR5091591/SRR5091591_unmatched_2.fastq,SRR5091591,29a0d04b718de891655a9a5e37d94cc4,392018000,31,DNA,1000,392018,true,0.8442341468264941,0.9910122157159093,0.9176231812712017,0.9910122157159093,20915,3066384,6678089
2150000,0.0054844420409266926,0.5782392512430535,0.005043135774377707,0.001907731388425641,6.4441072331815885,4.0,9.533108556512984,signatures/8c91537000df08516afde1ea4eac7752.sig.gz,"GCA_025149785.1 Coprococcus comes ATCC 27758 strain=ATCC 27758, ASM2514978v1",8c91537000df08516afde1ea4eac7752,0.6288388417665984,1977000,27,311168000,/nfs3_ib/nfs-ip34/home/def-ilafores/analysis/MethodsComparison/Feces_RA/preproc/SRR5091591/SRR5091591_unmatched_2.fastq,SRR5091591,29a0d04b718de891655a9a5e37d94cc4,392018000,31,DNA,1000,392018,true,0.8454127411294695,0.985147522853843,0.9152801319916563,0.985147522853843,12740,3079124,6678089
2036000,0.005193639067593835,0.7515479876160991,0.0049538541597579705,0.019913630980359802,68.4783728115345,67.0,38.44605534787122,signatures/db9feafdd9d3e3f2fb5caf52a730ce6a.sig.gz,"GCF_000154465.1 Alistipes putredinis DSM 17216 strain=DSM 17216, ASM15446v1",db9feafdd9d3e3f2fb5caf52a730ce6a,0.7879256965944272,1942000,28,309226000,/nfs3_ib/nfs-ip34/home/def-ilafores/analysis/MethodsComparison/Feces_RA/preproc/SRR5091591/SRR5091591_unmatched_2.fastq,SRR5091591,29a0d04b718de891655a9a5e37d94cc4,392018000,31,DNA,1000,392018,true,0.8439282809498416,0.9923407252338263,0.918134503091834,0.9923407252338263,132985,3212109,6678089
1952000,0.004979363192506466,0.6747709654686399,0.00488497977133703,0.0013424499134408062,4.681462140992167,4.0,3.444425769329408,signatures/626721b74388407d32907567679c1ac3.sig.gz,"GCF_003024685.1 Faecalibacillus intestinalis strain=SNUG30099, ASM302468v1",626721b74388407d32907567679c1ac3,0.6878083157152924,1915000,29,307311000,/nfs3_ib/nfs-ip34/home/def-ilafores/analysis/MethodsComparison/Feces_RA/preproc/SRR5091591/SRR5091591_unmatched_2.fastq,SRR5091591,29a0d04b718de891655a9a5e37d94cc4,392018000,31,DNA,1000,392018,true,0.8427820632183781,0.9880001570446967,0.9153911101315374,0.9880001570446967,8965,3221074,6678089
2076000,0.00529567519858782,0.47560975609756095,0.004874776158237632,0.0012094777413119231,4.2265829408686555,2.0,8.098325943727168,signatures/af6c15168013456ae2d4dfef6c5b80a6.sig.gz,"GCA_003478935.1 Firmicutes bacterium AF25-13AC strain=AF25-13AC, ASM347893v1",af6c15168013456ae2d4dfef6c5b80a6,0.5166749626679941,1911000,30,305400000,/nfs3_ib/nfs-ip34/home/def-ilafores/analysis/MethodsComparison/Feces_RA/preproc/SRR5091591/SRR5091591_unmatched_2.fastq,SRR5091591,29a0d04b718de891655a9a5e37d94cc4,392018000,31,DNA,1000,392018,true,0.8444581038404776,0.9789239387259635,0.9116910212832205,0.9789239387259635,8077,3229151,6678089
1895000,0.004833961705840038,0.8462913315460232,0.004831410802565188,0.003959066733012992,13.95934530095037,14.0,7.628444989709283,signatures/d6ec1bf8f193a3a0129b996a97606afd.sig.gz,"GCF_003269275.1 Phascolarctobacterium faecium DSM 14760 strain=DSM 14760, ASM326927v1",d6ec1bf8f193a3a0129b996a97606afd,0.8467381590705988,1894000,31,303506000,/nfs3_ib/nfs-ip34/home/def-ilafores/analysis/MethodsComparison/Feces_RA/preproc/SRR5091591/SRR5091591_unmatched_2.fastq,SRR5091591,29a0d04b718de891655a9a5e37d94cc4,392018000,31,DNA,1000,392018,true,0.8419767580886288,0.9946478010596757,0.9183122795741523,0.9946478010596757,26439,3255590,6678089
1942000,0.0049538541597579705,0.6269205076820308,0.0047880454468927445,0.004000395921647645,14.23281832711774,13.0,7.334872239360471,signatures/26a39e5fdeb7c2d1c6b61c8b390b7046.sig.gz,"GCF_020564355.1 Lachnospira pectinoschiza strain=SL.1.13, ASM2056435v1",26a39e5fdeb7c2d1c6b61c8b390b7046,0.648630594522378,1877000,32,301629000,/nfs3_ib/nfs-ip34/home/def-ilafores/analysis/MethodsComparison/Feces_RA/preproc/SRR5091591/SRR5091591_unmatched_2.fastq,SRR5091591,29a0d04b718de891655a9a5e37d94cc4,392018000,31,DNA,1000,392018,true,0.8426424416164047,0.9861327925955604,0.9143876171059826,0.9861327925955604,26715,3282305,6678089
2043000,0.005211495390517782,0.557847533632287,0.004759985510869398,0.004081856351420294,14.608252947481244,14.0,8.520910314998828,signatures/2761b9bfb8ee41b7d2e36ef75953884e.sig.gz,"GCF_001406815.1 Roseburia faecis strain=M72, M72",2761b9bfb8ee41b7d2e36ef75953884e,0.610762331838565,1866000,33,299763000,/nfs3_ib/nfs-ip34/home/def-ilafores/analysis/MethodsComparison/Feces_RA/preproc/SRR5091591/SRR5091591_unmatched_2.fastq,SRR5091591,29a0d04b718de891655a9a5e37d94cc4,392018000,31,DNA,1000,392018,true,0.844021723061801,0.9842210585911653,0.9141213908264831,0.9842210585911653,27259,3309564,6678089
1842000,0.004698763832273008,0.747564935064935,0.004698763832273008,0.01438690020453456,52.15906623235613,47.0,39.111150343767264,signatures/8de6a56dece2b0b235d66a08de9380be.sig.gz,"GCF_000297775.1 Sutterella wadsworthensis 2_1_59BFAA strain=2_1_59BFAA, Sutt_wads_2_1_59BFAA_V1",8de6a56dece2b0b235d66a08de9380be,0.747564935064935,1842000,34,297921000,/nfs3_ib/nfs-ip34/home/def-ilafores/analysis/MethodsComparison/Feces_RA/preproc/SRR5091591/SRR5091591_unmatched_2.fastq,SRR5091591,29a0d04b718de891655a9a5e37d94cc4,392018000,31,DNA,1000,392018,true,0.841206650132639,0.9906589301766945,0.9159327901546668,0.9906589301766945,96077,3405641,6678089
1980000,0.005050788484202256,0.5547042598835428,0.0046171349274778195,0.0017199531183247183,6.34585635359116,4.0,12.393847473883364,signatures/05fdfb341baa3ac1ba3aa5b66467573e.sig.gz,"GCF_003024715.1 Lachnoclostridium sp. SNUG30386 strain=SNUG30386, ASM302471v1",05fdfb341baa3ac1ba3aa5b66467573e,0.6068035550107264,1810000,35,296111000,/nfs3_ib/nfs-ip34/home/def-ilafores/analysis/MethodsComparison/Feces_RA/preproc/SRR5091591/SRR5091591_unmatched_2.fastq,SRR5091591,29a0d04b718de891655a9a5e37d94cc4,392018000,31,DNA,1000,392018,true,0.8431693522674436,0.9840146225683537,0.9135919874178986,0.9840146225683537,11486,3417127,6678089
1842000,0.004698763832273008,0.6383363471971067,0.004502344280109587,0.012519300057246916,47.36827195467422,43.0,44.064815917347566,signatures/88f1b5eec91b23fd70f1b11b9f13bd9a.sig.gz,"GCF_023347275.1 Faecalibacterium sp. I3389 strain=I3389, ASM2334727v1",88f1b5eec91b23fd70f1b11b9f13bd9a,0.6661844484629295,1765000,36,294346000,/nfs3_ib/nfs-ip34/home/def-ilafores/analysis/MethodsComparison/Feces_RA/preproc/SRR5091591/SRR5091591_unmatched_2.fastq,SRR5091591,29a0d04b718de891655a9a5e37d94cc4,392018000,31,DNA,1000,392018,true,0.841206650132639,0.9869826075852376,0.9140946288589382,0.9869826075852376,83605,3500732,6678089
1793000,0.004573769571805377,0.6598095238095238,0.004418164472039549,0.0021067404163077194,8.122979214780601,7.0,7.411946750663548,signatures/2c2da677fd5b8692dc1d79d02bf6b4ea.sig.gz,"GCF_000332875.2 Anaerostipes hadrus DSM 3319 strain=DSM 3319, ASM33287v2",2c2da677fd5b8692dc1d79d02bf6b4ea,0.683047619047619,1732000,37,292614000,/nfs3_ib/nfs-ip34/home/def-ilafores/analysis/MethodsComparison/Feces_RA/preproc/SRR5091591/SRR5091591_unmatched_2.fastq,SRR5091591,29a0d04b718de891655a9a5e37d94cc4,392018000,31,DNA,1000,392018,true,0.8404753424683252,0.987778818472379,0.9141270804703521,0.987778818472379,14069,3514801,6678089
3847000,0.009813324898346505,0.26247689463955637,0.0043467391803437595,0.0015255861369921845,5.97887323943662,3.0,40.39868245710889,signatures/514bdd6aa640f40cc6414be0e11ec2f6.sig.gz,"GCF_001314995.1 Bacteroides ovatus strain=ATCC 8483, ASM131499v1",514bdd6aa640f40cc6414be0e11ec2f6,0.5925754775107825,1704000,38,290910000,/nfs3_ib/nfs-ip34/home/def-ilafores/analysis/MethodsComparison/Feces_RA/preproc/SRR5091591/SRR5091591_unmatched_2.fastq,SRR5091591,29a0d04b718de891655a9a5e37d94cc4,392018000,31,DNA,1000,392018,true,0.8614297706065962,0.9832617632894088,0.9223457669480025,0.9832617632894088,10188,3524989,6678089
1982000,0.005055890290751955,0.41954590325765057,0.004336535567244362,0.0014077380520085912,5.53,3.0,10.432738910586746,signatures/2297ea50ecdd1c8050ea75a720bbf9de.sig.gz,"GCF_000174195.1 Roseburia inulinivorans DSM 16841 strain=DSM 16841, ASM17419v1",2297ea50ecdd1c8050ea75a720bbf9de,0.4891411648568608,1700000,39,289210000,/nfs3_ib/nfs-ip34/home/def-ilafores/analysis/MethodsComparison/Feces_RA/preproc/SRR5091591/SRR5091591_unmatched_2.fastq,SRR5091591,29a0d04b718de891655a9a5e37d94cc4,392018000,31,DNA,1000,392018,true,0.8431968125971557,0.9771961535301225,0.9101964830636391,0.9771961535301225,9401,3534390,6678089
1823000,0.004650296670050865,0.5886275886275887,0.00427786479192282,0.0011459865239891232,4.56350626118068,4.0,5.678238207160705,signatures/d1739f7c5b49e127913a773fbf651c98.sig.gz,"GCF_003481705.1 Butyricicoccus sp. OM04-18BH strain=OM04-18BH, ASM348170v1",d1739f7c5b49e127913a773fbf651c98,0.6398736398736399,1677000,40,287533000,/nfs3_ib/nfs-ip34/home/def-ilafores/analysis/MethodsComparison/Feces_RA/preproc/SRR5091591/SRR5091591_unmatched_2.fastq,SRR5091591,29a0d04b718de891655a9a5e37d94cc4,392018000,31,DNA,1000,392018,true,0.8409253422605962,0.9857004953879462,0.9133129188242712,0.9857004953879462,7653,3542043,6678089
1841000,0.004696212928998158,0.39493365500603134,0.004175828660928835,0.0008435047810833308,3.4410507025045813,2.0,6.292870629950798,signatures/928b2d7b80c57c283b973481c1cf1d26.sig.gz,"GCF_020554845.1 Blautia faecis strain=DFI.3.66, ASM2055484v1",928b2d7b80c57c283b973481c1cf1d26,0.44414957780458386,1637000,41,285896000,/nfs3_ib/nfs-ip34/home/def-ilafores/analysis/MethodsComparison/Feces_RA/preproc/SRR5091591/SRR5091591_unmatched_2.fastq,SRR5091591,29a0d04b718de891655a9a5e37d94cc4,392018000,31,DNA,1000,392018,true,0.8411919146119288,0.9741592887047225,0.9076756016583256,0.9741592887047225,5633,3547676,6678089
1629000,0.004155421434730038,0.7537037037037037,0.004152870531455188,0.0020535814961435825,8.423832923832924,8.0,5.032056652493462,signatures/87c024897b236fa04a28cc44a019b791.sig.gz,"GCA_000432155.1 Eubacterium sp. CAG:274, MGS274",87c024897b236fa04a28cc44a019b791,0.7541666666666667,1628000,42,284268000,/nfs3_ib/nfs-ip34/home/def-ilafores/analysis/MethodsComparison/Feces_RA/preproc/SRR5091591/SRR5091591_unmatched_2.fastq,SRR5091591,29a0d04b718de891655a9a5e37d94cc4,392018000,31,DNA,1000,392018,true,0.8378786638445876,0.9909399405752201,0.9144093022099038,0.9909399405752201,13714,3561390,6678089
1860000,0.0047446800912203015,0.49034981905910735,0.004147768724905489,0.001028437925879694,4.223862238622386,3.0,5.827497387088219,signatures/fc95d81881dbf484815547131bbb9759.sig.gz,"GCA_003480725.1 Clostridiaceae bacterium AM27-36LB strain=AM27-36LB, ASM348072v1",fc95d81881dbf484815547131bbb9759,0.5609167671893848,1626000,43,282642000,/nfs3_ib/nfs-ip34/home/def-ilafores/analysis/MethodsComparison/Feces_RA/preproc/SRR5091591/SRR5091591_unmatched_2.fastq,SRR5091591,29a0d04b718de891655a9a5e37d94cc4,392018000,31,DNA,1000,392018,true,0.841470573979152,0.9815217982073176,0.9114961860932348,0.9815217982073176,6868,3568258,6678089
1643000,0.004191134080577932,0.5891126025354213,0.004030427174262406,0.0018864678203599863,7.973417721518987,7.0,4.809463478610795,signatures/9b610846d33e6539449f473575a03bc1.sig.gz,"GCF_003461625.1 Clostridium sp. AF15-31 strain=AF15-31, ASM346162v1",9b610846d33e6539449f473575a03bc1,0.6126025354213274,1580000,44,281062000,/nfs3_ib/nfs-ip34/home/def-ilafores/analysis/MethodsComparison/Feces_RA/preproc/SRR5091591/SRR5091591_unmatched_2.fastq,SRR5091591,29a0d04b718de891655a9a5e37d94cc4,392018000,31,DNA,1000,392018,true,0.8381099910806646,0.9843165781314467,0.9112132846060557,0.9843165781314467,12598,3580856,6678089
1636000,0.004173277757653985,0.5228531855955678,0.003851863945022933,0.0009591067145106931,4.241721854304636,3.0,3.290843359285005,signatures/f264b62f2a1798cf106db911e66dcf25.sig.gz,"GCA_025150745.1 Eubacterium ventriosum strain=ATCC 27560, ASM2515074v1",f264b62f2a1798cf106db911e66dcf25,0.5664819944598338,1510000,45,279552000,/nfs3_ib/nfs-ip34/home/def-ilafores/analysis/MethodsComparison/Feces_RA/preproc/SRR5091591/SRR5091591_unmatched_2.fastq,SRR5091591,29a0d04b718de891655a9a5e37d94cc4,392018000,31,DNA,1000,392018,true,0.8379945669278349,0.9818344394640205,0.9099145031959277,0.9818344394640205,6405,3587261,6678089
1701000,0.004339086470519211,0.40445168295331163,0.00380084587952594,0.0008683621916389554,3.8919463087248323,3.0,3.4533908398006816,signatures/f9be5cc1d2e4e2f448a63153f292a0b5.sig.gz,"GCF_001487165.1 Blautia massiliensis strain=GD9, Blautia massiliensis1",f9be5cc1d2e4e2f448a63153f292a0b5,0.46172638436482083,1490000,46,278062000,/nfs3_ib/nfs-ip34/home/def-ilafores/analysis/MethodsComparison/Feces_RA/preproc/SRR5091591/SRR5091591_unmatched_2.fastq,SRR5091591,29a0d04b718de891655a9a5e37d94cc4,392018000,31,DNA,1000,392018,true,0.8390484551180426,0.975379671048149,0.9072140630830958,0.975379671048149,5799,3593060,6678089
1843000,0.004701314735547858,0.4521924482338611,0.003788091363151692,0.0012356828428012863,5.556902356902357,4.0,6.176333768678286,signatures/c9db8a0f1ca1dc314b40e6758f8144cd.sig.gz,"GCA_001312505.1 [Ruminococcus] faecis JCM 15917 strain=JCM 15917, ASM131250v1",c9db8a0f1ca1dc314b40e6758f8144cd,0.5612058465286236,1485000,47,276577000,/nfs3_ib/nfs-ip34/home/def-ilafores/analysis/MethodsComparison/Feces_RA/preproc/SRR5091591/SRR5091591_unmatched_2.fastq,SRR5091591,29a0d04b718de891655a9a5e37d94cc4,392018000,31,DNA,1000,392018,true,0.8412213779136981,0.9815381117622013,0.9113797448379497,0.9815381117622013,8252,3601312,6678089
1738000,0.004433469891688647,0.4136680613668061,0.003782989556601993,0.0008511416963745167,3.832771409305462,3.0,4.793407426902959,signatures/b2cb449359263424b624c31f539ed929.sig.gz,"GCF_003478035.1 Clostridium sp. OF03-18AA strain=OF03-18AA, ASM347803v1",b2cb449359263424b624c31f539ed929,0.48479776847977685,1483000,48,275094000,/nfs3_ib/nfs-ip34/home/def-ilafores/analysis/MethodsComparison/Feces_RA/preproc/SRR5091591/SRR5091591_unmatched_2.fastq,SRR5091591,29a0d04b718de891655a9a5e37d94cc4,392018000,31,DNA,1000,392018,true,0.8396310845132486,0.9769150358297906,0.9082730601715197,0.9769150358297906,5684,3606996,6678089
1569000,0.00400236723823906,0.6192275398824517,0.0037625823304031957,0.0022759505002104643,10.304406779661017,5.0,18.478651380755046,signatures/6327a0248cad78e44bcb1621925d80af.sig.gz,"GCA_900539945.1 uncultured Faecalibacterium sp., UMGS183",6327a0248cad78e44bcb1621925d80af,0.6586901763224181,1475000,49,273619000,/nfs3_ib/nfs-ip34/home/def-ilafores/analysis/MethodsComparison/Feces_RA/preproc/SRR5091591/SRR5091591_unmatched_2.fastq,SRR5091591,29a0d04b718de891655a9a5e37d94cc4,392018000,31,DNA,1000,392018,true,0.8368649617522734,0.9866224787746459,0.9117437202634597,0.9866224787746459,15199,3622195,6678089
1452000,0.0037039115550816545,0.5510360706062931,0.0036630971026840606,0.0009552133851465592,4.442200557103064,4.0,3.0146118906323194,signatures/7210cf649ef9f8e195811dbdfaede100.sig.gz,"GCA_000436475.1 Eubacterium sp. CAG:248, MGS248",7210cf649ef9f8e195811dbdfaede100,0.5571757482732157,1436000,50,272183000,/nfs3_ib/nfs-ip34/home/def-ilafores/analysis/MethodsComparison/Feces_RA/preproc/SRR5091591/SRR5091591_unmatched_2.fastq,SRR5091591,29a0d04b718de891655a9a5e37d94cc4,392018000,31,DNA,1000,392018,true,0.8347755050774773,0.9813099449421877,0.9080427250098325,0.9813099449421877,6379,3628574,6678089
1433000,0.0036554443928595117,0.3667272255385414,0.003604426327362519,0.0006028670776924357,2.849256900212314,2.0,5.535888937359889,signatures/2de6b86d95365c349243cb609e5c2a62.sig.gz,"GCF_000239295.1 Flavonifractor plautii ATCC 29863 strain=ATCC 29863, ASM23929v1",2de6b86d95365c349243cb609e5c2a62,0.3719179859849468,1413000,51,270770000,/nfs3_ib/nfs-ip34/home/def-ilafores/analysis/MethodsComparison/Feces_RA/preproc/SRR5091591/SRR5091591_unmatched_2.fastq,SRR5091591,29a0d04b718de891655a9a5e37d94cc4,392018000,31,DNA,1000,392018,true,0.8344208878748409,0.9685977535569104,0.9015093207158756,0.9685977535569104,4026,3632600,6678089
1454000,0.0037090133616313535,0.25506294471811713,0.0035661627782397746,0.0004086498397969838,1.952074391988555,1.0,1.4770027707278168,signatures/d88f3c512ece432b111f094181484852.sig.gz,"GCF_000742135.1 Klebsiella pneumoniae strain=ATCC 13883, ASM74213v1",d88f3c512ece432b111f094181484852,0.26528005838350666,1398000,52,269372000,/nfs3_ib/nfs-ip34/home/def-ilafores/analysis/MethodsComparison/Feces_RA/preproc/SRR5091591/SRR5091591_unmatched_2.fastq,SRR5091591,29a0d04b718de891655a9a5e37d94cc4,392018000,31,DNA,1000,392018,true,0.8348125716214472,0.9580977625341258,0.8964551670777865,0.9580977625341258,2729,3635329,6678089
1411000,0.0035993245208128196,0.46709200805910006,0.0035483064553158273,0.010368984300748313,49.780733285406185,49.0,25.28156501454186,signatures/a0c72778e7e9a92bec9989c7d509e086.sig.gz,"GCF_000723465.1 Ruminococcus bicirculans strain=80/3, Rb803",a0c72778e7e9a92bec9989c7d509e086,0.4738079247817327,1391000,53,267981000,/nfs3_ib/nfs-ip34/home/def-ilafores/analysis/MethodsComparison/Feces_RA/preproc/SRR5091591/SRR5091591_unmatched_2.fastq,SRR5091591,29a0d04b718de891655a9a5e37d94cc4,392018000,31,DNA,1000,392018,true,0.8340045491082415,0.976192706868869,0.9050986279885553,0.976192706868869,69245,3704574,6678089
1627000,0.004150319628180339,0.3897970687711387,0.00352789922911703,0.0006394044763404621,3.0874909616775126,2.0,3.8617105139738386,signatures/7e75980e185a634bb1b9c7535e692c2d.sig.gz,"GCF_015557635.1 Fusicatenibacter saccharivorans strain=D41t1_190614_C8, ASM1555763v1",7e75980e185a634bb1b9c7535e692c2d,0.4585682074408117,1383000,54,266598000,/nfs3_ib/nfs-ip34/home/def-ilafores/analysis/MethodsComparison/Feces_RA/preproc/SRR5091591/SRR5091591_unmatched_2.fastq,SRR5091591,29a0d04b718de891655a9a5e37d94cc4,392018000,31,DNA,1000,392018,true,0.8378454601445298,0.9751637449103424,0.9065046025274361,0.9751637449103424,4270,3708844,6678089
1598000,0.0040763434332096995,0.3803169307756464,0.003489635679994286,0.0011641054798760544,5.682748538011696,3.0,16.11050819548794,signatures/79a393fb99d8977a1fe96a36cabdd09c.sig.gz,"GCF_000265365.1 Alistipes finegoldii DSM 17242 strain=DSM 17242, ASM26536v1",79a393fb99d8977a1fe96a36cabdd09c,0.44425910480956354,1368000,55,265230000,/nfs3_ib/nfs-ip34/home/def-ilafores/analysis/MethodsComparison/Feces_RA/preproc/SRR5091591/SRR5091591_unmatched_2.fastq,SRR5091591,29a0d04b718de891655a9a5e37d94cc4,392018000,31,DNA,1000,392018,true,0.8373595161341288,0.9741670370403571,0.905763276587243,0.9741670370403571,7774,3716618,6678089
1479000,0.0037727859435025945,0.419925512104283,0.0034513721308715418,0.0006680054728231384,3.2971175166297115,2.0,4.091575426897899,signatures/d857a1209d50af1cfcfc6c682397f261.sig.gz,"GCF_000173975.1 Anaerobutyricum hallii DSM 3353 strain=DSM 3353, ASM17397v1",d857a1209d50af1cfcfc6c682397f261,0.4590316573556797,1353000,56,263877000,/nfs3_ib/nfs-ip34/home/def-ilafores/analysis/MethodsComparison/Feces_RA/preproc/SRR5091591/SRR5091591_unmatched_2.fastq,SRR5091591,29a0d04b718de891655a9a5e37d94cc4,392018000,31,DNA,1000,392018,true,0.8352717856714482,0.9751955211444797,0.9052336534079639,0.9751955211444797,4461,3721079,6678089
1655000,0.004221744919876128,0.44200524246395806,0.003441168517772143,0.002202126985729001,10.901408450704226,4.0,24.33799385001566,signatures/58b144de4acaed89ce9d8071641d7213.sig.gz,"GCF_023347255.1 Faecalibacterium sp. I4384 strain=I4384, ASM2334725v1",58b144de4acaed89ce9d8071641d7213,0.5422673656618611,1349000,57,262528000,/nfs3_ib/nfs-ip34/home/def-ilafores/analysis/MethodsComparison/Feces_RA/preproc/SRR5091591/SRR5091591_unmatched_2.fastq,SRR5091591,29a0d04b718de891655a9a5e37d94cc4,392018000,31,DNA,1000,392018,true,0.8383067583264906,0.9804517836470715,0.9093792709867811,0.9804517836470715,14706,3735785,6678089
1536000,0.003918187430169023,0.4588398749565821,0.0033697432260763535,0.0007928914993495893,4.0083270249810745,3.0,3.755078156669828,signatures/1689b6c3fb62fec0dd444e73a686577b.sig.gz,"GCF_024168045.1 Dorea longicatena strain=NB2A-3-NA, ASM2416804v1",1689b6c3fb62fec0dd444e73a686577b,0.5335185828412643,1321000,58,261207000,/nfs3_ib/nfs-ip34/home/def-ilafores/analysis/MethodsComparison/Feces_RA/preproc/SRR5091591/SRR5091591_unmatched_2.fastq,SRR5091591,29a0d04b718de891655a9a5e37d94cc4,392018000,31,DNA,1000,392018,true,0.8362913163929939,0.9799374890563408,0.9081144027246674,0.9799374890563408,5295,3741080,6678089
1404000,0.0035814681978888724,0.3390745501285347,0.0033646414195266545,0.004272330003388694,21.630780894617136,1.0,111.70130072653474,signatures/0af939165079e9d7e74d2ed29256e457.sig.gz,"GCF_003437535.1 Bacteroides plebeius strain=TF10-3AC, ASM343753v1",0af939165079e9d7e74d2ed29256e457,0.3609254498714653,1319000,59,259888000,/nfs3_ib/nfs-ip34/home/def-ilafores/analysis/MethodsComparison/Feces_RA/preproc/SRR5091591/SRR5091591_unmatched_2.fastq,SRR5091591,29a0d04b718de891655a9a5e37d94cc4,392018000,31,DNA,1000,392018,true,0.8338707594881203,0.9676607938957407,0.9007657766919305,0.9676607938957407,28531,3769611,6678089
1487000,0.0037931931697013912,0.3924050632911392,0.0033212760638542107,0.004692060857529752,24.06605222734255,24.0,10.133529367461506,signatures/c7f0f63b1e20051e05be14074e3f6057.sig.gz,"GCA_000020605.1 [Eubacterium] rectale ATCC 33656 strain=ATCC 33656, ASM2060v1",c7f0f63b1e20051e05be14074e3f6057,0.44816154309825196,1302000,60,258586000,/nfs3_ib/nfs-ip34/home/def-ilafores/analysis/MethodsComparison/Feces_RA/preproc/SRR5091591/SRR5091591_unmatched_2.fastq,SRR5091591,29a0d04b718de891655a9a5e37d94cc4,392018000,31,DNA,1000,392018,true,0.8354171486437652,0.9744419101134376,0.9049295293786014,0.9744419101134376,31334,3800945,6678089
1683000,0.004293170211571918,0.392293114339861,0.0031682218673632335,0.004029146661567403,21.664251207729468,18.0,19.019504201195076,signatures/1536305f1db2c6485876fc17c9a7e45f.sig.gz,"GCF_010509575.1 Faecalibacterium prausnitzii A2-165 strain=JCM 31915, ASM1050957v1",1536305f1db2c6485876fc17c9a7e45f,0.5315855969677827,1242000,61,257344000,/nfs3_ib/nfs-ip34/home/def-ilafores/analysis/MethodsComparison/Feces_RA/preproc/SRR5091591/SRR5091591_unmatched_2.fastq,SRR5091591,29a0d04b718de891655a9a5e37d94cc4,392018000,31,DNA,1000,392018,true,0.8387605647907741,0.9798227587065361,0.9092916617486551,0.9798227587065361,26907,3827852,6678089
1279000,0.0032626052885326696,0.46782740348221047,0.0031529164477141357,0.0015194466560718193,8.209546925566343,7.0,5.173270183374617,signatures/5055b6e366ca93dd1ce8d6d877b8501f.sig.gz,"GCA_900540595.1 uncultured Ruminococcaceae bacterium, UMGS262",5055b6e366ca93dd1ce8d6d877b8501f,0.4841029523088569,1236000,62,256108000,/nfs3_ib/nfs-ip34/home/def-ilafores/analysis/MethodsComparison/Feces_RA/preproc/SRR5091591/SRR5091591_unmatched_2.fastq,SRR5091591,29a0d04b718de891655a9a5e37d94cc4,392018000,31,DNA,1000,392018,true,0.8313662775595496,0.9768698392301128,0.9041180583948312,0.9768698392301128,10147,3837999,6678089
1332000,0.0033978031620996996,0.48466505246166264,0.0030636348330943986,0.0008405099123416894,4.67360532889259,4.0,4.630929332797797,signatures/0fa52b16ef37ab178f2b54115192a175.sig.gz,"GCF_003865035.1 Anaerotignum faecicola strain=KCTC 15736, ASM386503v1",0fa52b16ef37ab178f2b54115192a175,0.5375302663438256,1201000,63,254907000,/nfs3_ib/nfs-ip34/home/def-ilafores/analysis/MethodsComparison/Feces_RA/preproc/SRR5091591/SRR5091591_unmatched_2.fastq,SRR5091591,29a0d04b718de891655a9a5e37d94cc4,392018000,31,DNA,1000,392018,true,0.8324558944044755,0.9801743200645374,0.9063151072345065,0.9801743200645374,5613,3843612,6678089
1391000,0.0035483064553158273,0.36294261294261293,0.003033023993796203,0.0005242517732243461,2.9444911690496216,2.0,5.226118048287068,signatures/9e471117913907283503d1bbd660072a.sig.gz,"GCF_003480315.1 Clostridium sp. AM33-3 strain=AM33-3, ASM348031v1",9e471117913907283503d1bbd660072a,0.4246031746031746,1189000,64,253718000,/nfs3_ib/nfs-ip34/home/def-ilafores/analysis/MethodsComparison/Feces_RA/preproc/SRR5091591/SRR5091591_unmatched_2.fastq,SRR5091591,29a0d04b718de891655a9a5e37d94cc4,392018000,31,DNA,1000,392018,true,0.8336205714396542,0.9727460125989883,0.9031832920193212,0.9727460125989883,3501,3847113,6678089
1741000,0.004441122601513196,0.3972089857045609,0.0029769041217495113,0.001471079525894309,8.418166238217653,3.0,17.737443749766623,signatures/c7d4730d7ef725fd5e285130d735d8de.sig.gz,"GCF_020687245.1 Faecalibacterium longum CLA-AA-H243 strain=CLA-AA-H243, ASM2068724v1",c7d4730d7ef725fd5e285130d735d8de,0.5925799863852961,1167000,65,252551000,/nfs3_ib/nfs-ip34/home/def-ilafores/analysis/MethodsComparison/Feces_RA/preproc/SRR5091591/SRR5091591_unmatched_2.fastq,SRR5091591,29a0d04b718de891655a9a5e37d94cc4,392018000,31,DNA,1000,392018,true,0.8396777973051417,0.9832620046299774,0.9114699009675595,0.9832620046299774,9824,3856937,6678089
1246000,0.003178425480462632,0.4832298136645963,0.0029769041217495113,0.004563281501639167,26.11311053984576,25.0,11.995824373789578,signatures/0c27e38f5990e49c33434011e5c9e03c.sig.gz,"GCF_002834235.1 Ruminococcus bromii strain=5AMG, ASM283423v1",0c27e38f5990e49c33434011e5c9e03c,0.5159420289855072,1167000,66,251384000,/nfs3_ib/nfs-ip34/home/def-ilafores/analysis/MethodsComparison/Feces_RA/preproc/SRR5091591/SRR5091591_unmatched_2.fastq,SRR5091591,29a0d04b718de891655a9a5e37d94cc4,392018000,31,DNA,1000,392018,true,0.8306655408003631,0.9788791124362739,0.9047723266183185,0.9788791124362739,30474,3887411,6678089
1427000,0.003640138973210414,0.3234884368904987,0.0029615987021004136,0.00044144365251795836,2.5391903531438413,2.0,2.9451586339151627,signatures/e74ad9130b727000e44fbbf62543e5bf.sig.gz,"GCF_019734885.1 Coprococcus catus strain=VPIC661, ASM1973488v1",e74ad9130b727000e44fbbf62543e5bf,0.3976037893563667,1161000,67,250223000,/nfs3_ib/nfs-ip34/home/def-ilafores/analysis/MethodsComparison/Feces_RA/preproc/SRR5091591/SRR5091591_unmatched_2.fastq,SRR5091591,29a0d04b718de891655a9a5e37d94cc4,392018000,31,DNA,1000,392018,true,0.834307957717531,0.9706866323791824,0.9024972950483567,0.9706866323791824,2948,3890359,6678089
1260000,0.0032141381263105268,0.5996884735202492,0.002946293282451316,0.0006497367734991253,3.756709956709957,3.0,5.265639290815796,signatures/677a5d8f8f65722354d32c4800b7248a.sig.gz,"GCA_900542115.1 uncultured Oscillibacter sp., UMGS426",677a5d8f8f65722354d32c4800b7248a,0.6542056074766355,1155000,68,249068000,/nfs3_ib/nfs-ip34/home/def-ilafores/analysis/MethodsComparison/Feces_RA/preproc/SRR5091591/SRR5091591_unmatched_2.fastq,SRR5091591,29a0d04b718de891655a9a5e37d94cc4,392018000,31,DNA,1000,392018,true,0.830964990755381,0.9864050767491124,0.9086850337522467,0.9864050767491124,4339,3894698,6678089
1217000,0.003104449285491993,0.24153976311336717,0.002913131539878271,0.0003769042311355838,2.2040280210157617,2.0,2.0513251176420355,signatures/3ab05bae31266d06d7e396a518783cff.sig.gz,"GCF_023023105.1 Enterobacter ludwigii strain=11894-yvys, ASM2302310v1",3ab05bae31266d06d7e396a518783cff,0.2574027072758037,1142000,69,247926000,/nfs3_ib/nfs-ip34/home/def-ilafores/analysis/MethodsComparison/Feces_RA/preproc/SRR5091591/SRR5091591_unmatched_2.fastq,SRR5091591,29a0d04b718de891655a9a5e37d94cc4,392018000,31,DNA,1000,392018,true,0.8300347531177388,0.9571665648248907,0.8936006589713148,0.9571665648248907,2517,3897215,6678089
1433000,0.0036554443928595117,0.38355240984159084,0.0029029279267788724,0.001693149043087027,9.93585237258348,9.0,5.629472814395042,signatures/a6be66ce83fd1772452d8972fe7fcb22.sig.gz,"GCF_009695995.1 Lachnospiraceae bacterium WCA3-601-WT-6H strain=WCA3-601-WT-6H, ASM969599v1",a6be66ce83fd1772452d8972fe7fcb22,0.482979440512302,1138000,70,246788000,/nfs3_ib/nfs-ip34/home/def-ilafores/analysis/MethodsComparison/Feces_RA/preproc/SRR5091591/SRR5091591_unmatched_2.fastq,SRR5091591,29a0d04b718de891655a9a5e37d94cc4,392018000,31,DNA,1000,392018,true,0.8344208878748409,0.9767966237215987,0.9056087557982198,0.9767966237215987,11307,3908522,6678089
1761000,0.004492140667010188,0.26121128062875637,0.0028825207005800752,0.0005238025429130999,3.095575221238938,2.0,5.705584740891348,signatures/9f8ee440e15d203543396b77b2bae2e7.sig.gz,"GCF_003477525.1 Ruminococcus sp. AF41-9 strain=AF41-9, ASM347752v1",9f8ee440e15d203543396b77b2bae2e7,0.4070735090152566,1130000,71,245658000,/nfs3_ib/nfs-ip34/home/def-ilafores/analysis/MethodsComparison/Feces_RA/preproc/SRR5091591/SRR5091591_unmatched_2.fastq,SRR5091591,29a0d04b718de891655a9a5e37d94cc4,392018000,31,DNA,1000,392018,true,0.8399872395186917,0.9714239381970738,0.9057055888578828,0.9714239381970738,3498,3912020,6678089
1130000,0.0028825207005800752,0.6524249422632794,0.0028825207005800752,0.005649969624543788,33.39026548672567,33.0,10.354807054361606,signatures/210696750d5627775fd0c5e3b29283fe.sig.gz,"GCA_000434995.1 Firmicutes bacterium CAG:341, MGS341",210696750d5627775fd0c5e3b29283fe,0.6524249422632794,1130000,72,244528000,/nfs3_ib/nfs-ip34/home/def-ilafores/analysis/MethodsComparison/Feces_RA/preproc/SRR5091591/SRR5091591_unmatched_2.fastq,SRR5091591,29a0d04b718de891655a9a5e37d94cc4,392018000,31,DNA,1000,392018,true,0.8280511703284039,0.9863183537588757,0.9071847620436397,0.9863183537588757,37731,3949751,6678089
1758000,0.0044844879571856395,0.30190217391304347,0.0028340535383579325,0.0005209574176085404,3.1314131413141313,2.0,5.732627548959799,signatures/c2d8b6207a026871224ccd15d94fc35d.sig.gz,"GCF_003435375.1 Clostridium sp. AM34-11AC strain=AM34-11AC, ASM343537v1",c2d8b6207a026871224ccd15d94fc35d,0.4777173913043478,1111000,73,243417000,/nfs3_ib/nfs-ip34/home/def-ilafores/analysis/MethodsComparison/Feces_RA/preproc/SRR5091591/SRR5091591_unmatched_2.fastq,SRR5091591,29a0d04b718de891655a9a5e37d94cc4,392018000,31,DNA,1000,392018,true,0.8399410406713262,0.9764515049290782,0.9081962728002022,0.9764515049290782,3479,3953230,6678089
1406000,0.0035865700044385718,0.216791486007095,0.002805993602334587,0.0035433789516731507,21.51181818181818,2.0,122.24097232465081,signatures/50fa5e3a2a6551604f70fcf8a3712902.sig.gz,"GCF_900155865.1 Bacteroides bouchesdurhonensis strain=Marseille-P2653, PRJEB18812",50fa5e3a2a6551604f70fcf8a3712902,0.2770989357508869,1100000,74,242317000,/nfs3_ib/nfs-ip34/home/def-ilafores/analysis/MethodsComparison/Feces_RA/preproc/SRR5091591/SRR5091591_unmatched_2.fastq,SRR5091591,29a0d04b718de891655a9a5e37d94cc4,392018000,31,DNA,1000,392018,true,0.8339090508459819,0.9594458734010953,0.8966774621235386,0.9594458734010953,23663,3976893,6678089
1595000,0.004068690723385151,0.3451384417256922,0.0027345683106387974,0.007933856526919603,49.42444029850746,51.0,23.049789547720334,signatures/b7fbb7c245964c8787ceff9b2ee964a0.sig.gz,"GCF_003324185.1 Faecalibacterium prausnitzii strain=ATCC 27768, ASM332418v1",b7fbb7c245964c8787ceff9b2ee964a0,0.5135222150676111,1072000,75,241245000,/nfs3_ib/nfs-ip34/home/def-ilafores/analysis/MethodsComparison/Feces_RA/preproc/SRR5091591/SRR5091591_unmatched_2.fastq,SRR5091591,29a0d04b718de891655a9a5e37d94cc4,392018000,31,DNA,1000,392018,true,0.8373087598799757,0.9787306775661939,0.9080197187230847,0.9787306775661939,52983,4029876,6678089
2619000,0.006680815676831166,0.1862608695652174,0.0027320174073639475,0.0006090065586128008,3.7973856209150325,2.0,10.563623110516813,signatures/c08f8e47dd318b08d89c36c36e6da9e1.sig.gz,"GCF_000210075.1 Bacteroides xylanisolvens XB1A strain=XB1A, ASM21007v1",c08f8e47dd318b08d89c36c36e6da9e1,0.4554782608695652,1071000,76,240174000,/nfs3_ib/nfs-ip34/home/def-ilafores/analysis/MethodsComparison/Feces_RA/preproc/SRR5091591/SRR5091591_unmatched_2.fastq,SRR5091591,29a0d04b718de891655a9a5e37d94cc4,392018000,31,DNA,1000,392018,true,0.8508112216802858,0.9749510863648436,0.9128811540225648,0.9749510863648436,4067,4033943,6678089
1782000,0.0045457096357820305,0.178439906260462,0.0027192628909896996,0.0015100128195356486,9.459662288930582,2.0,54.89179844107934,signatures/723b884481420dddcbc68522388758ed.sig.gz,"GCF_900106755.1 Bacteroides faecis MAJ27 strain=MAJ27, IMG-taxon 2693429916 annotated assembly",723b884481420dddcbc68522388758ed,0.29829260127217944,1066000,77,239108000,/nfs3_ib/nfs-ip34/home/def-ilafores/analysis/MethodsComparison/Feces_RA/preproc/SRR5091591/SRR5091591_unmatched_2.fastq,SRR5091591,29a0d04b718de891655a9a5e37d94cc4,392018000,31,DNA,1000,392018,true,0.8403085147605348,0.9617296007882765,0.9010190577744057,0.9617296007882765,10084,4044027,6678089
1063000,0.0027116101811651507,0.7264021887824897,0.002709059277890301,0.0031106204185059527,19.560263653483993,19.0,9.239420739366553,signatures/436a9826c578cb5ad85b39dfd3c8cbb5.sig.gz,"GCA_000431335.1 Clostridium sp. CAG:343, MGS343",436a9826c578cb5ad85b39dfd3c8cbb5,0.7270861833105335,1062000,78,238046000,/nfs3_ib/nfs-ip34/home/def-ilafores/analysis/MethodsComparison/Feces_RA/preproc/SRR5091591/SRR5091591_unmatched_2.fastq,SRR5091591,29a0d04b718de891655a9a5e37d94cc4,392018000,31,DNA,1000,392018,true,0.8264201147870511,0.9897716923938665,0.9080959035904588,0.9897716923938665,20773,4064800,6678089
1504000,0.003836558525373835,0.2555609284332689,0.002696304761516053,0.0005795071015076319,3.661305581835383,2.0,9.793359179042787,signatures/0406dc9599017bcdf1976c899edbe0f3.sig.gz,"GCA_003478355.1 Lachnospiraceae bacterium AM48-27BH strain=AM48-27BH, ASM347835v1",0406dc9599017bcdf1976c899edbe0f3,0.36363636363636365,1057000,79,236989000,/nfs3_ib/nfs-ip34/home/def-ilafores/analysis/MethodsComparison/Feces_RA/preproc/SRR5091591/SRR5091591_unmatched_2.fastq,SRR5091591,29a0d04b718de891655a9a5e37d94cc4,392018000,31,DNA,1000,392018,true,0.8357235484610325,0.9678944010569384,0.9018089747589855,0.9678944010569384,3870,4068670,6678089
1068000,0.0027243646975393986,0.3225607879347491,0.0026733466320424063,0.0003912796010954631,2.493320610687023,2.0,2.312832036050127,signatures/25e008905b2a3471b221e0946e6c1637.sig.gz,"GCA_003460745.1 Firmicutes bacterium AM55-24TS strain=AM55-24TS, ASM346074v1",25e008905b2a3471b221e0946e6c1637,0.32871652816251157,1048000,80,235941000,/nfs3_ib/nfs-ip34/home/def-ilafores/analysis/MethodsComparison/Feces_RA/preproc/SRR5091591/SRR5091591_unmatched_2.fastq,SRR5091591,29a0d04b718de891655a9a5e37d94cc4,392018000,31,DNA,1000,392018,true,0.8265452240322165,0.9647473584355748,0.8956462912338956,0.9647473584355748,2613,4071283,6678089
1023000,0.0026095740501711658,0.44859402460456943,0.0026044722436214664,0.004399611924908458,28.776689520078353,26.0,50.746871247795404,signatures/ff61f642ff8eb1078e1d7af9c3361959.sig.gz,"GCA_000433635.1 Ruminococcus sp. CAG:254, MGS254",ff61f642ff8eb1078e1d7af9c3361959,0.44947275922671354,1021000,81,234920000,/nfs3_ib/nfs-ip34/home/def-ilafores/analysis/MethodsComparison/Feces_RA/preproc/SRR5091591/SRR5091591_unmatched_2.fastq,SRR5091591,29a0d04b718de891655a9a5e37d94cc4,392018000,31,DNA,1000,392018,true,0.8253982358142703,0.9745337475751529,0.8999659916947116,0.9745337475751529,29381,4100664,6678089
1068000,0.0027243646975393986,0.39238020424194814,0.0025483523715747747,0.0003643257824206895,2.4354354354354353,2.0,1.9533051442547722,signatures/6febeb764d7d5f08ed9a060afaab0854.sig.gz,"GCF_014287435.1 Roseburia sp. NSJ-9 strain=NSJ-9, ASM1428743v1",6febeb764d7d5f08ed9a060afaab0854,0.4194815396700707,999000,82,233921000,/nfs3_ib/nfs-ip34/home/def-ilafores/analysis/MethodsComparison/Feces_RA/preproc/SRR5091591/SRR5091591_unmatched_2.fastq,SRR5091591,29a0d04b718de891655a9a5e37d94cc4,392018000,31,DNA,1000,392018,true,0.8265452240322165,0.972365288234056,0.8994552561331363,0.972365288234056,2433,4103097,6678089
1109000,0.0028289517318082335,0.5053218449062341,0.0025432505650250753,0.0004532733840474423,3.0361083249749248,2.0,2.554265632047315,signatures/8341d47d0dbda33b8ea6a5744c1a7dd6.sig.gz,"GCA_900550685.1 uncultured Oscillibacter sp., UMGS1325",8341d47d0dbda33b8ea6a5744c1a7dd6,0.5620881905727318,997000,83,232924000,/nfs3_ib/nfs-ip34/home/def-ilafores/analysis/MethodsComparison/Feces_RA/preproc/SRR5091591/SRR5091591_unmatched_2.fastq,SRR5091591,29a0d04b718de891655a9a5e37d94cc4,392018000,31,DNA,1000,392018,true,0.8275502461221587,0.9815878546584245,0.9045690503902916,0.9815878546584245,3027,4106124,6678089
1023000,0.0026095740501711658,0.39606035205364626,0.0024106035947328948,0.00035489194588451874,2.507936507936508,2.0,3.9689523195028755,signatures/6fa329a5d2e40c7b8e1c4509ad9888b1.sig.gz,"GCA_900539695.1 uncultured Ruminococcaceae bacterium, UMGS168",6fa329a5d2e40c7b8e1c4509ad9888b1,0.42875104777870915,945000,84,231979000,/nfs3_ib/nfs-ip34/home/def-ilafores/analysis/MethodsComparison/Feces_RA/preproc/SRR5091591/SRR5091591_unmatched_2.fastq,SRR5091591,29a0d04b718de891655a9a5e37d94cc4,392018000,31,DNA,1000,392018,true,0.8253982358142703,0.9730511078211197,0.899224671817695,0.9730511078211197,2370,4108494,6678089
1223000,0.0031197547051410907,0.2355455002513826,0.002390196368534098,0.023833315189420206,169.8623265741729,1.0,972.0388958185406,signatures/21dcfee3f1e24fb9aebbbe6b8ae42cad.sig.gz,"GCF_000154845.1 Bacteroides coprocola DSM 17136 strain=DSM 17136, ASM15484v1",21dcfee3f1e24fb9aebbbe6b8ae42cad,0.30744092508798393,937000,85,231042000,/nfs3_ib/nfs-ip34/home/def-ilafores/analysis/MethodsComparison/Feces_RA/preproc/SRR5091591/SRR5091591_unmatched_2.fastq,SRR5091591,29a0d04b718de891655a9a5e37d94cc4,392018000,31,DNA,1000,392018,true,0.8301664457043304,0.9626672185865016,0.896416832145416,0.9626672185865016,159161,4267655,6678089
1311000,0.0033442341933278574,0.30097402597402595,0.002364687335785602,0.00039876677294956687,2.872707659115426,2.0,3.411855006994684,signatures/1a61bc75384814965146b3c8fd1a27a5.sig.gz,"GCA_025150245.1 Dorea formicigenerans strain=ATCC 27755, ASM2515024v1",1a61bc75384814965146b3c8fd1a27a5,0.42564935064935067,927000,86,230115000,/nfs3_ib/nfs-ip34/home/def-ilafores/analysis/MethodsComparison/Feces_RA/preproc/SRR5091591/SRR5091591_unmatched_2.fastq,SRR5091591,29a0d04b718de891655a9a5e37d94cc4,392018000,31,DNA,1000,392018,true,0.8320292662668084,0.9728232347793231,0.9024262505230658,0.9728232347793231,2663,4270318,6678089
953000,0.002431010820931692,0.21147301895964998,0.002219285849119173,0.0002821166354626301,2.1655172413793102,1.0,4.2924908393640875,signatures/4edd699389284f85ac20f9344f953c5f.sig.gz,"GCF_000949455.1 Ruthenibacterium lactatiformans strain=585-1, ASM94945v1",4edd699389284f85ac20f9344f953c5f,0.23164803111327176,870000,87,229245000,/nfs3_ib/nfs-ip34/home/def-ilafores/analysis/MethodsComparison/Feces_RA/preproc/SRR5091591/SRR5091591_unmatched_2.fastq,SRR5091591,29a0d04b718de891655a9a5e37d94cc4,392018000,31,DNA,1000,392018,true,0.8235131622349543,0.9539170261346227,0.8887150941847886,0.9539170261346227,1884,4272202,6678089
869000,0.0022167349458443236,0.29972375690607733,0.0022141840425694737,0.00029529405792585274,2.271889400921659,2.0,2.231899570508711,signatures/68febb7358a4837cbde8eb55523b5d94.sig.gz,"GCF_900106845.1 Romboutsia timonensis strain=Marseille-P326, PRJEB14233",68febb7358a4837cbde8eb55523b5d94,0.30006906077348067,868000,88,228377000,/nfs3_ib/nfs-ip34/home/def-ilafores/analysis/MethodsComparison/Feces_RA/preproc/SRR5091591/SRR5091591_unmatched_2.fastq,SRR5091591,29a0d04b718de891655a9a5e37d94cc4,392018000,31,DNA,1000,392018,true,0.8210656122963926,0.9619138288172208,0.8914897205568066,0.9619138288172208,1972,4274174,6678089
1014000,0.002586615920697519,0.16463296533023436,0.002168267783622181,0.00023839155183466408,1.8729411764705883,1.0,1.3089185689221479,signatures/d5555c8c41408ffc6d48109cd0232345.sig.gz,"GCF_000215745.1 Klebsiella aerogenes KCTC 2190 strain=KCTC 2190, ASM21574v1",d5555c8c41408ffc6d48109cd0232345,0.19639744334689135,850000,89,227527000,/nfs3_ib/nfs-ip34/home/def-ilafores/analysis/MethodsComparison/Feces_RA/preproc/SRR5091591/SRR5091591_unmatched_2.fastq,SRR5091591,29a0d04b718de891655a9a5e37d94cc4,392018000,31,DNA,1000,392018,true,0.8251629887307435,0.9488508041573915,0.8870068964440675,0.9488508041573915,1592,4275766,6678089
1050000,0.0026784484385921053,0.20958971824023728,0.0021631659770724814,0.0003173063431769178,2.498820754716981,2.0,4.783274567752999,signatures/1831f96ae88ecece7e09349827362846.sig.gz,"GCA_018223435.1 Lachnospiraceae bacterium Marseille-Q4251 strain=Marseille-Q4251, ASM1822343v1",1831f96ae88ecece7e09349827362846,0.25951557093425603,848000,90,226679000,/nfs3_ib/nfs-ip34/home/def-ilafores/analysis/MethodsComparison/Feces_RA/preproc/SRR5091591/SRR5091591_unmatched_2.fastq,SRR5091591,29a0d04b718de891655a9a5e37d94cc4,392018000,31,DNA,1000,392018,true,0.8260921461418083,0.9574190088456034,0.8917555774937058,0.9574190088456034,2119,4277885,6678089
1049000,0.002675897535317256,0.2885292047853624,0.002091740685376692,0.0003363237596863414,2.7390243902439027,2.0,3.031974165600448,signatures/b360934fe95900ffb5187fc82adb06fd.sig.gz,"GCF_003477705.1 Dorea sp. AF36-15AT strain=AF36-15AT, ASM347770v1",b360934fe95900ffb5187fc82adb06fd,0.36910626319493317,820000,91,225859000,/nfs3_ib/nfs-ip34/home/def-ilafores/analysis/MethodsComparison/Feces_RA/preproc/SRR5091591/SRR5091591_unmatched_2.fastq,SRR5091591,29a0d04b718de891655a9a5e37d94cc4,392018000,31,DNA,1000,392018,true,0.8260667552640281,0.9683606703636507,0.8972137128138393,0.9683606703636507,2246,4280131,6678089
1962000,0.005004872225254963,0.2352428031404478,0.002063680749353346,0.000331531969699715,2.7367119901112487,2.0,13.372245839090745,signatures/2648477d04c51d508c027ea6c27bf3b2.sig.gz,"GCF_009494135.1 Prevotella copri strain=iAK278, ASM949413v1",2648477d04c51d508c027ea6c27bf3b2,0.5705146845013085,809000,92,225050000,/nfs3_ib/nfs-ip34/home/def-ilafores/analysis/MethodsComparison/Feces_RA/preproc/SRR5091591/SRR5091591_unmatched_2.fastq,SRR5091591,29a0d04b718de891655a9a5e37d94cc4,392018000,31,DNA,1000,392018,true,0.8429209943276837,0.9820591346257886,0.9124900644767362,0.9820591346257886,2214,4282345,6678089
920000,0.002346831012861654,0.3572093023255814,0.0019590937150845114,0.0003298847918918122,2.8684895833333335,2.0,2.7650434765071656,signatures/d0815745ffe021a1fc84e0109d9a56a5.sig.gz,"GCA_900544615.1 uncultured Oscillibacter sp., UMGS683",d0815745ffe021a1fc84e0109d9a56a5,0.42790697674418604,768000,93,224282000,/nfs3_ib/nfs-ip34/home/def-ilafores/analysis/MethodsComparison/Feces_RA/preproc/SRR5091591/SRR5091591_unmatched_2.fastq,SRR5091591,29a0d04b718de891655a9a5e37d94cc4,392018000,31,DNA,1000,392018,true,0.8225775128836722,0.972989254674244,0.8977833837789582,0.972989254674244,2203,4284548,6678089
780000,0.001989704554382707,0.34800550206327374,0.0019361355856108648,0.00024333308525837256,2.1409749670619234,2.0,1.6369883328065877,signatures/7b84dbbb3f681c53d36cf76d788fd1fa.sig.gz,"GCA_020555865.1 bacterium 210917-DFI.7.65 strain=DFI.7.65, ASM2055586v1",7b84dbbb3f681c53d36cf76d788fd1fa,0.3576341127922971,759000,94,223523000,/nfs3_ib/nfs-ip34/home/def-ilafores/analysis/MethodsComparison/Feces_RA/preproc/SRR5091591/SRR5091591_unmatched_2.fastq,SRR5091591,29a0d04b718de891655a9a5e37d94cc4,392018000,31,DNA,1000,392018,true,0.818208803923968,0.9673748769442577,0.8927918404341129,0.9673748769442577,1625,4286173,6678089
982000,0.002504987015902331,0.2193135543920884,0.0019233810692366167,0.00027882227984682445,2.4694960212201593,2.0,3.138660784983577,signatures/6d52f6d5746cd08db0364ff5d7023f3e.sig.gz,"GCF_000469345.1 Eubacterium ramulus ATCC 29099 strain=ATCC 29099, ASM46934v1",6d52f6d5746cd08db0364ff5d7023f3e,0.285631180919139,754000,95,222769000,/nfs3_ib/nfs-ip34/home/def-ilafores/analysis/MethodsComparison/Feces_RA/preproc/SRR5091591/SRR5091591_unmatched_2.fastq,SRR5091591,29a0d04b718de891655a9a5e37d94cc4,392018000,31,DNA,1000,392018,true,0.8243098687866213,0.9603849427839837,0.8923474057853025,0.9603849427839837,1862,4288035,6678089
2072000,0.0052854715854884216,0.16935667197090248,0.00190042293976297,0.0014836579746092032,13.299328859060402,6.0,19.764867810070715,signatures/6bae471e5a4f273d83204d975d3e2077.sig.gz,"GCA_019417795.1 Clostridiales bacterium, ASM1941779v1",6bae471e5a4f273d83204d975d3e2077,0.4710161400318254,745000,96,222024000,/nfs3_ib/nfs-ip34/home/def-ilafores/analysis/MethodsComparison/Feces_RA/preproc/SRR5091591/SRR5091591_unmatched_2.fastq,SRR5091591,29a0d04b718de891655a9a5e37d94cc4,392018000,31,DNA,1000,392018,true,0.8444055681701207,0.9760066290041549,0.9102060985871379,0.9760066290041549,9908,4297943,6678089
745000,0.00190042293976297,0.369727047146402,0.00190042293976297,0.0003059258419586801,2.742281879194631,2.0,2.0485772181030186,signatures/f196c6906a5ba22b5ea575c042c2270d.sig.gz,"GCA_905205995.1 uncultured Haemophilus sp., ERR1430443-mag-bin.35",f196c6906a5ba22b5ea575c042c2270d,0.369727047146402,745000,97,221279000,/nfs3_ib/nfs-ip34/home/def-ilafores/analysis/MethodsComparison/Feces_RA/preproc/SRR5091591/SRR5091591_unmatched_2.fastq,SRR5091591,29a0d04b718de891655a9a5e37d94cc4,392018000,31,DNA,1000,392018,true,0.8169979677830227,0.9684131645648137,0.8927055661739183,0.9684131645648137,2043,4299986,6678089
773000,0.0019718482314587597,0.21146732429099876,0.0017499196465468423,0.0002485741055562452,2.4198250728862973,2.0,2.1956391908237047,signatures/f5b8118b5c8d1cd71ab0f4ec367c387c.sig.gz,"GCF_009696065.1 Lachnospiraceae bacterium BSM-380-WT-5A strain=BSM-380-WT-5A, ASM969606v1",f5b8118b5c8d1cd71ab0f4ec367c387c,0.23828606658446363,686000,98,220593000,/nfs3_ib/nfs-ip34/home/def-ilafores/analysis/MethodsComparison/Feces_RA/preproc/SRR5091591/SRR5091591_unmatched_2.fastq,SRR5091591,29a0d04b718de891655a9a5e37d94cc4,392018000,31,DNA,1000,392018,true,0.8179709015202442,0.9547868039357087,0.8863788527279765,0.9547868039357087,1660,4301646,6678089
717000,0.0018289976480671806,0.2777777777777778,0.0017218597105234964,0.00022835874155016503,2.259259259259259,2.0,3.0896792664970407,signatures/4a7e38e0e3592b1aa463e455740ac3a1.sig.gz,"GCA_004000625.1 Candidatus Cibiobacter qucibialis, ASM400062v1",4a7e38e0e3592b1aa463e455740ac3a1,0.29506172839506173,675000,99,219918000,/nfs3_ib/nfs-ip34/home/def-ilafores/analysis/MethodsComparison/Feces_RA/preproc/SRR5091591/SRR5091591_unmatched_2.fastq,SRR5091591,29a0d04b718de891655a9a5e37d94cc4,392018000,31,DNA,1000,392018,true,0.815988982733841,0.9613918043621656,0.8886903935480033,0.9613918043621656,1525,4303171,6678089
674000,0.0017193088072486467,0.24765829898838515,0.0016861470646756017,0.00021218645034530088,2.1437216338880485,2.0,1.5151012132878316,signatures/77570cb1188a2147959b27003864417e.sig.gz,"GCA_000437755.1 Roseburia sp. CAG:303, MGS303",77570cb1188a2147959b27003864417e,0.25252903709254404,661000,100,219257000,/nfs3_ib/nfs-ip34/home/def-ilafores/analysis/MethodsComparison/Feces_RA/preproc/SRR5091591/SRR5091591_unmatched_2.fastq,SRR5091591,29a0d04b718de891655a9a5e37d94cc4,392018000,31,DNA,1000,392018,true,0.8143626882935412,0.9565765278334115,0.8854696080634763,0.9565765278334115,1417,4304588,6678089
1021000,0.0026044722436214664,0.1698063840920984,0.0016555362253774062,0.0002457289802516858,2.5285053929121726,2.0,5.646729237261032,signatures/64c92f3615ac2583ea3c674ebd236b2f.sig.gz,"GCF_009494395.1 Prevotella copri strain=iA622, ASM949439v1",64c92f3615ac2583ea3c674ebd236b2f,0.26713762428048143,649000,101,218608000,/nfs3_ib/nfs-ip34/home/def-ilafores/analysis/MethodsComparison/Feces_RA/preproc/SRR5091591/SRR5091591_unmatched_2.fastq,SRR5091591,29a0d04b718de891655a9a5e37d94cc4,392018000,31,DNA,1000,392018,true,0.8253461322572241,0.9583134478245737,0.8918297900408989,0.9583134478245737,1641,4306229,6678089
893000,0.0022779566244407147,0.15312273932963588,0.0016198235795295115,0.0018619098966785258,19.581102362204724,2.0,64.93973673074763,signatures/9216287e15b5df82656d9407b3ab0a7c.sig.gz,"GCA_025146565.1 Bacteroides eggerthii strain=DSM 20697, ASM2514656v1",9216287e15b5df82656d9407b3ab0a7c,0.21533638775018085,635000,102,217973000,/nfs3_ib/nfs-ip34/home/def-ilafores/analysis/MethodsComparison/Feces_RA/preproc/SRR5091591/SRR5091591_unmatched_2.fastq,SRR5091591,29a0d04b718de891655a9a5e37d94cc4,392018000,31,DNA,1000,392018,true,0.8217874992792991,0.9516728044144037,0.8867301518468513,0.9516728044144037,12434,4318663,6678089
615000,0.001568805514032519,0.21329541414859582,0.0015305419649097745,0.00018059058512098297,2.01,1.0,2.733111779638734,signatures/b69c557c70b05f221753839e76da2c17.sig.gz,"GCA_025144665.1 Alistipes ihumii AP11 strain=AP11, ASM2514466v1",b69c557c70b05f221753839e76da2c17,0.2186277995023107,600000,103,217373000,/nfs3_ib/nfs-ip34/home/def-ilafores/analysis/MethodsComparison/Feces_RA/preproc/SRR5091591/SRR5091591_unmatched_2.fastq,SRR5091591,29a0d04b718de891655a9a5e37d94cc4,392018000,31,DNA,1000,392018,true,0.8119597241003725,0.9521386037606884,0.8820491639305305,0.9521386037606884,1206,4319869,6678089
596000,0.001520338351810376,0.265625,0.0015177874485355265,0.00014674856834043392,1.6470588235294117,1.0,1.130094331558417,signatures/4a2b47d34bd15d9d4bd0eea00bcee953.sig.gz,"GCF_000196555.1 Bifidobacterium longum subsp. longum JCM 1217 strain=JCM 1217, ASM19655v1",4a2b47d34bd15d9d4bd0eea00bcee953,0.26607142857142857,595000,104,216778000,/nfs3_ib/nfs-ip34/home/def-ilafores/analysis/MethodsComparison/Feces_RA/preproc/SRR5091591/SRR5091591_unmatched_2.fastq,SRR5091591,29a0d04b718de891655a9a5e37d94cc4,392018000,31,DNA,1000,392018,true,0.8111381852905891,0.9581898280730295,0.8846640066818093,0.9581898280730295,980,4320849,6678089
1030000,0.002627430373095113,0.14556803995006243,0.001487176609237331,0.00025141923086080466,2.8799313893653515,1.0,5.041780022263094,signatures/2a410b832a719fa88b97ddf5d0e066c5.sig.gz,"GCF_003461245.1 Blautia sp. AF19-10LB strain=AF19-10LB, ASM346124v1",2a410b832a719fa88b97ddf5d0e066c5,0.2571785268414482,583000,105,216195000,/nfs3_ib/nfs-ip34/home/def-ilafores/analysis/MethodsComparison/Feces_RA/preproc/SRR5091591/SRR5091591_unmatched_2.fastq,SRR5091591,29a0d04b718de891655a9a5e37d94cc4,392018000,31,DNA,1000,392018,true,0.8255798251668457,0.9571396622711404,0.8913597437189931,0.9571396622711404,1679,4322528,6678089
866000,0.0022090822360197747,0.15905245346869712,0.0014387094470151881,0.0002377925780863358,2.8156028368794326,1.0,4.858060256860009,signatures/b8d3f514d7d818938cf2ce27cdd0353c.sig.gz,"GCA_003481005.1 Firmicutes bacterium TM09-10 strain=TM09-10, ASM348100v1",b8d3f514d7d818938cf2ce27cdd0353c,0.24421883812746756,564000,106,215631000,/nfs3_ib/nfs-ip34/home/def-ilafores/analysis/MethodsComparison/Feces_RA/preproc/SRR5091591/SRR5091591_unmatched_2.fastq,SRR5091591,29a0d04b718de891655a9a5e37d94cc4,392018000,31,DNA,1000,392018,true,0.820974023120776,0.9555445518821623,0.8882592875014692,0.9555445518821623,1588,4324116,6678089
889000,0.002267753011341316,0.16491754122938532,0.0014029968011672934,0.00021293516753071126,2.5854545454545454,2.0,3.2745530260878604,signatures/853f171c0393206ce274892b71b6f556.sig.gz,"GCF_900209925.1 Anaerobutyricum hallii, EH1",853f171c0393206ce274892b71b6f556,0.26656671664167914,550000,107,215081000,/nfs3_ib/nfs-ip34/home/def-ilafores/analysis/MethodsComparison/Feces_RA/preproc/SRR5091591/SRR5091591_unmatched_2.fastq,SRR5091591,29a0d04b718de891655a9a5e37d94cc4,392018000,31,DNA,1000,392018,true,0.8216684986091402,0.9582473136126353,0.8899579061108878,0.9582473136126353,1422,4325538,6678089
2454000,0.006259916636480978,0.06670792079207921,0.0013749368651439474,0.002935570340557007,36.37105751391466,31.0,70.70834014749697,signatures/6672ed00a5e62028f3d25099a8b409db.sig.gz,"GCA_900761785.1 uncultured Bacteroides sp., SRS098827_17",6672ed00a5e62028f3d25099a8b409db,0.3037128712871287,539000,108,214542000,/nfs3_ib/nfs-ip34/home/def-ilafores/analysis/MethodsComparison/Feces_RA/preproc/SRR5091591/SRR5091591_unmatched_2.fastq,SRR5091591,29a0d04b718de891655a9a5e37d94cc4,392018000,31,DNA,1000,392018,true,0.8490271263114324,0.9622884307081863,0.9056577785098093,0.9622884307081863,19604,4345142,6678089
1431000,0.0036503425863098123,0.07382643822259367,0.001351978735670301,0.001133557818711311,14.283018867924529,4.0,39.93521988311635,signatures/987057f8f58832de97baec421bf869c2.sig.gz,"GCA_900557355.1 uncultured Bacteroides sp., UMGS2042",987057f8f58832de97baec421bf869c2,0.19933138320100294,530000,109,214012000,/nfs3_ib/nfs-ip34/home/def-ilafores/analysis/MethodsComparison/Feces_RA/preproc/SRR5091591/SRR5091591_unmatched_2.fastq,SRR5091591,29a0d04b718de891655a9a5e37d94cc4,392018000,31,DNA,1000,392018,true,0.8343832954155178,0.949304778785346,0.8918440371004319,0.949304778785346,7570,4352712,6678089
555000,0.0014157513175415415,0.24305555555555555,0.0013392242192960526,0.00018014135480973675,2.2914285714285714,2.0,2.6223985489737935,signatures/4a1943cef878ce8b6d6625ec2358cbd9.sig.gz,"GCA_003525905.1 Clostridiales bacterium, ASM352590v1",4a1943cef878ce8b6d6625ec2358cbd9,0.2569444444444444,525000,110,213487000,/nfs3_ib/nfs-ip34/home/def-ilafores/analysis/MethodsComparison/Feces_RA/preproc/SRR5091591/SRR5091591_unmatched_2.fastq,SRR5091591,29a0d04b718de891655a9a5e37d94cc4,392018000,31,DNA,1000,392018,true,0.809275427794392,0.9571115472112172,0.8831934875028046,0.9571115472112172,1203,4353915,6678089
559000,0.0014259549306409399,0.14543339150668994,0.001275451637424812,0.012317745390934443,164.518,2.0,269.316827688134,signatures/1275c6492572d77c9e61dd4c70260ff4.sig.gz,"GCF_000296465.1 Barnesiella intestinihominis YIT 11860 strain=YIT 11860, Barn_inte_YIT_11860_V1",1275c6492572d77c9e61dd4c70260ff4,0.16259453170447935,500000,111,212987000,/nfs3_ib/nfs-ip34/home/def-ilafores/analysis/MethodsComparison/Feces_RA/preproc/SRR5091591/SRR5091591_unmatched_2.fastq,SRR5091591,29a0d04b718de891655a9a5e37d94cc4,392018000,31,DNA,1000,392018,true,0.8094629236304918,0.9430870999287535,0.8762750117796226,0.9430870999287535,82259,4436174,6678089
1422000,0.0036273844568361657,0.14927623642943305,0.001262697121050564,0.0002297064324839037,3.098989898989899,2.0,4.2867306406813785,signatures/2023c0f479da06b35c0c857a2d652a0d.sig.gz,"GCF_003480435.1 Clostridium sp. AM30-24 strain=AM30-24, ASM348043v1",2023c0f479da06b35c0c857a2d652a0d,0.42882991556091676,495000,112,212492000,/nfs3_ib/nfs-ip34/home/def-ilafores/analysis/MethodsComparison/Feces_RA/preproc/SRR5091591/SRR5091591_unmatched_2.fastq,SRR5091591,29a0d04b718de891655a9a5e37d94cc4,392018000,31,DNA,1000,392018,true,0.8342134976825072,0.9730568811957488,0.903635189439128,0.9730568811957488,1534,4437708,6678089
1226000,0.003127407414965639,0.11807580174927114,0.0012397389915769174,0.0003486027215270716,4.790123456790123,2.0,8.603592009039568,signatures/06f53d8a347ef84d19961ba77261cd81.sig.gz,"GCF_003471165.1 Ruminococcus sp. AM22-13 strain=AM22-13, ASM347116v1",06f53d8a347ef84d19961ba77261cd81,0.2978620019436346,486000,113,212006000,/nfs3_ib/nfs-ip34/home/def-ilafores/analysis/MethodsComparison/Feces_RA/preproc/SRR5091591/SRR5091591_unmatched_2.fastq,SRR5091591,29a0d04b718de891655a9a5e37d94cc4,392018000,31,DNA,1000,392018,true,0.8302320577118549,0.9616847855522306,0.8959584216320428,0.9616847855522306,2328,4440036,6678089
685000,0.0017473687432719926,0.16928446771378708,0.0012371880883020677,0.00021712798376900938,2.9896907216494846,2.0,5.065946233879026,signatures/5998c1d4c3c14df80fd6cff6ba682767.sig.gz,"GCA_003096535.1 Agathobaculum butyriciproducens strain=DSM 100391, ASM309653v1",5998c1d4c3c14df80fd6cff6ba682767,0.23909249563699825,485000,114,211521000,/nfs3_ib/nfs-ip34/home/def-ilafores/analysis/MethodsComparison/Feces_RA/preproc/SRR5091591/SRR5091591_unmatched_2.fastq,SRR5091591,29a0d04b718de891655a9a5e37d94cc4,392018000,31,DNA,1000,392018,true,0.8147880734047295,0.9548908683016581,0.8848394708531938,0.9548908683016581,1450,4441486,6678089
557000,0.0014208531240912407,0.16574394463667821,0.00122188266865297,0.0001522890755124707,2.1231732776617953,1.0,2.5348233444386987,signatures/9ee09286a7c78e2623fa97d108d040e5.sig.gz,"GCA_018223375.1 Clostridiaceae bacterium Marseille-Q3526 strain=Marseille-Q3526, ASM1822337v1",9ee09286a7c78e2623fa97d108d040e5,0.19273356401384084,479000,115,211042000,/nfs3_ib/nfs-ip34/home/def-ilafores/analysis/MethodsComparison/Feces_RA/preproc/SRR5091591/SRR5091591_unmatched_2.fastq,SRR5091591,29a0d04b718de891655a9a5e37d94cc4,392018000,31,DNA,1000,392018,true,0.8093693385921361,0.9482745786412614,0.8788219586166988,0.9482745786412614,1017,4442503,6678089
703000,0.0017932850022192859,0.13996372430471585,0.001181068216255376,0.00016621521516110372,2.3974082073434126,2.0,3.392558522090277,signatures/734d3c18fdd70831e0f3f353c0419644.sig.gz,"GCA_018228645.1 Clostridiaceae bacterium Marseille-Q4143 strain=Marseille-Q4143, ASM1822864v1",734d3c18fdd70831e0f3f353c0419644,0.21251511487303507,463000,116,210579000,/nfs3_ib/nfs-ip34/home/def-ilafores/analysis/MethodsComparison/Feces_RA/preproc/SRR5091591/SRR5091591_unmatched_2.fastq,SRR5091591,29a0d04b718de891655a9a5e37d94cc4,392018000,31,DNA,1000,392018,true,0.8154701011686472,0.9512680217449736,0.8833690614568104,0.9512680217449736,1110,4443613,6678089
457000,0.0011657627966062782,0.3069577080491132,0.001147906473682331,0.0001498931805191575,2.2244444444444444,2.0,1.5350216148395743,signatures/5b99fec61aae4bdd58e899db6583881a.sig.gz,"GCA_000438255.1 Clostridium sp. CAG:389, MGS389",5b99fec61aae4bdd58e899db6583881a,0.3117326057298772,450000,117,210129000,/nfs3_ib/nfs-ip34/home/def-ilafores/analysis/MethodsComparison/Feces_RA/preproc/SRR5091591/SRR5091591_unmatched_2.fastq,SRR5091591,29a0d04b718de891655a9a5e37d94cc4,392018000,31,DNA,1000,392018,true,0.8042193574539881,0.9630978082143868,0.8836585828341874,0.9630978082143868,1001,4444614,6678089
840000,0.0021427587508736842,0.11788185204896222,0.0011300501507583835,0.00011979474966566034,1.8058690744920993,1.0,2.1180215332626244,signatures/9fb1a0e9e5b9105badec4d5b913f28ac.sig.gz,"GCF_002224675.1 Prevotella copri strain=Indica, ASM222467v1",9fb1a0e9e5b9105badec4d5b913f28ac,0.22352315061202768,443000,118,209686000,/nfs3_ib/nfs-ip34/home/def-ilafores/analysis/MethodsComparison/Feces_RA/preproc/SRR5091591/SRR5091591_unmatched_2.fastq,SRR5091591,29a0d04b718de891655a9a5e37d94cc4,392018000,31,DNA,1000,392018,true,0.820167137162613,0.9528189886030015,0.8864930628828073,0.9528189886030015,800,4445414,6678089
739000,0.0018851175201138723,0.15354470965443534,0.001099439311460188,0.00015648189175076883,2.4245939675174015,2.0,2.5384739299709707,signatures/206d87ad2132d97a779f4544c9be4248.sig.gz,"GCF_014287875.1 Flintibacter sp. BX5 strain=BX5, ASM1428787v1",206d87ad2132d97a779f4544c9be4248,0.2632703954399715,431000,119,209255000,/nfs3_ib/nfs-ip34/home/def-ilafores/analysis/MethodsComparison/Feces_RA/preproc/SRR5091591/SRR5091591_unmatched_2.fastq,SRR5091591,29a0d04b718de891655a9a5e37d94cc4,392018000,31,DNA,1000,392018,true,0.8167848830411661,0.9578627647707484,0.8873238239059573,0.9578627647707484,1045,4446459,6678089
439000,0.0011198465376589851,0.1807382265591854,0.0010866847950859399,0.00014824600271125466,2.323943661971831,2.0,1.6904146883005575,signatures/c24116b7c37cdfb47a97c76fd4469850.sig.gz,"GCA_902363875.1 Coriobacteriaceae bacterium, MGYG-HGUT-00158",c24116b7c37cdfb47a97c76fd4469850,0.1862537123462028,426000,120,208829000,/nfs3_ib/nfs-ip34/home/def-ilafores/analysis/MethodsComparison/Feces_RA/preproc/SRR5091591/SRR5091591_unmatched_2.fastq,SRR5091591,29a0d04b718de891655a9a5e37d94cc4,392018000,31,DNA,1000,392018,true,0.8031775575679352,0.9472290266420879,0.8752032921050115,0.9472290266420879,990,4447449,6678089
783000,0.001997357264207256,0.1206896551724138,0.0010713793754368421,0.00016007573424073863,2.545238095238095,1.0,4.300647923552712,signatures/973528e45f46317bdf684a7aee9fd592.sig.gz,"GCF_003122485.1 Eubacterium ramulus strain=21, ASM312248v1",973528e45f46317bdf684a7aee9fd592,0.225,420000,121,208409000,/nfs3_ib/nfs-ip34/home/def-ilafores/analysis/MethodsComparison/Feces_RA/preproc/SRR5091591/SRR5091591_unmatched_2.fastq,SRR5091591,29a0d04b718de891655a9a5e37d94cc4,392018000,31,DNA,1000,392018,true,0.8183101302159451,0.9530214199421372,0.8856657750790411,0.9530214199421372,1069,4448518,6678089
838000,0.0021376569443239853,0.11748251748251748,0.0010713793754368421,0.00015019266739332165,2.388095238095238,1.0,3.9598402072710175,signatures/6fb5d9fae55cc8ecb2a67f82352fb7a7.sig.gz,"GCA_025147765.1 Blautia obeum ATCC 29174 strain=ATCC 29174, ASM2514776v1",6fb5d9fae55cc8ecb2a67f82352fb7a7,0.23440559440559441,420000,122,207989000,/nfs3_ib/nfs-ip34/home/def-ilafores/analysis/MethodsComparison/Feces_RA/preproc/SRR5091591/SRR5091591_unmatched_2.fastq,SRR5091591,29a0d04b718de891655a9a5e37d94cc4,392018000,31,DNA,1000,392018,true,0.8201040716089704,0.9542812399910615,0.8871926558000159,0.9542812399910615,1003,4449521,6678089
578000,0.0014744220928630829,0.08689057421451787,0.0010229122132146993,0.0001096121959440792,1.825436408977556,1.0,1.2331462797264017,signatures/477c9a9d49789ac7255f0e28b6dda3b6.sig.gz,"GCF_001729745.1 Enterobacter hormaechei subsp. hoffmannii strain=DSM 14563, ASM172974v1",477c9a9d49789ac7255f0e28b6dda3b6,0.12524377031419284,401000,123,207588000,/nfs3_ib/nfs-ip34/home/def-ilafores/analysis/MethodsComparison/Feces_RA/preproc/SRR5091591/SRR5091591_unmatched_2.fastq,SRR5091591,29a0d04b718de891655a9a5e37d94cc4,392018000,31,DNA,1000,392018,true,0.8103361623411857,0.93518032044014,0.8727582413906628,0.93518032044014,732,4450253,6678089
579000,0.0014769729961379323,0.13044936284372904,0.0009923013739165038,0.0001175485981094292,2.017994858611825,1.0,4.755425540574998,signatures/202b4a96ab763ae8b9d9aa34459e999a.sig.gz,"GCF_009680455.1 Lachnospira eligens strain=BIOML-A1, ASM968045v1",202b4a96ab763ae8b9d9aa34459e999a,0.19416498993963782,389000,124,207199000,/nfs3_ib/nfs-ip34/home/def-ilafores/analysis/MethodsComparison/Feces_RA/preproc/SRR5091591/SRR5091591_unmatched_2.fastq,SRR5091591,29a0d04b718de891655a9a5e37d94cc4,392018000,31,DNA,1000,392018,true,0.8103813492236881,0.948500953398026,0.8794411513108571,0.948500953398026,785,4451038,6678089
756000,0.0019284828757863159,0.10603990161246242,0.0009897504706416543,0.00018448391448511693,3.1752577319587627,1.0,7.440499802077026,signatures/cc3f4e6331ad6004e2e014363ff7b343.sig.gz,"GCA_902362725.1 Clostridiaceae bacterium, MGYG-HGUT-00051",cc3f4e6331ad6004e2e014363ff7b343,0.2066138289150041,388000,125,206811000,/nfs3_ib/nfs-ip34/home/def-ilafores/analysis/MethodsComparison/Feces_RA/preproc/SRR5091591/SRR5091591_unmatched_2.fastq,SRR5091591,29a0d04b718de891655a9a5e37d94cc4,392018000,31,DNA,1000,392018,true,0.8173843451865777,0.9504042447027221,0.8838942949446499,0.9504042447027221,1232,4452270,6678089
955000,0.0024361126274813913,0.1020949350304959,0.0009820977608171054,0.001439483660669991,24.96883116883117,24.0,18.533621675216825,signatures/fd614f4c3446e179c3d28955006b19b2.sig.gz,"GCF_000205165.1 Paraprevotella xylaniphila YIT 11841 strain=YIT 11841, ASM20516v1",fd614f4c3446e179c3d28955006b19b2,0.2532484752055158,385000,126,206426000,/nfs3_ib/nfs-ip34/home/def-ilafores/analysis/MethodsComparison/Feces_RA/preproc/SRR5091591/SRR5091591_unmatched_2.fastq,SRR5091591,29a0d04b718de891655a9a5e37d94cc4,392018000,31,DNA,1000,392018,true,0.8235688558381428,0.956664317251024,0.8901165865445834,0.956664317251024,9613,4461883,6678089
487000,0.001242289894851767,0.060109289617486336,0.0009820977608171054,0.00012219064465897355,2.1194805194805193,1.0,4.487357101470084,signatures/77a5975adbf3dbbc2be7beba4b4c4989.sig.gz,"GCF_000233455.1 [Clostridium] citroniae WAL-17108 strain=WAL-17108, Clos_citr_WAL_17108_V1",77a5975adbf3dbbc2be7beba4b4c4989,0.0760343481654957,385000,127,206041000,/nfs3_ib/nfs-ip34/home/def-ilafores/analysis/MethodsComparison/Feces_RA/preproc/SRR5091591/SRR5091591_unmatched_2.fastq,SRR5091591,29a0d04b718de891655a9a5e37d94cc4,392018000,31,DNA,1000,392018,true,0.8058704970661452,0.9202451617883975,0.8630578294272714,0.9202451617883975,816,4462699,6678089
3485000,0.00888989791285094,0.0935233808452113,0.0009540378247937595,0.00646756879101192,115.48395721925134,119.5,39.029928313110084,signatures/368314a9cda1fb73c39f56f1ff8da594.sig.gz,"GCA_900760795.1 Bacteroidaceae bacterium, SRS021948_34",368314a9cda1fb73c39f56f1ff8da594,0.8714678669667417,374000,128,205667000,/nfs3_ib/nfs-ip34/home/def-ilafores/analysis/MethodsComparison/Feces_RA/preproc/SRR5091591/SRR5091591_unmatched_2.fastq,SRR5091591,29a0d04b718de891655a9a5e37d94cc4,392018000,31,DNA,1000,392018,true,0.8586879723986365,0.9955718884264492,0.9271299304125429,0.9955718884264492,43191,4505890,6678089
618000,0.0015764582238570678,0.10303867403314917,0.0009514869215189099,0.0001657659848498575,2.967828418230563,1.0,11.777382552513695,signatures/74059216b7cd65a7ff314267c1b83b8e.sig.gz,"GCF_005121165.3 Dysosmobacter welbionis strain=J115, ASM512116v3",74059216b7cd65a7ff314267c1b83b8e,0.1707182320441989,373000,129,205294000,/nfs3_ib/nfs-ip34/home/def-ilafores/analysis/MethodsComparison/Feces_RA/preproc/SRR5091591/SRR5091591_unmatched_2.fastq,SRR5091591,29a0d04b718de891655a9a5e37d94cc4,392018000,31,DNA,1000,392018,true,0.812087190556387,0.9445714954419226,0.8783293429991548,0.9445714954419226,1107,4506997,6678089
1175000,0.0029973113479483085,0.0833140476741495,0.0009183251789458647,0.0009936974484766525,18.433333333333334,1.0,33.08727516399286,signatures/4fede25466357d8494c5b32e1ffd6afe.sig.gz,"GCF_000187895.1 Bacteroides plebeius DSM 17135 strain=DSM 17135, ASM18789v1",4fede25466357d8494c5b32e1ffd6afe,0.27192779449201576,360000,130,204934000,/nfs3_ib/nfs-ip34/home/def-ilafores/analysis/MethodsComparison/Feces_RA/preproc/SRR5091591/SRR5091591_unmatched_2.fastq,SRR5091591,29a0d04b718de891655a9a5e37d94cc4,392018000,31,DNA,1000,392018,true,0.8290949187064269,0.9588630156353817,0.8939789671709043,0.9588630156353817,6636,4513633,6678089
362000,0.0009234269854955639,0.16489607390300232,0.0009106724691213159,0.00010392194533496035,1.9439775910364145,1.0,1.6794019475571123,signatures/6070a97e5d6a86cc1be7634d1bb496e7.sig.gz,"GCA_934256695.1 uncultured Eubacteriales bacterium, ERR7746688_bin.312",6070a97e5d6a86cc1be7634d1bb496e7,0.1672055427251732,357000,131,204577000,/nfs3_ib/nfs-ip34/home/def-ilafores/analysis/MethodsComparison/Feces_RA/preproc/SRR5091591/SRR5091591_unmatched_2.fastq,SRR5091591,29a0d04b718de891655a9a5e37d94cc4,392018000,31,DNA,1000,392018,true,0.798196391452366,0.9439382178102996,0.8710673046313329,0.9439382178102996,694,4514327,6678089
1349000,0.003441168517772143,0.08236927348449792,0.0009081215658464663,0.0017109685120997938,32.09550561797753,27.0,35.76785139316697,signatures/284259e70e0364cec13b6b5c7e16db9f.sig.gz,"GCF_004793765.1 Parabacteroides distasonis strain=NM39_I3, ASM479376v1",284259e70e0364cec13b6b5c7e16db9f,0.3121240166589542,356000,132,204221000,/nfs3_ib/nfs-ip34/home/def-ilafores/analysis/MethodsComparison/Feces_RA/preproc/SRR5091591/SRR5091591_unmatched_2.fastq,SRR5091591,29a0d04b718de891655a9a5e37d94cc4,392018000,31,DNA,1000,392018,true,0.8327965192322232,0.9631367930494703,0.8979666561408468,0.9631367930494703,11426,4525753,6678089
742000,0.0018927702299384212,0.09763917225298746,0.0008545525970746241,0.00017714648606809524,3.5313432835820895,2.0,4.586619375974728,signatures/8d6533932a9329431a562a008a9885c3.sig.gz,"GCF_014297355.1 Blautia sp. 2744 strain=2744, ASM1429735v1",8d6533932a9329431a562a008a9885c3,0.21626348003497523,335000,133,203886000,/nfs3_ib/nfs-ip34/home/def-ilafores/analysis/MethodsComparison/Feces_RA/preproc/SRR5091591/SRR5091591_unmatched_2.fastq,SRR5091591,29a0d04b718de891655a9a5e37d94cc4,392018000,31,DNA,1000,392018,true,0.8168916338470112,0.9518046994306982,0.8843481666388547,0.9518046994306982,1183,4526936,6678089
458000,0.001168313699881128,0.05920114122681883,0.0008468998872500753,0.00006528813856778488,1.3132530120481927,1.0,0.8562697306617547,signatures/e4c612e9ea6fe7869b7583a2f7df7037.sig.gz,"GCF_002075345.1 Citrobacter braakii strain=ATCC 51113, ASM207534v1",e4c612e9ea6fe7869b7583a2f7df7037,0.08166904422253923,332000,134,203554000,/nfs3_ib/nfs-ip34/home/def-ilafores/analysis/MethodsComparison/Feces_RA/preproc/SRR5091591/SRR5091591_unmatched_2.fastq,SRR5091591,29a0d04b718de891655a9a5e37d94cc4,392018000,31,DNA,1000,392018,true,0.8042760645247344,0.9223698102303509,0.8633229373775426,0.9223698102303509,436,4527372,6678089
988000,0.0025202924355514286,0.06872635561160151,0.0008341453708758271,0.00015947676049241034,3.256880733944954,3.0,2.6175262140403586,signatures/3e5892a57a7a64d24a3fe971c7892e95.sig.gz,"GCF_004211955.1 Escherichia sp. E1V33 strain=E1V33, ASM421195v1",3e5892a57a7a64d24a3fe971c7892e95,0.20765027322404372,327000,135,203227000,/nfs3_ib/nfs-ip34/home/def-ilafores/analysis/MethodsComparison/Feces_RA/preproc/SRR5091591/SRR5091591_unmatched_2.fastq,SRR5091591,29a0d04b718de891655a9a5e37d94cc4,392018000,31,DNA,1000,392018,true,0.8244718586494313,0.9505576644616435,0.8875147615555374,0.9505576644616435,1065,4528437,6678089
330000,0.000841798080700376,0.1956124314442413,0.0008188399512267294,0.00009793220785167733,2.0373831775700935,2.0,1.8857982121077161,signatures/9823363955485f79b3d9942d5048f058.sig.gz,"GCA_900757025.1 Clostridia bacterium, ERS537280_49",9823363955485f79b3d9942d5048f058,0.20109689213893966,321000,136,202906000,/nfs3_ib/nfs-ip34/home/def-ilafores/analysis/MethodsComparison/Feces_RA/preproc/SRR5091591/SRR5091591_unmatched_2.fastq,SRR5091591,29a0d04b718de891655a9a5e37d94cc4,392018000,31,DNA,1000,392018,true,0.7958169026902356,0.949574853382858,0.8726958780365468,0.949574853382858,654,4529091,6678089
1582000,0.004035528980812105,0.06504397627326651,0.0008111872414021805,0.0016822177721800354,35.327044025157235,29.0,32.244544534983,signatures/710cdbb1b39af4ff433ed7fbad6c78ce.sig.gz,"GCF_000614125.1 Bacteroides rodentium JCM 16496 strain=JCM 16496, ASM61412v1",710cdbb1b39af4ff433ed7fbad6c78ce,0.3235835549192064,318000,137,202588000,/nfs3_ib/nfs-ip34/home/def-ilafores/analysis/MethodsComparison/Feces_RA/preproc/SRR5091591/SRR5091591_unmatched_2.fastq,SRR5091591,29a0d04b718de891655a9a5e37d94cc4,392018000,31,DNA,1000,392018,true,0.8370877431376459,0.9642576899075157,0.9006727165225807,0.9642576899075157,11234,4540325,6678089
1287000,0.0032830125147314663,0.09892879647132956,0.000800983628302782,0.0019319898252329372,41.089171974522294,46.5,28.632945212528757,signatures/463a8ff2f26f37a3c67c2a86a64398f8.sig.gz,"GCF_023347235.1 Faecalibacterium sp. I4179 strain=I4179, ASM2334723v1",463a8ff2f26f37a3c67c2a86a64398f8,0.4054820415879017,314000,138,202274000,/nfs3_ib/nfs-ip34/home/def-ilafores/analysis/MethodsComparison/Feces_RA/preproc/SRR5091591/SRR5091591_unmatched_2.fastq,SRR5091591,29a0d04b718de891655a9a5e37d94cc4,392018000,31,DNA,1000,392018,true,0.8315335171619881,0.9713011957117426,0.9014173564368653,0.9713011957117426,12902,4553227,6678089
552000,0.0014080986077169926,0.14279217826284674,0.000800983628302782,0.00010497014939453488,2.232484076433121,2.0,1.7988218564945475,signatures/fbfb9299b266913d2d2b6175ee509a88.sig.gz,"GCF_000191405.1 Haemophilus parainfluenzae ATCC 33392 strain=ATCC 33392, ASM19140v1",fbfb9299b266913d2d2b6175ee509a88,0.25102319236016374,314000,139,201960000,/nfs3_ib/nfs-ip34/home/def-ilafores/analysis/MethodsComparison/Feces_RA/preproc/SRR5091591/SRR5091591_unmatched_2.fastq,SRR5091591,29a0d04b718de891655a9a5e37d94cc4,392018000,31,DNA,1000,392018,true,0.8091339457302764,0.9563919909875066,0.8827629683588916,0.9563919909875066,701,4553928,6678089
311000,0.0007933309184782331,0.20184089414858647,0.0007831273053788346,0.00009418862192462545,2.04885993485342,1.0,1.4214126809965197,signatures/4db2a05ac4d3b408a9cf6843913377eb.sig.gz,"GCA_934845495.1 uncultured bacterium, MTG234_bin.3.fa",4db2a05ac4d3b408a9cf6843913377eb,0.2044707429322814,307000,140,201653000,/nfs3_ib/nfs-ip34/home/def-ilafores/analysis/MethodsComparison/Feces_RA/preproc/SRR5091591/SRR5091591_unmatched_2.fastq,SRR5091591,29a0d04b718de891655a9a5e37d94cc4,392018000,31,DNA,1000,392018,true,0.7942960436714533,0.9500846379196706,0.872190340795562,0.9500846379196706,629,4554557,6678089
611000,0.0015586019009331204,0.0976,0.0007780254988291354,0.00018238750636596787,3.9934426229508198,2.0,5.313757858105386,signatures/d4fd080d293594c8d9ae0a347ac64fa4.sig.gz,"GCF_900167555.1 Gemmiger formicilis strain=ATCC 27749, IMG-taxon 2590828806 annotated assembly",d4fd080d293594c8d9ae0a347ac64fa4,0.19552,305000,141,201348000,/nfs3_ib/nfs-ip34/home/def-ilafores/analysis/MethodsComparison/Feces_RA/preproc/SRR5091591/SRR5091591_unmatched_2.fastq,SRR5091591,29a0d04b718de891655a9a5e37d94cc4,392018000,31,DNA,1000,392018,true,0.8117888295774833,0.9487137601389564,0.8802512948582198,0.9487137601389564,1218,4555775,6678089
448000,0.0011428046671326316,0.14453125,0.0007550673693554888,0.00008804914100426035,1.9864864864864864,1.0,1.6023061357056871,signatures/a3dfec5e883625971d7d60d2b91dc61a.sig.gz,"GCA_900549405.1 uncultured Clostridiales bacterium, UMGS1178",a3dfec5e883625971d7d60d2b91dc61a,0.21875,296000,142,201052000,/nfs3_ib/nfs-ip34/home/def-ilafores/analysis/MethodsComparison/Feces_RA/preproc/SRR5091591/SRR5091591_unmatched_2.fastq,SRR5091591,29a0d04b718de891655a9a5e37d94cc4,392018000,31,DNA,1000,392018,true,0.8037035213284369,0.9521557665803979,0.8779296439544174,0.9521557665803979,588,4556363,6678089
759000,0.0019361355856108648,0.07170827214880078,0.0007474146595309399,0.0006930126268158451,15.795221843003413,1.0,93.5830509090308,signatures/6abb864c2cefd89928042ee90de5be73.sig.gz,"GCF_019249655.1 Prevotella copri strain=HDE06, ASM1924965v1",6abb864c2cefd89928042ee90de5be73,0.18575624082232012,293000,143,200759000,/nfs3_ib/nfs-ip34/home/def-ilafores/analysis/MethodsComparison/Feces_RA/preproc/SRR5091591/SRR5091591_unmatched_2.fastq,SRR5091591,29a0d04b718de891655a9a5e37d94cc4,392018000,31,DNA,1000,392018,true,0.8174887766945012,0.9471473084987109,0.882318042596606,0.9471473084987109,4628,4560991,6678089
403000,0.0010280140197643985,0.12425277540563621,0.0007423128529812406,0.00007876504790517167,1.8075601374570447,1.0,1.2229525532147245,signatures/ba8feb7d981be08683268f1bdab9f4de.sig.gz,"GCA_900553635.1 uncultured Lachnospiraceae bacterium, UMGS1628",ba8feb7d981be08683268f1bdab9f4de,0.17207514944491886,291000,144,200468000,/nfs3_ib/nfs-ip34/home/def-ilafores/analysis/MethodsComparison/Feces_RA/preproc/SRR5091591/SRR5091591_unmatched_2.fastq,SRR5091591,29a0d04b718de891655a9a5e37d94cc4,392018000,31,DNA,1000,392018,true,0.800963770173106,0.9448127535102511,0.8728882618416786,0.9448127535102511,526,4561517,6678089
309000,0.0007882291119285339,0.1498388829215897,0.0007117020136830452,0.00009074452287173771,2.172043010752688,1.0,2.884728008450346,signatures/fed98fe06f36d89d113198957fefae2c.sig.gz,"GCA_900542375.1 uncultured Ruminococcaceae bacterium, UMGS454",fed98fe06f36d89d113198957fefae2c,0.16595059076262084,279000,145,200189000,/nfs3_ib/nfs-ip34/home/def-ilafores/analysis/MethodsComparison/Feces_RA/preproc/SRR5091591/SRR5091591_unmatched_2.fastq,SRR5091591,29a0d04b718de891655a9a5e37d94cc4,392018000,31,DNA,1000,392018,true,0.7941307541499389,0.9437088457878693,0.8689197999689041,0.9437088457878693,606,4562123,6678089
280000,0.0007142529169578948,0.12145390070921985,0.000698947497308797,0.00008640196319635753,2.105839416058394,2.0,1.636636502069481,signatures/1265afef22acb5dca4d04339911de7fe.sig.gz,"GCA_900548125.1 uncultured Clostridiales bacterium, UMGS1056",1265afef22acb5dca4d04339911de7fe,0.12411347517730496,274000,146,199915000,/nfs3_ib/nfs-ip34/home/def-ilafores/analysis/MethodsComparison/Feces_RA/preproc/SRR5091591/SRR5091591_unmatched_2.fastq,SRR5091591,29a0d04b718de891655a9a5e37d94cc4,392018000,31,DNA,1000,392018,true,0.7916101527168375,0.9349068735422257,0.8632585131295316,0.9349068735422257,577,4562700,6678089
1605000,0.004094199756133647,0.07424530867555072,0.0006963965940339474,0.00010811476157325845,2.6446886446886446,1.0,8.368030651889963,signatures/ab06ccd681a71d106b0089740f731e99.sig.gz,"GCA_934191715.1 uncultured Prevotella sp., ERR7738153_bin.18",ab06ccd681a71d106b0089740f731e99,0.4364971444112048,273000,147,199642000,/nfs3_ib/nfs-ip34/home/def-ilafores/analysis/MethodsComparison/Feces_RA/preproc/SRR5091591/SRR5091591_unmatched_2.fastq,SRR5091591,29a0d04b718de891655a9a5e37d94cc4,392018000,31,DNA,1000,392018,true,0.8374775896980922,0.9736132979227552,0.9055454438104237,0.9736132979227552,722,4563422,6678089
569000,0.0014514639633894362,0.09011432414256892,0.0006836420776596993,0.00010227476752705751,2.548507462686567,2.0,2.5817740942663625,signatures/22b0d1fed2b5bad9da7012f02afcaf9f.sig.gz,"GCA_900541315.1 uncultured Clostridium sp., UMGS337",22b0d1fed2b5bad9da7012f02afcaf9f,0.19132481506388702,268000,148,199374000,/nfs3_ib/nfs-ip34/home/def-ilafores/analysis/MethodsComparison/Feces_RA/preproc/SRR5091591/SRR5091591_unmatched_2.fastq,SRR5091591,29a0d04b718de891655a9a5e37d94cc4,392018000,31,DNA,1000,392018,true,0.8099260417233812,0.948050195960912,0.8789881188421467,0.948050195960912,683,4564105,6678089
765000,0.0019514410052599625,0.09394792399718509,0.0006810911743848496,0.00011305629499696694,2.8277153558052435,2.0,2.5233552557444305,signatures/2e1846f271e5a6c1736e89d400b10289.sig.gz,"GCA_025150085.1 Dorea longicatena strain=DSM 13814, ASM2515008v1",2e1846f271e5a6c1736e89d400b10289,0.26917663617171006,267000,149,199107000,/nfs3_ib/nfs-ip34/home/def-ilafores/analysis/MethodsComparison/Feces_RA/preproc/SRR5091591/SRR5091591_unmatched_2.fastq,SRR5091591,29a0d04b718de891655a9a5e37d94cc4,392018000,31,DNA,1000,392018,true,0.8176964467050626,0.9585485364705251,0.8881224915877939,0.9585485364705251,755,4564860,6678089
778000,0.0019846027478330076,0.07225592939878654,0.0006683366580106016,0.0001109598868778179,2.8282442748091605,2.0,3.895226571998098,signatures/c7c1a160793d1ec9d73e128c1ab0fc90.sig.gz,"GCF_003478505.1 Clostridium sp. AF27-2AA strain=AF27-2AA, ASM347850v1",c7c1a160793d1ec9d73e128c1ab0fc90,0.214561500275786,262000,150,198845000,/nfs3_ib/nfs-ip34/home/def-ilafores/analysis/MethodsComparison/Feces_RA/preproc/SRR5091591/SRR5091591_unmatched_2.fastq,SRR5091591,29a0d04b718de891655a9a5e37d94cc4,392018000,31,DNA,1000,392018,true,0.8181410433233159,0.9515621408871956,0.8848515921052558,0.9515621408871956,741,4565601,6678089
366000,0.0009336305985949625,0.0826632357671277,0.0006555821416363534,0.00008999580568632733,2.3385214007782102,1.0,5.331628202748535,signatures/bafee8fd5a387e3c252fc6d1efff5980.sig.gz,"GCA_018223385.1 Oscillospiraceae bacterium Marseille-Q3528 strain=Marseille-Q3528, ASM1822338v1",bafee8fd5a387e3c252fc6d1efff5980,0.11772274043100675,257000,151,198588000,/nfs3_ib/nfs-ip34/home/def-ilafores/analysis/MethodsComparison/Feces_RA/preproc/SRR5091591/SRR5091591_unmatched_2.fastq,SRR5091591,29a0d04b718de891655a9a5e37d94cc4,392018000,31,DNA,1000,392018,true,0.7984793924866043,0.9333139424640872,0.8658966674753457,0.9333139424640872,601,4566202,6678089
782000,0.0019948063609324064,0.054333764553686936,0.0006428276252621053,0.00017639776888268485,4.674603174603175,2.0,9.641864211730546,signatures/17b16c7db81a11816f0b7b13503fecb8.sig.gz,"GCF_003460605.1 Ruminococcus sp. AF31-8BH strain=AF31-8BH, ASM346060v1",17b16c7db81a11816f0b7b13503fecb8,0.16860715825786976,252000,152,198336000,/nfs3_ib/nfs-ip34/home/def-ilafores/analysis/MethodsComparison/Feces_RA/preproc/SRR5091591/SRR5091591_unmatched_2.fastq,SRR5091591,29a0d04b718de891655a9a5e37d94cc4,392018000,31,DNA,1000,392018,true,0.8182763965923378,0.9441924348470535,0.8812344157196956,0.9441924348470535,1178,4567380,6678089
275000,0.0007014984005836467,0.10860121633362294,0.000637725818712406,0.00006693531637568771,1.788,1.0,2.6890622900929606,signatures/c9df491f4e1cd5c6393705a7df46994e.sig.gz,"GCA_004553545.1 Clostridiales bacterium, ASM455354v1",c9df491f4e1cd5c6393705a7df46994e,0.11946133796698523,250000,153,198086000,/nfs3_ib/nfs-ip34/home/def-ilafores/analysis/MethodsComparison/Feces_RA/preproc/SRR5091591/SRR5091591_unmatched_2.fastq,SRR5091591,29a0d04b718de891655a9a5e37d94cc4,392018000,31,DNA,1000,392018,true,0.7911501692528388,0.9337554316387392,0.862452800445789,0.9337554316387392,447,4567827,6678089
2804000,0.007152732782678347,0.04205847153359549,0.0006275222056130076,0.00022805925467600088,6.191056910569106,3.0,13.870484004720831,signatures/9613cc43f66445d204862f98defb4271.sig.gz,"GCA_019412865.1 Bacteroides sp., ASM1941286v1",9613cc43f66445d204862f98defb4271,0.47939818772439735,246000,154,197840000,/nfs3_ib/nfs-ip34/home/def-ilafores/analysis/MethodsComparison/Feces_RA/preproc/SRR5091591/SRR5091591_unmatched_2.fastq,SRR5091591,29a0d04b718de891655a9a5e37d94cc4,392018000,31,DNA,1000,392018,true,0.8526865632682594,0.9765621404942777,0.9146243518812686,0.9765621404942777,1523,4569350,6678089
1879000,0.004793147253442444,0.07518337408312958,0.0006275222056130076,0.003474347227178314,94.3170731707317,101.0,59.778767891456766,signatures/b0a316f942f0beea5fd102847b2e7868.sig.gz,"GCA_019414725.1 Bacteroides sp., ASM1941472v1",b0a316f942f0beea5fd102847b2e7868,0.5742665036674817,246000,155,197594000,/nfs3_ib/nfs-ip34/home/def-ilafores/analysis/MethodsComparison/Feces_RA/preproc/SRR5091591/SRR5091591_unmatched_2.fastq,SRR5091591,29a0d04b718de891655a9a5e37d94cc4,392018000,31,DNA,1000,392018,true,0.8417464921498766,0.9822668041770407,0.9120066481634587,0.9822668041770407,23202,4592552,6678089
432000,0.0011019902147350377,0.09121245828698554,0.0006275222056130076,0.00007562043572644808,2.0528455284552845,1.0,2.1586590689913354,signatures/c122ecbf66d016ce29333bc145978b5a.sig.gz,"GCA_900112995.1 Lactobacillus rogosae strain=ATCC 27753, IMG-taxon 2597490368 annotated assembly",c122ecbf66d016ce29333bc145978b5a,0.16017797552836485,246000,156,197348000,/nfs3_ib/nfs-ip34/home/def-ilafores/analysis/MethodsComparison/Feces_RA/preproc/SRR5091591/SRR5091591_unmatched_2.fastq,SRR5091591,29a0d04b718de891655a9a5e37d94cc4,392018000,31,DNA,1000,392018,true,0.8027612095380395,0.9426316677679826,0.872696438653011,0.9426316677679826,505,4593057,6678089
1600000,0.0040814452397593985,0.06870443073471677,0.000624971302338158,0.00023359976184803767,6.36734693877551,5.0,5.530228166496481,signatures/c904d12975db86fd08a8995198b6cca6.sig.gz,"GCF_013300825.1 Blautia wexlerae strain=MSK.20.46, ASM1330082v1",c904d12975db86fd08a8995198b6cca6,0.448681996634885,245000,157,197103000,/nfs3_ib/nfs-ip34/home/def-ilafores/analysis/MethodsComparison/Feces_RA/preproc/SRR5091591/SRR5091591_unmatched_2.fastq,SRR5091591,29a0d04b718de891655a9a5e37d94cc4,392018000,31,DNA,1000,392018,true,0.8373933024327566,0.9744783937159027,0.9059358480743296,0.9744783937159027,1560,4594617,6678089
304000,0.0007754745955542857,0.07722513089005235,0.0006020131728645113,0.00010556912314286318,2.98728813559322,1.0,12.843411861301174,signatures/113e1b016999535a9bb6780825b9783d.sig.gz,"GCA_900538475.1 uncultured Clostridium sp., UMGS34",113e1b016999535a9bb6780825b9783d,0.09947643979057591,236000,158,196867000,/nfs3_ib/nfs-ip34/home/def-ilafores/analysis/MethodsComparison/Feces_RA/preproc/SRR5091591/SRR5091591_unmatched_2.fastq,SRR5091591,29a0d04b718de891655a9a5e37d94cc4,392018000,31,DNA,1000,392018,true,0.7937129572522469,0.9282573456244442,0.8609851514383455,0.9282573456244442,705,4595322,6678089
451000,0.0011504573769571804,0.047628823650174505,0.0005918095597651128,0.000054207124223711305,1.5603448275862069,1.0,0.976347813797792,signatures/a4c9575a1960b9b352f28b2ea7160154.sig.gz,"GCF_002042885.1 Citrobacter portucalensis strain=A60, ASM204288v1",a4c9575a1960b9b352f28b2ea7160154,0.09258879080270992,232000,159,196635000,/nfs3_ib/nfs-ip34/home/def-ilafores/analysis/MethodsComparison/Feces_RA/preproc/SRR5091591/SRR5091591_unmatched_2.fastq,SRR5091591,29a0d04b718de891655a9a5e37d94cc4,392018000,31,DNA,1000,392018,true,0.8038765723228826,0.9261112814209722,0.8649939268719273,0.9261112814209722,362,4595684,6678089
541000,0.0013800386716936468,0.057692307692307696,0.0005816059466657144,0.0005865450430504894,17.17982456140351,1.0,71.20601526904547,signatures/3ddc51cb9e96785240fe5295db870e9c.sig.gz,"GCF_000157915.1 Bacteroides coprophilus DSM 18228 = JCM 13818 strain=DSM 18228, ASM15791v1",3ddc51cb9e96785240fe5295db870e9c,0.13689271255060728,228000,160,196407000,/nfs3_ib/nfs-ip34/home/def-ilafores/analysis/MethodsComparison/Feces_RA/preproc/SRR5091591/SRR5091591_unmatched_2.fastq,SRR5091591,29a0d04b718de891655a9a5e37d94cc4,392018000,31,DNA,1000,392018,true,0.8086087333914612,0.9378670993313866,0.8732379163614239,0.9378670993313866,3917,4599601,6678089
263000,0.0006708875612854512,0.07719054242002782,0.0005663005270166166,0.00008400606820304431,2.527027027027027,1.0,4.48789053249987,signatures/4949b4bbe37d0f5fccdc063d4d5efe54.sig.gz,"GCA_900756575.1 uncultured Oscillospiraceae bacterium, ERS537209_40",4949b4bbe37d0f5fccdc063d4d5efe54,0.09144645340751043,222000,161,196185000,/nfs3_ib/nfs-ip34/home/def-ilafores/analysis/MethodsComparison/Feces_RA/preproc/SRR5091591/SRR5091591_unmatched_2.fastq,SRR5091591,29a0d04b718de891655a9a5e37d94cc4,392018000,31,DNA,1000,392018,true,0.7900123173490453,0.9257404782078555,0.8578763977784505,0.9257404782078555,561,4600162,6678089
1054000,0.002688652051691504,0.048436811977102597,0.0005611987204669173,0.00011560193342736223,3.5090909090909093,3.0,2.9931602470403766,signatures/38d496bbf253b84b1d5c7263cc0903fc.sig.gz,"GCF_002965065.1 Escherichia sp. MOD1-EC7003 strain=MOD1-EC7003, ASM296506v1",38d496bbf253b84b1d5c7263cc0903fc,0.23205636283575518,220000,162,195965000,/nfs3_ib/nfs-ip34/home/def-ilafores/analysis/MethodsComparison/Feces_RA/preproc/SRR5091591/SRR5091591_unmatched_2.fastq,SRR5091591,29a0d04b718de891655a9a5e37d94cc4,392018000,31,DNA,1000,392018,true,0.8261934761804991,0.9539712216387777,0.8900823489096383,0.9539712216387777,772,4600934,6678089
233000,0.0005943604630399624,0.10879284649776454,0.0005586478171920677,0.00006169429607781508,1.8812785388127853,1.0,1.4189089029700053,signatures/d6880ec836f031125e9ef4429246f8c4.sig.gz,"GCA_900543625.1 uncultured Clostridiales bacterium, UMGS596",d6880ec836f031125e9ef4429246f8c4,0.11574764033780427,219000,163,195746000,/nfs3_ib/nfs-ip34/home/def-ilafores/analysis/MethodsComparison/Feces_RA/preproc/SRR5091591/SRR5091591_unmatched_2.fastq,SRR5091591,29a0d04b718de891655a9a5e37d94cc4,392018000,31,DNA,1000,392018,true,0.7869317970923881,0.9328046758338787,0.8598682364631334,0.9328046758338787,412,4601346,6678089
791000,0.0020177644904060526,0.09771689497716896,0.0005458933008178196,0.0002596551199003188,8.102803738317757,6.0,7.091438275268892,signatures/97e55b19b948bc3884bafc758cb1a6a6.sig.gz,"GCA_900544105.1 uncultured Oscillibacter sp., UMGS638",97e55b19b948bc3884bafc758cb1a6a6,0.36118721461187214,214000,164,195532000,/nfs3_ib/nfs-ip34/home/def-ilafores/analysis/MethodsComparison/Feces_RA/preproc/SRR5091591/SRR5091591_unmatched_2.fastq,SRR5091591,29a0d04b718de891655a9a5e37d94cc4,392018000,31,DNA,1000,392018,true,0.8185785079212032,0.9676834248428571,0.8931309663820302,0.9676834248428571,1734,4603080,6678089
796000,0.002030519006780301,0.06492699596147872,0.0005331387844435715,0.00013446960649970372,4.29665071770335,3.0,3.58466140587201,signatures/530dbc306b54ca183856aaf81e7b3c04.sig.gz,"GCA_934309345.1 uncultured Mediterraneibacter sp., ERR7738595_bin.190",530dbc306b54ca183856aaf81e7b3c04,0.24728176452314382,209000,165,195323000,/nfs3_ib/nfs-ip34/home/def-ilafores/analysis/MethodsComparison/Feces_RA/preproc/SRR5091591/SRR5091591_unmatched_2.fastq,SRR5091591,29a0d04b718de891655a9a5e37d94cc4,392018000,31,DNA,1000,392018,true,0.8187449132744866,0.9559288114399783,0.8873368623572324,0.9559288114399783,898,4603978,6678089
803000,0.002048375329704248,0.05514316012725345,0.0005305878811687219,0.00010167579377872922,3.264423076923077,2.0,5.312565262390642,signatures/47a8a8805c519f2455918c9990c029e5.sig.gz,"GCF_003481985.1 Clostridium sp. OF09-36 strain=OF09-36, ASM348198v1",47a8a8805c519f2455918c9990c029e5,0.21288441145281017,208000,166,195115000,/nfs3_ib/nfs-ip34/home/def-ilafores/analysis/MethodsComparison/Feces_RA/preproc/SRR5091591/SRR5091591_unmatched_2.fastq,SRR5091591,29a0d04b718de891655a9a5e37d94cc4,392018000,31,DNA,1000,392018,true,0.8189761892912939,0.9513213014429007,0.8851487453670973,0.9513213014429007,679,4604657,6678089
817000,0.002084087975552143,0.03753157704799711,0.0005305878811687219,0.0000524102029787264,1.6826923076923077,1.0,1.1541265684900748,signatures/feb126a06038632037f5348de31358f8.sig.gz,"GCF_000828055.2 Klebsiella variicola strain=DSM 15968, ASM82805v2",feb126a06038632037f5348de31358f8,0.1474197040779502,208000,167,194907000,/nfs3_ib/nfs-ip34/home/def-ilafores/analysis/MethodsComparison/Feces_RA/preproc/SRR5091591/SRR5091591_unmatched_2.fastq,SRR5091591,29a0d04b718de891655a9a5e37d94cc4,392018000,31,DNA,1000,392018,true,0.8194329455307191,0.940111165657166,0.8797720555939426,0.940111165657166,350,4605007,6678089
324000,0.0008264926610512782,0.08782350445481545,0.0005280369778938722,0.00006633634262735941,2.140096618357488,1.0,2.3249717655213926,signatures/b669ae6f1764f371f95c32067b3a6e5c.sig.gz,"GCA_905216215.1 uncultured bacterium, SRR7721880-mag-bin.41",b669ae6f1764f371f95c32067b3a6e5c,0.137462876537972,207000,168,194700000,/nfs3_ib/nfs-ip34/home/def-ilafores/analysis/MethodsComparison/Feces_RA/preproc/SRR5091591/SRR5091591_unmatched_2.fastq,SRR5091591,29a0d04b718de891655a9a5e37d94cc4,392018000,31,DNA,1000,392018,true,0.7953459919201635,0.9379928543465306,0.866669423133347,0.9379928543465306,443,4605450,6678089
367000,0.0009361815018698121,0.039440934328929735,0.0005254860746190226,0.003173961892391671,102.89320388349515,1.0,1340.1435324709505,signatures/bc5fb9c40fa03dfb3e62b70892a7ac0e.sig.gz,"GCF_002849695.1 Bacteroides fragilis strain=Q1F2, ASM284969v1",bc5fb9c40fa03dfb3e62b70892a7ac0e,0.07026613057629714,206000,169,194494000,/nfs3_ib/nfs-ip34/home/def-ilafores/analysis/MethodsComparison/Feces_RA/preproc/SRR5091591/SRR5091591_unmatched_2.fastq,SRR5091591,29a0d04b718de891655a9a5e37d94cc4,392018000,31,DNA,1000,392018,true,0.7985496750222411,0.9179061069892827,0.8582278910057619,0.9179061069892827,21196,4626646,6678089
690000,0.0017601232596462406,0.11615871190339276,0.0005152824615196241,0.00011724911123526506,3.876237623762376,3.0,2.9916599754787443,signatures/2bc7ad025d7a7c1e9e8216130886e72e.sig.gz,"GCA_019424245.1 Clostridiales bacterium, ASM1942424v1",2bc7ad025d7a7c1e9e8216130886e72e,0.3967797584818861,202000,170,194292000,/nfs3_ib/nfs-ip34/home/def-ilafores/analysis/MethodsComparison/Feces_RA/preproc/SRR5091591/SRR5091591_unmatched_2.fastq,SRR5091591,29a0d04b718de891655a9a5e37d94cc4,392018000,31,DNA,1000,392018,true,0.8149792492990208,0.9706216723491382,0.8928004608240795,0.9706216723491382,783,4627429,6678089
326000,0.0008315944676009775,0.03152446675031367,0.0005127315582447745,0.0001316244811951443,4.373134328358209,1.0,15.161324015315369,signatures/93f73424a62c9a7810069426678c2739.sig.gz,"GCF_002234575.2 Enterocloster bolteae strain=ATCC BAA-613, ASM223457v2",93f73424a62c9a7810069426678c2739,0.051129234629861985,201000,171,194091000,/nfs3_ib/nfs-ip34/home/def-ilafores/analysis/MethodsComparison/Feces_RA/preproc/SRR5091591/SRR5091591_unmatched_2.fastq,SRR5091591,29a0d04b718de891655a9a5e37d94cc4,392018000,31,DNA,1000,392018,true,0.7955038931509635,0.9085402470434721,0.8520220700972179,0.9085402470434721,879,4628308,6678089
211000,0.0005382405909932708,0.08315921437526118,0.0005076297516950752,0.00005765122327659904,1.934673366834171,1.0,1.4564891251577317,signatures/da9cd168c8380d37e0cbf86da745db99.sig.gz,"GCF_000236865.1 Senegalimassilia anaerobia JC110 strain=type strain: JC110, ASM23686v1",da9cd168c8380d37e0cbf86da745db99,0.08817384036773925,199000,172,193892000,/nfs3_ib/nfs-ip34/home/def-ilafores/analysis/MethodsComparison/Feces_RA/preproc/SRR5091591/SRR5091591_unmatched_2.fastq,SRR5091591,29a0d04b718de891655a9a5e37d94cc4,392018000,31,DNA,1000,392018,true,0.7844181381148052,0.9246528270637269,0.854535482589266,0.9246528270637269,385,4628693,6678089
479000,0.00122188266865297,0.05302424726885158,0.0005076297516950752,0.00009029529256049149,3.030150753768844,1.0,8.695814015048189,signatures/24cb2f7055942e2ac04d51117f90e805.sig.gz,"GCA_902363135.1 Lachnospiraceae bacterium, MGYG-HGUT-00092",24cb2f7055942e2ac04d51117f90e805,0.1276312283506528,199000,173,193693000,/nfs3_ib/nfs-ip34/home/def-ilafores/analysis/MethodsComparison/Feces_RA/preproc/SRR5091591/SRR5091591_unmatched_2.fastq,SRR5091591,29a0d04b718de891655a9a5e37d94cc4,392018000,31,DNA,1000,392018,true,0.8054400296042322,0.9357501417631611,0.8705950856836966,0.9357501417631611,603,4629296,6678089
679000,0.0017320633236228948,0.07079013228459063,0.0005050788484202256,0.0005595912243757158,18.873737373737374,3.5,26.509941287036803,signatures/b9efc27b039945043d519688f02fc3e8.sig.gz,"GCF_019967995.1 Faecalibacterium prausnitzii strain=Fp77, ASM1996799v1",b9efc27b039945043d519688f02fc3e8,0.24276010010725776,198000,174,193495000,/nfs3_ib/nfs-ip34/home/def-ilafores/analysis/MethodsComparison/Feces_RA/preproc/SRR5091591/SRR5091591_unmatched_2.fastq,SRR5091591,29a0d04b718de891655a9a5e37d94cc4,392018000,31,DNA,1000,392018,true,0.8145568717052597,0.9553599034175415,0.8849583875614007,0.9553599034175415,3737,4633033,6678089
654000,0.0016682907417516542,0.08164948453608248,0.0005050788484202256,0.00027268279892645933,9.196969696969697,8.0,5.600017217604387,signatures/f6429d724d5b86af3c741638eedd8b73.sig.gz,"GCA_003447295.1 Lachnospiraceae bacterium, ASM344729v1",f6429d724d5b86af3c741638eedd8b73,0.26969072164948454,198000,175,193297000,/nfs3_ib/nfs-ip34/home/def-ilafores/analysis/MethodsComparison/Feces_RA/preproc/SRR5091591/SRR5091591_unmatched_2.fastq,SRR5091591,29a0d04b718de891655a9a5e37d94cc4,392018000,31,DNA,1000,392018,true,0.8135717548454625,0.958607536111156,0.8860896454783093,0.958607536111156,1821,4634854,6678089
1495000,0.0038136003959001884,0.058301272565847884,0.0005025279451453759,0.0001133557818711311,3.8426395939086295,1.0,19.21137060558758,signatures/c2aee0d0779205c17a004063ada5651a.sig.gz,"GCA_021619875.1 Prevotella copri, ASM2161987v1",c2aee0d0779205c17a004063ada5651a,0.44243859129920093,197000,176,193100000,/nfs3_ib/nfs-ip34/home/def-ilafores/analysis/MethodsComparison/Feces_RA/preproc/SRR5091591/SRR5091591_unmatched_2.fastq,SRR5091591,29a0d04b718de891655a9a5e37d94cc4,392018000,31,DNA,1000,392018,true,0.83556175675783,0.9740380066814359,0.904799881719633,0.9740380066814359,757,4635611,6678089
1033000,0.002635083082919662,0.06639146886824905,0.0004923243320459774,0.000248124875244999,8.585492227979275,6.0,9.16651921389162,signatures/c4a31407cdc97c2d5ed56d772c4a244f.sig.gz,"GCA_020735665.1 Lachnospiraceae bacterium GAM79 strain=FDAARGOS_1585, ASM2073566v1",c4a31407cdc97c2d5ed56d772c4a244f,0.35534915720674237,193000,177,192907000,/nfs3_ib/nfs-ip34/home/def-ilafores/analysis/MethodsComparison/Feces_RA/preproc/SRR5091591/SRR5091591_unmatched_2.fastq,SRR5091591,29a0d04b718de891655a9a5e37d94cc4,392018000,31,DNA,1000,392018,true,0.8256572838445502,0.9671748824132447,0.8964160831288974,0.9671748824132447,1657,4637268,6678089
487000,0.001242289894851767,0.05148833467417538,0.0004897734287711279,0.0003283873575209914,11.421875,1.0,37.560702822023636,signatures/f22e85c6befcb1bccc2db3184aa9ec05.sig.gz,"GCA_025145285.1 Alistipes onderdonkii strain=DSM 19147, ASM2514528v1",f22e85c6befcb1bccc2db3184aa9ec05,0.13059801555376777,192000,178,192715000,/nfs3_ib/nfs-ip34/home/def-ilafores/analysis/MethodsComparison/Feces_RA/preproc/SRR5091591/SRR5091591_unmatched_2.fastq,SRR5091591,29a0d04b718de891655a9a5e37d94cc4,392018000,31,DNA,1000,392018,true,0.8058704970661452,0.9364440295732563,0.8711572633197008,0.9364440295732563,2193,4639461,6678089
735000,0.001874913907014474,0.06599162011173185,0.00048212071894657897,0.0006525818988036848,23.058201058201057,24.0,10.903220190403482,signatures/c002602a49265f2771d37a7d1b625ee1.sig.gz,"GCA_900546625.1 uncultured Lachnobacterium sp., UMGS904",c002602a49265f2771d37a7d1b625ee1,0.2566340782122905,189000,179,192526000,/nfs3_ib/nfs-ip34/home/def-ilafores/analysis/MethodsComparison/Feces_RA/preproc/SRR5091591/SRR5091591_unmatched_2.fastq,SRR5091591,29a0d04b718de891655a9a5e37d94cc4,392018000,31,DNA,1000,392018,true,0.8166418943964509,0.9570742316433917,0.8868580630199212,0.9570742316433917,4358,4643819,6678089
1122000,0.0028621134743812785,0.027847355237954913,0.00048212071894657897,0.0009287087967830318,32.81481481481482,35.0,17.41715363768495,signatures/6a82102a8a9caa7158b1d7ae1e0d3d95.sig.gz,"GCF_012113595.1 Bacteroides sp. CBA7301 strain=CBA7301, ASM1211359v1",6a82102a8a9caa7158b1d7ae1e0d3d95,0.16531604538087522,189000,180,192337000,/nfs3_ib/nfs-ip34/home/def-ilafores/analysis/MethodsComparison/Feces_RA/preproc/SRR5091591/SRR5091591_unmatched_2.fastq,SRR5091591,29a0d04b718de891655a9a5e37d94cc4,392018000,31,DNA,1000,392018,true,0.8278614127461553,0.9435922279423395,0.8857268203442474,0.9435922279423395,6202,4650021,6678089
421000,0.0010739302787116918,0.0817391304347826,0.0004795698156717294,0.00006438967794529243,2.2872340425531914,2.0,1.5548300887230577,signatures/558f29916cf1a749edaab3be2c6bdd72.sig.gz,"GCA_900541685.1 uncultured Collinsella sp., UMGS382",558f29916cf1a749edaab3be2c6bdd72,0.18304347826086956,188000,181,192149000,/nfs3_ib/nfs-ip34/home/def-ilafores/analysis/MethodsComparison/Feces_RA/preproc/SRR5091591/SRR5091591_unmatched_2.fastq,SRR5091591,29a0d04b718de891655a9a5e37d94cc4,392018000,31,DNA,1000,392018,true,0.8020935704564319,0.9466979304864754,0.8743957504714537,0.9466979304864754,430,4650451,6678089
644000,0.0016427817090031581,0.07051282051282051,0.00047701891239687973,0.00008370658132888016,2.9893048128342246,2.0,3.17070363622972,signatures/a202d6e19a5a61416204946db31cfb35.sig.gz,"GCA_019411365.1 Roseburia sp., ASM1941136v1",a202d6e19a5a61416204946db31cfb35,0.24283559577677225,187000,182,191962000,/nfs3_ib/nfs-ip34/home/def-ilafores/analysis/MethodsComparison/Feces_RA/preproc/SRR5091591/SRR5091591_unmatched_2.fastq,SRR5091591,29a0d04b718de891655a9a5e37d94cc4,392018000,31,DNA,1000,392018,true,0.8131674675114623,0.9553694860472293,0.8842684767793458,0.9553694860472293,559,4651010,6678089
565000,0.0014412603502900376,0.0944073884043099,0.00046936620257233085,0.00006543788200486696,2.375,2.0,1.740072774590064,signatures/90ed85567504e269bdef87c296aa46c1.sig.gz,"GCF_014931275.1 Haemophilus parainfluenzae strain=M1C160_1, ASM1493127v1",90ed85567504e269bdef87c296aa46c1,0.2898922524371473,184000,183,191778000,/nfs3_ib/nfs-ip34/home/def-ilafores/analysis/MethodsComparison/Feces_RA/preproc/SRR5091591/SRR5091591_unmatched_2.fastq,SRR5091591,29a0d04b718de891655a9a5e37d94cc4,392018000,31,DNA,1000,392018,true,0.8097417469632849,0.9608438037572504,0.8852927753602677,0.9608438037572504,437,4651447,6678089
1220000,0.003112101995316542,0.054958183990442055,0.00046936620257233085,0.0001133557818711311,4.114130434782608,3.0,3.9827094099188707,signatures/5690dda55028fe4b6db542ea10f1886c.sig.gz,"GCF_013300725.1 Coprococcus comes strain=MSK.16.63, ASM1330072v1",5690dda55028fe4b6db542ea10f1886c,0.3643966547192354,184000,184,191594000,/nfs3_ib/nfs-ip34/home/def-ilafores/analysis/MethodsComparison/Feces_RA/preproc/SRR5091591/SRR5091591_unmatched_2.fastq,SRR5091591,29a0d04b718de891655a9a5e37d94cc4,392018000,31,DNA,1000,392018,true,0.8301006777581057,0.9679596149141559,0.8990301463361308,0.9679596149141559,757,4652204,6678089
208000,0.0005305878811687219,0.08254822790489008,0.00046936620257233085,0.000030098430853497162,1.0923913043478262,1.0,0.3860991356285084,signatures/50cbe693931985575a68db5515e8ee6f.sig.gz,"GCF_001025135.1 Bifidobacterium bifidum ATCC 29521 = JCM 1255 = DSM 20456 strain=JCM 1255, ASM102513v1",50cbe693931985575a68db5515e8ee6f,0.09331538806639748,184000,185,191410000,/nfs3_ib/nfs-ip34/home/def-ilafores/analysis/MethodsComparison/Feces_RA/preproc/SRR5091591/SRR5091591_unmatched_2.fastq,SRR5091591,29a0d04b718de891655a9a5e37d94cc4,392018000,31,DNA,1000,392018,true,0.7840558698609486,0.9263448385082729,0.8552003541846107,0.9263448385082729,201,4652405,6678089
805000,0.0020534771362539475,0.0621779457231192,0.00046171349274778196,0.0013062120016669439,48.193370165745854,49.0,30.632398264723147,signatures/dbd3858aa79f473992a9425a3b3a410e.sig.gz,"GCA_934435205.1 uncultured Ruminococcus sp., ERR7738659_bin.122",dbd3858aa79f473992a9425a3b3a410e,0.27653727241497766,181000,186,191229000,/nfs3_ib/nfs-ip34/home/def-ilafores/analysis/MethodsComparison/Feces_RA/preproc/SRR5091591/SRR5091591_unmatched_2.fastq,SRR5091591,29a0d04b718de891655a9a5e37d94cc4,392018000,31,DNA,1000,392018,true,0.8190419098394771,0.9593830782214667,0.889212494030472,0.9593830782214667,8723,4661128,6678089
680000,0.0017346142268977445,0.03779560810810811,0.0004566116861980827,0.00020484902192827918,7.64245810055866,3.0,19.62570388994032,signatures/02081adae2cbefe2ee8ca3ea6ec78648.sig.gz,"GCA_025151045.1 Parabacteroides johnsonii DSM 18315 strain=DSM 18315, ASM2515104v1",02081adae2cbefe2ee8ca3ea6ec78648,0.14358108108108109,179000,187,191050000,/nfs3_ib/nfs-ip34/home/def-ilafores/analysis/MethodsComparison/Feces_RA/preproc/SRR5091591/SRR5091591_unmatched_2.fastq,SRR5091591,29a0d04b718de891655a9a5e37d94cc4,392018000,31,DNA,1000,392018,true,0.8145955422815306,0.9393113881130858,0.8769534651973082,0.9393113881130858,1368,4662496,6678089
932000,0.0023774418521598497,0.03524407534940247,0.0004438571698238346,0.002289127922673687,87.85632183908046,45.0,112.72755805521477,signatures/20623cf363705a2786c1e2e794c70af2.sig.gz,"GCF_024623065.1 Bacteroides acidifaciens strain=DSM 15896, ASM2462306v1",20623cf363705a2786c1e2e794c70af2,0.18877861049220174,174000,188,190876000,/nfs3_ib/nfs-ip34/home/def-ilafores/analysis/MethodsComparison/Feces_RA/preproc/SRR5091591/SRR5091591_unmatched_2.fastq,SRR5091591,29a0d04b718de891655a9a5e37d94cc4,392018000,31,DNA,1000,392018,true,0.8229214525415995,0.9476405546034395,0.8852810035725196,0.9476405546034395,15287,4677783,6678089
710000,0.0018111413251432331,0.04619060260153968,0.0004438571698238346,0.00007052915886565753,2.706896551724138,2.0,3.7890129459056983,signatures/367415b6cb4fef904ddbb21d35a68b02.sig.gz,"GCF_004123145.1 Blautia sp. KGMB01111 strain=KGMB01111, ASM412314v1",367415b6cb4fef904ddbb21d35a68b02,0.1884788956729493,174000,189,190702000,/nfs3_ib/nfs-ip34/home/def-ilafores/analysis/MethodsComparison/Feces_RA/preproc/SRR5091591/SRR5091591_unmatched_2.fastq,SRR5091591,29a0d04b718de891655a9a5e37d94cc4,392018000,31,DNA,1000,392018,true,0.815730779649127,0.9475919842538966,0.8816613819515118,0.9475919842538966,471,4678254,6678089
336000,0.0008571035003494738,0.05371642723297939,0.00043875536327413537,0.00014914446333374714,5.790697674418604,1.0,18.46185021786112,signatures/e61bfab064156e4b85b4c573bfa9e6eb.sig.gz,"GCF_900106785.1 Prevotellamassilia timonensis strain=Marseille-P2831, PRJEB16531",e61bfab064156e4b85b4c573bfa9e6eb,0.10493441599000625,172000,190,190530000,/nfs3_ib/nfs-ip34/home/def-ilafores/analysis/MethodsComparison/Feces_RA/preproc/SRR5091591/SRR5091591_unmatched_2.fastq,SRR5091591,29a0d04b718de891655a9a5e37d94cc4,392018000,31,DNA,1000,392018,true,0.7962795994447012,0.9298581631456573,0.8630688812951792,0.9298581631456573,996,4679250,6678089
957000,0.0024412144340310903,0.061930783242258654,0.0004336535567244361,0.0005808547924413706,22.81764705882353,8.0,25.73408669436473,signatures/d5330fc8a7b2b48d024b6fb23f5b2ee5.sig.gz,"GCA_900765705.1 uncultured Faecalibacterium sp., SRS294968_37",d5330fc8a7b2b48d024b6fb23f5b2ee5,0.34863387978142074,170000,191,190360000,/nfs3_ib/nfs-ip34/home/def-ilafores/analysis/MethodsComparison/Feces_RA/preproc/SRR5091591/SRR5091591_unmatched_2.fastq,SRR5091591,29a0d04b718de891655a9a5e37d94cc4,392018000,31,DNA,1000,392018,true,0.8236244366821388,0.9665798308297286,0.8951021337559337,0.9665798308297286,3879,4683129,6678089
170000,0.0004336535567244361,0.07813222376329172,0.0004311026534495865,0.000039083037078421684,1.544378698224852,1.0,0.8967962694477197,signatures/60e2f917d286ae51cb5a918eb82ceab9.sig.gz,"GCA_905206455.1 uncultured Clostridiales bacterium, ERR1600730-mag-bin.21",60e2f917d286ae51cb5a918eb82ceab9,0.07859454461396209,169000,192,190191000,/nfs3_ib/nfs-ip34/home/def-ilafores/analysis/MethodsComparison/Feces_RA/preproc/SRR5091591/SRR5091591_unmatched_2.fastq,SRR5091591,29a0d04b718de891655a9a5e37d94cc4,392018000,31,DNA,1000,392018,true,0.7789700122790862,0.9212287791298169,0.8500993957044516,0.9212287791298169,261,4683390,6678089
885000,0.0022575493982419175,0.03858520900321544,0.0004285517501747369,0.0006383562722808876,25.375,19.5,24.743610887699973,signatures/aa21d6a4e240d950eb3b686e2a4fae57.sig.gz,"GCF_004793475.1 Bacteroides sp. NM69_E16B strain=NM69_E16B, ASM479347v1",aa21d6a4e240d950eb3b686e2a4fae57,0.20326136885622417,168000,193,190023000,/nfs3_ib/nfs-ip34/home/def-ilafores/analysis/MethodsComparison/Feces_RA/preproc/SRR5091591/SRR5091591_unmatched_2.fastq,SRR5091591,29a0d04b718de891655a9a5e37d94cc4,392018000,31,DNA,1000,392018,true,0.8215489786426627,0.9499028453800547,0.8857259120113588,0.9499028453800547,4263,4687653,6678089
184000,0.00046936620257233085,0.05857593826727464,0.00042600084689988724,0.000052260459541644325,2.089820359281437,1.0,1.7673904011294905,signatures/1a2e58304a04535071360485691311f9.sig.gz,"GCA_934373455.1 uncultured Marvinbryantia sp., ERR7745951_bin.156",1a2e58304a04535071360485691311f9,0.06453875833041038,167000,194,189856000,/nfs3_ib/nfs-ip34/home/def-ilafores/analysis/MethodsComparison/Feces_RA/preproc/SRR5091591/SRR5091591_unmatched_2.fastq,SRR5091591,29a0d04b718de891655a9a5e37d94cc4,392018000,31,DNA,1000,392018,true,0.7809611203928631,0.9153920077760213,0.8481765640844422,0.9153920077760213,349,4688002,6678089
957000,0.0024412144340310903,0.0809108527131783,0.00042600084689988724,0.00018373519729970655,7.347305389221557,7.0,5.04225040495396,signatures/1eec876ad36c7c0dc8f80b0f76f15058.sig.gz,"GCA_019423795.1 Clostridiales bacterium, ASM1942379v1",1eec876ad36c7c0dc8f80b0f76f15058,0.4636627906976744,167000,195,189689000,/nfs3_ib/nfs-ip34/home/def-ilafores/analysis/MethodsComparison/Feces_RA/preproc/SRR5091591/SRR5091591_unmatched_2.fastq,SRR5091591,29a0d04b718de891655a9a5e37d94cc4,392018000,31,DNA,1000,392018,true,0.8236244366821388,0.9755113583897321,0.8995678975359355,0.9755113583897321,1227,4689229,6678089
196000,0.0004999770418705263,0.09565217391304348,0.000420899040350188,0.001062130199223161,42.987878787878785,38.0,27.825862807018307,signatures/9a3ca8a6fcdfa1741beae5bba0ef5585.sig.gz,"GCA_905215145.1 uncultured bacterium, ERR321470-mag-bin.8",9a3ca8a6fcdfa1741beae5bba0ef5585,0.1136231884057971,165000,196,189524000,/nfs3_ib/nfs-ip34/home/def-ilafores/analysis/MethodsComparison/Feces_RA/preproc/SRR5091591/SRR5091591_unmatched_2.fastq,SRR5091591,29a0d04b718de891655a9a5e37d94cc4,392018000,31,DNA,1000,392018,true,0.782554364857948,0.9322474254112704,0.8574008951346093,0.9322474254112704,7093,4696322,6678089
165000,0.000420899040350188,0.10709592641261498,0.00041579723380048877,0.00005839994046200942,2.392638036809816,1.0,4.7455960634905505,signatures/050fd39c7d451dba84dafe63230bfe78.sig.gz,"GCA_000435175.1 Clostridium sp. CAG:245, MGS245",050fd39c7d451dba84dafe63230bfe78,0.10840998685939553,163000,197,189361000,/nfs3_ib/nfs-ip34/home/def-ilafores/analysis/MethodsComparison/Feces_RA/preproc/SRR5091591/SRR5091591_unmatched_2.fastq,SRR5091591,29a0d04b718de891655a9a5e37d94cc4,392018000,31,DNA,1000,392018,true,0.778220226162752,0.9308360679873369,0.8545281470750444,0.9308360679873369,390,4696712,6678089
705000,0.001798386808768985,0.0463519313304721,0.0004132463305256391,0.00008220914695805941,3.388888888888889,3.0,2.5992639033976865,signatures/f299b236b2c90ca07a476b089611b3c0.sig.gz,"GCF_013304825.1 Blautia schinkii strain=MSK.6.26, ASM1330482v1",f299b236b2c90ca07a476b089611b3c0,0.2017167381974249,162000,198,189199000,/nfs3_ib/nfs-ip34/home/def-ilafores/analysis/MethodsComparison/Feces_RA/preproc/SRR5091591/SRR5091591_unmatched_2.fastq,SRR5091591,29a0d04b718de891655a9a5e37d94cc4,392018000,31,DNA,1000,392018,true,0.8155448361408397,0.9496691289370055,0.8826069825389227,0.9496691289370055,549,4697261,6678089
850000,0.002168267783622181,0.03475820379965458,0.00041069542725078953,0.000077417356971433,3.2111801242236027,2.0,3.0511375292198224,signatures/16c61a72a7b0e33b078d70321bdf2cda.sig.gz,"GCF_000026225.1 Escherichia fergusonii ATCC 35469 strain=ATCC 35469T, ASM2622v1",16c61a72a7b0e33b078d70321bdf2cda,0.18350604490500863,161000,199,189038000,/nfs3_ib/nfs-ip34/home/def-ilafores/analysis/MethodsComparison/Feces_RA/preproc/SRR5091591/SRR5091591_unmatched_2.fastq,SRR5091591,29a0d04b718de891655a9a5e37d94cc4,392018000,31,DNA,1000,392018,true,0.8204803012333801,0.9467750100582198,0.8836276556458,0.9467750100582198,517,4697778,6678089
161000,0.00041069542725078953,0.07375171781951442,0.00041069542725078953,0.00004642046549544338,1.9254658385093169,1.0,1.8998293320898638,signatures/dbd15eddd1d077ef23fe41235986f0cd.sig.gz,"GCF_000785515.1 Streptococcus salivarius strain=NCTC 8618, ASM78551v1",dbd15eddd1d077ef23fe41235986f0cd,0.07375171781951442,161000,200,188877000,/nfs3_ib/nfs-ip34/home/def-ilafores/analysis/MethodsComparison/Feces_RA/preproc/SRR5091591/SRR5091591_unmatched_2.fastq,SRR5091591,29a0d04b718de891655a9a5e37d94cc4,392018000,31,DNA,1000,392018,true,0.7776043929460122,0.9193407709670459,0.8484725819565291,0.9193407709670459,310,4698088,6678089
2242000,0.005719125142212857,0.053409472623446426,0.00040559362070109023,0.0009323026392730016,39.15723270440252,40.0,18.4920634314329,signatures/78f6a266a0fffd08c8145495b700d709.sig.gz,"GCA_900556625.1 uncultured Bacteroides sp., UMGS1954",78f6a266a0fffd08c8145495b700d709,0.7531071548538797,159000,201,188718000,/nfs3_ib/nfs-ip34/home/def-ilafores/analysis/MethodsComparison/Feces_RA/preproc/SRR5091591/SRR5091591_unmatched_2.fastq,SRR5091591,29a0d04b718de891655a9a5e37d94cc4,392018000,31,DNA,1000,392018,true,0.8465561976477648,0.9908950019785997,0.9187255998131822,0.9908950019785997,6226,4704314,6678089
784000,0.0019999081674821053,0.031311930241775664,0.00040304271742624064,0.0023087443129314387,97.58227848101266,60.0,149.02230803991299,signatures/5a944002304468e89a9c51cd7760fe7d.sig.gz,"GCA_001915545.1 Bacteroides sp. 43_108, ASM191554v1",5a944002304468e89a9c51cd7760fe7d,0.15537059056678557,158000,202,188560000,/nfs3_ib/nfs-ip34/home/def-ilafores/analysis/MethodsComparison/Feces_RA/preproc/SRR5091591/SRR5091591_unmatched_2.fastq,SRR5091591,29a0d04b718de891655a9a5e37d94cc4,392018000,31,DNA,1000,392018,true,0.8183438221725158,0.9417055351344247,0.8800246786534702,0.9417055351344247,15418,4719732,6678089
356000,0.0009081215658464663,0.05545805545805546,0.00040304271742624064,0.0000871506803817679,3.6835443037974684,1.0,6.364546388317855,signatures/cb1f49fc7f3ec8b223714e0e604a03df.sig.gz,"GCF_003479605.1 Roseburia sp. AF12-17LB strain=AF12-17LB, ASM347960v1",cb1f49fc7f3ec8b223714e0e604a03df,0.12495612495612496,158000,203,188402000,/nfs3_ib/nfs-ip34/home/def-ilafores/analysis/MethodsComparison/Feces_RA/preproc/SRR5091591/SRR5091591_unmatched_2.fastq,SRR5091591,29a0d04b718de891655a9a5e37d94cc4,392018000,31,DNA,1000,392018,true,0.7977661642078063,0.9351109590174413,0.8664385616126238,0.9351109590174413,582,4720314,6678089
217000,0.0005535460106423684,0.0836864406779661,0.00040304271742624064,0.000054207124223711305,2.2911392405063293,1.0,5.381995062616632,signatures/73d222f66a3d1d6cab0992c236b276eb.sig.gz,"GCA_000432375.1 Firmicutes bacterium CAG:103, MGS103",73d222f66a3d1d6cab0992c236b276eb,0.1149364406779661,158000,204,188244000,/nfs3_ib/nfs-ip34/home/def-ilafores/analysis/MethodsComparison/Feces_RA/preproc/SRR5091591/SRR5091591_unmatched_2.fastq,SRR5091591,29a0d04b718de891655a9a5e37d94cc4,392018000,31,DNA,1000,392018,true,0.7851279582018296,0.9325930729039834,0.8588605155529065,0.9325930729039834,362,4720676,6678089
860000,0.002193776816370677,0.05609146123615577,0.000400491814151391,0.0003399176021763112,14.45859872611465,4.0,20.64454723457281,signatures/1a6ea346590b713f033b7fae8ab21643.sig.gz,"GCF_023347535.1 Faecalibacterium sp. HTFF strain=HTFF, ASM2334753v1",1a6ea346590b713f033b7fae8ab21643,0.30725259021078954,157000,205,188087000,/nfs3_ib/nfs-ip34/home/def-ilafores/analysis/MethodsComparison/Feces_RA/preproc/SRR5091591/SRR5091591_unmatched_2.fastq,SRR5091591,29a0d04b718de891655a9a5e37d94cc4,392018000,31,DNA,1000,392018,true,0.8207899199679219,0.9626481897459127,0.8917190548569174,0.9626481897459127,2270,4722946,6678089
301000,0.0007678218857297369,0.030696576151121605,0.0003979409108765414,0.00009643477348085657,4.128205128205129,1.0,13.60180886760077,signatures/dec6823a28f0aea55b13c3be158528c4.sig.gz,"GCF_000025985.1 Bacteroides fragilis NCTC 9343, ASM2598v1",dec6823a28f0aea55b13c3be158528c4,0.05922865013774105,156000,206,187931000,/nfs3_ib/nfs-ip34/home/def-ilafores/analysis/MethodsComparison/Feces_RA/preproc/SRR5091591/SRR5091591_unmatched_2.fastq,SRR5091591,29a0d04b718de891655a9a5e37d94cc4,392018000,31,DNA,1000,392018,true,0.7934590753496116,0.9128601582798817,0.8531596168147466,0.9128601582798817,644,4723590,6678089
718000,0.0018315485513420303,0.04398743216223936,0.0003928391043268421,0.0000530091767270547,2.2987012987012987,2.0,2.8967735525362754,signatures/6d00b0a0ca344fdf96ce690671c5fa63.sig.gz,"GCF_902381825.1 Coprococcus catus, UHGG_MGYG-HGUT-01714",6d00b0a0ca344fdf96ce690671c5fa63,0.20508426163953156,154000,207,187777000,/nfs3_ib/nfs-ip34/home/def-ilafores/analysis/MethodsComparison/Feces_RA/preproc/SRR5091591/SRR5091591_unmatched_2.fastq,SRR5091591,29a0d04b718de891655a9a5e37d94cc4,392018000,31,DNA,1000,392018,true,0.8160256695926975,0.9501764643034618,0.8831010669480797,0.9501764643034618,354,4723944,6678089
2067000,0.005272717069114173,0.04244624406590338,0.0003877372977771429,0.00013147473775806224,5.776315789473684,3.0,11.069277878090436,signatures/300d2de3c2c21f7c37b9a66b2c49f0e7.sig.gz,"GCA_900755095.1 uncultured Bacteroides sp., ERS473029_19",300d2de3c2c21f7c37b9a66b2c49f0e7,0.5772130689751466,152000,208,187625000,/nfs3_ib/nfs-ip34/home/def-ilafores/analysis/MethodsComparison/Feces_RA/preproc/SRR5091591/SRR5091591_unmatched_2.fastq,SRR5091591,29a0d04b718de891655a9a5e37d94cc4,392018000,31,DNA,1000,392018,true,0.8443397603877681,0.9824289830956823,0.9133843717417252,0.9824289830956823,878,4724822,6678089
632000,0.0016121708697049626,0.047815072830905636,0.0003851863945022933,0.00008041222571307451,3.556291390728477,2.0,4.148941876737776,signatures/9395a6c49ddeded3ae11fb356cafc064.sig.gz,"GCA_900542495.1 uncultured Roseburia sp., UMGS472",9395a6c49ddeded3ae11fb356cafc064,0.20012666244458518,151000,209,187474000,/nfs3_ib/nfs-ip34/home/def-ilafores/analysis/MethodsComparison/Feces_RA/preproc/SRR5091591/SRR5091591_unmatched_2.fastq,SRR5091591,29a0d04b718de891655a9a5e37d94cc4,392018000,31,DNA,1000,392018,true,0.8126742256537384,0.9494267201102494,0.8810504728819939,0.9494267201102494,537,4725359,6678089
435000,0.0011096429245595865,0.034116583822864886,0.0003851863945022933,0.0000700799285544113,3.0993377483443707,2.0,6.525299685475283,signatures/ae30325ad1f80739f2df51f6086d0d7b.sig.gz,"GCA_900754605.1 uncultured Oscillospiraceae bacterium, ERS396504_64",ae30325ad1f80739f2df51f6086d0d7b,0.0982828739267962,151000,210,187323000,/nfs3_ib/nfs-ip34/home/def-ilafores/analysis/MethodsComparison/Feces_RA/preproc/SRR5091591/SRR5091591_unmatched_2.fastq,SRR5091591,29a0d04b718de891655a9a5e37d94cc4,392018000,31,DNA,1000,392018,true,0.8029404380288666,0.9278959633381959,0.8654182006835313,0.9278959633381959,468,4725827,6678089
805000,0.0020534771362539475,0.041080783016266886,0.000380084587952594,0.000061544552640733,2.7583892617449663,2.0,1.8668820027612039,signatures/30261a1b36bb7ea826d90dbce7b10368.sig.gz,"GCA_934292725.1 uncultured Lachnospiraceae bacterium, ERR7738588_bin.131",30261a1b36bb7ea826d90dbce7b10368,0.22194651226909293,149000,211,187174000,/nfs3_ib/nfs-ip34/home/def-ilafores/analysis/MethodsComparison/Feces_RA/preproc/SRR5091591/SRR5091591_unmatched_2.fastq,SRR5091591,29a0d04b718de891655a9a5e37d94cc4,392018000,31,DNA,1000,392018,true,0.8190419098394771,0.9526014457164029,0.88582167777794,0.9526014457164029,411,4726238,6678089
404000,0.0010305649230392482,0.03453908984830805,0.0003775336846777444,0.00028780688607174895,12.986486486486486,1.0,30.444452405156138,signatures/bb9013a4e54fd785cd0dbda290c0bf70.sig.gz,"GCF_000195635.1 Bacteroides fluxus YIT 12057 strain=YIT 12057, ASM19563v1",bb9013a4e54fd785cd0dbda290c0bf70,0.09428238039673278,148000,212,187026000,/nfs3_ib/nfs-ip34/home/def-ilafores/analysis/MethodsComparison/Feces_RA/preproc/SRR5091591/SRR5091591_unmatched_2.fastq,SRR5091591,29a0d04b718de891655a9a5e37d94cc4,392018000,31,DNA,1000,392018,true,0.8010278063243473,0.9266529532033607,0.8638403797638541,0.9266529532033607,1922,4728160,6678089
180000,0.00045916258947293237,0.049528301886792456,0.00037498278140289475,0.000042976366442555644,1.9523809523809523,2.0,1.4907119849998596,signatures/a4b84820347df41b4e179c121a5d09eb.sig.gz,"GCA_905214955.1 uncultured bacterium, ERR1430502-mag-bin.37",a4b84820347df41b4e179c121a5d09eb,0.06064690026954178,147000,213,186879000,/nfs3_ib/nfs-ip34/home/def-ilafores/analysis/MethodsComparison/Feces_RA/preproc/SRR5091591/SRR5091591_unmatched_2.fastq,SRR5091591,29a0d04b718de891655a9a5e37d94cc4,392018000,31,DNA,1000,392018,true,0.7804076175475847,0.9135572353582457,0.8469824264529152,0.9135572353582457,287,4728447,6678089
290000,0.000739761949706391,0.038542212899842686,0.00037498278140289475,0.0001558829180024405,7.081632653061225,1.0,30.292791222591756,signatures/e32de2253dd10489d4675277a67c7138.sig.gz,"GCF_001275135.1 Prevotella rara strain=109, ASM127513v1",e32de2253dd10489d4675277a67c7138,0.07603565810173046,147000,214,186732000,/nfs3_ib/nfs-ip34/home/def-ilafores/analysis/MethodsComparison/Feces_RA/preproc/SRR5091591/SRR5091591_unmatched_2.fastq,SRR5091591,29a0d04b718de891655a9a5e37d94cc4,392018000,31,DNA,1000,392018,true,0.7925067454064286,0.9202456732093975,0.856376209307913,0.9202456732093975,1041,4729488,6678089
700000,0.001785632292394737,0.062340966921119595,0.00037498278140289475,0.00009373939161337922,4.258503401360544,4.0,2.665191178639145,signatures/a50e5b153863d50c50a3b724804b029a.sig.gz,"GCA_900764695.1 Lachnospiraceae bacterium, ERS537209_30",a50e5b153863d50c50a3b724804b029a,0.2968617472434266,147000,215,186585000,/nfs3_ib/nfs-ip34/home/def-ilafores/analysis/MethodsComparison/Feces_RA/preproc/SRR5091591/SRR5091591_unmatched_2.fastq,SRR5091591,29a0d04b718de891655a9a5e37d94cc4,392018000,31,DNA,1000,392018,true,0.8153576120189374,0.9615804401749373,0.8884690260969373,0.9615804401749373,626,4730114,6678089
706000,0.0018009377120438348,0.07046979865771812,0.00037498278140289475,0.0005309902278930395,24.122448979591837,24.0,11.533976993865382,signatures/90b92750dc8865ed4f4ab15e1fc4c9f1.sig.gz,"GCF_002834225.1 Ruminococcus bromii strain=ATCC 27255, ASM283422v1",90b92750dc8865ed4f4ab15e1fc4c9f1,0.33844678811121764,147000,216,186438000,/nfs3_ib/nfs-ip34/home/def-ilafores/analysis/MethodsComparison/Feces_RA/preproc/SRR5091591/SRR5091591_unmatched_2.fastq,SRR5091591,29a0d04b718de891655a9a5e37d94cc4,392018000,31,DNA,1000,392018,true,0.8155821267202886,0.965655616644859,0.8906188716825738,0.965655616644859,3546,4733660,6678089
596000,0.001520338351810376,0.02882527147087858,0.00037243187812804516,0.0015014774436219703,68.67808219178082,12.5,94.21848224378277,signatures/894ebfeac80d6a527fbc03d1d52101ee.sig.gz,"GCA_900762515.1 uncultured Odoribacter sp., SRS144506_36",894ebfeac80d6a527fbc03d1d52101ee,0.11767028627838105,146000,217,186292000,/nfs3_ib/nfs-ip34/home/def-ilafores/analysis/MethodsComparison/Feces_RA/preproc/SRR5091591/SRR5091591_unmatched_2.fastq,SRR5091591,29a0d04b718de891655a9a5e37d94cc4,392018000,31,DNA,1000,392018,true,0.8111381852905891,0.9333005247286864,0.8722193550096378,0.9333005247286864,10027,4743687,6678089
732000,0.001867261197189925,0.03856312731114633,0.00037243187812804516,0.00017085726171064806,7.815068493150685,1.0,35.9457360103264,signatures/42f7d6085de301c1a2403cf343a75638.sig.gz,"GCA_021636625.1 Prevotella sp., ASM2163662v1",42f7d6085de301c1a2403cf343a75638,0.19334389857369255,146000,218,186146000,/nfs3_ib/nfs-ip34/home/def-ilafores/analysis/MethodsComparison/Feces_RA/preproc/SRR5091591/SRR5091591_unmatched_2.fastq,SRR5091591,29a0d04b718de891655a9a5e37d94cc4,392018000,31,DNA,1000,392018,true,0.816534157848755,0.9483712991185755,0.8824527284836653,0.9483712991185755,1141,4744828,6678089
515000,0.0013137151865475565,0.03022722534917657,0.0003698809748531955,0.000040131241137996214,1.8482758620689654,1.0,1.1996035809742842,signatures/4499fcb0abcb8ac4a507b9907779a394.sig.gz,"GCF_001875655.1 Enterobacter hormaechei ATCC 49162 strain=ATCC 49162, ASM187565v1",4499fcb0abcb8ac4a507b9907779a394,0.10735876589535126,145000,219,186001000,/nfs3_ib/nfs-ip34/home/def-ilafores/analysis/MethodsComparison/Feces_RA/preproc/SRR5091591/SRR5091591_unmatched_2.fastq,SRR5091591,29a0d04b718de891655a9a5e37d94cc4,392018000,31,DNA,1000,392018,true,0.8073250468604691,0.9305435300800067,0.8689342884702379,0.9305435300800067,268,4745096,6678089
326000,0.0008315944676009775,0.04001103752759382,0.0003698809748531955,0.00004971482111124904,2.2896551724137932,1.0,2.895697739463723,signatures/4f9f7653a293be189ac633bff28f9766.sig.gz,"GCF_008121495.1 [Ruminococcus] gnavus ATCC 29149 strain=JCM6515, ASM812149v1",4f9f7653a293be189ac633bff28f9766,0.08995584988962473,145000,220,185856000,/nfs3_ib/nfs-ip34/home/def-ilafores/analysis/MethodsComparison/Feces_RA/preproc/SRR5091591/SRR5091591_unmatched_2.fastq,SRR5091591,29a0d04b718de891655a9a5e37d94cc4,392018000,31,DNA,1000,392018,true,0.7955038931509635,0.9252498284824198,0.8603768608166916,0.9252498284824198,332,4745428,6678089
758000,0.0019335846823360153,0.05786471067644662,0.00036222826502864663,0.0005058333304632508,23.788732394366196,24.0,10.192396355303226,signatures/feaa2561aec69ff1ac60f14b1357124a.sig.gz,"GCA_900317585.1 uncultured Lachnospiraceae bacterium, Rumen uncultured genome RUG297",feaa2561aec69ff1ac60f14b1357124a,0.30888345558272207,142000,221,185714000,/nfs3_ib/nfs-ip34/home/def-ilafores/analysis/MethodsComparison/Feces_RA/preproc/SRR5091591/SRR5091591_unmatched_2.fastq,SRR5091591,29a0d04b718de891655a9a5e37d94cc4,392018000,31,DNA,1000,392018,true,0.8174540106447019,0.9628125949239116,0.8901333027843068,0.9628125949239116,3378,4748806,6678089
792000,0.0020203153936809025,0.034357609484635857,0.00036222826502864663,0.00009493733911003582,4.464788732394366,3.0,5.811186361423715,signatures/8b9ee0a99cd55cb9745bc8ab38febfb2.sig.gz,"GCA_000285855.2 Ruminococcus sp. JC304, ASM28585v2",8b9ee0a99cd55cb9745bc8ab38febfb2,0.19162835712557463,142000,222,185572000,/nfs3_ib/nfs-ip34/home/def-ilafores/analysis/MethodsComparison/Feces_RA/preproc/SRR5091591/SRR5091591_unmatched_2.fastq,SRR5091591,29a0d04b718de891655a9a5e37d94cc4,392018000,31,DNA,1000,392018,true,0.818611870271085,0.9480986783528128,0.8833552743119488,0.9480986783528128,634,4749440,6678089
185000,0.0004719171058471805,0.043993759750390014,0.00035967736175379704,0.0000444738008133764,2.106382978723404,1.0,2.8176297258098,signatures/0a82fbb1baf29e98ba5966ef72c2aa29.sig.gz,"GCF_014982855.1 Pseudoflavonifractor sp. DSM 107456 strain=DSM 107456, ASM1498285v1",0a82fbb1baf29e98ba5966ef72c2aa29,0.057722308892355696,141000,223,185431000,/nfs3_ib/nfs-ip34/home/def-ilafores/analysis/MethodsComparison/Feces_RA/preproc/SRR5091591/SRR5091591_unmatched_2.fastq,SRR5091591,29a0d04b718de891655a9a5e37d94cc4,392018000,31,DNA,1000,392018,true,0.7810976762645953,0.9121018676119966,0.8465997719382959,0.9121018676119966,297,4749737,6678089
406000,0.0010356667295889474,0.04718945176960444,0.0003469228453795489,0.00004177841894589904,2.051470588235294,1.0,3.0542156327751138,signatures/1e952bee0de90eee5baa38c8773437cc.sig.gz,"GCF_003435815.1 Dorea sp. AM10-31 strain=AM10-31, ASM343581v1",1e952bee0de90eee5baa38c8773437cc,0.14087439278278974,136000,224,185295000,/nfs3_ib/nfs-ip34/home/def-ilafores/analysis/MethodsComparison/Feces_RA/preproc/SRR5091591/SRR5091591_unmatched_2.fastq,SRR5091591,29a0d04b718de891655a9a5e37d94cc4,392018000,31,DNA,1000,392018,true,0.8011554197435959,0.9387349115640384,0.8699451656538172,0.9387349115640384,279,4750016,6678089
1091000,0.00278303547286094,0.04395962227287528,0.00034437194210469927,0.000714725425192746,35.355555555555554,44.0,25.588905775070415,signatures/b11818d1b4bf0d22ae3d2662e33873ee.sig.gz,"GCF_003287405.1 Faecalibacterium prausnitzii strain=APC923/51-1, ASM328740v1",b11818d1b4bf0d22ae3d2662e33873ee,0.35525887333116246,135000,225,185160000,/nfs3_ib/nfs-ip34/home/def-ilafores/analysis/MethodsComparison/Feces_RA/preproc/SRR5091591/SRR5091591_unmatched_2.fastq,SRR5091591,29a0d04b718de891655a9a5e37d94cc4,392018000,31,DNA,1000,392018,true,0.8271135216096258,0.9671669546327644,0.897140238121195,0.9671669546327644,4773,4754789,6678089
138000,0.00035202465192924815,0.06909090909090909,0.00033927013555500003,0.00003548919458845188,1.781954887218045,1.0,1.1059534441020684,signatures/3d1c191689b5d1c1bdefa098d4ca6bfe.sig.gz,"GCF_000479335.1 Streptococcus sp. I-G2 strain=I-G2, ASM47933v1",3d1c191689b5d1c1bdefa098d4ca6bfe,0.07168831168831169,133000,226,185027000,/nfs3_ib/nfs-ip34/home/def-ilafores/analysis/MethodsComparison/Feces_RA/preproc/SRR5091591/SRR5091591_unmatched_2.fastq,SRR5091591,29a0d04b718de891655a9a5e37d94cc4,392018000,31,DNA,1000,392018,true,0.7737472732487718,0.9184996160839978,0.8461234446663848,0.9184996160839978,237,4755026,6678089
357000,0.0009106724691213159,0.036893203883495145,0.00033927013555500003,0.00004956507767416697,2.488721804511278,2.0,2.219586567726032,signatures/8e36fa6376c89f326361da49b008d0df.sig.gz,"GCA_022728415.1 Collinsella sp., ASM2272841v1",8e36fa6376c89f326361da49b008d0df,0.09902912621359224,133000,227,184894000,/nfs3_ib/nfs-ip34/home/def-ilafores/analysis/MethodsComparison/Feces_RA/preproc/SRR5091591/SRR5091591_unmatched_2.fastq,SRR5091591,29a0d04b718de891655a9a5e37d94cc4,392018000,31,DNA,1000,392018,true,0.7978383537550668,0.9281224042111703,0.8629803789831185,0.9281224042111703,331,4755357,6678089
636000,0.001622374482804361,0.02982695810564663,0.0003341683290053008,0.00015573317456535845,7.938931297709924,4.0,11.56247928007442,signatures/b7ffc7db10e9d5437f87b064a28aa398.sig.gz,"GCA_900758315.1 uncultured Oscillospiraceae bacterium, ERS608503_14",b7ffc7db10e9d5437f87b064a28aa398,0.1448087431693989,131000,228,184763000,/nfs3_ib/nfs-ip34/home/def-ilafores/analysis/MethodsComparison/Feces_RA/preproc/SRR5091591/SRR5091591_unmatched_2.fastq,SRR5091591,29a0d04b718de891655a9a5e37d94cc4,392018000,31,DNA,1000,392018,true,0.8128396392338056,0.9395693996136681,0.8762045194237369,0.9395693996136681,1040,4756397,6678089
595000,0.0015177874485355265,0.0680379746835443,0.00032906652245560155,0.00004911584736292074,2.5426356589147288,2.0,1.8001195134224863,signatures/34dde6ad5dd3664dc9a639f81581c29c.sig.gz,"GCA_905207935.1 uncultured Haemophilus sp., SRR413574-mag-bin.5",34dde6ad5dd3664dc9a639f81581c29c,0.3138185654008439,129000,229,184634000,/nfs3_ib/nfs-ip34/home/def-ilafores/analysis/MethodsComparison/Feces_RA/preproc/SRR5091591/SRR5091591_unmatched_2.fastq,SRR5091591,29a0d04b718de891655a9a5e37d94cc4,392018000,31,DNA,1000,392018,true,0.8110942473470487,0.9633050274604683,0.8871996374037585,0.9633050274604683,328,4756725,6678089
854000,0.002178471396721579,0.024436807941962582,0.0003265156191807519,0.0010073241012511214,52.5546875,34.0,67.57435818620361,signatures/353190f92d01efc1dc08673995d84562.sig.gz,"GCF_000614185.1 Bacteroides sartorii JCM 17136 = DSM 21941 strain=JCM 17136, ASM61418v1",353190f92d01efc1dc08673995d84562,0.1630393279877816,128000,230,184506000,/nfs3_ib/nfs-ip34/home/def-ilafores/analysis/MethodsComparison/Feces_RA/preproc/SRR5091591/SRR5091591_unmatched_2.fastq,SRR5091591,29a0d04b718de891655a9a5e37d94cc4,392018000,31,DNA,1000,392018,true,0.8206045695873119,0.9431702133395803,0.8818873914634461,0.9431702133395803,6727,4763452,6678089
1270000,0.003239647159059023,0.02258580828739107,0.00032396471590590226,0.0001334214024401292,7.015748031496063,2.0,28.41453112003006,signatures/b4482d10cb2488078dd11fc3de09368a.sig.gz,"GCF_009193295.2 Bacteroides sp. HF-5141 strain=HF-5141, ASM919329v2",b4482d10cb2488078dd11fc3de09368a,0.22585808287391074,127000,231,184379000,/nfs3_ib/nfs-ip34/home/def-ilafores/analysis/MethodsComparison/Feces_RA/preproc/SRR5091591/SRR5091591_unmatched_2.fastq,SRR5091591,29a0d04b718de891655a9a5e37d94cc4,392018000,31,DNA,1000,392018,true,0.8311769186600426,0.9531384473338704,0.8921576829969565,0.9531384473338704,891,4764343,6678089
1401000,0.0035738154880643235,0.03287242368901644,0.00032141381263105267,0.00013731473180426316,7.277777777777778,1.0,32.980667470622244,signatures/25193ca20fa965045f4893947deacea0.sig.gz,"GCF_019127135.1 Prevotella copri strain=MSK.21.95, ASM1912713v1",25193ca20fa965045f4893947deacea0,0.3655100443516828,126000,232,184253000,/nfs3_ib/nfs-ip34/home/def-ilafores/analysis/MethodsComparison/Feces_RA/preproc/SRR5091591/SRR5091591_unmatched_2.fastq,SRR5091591,29a0d04b718de891655a9a5e37d94cc4,392018000,31,DNA,1000,392018,true,0.833813223361915,0.9680548785318792,0.900934050946897,0.9680548785318792,917,4765260,6678089
502000,0.0012805534439745115,0.03300157150340492,0.00032141381263105267,0.000049265590800002816,2.611111111111111,2.0,3.6622749071568648,signatures/b8f06c753f81002527c220d71b808abd.sig.gz,"GCF_003463065.1 Blautia sp. OF03-15BH strain=OF03-15BH, ASM346306v1",b8f06c753f81002527c220d71b808abd,0.13148245154531168,126000,233,184127000,/nfs3_ib/nfs-ip34/home/def-ilafores/analysis/MethodsComparison/Feces_RA/preproc/SRR5091591/SRR5091591_unmatched_2.fastq,SRR5091591,29a0d04b718de891655a9a5e37d94cc4,392018000,31,DNA,1000,392018,true,0.8066594922336262,0.9366479359499721,0.8716537140917991,0.9366479359499721,329,4765589,6678089
327000,0.0008341453708758271,0.04045676998368679,0.00031631200608135343,0.00003099689147598961,1.6693548387096775,1.0,0.9977537206108112,signatures/bd681f037c8727969d76c66ba8a64b88.sig.gz,"GCF_000235885.1 Prevotella stercorea DSM 18206 strain=DSM 18206, ASM23588v1",bd681f037c8727969d76c66ba8a64b88,0.1066884176182708,124000,234,184003000,/nfs3_ib/nfs-ip34/home/def-ilafores/analysis/MethodsComparison/Feces_RA/preproc/SRR5091591/SRR5091591_unmatched_2.fastq,SRR5091591,29a0d04b718de891655a9a5e37d94cc4,392018000,31,DNA,1000,392018,true,0.7955824925496788,0.9303555319534761,0.8629690122515774,0.9303555319534761,207,4765796,6678089
128000,0.0003265156191807519,0.05059159526723786,0.00031631200608135343,0.000021113824628572633,1.1370967741935485,1.0,0.480837264056898,signatures/274d37fe38c89456352e287313491fb8.sig.gz,"GCF_010669225.1 Megamonas funiformis strain=JCM 14723, ASM1066922v1",274d37fe38c89456352e287313491fb8,0.05222358221134231,124000,235,183879000,/nfs3_ib/nfs-ip34/home/def-ilafores/analysis/MethodsComparison/Feces_RA/preproc/SRR5091591/SRR5091591_unmatched_2.fastq,SRR5091591,29a0d04b718de891655a9a5e37d94cc4,392018000,31,DNA,1000,392018,true,0.7718720036860034,0.9091611304047605,0.840516567045382,0.9091611304047605,141,4765937,6678089
126000,0.00032141381263105267,0.03535498706524864,0.0003137611028065038,0.00004192816238298112,2.2764227642276422,1.0,4.288955020848773,signatures/85180973bcf7ff8f6fcf5e290ed49454.sig.gz,"GCF_000024265.1 Eggerthella lenta DSM 2243 strain=DSM 2243, ASM2426v1",85180973bcf7ff8f6fcf5e290ed49454,0.03621730382293763,123000,236,183756000,/nfs3_ib/nfs-ip34/home/def-ilafores/analysis/MethodsComparison/Feces_RA/preproc/SRR5091591/SRR5091591_unmatched_2.fastq,SRR5091591,29a0d04b718de891655a9a5e37d94cc4,392018000,31,DNA,1000,392018,true,0.7714799834037863,0.8984903625468936,0.8349851729753399,0.8984903625468936,280,4766217,6678089
413000,0.0010535230525128949,0.025716077775454736,0.0003137611028065038,0.00003099689147598961,1.6829268292682926,1.0,1.1139694874799255,signatures/c77f51fef1fd0ae90ad423dc234cbed0.sig.gz,"GCF_001729805.1 Enterobacter roggenkampii strain=DSM 16690, ASM172980v1",c77f51fef1fd0ae90ad423dc234cbed0,0.08634748066067321,123000,237,183633000,/nfs3_ib/nfs-ip34/home/def-ilafores/analysis/MethodsComparison/Feces_RA/preproc/SRR5091591/SRR5091591_unmatched_2.fastq,SRR5091591,29a0d04b718de891655a9a5e37d94cc4,392018000,31,DNA,1000,392018,true,0.801597325377445,0.9240287272141475,0.8628130262957963,0.9240287272141475,207,4766424,6678089
350000,0.0008928161461973685,0.047674872997264556,0.00031121019953165414,0.0004403954484583838,24.10655737704918,2.0,42.53230351446661,signatures/1c3ea5fbf00ea2a5dc8cb8d21cd793e8.sig.gz,"GCA_900757715.1 uncultured Veillonella sp., ERS537359_13",1c3ea5fbf00ea2a5dc8cb8d21cd793e8,0.13677217663149668,122000,238,183511000,/nfs3_ib/nfs-ip34/home/def-ilafores/analysis/MethodsComparison/Feces_RA/preproc/SRR5091591/SRR5091591_unmatched_2.fastq,SRR5091591,29a0d04b718de891655a9a5e37d94cc4,392018000,31,DNA,1000,392018,true,0.7973288618071523,0.9378404491074558,0.8675846554573041,0.9378404491074558,2941,4769365,6678089
555000,0.0014157513175415415,0.028225806451612902,0.0003035574897071053,0.00011919577591733204,6.689075630252101,2.0,9.004898666052645,signatures/e869cf0b15c41500b90acfad5f73aa6d.sig.gz,"GCF_900537995.1 Roseburia intestinalis L1-82 strain=L1-82, Roseburia intestinalis strain L1-82",e869cf0b15c41500b90acfad5f73aa6d,0.13164136622390893,119000,239,183392000,/nfs3_ib/nfs-ip34/home/def-ilafores/analysis/MethodsComparison/Feces_RA/preproc/SRR5091591/SRR5091591_unmatched_2.fastq,SRR5091591,29a0d04b718de891655a9a5e37d94cc4,392018000,31,DNA,1000,392018,true,0.809275427794392,0.9366844329399407,0.8729799303671664,0.9366844329399407,796,4770161,6678089
890000,0.0022703039146161658,0.029484638255698713,0.0003035574897071053,0.00006364096075988206,3.5714285714285716,2.0,3.2060117598913793,signatures/dd362ff77f4bcc80ca1e3387a9b01f6e.sig.gz,"GCF_013304735.1 Blautia luti strain=MSK.16.34, ASM1330473v1",dd362ff77f4bcc80ca1e3387a9b01f6e,0.22051536174430128,119000,240,183273000,/nfs3_ib/nfs-ip34/home/def-ilafores/analysis/MethodsComparison/Feces_RA/preproc/SRR5091591/SRR5091591_unmatched_2.fastq,SRR5091591,29a0d04b718de891655a9a5e37d94cc4,392018000,31,DNA,1000,392018,true,0.8216982972812611,0.9524026782971154,0.8870504877891883,0.9524026782971154,425,4770586,6678089
402000,0.001025463116489549,0.028805562453439286,0.0002959047798825564,0.0000530091767270547,3.0517241379310347,1.0,4.29684091571175,signatures/58b90d0235337728c5561352b275e9fd.sig.gz,"GCA_902363665.1 Lachnospiraceae bacterium, MGYG-HGUT-00137",58b90d0235337728c5561352b275e9fd,0.09982617333002235,116000,241,183157000,/nfs3_ib/nfs-ip34/home/def-ilafores/analysis/MethodsComparison/Feces_RA/preproc/SRR5091591/SRR5091591_unmatched_2.fastq,SRR5091591,29a0d04b718de891655a9a5e37d94cc4,392018000,31,DNA,1000,392018,true,0.8008995800639755,0.9283624415831859,0.8646310108235807,0.9283624415831859,354,4770940,6678089
117000,0.000298455683157406,0.05152329749103943,0.0002933538766077068,0.000028900483356840556,1.6782608695652175,1.0,1.0758036517712983,signatures/f8d9388a7eab6c9063b28513c0230bef.sig.gz,"GCA_001436895.1 Weissella confusa strain=DSM 20196, ASM143689v1",f8d9388a7eab6c9063b28513c0230bef,0.05241935483870968,115000,242,183042000,/nfs3_ib/nfs-ip34/home/def-ilafores/analysis/MethodsComparison/Feces_RA/preproc/SRR5091591/SRR5091591_unmatched_2.fastq,SRR5091591,29a0d04b718de891655a9a5e37d94cc4,392018000,31,DNA,1000,392018,true,0.76963790167923,0.9092708736825051,0.8394543876808676,0.9092708736825051,193,4771133,6678089
2352000,0.005999724502446316,0.021939275220372183,0.0002857011667831579,0.0005107748638869592,30.455357142857142,2.0,83.09470590761151,signatures/20d3ad2db691676c0843017fd7066d73.sig.gz,"GCF_009193325.2 Bacteroides sp. HF-5287 strain=HF-5287, ASM919332v2",20d3ad2db691676c0843017fd7066d73,0.4607247796278159,112000,243,182930000,/nfs3_ib/nfs-ip34/home/def-ilafores/analysis/MethodsComparison/Feces_RA/preproc/SRR5091591/SRR5091591_unmatched_2.fastq,SRR5091591,29a0d04b718de891655a9a5e37d94cc4,392018000,31,DNA,1000,392018,true,0.8478652118627216,0.9753113459998565,0.911588278931289,0.9753113459998565,3411,4774544,6678089
534000,0.0013621823487696993,0.03401153962951716,0.0002857011667831579,0.00014540087740669524,8.669642857142858,5.5,13.33188202932645,signatures/ad88132eb529dcc3d2bfa18338979035.sig.gz,"GCF_018784445.1 Gemmiger formicilis strain=MCC627, ASM1878444v1",ad88132eb529dcc3d2bfa18338979035,0.16216216216216217,112000,244,182818000,/nfs3_ib/nfs-ip34/home/def-ilafores/analysis/MethodsComparison/Feces_RA/preproc/SRR5091591/SRR5091591_unmatched_2.fastq,SRR5091591,29a0d04b718de891655a9a5e37d94cc4,392018000,31,DNA,1000,392018,true,0.8082690993439066,0.9430060973784061,0.8756375983611564,0.9430060973784061,971,4775515,6678089
435000,0.0011096429245595865,0.023285351397121085,0.00028059936023345865,0.000023958949933132067,1.4545454545454546,1.0,1.0756508696544755,signatures/8846ab4d9c9c80f7b9f88cf9fbf1a878.sig.gz,"GCF_011064845.1 Citrobacter freundii ATCC 8090 = MTCC 1658 = NBRC 12681 strain=ATCC 8090, ASM1106484v1",8846ab4d9c9c80f7b9f88cf9fbf1a878,0.09208298052497883,110000,245,182708000,/nfs3_ib/nfs-ip34/home/def-ilafores/analysis/MethodsComparison/Feces_RA/preproc/SRR5091591/SRR5091591_unmatched_2.fastq,SRR5091591,29a0d04b718de891655a9a5e37d94cc4,392018000,31,DNA,1000,392018,true,0.8029404380288666,0.9259476444898197,0.8644440412593432,0.9259476444898197,160,4775675,6678089
663000,0.001691248871225301,0.03073484213467449,0.00028059936023345865,0.00009868092503708771,5.990909090909091,5.0,4.7242035491237795,signatures/e10a6daf2b20df057b3f9f1ce4135078.sig.gz,"GCF_018919065.1 Blautia sp. MSJ-9 strain=MSJ-9, ASM1891906v1",e10a6daf2b20df057b3f9f1ce4135078,0.18524727577535624,110000,246,182598000,/nfs3_ib/nfs-ip34/home/def-ilafores/analysis/MethodsComparison/Feces_RA/preproc/SRR5091591/SRR5091591_unmatched_2.fastq,SRR5091591,29a0d04b718de891655a9a5e37d94cc4,392018000,31,DNA,1000,392018,true,0.8139305308601523,0.9470634828704739,0.8804970068653131,0.9470634828704739,659,4776334,6678089
486000,0.0012397389915769174,0.07185234014502308,0.00027804845695860906,0.00016441829391611882,10.073394495412844,9.0,6.529687211720442,signatures/3fda8f84e76a691e9eb1642a4a2ee4ee.sig.gz,"GCA_900551745.1 uncultured Phascolarctobacterium sp., UMGS1431",3fda8f84e76a691e9eb1642a4a2ee4ee,0.32036914963744234,109000,247,182489000,/nfs3_ib/nfs-ip34/home/def-ilafores/analysis/MethodsComparison/Feces_RA/preproc/SRR5091591/SRR5091591_unmatched_2.fastq,SRR5091591,29a0d04b718de891655a9a5e37d94cc4,392018000,31,DNA,1000,392018,true,0.80581706444577,0.9639472041009236,0.8848821342733468,0.9639472041009236,1098,4777432,6678089
264000,0.0006734384645603008,0.017661488143908423,0.0002754975536837594,0.000031296378350153765,1.9351851851851851,1.0,1.5231129681854183,signatures/739a338e14cc87f75a365aa593e8e68c.sig.gz,"GCF_002925905.1 Klebsiella michiganensis strain=DSM 25444, ASM292590v1",739a338e14cc87f75a365aa593e8e68c,0.043172526573998365,108000,248,182381000,/nfs3_ib/nfs-ip34/home/def-ilafores/analysis/MethodsComparison/Feces_RA/preproc/SRR5091591/SRR5091591_unmatched_2.fastq,SRR5091591,29a0d04b718de891655a9a5e37d94cc4,392018000,31,DNA,1000,392018,true,0.7901090378760536,0.9035962801214511,0.8468526589987524,0.9035962801214511,209,4777641,6678089
112000,0.0002857011667831579,0.03862660944206009,0.0002754975536837594,0.000047917899866264134,2.962962962962963,1.0,9.132690494333799,signatures/59bfa4ed192c2f53322a3feb7d755c9c.sig.gz,"GCA_900540255.1 uncultured Clostridium sp., UMGS222",59bfa4ed192c2f53322a3feb7d755c9c,0.04005722460658083,108000,249,182273000,/nfs3_ib/nfs-ip34/home/def-ilafores/analysis/MethodsComparison/Feces_RA/preproc/SRR5091591/SRR5091591_unmatched_2.fastq,SRR5091591,29a0d04b718de891655a9a5e37d94cc4,392018000,31,DNA,1000,392018,true,0.7685543430847621,0.9014158472873343,0.8349850951860482,0.9014158472873343,320,4777961,6678089
463000,0.001181068216255376,0.03152364273204904,0.0002754975536837594,0.00004686969580668961,2.8981481481481484,2.0,2.5090200788016634,signatures/906bdc24ee9fe544de890358285baa26.sig.gz,"GCA_021204515.1 Alistipes sp., ASM2120451v1",906bdc24ee9fe544de890358285baa26,0.13514302393461763,108000,250,182165000,/nfs3_ib/nfs-ip34/home/def-ilafores/analysis/MethodsComparison/Feces_RA/preproc/SRR5091591/SRR5091591_unmatched_2.fastq,SRR5091591,29a0d04b718de891655a9a5e37d94cc4,392018000,31,DNA,1000,392018,true,0.8045578146680944,0.9374780001714461,0.8710179074197703,0.9374780001714461,313,4778274,6678089
815000,0.0020789861690024437,0.05151661049590756,0.0002729466504089098,0.0006070598939307338,37.88785046728972,44.0,23.884585066329382,signatures/1199bb7ceeef5b5106f83b0a80c5b1c4.sig.gz,"GCA_905215595.1 uncultured bacterium, ERR1600666-mag-bin.42",1199bb7ceeef5b5106f83b0a80c5b1c4,0.3923928743379875,107000,251,182058000,/nfs3_ib/nfs-ip34/home/def-ilafores/analysis/MethodsComparison/Feces_RA/preproc/SRR5091591/SRR5091591_unmatched_2.fastq,SRR5091591,29a0d04b718de891655a9a5e37d94cc4,392018000,31,DNA,1000,392018,true,0.8193681605083605,0.9702736324508295,0.894820896479595,0.9702736324508295,4054,4782328,6678089
649000,0.0016555362253774062,0.02441943978932248,0.0002601921340346617,0.00005001430798541319,3.2745098039215685,2.0,3.5649625654473756,signatures/10a3119a5699e5fe2f6e2fb304de6b7c.sig.gz,"GCF_020537505.1 Blautia glucerasea strain=MSK.18.94, ASM2053750v1",10a3119a5699e5fe2f6e2fb304de6b7c,0.15537467081637538,102000,252,181956000,/nfs3_ib/nfs-ip34/home/def-ilafores/analysis/MethodsComparison/Feces_RA/preproc/SRR5091591/SRR5091591_unmatched_2.fastq,SRR5091591,29a0d04b718de891655a9a5e37d94cc4,392018000,31,DNA,1000,392018,true,0.8133703647411318,0.9417063328826082,0.87753834881187,0.9417063328826082,334,4782662,6678089
136000,0.0003469228453795489,0.04269568857262453,0.0002601921340346617,0.000028002022734348106,1.8333333333333333,1.0,2.1193937966691028,signatures/0854b8088d72c46ab2395defdf10b2a3.sig.gz,"GCA_900543445.1 uncultured Lachnobacterium sp., UMGS570",0854b8088d72c46ab2395defdf10b2a3,0.05692758476349937,102000,253,181854000,/nfs3_ib/nfs-ip34/home/def-ilafores/analysis/MethodsComparison/Feces_RA/preproc/SRR5091591/SRR5091591_unmatched_2.fastq,SRR5091591,29a0d04b718de891655a9a5e37d94cc4,392018000,31,DNA,1000,392018,true,0.7733829789937159,0.9116940516339291,0.8425385153138225,0.9116940516339291,187,4782849,6678089
290000,0.000739761949706391,0.017954298150163223,0.0002525394242101128,0.00045192569311370363,30.484848484848484,2.0,60.12551915168692,signatures/e1a6b1808735b4a3230b660a9d899fa2.sig.gz,"GCA_000613465.1 Bacteroides nordii WAL 11050 = JCM 12987 strain=JCM 12987, ASM61346v1",e1a6b1808735b4a3230b660a9d899fa2,0.05259339862169024,99000,254,181755000,/nfs3_ib/nfs-ip34/home/def-ilafores/analysis/MethodsComparison/Feces_RA/preproc/SRR5091591/SRR5091591_unmatched_2.fastq,SRR5091591,29a0d04b718de891655a9a5e37d94cc4,392018000,31,DNA,1000,392018,true,0.7925067454064286,0.9093681039916762,0.8509374246990524,0.9093681039916762,3018,4785867,6678089
106000,0.0002703957471340602,0.044534412955465584,0.0002525394242101128,0.00002590561461519905,1.7474747474747474,1.0,1.1312229401278076,signatures/9c014c37b29f5564fc6d5137d5732c7f.sig.gz,"GCA_900543295.1 uncultured Ruminococcaceae bacterium, UMGS551",9c014c37b29f5564fc6d5137d5732c7f,0.04768331084120558,99000,255,181656000,/nfs3_ib/nfs-ip34/home/def-ilafores/analysis/MethodsComparison/Feces_RA/preproc/SRR5091591/SRR5091591_unmatched_2.fastq,SRR5091591,29a0d04b718de891655a9a5e37d94cc4,392018000,31,DNA,1000,392018,true,0.7671905084540069,0.9064975990224837,0.8368440537382453,0.9064975990224837,173,4786040,6678089
381000,0.0009718941477177068,0.03987112364075715,0.0002525394242101128,0.00006109532232948677,4.121212121212121,4.0,3.2388822341545183,signatures/8481cbe07c98539d617a974c2a94df25.sig.gz,"GCF_003024675.1 Faecalibacillus faecis strain=SNUG30370, ASM302467v1",8481cbe07c98539d617a974c2a94df25,0.15344341522351992,99000,256,181557000,/nfs3_ib/nfs-ip34/home/def-ilafores/analysis/MethodsComparison/Feces_RA/preproc/SRR5091591/SRR5091591_unmatched_2.fastq,SRR5091591,29a0d04b718de891655a9a5e37d94cc4,392018000,31,DNA,1000,392018,true,0.7995146358065697,0.9413264594924936,0.8704205476495317,0.9413264594924936,408,4786448,6678089
886000,0.002260100301516767,0.019878296146044624,0.00024998852093526317,0.00004222764925714527,2.877551020408163,2.0,2.383040872166763,signatures/508fc5149090b0f21b10913fa9e34604.sig.gz,"GCF_005843885.1 Escherichia sp. E4742 strain=E4742, ASM584388v1",508fc5149090b0f21b10913fa9e34604,0.1797160243407708,98000,257,181459000,/nfs3_ib/nfs-ip34/home/def-ilafores/analysis/MethodsComparison/Feces_RA/preproc/SRR5091591/SRR5091591_unmatched_2.fastq,SRR5091591,29a0d04b718de891655a9a5e37d94cc4,392018000,31,DNA,1000,392018,true,0.821578907570381,0.9461378419792809,0.883858374774831,0.9461378419792809,282,4786730,6678089
410000,0.001045870342688346,0.04381560931081698,0.00024488671438556393,0.00004177841894589904,2.90625,2.0,3.813567132073766,signatures/ec91c857ffc5356b7bb3a06f976e8fcd.sig.gz,"GCA_905215445.1 uncultured bacterium, ERR1600606-mag-bin.19",ec91c857ffc5356b7bb3a06f976e8fcd,0.1871291647649475,96000,258,181363000,/nfs3_ib/nfs-ip34/home/def-ilafores/analysis/MethodsComparison/Feces_RA/preproc/SRR5091591/SRR5091591_unmatched_2.fastq,SRR5091591,29a0d04b718de891655a9a5e37d94cc4,392018000,31,DNA,1000,392018,true,0.8014088316781899,0.9473723229803034,0.8743905773292466,0.9473723229803034,279,4787009,6678089
657000,0.0016759434515762031,0.027238481599536367,0.0002397849078358647,0.00002455792368146037,1.7446808510638299,1.0,2.1084236837170205,signatures/0227623092f5284666842cee08522da1.sig.gz,"GCA_022732315.1 Prevotella sp., ASM2273231v1",0227623092f5284666842cee08522da1,0.19037960011590843,94000,259,181269000,/nfs3_ib/nfs-ip34/home/def-ilafores/analysis/MethodsComparison/Feces_RA/preproc/SRR5091591/SRR5091591_unmatched_2.fastq,SRR5091591,29a0d04b718de891655a9a5e37d94cc4,392018000,31,DNA,1000,392018,true,0.8136918749065216,0.9478987459781751,0.8807953104423484,0.9478987459781751,164,4787173,6678089
531000,0.0013545296389451504,0.04742478327383988,0.00023723400456101504,0.00003144612178723584,2.2580645161290325,2.0,1.6389297964092602,signatures/ed62478687148592d12f6b299511840b.sig.gz,"GCF_003252725.1 Haemophilus parainfluenzae strain=C2004000280, ASM325272v1",ed62478687148592d12f6b299511840b,0.2707802141764406,93000,260,181176000,/nfs3_ib/nfs-ip34/home/def-ilafores/analysis/MethodsComparison/Feces_RA/preproc/SRR5091591/SRR5091591_unmatched_2.fastq,SRR5091591,29a0d04b718de891655a9a5e37d94cc4,392018000,31,DNA,1000,392018,true,0.8081222210530126,0.9587322141267108,0.8834272175898616,0.9587322141267108,210,4787383,6678089
130000,0.00033161742573045114,0.04283054003724395,0.00023468310128616542,0.000021413311502736786,1.5543478260869565,1.0,0.8257293276221173,signatures/19cdfbee6fc6e92ebe37b013b1570229.sig.gz,"GCA_900544405.1 uncultured Clostridiales bacterium, UMGS670",19cdfbee6fc6e92ebe37b013b1570229,0.06052141527001862,92000,261,181084000,/nfs3_ib/nfs-ip34/home/def-ilafores/analysis/MethodsComparison/Feces_RA/preproc/SRR5091591/SRR5091591_unmatched_2.fastq,SRR5091591,29a0d04b718de891655a9a5e37d94cc4,392018000,31,DNA,1000,392018,true,0.7722581404810348,0.9134961984603676,0.8428771694707011,0.9134961984603676,143,4787526,6678089
96000,0.00024488671438556393,0.017043349388662466,0.00023468310128616542,0.00002126356806565471,1.5434782608695652,1.0,0.993599554958821,signatures/61fc5c46911b79964db79f4fbfb03952.sig.gz,"GCF_002980555.1 Phyllobacterium myrsinacearum strain=DSM 5892, ASM298055v1",61fc5c46911b79964db79f4fbfb03952,0.01778436457947388,92000,262,180992000,/nfs3_ib/nfs-ip34/home/def-ilafores/analysis/MethodsComparison/Feces_RA/preproc/SRR5091591/SRR5091591_unmatched_2.fastq,SRR5091591,29a0d04b718de891655a9a5e37d94cc4,392018000,31,DNA,1000,392018,true,0.7647421139847167,0.8781114180082986,0.8214267659965077,0.8781114180082986,142,4787668,6678089
821000,0.0020942915886515414,0.0361145703611457,0.0002219285849119173,0.0004624077337094489,35.49425287356322,44.0,25.796227810852276,signatures/60a9e9ca89a21d914fa4e444179f1b5d.sig.gz,"GCA_934503275.1 uncultured Faecalibacterium sp., ERR7745836_bin.91",60a9e9ca89a21d914fa4e444179f1b5d,0.34080531340805315,87000,263,180905000,/nfs3_ib/nfs-ip34/home/def-ilafores/analysis/MethodsComparison/Feces_RA/preproc/SRR5091591/SRR5091591_unmatched_2.fastq,SRR5091591,29a0d04b718de891655a9a5e37d94cc4,392018000,31,DNA,1000,392018,true,0.8195620564257177,0.9658719634625713,0.8927170099441445,0.9658719634625713,3088,4790756,6678089
544000,0.0013876913815181956,0.02564102564102564,0.0002219285849119173,0.0001139547556194594,8.74712643678161,7.0,6.078449573197002,signatures/aaf64c896b57b54ab4fa83cb430314d8.sig.gz,"GCA_900772845.1 Lachnospiraceae bacterium, SRS883029_98",aaf64c896b57b54ab4fa83cb430314d8,0.16033009136457413,87000,264,180818000,/nfs3_ib/nfs-ip34/home/def-ilafores/analysis/MethodsComparison/Feces_RA/preproc/SRR5091591/SRR5091591_unmatched_2.fastq,SRR5091591,29a0d04b718de891655a9a5e37d94cc4,392018000,31,DNA,1000,392018,true,0.8087529907877632,0.9426605314993339,0.8757067611435485,0.9426605314993339,761,4791517,6678089
1531000,0.0039054329137947746,0.027418846517491335,0.0002219285849119173,0.000025156897429788673,1.9310344827586208,1.0,2.495020804503019,signatures/aa7e9902703259233337afe1873a34ce.sig.gz,"GCA_025151535.1 Prevotella copri DSM 18205 strain=DSM 18205, ASM2515153v1",aa7e9902703259233337afe1873a34ce,0.4825086668767728,87000,265,180731000,/nfs3_ib/nfs-ip34/home/def-ilafores/analysis/MethodsComparison/Feces_RA/preproc/SRR5091591/SRR5091591_unmatched_2.fastq,SRR5091591,29a0d04b718de891655a9a5e37d94cc4,392018000,31,DNA,1000,392018,true,0.8362033615691087,0.9767658959645994,0.906484628766854,0.9767658959645994,168,4791685,6678089
755000,0.0019259319725114664,0.045502092050209206,0.0002219285849119173,0.00008924708850091696,6.850574712643678,7.0,4.3616108371784765,signatures/92b19d619bec44211e0cd1149887d856.sig.gz,"GCA_905215045.1 uncultured bacterium, ERR1600571-mag-bin.33",92b19d619bec44211e0cd1149887d856,0.3948744769874477,87000,266,180644000,/nfs3_ib/nfs-ip34/home/def-ilafores/analysis/MethodsComparison/Feces_RA/preproc/SRR5091591/SRR5091591_unmatched_2.fastq,SRR5091591,29a0d04b718de891655a9a5e37d94cc4,392018000,31,DNA,1000,392018,true,0.8173494455467503,0.9704709738185385,0.8939102096826443,0.9704709738185385,596,4792281,6678089
166000,0.00042344994362503765,0.02669149596523898,0.00021937768163706768,0.000250071539927066,19.41860465116279,1.5,26.83388395826365,signatures/56a187d0b325a22e72d7369e11bd76b9.sig.gz,"GCF_006542665.1 Alistipes communis strain=5CBH24, Acom_1.0",56a187d0b325a22e72d7369e11bd76b9,0.051520794537554315,86000,267,180558000,/nfs3_ib/nfs-ip34/home/def-ilafores/analysis/MethodsComparison/Feces_RA/preproc/SRR5091591/SRR5091591_unmatched_2.fastq,SRR5091591,29a0d04b718de891655a9a5e37d94cc4,392018000,31,DNA,1000,392018,true,0.7783719264730122,0.9087638652500322,0.8435678958615223,0.9087638652500322,1670,4793951,6678089
228000,0.0005816059466657144,0.015808823529411764,0.00021937768163706768,0.0003547422024474367,27.546511627906977,9.0,35.35555512969547,signatures/5c4ff261a0e70d62e40310cd5591ac00.sig.gz,"GCF_011927845.1 Butyricimonas paravirosa strain=DSM 105722, ASM1192784v1",5c4ff261a0e70d62e40310cd5591ac00,0.04191176470588235,86000,268,180472000,/nfs3_ib/nfs-ip34/home/def-ilafores/analysis/MethodsComparison/Feces_RA/preproc/SRR5091591/SRR5091591_unmatched_2.fastq,SRR5091591,29a0d04b718de891655a9a5e37d94cc4,392018000,31,DNA,1000,392018,true,0.7863813196068002,0.9027328034363509,0.8445570615215756,0.9027328034363509,2369,4796320,6678089
350000,0.0008928161461973685,0.042053789731051346,0.00021937768163706768,0.000018418442761095276,1.430232558139535,1.0,0.7706943060374667,signatures/042dfc5f8a6fb60e4ccd13dd923312da.sig.gz,"GCA_900557035.1 uncultured Prevotella sp., UMGS1996",042dfc5f8a6fb60e4ccd13dd923312da,0.17114914425427874,86000,269,180386000,/nfs3_ib/nfs-ip34/home/def-ilafores/analysis/MethodsComparison/Feces_RA/preproc/SRR5091591/SRR5091591_unmatched_2.fastq,SRR5091591,29a0d04b718de891655a9a5e37d94cc4,392018000,31,DNA,1000,392018,true,0.7973288618071523,0.9446483115265927,0.8709885866668725,0.9446483115265927,123,4796443,6678089
321000,0.0008188399512267294,0.019062570082978247,0.00021682677836221806,0.00002875073991975848,2.2588235294117647,2.0,1.674394999967736,signatures/f7347599a07be833b3456df66322e0b2.sig.gz,"GCA_019415335.1 Citrobacter sp., ASM1941533v1",f7347599a07be833b3456df66322e0b2,0.07198923525454137,85000,270,180301000,/nfs3_ib/nfs-ip34/home/def-ilafores/analysis/MethodsComparison/Feces_RA/preproc/SRR5091591/SRR5091591_unmatched_2.fastq,SRR5091591,29a0d04b718de891655a9a5e37d94cc4,392018000,31,DNA,1000,392018,true,0.7951073625410785,0.9186237368804905,0.8568655497107844,0.9186237368804905,192,4796635,6678089
442000,0.001127499247483534,0.02654867256637168,0.00021427587508736844,0.00008235889039514149,6.5476190476190474,3.0,8.631896500086675,signatures/cf6718f040186c5f6ef437b044fde9d7.sig.gz,"GCF_014290175.1 Anaerosacchariphilus sp. NSJ-68 strain=NSJ-68, ASM1429017v1",cf6718f040186c5f6ef437b044fde9d7,0.13969658659924147,84000,271,180217000,/nfs3_ib/nfs-ip34/home/def-ilafores/analysis/MethodsComparison/Feces_RA/preproc/SRR5091591/SRR5091591_unmatched_2.fastq,SRR5091591,29a0d04b718de891655a9a5e37d94cc4,392018000,31,DNA,1000,392018,true,0.803354029076458,0.9384807053895331,0.8709173672329955,0.9384807053895331,550,4797185,6678089
791000,0.0020177644904060526,0.017152304195081628,0.00021172497181251883,0.0003282376140839093,26.40963855421687,26.0,28.756575421802896,signatures/ff1389d5c4ffa82ad58ba04dfda881d1.sig.gz,"GCF_903181435.1 Bacteroides acidifaciens, NZ_B_acidifaciens_9G3_hyb",ff1389d5c4ffa82ad58ba04dfda881d1,0.16346352552180202,83000,272,180134000,/nfs3_ib/nfs-ip34/home/def-ilafores/analysis/MethodsComparison/Feces_RA/preproc/SRR5091591/SRR5091591_unmatched_2.fastq,SRR5091591,29a0d04b718de891655a9a5e37d94cc4,392018000,31,DNA,1000,392018,true,0.8185785079212032,0.9432492735530538,0.8809138907371286,0.9432492735530538,2192,4799377,6678089
204000,0.0005203842680693234,0.021485891793942533,0.00021172497181251883,0.00003099689147598961,2.4939759036144578,1.0,7.307981268194852,signatures/105b1e5a96baf917fdd4f7216cdfb09b.sig.gz,"GCF_000157995.1 Holdemania filiformis DSM 12042 strain=DSM 12042, ASM15799v1",105b1e5a96baf917fdd4f7216cdfb09b,0.05280869790318406,83000,273,180051000,/nfs3_ib/nfs-ip34/home/def-ilafores/analysis/MethodsComparison/Feces_RA/preproc/SRR5091591/SRR5091591_unmatched_2.fastq,SRR5091591,29a0d04b718de891655a9a5e37d94cc4,392018000,31,DNA,1000,392018,true,0.7835648989950499,0.909487951930974,0.8465264254630119,0.909487951930974,207,4799584,6678089
375000,0.0009565887280686091,0.028849496002780674,0.00021172497181251883,0.00008804914100426035,7.0843373493975905,6.0,5.733446196118504,signatures/ea17219c3969bf830078515e407dfc37.sig.gz,"GCF_024462815.1 Gemmiger formicilis strain=DFI.6.10, ASM2446281v1",ea17219c3969bf830078515e407dfc37,0.13034410844629823,83000,274,179968000,/nfs3_ib/nfs-ip34/home/def-ilafores/analysis/MethodsComparison/Feces_RA/preproc/SRR5091591/SRR5091591_unmatched_2.fastq,SRR5091591,29a0d04b718de891655a9a5e37d94cc4,392018000,31,DNA,1000,392018,true,0.7991053543111353,0.9363852444684083,0.8677452993897719,0.9363852444684083,588,4800172,6678089
467000,0.0011912718293547746,0.034295273943956504,0.00020917406853766918,0.0002589064027149084,21.085365853658537,7.0,23.466738900457567,signatures/61144900a261055f13244d60f6438a55.sig.gz,"GCA_900765105.1 uncultured Faecalibacterium sp., SRS259559_29",61144900a261055f13244d60f6438a55,0.19531576746131327,82000,275,179886000,/nfs3_ib/nfs-ip34/home/def-ilafores/analysis/MethodsComparison/Feces_RA/preproc/SRR5091591/SRR5091591_unmatched_2.fastq,SRR5091591,29a0d04b718de891655a9a5e37d94cc4,392018000,31,DNA,1000,392018,true,0.8047811027473247,0.9486817765750929,0.8767314396612088,0.9486817765750929,1729,4801901,6678089
581000,0.0014820748026876317,0.029624277456647398,0.00020917406853766918,0.00003144612178723584,2.5609756097560976,2.0,1.9636797275971076,signatures/28efb86d1925982ebf3690ca58174d20.sig.gz,"GCA_934370915.1 uncultured Lachnospiraceae bacterium, ERR7738605_bin.28",28efb86d1925982ebf3690ca58174d20,0.20989884393063585,82000,276,179804000,/nfs3_ib/nfs-ip34/home/def-ilafores/analysis/MethodsComparison/Feces_RA/preproc/SRR5091591/SRR5091591_unmatched_2.fastq,SRR5091591,29a0d04b718de891655a9a5e37d94cc4,392018000,31,DNA,1000,392018,true,0.810471496857197,0.9508879772538595,0.8806797370555283,0.9508879772538595,210,4802111,6678089
357000,0.0009106724691213159,0.020673813169984685,0.00020662316526281956,0.0001486952330225009,12.25925925925926,7.0,20.356560975762708,signatures/6501011acd325617cc2e04b178f8f630.sig.gz,"GCA_025145645.1 Alistipes senegalensis JC50 strain=JC50, ASM2514564v1",6501011acd325617cc2e04b178f8f630,0.09111791730474732,81000,277,179723000,/nfs3_ib/nfs-ip34/home/def-ilafores/analysis/MethodsComparison/Feces_RA/preproc/SRR5091591/SRR5091591_unmatched_2.fastq,SRR5091591,29a0d04b718de891655a9a5e37d94cc4,392018000,31,DNA,1000,392018,true,0.7978383537550668,0.9256330050796039,0.8617356794173354,0.9256330050796039,993,4803104,6678089
421000,0.0010739302787116918,0.02307470435535045,0.00020407226198796994,0.00005645327577994244,4.7125,3.0,4.102419255756291,signatures/864205b788be283702dc30e52bd2d6e9.sig.gz,"GCA_905209435.1 uncultured Blautia sp., ERR260180-mag-bin.4",864205b788be283702dc30e52bd2d6e9,0.12143063167003172,80000,278,179643000,/nfs3_ib/nfs-ip34/home/def-ilafores/analysis/MethodsComparison/Feces_RA/preproc/SRR5091591/SRR5091591_unmatched_2.fastq,SRR5091591,29a0d04b718de891655a9a5e37d94cc4,392018000,31,DNA,1000,392018,true,0.8020935704564319,0.934248053661228,0.86817081205883,0.934248053661228,377,4803481,6678089
2203000,0.005619639914493722,0.012618296529968454,0.00020407226198796994,0.00015947676049241034,13.3125,3.0,53.20986603770019,signatures/8182caaf670814ebbeb9046e1a4982b9.sig.gz,"GCA_902362375.1 Bacteroidaceae bacterium, MGYG-HGUT-00013",8182caaf670814ebbeb9046e1a4982b9,0.3474763406940063,80000,279,179563000,/nfs3_ib/nfs-ip34/home/def-ilafores/analysis/MethodsComparison/Feces_RA/preproc/SRR5091591/SRR5091591_unmatched_2.fastq,SRR5091591,29a0d04b718de891655a9a5e37d94cc4,392018000,31,DNA,1000,392018,true,0.8460771208187663,0.9664761398949053,0.9062766303568358,0.9664761398949053,1065,4804546,6678089
88000,0.00022447948818676692,0.018223760092272202,0.00020152135871312032,0.000020814337754408484,1.759493670886076,1.0,1.08166760463738,signatures/c1d1d420086474fd92228233ded19725.sig.gz,"GCF_000385375.1 Methyloversatilis discipulorum strain=RZ18-153, ASM38537v1",c1d1d420086474fd92228233ded19725,0.02029988465974625,79000,280,179484000,/nfs3_ib/nfs-ip34/home/def-ilafores/analysis/MethodsComparison/Feces_RA/preproc/SRR5091591/SRR5091591_unmatched_2.fastq,SRR5091591,29a0d04b718de891655a9a5e37d94cc4,392018000,31,DNA,1000,392018,true,0.762598631176328,0.8818668518793429,0.8222327415278354,0.8818668518793429,139,4804685,6678089
421000,0.0010739302787116918,0.025500322788896062,0.00020152135871312032,0.00006169429607781508,5.215189873417722,4.0,6.8300729022481175,signatures/2e67b52edc8f620ff93c93c35ebb67ae.sig.gz,"GCA_019411205.1 Parabacteroides sp., ASM1941120v1",2e67b52edc8f620ff93c93c35ebb67ae,0.13589412524209168,79000,281,179405000,/nfs3_ib/nfs-ip34/home/def-ilafores/analysis/MethodsComparison/Feces_RA/preproc/SRR5091591/SRR5091591_unmatched_2.fastq,SRR5091591,29a0d04b718de891655a9a5e37d94cc4,392018000,31,DNA,1000,392018,true,0.8020935704564319,0.9376456252597916,0.8698695978581117,0.9376456252597916,412,4805097,6678089
273000,0.0006963965940339474,0.04208843899840171,0.00020152135871312032,0.00002845125304559433,2.4050632911392404,2.0,1.6421580995270626,signatures/5ced1ecdce79d2e70d60e340e02841fd.sig.gz,"GCA_900772675.1 Lachnospiraceae bacterium, SRS883021_119",5ced1ecdce79d2e70d60e340e02841fd,0.14544485881726157,79000,282,179326000,/nfs3_ib/nfs-ip34/home/def-ilafores/analysis/MethodsComparison/Feces_RA/preproc/SRR5091591/SRR5091591_unmatched_2.fastq,SRR5091591,29a0d04b718de891655a9a5e37d94cc4,392018000,31,DNA,1000,392018,true,0.7909639058795895,0.939702257404163,0.8653330816418763,0.939702257404163,190,4805287,6678089
573000,0.0014616675764888348,0.014246575342465753,0.0001989704554382707,0.00002291074587355754,1.9615384615384615,1.0,1.828845142764422,signatures/3fde5d6132eab8e75134873a4948d4d9.sig.gz,"GCF_020525925.1 Klebsiella quasipneumoniae subsp. quasipneumoniae strain=01A030T, ASM2052592v1",3fde5d6132eab8e75134873a4948d4d9,0.10465753424657534,78000,283,179248000,/nfs3_ib/nfs-ip34/home/def-ilafores/analysis/MethodsComparison/Feces_RA/preproc/SRR5091591/SRR5091591_unmatched_2.fastq,SRR5091591,29a0d04b718de891655a9a5e37d94cc4,392018000,31,DNA,1000,392018,true,0.8101090869464649,0.9297789154801543,0.8699440012133096,0.9297789154801543,153,4805440,6678089
557000,0.0014208531240912407,0.04177825388323514,0.0001989704554382707,0.000024408180244378295,2.08974358974359,1.0,1.5540344304991636,signatures/1cdc657d4ab1ecaed4f941cb864ad272.sig.gz,"GCA_900756875.1 Pasteurellaceae bacterium, ERS537260_13",1cdc657d4ab1ecaed4f941cb864ad272,0.29833958221746115,78000,284,179170000,/nfs3_ib/nfs-ip34/home/def-ilafores/analysis/MethodsComparison/Feces_RA/preproc/SRR5091591/SRR5091591_unmatched_2.fastq,SRR5091591,29a0d04b718de891655a9a5e37d94cc4,392018000,31,DNA,1000,392018,true,0.8093693385921361,0.9617344866082835,0.8855519126002098,0.9617344866082835,163,4805603,6678089
142000,0.00036222826502864663,0.018015910154422086,0.00019641955216342106,0.00045057800217996496,39.077922077922075,1.0,200.6849159418598,signatures/b37a0141517537faad74a6d2ac4d5c41.sig.gz,"GCF_000190535.1 Odoribacter splanchnicus DSM 20712 strain=DSM 220712, ASM19053v1",b37a0141517537faad74a6d2ac4d5c41,0.033224145999064106,77000,285,179093000,/nfs3_ib/nfs-ip34/home/def-ilafores/analysis/MethodsComparison/Feces_RA/preproc/SRR5091591/SRR5091591_unmatched_2.fastq,SRR5091591,29a0d04b718de891655a9a5e37d94cc4,392018000,31,DNA,1000,392018,true,0.7744607816720336,0.8959937126439704,0.835227247158002,0.8959937126439704,3009,4808612,6678089
1100000,0.002805993602334587,0.026226158038147138,0.00019641955216342106,0.00035339451151369803,30.649350649350648,26.0,27.700985135919293,signatures/78db35fa6d9edc0fa99c8623efbe174d.sig.gz,"GCF_023347295.1 Faecalibacterium sp. I3333 strain=I3333, ASM2334729v1",78db35fa6d9edc0fa99c8623efbe174d,0.3746594005449591,77000,286,179016000,/nfs3_ib/nfs-ip34/home/def-ilafores/analysis/MethodsComparison/Feces_RA/preproc/SRR5091591/SRR5091591_unmatched_2.fastq,SRR5091591,29a0d04b718de891655a9a5e37d94cc4,392018000,31,DNA,1000,392018,true,0.827332748359694,0.9688272442295348,0.8980799962946144,0.9688272442295348,2360,4810972,6678089
370000,0.000943834211694361,0.016075156576200417,0.00019641955216342106,0.000019766133694833955,1.7142857142857142,1.0,1.2777531299998799,signatures/564de47b0b06af611a2b14eeae5f7959.sig.gz,"GCF_001729765.1 Enterobacter kobei strain=DSM 13645, ASM172976v1",564de47b0b06af611a2b14eeae5f7959,0.07724425887265135,77000,287,178939000,/nfs3_ib/nfs-ip34/home/def-ilafores/analysis/MethodsComparison/Feces_RA/preproc/SRR5091591/SRR5091591_unmatched_2.fastq,SRR5091591,29a0d04b718de891655a9a5e37d94cc4,392018000,31,DNA,1000,392018,true,0.7987594160697526,0.9207139354812419,0.8597366757754973,0.9207139354812419,132,4811104,6678089
578000,0.0014744220928630829,0.03806228373702422,0.00019641955216342106,0.00031041814507114235,26.92207792207792,25.0,11.98675268110943,signatures/67ff6aa4aefa5332d75476550be7a291.sig.gz,"GCA_905215855.1 uncultured bacterium, SRR413702-mag-bin.4",67ff6aa4aefa5332d75476550be7a291,0.2857142857142857,77000,288,178862000,/nfs3_ib/nfs-ip34/home/def-ilafores/analysis/MethodsComparison/Feces_RA/preproc/SRR5091591/SRR5091591_unmatched_2.fastq,SRR5091591,29a0d04b718de891655a9a5e37d94cc4,392018000,31,DNA,1000,392018,true,0.8103361623411857,0.9603939552363546,0.8853650587887701,0.9603939552363546,2073,4813177,6678089
821000,0.0020942915886515414,0.014347744006041155,0.00019386864888857144,0.0007550064097678243,66.34210526315789,3.0,89.3533129936226,signatures/e98f7803904fe26755ff11a8c31dc48a.sig.gz,"GCF_003865075.1 Bacteroides sp. KCTC 15687 strain=KCTC 15687, ASM386507v1",e98f7803904fe26755ff11a8c31dc48a,0.154993392486313,76000,289,178786000,/nfs3_ib/nfs-ip34/home/def-ilafores/analysis/MethodsComparison/Feces_RA/preproc/SRR5091591/SRR5091591_unmatched_2.fastq,SRR5091591,29a0d04b718de891655a9a5e37d94cc4,392018000,31,DNA,1000,392018,true,0.8195620564257177,0.9416316997109974,0.8805968780683575,0.9416316997109974,5042,4818219,6678089
77000,0.00019641955216342106,0.01672903367818622,0.00019386864888857144,0.000012278961840730186,1.0789473684210527,1.0,0.26965659910419987,signatures/aa387c39ac911f35b9a9d7259ce43062.sig.gz,"GCF_000701705.1 Bilophila wadsworthia ATCC 49260 strain=ATCC 49260, ASM70170v1",aa387c39ac911f35b9a9d7259ce43062,0.01694915254237288,76000,290,178710000,/nfs3_ib/nfs-ip34/home/def-ilafores/analysis/MethodsComparison/Feces_RA/preproc/SRR5091591/SRR5091591_unmatched_2.fastq,SRR5091591,29a0d04b718de891655a9a5e37d94cc4,392018000,31,DNA,1000,392018,true,0.7593208293890727,0.8767499333927852,0.8180353813909289,0.8767499333927852,82,4818301,6678089
250000,0.000637725818712406,0.02710413694721826,0.00019386864888857144,0.00007816607415684337,6.868421052631579,1.0,22.976155892842225,signatures/7ab97adfe1aa84492d9fd6e33d09a40b.sig.gz,"GCF_014287955.1 Lachnospira sp. NSJ-43 strain=NSJ-43, ASM1428795v1",7ab97adfe1aa84492d9fd6e33d09a40b,0.0891583452211127,76000,291,178634000,/nfs3_ib/nfs-ip34/home/def-ilafores/analysis/MethodsComparison/Feces_RA/preproc/SRR5091591/SRR5091591_unmatched_2.fastq,SRR5091591,29a0d04b718de891655a9a5e37d94cc4,392018000,31,DNA,1000,392018,true,0.7887214961257203,0.924984079850669,0.8568527879881946,0.924984079850669,522,4818823,6678089
237000,0.0006045640761393609,0.027152554483744193,0.00019386864888857144,0.000021563054939818862,1.894736842105263,1.0,2.0363728549634836,signatures/f2cda40e88295e685c6c31e39bd0803d.sig.gz,"GCA_000436535.1 Eubacterium sp. CAG:252, MGS252",f2cda40e88295e685c6c31e39bd0803d,0.08467309753483387,76000,292,178558000,/nfs3_ib/nfs-ip34/home/def-ilafores/analysis/MethodsComparison/Feces_RA/preproc/SRR5091591/SRR5091591_unmatched_2.fastq,SRR5091591,29a0d04b718de891655a9a5e37d94cc4,392018000,31,DNA,1000,392018,true,0.7873640095228526,0.9234452324510515,0.855404620986952,0.9234452324510515,144,4818967,6678089
302000,0.0007703727890045866,0.02673232500879353,0.00019386864888857144,0.00004657020893252546,4.092105263157895,2.0,5.712814845818469,signatures/cef03e8f3a9b8afc55b6193ed7a2ab74.sig.gz,"GCF_003574295.1 Mediterraneibacter butyricigenes strain=KCTC 15684, ASM357429v1",cef03e8f3a9b8afc55b6193ed7a2ab74,0.1062258177981006,76000,293,178482000,/nfs3_ib/nfs-ip34/home/def-ilafores/analysis/MethodsComparison/Feces_RA/preproc/SRR5091591/SRR5091591_unmatched_2.fastq,SRR5091591,29a0d04b718de891655a9a5e37d94cc4,392018000,31,DNA,1000,392018,true,0.793543973680665,0.930225128752617,0.861884551216641,0.930225128752617,311,4819278,6678089
87000,0.0002219285849119173,0.022381378692927483,0.00019131774561372182,0.000034291247091795274,3.0533333333333332,1.0,8.628469672478943,signatures/1545141eb75dbfe436ccc6577c76ff8b.sig.gz,"GCF_003634345.1 Coprobacter fastidiosus NSB1 strain=NSB1, ASM363434v1",1545141eb75dbfe436ccc6577c76ff8b,0.025962399283795883,75000,294,178407000,/nfs3_ib/nfs-ip34/home/def-ilafores/analysis/MethodsComparison/Feces_RA/preproc/SRR5091591/SRR5091591_unmatched_2.fastq,SRR5091591,29a0d04b718de891655a9a5e37d94cc4,392018000,31,DNA,1000,392018,true,0.762317537581943,0.888893710013509,0.8256056237977261,0.888893710013509,229,4819507,6678089
145000,0.0003698809748531955,0.027947932618683002,0.00018621593906402258,0.000019766133694833955,1.8082191780821917,1.0,2.4809274351061417,signatures/09a733b1bc16d57b28af752939010678.sig.gz,"GCF_000153925.1 [Ruminococcus] torques ATCC 27756 strain=ATCC 27756, ASM15392v1",09a733b1bc16d57b28af752939010678,0.05551301684532925,73000,295,178334000,/nfs3_ib/nfs-ip34/home/def-ilafores/analysis/MethodsComparison/Feces_RA/preproc/SRR5091591/SRR5091591_unmatched_2.fastq,SRR5091591,29a0d04b718de891655a9a5e37d94cc4,392018000,31,DNA,1000,392018,true,0.7749832613014499,0.9109543361061077,0.8429687987037788,0.9109543361061077,132,4819639,6678089
83000,0.00021172497181251883,0.034334763948497854,0.00018366503578917293,0.00001737023870152075,1.6111111111111112,1.0,1.0076865081787252,signatures/079e35abb8fd18c108356d1dd56d816f.sig.gz,"GCF_002860865.1 Streptococcus mitis strain=UMB1341, ASM286086v1",079e35abb8fd18c108356d1dd56d816f,0.039580352885073916,72000,296,178262000,/nfs3_ib/nfs-ip34/home/def-ilafores/analysis/MethodsComparison/Feces_RA/preproc/SRR5091591/SRR5091591_unmatched_2.fastq,SRR5091591,29a0d04b718de891655a9a5e37d94cc4,392018000,31,DNA,1000,392018,true,0.7611609839032849,0.9010676716951825,0.8311143277992337,0.9010676716951825,116,4819755,6678089
484000,0.0012346371850272182,0.016245487364620937,0.00018366503578917293,0.000021413311502736786,1.9861111111111112,1.0,1.3692359543794603,signatures/2a576708a1ad79fb54dd01cf01e9b248.sig.gz,"GCF_011078175.1 Enterobacter cloacae strain=M-7, ASM1107817v1",2a576708a1ad79fb54dd01cf01e9b248,0.1092057761732852,72000,297,178190000,/nfs3_ib/nfs-ip34/home/def-ilafores/analysis/MethodsComparison/Feces_RA/preproc/SRR5091591/SRR5091591_unmatched_2.fastq,SRR5091591,29a0d04b718de891655a9a5e37d94cc4,392018000,31,DNA,1000,392018,true,0.8057098792628631,0.93105570343079,0.8683827913468265,0.93105570343079,143,4819898,6678089
136000,0.0003469228453795489,0.014054265079055241,0.00018366503578917293,0.00014704805521459808,13.63888888888889,14.0,9.644090815329406,signatures/50d75c9bf89de291dda58f33fea4d430.sig.gz,"GCA_023398375.1 Firmicutes bacterium, ASM2339837v1",50d75c9bf89de291dda58f33fea4d430,0.026546945149326567,72000,298,178118000,/nfs3_ib/nfs-ip34/home/def-ilafores/analysis/MethodsComparison/Feces_RA/preproc/SRR5091591/SRR5091591_unmatched_2.fastq,SRR5091591,29a0d04b718de891655a9a5e37d94cc4,392018000,31,DNA,1000,392018,true,0.7733829789937159,0.8895323763795285,0.8314576776866223,0.8895323763795285,982,4820880,6678089
128000,0.0003265156191807519,0.024040066777963272,0.00018366503578917293,0.000020065620568998107,1.8611111111111112,2.0,1.096782612355535,signatures/67dadb60720452f1dd374a919651ec92.sig.gz,"GCA_934394595.1 uncultured Blautia sp., ERR7738591_bin.232",67dadb60720452f1dd374a919651ec92,0.04273789649415693,72000,299,178046000,/nfs3_ib/nfs-ip34/home/def-ilafores/analysis/MethodsComparison/Feces_RA/preproc/SRR5091591/SRR5091591_unmatched_2.fastq,SRR5091591,29a0d04b718de891655a9a5e37d94cc4,392018000,31,DNA,1000,392018,true,0.7718720036860034,0.903301397289235,0.8375867004876192,0.903301397289235,134,4821014,6678089
287000,0.0007321092398818421,0.01936004302231783,0.00018366503578917293,0.0000700799285544113,6.5,1.0,27.011314501725213,signatures/ba0ded834fcbfddb6077c6ceab7646f2.sig.gz,"GCF_003477995.1 Bacteroides sp. OF04-15BH strain=OF04-15BH, ASM347799v1",ba0ded834fcbfddb6077c6ceab7646f2,0.07717128260285022,72000,300,177974000,/nfs3_ib/nfs-ip34/home/def-ilafores/analysis/MethodsComparison/Feces_RA/preproc/SRR5091591/SRR5091591_unmatched_2.fastq,SRR5091591,29a0d04b718de891655a9a5e37d94cc4,392018000,31,DNA,1000,392018,true,0.7922409498072834,0.9206858632403695,0.8564634065238265,0.9206858632403695,468,4821482,6678089
247000,0.0006300731088878572,0.019510854630392965,0.00018111413251432331,0.000030098430853497162,2.8309859154929575,2.0,3.1888269532588005,signatures/7ccd5866f73fa1a8badfc0e5bf25a4c0.sig.gz,"GCA_934661765.1 uncultured Senegalimassilia sp., ERR7738531_bin.17",7ccd5866f73fa1a8badfc0e5bf25a4c0,0.06787579005221214,71000,301,177903000,/nfs3_ib/nfs-ip34/home/def-ilafores/analysis/MethodsComparison/Feces_RA/preproc/SRR5091591/SRR5091591_unmatched_2.fastq,SRR5091591,29a0d04b718de891655a9a5e37d94cc4,392018000,31,DNA,1000,392018,true,0.7884143977232149,0.9168818668766576,0.8526481322999362,0.9168818668766576,201,4821683,6678089
148000,0.0003775336846777444,0.010811633927211817,0.00018111413251432331,0.00010991168281824337,10.338028169014084,1.0,46.99054254921546,signatures/60210be30b063414acf935ddf123a997.sig.gz,"GCF_000158035.1 Bacteroides cellulosilyticus DSM 14838 strain=DSM 14838, ASM15803v1",60210be30b063414acf935ddf123a997,0.022536927059540125,71000,302,177832000,/nfs3_ib/nfs-ip34/home/def-ilafores/analysis/MethodsComparison/Feces_RA/preproc/SRR5091591/SRR5091591_unmatched_2.fastq,SRR5091591,29a0d04b718de891655a9a5e37d94cc4,392018000,31,DNA,1000,392018,true,0.7754953826619858,0.8848457533977204,0.8301705680298531,0.8848457533977204,734,4822417,6678089
75000,0.00019131774561372182,0.039910061832490164,0.00018111413251432331,0.000015273830582371694,1.4366197183098592,1.0,2.419011521822453,signatures/47cadd337e10f15764f908c2ed756177.sig.gz,"GCA_000432435.1 Eubacterium sp. CAG:180, MGS180",47cadd337e10f15764f908c2ed756177,0.04215851602023609,71000,303,177761000,/nfs3_ib/nfs-ip34/home/def-ilafores/analysis/MethodsComparison/Feces_RA/preproc/SRR5091591/SRR5091591_unmatched_2.fastq,SRR5091591,29a0d04b718de891655a9a5e37d94cc4,392018000,31,DNA,1000,392018,true,0.7586764809883823,0.9029037604290597,0.8307901207087209,0.9029037604290597,102,4822519,6678089
363000,0.0009259778887704136,0.027119938884644767,0.00018111413251432331,0.000028900483356840556,2.7183098591549295,1.0,4.156051412170815,signatures/7108e92619b903654cd875e33d69a01d.sig.gz,"GCF_003464165.1 Eubacterium sp. AM49-13BH strain=AM49-13BH, ASM346416v1",7108e92619b903654cd875e33d69a01d,0.13865546218487396,71000,304,177690000,/nfs3_ib/nfs-ip34/home/def-ilafores/analysis/MethodsComparison/Feces_RA/preproc/SRR5091591/SRR5091591_unmatched_2.fastq,SRR5091591,29a0d04b718de891655a9a5e37d94cc4,392018000,31,DNA,1000,392018,true,0.7982674243701499,0.9382542662558214,0.8682608453129856,0.9382542662558214,193,4822712,6678089
350000,0.0008928161461973685,0.019298722478934494,0.00018111413251432331,0.00002126356806565471,2.0,1.0,1.4241379898326234,signatures/00a8594ef7630a9c5be143440e63af25.sig.gz,"GCF_014385005.1 Jingyaoa shaoxingensis strain=NSJ-46, ASM1438500v1",00a8594ef7630a9c5be143440e63af25,0.09513454743136722,71000,305,177619000,/nfs3_ib/nfs-ip34/home/def-ilafores/analysis/MethodsComparison/Feces_RA/preproc/SRR5091591/SRR5091591_unmatched_2.fastq,SRR5091591,29a0d04b718de891655a9a5e37d94cc4,392018000,31,DNA,1000,392018,true,0.7973288618071523,0.9269219563230827,0.8621254090651176,0.9269219563230827,142,4822854,6678089
781000,0.0019922554576575565,0.019032082653616094,0.0001785632292394737,0.00004612097862127923,4.4,2.0,9.227907981459595,signatures/c0b7275583c6d00545f71fe5228d88e6.sig.gz,"GCF_003474435.1 Ruminococcus sp. AF46-10NS strain=AF46-10NS, ASM347443v1",c0b7275583c6d00545f71fe5228d88e6,0.2123436650353453,70000,306,177549000,/nfs3_ib/nfs-ip34/home/def-ilafores/analysis/MethodsComparison/Feces_RA/preproc/SRR5091591/SRR5091591_unmatched_2.fastq,SRR5091591,29a0d04b718de891655a9a5e37d94cc4,392018000,31,DNA,1000,392018,true,0.8182426211967821,0.9512432556205637,0.8847429384086729,0.9512432556205637,308,4823162,6678089
486000,0.0012397389915769174,0.021400183430143688,0.0001785632292394737,0.00002291074587355754,2.1857142857142855,1.0,2.874980035423139,signatures/888d5c9074f0eba4fb60a0b7f12b8960.sig.gz,"GCF_900120195.1 Blautia sp. Marseille-P3087 strain=Marseille-P3087, PRJEB18016",888d5c9074f0eba4fb60a0b7f12b8960,0.14857841638642616,70000,307,177479000,/nfs3_ib/nfs-ip34/home/def-ilafores/analysis/MethodsComparison/Feces_RA/preproc/SRR5091591/SRR5091591_unmatched_2.fastq,SRR5091591,29a0d04b718de891655a9a5e37d94cc4,392018000,31,DNA,1000,392018,true,0.80581706444577,0.9403486260822413,0.8730828452640056,0.9403486260822413,153,4823315,6678089
251000,0.0006402767219872557,0.01968503937007874,0.0001785632292394737,0.00002291074587355754,2.1857142857142855,1.0,1.684321458484159,signatures/4c5b9c5fc61302d55e1ab631a887b803.sig.gz,"GCA_018374635.1 Clostridiales bacterium, ASM1837463v1",4c5b9c5fc61302d55e1ab631a887b803,0.07058492688413948,70000,308,177409000,/nfs3_ib/nfs-ip34/home/def-ilafores/analysis/MethodsComparison/Feces_RA/preproc/SRR5091591/SRR5091591_unmatched_2.fastq,SRR5091591,29a0d04b718de891655a9a5e37d94cc4,392018000,31,DNA,1000,392018,true,0.7888230701814241,0.9180401524719256,0.8534316113266749,0.9180401524719256,153,4823468,6678089
834000,0.0021274533312245865,0.01593901593901594,0.00017601232596462408,0.0000268040752376915,2.5942028985507246,2.0,2.031054845374476,signatures/dfba4b67e6f610d874569736a21fd762.sig.gz,"GCA_021307345.1 Escherichia coli strain=E69, ASM2130734v1",dfba4b67e6f610d874569736a21fd762,0.19265419265419265,69000,309,177340000,/nfs3_ib/nfs-ip34/home/def-ilafores/analysis/MethodsComparison/Feces_RA/preproc/SRR5091591/SRR5091591_unmatched_2.fastq,SRR5091591,29a0d04b718de891655a9a5e37d94cc4,392018000,31,DNA,1000,392018,true,0.8199775023313353,0.9482619787894525,0.8841197405603939,0.9482619787894525,179,4823647,6678089
603000,0.0015381946747343234,0.017142857142857144,0.00017601232596462408,0.0011751864942201279,113.73913043478261,16.0,145.9530053584266,signatures/521ce3c2ee639c97c11cb3a9863fa803.sig.gz,"GCF_018390535.1 Bacteroides sp. NSJ-90 strain=NSJ-90, ASM1839053v1",521ce3c2ee639c97c11cb3a9863fa803,0.1498136645962733,69000,310,177271000,/nfs3_ib/nfs-ip34/home/def-ilafores/analysis/MethodsComparison/Feces_RA/preproc/SRR5091591/SRR5091591_unmatched_2.fastq,SRR5091591,29a0d04b718de891655a9a5e37d94cc4,392018000,31,DNA,1000,392018,true,0.8114437679693312,0.9405998058262394,0.8760217868977853,0.9405998058262394,7848,4831495,6678089
106000,0.0002703957471340602,0.020531400966183576,0.00017346142268977446,0.00003953226738966791,3.8823529411764706,3.0,3.132042238111562,signatures/14626e3ee49407311fc746116499f001.sig.gz,"GCA_900549235.1 uncultured Clostridium sp., UMGS1169",14626e3ee49407311fc746116499f001,0.0320048309178744,68000,311,177203000,/nfs3_ib/nfs-ip34/home/def-ilafores/analysis/MethodsComparison/Feces_RA/preproc/SRR5091591/SRR5091591_unmatched_2.fastq,SRR5091591,29a0d04b718de891655a9a5e37d94cc4,392018000,31,DNA,1000,392018,true,0.7671905084540069,0.8949136788300209,0.8310520936420139,0.8949136788300209,264,4831759,6678089
111000,0.0002831502635083083,0.021822849807445442,0.00017346142268977446,0.0003845411464267697,37.76470588235294,19.0,88.54611919736229,signatures/bff3e8a1ff2f46748997b855d46008f9.sig.gz,"GCF_000468015.1 Ruminococcus callidus ATCC 27760 strain=ATCC 27760, ASM46801v1",bff3e8a1ff2f46748997b855d46008f9,0.035622593068035946,68000,312,177135000,/nfs3_ib/nfs-ip34/home/def-ilafores/analysis/MethodsComparison/Feces_RA/preproc/SRR5091591/SRR5091591_unmatched_2.fastq,SRR5091591,29a0d04b718de891655a9a5e37d94cc4,392018000,31,DNA,1000,392018,true,0.7683320233021012,0.8980106116823433,0.8331713174922222,0.8980106116823433,2568,4834327,6678089
190000,0.0004846716222214286,0.025093632958801498,0.00017091051941492484,0.000028002022734348106,2.791044776119403,1.0,3.707746281844594,signatures/07528870a6ba654094c0053823762c08.sig.gz,"GCF_000765235.1 Oscillibacter sp. ER4 strain=ER4, ASM76523v1",07528870a6ba654094c0053823762c08,0.07116104868913857,67000,313,177068000,/nfs3_ib/nfs-ip34/home/def-ilafores/analysis/MethodsComparison/Feces_RA/preproc/SRR5091591/SRR5091591_unmatched_2.fastq,SRR5091591,29a0d04b718de891655a9a5e37d94cc4,392018000,31,DNA,1000,392018,true,0.7817699171769856,0.9182809172135931,0.8500254171952893,0.9182809172135931,187,4834514,6678089
1037000,0.0026452866960190603,0.014313597918022121,0.0001683596161400752,0.00014854548958541882,15.030303030303031,4.0,22.840003248533513,signatures/fce21236a84451ec2097370a1feb8cb5.sig.gz,"GCF_001688725.2 Bacteroides caecimuris strain=I48, ASM168872v2",fce21236a84451ec2097370a1feb8cb5,0.22489698546952938,66000,314,177002000,/nfs3_ib/nfs-ip34/home/def-ilafores/analysis/MethodsComparison/Feces_RA/preproc/SRR5091591/SRR5091591_unmatched_2.fastq,SRR5091591,29a0d04b718de891655a9a5e37d94cc4,392018000,31,DNA,1000,392018,true,0.8257602241319948,0.9530073415464372,0.8893837828392159,0.9530073415464372,992,4835506,6678089
528000,0.0013468769291206015,0.03133903133903134,0.0001683596161400752,0.00008235889039514149,8.333333333333334,8.0,5.565949872195938,signatures/c4f40a159e9cf9db90513daa33e1e1b3.sig.gz,"GCA_900545305.1 uncultured Eubacterium sp., UMGS758",c4f40a159e9cf9db90513daa33e1e1b3,0.25071225071225073,66000,315,176936000,/nfs3_ib/nfs-ip34/home/def-ilafores/analysis/MethodsComparison/Feces_RA/preproc/SRR5091591/SRR5091591_unmatched_2.fastq,SRR5091591,29a0d04b718de891655a9a5e37d94cc4,392018000,31,DNA,1000,392018,true,0.8079745375039682,0.9563537525867318,0.88216414504535,0.9563537525867318,550,4836056,6678089
399000,0.0010178104066650001,0.029451137884872823,0.0001683596161400752,0.000022461515562311315,2.272727272727273,2.0,1.8711967856076284,signatures/292a01f8c18e47794ddff43d1b6c8087.sig.gz,"GCA_900540855.1 uncultured Collinsella sp., UMGS289",292a01f8c18e47794ddff43d1b6c8087,0.17804551539491298,66000,316,176870000,/nfs3_ib/nfs-ip34/home/def-ilafores/analysis/MethodsComparison/Feces_RA/preproc/SRR5091591/SRR5091591_unmatched_2.fastq,SRR5091591,29a0d04b718de891655a9a5e37d94cc4,392018000,31,DNA,1000,392018,true,0.8007060784160906,0.9458528611723039,0.8732794697941972,0.9458528611723039,150,4836206,6678089
694000,0.0017703268727456392,0.032035485460818136,0.00016580871286522557,0.000037136372396354704,3.8153846153846156,3.0,3.5426730789586975,signatures/13a577f0c83d5f754f38d870ef300941.sig.gz,"GCA_900751995.1 Lachnospiraceae bacterium, ERS235547_23",13a577f0c83d5f754f38d870ef300941,0.3420404139970429,65000,317,176805000,/nfs3_ib/nfs-ip34/home/def-ilafores/analysis/MethodsComparison/Feces_RA/preproc/SRR5091591/SRR5091591_unmatched_2.fastq,SRR5091591,29a0d04b718de891655a9a5e37d94cc4,392018000,31,DNA,1000,392018,true,0.8151312272041699,0.9659846814972284,0.8905579543506992,0.9659846814972284,248,4836454,6678089
984000,0.0025100888224520303,0.009378156110229404,0.00016580871286522557,0.00034800374777874327,35.753846153846155,37.0,16.313308176719985,signatures/9ef8a5214096c25f601e068f2fcafa78.sig.gz,"GCF_014750685.1 Bacteroides sp. GM023 strain=GM023, ASM1475068v1",9ef8a5214096c25f601e068f2fcafa78,0.1419708555763959,65000,318,176740000,/nfs3_ib/nfs-ip34/home/def-ilafores/analysis/MethodsComparison/Feces_RA/preproc/SRR5091591/SRR5091591_unmatched_2.fastq,SRR5091591,29a0d04b718de891655a9a5e37d94cc4,392018000,31,DNA,1000,392018,true,0.8243639715795364,0.9389697194988531,0.8816668455391947,0.9389697194988531,2324,4838778,6678089
499000,0.0012729007341499626,0.02498078401229823,0.00016580871286522557,0.00020979055535198766,21.553846153846155,21.0,12.803882547259784,signatures/d4a7f08c9e22a9d508115b1cbbc1fe89.sig.gz,"GCA_934365945.1 uncultured Agathobacter sp., ERR7737619_bin.21",d4a7f08c9e22a9d508115b1cbbc1fe89,0.19177555726364334,65000,319,176675000,/nfs3_ib/nfs-ip34/home/def-ilafores/analysis/MethodsComparison/Feces_RA/preproc/SRR5091591/SRR5091591_unmatched_2.fastq,SRR5091591,29a0d04b718de891655a9a5e37d94cc4,392018000,31,DNA,1000,392018,true,0.8065035351727292,0.9481221627230132,0.8773128489478712,0.9481221627230132,1401,4840179,6678089
83000,0.00021172497181251883,0.009584193453258626,0.00016580871286522557,0.000019167159946505653,1.9692307692307693,1.0,1.6822076225029716,signatures/66f33a40a2f3109dbb0d8031941a2a01.sig.gz,"GCF_003201875.1 Hungatella effluvii strain=DSM 24995, ASM320187v1",66f33a40a2f3109dbb0d8031941a2a01,0.012238277794161015,65000,320,176610000,/nfs3_ib/nfs-ip34/home/def-ilafores/analysis/MethodsComparison/Feces_RA/preproc/SRR5091591/SRR5091591_unmatched_2.fastq,SRR5091591,29a0d04b718de891655a9a5e37d94cc4,392018000,31,DNA,1000,392018,true,0.7611609839032849,0.8675880436034678,0.8143745137533763,0.8675880436034678,128,4840307,6678089
88000,0.00022447948818676692,0.04156010230179028,0.00016580871286522557,0.000023060489310639617,2.3692307692307693,1.0,2.5393471648572667,signatures/d09142842b1336006417dad27966046b.sig.gz,"GCA_900557275.1 uncultured Roseburia sp., UMGS2025",d09142842b1336006417dad27966046b,0.056265984654731455,65000,321,176545000,/nfs3_ib/nfs-ip34/home/def-ilafores/analysis/MethodsComparison/Feces_RA/preproc/SRR5091591/SRR5091591_unmatched_2.fastq,SRR5091591,29a0d04b718de891655a9a5e37d94cc4,392018000,31,DNA,1000,392018,true,0.762598631176328,0.9113503241178629,0.8369744776470954,0.9113503241178629,154,4840461,6678089
339000,0.0008647562101740227,0.026101141924959218,0.00016325780959037595,0.0001364162711817707,14.234375,14.5,7.151796512721472,signatures/28c3e2e5f4279d6d083ab85ab55e37f0.sig.gz,"GCA_002474415.1 Lachnospiraceae bacterium UBA7598, ASM247441v1",28c3e2e5f4279d6d083ab85ab55e37f0,0.13825448613376834,64000,322,176481000,/nfs3_ib/nfs-ip34/home/def-ilafores/analysis/MethodsComparison/Feces_RA/preproc/SRR5091591/SRR5091591_unmatched_2.fastq,SRR5091591,29a0d04b718de891655a9a5e37d94cc4,392018000,31,DNA,1000,392018,true,0.796507957585738,0.9381666168970921,0.8673372872414151,0.9381666168970921,911,4841372,6678089
352000,0.0008979179527470677,0.018622524386639076,0.00016070690631552633,0.00009164298349423016,9.714285714285714,3.0,24.19853633998826,signatures/ba9c097781d61e9512f594f3c5dee5f9.sig.gz,"GCA_003573975.1 Clostridiales bacterium CCNA10 strain=CCNA10, ASM357397v1",ba9c097781d61e9512f594f3c5dee5f9,0.10404966006503104,63000,323,176418000,/nfs3_ib/nfs-ip34/home/def-ilafores/analysis/MethodsComparison/Feces_RA/preproc/SRR5091591/SRR5091591_unmatched_2.fastq,SRR5091591,29a0d04b718de891655a9a5e37d94cc4,392018000,31,DNA,1000,392018,true,0.7974754300088119,0.9296042187813643,0.8635398243950881,0.9296042187813643,612,4841984,6678089
84000,0.00021427587508736844,0.02774049217002237,0.00015815600304067671,0.000016172291204864147,1.7419354838709677,1.0,1.149129879390766,signatures/feec846e832a1a83918fce73cf9e3977.sig.gz,"GCF_002959775.1 Veillonella rogosae JCM 15642 strain=JCM 15642, ASM295977v1",feec846e832a1a83918fce73cf9e3977,0.03758389261744966,62000,324,176356000,/nfs3_ib/nfs-ip34/home/def-ilafores/analysis/MethodsComparison/Feces_RA/preproc/SRR5091591/SRR5091591_unmatched_2.fastq,SRR5091591,29a0d04b718de891655a9a5e37d94cc4,392018000,31,DNA,1000,392018,true,0.7614550990786687,0.8995645134417022,0.8305098062601854,0.8995645134417022,108,4842092,6678089
494000,0.0012601462177757143,0.0259958071278826,0.00015815600304067671,0.00003893329364133961,4.193548387096774,3.0,3.057717415989546,signatures/15f8a95bbfa4c8eaf395944467503c18.sig.gz,"GCA_900544435.1 uncultured Erysipelotrichaceae bacterium, UMGS673",15f8a95bbfa4c8eaf395944467503c18,0.2071278825995807,62000,325,176294000,/nfs3_ib/nfs-ip34/home/def-ilafores/analysis/MethodsComparison/Feces_RA/preproc/SRR5091591/SRR5091591_unmatched_2.fastq,SRR5091591,29a0d04b718de891655a9a5e37d94cc4,392018000,31,DNA,1000,392018,true,0.8062415791044462,0.9504804304038322,0.8783610047541393,0.9504804304038322,260,4842352,6678089
369000,0.0009412833084195114,0.024606696248487294,0.00015560509976582707,0.00006289224357447168,6.885245901639344,5.0,5.814336043612973,signatures/7695bbe360ec6fd8cf64ff8a40a94795.sig.gz,"GCF_001404655.1 Anaerostipes hadrus strain=2789STDY5608830, 13414_6#14",7695bbe360ec6fd8cf64ff8a40a94795,0.14885034288019364,61000,326,176233000,/nfs3_ib/nfs-ip34/home/def-ilafores/analysis/MethodsComparison/Feces_RA/preproc/SRR5091591/SRR5091591_unmatched_2.fastq,SRR5091591,29a0d04b718de891655a9a5e37d94cc4,392018000,31,DNA,1000,392018,true,0.7986896858294141,0.9404040935946281,0.8695468897120211,0.9404040935946281,420,4842772,6678089
62000,0.00015815600304067671,0.03360881542699724,0.00015560509976582707,0.00001677126495319245,1.8360655737704918,2.0,0.9264833541603145,signatures/508db7099a9d8c6578e18e6f9b71748e.sig.gz,"GCA_002103105.1 Candidatus Gastranaerophilales bacterium HUM_1, ASM210310v1",508db7099a9d8c6578e18e6f9b71748e,0.03415977961432507,61000,327,176172000,/nfs3_ib/nfs-ip34/home/def-ilafores/analysis/MethodsComparison/Feces_RA/preproc/SRR5091591/SRR5091591_unmatched_2.fastq,SRR5091591,29a0d04b718de891655a9a5e37d94cc4,392018000,31,DNA,1000,392018,true,0.7540321451440984,0.8967967675421803,0.8254144563431394,0.8967967675421803,112,4842884,6678089
64000,0.00016325780959037595,0.011605783866057838,0.00015560509976582707,0.000013926139648633015,1.5245901639344261,1.0,1.0179786686072148,signatures/a575bfecbd5f466ca49bba7607e82eed.sig.gz,"GCF_000314675.2 Afipia broomeae ATCC 49717 strain=ATCC 49717, Afip_broo_ATCC_49717_V1",a575bfecbd5f466ca49bba7607e82eed,0.0121765601217656,61000,328,176111000,/nfs3_ib/nfs-ip34/home/def-ilafores/analysis/MethodsComparison/Feces_RA/preproc/SRR5091591/SRR5091591_unmatched_2.fastq,SRR5091591,29a0d04b718de891655a9a5e37d94cc4,392018000,31,DNA,1000,392018,true,0.7548047839228036,0.8674465609928701,0.8111256724578368,0.8674465609928701,93,4842977,6678089
413000,0.0010535230525128949,0.02335375191424196,0.00015560509976582707,0.00014824600271125466,16.229508196721312,1.0,30.37815945526123,signatures/5738d7e42dd0c6cc15d94495876c467c.sig.gz,"GCF_003287495.1 Faecalibacterium prausnitzii strain=APC923/61-1, ASM328749v1",5738d7e42dd0c6cc15d94495876c467c,0.15811638591117919,61000,329,176050000,/nfs3_ib/nfs-ip34/home/def-ilafores/analysis/MethodsComparison/Feces_RA/preproc/SRR5091591/SRR5091591_unmatched_2.fastq,SRR5091591,29a0d04b718de891655a9a5e37d94cc4,392018000,31,DNA,1000,392018,true,0.801597325377445,0.9422378467082845,0.8719175860428647,0.9422378467082845,990,4843967,6678089
443000,0.0011300501507583835,0.018598884066955982,0.00015305419649097745,0.000026354844926445275,2.933333333333333,2.0,3.8464991298004407,signatures/ee3ee74bb22a2bc5e87b48390e19918a.sig.gz,"GCA_018223365.1 Clostridiaceae bacterium Marseille-Q4145 strain=Marseille-Q4145, ASM1822336v1",ee3ee74bb22a2bc5e87b48390e19918a,0.13732176069435834,60000,330,175990000,/nfs3_ib/nfs-ip34/home/def-ilafores/analysis/MethodsComparison/Feces_RA/preproc/SRR5091591/SRR5091591_unmatched_2.fastq,SRR5091591,29a0d04b718de891655a9a5e37d94cc4,392018000,31,DNA,1000,392018,true,0.8034125954080636,0.9379617769947803,0.870687186201422,0.9379617769947803,176,4844143,6678089
95000,0.0002423358111107143,0.012279983626688497,0.00015305419649097745,0.001327775056606763,147.78333333333333,162.0,74.16178073793957,signatures/459eeceade2c3bda73bc19a06d92227b.sig.gz,"GCF_009469595.2 Thauera sp. 2A1 strain=2A1, ASM946959v2",459eeceade2c3bda73bc19a06d92227b,0.019443307408923454,60000,331,175930000,/nfs3_ib/nfs-ip34/home/def-ilafores/analysis/MethodsComparison/Feces_RA/preproc/SRR5091591/SRR5091591_unmatched_2.fastq,SRR5091591,29a0d04b718de891655a9a5e37d94cc4,392018000,31,DNA,1000,392018,true,0.7644838400592749,0.8806412754067842,0.8225625577330296,0.8806412754067842,8867,4853010,6678089
343000,0.0008749598232734211,0.012217470983506415,0.00015305419649097745,0.00010062758971915469,11.2,4.0,46.474293969892656,signatures/a17817b17fc8d3307313b0166e1cb3ee.sig.gz,"GCF_900155425.1 Parabacteroides massiliensis strain=SN4, PRJEB18759",a17817b17fc8d3307313b0166e1cb3ee,0.06984320912237833,60000,332,175870000,/nfs3_ib/nfs-ip34/home/def-ilafores/analysis/MethodsComparison/Feces_RA/preproc/SRR5091591/SRR5091591_unmatched_2.fastq,SRR5091591,29a0d04b718de891655a9a5e37d94cc4,392018000,31,DNA,1000,392018,true,0.7968094116809736,0.9177273684423055,0.8572683900616396,0.9177273684423055,672,4853682,6678089
352000,0.0008979179527470677,0.019174520636984077,0.00015050329321612783,0.00013072602057265185,14.796610169491526,16.0,12.142905665472927,signatures/0e84ab2f553f6793c649c0f5d14c3272.sig.gz,"GCA_905193145.1 uncultured Odoribacter sp., ERR1600661-mag-bin.11",0e84ab2f553f6793c649c0f5d14c3272,0.11439714007149822,59000,333,175811000,/nfs3_ib/nfs-ip34/home/def-ilafores/analysis/MethodsComparison/Feces_RA/preproc/SRR5091591/SRR5091591_unmatched_2.fastq,SRR5091591,29a0d04b718de891655a9a5e37d94cc4,392018000,31,DNA,1000,392018,true,0.7974754300088119,0.9324515940282827,0.8649635120185473,0.9324515940282827,873,4854555,6678089
301000,0.0007678218857297369,0.015432906094690033,0.00015050329321612783,0.000028002022734348106,3.169491525423729,2.0,4.819285207470619,signatures/b7ef59f753d43f9de83e8f0372529c7f.sig.gz,"GCA_934371575.1 uncultured Blautia sp., ERR7738559_bin.137",b7ef59f753d43f9de83e8f0372529c7f,0.07873397855087627,59000,334,175752000,/nfs3_ib/nfs-ip34/home/def-ilafores/analysis/MethodsComparison/Feces_RA/preproc/SRR5091591/SRR5091591_unmatched_2.fastq,SRR5091591,29a0d04b718de891655a9a5e37d94cc4,392018000,31,DNA,1000,392018,true,0.7934590753496116,0.9212814547129842,0.8573702650312979,0.9212814547129842,187,4854742,6678089
641000,0.0016351289991786092,0.02250190694126621,0.00015050329321612783,0.00003863380676717546,4.372881355932203,3.0,4.181874954905511,signatures/ac5592b70dfe8f7e661ba6c377b77383.sig.gz,"GCA_934320645.1 uncultured Bariatricus sp., ERR7738461_bin.190",ac5592b70dfe8f7e661ba6c377b77383,0.2444698703279939,59000,335,175693000,/nfs3_ib/nfs-ip34/home/def-ilafores/analysis/MethodsComparison/Feces_RA/preproc/SRR5091591/SRR5091591_unmatched_2.fastq,SRR5091591,29a0d04b718de891655a9a5e37d94cc4,392018000,31,DNA,1000,392018,true,0.8130449961610043,0.9555762200987006,0.8843106081298524,0.9555762200987006,258,4855000,6678089
218000,0.0005560969139172181,0.020040760869565216,0.00015050329321612783,0.000021413311502736786,2.4237288135593222,1.0,4.287164089052099,signatures/37519ff08fa08b5bc2ed2e92c46c0d51.sig.gz,"GCF_014337155.1 Wujia chipingensis strain=NSJ-4, ASM1433715v1",37519ff08fa08b5bc2ed2e92c46c0d51,0.07404891304347826,59000,336,175634000,/nfs3_ib/nfs-ip34/home/def-ilafores/analysis/MethodsComparison/Feces_RA/preproc/SRR5091591/SRR5091591_unmatched_2.fastq,SRR5091591,29a0d04b718de891655a9a5e37d94cc4,392018000,31,DNA,1000,392018,true,0.7852444116785321,0.9194600431358343,0.8523522274071832,0.9194600431358343,143,4855143,6678089
1630000,0.004157972338004887,0.016968987712112346,0.0001479523899412782,0.00003174560866139999,3.6551724137931036,1.5,9.184979725425656,signatures/8d169a08352acdbf60d972e415c86d45.sig.gz,"GCA_021640525.1 Prevotella copri, ASM2164052v1",8d169a08352acdbf60d972e415c86d45,0.47688706846108836,58000,337,175576000,/nfs3_ib/nfs-ip34/home/def-ilafores/analysis/MethodsComparison/Feces_RA/preproc/SRR5091591/SRR5091591_unmatched_2.fastq,SRR5091591,29a0d04b718de891655a9a5e37d94cc4,392018000,31,DNA,1000,392018,true,0.8378952509034251,0.9763967112537527,0.9071459810785889,0.9763967112537527,212,4855355,6678089
596000,0.001520338351810376,0.014765784114052953,0.0001479523899412782,0.00003309329959513867,3.810344827586207,1.0,5.164390328712659,signatures/52370be796ec3a37d7125effffb04193.sig.gz,"GCF_013304385.1 Blautia glucerasea strain=MSK.21.93, ASM1330438v1",52370be796ec3a37d7125effffb04193,0.15173116089613034,58000,338,175518000,/nfs3_ib/nfs-ip34/home/def-ilafores/analysis/MethodsComparison/Feces_RA/preproc/SRR5091591/SRR5091591_unmatched_2.fastq,SRR5091591,29a0d04b718de891655a9a5e37d94cc4,392018000,31,DNA,1000,392018,true,0.8111381852905891,0.9409857733680588,0.876061979329324,0.9409857733680588,221,4855576,6678089
708000,0.001806039518593534,0.015973561002478657,0.0001479523899412782,0.00007696812666018677,8.862068965517242,7.0,8.478061497409914,signatures/5036bf2e3e86e6d799b60e324faa70e4.sig.gz,"GCA_022717655.1 Firmicutes bacterium, ASM2271765v1",5036bf2e3e86e6d799b60e324faa70e4,0.19498760671991186,58000,339,175460000,/nfs3_ib/nfs-ip34/home/def-ilafores/analysis/MethodsComparison/Feces_RA/preproc/SRR5091591/SRR5091591_unmatched_2.fastq,SRR5091591,29a0d04b718de891655a9a5e37d94cc4,392018000,31,DNA,1000,392018,true,0.8156565547792469,0.948630317556187,0.882143436167717,0.948630317556187,514,4856090,6678089
74000,0.0001887668423388722,0.020049243756595145,0.0001454014866664286,0.000013926139648633015,1.631578947368421,1.0,0.9483425790694442,signatures/5dc2f5d267187c4e6e4642ffb4f5dea4.sig.gz,"GCA_900545175.1 uncultured Clostridiales bacterium, UMGS754",5dc2f5d267187c4e6e4642ffb4f5dea4,0.026028842771720014,57000,340,175403000,/nfs3_ib/nfs-ip34/home/def-ilafores/analysis/MethodsComparison/Feces_RA/preproc/SRR5091591/SRR5091591_unmatched_2.fastq,SRR5091591,29a0d04b718de891655a9a5e37d94cc4,392018000,31,DNA,1000,392018,true,0.7583480446862156,0.8889670023395687,0.8236575235128922,0.8889670023395687,93,4856183,6678089
319000,0.0008137381446770302,0.016929016929016927,0.0001454014866664286,0.000043275853316719797,5.0701754385964914,2.0,5.2644442872379065,signatures/dea6fe09ca92c5a7a1695ec59bbac1fe.sig.gz,"GCA_003490145.1 Lachnospiraceae bacterium OM04-12BH strain=OM04-12BH, ASM349014v1",dea6fe09ca92c5a7a1695ec59bbac1fe,0.09474309474309474,57000,341,175346000,/nfs3_ib/nfs-ip34/home/def-ilafores/analysis/MethodsComparison/Feces_RA/preproc/SRR5091591/SRR5091591_unmatched_2.fastq,SRR5091591,29a0d04b718de891655a9a5e37d94cc4,392018000,31,DNA,1000,392018,true,0.7949470742742016,0.9267986774503227,0.8608728758622621,0.9267986774503227,289,4856472,6678089
308000,0.0007856782086536842,0.011964735516372796,0.0001454014866664286,0.000013776396211550939,1.6140350877192982,1.0,1.373360406370591,signatures/0c011de2a210d40420c29cc5777ea9a4.sig.gz,"GCF_003818115.1 Citrobacter youngae strain=CCUG 30791, ASM381811v1",0c011de2a210d40420c29cc5777ea9a4,0.06465155331654072,57000,342,175289000,/nfs3_ib/nfs-ip34/home/def-ilafores/analysis/MethodsComparison/Feces_RA/preproc/SRR5091591/SRR5091591_unmatched_2.fastq,SRR5091591,29a0d04b718de891655a9a5e37d94cc4,392018000,31,DNA,1000,392018,true,0.7940477207487745,0.9154435718959024,0.8547456463223384,0.9154435718959024,92,4856564,6678089
452000,0.0011530082802320301,0.031843575418994415,0.0001454014866664286,0.00001796921244984905,2.1052631578947367,1.0,1.5065262765634035,signatures/2d46e696642ff763ef3b64860674ea39.sig.gz,"GCA_927911595.1 uncultured Haemophilus sp., ERR3827251_bin.2_metaWRAP_v1.1_MAG",2d46e696642ff763ef3b64860674ea39,0.25251396648044694,57000,343,175232000,/nfs3_ib/nfs-ip34/home/def-ilafores/analysis/MethodsComparison/Feces_RA/preproc/SRR5091591/SRR5091591_unmatched_2.fastq,SRR5091591,29a0d04b718de891655a9a5e37d94cc4,392018000,31,DNA,1000,392018,true,0.8039340085118374,0.9565746862553335,0.8802543473835854,0.9565746862553335,120,4856684,6678089
265000,0.0006759893678351505,0.01988140913847227,0.0001454014866664286,0.0003155094219319329,36.96491228070175,39.0,31.171829901022335,signatures/8e501eec9371799ddb40f724f45122ba.sig.gz,"GCA_002633275.1 Bacteroidales bacterium Phil12, ASM263327v1",8e501eec9371799ddb40f724f45122ba,0.09243111266131845,57000,344,175175000,/nfs3_ib/nfs-ip34/home/def-ilafores/analysis/MethodsComparison/Feces_RA/preproc/SRR5091591/SRR5091591_unmatched_2.fastq,SRR5091591,29a0d04b718de891655a9a5e37d94cc4,392018000,31,DNA,1000,392018,true,0.790205404503459,0.9260603632629563,0.8581328838832076,0.9260603632629563,2107,4858791,6678089
293000,0.0007474146595309399,0.019217570350034317,0.00014285058339157894,0.00002126356806565471,2.5357142857142856,2.0,1.8123020651950392,signatures/0c35426a95cf5daaf8846a0c3c2c8c64.sig.gz,"GCA_934754975.1 uncultured Alistipes sp., ERR7738662_bin.4",0c35426a95cf5daaf8846a0c3c2c8c64,0.1005490734385724,56000,345,175119000,/nfs3_ib/nfs-ip34/home/def-ilafores/analysis/MethodsComparison/Feces_RA/preproc/SRR5091591/SRR5091591_unmatched_2.fastq,SRR5091591,29a0d04b718de891655a9a5e37d94cc4,392018000,31,DNA,1000,392018,true,0.792769893298312,0.9285785504129211,0.8606742218556166,0.9285785504129211,142,4858933,6678089
134000,0.0003418210388298497,0.012147505422993492,0.00014285058339157894,0.000018418442761095276,2.1964285714285716,1.0,2.4742938592739576,signatures/73636d352ef5bf1c92887ac5c9e713c2.sig.gz,"GCF_012317185.1 [Clostridium] innocuum strain=ATCC 14501, ASM1231718v1",73636d352ef5bf1c92887ac5c9e713c2,0.029067245119305855,56000,346,175063000,/nfs3_ib/nfs-ip34/home/def-ilafores/analysis/MethodsComparison/Feces_RA/preproc/SRR5091591/SRR5091591_unmatched_2.fastq,SRR5091591,29a0d04b718de891655a9a5e37d94cc4,392018000,31,DNA,1000,392018,true,0.7730134629371191,0.8921387082211721,0.8325760855791456,0.8921387082211721,123,4859056,6678089
350000,0.0008928161461973685,0.01812788398154252,0.00014029968011672933,0.00032389505440852916,39.32727272727273,34.0,47.294456544448316,signatures/3f1b6b6742bb02b17c4ccf3daec690c6.sig.gz,"GCA_905197435.1 uncultured Bacteroides sp., ERR414351-mag-bin.17",3f1b6b6742bb02b17c4ccf3daec690c6,0.11535926170072512,55000,347,175008000,/nfs3_ib/nfs-ip34/home/def-ilafores/analysis/MethodsComparison/Feces_RA/preproc/SRR5091591/SRR5091591_unmatched_2.fastq,SRR5091591,29a0d04b718de891655a9a5e37d94cc4,392018000,31,DNA,1000,392018,true,0.7973288618071523,0.9327035462315457,0.865016204019349,0.9327035462315457,2163,4861219,6678089
74000,0.0001887668423388722,0.02480829950383401,0.00014029968011672933,9.134349662006602e-6,1.1090909090909091,1.0,0.3117532399905863,signatures/0ffe36c89a44946cee180ac754d6f047.sig.gz,"GCF_001025215.1 Bifidobacterium pseudocatenulatum DSM 20438 = JCM 1200 = LMG 10505 strain=JCM 1200, ASM102521v1",0ffe36c89a44946cee180ac754d6f047,0.03337843933243121,55000,348,174953000,/nfs3_ib/nfs-ip34/home/def-ilafores/analysis/MethodsComparison/Feces_RA/preproc/SRR5091591/SRR5091591_unmatched_2.fastq,SRR5091591,29a0d04b718de891655a9a5e37d94cc4,392018000,31,DNA,1000,392018,true,0.7583480446862156,0.8961276379261773,0.8272378413061965,0.8961276379261773,61,4861280,6678089
204000,0.0005203842680693234,0.015918958031837915,0.00014029968011672933,0.00003788508958176508,4.6,2.0,9.524322929884688,signatures/503d778e7914c4293cdfc5a369c338c4.sig.gz,"GCA_900757695.1 uncultured Oscillospiraceae bacterium, ERS537351_54",503d778e7914c4293cdfc5a369c338c4,0.05904486251808973,55000,349,174898000,/nfs3_ib/nfs-ip34/home/def-ilafores/analysis/MethodsComparison/Feces_RA/preproc/SRR5091591/SRR5091591_unmatched_2.fastq,SRR5091591,29a0d04b718de891655a9a5e37d94cc4,392018000,31,DNA,1000,392018,true,0.7835648989950499,0.9127686458910419,0.848166772443046,0.9127686458910419,253,4861533,6678089
160000,0.0004081445239759399,0.02056843679880329,0.00014029968011672933,0.0003472550305933329,42.163636363636364,44.0,14.34733251908602,signatures/d4995f0cc8cdd8f18c169e4e4855dff7.sig.gz,"GCA_900764215.1 uncultured Sutterella sp., SRS1719408_6",d4995f0cc8cdd8f18c169e4e4855dff7,0.05983545250560957,55000,350,174843000,/nfs3_ib/nfs-ip34/home/def-ilafores/analysis/MethodsComparison/Feces_RA/preproc/SRR5091591/SRR5091591_unmatched_2.fastq,SRR5091591,29a0d04b718de891655a9a5e37d94cc4,392018000,31,DNA,1000,392018,true,0.7774481214617662,0.9131603606657047,0.8453042410637355,0.9131603606657047,2319,4863852,6678089
272000,0.0006938456907590978,0.01784534038334435,0.0001377487768418797,0.000014824600271125467,1.8333333333333333,1.0,1.3574213025411797,signatures/5ead56c77a195e174c9058c539e8ca3f.sig.gz,"GCA_934418055.1 uncultured Lachnospiraceae bacterium, ERR7738249_bin.10",5ead56c77a195e174c9058c539e8ca3f,0.0898876404494382,54000,351,174789000,/nfs3_ib/nfs-ip34/home/def-ilafores/analysis/MethodsComparison/Feces_RA/preproc/SRR5091591/SRR5091591_unmatched_2.fastq,SRR5091591,29a0d04b718de891655a9a5e37d94cc4,392018000,31,DNA,1000,392018,true,0.7908702784183494,0.9252271887241698,0.8580487335712597,0.9252271887241698,99,4863951,6678089
257000,0.0006555821416363534,0.014950166112956811,0.0001377487768418797,0.0006084075848644724,75.24074074074075,1.0,126.37817075704073,signatures/9415667d246ab94c4a69e48468fb50b3.sig.gz,"GCF_900129655.1 Bacteroides clarus YIT 12056 strain=YIT 12056, IMG-taxon 2695420967 annotated assembly",9415667d246ab94c4a69e48468fb50b3,0.07115171650055371,54000,352,174735000,/nfs3_ib/nfs-ip34/home/def-ilafores/analysis/MethodsComparison/Feces_RA/preproc/SRR5091591/SRR5091591_unmatched_2.fastq,SRR5091591,29a0d04b718de891655a9a5e37d94cc4,392018000,31,DNA,1000,392018,true,0.7894244116089872,0.9182770322890106,0.8538507219489989,0.9182770322890106,4063,4868014,6678089
346000,0.00088261253309797,0.028125,0.0001377487768418797,0.00006633634262735941,8.203703703703704,1.0,45.601892272965735,signatures/89f91351449167c11f38ee181571f4b8.sig.gz,"GCA_900556795.1 uncultured Prevotella sp., UMGS1972",89f91351449167c11f38ee181571f4b8,0.18020833333333333,54000,353,174681000,/nfs3_ib/nfs-ip34/home/def-ilafores/analysis/MethodsComparison/Feces_RA/preproc/SRR5091591/SRR5091591_unmatched_2.fastq,SRR5091591,29a0d04b718de891655a9a5e37d94cc4,392018000,31,DNA,1000,392018,true,0.7970332778851251,0.94622133855762,0.8716273082213726,0.94622133855762,443,4868457,6678089
1305000,0.0033289287736787596,0.020751761942051684,0.0001351978735670301,0.00028061920109180935,35.35849056603774,1.0,74.9470490663865,signatures/fbc6cd1f096b1acd18d96b95d5e0a0a8.sig.gz,"GCA_019414665.1 Bacteroides sp., ASM1941466v1",fbc6cd1f096b1acd18d96b95d5e0a0a8,0.5109631949882537,53000,354,174628000,/nfs3_ib/nfs-ip34/home/def-ilafores/analysis/MethodsComparison/Feces_RA/preproc/SRR5091591/SRR5091591_unmatched_2.fastq,SRR5091591,29a0d04b718de891655a9a5e37d94cc4,392018000,31,DNA,1000,392018,true,0.8319061574817809,0.9785729653521696,0.9052395614169753,0.9785729653521696,1874,4870331,6678089
751000,0.0019157283594120678,0.021873710276516713,0.0001351978735670301,0.0002625002452048782,33.075471698113205,35.0,26.895218805371744,signatures/2af58100ee3b7712db5367a0112cc189.sig.gz,"GCA_934524985.1 uncultured Faecalibacterium sp., ERR7745378_bin.145",2af58100ee3b7712db5367a0112cc189,0.30994634750309535,53000,355,174575000,/nfs3_ib/nfs-ip34/home/def-ilafores/analysis/MethodsComparison/Feces_RA/preproc/SRR5091591/SRR5091591_unmatched_2.fastq,SRR5091591,29a0d04b718de891655a9a5e37d94cc4,392018000,31,DNA,1000,392018,true,0.8172093981935005,0.9629192919805014,0.8900643450870009,0.9629192919805014,1753,4872084,6678089
405000,0.001033115826314098,0.015844544095665172,0.0001351978735670301,0.00002425843680729622,3.056603773584906,1.0,5.096854725052269,signatures/58c1aa2ce53e4bd227085676f11d8646.sig.gz,"GCF_003481825.1 Clostridium sp. OM02-18AC strain=OM02-18AC, ASM348182v1",58c1aa2ce53e4bd227085676f11d8646,0.1210762331838565,53000,356,174522000,/nfs3_ib/nfs-ip34/home/def-ilafores/analysis/MethodsComparison/Feces_RA/preproc/SRR5091591/SRR5091591_unmatched_2.fastq,SRR5091591,29a0d04b718de891655a9a5e37d94cc4,392018000,31,DNA,1000,392018,true,0.8010916892666783,0.9341599734879132,0.8676258313772958,0.9341599734879132,162,4872246,6678089
714000,0.0018213449382426317,0.017924853498793518,0.00013264697029218047,0.000023060489310639617,2.9615384615384617,2.0,2.0471512895648094,signatures/cabca855298260f1e550abc4310656ee.sig.gz,"GCA_934435195.1 uncultured Schaedlerella sp., ERR7738561_bin.217",cabca855298260f1e550abc4310656ee,0.24612202688728024,52000,357,174470000,/nfs3_ib/nfs-ip34/home/def-ilafores/analysis/MethodsComparison/Feces_RA/preproc/SRR5091591/SRR5091591_unmatched_2.fastq,SRR5091591,29a0d04b718de891655a9a5e37d94cc4,392018000,31,DNA,1000,392018,true,0.8158786243112216,0.9557838611818887,0.8858312427465551,0.9557838611818887,154,4872400,6678089
1274000,0.0032498507721584213,0.015706806282722512,0.00013009606701733085,0.000018867673072341505,2.4705882352941178,2.0,3.7013666854627827,signatures/022a7d9a64e052c0f27fafa0434cecda.sig.gz,"GCA_934202525.1 uncultured Prevotella sp., ERR7738254_bin.92",022a7d9a64e052c0f27fafa0434cecda,0.39236218047428395,51000,358,174419000,/nfs3_ib/nfs-ip34/home/def-ilafores/analysis/MethodsComparison/Feces_RA/preproc/SRR5091591/SRR5091591_unmatched_2.fastq,SRR5091591,29a0d04b718de891655a9a5e37d94cc4,392018000,31,DNA,1000,392018,true,0.83126123797051,0.9702711840674537,0.9007662110189818,0.9702711840674537,126,4872526,6678089
553000,0.0014106495109918423,0.01781348236115962,0.00013009606701733085,0.00011844705873192166,15.509803921568627,3.0,37.26396174670096,signatures/975ff2182ed7ebf52419fe49c4a7985d.sig.gz,"GCF_002549775.1 Faecalibacterium prausnitzii strain=CNCM I 4541, ASM254977v1",975ff2182ed7ebf52419fe49c4a7985d,0.19315403422982885,51000,359,174368000,/nfs3_ib/nfs-ip34/home/def-ilafores/analysis/MethodsComparison/Feces_RA/preproc/SRR5091591/SRR5091591_unmatched_2.fastq,SRR5091591,29a0d04b718de891655a9a5e37d94cc4,392018000,31,DNA,1000,392018,true,0.8091811889232697,0.9483412427786092,0.8787612158509395,0.9483412427786092,791,4873317,6678089
293000,0.0007474146595309399,0.017857142857142856,0.00013009606701733085,0.00007247582354772451,9.490196078431373,7.0,6.521074580699367,signatures/34c015d1498c124b3727c1f149c1b735.sig.gz,"GCA_934394665.1 uncultured Acetatifactor sp., ERR7738167_bin.91",34c015d1498c124b3727c1f149c1b735,0.10259103641456582,51000,360,174317000,/nfs3_ib/nfs-ip34/home/def-ilafores/analysis/MethodsComparison/Feces_RA/preproc/SRR5091591/SRR5091591_unmatched_2.fastq,SRR5091591,29a0d04b718de891655a9a5e37d94cc4,392018000,31,DNA,1000,392018,true,0.792769893298312,0.9291809637711131,0.8609754285347127,0.9291809637711131,484,4873801,6678089
370000,0.000943834211694361,0.014431239388794566,0.00013009606701733085,0.000036088168336780175,4.7254901960784315,2.0,6.450652593137757,signatures/204af89ac36dfdd7c4fcad734dffd0d2.sig.gz,"GCF_900104635.1 Coprococcus phoceensis strain=Marseille-P3062, PRJEB16356",204af89ac36dfdd7c4fcad734dffd0d2,0.10469722693831353,51000,361,174266000,/nfs3_ib/nfs-ip34/home/def-ilafores/analysis/MethodsComparison/Feces_RA/preproc/SRR5091591/SRR5091591_unmatched_2.fastq,SRR5091591,29a0d04b718de891655a9a5e37d94cc4,392018000,31,DNA,1000,392018,true,0.7987594160697526,0.9297902885672727,0.8642748523185126,0.9297902885672727,241,4874042,6678089
361000,0.0009208760822207143,0.01281085154483798,0.00013009606701733085,0.0001280306387051745,16.764705882352942,3.0,30.334467702530194,signatures/a41580c1a13ad5f7b4bdf825de916f71.sig.gz,"GCA_900760095.1 uncultured Oxalobacter sp., SRS013098_77",a41580c1a13ad5f7b4bdf825de916f71,0.09068073348404923,51000,362,174215000,/nfs3_ib/nfs-ip34/home/def-ilafores/analysis/MethodsComparison/Feces_RA/preproc/SRR5091591/SRR5091591_unmatched_2.fastq,SRR5091591,29a0d04b718de891655a9a5e37d94cc4,392018000,31,DNA,1000,392018,true,0.7981251683864345,0.9254894073058602,0.8618072878461474,0.9254894073058602,855,4874897,6678089
233000,0.0005943604630399624,0.020627062706270627,0.0001275451637424812,0.000012877935589058487,1.72,1.0,1.4427751037497147,signatures/eac97e33c1c251e65490f9528196e897.sig.gz,"GCA_934373375.1 uncultured Anaerosacchariphilus sp., ERR7745743_bin.94",eac97e33c1c251e65490f9528196e897,0.09612211221122112,50000,363,174165000,/nfs3_ib/nfs-ip34/home/def-ilafores/analysis/MethodsComparison/Feces_RA/preproc/SRR5091591/SRR5091591_unmatched_2.fastq,SRR5091591,29a0d04b718de891655a9a5e37d94cc4,392018000,31,DNA,1000,392018,true,0.7869317970923881,0.9272307985670863,0.8570812978297373,0.9272307985670863,86,4874983,6678089
53000,0.0001351978735670301,0.023408239700374533,0.0001275451637424812,8.385632476596224e-6,1.12,1.0,0.3249615361854384,signatures/d0198e60363f60be5dcaf9fb0fe653a7.sig.gz,"GCA_000980495.1 Acinetobacter sp. N54.MGS-139, ASM98049v1",d0198e60363f60be5dcaf9fb0fe653a7,0.024812734082397005,50000,364,174115000,/nfs3_ib/nfs-ip34/home/def-ilafores/analysis/MethodsComparison/Feces_RA/preproc/SRR5091591/SRR5091591_unmatched_2.fastq,SRR5091591,29a0d04b718de891655a9a5e37d94cc4,392018000,31,DNA,1000,392018,true,0.7502268034025252,0.8875959468012251,0.8189113751018752,0.8875959468012251,56,4875039,6678089
