intersect_bp,f_orig_query,f_match,f_unique_to_query,f_unique_weighted,average_abund,median_abund,std_abund,match_filename,match_name,match_md5,f_match_orig,unique_intersect_bp,gather_result_rank,remaining_bp,query_filename,query_name,query_md5,query_bp,ksize,moltype,scaled,query_n_hashes,query_abundance,query_containment_ani,match_containment_ani,average_containment_ani,max_containment_ani,n_unique_weighted_found,sum_weighted_found,total_weighted_hashes
4141000,0.011995284152957978,0.8282,0.011995284152957978,0.07197878929276452,41.83337358126057,33.0,62.98619158434414,signatures/960cc77fc7b96d595712107aaa1524b5.sig.gz,"GCF_000012825.1 Bacteroides vulgatus ATCC 8482 strain=ATCC 8482, ASM1282v1",960cc77fc7b96d595712107aaa1524b5,0.8282,4141000,0,341078000,/nfs3_ib/nfs-ip34/home/def-ilafores/analysis/MethodsComparison/Feces_RA/preproc/SRR5091619/SRR5091619_unmatched_2.fastq,SRR5091619,09eab43b8a173c78059f9718fddaf692,345219000,31,DNA,1000,345219,true,0.8670269522203821,0.9939377850573211,0.9304823686388516,0.9939377850573211,173232,173232,2406709
3146000,0.009113055770395024,0.674592690444738,0.00887552539112853,0.050832485356559515,39.927872062663184,36.0,34.401679343979445,signatures/2fc80b3803e2d9af5d93edb14dd1cc3b.sig.gz,"GCA_025147485.1 Bacteroides uniformis strain=ATCC 8492, ASM2514748v1",2fc80b3803e2d9af5d93edb14dd1cc3b,0.6926464112725671,3064000,1,338014000,/nfs3_ib/nfs-ip34/home/def-ilafores/analysis/MethodsComparison/Feces_RA/preproc/SRR5091619/SRR5091619_unmatched_2.fastq,SRR5091619,09eab43b8a173c78059f9718fddaf692,345219000,31,DNA,1000,345219,true,0.8593749902510427,0.988223580347535,0.9237992852992889,0.988223580347535,122339,295571,2406709
2805000,0.00812527699807948,0.6153336279275299,0.008067342759233993,0.004234413051183172,3.659245960502693,3.0,3.5063228047282866,signatures/47030cb09435e5a03e1ce6a49f0753a5.sig.gz,"GCF_002222615.2 Bacteroides caccae strain=ATCC 43185, ASM222261v2",47030cb09435e5a03e1ce6a49f0753a5,0.6197525408749448,2785000,2,335229000,/nfs3_ib/nfs-ip34/home/def-ilafores/analysis/MethodsComparison/Feces_RA/preproc/SRR5091619/SRR5091619_unmatched_2.fastq,SRR5091619,09eab43b8a173c78059f9718fddaf692,345219000,31,DNA,1000,345219,true,0.8562003972805903,0.9846850970385843,0.9204427471595873,0.9846850970385843,10191,305762,2406709
2720000,0.007879056482986162,0.4051139864448552,0.007618352408181473,0.0039057484722914153,3.574144486692015,2.0,7.126852819597394,signatures/514bdd6aa640f40cc6414be0e11ec2f6.sig.gz,"GCF_001314995.1 Bacteroides ovatus strain=ATCC 8483, ASM131499v1",514bdd6aa640f40cc6414be0e11ec2f6,0.41897720271102895,2630000,3,332599000,/nfs3_ib/nfs-ip34/home/def-ilafores/analysis/MethodsComparison/Feces_RA/preproc/SRR5091619/SRR5091619_unmatched_2.fastq,SRR5091619,09eab43b8a173c78059f9718fddaf692,345219000,31,DNA,1000,345219,true,0.8553509252037903,0.972327554613975,0.9138392399088826,0.972327554613975,9400,315162,2406709
2630000,0.007618352408181473,0.7147549958937859,0.007563314881278261,0.019850758857842807,18.297587131367294,16.0,16.416889963156894,signatures/00191848f4049b7a1cb875559983f7c7.sig.gz,"GCA_025145845.1 Alistipes shahii WAL 8301 strain=WAL 8301, ASM2514584v1",00191848f4049b7a1cb875559983f7c7,0.7199562003832466,2611000,4,329988000,/nfs3_ib/nfs-ip34/home/def-ilafores/analysis/MethodsComparison/Feces_RA/preproc/SRR5091619/SRR5091619_unmatched_2.fastq,SRR5091619,09eab43b8a173c78059f9718fddaf692,345219000,31,DNA,1000,345219,true,0.8544230134912832,0.9894571022905836,0.9219400578909334,0.9894571022905836,47775,362937,2406709
2578000,0.007467723387183208,0.7263246899661782,0.007464826675240934,0.013818870499092329,12.90570430733411,10.0,15.558046406059523,signatures/7e75980e185a634bb1b9c7535e692c2d.sig.gz,"GCF_015557635.1 Fusicatenibacter saccharivorans strain=D41t1_190614_C8, ASM1555763v1",7e75980e185a634bb1b9c7535e692c2d,0.7266065388951521,2577000,5,327411000,/nfs3_ib/nfs-ip34/home/def-ilafores/analysis/MethodsComparison/Feces_RA/preproc/SRR5091619/SRR5091619_unmatched_2.fastq,SRR5091619,09eab43b8a173c78059f9718fddaf692,345219000,31,DNA,1000,345219,true,0.8538727785534272,0.9897506233173676,0.9218117009353974,0.9897506233173676,33258,396195,2406709
2651000,0.007679183358969234,0.5860646344258538,0.0074068924363954475,0.00575308439865393,5.414939382088384,3.0,22.208602776319402,signatures/a8c995daf67b413b45a7f31c15f510d6.sig.gz,"GCA_025151215.1 Parabacteroides merdae ATCC 43184 strain=ATCC 43184, ASM2515121v1",a8c995daf67b413b45a7f31c15f510d6,0.6076094430437772,2557000,6,324854000,/nfs3_ib/nfs-ip34/home/def-ilafores/analysis/MethodsComparison/Feces_RA/preproc/SRR5091619/SRR5091619_unmatched_2.fastq,SRR5091619,09eab43b8a173c78059f9718fddaf692,345219000,31,DNA,1000,345219,true,0.8546422446938382,0.9840567521856871,0.9193494984397627,0.9840567521856871,13846,410041,2406709
2571000,0.007447446403587288,0.6126796714579056,0.0069144514062088125,0.044334400212073834,44.70046082949309,42.0,30.86909554385209,signatures/0878062848e44bf823b15b8a5d1eba75.sig.gz,"GCA_025147325.1 Bacteroides stercoris ATCC 43183 strain=ATCC 43183, ASM2514732v1",0878062848e44bf823b15b8a5d1eba75,0.6599075975359343,2387000,7,322467000,/nfs3_ib/nfs-ip34/home/def-ilafores/analysis/MethodsComparison/Feces_RA/preproc/SRR5091619/SRR5091619_unmatched_2.fastq,SRR5091619,09eab43b8a173c78059f9718fddaf692,345219000,31,DNA,1000,345219,true,0.8537978895863644,0.9866812494785981,0.9202395695324812,0.9866812494785981,106700,516741,2406709
2333000,0.006758028961325999,0.5390734674777726,0.006674024315000043,0.0033435699953754277,3.4926215277777777,2.0,10.355526289127688,signatures/b37a0141517537faad74a6d2ac4d5c41.sig.gz,"GCF_000190535.1 Odoribacter splanchnicus DSM 20712 strain=DSM 220712, ASM19053v1",b37a0141517537faad74a6d2ac4d5c41,0.5458586803930744,2304000,8,320163000,/nfs3_ib/nfs-ip34/home/def-ilafores/analysis/MethodsComparison/Feces_RA/preproc/SRR5091619/SRR5091619_unmatched_2.fastq,SRR5091619,09eab43b8a173c78059f9718fddaf692,345219000,31,DNA,1000,345219,true,0.8511266617638172,0.9806605769764145,0.9158936193701159,0.9806605769764145,8047,524788,2406709
2303000,0.006671127603057769,0.7480340760157274,0.006613193364212283,0.025600103710087092,26.98729741568112,19.0,37.896986911971666,signatures/58b144de4acaed89ce9d8071641d7213.sig.gz,"GCF_023347255.1 Faecalibacterium sp. I4384 strain=I4384, ASM2334725v1",58b144de4acaed89ce9d8071641d7213,0.7545871559633027,2283000,9,317880000,/nfs3_ib/nfs-ip34/home/def-ilafores/analysis/MethodsComparison/Feces_RA/preproc/SRR5091619/SRR5091619_unmatched_2.fastq,SRR5091619,09eab43b8a173c78059f9718fddaf692,345219000,31,DNA,1000,345219,true,0.8507713940579104,0.990957758458633,0.9208645762582717,0.990957758458633,61612,586400,2406709
2477000,0.0071751554810135015,0.3622222222222222,0.006610296652270009,0.0024872138675677033,2.6231375985977214,1.0,6.847656710540747,signatures/df098e390010d8add7b59e4ff0574d30.sig.gz,"GCF_000011065.1 Bacteroides thetaiotaomicron VPI-5482 strain=VPI-5482, ASM1106v1",df098e390010d8add7b59e4ff0574d30,0.3931746031746032,2282000,10,315598000,/nfs3_ib/nfs-ip34/home/def-ilafores/analysis/MethodsComparison/Feces_RA/preproc/SRR5091619/SRR5091619_unmatched_2.fastq,SRR5091619,09eab43b8a173c78059f9718fddaf692,345219000,31,DNA,1000,345219,true,0.8527726598062628,0.9703359268860852,0.911554293346174,0.9703359268860852,5986,592386,2406709
2277000,0.006595813092558637,0.6632866090068595,0.006442287359618097,0.005422342293979039,5.8678057553956835,4.0,7.973120730184401,signatures/7ce01a2b906489a12149e88195eade6e.sig.gz,"GCF_020687205.1 Hominisplanchenecus faecis strain=CLA-AA-H246, ASM2068720v1",7ce01a2b906489a12149e88195eade6e,0.679093349239487,2224000,11,313374000,/nfs3_ib/nfs-ip34/home/def-ilafores/analysis/MethodsComparison/Feces_RA/preproc/SRR5091619/SRR5091619_unmatched_2.fastq,SRR5091619,09eab43b8a173c78059f9718fddaf692,345219000,31,DNA,1000,345219,true,0.8504598537909058,0.9875938350518265,0.9190268444213662,0.9875938350518265,13050,605436,2406709
2173000,0.006294555050562107,0.820046439628483,0.006138132605679293,0.036100750028358226,41.0023596035866,38.0,30.718538259945614,signatures/db9feafdd9d3e3f2fb5caf52a730ce6a.sig.gz,"GCF_000154465.1 Alistipes putredinis DSM 17216 strain=DSM 17216, ASM15446v1",db9feafdd9d3e3f2fb5caf52a730ce6a,0.8409442724458205,2119000,12,311255000,/nfs3_ib/nfs-ip34/home/def-ilafores/analysis/MethodsComparison/Feces_RA/preproc/SRR5091619/SRR5091619_unmatched_2.fastq,SRR5091619,09eab43b8a173c78059f9718fddaf692,345219000,31,DNA,1000,345219,true,0.8491782697093588,0.9944275233747482,0.9218028965420535,0.9944275233747482,86884,692320,2406709
2129000,0.006167099725102036,0.643699565487275,0.006007780568276949,0.009286124745451154,10.775795564127291,10.0,14.637911059366676,signatures/56a187d0b325a22e72d7369e11bd76b9.sig.gz,"GCF_006542665.1 Alistipes communis strain=5CBH24, Acom_1.0",56a187d0b325a22e72d7369e11bd76b9,0.6607697082557418,2074000,13,309181000,/nfs3_ib/nfs-ip34/home/def-ilafores/analysis/MethodsComparison/Feces_RA/preproc/SRR5091619/SRR5091619_unmatched_2.fastq,SRR5091619,09eab43b8a173c78059f9718fddaf692,345219000,31,DNA,1000,345219,true,0.8486180978278081,0.9867228042324369,0.9176704510301225,0.9867228042324369,22349,714669,2406709
2080000,0.006025160839930595,0.5057242409158785,0.005886118666701427,0.0036946718527250282,4.375984251968504,2.0,9.116663704563985,signatures/af6c15168013456ae2d4dfef6c5b80a6.sig.gz,"GCA_003478935.1 Firmicutes bacterium AF25-13AC strain=AF25-13AC, ASM347893v1",af6c15168013456ae2d4dfef6c5b80a6,0.5176704828272772,2032000,14,307149000,/nfs3_ib/nfs-ip34/home/def-ilafores/analysis/MethodsComparison/Feces_RA/preproc/SRR5091619/SRR5091619_unmatched_2.fastq,SRR5091619,09eab43b8a173c78059f9718fddaf692,345219000,31,DNA,1000,345219,true,0.8479809293607978,0.978984726371312,0.913482827866055,0.978984726371312,8892,723561,2406709
1995000,0.0057789403248372775,0.6640625,0.005663071847146304,0.024363975869122523,29.993350383631714,29.0,19.243186106699643,signatures/37519ff08fa08b5bc2ed2e92c46c0d51.sig.gz,"GCF_014337155.1 Wujia chipingensis strain=NSJ-4, ASM1433715v1",37519ff08fa08b5bc2ed2e92c46c0d51,0.6776494565217391,1955000,15,305194000,/nfs3_ib/nfs-ip34/home/def-ilafores/analysis/MethodsComparison/Feces_RA/preproc/SRR5091619/SRR5091619_unmatched_2.fastq,SRR5091619,09eab43b8a173c78059f9718fddaf692,345219000,31,DNA,1000,345219,true,0.8468403737492113,0.9875260288644607,0.917183201306836,0.9875260288644607,58637,782198,2406709
1954000,0.00566017513520403,0.4190907132083603,0.005634104727723561,0.0017417976165793206,2.155269922879177,2.0,2.020601921479115,signatures/d4b0f7a75de0de86779fc9973ed01479.sig.gz,"GCA_025148635.1 Butyricimonas virosa strain=DSM 23226, ASM2514863v1",d4b0f7a75de0de86779fc9973ed01479,0.42102995044171515,1945000,16,303249000,/nfs3_ib/nfs-ip34/home/def-ilafores/analysis/MethodsComparison/Feces_RA/preproc/SRR5091619/SRR5091619_unmatched_2.fastq,SRR5091619,09eab43b8a173c78059f9718fddaf692,345219000,31,DNA,1000,345219,true,0.8462733036653018,0.9724808639461738,0.9093770838057378,0.9724808639461738,4192,786390,2406709
1935000,0.005605137608300817,0.7934156378600823,0.005584860624704898,0.005800036481352752,7.240145228215767,6.0,6.05326515742089,signatures/4a7e38e0e3592b1aa463e455740ac3a1.sig.gz,"GCA_004000625.1 Candidatus Cibiobacter qucibialis, ASM400062v1",4a7e38e0e3592b1aa463e455740ac3a1,0.7962962962962963,1928000,17,301321000,/nfs3_ib/nfs-ip34/home/def-ilafores/analysis/MethodsComparison/Feces_RA/preproc/SRR5091619/SRR5091619_unmatched_2.fastq,SRR5091619,09eab43b8a173c78059f9718fddaf692,345219000,31,DNA,1000,345219,true,0.8460065996140027,0.9926790608509997,0.9193428302325012,0.9926790608509997,13959,800349,2406709
2002000,0.005799217308433197,0.6238938053097345,0.005309672990188837,0.013064728639814784,17.153846153846153,12.0,22.843625239153525,signatures/c7d4730d7ef725fd5e285130d735d8de.sig.gz,"GCF_020687245.1 Faecalibacterium longum CLA-AA-H243 strain=CLA-AA-H243, ASM2068724v1",c7d4730d7ef725fd5e285130d735d8de,0.6814159292035398,1833000,18,299488000,/nfs3_ib/nfs-ip34/home/def-ilafores/analysis/MethodsComparison/Feces_RA/preproc/SRR5091619/SRR5091619_unmatched_2.fastq,SRR5091619,09eab43b8a173c78059f9718fddaf692,345219000,31,DNA,1000,345219,true,0.8469360620247683,0.9877026128284293,0.9173193374265989,0.9877026128284293,31443,831792,2406709
1959000,0.005674658694915401,0.40812681402098683,0.005295189430477465,0.0027049385696401185,3.561269146608315,2.0,9.036521384879048,signatures/20e22b7a195404638366fe78b372a400.sig.gz,"GCA_025148125.1 Blautia wexlerae DSM 19850 strain=DSM 19850, ASM2514812v1",20e22b7a195404638366fe78b372a400,0.4373744139316812,1828000,19,297660000,/nfs3_ib/nfs-ip34/home/def-ilafores/analysis/MethodsComparison/Feces_RA/preproc/SRR5091619/SRR5091619_unmatched_2.fastq,SRR5091619,09eab43b8a173c78059f9718fddaf692,345219000,31,DNA,1000,345219,true,0.8463430718200768,0.9736763579922053,0.910009714906141,0.9736763579922053,6510,838302,2406709
1804000,0.005225668343862881,0.7321428571428571,0.005225668343862881,0.003801456677978102,5.071507760532151,4.0,4.074131217421579,signatures/8de6a56dece2b0b235d66a08de9380be.sig.gz,"GCF_000297775.1 Sutterella wadsworthensis 2_1_59BFAA strain=2_1_59BFAA, Sutt_wads_2_1_59BFAA_V1",8de6a56dece2b0b235d66a08de9380be,0.7321428571428571,1804000,20,295856000,/nfs3_ib/nfs-ip34/home/def-ilafores/analysis/MethodsComparison/Feces_RA/preproc/SRR5091619/SRR5091619_unmatched_2.fastq,SRR5091619,09eab43b8a173c78059f9718fddaf692,345219000,31,DNA,1000,345219,true,0.8440956698095832,0.9899929993651851,0.9170443345873842,0.9899929993651851,9149,847451,2406709
1793000,0.005193804512497863,0.6197231833910034,0.005188011088613315,0.0028773732096402183,3.8665549972082633,3.0,2.566057123158949,signatures/ce22b42f3eebd9f4d4b76c6a136629f8.sig.gz,"GCF_003315195.1 Sutterella wadsworthensis strain=DSM 14016, ASM331519v1",ce22b42f3eebd9f4d4b76c6a136629f8,0.6204152249134948,1791000,21,294065000,/nfs3_ib/nfs-ip34/home/def-ilafores/analysis/MethodsComparison/Feces_RA/preproc/SRR5091619/SRR5091619_unmatched_2.fastq,SRR5091619,09eab43b8a173c78059f9718fddaf692,345219000,31,DNA,1000,345219,true,0.8439291481488701,0.9847190438717031,0.9143240960102865,0.9847190438717031,6925,854376,2406709
1724000,0.004993931388480935,0.5481386392811296,0.004947583997404546,0.004934123734942612,6.952576112412178,6.0,6.22721413954565,signatures/bff3e8a1ff2f46748997b855d46008f9.sig.gz,"GCF_000468015.1 Ruminococcus callidus ATCC 27760 strain=ATCC 27760, ASM46801v1",bff3e8a1ff2f46748997b855d46008f9,0.5532734274711169,1708000,22,292357000,/nfs3_ib/nfs-ip34/home/def-ilafores/analysis/MethodsComparison/Feces_RA/preproc/SRR5091619/SRR5091619_unmatched_2.fastq,SRR5091619,09eab43b8a173c78059f9718fddaf692,345219000,31,DNA,1000,345219,true,0.8428614908269605,0.9810874852451101,0.9119744880360353,0.9810874852451101,11875,866251,2406709
2732000,0.007913817026293454,0.2946086956521739,0.004907030030212705,0.002738594487326885,3.8907910271546635,2.0,11.431816150887345,signatures/c08f8e47dd318b08d89c36c36e6da9e1.sig.gz,"GCF_000210075.1 Bacteroides xylanisolvens XB1A strain=XB1A, ASM21007v1",c08f8e47dd318b08d89c36c36e6da9e1,0.4751304347826087,1694000,23,290663000,/nfs3_ib/nfs-ip34/home/def-ilafores/analysis/MethodsComparison/Feces_RA/preproc/SRR5091619/SRR5091619_unmatched_2.fastq,SRR5091619,09eab43b8a173c78059f9718fddaf692,345219000,31,DNA,1000,345219,true,0.8554723953536303,0.9762804846561083,0.9158764400048693,0.9762804846561083,6591,872842,2406709
1712000,0.0049591708451736435,0.3413333333333333,0.004820128671944476,0.001709803719519061,2.472956730769231,2.0,6.825643771275979,signatures/5feebdfe795727335c87e462e7a7cc14.sig.gz,"GCF_000012845.1 Parabacteroides distasonis ATCC 8503 strain=ATCC 8503, ASM1284v1",5feebdfe795727335c87e462e7a7cc14,0.35117948717948716,1664000,24,288999000,/nfs3_ib/nfs-ip34/home/def-ilafores/analysis/MethodsComparison/Feces_RA/preproc/SRR5091619/SRR5091619_unmatched_2.fastq,SRR5091619,09eab43b8a173c78059f9718fddaf692,345219000,31,DNA,1000,345219,true,0.8426715993624698,0.9668066961425759,0.9047391477525228,0.9668066961425759,4115,876957,2406709
1632000,0.004727433889791697,0.7352277852954443,0.004721640465907149,0.012225823728585383,18.051533742331287,17.0,10.695210531938162,signatures/0ffe36c89a44946cee180ac754d6f047.sig.gz,"GCF_001025215.1 Bifidobacterium pseudocatenulatum DSM 20438 = JCM 1200 = LMG 10505 strain=JCM 1200, ASM102521v1",0ffe36c89a44946cee180ac754d6f047,0.7361299052774019,1630000,25,287369000,/nfs3_ib/nfs-ip34/home/def-ilafores/analysis/MethodsComparison/Feces_RA/preproc/SRR5091619/SRR5091619_unmatched_2.fastq,SRR5091619,09eab43b8a173c78059f9718fddaf692,345219000,31,DNA,1000,345219,true,0.8413717348872631,0.9901664533463236,0.9157690941167933,0.9901664533463236,29424,906381,2406709
1705000,0.004938893861577723,0.4503880266075388,0.004707156906195777,0.002621837538314769,3.883076923076923,3.0,8.144985606650534,signatures/48227f0b50ffcdb8b37511d627bd1277.sig.gz,"GCF_014297285.1 Dysosmobacter sp. BX15 strain=BX15, ASM1429728v1",48227f0b50ffcdb8b37511d627bd1277,0.4725609756097561,1625000,26,285744000,/nfs3_ib/nfs-ip34/home/def-ilafores/analysis/MethodsComparison/Feces_RA/preproc/SRR5091619/SRR5091619_unmatched_2.fastq,SRR5091619,09eab43b8a173c78059f9718fddaf692,345219000,31,DNA,1000,345219,true,0.8425602336170418,0.9761097267707546,0.9093349801938981,0.9761097267707546,6310,912691,2406709
1780000,0.005156147257248297,0.6704450041981528,0.004626048971812096,0.017521021444636638,26.404508453350033,23.0,22.59089602706492,signatures/6327a0248cad78e44bcb1621925d80af.sig.gz,"GCA_900539945.1 uncultured Faecalibacterium sp., UMGS183",6327a0248cad78e44bcb1621925d80af,0.7472712006717045,1597000,27,284147000,/nfs3_ib/nfs-ip34/home/def-ilafores/analysis/MethodsComparison/Feces_RA/preproc/SRR5091619/SRR5091619_unmatched_2.fastq,SRR5091619,09eab43b8a173c78059f9718fddaf692,345219000,31,DNA,1000,345219,true,0.8437310704554746,0.9906463712962431,0.9171887208758589,0.9906463712962431,42168,954859,2406709
1827000,0.005292292718535191,0.41995172968624295,0.004536250901601592,0.011693146117789896,17.970625798212005,17.0,9.281556189800147,signatures/f22e85c6befcb1bccc2db3184aa9ec05.sig.gz,"GCA_025145285.1 Alistipes onderdonkii strain=DSM 19147, ASM2514528v1",f22e85c6befcb1bccc2db3184aa9ec05,0.4899436846339501,1566000,28,282581000,/nfs3_ib/nfs-ip34/home/def-ilafores/analysis/MethodsComparison/Feces_RA/preproc/SRR5091619/SRR5091619_unmatched_2.fastq,SRR5091619,09eab43b8a173c78059f9718fddaf692,345219000,31,DNA,1000,345219,true,0.8444406992192495,0.9772478305004868,0.9108442648598681,0.9772478305004868,28142,983001,2406709
1670000,0.004837508943598121,0.4320441988950276,0.004530457477717044,0.0016046809148924943,2.469309462915601,1.0,7.8741510667423595,signatures/74059216b7cd65a7ff314267c1b83b8e.sig.gz,"GCF_005121165.3 Dysosmobacter welbionis strain=J115, ASM512116v3",74059216b7cd65a7ff314267c1b83b8e,0.4613259668508287,1564000,29,281017000,/nfs3_ib/nfs-ip34/home/def-ilafores/analysis/MethodsComparison/Feces_RA/preproc/SRR5091619/SRR5091619_unmatched_2.fastq,SRR5091619,09eab43b8a173c78059f9718fddaf692,345219000,31,DNA,1000,345219,true,0.8419966818505475,0.9753523735601557,0.9086745277053516,0.9753523735601557,3862,986863,2406709
1565000,0.004533354189659318,0.5372980405637676,0.004527560765774769,0.014745446998369974,22.70505438259757,22.0,12.149870001605118,signatures/b6273adea5d5c285fe4ed6563af91c7d.sig.gz,"GCA_000437595.1 Faecalibacterium sp. CAG:74, MGS74",b6273adea5d5c285fe4ed6563af91c7d,0.537985562048814,1563000,30,279454000,/nfs3_ib/nfs-ip34/home/def-ilafores/analysis/MethodsComparison/Feces_RA/preproc/SRR5091619/SRR5091619_unmatched_2.fastq,SRR5091619,09eab43b8a173c78059f9718fddaf692,345219000,31,DNA,1000,345219,true,0.8402347403698595,0.9802010904315726,0.910217915400716,0.9802010904315726,35488,1022351,2406709
1537000,0.0044522462552756365,0.539866526167896,0.0044522462552756365,0.0020837583604831327,3.2628497072218607,3.0,2.2018813624582876,signatures/aaf148ee52143af3cf0855705199f0d7.sig.gz,"GCF_012843875.1 Desulfovibrio piger strain=PG-251-APC-1, ASM1284387v1",aaf148ee52143af3cf0855705199f0d7,0.539866526167896,1537000,31,277917000,/nfs3_ib/nfs-ip34/home/def-ilafores/analysis/MethodsComparison/Feces_RA/preproc/SRR5091619/SRR5091619_unmatched_2.fastq,SRR5091619,09eab43b8a173c78059f9718fddaf692,345219000,31,DNA,1000,345219,true,0.8397455583163139,0.9803114550118415,0.9100285066640776,0.9803114550118415,5015,1027366,2406709
1834000,0.005312569702131111,0.5455845548802288,0.004420382423910619,0.03722178294093719,58.70380078636959,59.0,32.016789070869464,signatures/b9efc27b039945043d519688f02fc3e8.sig.gz,"GCF_019967995.1 Faecalibacterium prausnitzii strain=Fp77, ASM1996799v1",b9efc27b039945043d519688f02fc3e8,0.6557025384340365,1526000,32,276391000,/nfs3_ib/nfs-ip34/home/def-ilafores/analysis/MethodsComparison/Feces_RA/preproc/SRR5091619/SRR5091619_unmatched_2.fastq,SRR5091619,09eab43b8a173c78059f9718fddaf692,345219000,31,DNA,1000,345219,true,0.8445448741177546,0.9864778045953453,0.9155113393565499,0.9864778045953453,89582,1116948,2406709
1510000,0.00437403503283423,0.5639666919000756,0.0043161007939887435,0.005666659326075566,9.153020134228187,9.0,5.204612784299514,signatures/95dea09cff7a15ab6264955203811833.sig.gz,"GCA_900540635.1 uncultured Clostridiales bacterium, UMGS273",95dea09cff7a15ab6264955203811833,0.5715367146101439,1490000,33,274901000,/nfs3_ib/nfs-ip34/home/def-ilafores/analysis/MethodsComparison/Feces_RA/preproc/SRR5091619/SRR5091619_unmatched_2.fastq,SRR5091619,09eab43b8a173c78059f9718fddaf692,345219000,31,DNA,1000,345219,true,0.8392656099070576,0.9821158363982224,0.91069072315264,0.9821158363982224,13638,1130586,2406709
1690000,0.004895443182443608,0.3710362047440699,0.004304513946219646,0.00132172190322968,2.1406460296096905,1.0,3.156058176992667,signatures/2a410b832a719fa88b97ddf5d0e066c5.sig.gz,"GCF_003461245.1 Blautia sp. AF19-10LB strain=AF19-10LB, ASM346124v1",2a410b832a719fa88b97ddf5d0e066c5,0.42197253433208487,1486000,34,273415000,/nfs3_ib/nfs-ip34/home/def-ilafores/analysis/MethodsComparison/Feces_RA/preproc/SRR5091619/SRR5091619_unmatched_2.fastq,SRR5091619,09eab43b8a173c78059f9718fddaf692,345219000,31,DNA,1000,345219,true,0.8423200951856111,0.9725510185812363,0.9074355568834237,0.9725510185812363,3181,1133767,2406709
1505000,0.004359551473122858,0.43128390596745025,0.004145194789394558,0.012321389914609536,20.722571628232007,19.0,14.97929763865166,signatures/c7f0f63b1e20051e05be14074e3f6057.sig.gz,"GCA_000020605.1 [Eubacterium] rectale ATCC 33656 strain=ATCC 33656, ASM2060v1",c7f0f63b1e20051e05be14074e3f6057,0.45358649789029537,1431000,35,271984000,/nfs3_ib/nfs-ip34/home/def-ilafores/analysis/MethodsComparison/Feces_RA/preproc/SRR5091619/SRR5091619_unmatched_2.fastq,SRR5091619,09eab43b8a173c78059f9718fddaf692,345219000,31,DNA,1000,345219,true,0.8391758199874628,0.9748201999707495,0.9069980099791062,0.9748201999707495,29654,1163421,2406709
1820000,0.005272015734939271,0.4594594594594595,0.004087260550549072,0.011827354283380333,20.17363571934798,14.0,18.422101385385126,signatures/b11818d1b4bf0d22ae3d2662e33873ee.sig.gz,"GCF_003287405.1 Faecalibacterium prausnitzii strain=APC923/51-1, ASM328740v1",b11818d1b4bf0d22ae3d2662e33873ee,0.592640833604689,1411000,36,270573000,/nfs3_ib/nfs-ip34/home/def-ilafores/analysis/MethodsComparison/Feces_RA/preproc/SRR5091619/SRR5091619_unmatched_2.fastq,SRR5091619,09eab43b8a173c78059f9718fddaf692,345219000,31,DNA,1000,345219,true,0.8443361373402173,0.9832652613448956,0.9138006993425565,0.9832652613448956,28465,1191886,2406709
1454000,0.004211819164066868,0.46277665995975853,0.003997462480338568,0.0028636615394715356,4.994202898550725,4.0,6.7699224849023025,signatures/202b4a96ab763ae8b9d9aa34459e999a.sig.gz,"GCF_009680455.1 Lachnospira eligens strain=BIOML-A1, ASM968045v1",202b4a96ab763ae8b9d9aa34459e999a,0.4875922199865862,1380000,37,269193000,/nfs3_ib/nfs-ip34/home/def-ilafores/analysis/MethodsComparison/Feces_RA/preproc/SRR5091619/SRR5091619_unmatched_2.fastq,SRR5091619,09eab43b8a173c78059f9718fddaf692,345219000,31,DNA,1000,345219,true,0.8382431070058509,0.9770961792866184,0.9076696431462347,0.9770961792866184,6892,1198778,2406709
1443000,0.00417995533270185,0.5101123595505618,0.00394532166537763,0.0032646240156163457,5.7687224669603525,5.0,6.088562468655701,signatures/07528870a6ba654094c0053823762c08.sig.gz,"GCF_000765235.1 Oscillibacter sp. ER4 strain=ER4, ASM76523v1",07528870a6ba654094c0053823762c08,0.5404494382022472,1362000,38,267831000,/nfs3_ib/nfs-ip34/home/def-ilafores/analysis/MethodsComparison/Feces_RA/preproc/SRR5091619/SRR5091619_unmatched_2.fastq,SRR5091619,09eab43b8a173c78059f9718fddaf692,345219000,31,DNA,1000,345219,true,0.838037786948874,0.9803455815478866,0.9091916842483803,0.9803455815478866,7857,1206635,2406709
1380000,0.003997462480338568,0.6017857142857143,0.0039047676981857895,0.0017422131217359473,3.1105341246290803,3.0,2.80902139514643,signatures/4a2b47d34bd15d9d4bd0eea00bcee953.sig.gz,"GCF_000196555.1 Bifidobacterium longum subsp. longum JCM 1217 strain=JCM 1217, ASM19655v1",4a2b47d34bd15d9d4bd0eea00bcee953,0.6160714285714286,1348000,39,266483000,/nfs3_ib/nfs-ip34/home/def-ilafores/analysis/MethodsComparison/Feces_RA/preproc/SRR5091619/SRR5091619_unmatched_2.fastq,SRR5091619,09eab43b8a173c78059f9718fddaf692,345219000,31,DNA,1000,345219,true,0.836831859923757,0.9844958854748487,0.9106638726993028,0.9844958854748487,4193,1210828,2406709
1336000,0.0038700071548784976,0.5958333333333333,0.0037280682697070555,0.0021892966702663262,4.094017094017094,4.0,2.710540009278398,signatures/4a1943cef878ce8b6d6625ec2358cbd9.sig.gz,"GCA_003525905.1 Clostridiales bacterium, ASM352590v1",4a1943cef878ce8b6d6625ec2358cbd9,0.6185185185185185,1287000,40,265196000,/nfs3_ib/nfs-ip34/home/def-ilafores/analysis/MethodsComparison/Feces_RA/preproc/SRR5091619/SRR5091619_unmatched_2.fastq,SRR5091619,09eab43b8a173c78059f9718fddaf692,345219000,31,DNA,1000,345219,true,0.8359576002254323,0.9846217889568735,0.9102896945911529,0.9846217889568735,5269,1216097,2406709
1747000,0.005060555763153245,0.4049273531269741,0.003713584709995684,0.0030294480969656075,5.687207488299532,4.0,8.355664991111603,signatures/1536305f1db2c6485876fc17c9a7e45f.sig.gz,"GCF_010509575.1 Faecalibacterium prausnitzii A2-165 strain=JCM 31915, ASM1050957v1",1536305f1db2c6485876fc17c9a7e45f,0.5518003790271636,1282000,41,263914000,/nfs3_ib/nfs-ip34/home/def-ilafores/analysis/MethodsComparison/Feces_RA/preproc/SRR5091619/SRR5091619_unmatched_2.fastq,SRR5091619,09eab43b8a173c78059f9718fddaf692,345219000,31,DNA,1000,345219,true,0.8432219009069849,0.9810031161550281,0.9121125085310064,0.9810031161550281,7291,1223388,2406709
1260000,0.0036498570472656487,0.5893358278765201,0.0036498570472656487,0.0014260136975429933,2.723809523809524,2.0,2.450119160413785,signatures/c5df505dd06ebc4c265f01d9e2dc2f2f.sig.gz,"GCF_007164725.1 Dialister hominis strain=5BBH33, ASM716472v1",c5df505dd06ebc4c265f01d9e2dc2f2f,0.5893358278765201,1260000,42,262654000,/nfs3_ib/nfs-ip34/home/def-ilafores/analysis/MethodsComparison/Feces_RA/preproc/SRR5091619/SRR5091619_unmatched_2.fastq,SRR5091619,09eab43b8a173c78059f9718fddaf692,345219000,31,DNA,1000,345219,true,0.8343797150909887,0.9830878978359249,0.9087338064634568,0.9830878978359249,3432,1226820,2406709
1604000,0.004646325955408016,0.4724349157733537,0.003574542536766516,0.0041517275250144495,8.097244732576986,7.0,9.623391723264358,signatures/5738d7e42dd0c6cc15d94495876c467c.sig.gz,"GCF_003287495.1 Faecalibacterium prausnitzii strain=APC923/61-1, ASM328749v1",5738d7e42dd0c6cc15d94495876c467c,0.6140888208269525,1234000,43,261420000,/nfs3_ib/nfs-ip34/home/def-ilafores/analysis/MethodsComparison/Feces_RA/preproc/SRR5091619/SRR5091619_unmatched_2.fastq,SRR5091619,09eab43b8a173c78059f9718fddaf692,345219000,31,DNA,1000,345219,true,0.8409021702744319,0.984393524334919,0.9126478473046755,0.984393524334919,9992,1236812,2406709
1579000,0.004573908156851159,0.2395690499510284,0.0035426787054014986,0.006983810672582352,13.743254292722813,2.0,101.72183778710709,signatures/20d3ad2db691676c0843017fd7066d73.sig.gz,"GCF_009193325.2 Bacteroides sp. HF-5287 strain=HF-5287, ASM919332v2",20d3ad2db691676c0843017fd7066d73,0.30930460333006854,1223000,44,260197000,/nfs3_ib/nfs-ip34/home/def-ilafores/analysis/MethodsComparison/Feces_RA/preproc/SRR5091619/SRR5091619_unmatched_2.fastq,SRR5091619,09eab43b8a173c78059f9718fddaf692,345219000,31,DNA,1000,345219,true,0.8404761639521272,0.962854913743589,0.901665538847858,0.962854913743589,16808,1253620,2406709
1390000,0.004026429599761311,0.2933655006031363,0.0035224017218055785,0.0012365433461211971,2.4473684210526314,1.0,7.682999408883067,signatures/928b2d7b80c57c283b973481c1cf1d26.sig.gz,"GCF_020554845.1 Blautia faecis strain=DFI.3.66, ASM2055484v1",928b2d7b80c57c283b973481c1cf1d26,0.3353437876960193,1216000,45,258981000,/nfs3_ib/nfs-ip34/home/def-ilafores/analysis/MethodsComparison/Feces_RA/preproc/SRR5091619/SRR5091619_unmatched_2.fastq,SRR5091619,09eab43b8a173c78059f9718fddaf692,345219000,31,DNA,1000,345219,true,0.8370267901571685,0.9653687460541069,0.9011977681056378,0.9653687460541069,2976,1256596,2406709
1270000,0.003678824166688392,0.4595003785011355,0.00351660829792103,0.004207405216002433,8.341021416803954,8.0,4.630571103280856,signatures/5055b6e366ca93dd1ce8d6d877b8501f.sig.gz,"GCA_900540595.1 uncultured Ruminococcaceae bacterium, UMGS262",5055b6e366ca93dd1ce8d6d877b8501f,0.48069644208932627,1214000,46,257767000,/nfs3_ib/nfs-ip34/home/def-ilafores/analysis/MethodsComparison/Feces_RA/preproc/SRR5091619/SRR5091619_unmatched_2.fastq,SRR5091619,09eab43b8a173c78059f9718fddaf692,345219000,31,DNA,1000,345219,true,0.8345925138811648,0.9766473392289567,0.9056199265550609,0.9766473392289567,10126,1266722,2406709
1212000,0.0035108148740364813,0.464354527938343,0.003490537890440561,0.0013391731198080033,2.6746887966804977,2.0,1.8545621684814053,signatures/6a7da8cde172d00735369ddaf57f22c6.sig.gz,"GCA_025150425.1 [Eubacterium] siraeum strain=DSM 15702, ASM2515042v1",6a7da8cde172d00735369ddaf57f22c6,0.46705202312138727,1205000,47,256562000,/nfs3_ib/nfs-ip34/home/def-ilafores/analysis/MethodsComparison/Feces_RA/preproc/SRR5091619/SRR5091619_unmatched_2.fastq,SRR5091619,09eab43b8a173c78059f9718fddaf692,345219000,31,DNA,1000,345219,true,0.8333349771523987,0.9757405708883634,0.904537774020381,0.9757405708883634,3223,1269945,2406709
1179000,0.0034152233799414284,0.6207627118644068,0.0033949463963455083,0.010671834442801353,21.914675767918087,21.0,9.307207910690815,signatures/73d222f66a3d1d6cab0992c236b276eb.sig.gz,"GCA_000432375.1 Firmicutes bacterium CAG:103, MGS103",73d222f66a3d1d6cab0992c236b276eb,0.6244703389830508,1172000,48,255390000,/nfs3_ib/nfs-ip34/home/def-ilafores/analysis/MethodsComparison/Feces_RA/preproc/SRR5091619/SRR5091619_unmatched_2.fastq,SRR5091619,09eab43b8a173c78059f9718fddaf692,345219000,31,DNA,1000,345219,true,0.8325932289527126,0.9849260110388204,0.9087596199957665,0.9849260110388204,25684,1295629,2406709
1188000,0.0034412937874218974,0.47246376811594204,0.0033051483261350044,0.006360552937642232,13.416301489921121,11.0,10.787293170481345,signatures/0c27e38f5990e49c33434011e5c9e03c.sig.gz,"GCF_002834235.1 Ruminococcus bromii strain=5AMG, ASM283423v1",0c27e38f5990e49c33434011e5c9e03c,0.4919254658385093,1141000,49,254249000,/nfs3_ib/nfs-ip34/home/def-ilafores/analysis/MethodsComparison/Feces_RA/preproc/SRR5091619/SRR5091619_unmatched_2.fastq,SRR5091619,09eab43b8a173c78059f9718fddaf692,345219000,31,DNA,1000,345219,true,0.8327974971660752,0.977375094032848,0.9050862955994616,0.977375094032848,15308,1310937,2406709
1346000,0.0038989742743012405,0.3484523444682807,0.0032935614783659068,0.0011048282114705184,2.3386103781882146,2.0,3.2109414698186516,signatures/05fdfb341baa3ac1ba3aa5b66467573e.sig.gz,"GCF_003024715.1 Lachnoclostridium sp. SNUG30386 strain=SNUG30386, ASM302471v1",05fdfb341baa3ac1ba3aa5b66467573e,0.41250383083052405,1137000,50,253112000,/nfs3_ib/nfs-ip34/home/def-ilafores/analysis/MethodsComparison/Feces_RA/preproc/SRR5091619/SRR5091619_unmatched_2.fastq,SRR5091619,09eab43b8a173c78059f9718fddaf692,345219000,31,DNA,1000,345219,true,0.8361587168761964,0.9718392859950165,0.9039990014356064,0.9718392859950165,2659,1313596,2406709
1115000,0.003229833815635872,0.652122641509434,0.003203763408155403,0.001248177490506746,2.7160940325497287,2.0,1.8048692243530633,signatures/88efd1d9b9d0b8d1bae8c7d108dfdc0b.sig.gz,"GCA_900553545.1 uncultured Clostridiales bacterium, UMGS1621",88efd1d9b9d0b8d1bae8c7d108dfdc0b,0.6574292452830188,1106000,51,252006000,/nfs3_ib/nfs-ip34/home/def-ilafores/analysis/MethodsComparison/Feces_RA/preproc/SRR5091619/SRR5091619_unmatched_2.fastq,SRR5091619,09eab43b8a173c78059f9718fddaf692,345219000,31,DNA,1000,345219,true,0.8310955816101266,0.9865614967194988,0.9088285391648128,0.9865614967194988,3004,1316600,2406709
1425000,0.004127814517740912,0.43914680050188204,0.0030415475393880407,0.0017937357611576639,4.111428571428571,2.0,8.487299354926519,signatures/61144900a261055f13244d60f6438a55.sig.gz,"GCA_900765105.1 uncultured Faecalibacterium sp., SRS259559_29",61144900a261055f13244d60f6438a55,0.5959849435382685,1050000,52,250956000,/nfs3_ib/nfs-ip34/home/def-ilafores/analysis/MethodsComparison/Feces_RA/preproc/SRR5091619/SRR5091619_unmatched_2.fastq,SRR5091619,09eab43b8a173c78059f9718fddaf692,345219000,31,DNA,1000,345219,true,0.8376985188386298,0.9834437517850431,0.9105711353118364,0.9834437517850431,4317,1320917,2406709
1087000,0.003148725881252191,0.2621334025434726,0.0029256790616970676,0.0006560826423136324,1.5633663366336634,1.0,1.5683896497746472,signatures/2de6b86d95365c349243cb609e5c2a62.sig.gz,"GCF_000239295.1 Flavonifractor plautii ATCC 29863 strain=ATCC 29863, ASM23929v1",2de6b86d95365c349243cb609e5c2a62,0.2821178302621334,1010000,53,249946000,/nfs3_ib/nfs-ip34/home/def-ilafores/analysis/MethodsComparison/Feces_RA/preproc/SRR5091619/SRR5091619_unmatched_2.fastq,SRR5091619,09eab43b8a173c78059f9718fddaf692,345219000,31,DNA,1000,345219,true,0.8304140197769282,0.9600015908954486,0.8952078053361884,0.9600015908954486,1579,1322496,2406709
1006000,0.0029140922139279705,0.22033898305084745,0.0028996086542165986,0.0006107925802413171,1.4685314685314685,1.0,0.7750213436903307,signatures/aa387c39ac911f35b9a9d7259ce43062.sig.gz,"GCF_000701705.1 Bilophila wadsworthia ATCC 49260 strain=ATCC 49260, ASM70170v1",aa387c39ac911f35b9a9d7259ce43062,0.22143957737178077,1001000,54,248945000,/nfs3_ib/nfs-ip34/home/def-ilafores/analysis/MethodsComparison/Feces_RA/preproc/SRR5091619/SRR5091619_unmatched_2.fastq,SRR5091619,09eab43b8a173c78059f9718fddaf692,345219000,31,DNA,1000,345219,true,0.8283421932375711,0.9525311815602092,0.8904366873988901,0.9525311815602092,1470,1323966,2406709
1000000,0.0028967119422743243,0.37279880104908203,0.002882228382562953,0.000876300375325808,2.1195979899497486,2.0,1.4321392927944576,signatures/77570cb1188a2147959b27003864417e.sig.gz,"GCA_000437755.1 Roseburia sp. CAG:303, MGS303",77570cb1188a2147959b27003864417e,0.37467216185837393,995000,55,247950000,/nfs3_ib/nfs-ip34/home/def-ilafores/analysis/MethodsComparison/Feces_RA/preproc/SRR5091619/SRR5091619_unmatched_2.fastq,SRR5091619,09eab43b8a173c78059f9718fddaf692,345219000,31,DNA,1000,345219,true,0.8281823634213968,0.9688283087064136,0.8985053360639053,0.9688283087064136,2109,1326075,2406709
1155000,0.003345702293326845,0.1437829691032404,0.0027634631929297055,0.0049885549104607164,12.584905660377359,1.0,160.32410707983047,signatures/0e5019418175331bfe955e92113bfc1f.sig.gz,"GCF_003464595.1 Bacteroides intestinalis strain=AF14-32, ASM346459v1",0e5019418175331bfe955e92113bfc1f,0.17407686510926904,954000,56,246996000,/nfs3_ib/nfs-ip34/home/def-ilafores/analysis/MethodsComparison/Feces_RA/preproc/SRR5091619/SRR5091619_unmatched_2.fastq,SRR5091619,09eab43b8a173c78059f9718fddaf692,345219000,31,DNA,1000,345219,true,0.8320410462217579,0.9451653154534227,0.8886031808375903,0.9451653154534227,12006,1338081,2406709
897000,0.002598350612220069,0.5173210161662818,0.0025954539002777948,0.0018793298234227737,5.047991071428571,4.0,3.925497065876625,signatures/210696750d5627775fd0c5e3b29283fe.sig.gz,"GCA_000434995.1 Firmicutes bacterium CAG:341, MGS341",210696750d5627775fd0c5e3b29283fe,0.5178983833718245,896000,57,246100000,/nfs3_ib/nfs-ip34/home/def-ilafores/analysis/MethodsComparison/Feces_RA/preproc/SRR5091619/SRR5091619_unmatched_2.fastq,SRR5091619,09eab43b8a173c78059f9718fddaf692,345219000,31,DNA,1000,345219,true,0.8252834829495712,0.9789986263356466,0.902141054642609,0.9789986263356466,4523,1342604,2406709
1003000,0.0029054020781011476,0.15832426550598477,0.002528829525605485,0.0008023404574462471,2.211912943871707,1.0,14.236015670111525,signatures/e1a6b1808735b4a3230b660a9d899fa2.sig.gz,"GCA_000613465.1 Bacteroides nordii WAL 11050 = JCM 12987 strain=JCM 12987, ASM61346v1",e1a6b1808735b4a3230b660a9d899fa2,0.1819006166122597,873000,58,245227000,/nfs3_ib/nfs-ip34/home/def-ilafores/analysis/MethodsComparison/Feces_RA/preproc/SRR5091619/SRR5091619_unmatched_2.fastq,SRR5091619,09eab43b8a173c78059f9718fddaf692,345219000,31,DNA,1000,345219,true,0.8282623939881952,0.9465066790983279,0.8873845365432615,0.9465066790983279,1931,1344535,2406709
1911000,0.005535616521686234,0.1945896794726074,0.0024795854225868217,0.0022757217428446895,6.3983644859813085,3.0,10.404503299719742,signatures/6bae471e5a4f273d83204d975d3e2077.sig.gz,"GCA_019417795.1 Clostridiales bacterium, ASM1941779v1",6bae471e5a4f273d83204d975d3e2077,0.4344169129347579,856000,59,244371000,/nfs3_ib/nfs-ip34/home/def-ilafores/analysis/MethodsComparison/Feces_RA/preproc/SRR5091619/SRR5091619_unmatched_2.fastq,SRR5091619,09eab43b8a173c78059f9718fddaf692,345219000,31,DNA,1000,345219,true,0.8456660642408796,0.9734632746879339,0.9095646694644068,0.9734632746879339,5477,1350012,2406709
873000,0.002528829525605485,0.31161904761904763,0.0023695103687803973,0.0006864145187473849,2.019559902200489,1.0,2.0925081876447647,signatures/2c2da677fd5b8692dc1d79d02bf6b4ea.sig.gz,"GCF_000332875.2 Anaerostipes hadrus DSM 3319 strain=DSM 3319, ASM33287v2",2c2da677fd5b8692dc1d79d02bf6b4ea,0.3325714285714286,818000,60,243553000,/nfs3_ib/nfs-ip34/home/def-ilafores/analysis/MethodsComparison/Feces_RA/preproc/SRR5091619/SRR5091619_unmatched_2.fastq,SRR5091619,09eab43b8a173c78059f9718fddaf692,345219000,31,DNA,1000,345219,true,0.824561800587474,0.9651102618369053,0.8948360312121897,0.9651102618369053,1652,1351664,2406709
899000,0.0026041440361046176,0.27943700652248543,0.0023579235210113,0.0005592699408196005,1.6535626535626535,1.0,1.5730784340229338,signatures/a1a3cd0a2b478c1c87a2438a40c3f95f.sig.gz,"GCA_902362775.1 Clostridiales bacterium, MGYG-HGUT-00059",a1a3cd0a2b478c1c87a2438a40c3f95f,0.30861654651561965,814000,61,242739000,/nfs3_ib/nfs-ip34/home/def-ilafores/analysis/MethodsComparison/Feces_RA/preproc/SRR5091619/SRR5091619_unmatched_2.fastq,SRR5091619,09eab43b8a173c78059f9718fddaf692,345219000,31,DNA,1000,345219,true,0.8253427769700292,0.9627857457826312,0.8940642613763302,0.9627857457826312,1346,1353010,2406709
883000,0.0025577966450282285,0.2835235378031384,0.002302885994108088,0.0007902908079040715,2.392452830188679,1.0,4.090109979450605,signatures/7ab97adfe1aa84492d9fd6e33d09a40b.sig.gz,"GCF_014287955.1 Lachnospira sp. NSJ-43 strain=NSJ-43, ASM1428795v1",7ab97adfe1aa84492d9fd6e33d09a40b,0.31490727532097007,795000,62,241944000,/nfs3_ib/nfs-ip34/home/def-ilafores/analysis/MethodsComparison/Feces_RA/preproc/SRR5091619/SRR5091619_unmatched_2.fastq,SRR5091619,09eab43b8a173c78059f9718fddaf692,345219000,31,DNA,1000,345219,true,0.8248648067634624,0.9634126511042946,0.8941387289338785,0.9634126511042946,1902,1354912,2406709
936000,0.0027113223779687678,0.2298917812225797,0.002276815586627619,0.0007275495292534328,2.227735368956743,1.0,4.026666103566842,signatures/8c91537000df08516afde1ea4eac7752.sig.gz,"GCA_025149785.1 Coprococcus comes ATCC 27758 strain=ATCC 27758, ASM2514978v1",8c91537000df08516afde1ea4eac7752,0.2737642585551331,786000,63,241158000,/nfs3_ib/nfs-ip34/home/def-ilafores/analysis/MethodsComparison/Feces_RA/preproc/SRR5091619/SRR5091619_unmatched_2.fastq,SRR5091619,09eab43b8a173c78059f9718fddaf692,345219000,31,DNA,1000,345219,true,0.826417285155773,0.9590712289331086,0.8927442570444408,0.9590712289331086,1751,1356663,2406709
834000,0.0024158577598567864,0.1861934856587263,0.0022188813477821323,0.0005389101881448899,1.6932114882506528,1.0,2.6900126422239987,signatures/4edd699389284f85ac20f9344f953c5f.sig.gz,"GCF_000949455.1 Ruthenibacterium lactatiformans strain=585-1, ASM94945v1",4edd699389284f85ac20f9344f953c5f,0.202722411278561,766000,64,240392000,/nfs3_ib/nfs-ip34/home/def-ilafores/analysis/MethodsComparison/Feces_RA/preproc/SRR5091619/SRR5091619_unmatched_2.fastq,SRR5091619,09eab43b8a173c78059f9718fddaf692,345219000,31,DNA,1000,345219,true,0.8233470752531937,0.9498214921038971,0.8865842836785454,0.9498214921038971,1297,1357960,2406709
761000,0.002204397788070761,0.3132530120481928,0.002184120804474841,0.0014339082955189015,4.576923076923077,4.0,2.825621328245269,signatures/0c446eda2fa8142f9158038ad52f53fb.sig.gz,"GCA_905214525.1 uncultured bacterium, ERR1430422-mag-bin.30",0c446eda2fa8142f9158038ad52f53fb,0.31616119651017865,754000,65,239638000,/nfs3_ib/nfs-ip34/home/def-ilafores/analysis/MethodsComparison/Feces_RA/preproc/SRR5091619/SRR5091619_unmatched_2.fastq,SRR5091619,09eab43b8a173c78059f9718fddaf692,345219000,31,DNA,1000,345219,true,0.8209178070789857,0.9635361613009561,0.8922269841899708,0.9635361613009561,3451,1361411,2406709
739000,0.0021406701253407255,0.18544719555330974,0.002126186565629354,0.00039140585754239506,1.2833787465940054,1.0,0.5986556473227773,signatures/a5ebf5627a166d02c647709674b0f412.sig.gz,"GCF_009759685.1 Acinetobacter baumannii strain=ATCC 19606, ASM975968v1",a5ebf5627a166d02c647709674b0f412,0.18671045982819606,734000,66,238904000,/nfs3_ib/nfs-ip34/home/def-ilafores/analysis/MethodsComparison/Feces_RA/preproc/SRR5091619/SRR5091619_unmatched_2.fastq,SRR5091619,09eab43b8a173c78059f9718fddaf692,345219000,31,DNA,1000,345219,true,0.8201413363792807,0.9473038693893848,0.8837226028843328,0.9473038693893848,942,1362353,2406709
814000,0.0023579235210113,0.21944611679711018,0.0021117030059179826,0.0004886340641930537,1.6131687242798354,1.0,2.051769479643173,signatures/ac6ff4cab85d8673ba368b5f66dcfee5.sig.gz,"GCF_018408705.1 Oscillibacter sp. MM59 strain=MM59, ASM1840870v1",ac6ff4cab85d8673ba368b5f66dcfee5,0.24503311258278146,729000,67,238175000,/nfs3_ib/nfs-ip34/home/def-ilafores/analysis/MethodsComparison/Feces_RA/preproc/SRR5091619/SRR5091619_unmatched_2.fastq,SRR5091619,09eab43b8a173c78059f9718fddaf692,345219000,31,DNA,1000,345219,true,0.8227026458550766,0.9556471598779821,0.8891749028665293,0.9556471598779821,1176,1363529,2406709
924000,0.002676561834661476,0.2338917525773196,0.0021030128700911597,0.0007312890756630736,2.4242424242424243,2.0,2.622044008823211,signatures/9987984be79fa442505a1e867689dbf2.sig.gz,"GCA_916988195.3 Oscillospiraceae bacterium, POC01_20211130",9987984be79fa442505a1e867689dbf2,0.297680412371134,726000,68,237449000,/nfs3_ib/nfs-ip34/home/def-ilafores/analysis/MethodsComparison/Feces_RA/preproc/SRR5091619/SRR5091619_unmatched_2.fastq,SRR5091619,09eab43b8a173c78059f9718fddaf692,345219000,31,DNA,1000,345219,true,0.826073369742872,0.9616658675619552,0.8938696186524135,0.9616658675619552,1760,1365289,2406709
737000,0.002134876701456177,0.19321851453175456,0.002079839174552965,0.0005376636726750097,1.8022284122562675,1.0,1.594697181608839,signatures/988b2ef58a54374a65546dbc194ca3be.sig.gz,"GCF_015074785.1 Prevotella copri strain=YF2, ASM1507478v1",988b2ef58a54374a65546dbc194ca3be,0.19833153928955866,718000,69,236731000,/nfs3_ib/nfs-ip34/home/def-ilafores/analysis/MethodsComparison/Feces_RA/preproc/SRR5091619/SRR5091619_unmatched_2.fastq,SRR5091619,09eab43b8a173c78059f9718fddaf692,345219000,31,DNA,1000,345219,true,0.8200696425257225,0.9491508014616424,0.8846102219936824,0.9491508014616424,1294,1366583,2406709
707000,0.0020479753431879473,0.3238662391204764,0.0020479753431879473,0.0006448640030847103,2.195190947666195,2.0,2.6787084564499337,signatures/dbd15eddd1d077ef23fe41235986f0cd.sig.gz,"GCF_000785515.1 Streptococcus salivarius strain=NCTC 8618, ASM78551v1",dbd15eddd1d077ef23fe41235986f0cd,0.3238662391204764,707000,70,236024000,/nfs3_ib/nfs-ip34/home/def-ilafores/analysis/MethodsComparison/Feces_RA/preproc/SRR5091619/SRR5091619_unmatched_2.fastq,SRR5091619,09eab43b8a173c78059f9718fddaf692,345219000,31,DNA,1000,345219,true,0.8189710300429418,0.9642848519858478,0.8916279410143948,0.9642848519858478,1552,1368135,2406709
957000,0.0027721533287565284,0.17320261437908496,0.0019958345282270096,0.009774758809644207,34.14368650217707,1.0,72.32374376039002,signatures/21dcfee3f1e24fb9aebbbe6b8ae42cad.sig.gz,"GCF_000154845.1 Bacteroides coprocola DSM 17136 strain=DSM 17136, ASM15484v1",21dcfee3f1e24fb9aebbbe6b8ae42cad,0.24057315233785823,689000,71,235335000,/nfs3_ib/nfs-ip34/home/def-ilafores/analysis/MethodsComparison/Feces_RA/preproc/SRR5091619/SRR5091619_unmatched_2.fastq,SRR5091619,09eab43b8a173c78059f9718fddaf692,345219000,31,DNA,1000,345219,true,0.8270089961264339,0.9550810560019396,0.8910450260641867,0.9550810560019396,23525,1391660,2406709
761000,0.002204397788070761,0.20732464307883303,0.0019350035774392488,0.0005123178581207782,1.845808383233533,1.0,2.121714883558898,signatures/d857a1209d50af1cfcfc6c682397f261.sig.gz,"GCF_000173975.1 Anaerobutyricum hallii DSM 3353 strain=DSM 3353, ASM17397v1",d857a1209d50af1cfcfc6c682397f261,0.2361887026691496,668000,72,234667000,/nfs3_ib/nfs-ip34/home/def-ilafores/analysis/MethodsComparison/Feces_RA/preproc/SRR5091619/SRR5091619_unmatched_2.fastq,SRR5091619,09eab43b8a173c78059f9718fddaf692,345219000,31,DNA,1000,345219,true,0.8209178070789857,0.9545145486747314,0.8877161778768585,0.9545145486747314,1233,1392893,2406709
797000,0.0023086794179926367,0.19168121000581734,0.0019089331699587797,0.000594587879132874,2.1714719271623673,1.0,3.9058773798689015,signatures/6d52f6d5746cd08db0364ff5d7023f3e.sig.gz,"GCF_000469345.1 Eubacterium ramulus ATCC 29099 strain=ATCC 29099, ASM46934v1",6d52f6d5746cd08db0364ff5d7023f3e,0.23182082606166377,659000,73,234008000,/nfs3_ib/nfs-ip34/home/def-ilafores/analysis/MethodsComparison/Feces_RA/preproc/SRR5091619/SRR5091619_unmatched_2.fastq,SRR5091619,09eab43b8a173c78059f9718fddaf692,345219000,31,DNA,1000,345219,true,0.8221427169776633,0.9539399714816507,0.888041344229657,0.9539399714816507,1431,1394324,2406709
694000,0.002010318087938381,0.20192906036092098,0.0018799660505360366,0.00039140585754239506,1.4514637904468413,1.0,0.8013097035383436,signatures/258760aab9c6ac2bdd2f8461544f96e1.sig.gz,"GCF_004154955.1 Intestinimonas butyriciproducens strain=SRB-521-5-I, ASM415495v1",258760aab9c6ac2bdd2f8461544f96e1,0.21593030491599252,649000,74,233359000,/nfs3_ib/nfs-ip34/home/def-ilafores/analysis/MethodsComparison/Feces_RA/preproc/SRR5091619/SRR5091619_unmatched_2.fastq,SRR5091619,09eab43b8a173c78059f9718fddaf692,345219000,31,DNA,1000,345219,true,0.8184808850949525,0.9517573625673711,0.8851191238311618,0.9517573625673711,942,1395266,2406709
674000,0.0019523838490928948,0.2891674127126231,0.0018712759147092135,0.0005825382295906983,2.170278637770898,1.0,4.615103309800538,signatures/ce17a62d58972b2a143401d9c247e298.sig.gz,"GCA_900549705.1 uncultured Clostridiales bacterium, UMGS1211",ce17a62d58972b2a143401d9c247e298,0.3017009847806625,646000,75,232713000,/nfs3_ib/nfs-ip34/home/def-ilafores/analysis/MethodsComparison/Feces_RA/preproc/SRR5091619/SRR5091619_unmatched_2.fastq,SRR5091619,09eab43b8a173c78059f9718fddaf692,345219000,31,DNA,1000,345219,true,0.8177091879904768,0.9620821399693502,0.8898956639799135,0.9620821399693502,1402,1396668,2406709
799000,0.0023144728418771853,0.17823479005998286,0.0018075482519791784,0.0005006837137352293,1.9310897435897436,1.0,2.9477383928991596,signatures/6d00b0a0ca344fdf96ce690671c5fa63.sig.gz,"GCF_902381825.1 Coprococcus catus, UHGG_MGYG-HGUT-01714",6d00b0a0ca344fdf96ce690671c5fa63,0.22822050842616395,624000,76,232089000,/nfs3_ib/nfs-ip34/home/def-ilafores/analysis/MethodsComparison/Feces_RA/preproc/SRR5091619/SRR5091619_unmatched_2.fastq,SRR5091619,09eab43b8a173c78059f9718fddaf692,345219000,31,DNA,1000,345219,true,0.8222091877014289,0.9534584312897693,0.8878338094955991,0.9534584312897693,1205,1397873,2406709
1716000,0.004970757692942741,0.19735994848679975,0.001775684420614161,0.0059770416780757455,23.466557911908644,20.0,20.32736021491735,signatures/b7fbb7c245964c8787ceff9b2ee964a0.sig.gz,"GCF_003324185.1 Faecalibacterium prausnitzii strain=ATCC 27768, ASM332418v1",b7fbb7c245964c8787ceff9b2ee964a0,0.5524790727623954,613000,77,231476000,/nfs3_ib/nfs-ip34/home/def-ilafores/analysis/MethodsComparison/Feces_RA/preproc/SRR5091619/SRR5091619_unmatched_2.fastq,SRR5091619,09eab43b8a173c78059f9718fddaf692,345219000,31,DNA,1000,345219,true,0.8427350392466397,0.9810420154923765,0.9118885273695081,0.9810420154923765,14385,1412258,2406709
625000,0.0018104449639214527,0.2058428475486904,0.001775684420614161,0.0004233997546026545,1.6623164763458402,1.0,0.9852910986650738,signatures/a0c72778e7e9a92bec9989c7d509e086.sig.gz,"GCF_000723465.1 Ruminococcus bicirculans strain=80/3, Rb803",a0c72778e7e9a92bec9989c7d509e086,0.20987239758226997,613000,78,230863000,/nfs3_ib/nfs-ip34/home/def-ilafores/analysis/MethodsComparison/Feces_RA/preproc/SRR5091619/SRR5091619_unmatched_2.fastq,SRR5091619,09eab43b8a173c78059f9718fddaf692,345219000,31,DNA,1000,345219,true,0.8157206604019477,0.9508841122510965,0.8833023863265221,0.9508841122510965,1019,1413277,2406709
1096000,0.0031747962887326594,0.14820213799805637,0.0017669942847873378,0.0005534528686268261,2.183606557377049,1.0,3.5963178039269907,signatures/06f53d8a347ef84d19961ba77261cd81.sig.gz,"GCF_003471165.1 Ruminococcus sp. AM22-13 strain=AM22-13, ASM347116v1",06f53d8a347ef84d19961ba77261cd81,0.2662779397473275,610000,79,230253000,/nfs3_ib/nfs-ip34/home/def-ilafores/analysis/MethodsComparison/Feces_RA/preproc/SRR5091619/SRR5091619_unmatched_2.fastq,SRR5091619,09eab43b8a173c78059f9718fddaf692,345219000,31,DNA,1000,345219,true,0.8306349280437804,0.9582138093403921,0.8944243686920863,0.9582138093403921,1332,1414609,2406709
691000,0.002001627952111558,0.15681233933161953,0.0017669942847873378,0.0014226896562899794,5.613114754098361,1.0,14.785277074412903,signatures/0af939165079e9d7e74d2ed29256e457.sig.gz,"GCF_003437535.1 Bacteroides plebeius strain=TF10-3AC, ASM343753v1",0af939165079e9d7e74d2ed29256e457,0.17763496143958868,610000,80,229643000,/nfs3_ib/nfs-ip34/home/def-ilafores/analysis/MethodsComparison/Feces_RA/preproc/SRR5091619/SRR5091619_unmatched_2.fastq,SRR5091619,09eab43b8a173c78059f9718fddaf692,345219000,31,DNA,1000,345219,true,0.8183665133733441,0.9457824265615623,0.8820744699674532,0.9457824265615623,3424,1418033,2406709
641000,0.001856792354997842,0.22328609728073534,0.001688783062345931,0.0003245095273254889,1.3396226415094339,1.0,0.6764283115660138,signatures/ff319075e0e50fcb7f8fec8840a453c8.sig.gz,"GCF_003425665.1 Evtepia gabavorous strain=KLE1738, ASM342566v1",ff319075e0e50fcb7f8fec8840a453c8,0.24549980850248948,583000,81,229060000,/nfs3_ib/nfs-ip34/home/def-ilafores/analysis/MethodsComparison/Feces_RA/preproc/SRR5091619/SRR5091619_unmatched_2.fastq,SRR5091619,09eab43b8a173c78059f9718fddaf692,345219000,31,DNA,1000,345219,true,0.8163860810023902,0.9557058202995222,0.8860459506509561,0.9557058202995222,781,1418814,2406709
589000,0.001706163333999577,0.21758737316798196,0.0016771962145768339,0.00045539365166291396,1.8929188255613125,1.0,3.95513722628308,signatures/47110158281adb158ae3c95fa9af9cf0.sig.gz,"GCA_900542445.1 uncultured Clostridiales bacterium, UMGS462",47110158281adb158ae3c95fa9af9cf0,0.22134535888763623,579000,82,228481000,/nfs3_ib/nfs-ip34/home/def-ilafores/analysis/MethodsComparison/Feces_RA/preproc/SRR5091619/SRR5091619_unmatched_2.fastq,SRR5091619,09eab43b8a173c78059f9718fddaf692,345219000,31,DNA,1000,345219,true,0.8141610883874366,0.9525181051720428,0.8833395967797397,0.9525181051720428,1096,1419910,2406709
627000,0.0018162383878060015,0.17540073982737361,0.0016482290951540905,0.00038475777503636706,1.6274165202108963,1.0,1.317058755333068,signatures/f5b8118b5c8d1cd71ab0f4ec367c387c.sig.gz,"GCF_009696065.1 Lachnospiraceae bacterium BSM-380-WT-5A strain=BSM-380-WT-5A, ASM969606v1",f5b8118b5c8d1cd71ab0f4ec367c387c,0.19327990135635018,569000,83,227912000,/nfs3_ib/nfs-ip34/home/def-ilafores/analysis/MethodsComparison/Feces_RA/preproc/SRR5091619/SRR5091619_unmatched_2.fastq,SRR5091619,09eab43b8a173c78059f9718fddaf692,345219000,31,DNA,1000,345219,true,0.8158047337184718,0.9483611712770993,0.8820829524977856,0.9483611712770993,926,1420836,2406709
674000,0.0019523838490928948,0.29387331256490135,0.0016395389593272676,0.0005459737758075447,2.3215547703180213,1.0,14.851888140175046,signatures/677a5d8f8f65722354d32c4800b7248a.sig.gz,"GCA_900542115.1 uncultured Oscillibacter sp., UMGS426",677a5d8f8f65722354d32c4800b7248a,0.34994807892004154,566000,84,227346000,/nfs3_ib/nfs-ip34/home/def-ilafores/analysis/MethodsComparison/Feces_RA/preproc/SRR5091619/SRR5091619_unmatched_2.fastq,SRR5091619,09eab43b8a173c78059f9718fddaf692,345219000,31,DNA,1000,345219,true,0.8177091879904768,0.9666971520876942,0.8922031700390856,0.9666971520876942,1314,1422150,2406709
565000,0.0016366422473849934,0.3797043010752688,0.0016366422473849934,0.0008405669318559078,3.5805309734513275,2.0,5.302459913473782,signatures/fe8ce1a23c921b5156134e72719f0465.sig.gz,"GCA_000437215.1 Clostridium sp. CAG:440, MGS440",fe8ce1a23c921b5156134e72719f0465,0.3797043010752688,565000,85,226781000,/nfs3_ib/nfs-ip34/home/def-ilafores/analysis/MethodsComparison/Feces_RA/preproc/SRR5091619/SRR5091619_unmatched_2.fastq,SRR5091619,09eab43b8a173c78059f9718fddaf692,345219000,31,DNA,1000,345219,true,0.8130692576041358,0.9692453504600423,0.891157304032089,0.9692453504600423,2023,1424173,2406709
723000,0.0020943227342643364,0.1984517945109078,0.001633745535442719,0.0005052542704581236,2.1560283687943262,1.0,4.338159376894428,signatures/2e1846f271e5a6c1736e89d400b10289.sig.gz,"GCA_025150085.1 Dorea longicatena strain=DSM 13814, ASM2515008v1",2e1846f271e5a6c1736e89d400b10289,0.25439831104855737,564000,86,226217000,/nfs3_ib/nfs-ip34/home/def-ilafores/analysis/MethodsComparison/Feces_RA/preproc/SRR5091619/SRR5091619_unmatched_2.fastq,SRR5091619,09eab43b8a173c78059f9718fddaf692,345219000,31,DNA,1000,345219,true,0.8195624495924437,0.9568041260657031,0.8881832878290734,0.9568041260657031,1216,1425389,2406709
651000,0.0018857594744205852,0.14278403275332652,0.001616365263789073,0.0003328196304580238,1.435483870967742,1.0,0.999262648725401,signatures/7e6d64aeed16ed31733900b0e7434256.sig.gz,"GCA_003112755.1 Lawsonibacter asaccharolyticus strain=3BBH22, ASM311275v1",7e6d64aeed16ed31733900b0e7434256,0.16658137154554759,558000,87,225659000,/nfs3_ib/nfs-ip34/home/def-ilafores/analysis/MethodsComparison/Feces_RA/preproc/SRR5091619/SRR5091619_unmatched_2.fastq,SRR5091619,09eab43b8a173c78059f9718fddaf692,345219000,31,DNA,1000,345219,true,0.8167938540262186,0.9438243448565314,0.880309099441375,0.9438243448565314,801,1426190,2406709
714000,0.002068252326783868,0.14141935483870968,0.0015873981443663297,0.00045622466197616743,2.0036496350364965,1.0,3.6737361153364856,signatures/873a8b7cc5e0a6e07152a8bfd5c774b1.sig.gz,"GCF_003473545.1 Clostridium sp. AM22-11AC strain=AM22-11AC, ASM347354v1",873a8b7cc5e0a6e07152a8bfd5c774b1,0.18425806451612903,548000,88,225111000,/nfs3_ib/nfs-ip34/home/def-ilafores/analysis/MethodsComparison/Feces_RA/preproc/SRR5091619/SRR5091619_unmatched_2.fastq,SRR5091619,09eab43b8a173c78059f9718fddaf692,345219000,31,DNA,1000,345219,true,0.8192313535168227,0.9468999220586879,0.8830656377877553,0.9468999220586879,1098,1427288,2406709
2211000,0.006404630104368531,0.09818511796733212,0.0015671211607704095,0.0036202964296888408,16.10536044362292,4.0,25.124054297674974,signatures/f906f0ea3324bc6db880a742f3f0b0ba.sig.gz,"GCF_013009555.1 Bacteroides dorei strain=DSM 17855, ASM1300955v1",f906f0ea3324bc6db880a742f3f0b0ba,0.4012704174228675,541000,89,224570000,/nfs3_ib/nfs-ip34/home/def-ilafores/analysis/MethodsComparison/Feces_RA/preproc/SRR5091619/SRR5091619_unmatched_2.fastq,SRR5091619,09eab43b8a173c78059f9718fddaf692,345219000,31,DNA,1000,345219,true,0.8496532904181678,0.9709741094171779,0.9103136999176729,0.9709741094171779,8713,1436001,2406709
737000,0.002134876701456177,0.1329708353929807,0.0015584310249435866,0.0003677220636146705,1.6449814126394051,1.0,2.2956203046883927,signatures/1831f96ae88ecece7e09349827362846.sig.gz,"GCA_018223435.1 Lachnospiraceae bacterium Marseille-Q4251 strain=Marseille-Q4251, ASM1822343v1",1831f96ae88ecece7e09349827362846,0.18215521502718734,538000,90,224032000,/nfs3_ib/nfs-ip34/home/def-ilafores/analysis/MethodsComparison/Feces_RA/preproc/SRR5091619/SRR5091619_unmatched_2.fastq,SRR5091619,09eab43b8a173c78059f9718fddaf692,345219000,31,DNA,1000,345219,true,0.8200696425257225,0.9465493851632857,0.8833095138445041,0.9465493851632857,885,1436886,2406709
1134000,0.003284871342539084,0.07466220922134002,0.001552637601059038,0.0010362698606271052,4.652985074626866,1.0,11.57401999525331,signatures/987057f8f58832de97baec421bf869c2.sig.gz,"GCA_900557355.1 uncultured Bacteroides sp., UMGS2042",987057f8f58832de97baec421bf869c2,0.15796071876305892,536000,91,223496000,/nfs3_ib/nfs-ip34/home/def-ilafores/analysis/MethodsComparison/Feces_RA/preproc/SRR5091619/SRR5091619_unmatched_2.fastq,SRR5091619,09eab43b8a173c78059f9718fddaf692,345219000,31,DNA,1000,345219,true,0.8315487004466389,0.9422079084926327,0.8868783044696358,0.9422079084926327,2494,1439380,2406709
669000,0.001937900289381523,0.24651162790697675,0.001535257329405392,0.0003785251976869659,1.7188679245283018,1.0,2.1355531830536107,signatures/d0815745ffe021a1fc84e0109d9a56a5.sig.gz,"GCA_900544615.1 uncultured Oscillibacter sp., UMGS683",d0815745ffe021a1fc84e0109d9a56a5,0.31116279069767444,530000,92,222966000,/nfs3_ib/nfs-ip34/home/def-ilafores/analysis/MethodsComparison/Feces_RA/preproc/SRR5091619/SRR5091619_unmatched_2.fastq,SRR5091619,09eab43b8a173c78059f9718fddaf692,345219000,31,DNA,1000,345219,true,0.8175128017659536,0.9630409694297765,0.8902768855978651,0.9630409694297765,911,1440291,2406709
599000,0.0017351304534223204,0.20213577421815407,0.001535257329405392,0.00032534053763874236,1.4773584905660377,1.0,1.27547867587686,signatures/f688e4f928dd46c9b090e97a39a1952a.sig.gz,"GCA_025152405.1 [Ruminococcus] lactaris ATCC 29176 strain=ATCC 29176, ASM2515240v1",f688e4f928dd46c9b090e97a39a1952a,0.2284515636918383,530000,93,222436000,/nfs3_ib/nfs-ip34/home/def-ilafores/analysis/MethodsComparison/Feces_RA/preproc/SRR5091619/SRR5091619_unmatched_2.fastq,SRR5091619,09eab43b8a173c78059f9718fddaf692,345219000,31,DNA,1000,345219,true,0.814603361353589,0.9534895548025389,0.884046458078064,0.9534895548025389,783,1441074,2406709
729000,0.0021117030059179826,0.12987335485473056,0.0015149803458094717,0.00040802606380746487,1.8776290630975143,1.0,3.366170771028849,signatures/e70cebeab558f667b40dfb9cb7c5e9f2.sig.gz,"GCA_003584705.1 Lachnospiraceae bacterium GAM79 strain=GAM79, ASM358470v1",e70cebeab558f667b40dfb9cb7c5e9f2,0.18102806059101068,523000,94,221913000,/nfs3_ib/nfs-ip34/home/def-ilafores/analysis/MethodsComparison/Feces_RA/preproc/SRR5091619/SRR5091619_unmatched_2.fastq,SRR5091619,09eab43b8a173c78059f9718fddaf692,345219000,31,DNA,1000,345219,true,0.8197809716855449,0.9463598773681371,0.883070424526841,0.9463598773681371,982,1442056,2406709
630000,0.0018249285236328244,0.13012240553485896,0.0014164921397721447,0.0003220164963857284,1.5848670756646217,1.0,1.0179654277960386,signatures/9fb1a0e9e5b9105badec4d5b913f28ac.sig.gz,"GCF_002224675.1 Prevotella copri strain=Indica, ASM222467v1",9fb1a0e9e5b9105badec4d5b913f28ac,0.16764236295902077,489000,95,221424000,/nfs3_ib/nfs-ip34/home/def-ilafores/analysis/MethodsComparison/Feces_RA/preproc/SRR5091619/SRR5091619_unmatched_2.fastq,SRR5091619,09eab43b8a173c78059f9718fddaf692,345219000,31,DNA,1000,345219,true,0.8159303583383024,0.9440176662832527,0.8799740123107775,0.9440176662832527,775,1442831,2406709
636000,0.0018423087952864703,0.16321516321516322,0.0013469710531575608,0.00031786144481946095,1.6451612903225807,1.0,1.7563718792688825,signatures/d1739f7c5b49e127913a773fbf651c98.sig.gz,"GCF_003481705.1 Butyricicoccus sp. OM04-18BH strain=OM04-18BH, ASM348170v1",d1739f7c5b49e127913a773fbf651c98,0.22323622323622325,465000,96,220959000,/nfs3_ib/nfs-ip34/home/def-ilafores/analysis/MethodsComparison/Feces_RA/preproc/SRR5091619/SRR5091619_unmatched_2.fastq,SRR5091619,09eab43b8a173c78059f9718fddaf692,345219000,31,DNA,1000,345219,true,0.8161798801921103,0.9527795094269271,0.8844796948095187,0.9527795094269271,765,1443596,2406709
2076000,0.006013573992161497,0.11577894473618405,0.0013411776292730122,0.005209188148629518,27.077753779697623,14.0,32.54633516621294,signatures/368314a9cda1fb73c39f56f1ff8da594.sig.gz,"GCA_900760795.1 Bacteroidaceae bacterium, SRS021948_34",368314a9cda1fb73c39f56f1ff8da594,0.5191297824456114,463000,97,220496000,/nfs3_ib/nfs-ip34/home/def-ilafores/analysis/MethodsComparison/Feces_RA/preproc/SRR5091619/SRR5091619_unmatched_2.fastq,SRR5091619,09eab43b8a173c78059f9718fddaf692,345219000,31,DNA,1000,345219,true,0.8479282760735629,0.979073628793287,0.913500952433425,0.979073628793287,12537,1456133,2406709
458000,0.0013266940695616405,0.20856102003642987,0.0013266940695616405,0.000257197691951956,1.351528384279476,1.0,0.6614855752205788,signatures/d4a32dcfde3f9de1444c0054ca00270d.sig.gz,"GCA_905202055.1 uncultured Oxalobacter sp., ERR1190664-mag-bin.3",d4a32dcfde3f9de1444c0054ca00270d,0.20856102003642987,458000,98,220038000,/nfs3_ib/nfs-ip34/home/def-ilafores/analysis/MethodsComparison/Feces_RA/preproc/SRR5091619/SRR5091619_unmatched_2.fastq,SRR5091619,09eab43b8a173c78059f9718fddaf692,345219000,31,DNA,1000,345219,true,0.8075811147743038,0.9506918673672105,0.8791364910707571,0.9506918673672105,619,1456752,2406709
453000,0.001312210509850269,0.20196604110813227,0.0013093137979079946,0.0002779729497832933,1.4800884955752212,1.0,1.33272360396217,signatures/d6ec1bf8f193a3a0129b996a97606afd.sig.gz,"GCF_003269275.1 Phascolarctobacterium faecium DSM 14760 strain=DSM 14760, ASM326927v1",d6ec1bf8f193a3a0129b996a97606afd,0.20241286863270777,452000,99,219586000,/nfs3_ib/nfs-ip34/home/def-ilafores/analysis/MethodsComparison/Feces_RA/preproc/SRR5091619/SRR5091619_unmatched_2.fastq,SRR5091619,09eab43b8a173c78059f9718fddaf692,345219000,31,DNA,1000,345219,true,0.807295202002915,0.9497746733229697,0.8785349376629423,0.9497746733229697,669,1457421,2406709
485000,0.0014049052920030473,0.14142394822006474,0.0012658631187738797,0.00027174037243389207,1.4965675057208239,1.0,1.002565189602047,signatures/86d52276513917f0f99c524dcf5033f6.sig.gz,"GCF_014384985.1 Jutongia huaianensis strain=NSJ-37, ASM1438498v1",86d52276513917f0f99c524dcf5033f6,0.156957928802589,437000,100,219149000,/nfs3_ib/nfs-ip34/home/def-ilafores/analysis/MethodsComparison/Feces_RA/preproc/SRR5091619/SRR5091619_unmatched_2.fastq,SRR5091619,09eab43b8a173c78059f9718fddaf692,345219000,31,DNA,1000,345219,true,0.8090746880658335,0.9420143628024771,0.8755445254341553,0.9420143628024771,654,1458075,2406709
449000,0.0013006236620811717,0.131425053862727,0.0012368959993511366,0.0002692473414941316,1.5175644028103044,1.0,0.987768600388354,signatures/25e008905b2a3471b221e0946e6c1637.sig.gz,"GCA_003460745.1 Firmicutes bacterium AM55-24TS strain=AM55-24TS, ASM346074v1",25e008905b2a3471b221e0946e6c1637,0.13819636811326563,427000,101,218722000,/nfs3_ib/nfs-ip34/home/def-ilafores/analysis/MethodsComparison/Feces_RA/preproc/SRR5091619/SRR5091619_unmatched_2.fastq,SRR5091619,09eab43b8a173c78059f9718fddaf692,345219000,31,DNA,1000,345219,true,0.8070642642963342,0.9381538924706398,0.872609078383487,0.9381538924706398,648,1458723,2406709
423000,0.0012253091515820392,0.13574660633484162,0.0012166190157552163,0.00023476041349411168,1.3452380952380953,1.0,0.6304580273602982,signatures/0577121652a91194533e84a2dee7741c.sig.gz,"GCA_905209085.1 uncultured Clostridiales bacterium, ERR1600743-mag-bin.83",0577121652a91194533e84a2dee7741c,0.13671622495151906,420000,102,218302000,/nfs3_ib/nfs-ip34/home/def-ilafores/analysis/MethodsComparison/Feces_RA/preproc/SRR5091619/SRR5091619_unmatched_2.fastq,SRR5091619,09eab43b8a173c78059f9718fddaf692,345219000,31,DNA,1000,345219,true,0.8055127911591586,0.9378280705903917,0.8716704308747751,0.9378280705903917,565,1459288,2406709
730000,0.002114599717860257,0.116331096196868,0.001205032167986119,0.00026218375383147693,1.5168269230769231,1.0,1.128607689234051,signatures/d34078f9298900e7191ac0e462f50070.sig.gz,"GCA_900066355.1 uncultured Ruminococcus sp., 13414_6#66",d34078f9298900e7191ac0e462f50070,0.2041387024608501,416000,103,217886000,/nfs3_ib/nfs-ip34/home/def-ilafores/analysis/MethodsComparison/Feces_RA/preproc/SRR5091619/SRR5091619_unmatched_2.fastq,SRR5091619,09eab43b8a173c78059f9718fddaf692,345219000,31,DNA,1000,345219,true,0.8198172227291428,0.9500348295955534,0.8849260261623482,0.9500348295955534,631,1459919,2406709
648000,0.0018770693385937623,0.10993485342019543,0.0011731683366211015,0.0003141218984098202,1.8666666666666667,1.0,2.7625359614440512,signatures/f9be5cc1d2e4e2f448a63153f292a0b5.sig.gz,"GCF_001487165.1 Blautia massiliensis strain=GD9, Blautia massiliensis1",f9be5cc1d2e4e2f448a63153f292a0b5,0.1758957654723127,405000,104,217481000,/nfs3_ib/nfs-ip34/home/def-ilafores/analysis/MethodsComparison/Feces_RA/preproc/SRR5091619/SRR5091619_unmatched_2.fastq,SRR5091619,09eab43b8a173c78059f9718fddaf692,345219000,31,DNA,1000,345219,true,0.8166721622347146,0.9454822923650874,0.881077227299901,0.9454822923650874,756,1460675,2406709
422000,0.001222412439639765,0.1351078167115903,0.001161581488852004,0.00022645031036157675,1.3591022443890275,1.0,1.0737043770501766,signatures/a4b84820347df41b4e179c121a5d09eb.sig.gz,"GCA_905214955.1 uncultured bacterium, ERR1430502-mag-bin.37",a4b84820347df41b4e179c121a5d09eb,0.1421832884097035,401000,105,217080000,/nfs3_ib/nfs-ip34/home/def-ilafores/analysis/MethodsComparison/Feces_RA/preproc/SRR5091619/SRR5091619_unmatched_2.fastq,SRR5091619,09eab43b8a173c78059f9718fddaf692,345219000,31,DNA,1000,345219,true,0.8054512922152895,0.9390150090577508,0.8722331506365202,0.9390150090577508,545,1461220,2406709
589000,0.001706163333999577,0.09369070208728653,0.0011442012171983581,0.0003706305997110577,2.258227848101266,1.0,3.7999536171365356,signatures/e869cf0b15c41500b90acfad5f73aa6d.sig.gz,"GCF_900537995.1 Roseburia intestinalis L1-82 strain=L1-82, Roseburia intestinalis strain L1-82",e869cf0b15c41500b90acfad5f73aa6d,0.13970588235294118,395000,106,216685000,/nfs3_ib/nfs-ip34/home/def-ilafores/analysis/MethodsComparison/Feces_RA/preproc/SRR5091619/SRR5091619_unmatched_2.fastq,SRR5091619,09eab43b8a173c78059f9718fddaf692,345219000,31,DNA,1000,345219,true,0.8141610883874366,0.9384827198023915,0.8763219040949141,0.9384827198023915,892,1462112,2406709
613000,0.001775684420614161,0.15613825983313467,0.0011384077933138095,0.0003303265995182633,2.0229007633587788,1.0,3.4170631160036535,signatures/be471ee2a9a4d83e479673ce2822bf12.sig.gz,"GCF_018408575.1 Oscillibacter sp. MM50 strain=MM50, ASM1840857v1",be471ee2a9a4d83e479673ce2822bf12,0.24354390147000396,393000,107,216292000,/nfs3_ib/nfs-ip34/home/def-ilafores/analysis/MethodsComparison/Feces_RA/preproc/SRR5091619/SRR5091619_unmatched_2.fastq,SRR5091619,09eab43b8a173c78059f9718fddaf692,345219000,31,DNA,1000,345219,true,0.8152106862371966,0.9554592508022464,0.8853349685197215,0.9554592508022464,795,1462907,2406709
394000,0.0011413045052560838,0.1344364012409514,0.0011297176574869864,0.0002144006608194011,1.323076923076923,1.0,0.6228394609229896,signatures/80a0c7df05d28f92f6b93af8a523bc03.sig.gz,"GCA_025144995.1 Alistipes indistinctus YIT 12060 strain=YIT 12060, ASM2514499v1",80a0c7df05d28f92f6b93af8a523bc03,0.13581523612547397,390000,108,215902000,/nfs3_ib/nfs-ip34/home/def-ilafores/analysis/MethodsComparison/Feces_RA/preproc/SRR5091619/SRR5091619_unmatched_2.fastq,SRR5091619,09eab43b8a173c78059f9718fddaf692,345219000,31,DNA,1000,345219,true,0.8036694666878551,0.9376280615816713,0.8706487641347632,0.9376280615816713,516,1463423,2406709
416000,0.001205032167986119,0.18701923076923077,0.0011268209455447121,0.00022187975363868254,1.3727506426735219,1.0,0.7187377481908092,signatures/7a4e2a3c2a18d5491106111422230642.sig.gz,"GCF_014306095.1 Lentihominibacter faecis strain=BX16, ASM1430609v1",7a4e2a3c2a18d5491106111422230642,0.2,389000,109,215513000,/nfs3_ib/nfs-ip34/home/def-ilafores/analysis/MethodsComparison/Feces_RA/preproc/SRR5091619/SRR5091619_unmatched_2.fastq,SRR5091619,09eab43b8a173c78059f9718fddaf692,345219000,31,DNA,1000,345219,true,0.8050793102084753,0.9494073302041575,0.8772433202063163,0.9494073302041575,534,1463957,2406709
526000,0.0015236704816362946,0.193613786112519,0.0011065439619487919,0.0002463945578796606,1.5523560209424083,1.0,1.0441220159750735,signatures/8341d47d0dbda33b8ea6a5744c1a7dd6.sig.gz,"GCA_900550685.1 uncultured Oscillibacter sp., UMGS1325",8341d47d0dbda33b8ea6a5744c1a7dd6,0.26659908768373036,382000,110,215131000,/nfs3_ib/nfs-ip34/home/def-ilafores/analysis/MethodsComparison/Feces_RA/preproc/SRR5091619/SRR5091619_unmatched_2.fastq,SRR5091619,09eab43b8a173c78059f9718fddaf692,345219000,31,DNA,1000,345219,true,0.81119547210375,0.9582510671535659,0.884723269628658,0.9582510671535659,593,1464550,2406709
542000,0.0015700178727126837,0.13158813263525304,0.0010920604022374204,0.0003411297335905587,2.1777188328912467,1.0,5.238374228474883,signatures/5998c1d4c3c14df80fd6cff6ba682767.sig.gz,"GCA_003096535.1 Agathobaculum butyriciproducens strain=DSM 100391, ASM309653v1",5998c1d4c3c14df80fd6cff6ba682767,0.18917975567190226,377000,111,214754000,/nfs3_ib/nfs-ip34/home/def-ilafores/analysis/MethodsComparison/Feces_RA/preproc/SRR5091619/SRR5091619_unmatched_2.fastq,SRR5091619,09eab43b8a173c78059f9718fddaf692,345219000,31,DNA,1000,345219,true,0.8119799576681419,0.9477054456214089,0.8798427016447754,0.9477054456214089,821,1465371,2406709
749000,0.002169637244763469,0.08945841392649903,0.0010717834186415001,0.00040594853802433114,2.6405405405405404,1.0,5.519790412171681,signatures/0406dc9599017bcdf1976c899edbe0f3.sig.gz,"GCA_003478355.1 Lachnospiraceae bacterium AM48-27BH strain=AM48-27BH, ASM347835v1",0406dc9599017bcdf1976c899edbe0f3,0.18109284332688588,370000,112,214384000,/nfs3_ib/nfs-ip34/home/def-ilafores/analysis/MethodsComparison/Feces_RA/preproc/SRR5091619/SRR5091619_unmatched_2.fastq,SRR5091619,09eab43b8a173c78059f9718fddaf692,345219000,31,DNA,1000,345219,true,0.820497012546306,0.9463708001389525,0.8834339063426293,0.9463708001389525,977,1466348,2406709
1720000,0.004982344540711838,0.06154898273209095,0.0010428162992187568,0.00036522903267491,2.441666666666667,2.0,2.01575392567865,signatures/9613cc43f66445d204862f98defb4271.sig.gz,"GCA_019412865.1 Bacteroides sp., ASM1941286v1",9613cc43f66445d204862f98defb4271,0.29406736194221234,360000,113,214024000,/nfs3_ib/nfs-ip34/home/def-ilafores/analysis/MethodsComparison/Feces_RA/preproc/SRR5091619/SRR5091619_unmatched_2.fastq,SRR5091619,09eab43b8a173c78059f9718fddaf692,345219000,31,DNA,1000,345219,true,0.8427983361836658,0.9612871200798883,0.9020427281317771,0.9612871200798883,879,1467227,2406709
356000,0.0010312294514496596,0.1448388412892697,0.001028332739507385,0.00029459315604836315,1.9971830985915493,1.0,2.7522063789604143,signatures/274d37fe38c89456352e287313491fb8.sig.gz,"GCF_010669225.1 Megamonas funiformis strain=JCM 14723, ASM1066922v1",274d37fe38c89456352e287313491fb8,0.1452468380252958,355000,114,213669000,/nfs3_ib/nfs-ip34/home/def-ilafores/analysis/MethodsComparison/Feces_RA/preproc/SRR5091619/SRR5091619_unmatched_2.fastq,SRR5091619,09eab43b8a173c78059f9718fddaf692,345219000,31,DNA,1000,345219,true,0.801044463011428,0.939660959571335,0.8703527112913815,0.939660959571335,709,1467936,2406709
623000,0.001804651540036904,0.09591326105087573,0.000999365620084642,0.001636259306796127,11.414492753623188,7.0,12.530510883582155,signatures/79a393fb99d8977a1fe96a36cabdd09c.sig.gz,"GCF_000265365.1 Alistipes finegoldii DSM 17242 strain=DSM 17242, ASM26536v1",79a393fb99d8977a1fe96a36cabdd09c,0.17319988879621906,345000,115,213324000,/nfs3_ib/nfs-ip34/home/def-ilafores/analysis/MethodsComparison/Feces_RA/preproc/SRR5091619/SRR5091619_unmatched_2.fastq,SRR5091619,09eab43b8a173c78059f9718fddaf692,345219000,31,DNA,1000,345219,true,0.8156363263251366,0.9450113391910714,0.880323832758104,0.9450113391910714,3938,1471874,2406709
372000,0.0010775768425260487,0.24101479915433405,0.0009906754842578188,0.00028295901166281427,1.9912280701754386,1.0,4.614677094951938,signatures/55bcaef29037287c4c3d981ace71d1c9.sig.gz,"GCA_905215425.1 uncultured bacterium, SRR7721880-mag-bin.63",55bcaef29037287c4c3d981ace71d1c9,0.26215644820295986,342000,116,212982000,/nfs3_ib/nfs-ip34/home/def-ilafores/analysis/MethodsComparison/Feces_RA/preproc/SRR5091619/SRR5091619_unmatched_2.fastq,SRR5091619,09eab43b8a173c78059f9718fddaf692,345219000,31,DNA,1000,345219,true,0.802181282358246,0.9577317576486005,0.8799565200034233,0.9577317576486005,681,1472555,2406709
443000,0.0012832433904275257,0.093644544431946,0.00096460507677735,0.00018323777407239512,1.3243243243243243,1.0,0.836432027995327,signatures/4c5b9c5fc61302d55e1ab631a887b803.sig.gz,"GCA_018374635.1 Clostridiales bacterium, ASM1837463v1",4c5b9c5fc61302d55e1ab631a887b803,0.12457817772778403,333000,117,212649000,/nfs3_ib/nfs-ip34/home/def-ilafores/analysis/MethodsComparison/Feces_RA/preproc/SRR5091619/SRR5091619_unmatched_2.fastq,SRR5091619,09eab43b8a173c78059f9718fddaf692,345219000,31,DNA,1000,345219,true,0.8067140973625321,0.9350195873665931,0.8708668423645626,0.9350195873665931,441,1472996,2406709
663000,0.001920520017727877,0.1149704758596735,0.0009588116528928014,0.00028295901166281427,2.0574018126888216,1.0,5.386541740311462,signatures/1689b6c3fb62fec0dd444e73a686577b.sig.gz,"GCF_024168045.1 Dorea longicatena strain=NB2A-3-NA, ASM2416804v1",1689b6c3fb62fec0dd444e73a686577b,0.23028829454671762,331000,118,212318000,/nfs3_ib/nfs-ip34/home/def-ilafores/analysis/MethodsComparison/Feces_RA/preproc/SRR5091619/SRR5091619_unmatched_2.fastq,SRR5091619,09eab43b8a173c78059f9718fddaf692,345219000,31,DNA,1000,345219,true,0.8172752546717966,0.9537358872952589,0.8855055709835278,0.9537358872952589,681,1473677,2406709
355000,0.001028332739507385,0.10891740704179007,0.0009588116528928014,0.00020401303190373244,1.4833836858006042,1.0,1.6767997593170247,signatures/655feb99de6d4affd517d5ed2f459c94.sig.gz,"GCA_000154345.1 [Clostridium] leptum DSM 753 strain=DSM 753, ASM15434v1",655feb99de6d4affd517d5ed2f459c94,0.11681474169134584,331000,119,211987000,/nfs3_ib/nfs-ip34/home/def-ilafores/analysis/MethodsComparison/Feces_RA/preproc/SRR5091619/SRR5091619_unmatched_2.fastq,SRR5091619,09eab43b8a173c78059f9718fddaf692,345219000,31,DNA,1000,345219,true,0.8009717794989848,0.933080856041511,0.867026317770248,0.933080856041511,491,1474168,2406709
577000,0.001671402790692285,0.09193457416807671,0.0009443280931814297,0.00024556354756640706,1.812883435582822,1.0,3.151387799054947,signatures/b8d3f514d7d818938cf2ce27cdd0353c.sig.gz,"GCA_003481005.1 Firmicutes bacterium TM09-10 strain=TM09-10, ASM348100v1",b8d3f514d7d818938cf2ce27cdd0353c,0.16271855611957134,326000,120,211661000,/nfs3_ib/nfs-ip34/home/def-ilafores/analysis/MethodsComparison/Feces_RA/preproc/SRR5091619/SRR5091619_unmatched_2.fastq,SRR5091619,09eab43b8a173c78059f9718fddaf692,345219000,31,DNA,1000,345219,true,0.8136206670398504,0.9431102968912279,0.8783654819655391,0.9431102968912279,591,1474759,2406709
719000,0.0020827358864952393,0.13693998309382924,0.0009385346692968811,0.000653589611373872,4.854938271604938,4.0,3.3564853838490163,signatures/e3b09fed1f34dc72d53a6ae871e87dd0.sig.gz,"GCF_003465825.1 Collinsella sp. AF02-46-1 strain=AF02-46-1, ASM346582v1",e3b09fed1f34dc72d53a6ae871e87dd0,0.30388841927303467,324000,121,211337000,/nfs3_ib/nfs-ip34/home/def-ilafores/analysis/MethodsComparison/Feces_RA/preproc/SRR5091619/SRR5091619_unmatched_2.fastq,SRR5091619,09eab43b8a173c78059f9718fddaf692,345219000,31,DNA,1000,345219,true,0.8194157910590367,0.9623063679139219,0.8908610794864793,0.9623063679139219,1573,1476332,2406709
506000,0.0014657362427908081,0.1782343142698501,0.0009298445334700582,0.00028212800134956074,2.115264797507788,1.0,1.9081193971898405,signatures/ae9a3a63449835fea2681f12bea96eac.sig.gz,"GCA_900550165.1 uncultured Clostridiales bacterium, UMGS1263",ae9a3a63449835fea2681f12bea96eac,0.2809550249861188,321000,122,211016000,/nfs3_ib/nfs-ip34/home/def-ilafores/analysis/MethodsComparison/Feces_RA/preproc/SRR5091619/SRR5091619_unmatched_2.fastq,SRR5091619,09eab43b8a173c78059f9718fddaf692,345219000,31,DNA,1000,345219,true,0.8101817311544767,0.9598736956665626,0.8850277134105196,0.9598736956665626,679,1477011,2406709
593000,0.0017177501817686744,0.10272,0.0009298445334700582,0.0006623152196630337,4.965732087227415,2.0,6.92924252960897,signatures/d4fd080d293594c8d9ae0a347ac64fa4.sig.gz,"GCF_900167555.1 Gemmiger formicilis strain=ATCC 27749, IMG-taxon 2590828806 annotated assembly",d4fd080d293594c8d9ae0a347ac64fa4,0.18976,321000,123,210695000,/nfs3_ib/nfs-ip34/home/def-ilafores/analysis/MethodsComparison/Feces_RA/preproc/SRR5091619/SRR5091619_unmatched_2.fastq,SRR5091619,09eab43b8a173c78059f9718fddaf692,345219000,31,DNA,1000,345219,true,0.8143388631990451,0.9477990732885551,0.8810689682438001,0.9477990732885551,1594,1478605,2406709
750000,0.002172533956705743,0.06727037516170763,0.0009037741259895892,0.00030705831074716555,2.3685897435897436,1.0,7.157256533623755,signatures/17b16c7db81a11816f0b7b13503fecb8.sig.gz,"GCF_003460605.1 Ruminococcus sp. AF31-8BH strain=AF31-8BH, ASM346060v1",17b16c7db81a11816f0b7b13503fecb8,0.16170763260025872,312000,124,210383000,/nfs3_ib/nfs-ip34/home/def-ilafores/analysis/MethodsComparison/Feces_RA/preproc/SRR5091619/SRR5091619_unmatched_2.fastq,SRR5091619,09eab43b8a173c78059f9718fddaf692,345219000,31,DNA,1000,345219,true,0.8205323270480767,0.9429207175820111,0.8817265223150439,0.9429207175820111,739,1479344,2406709
615000,0.0017814778444987095,0.1012987012987013,0.0009037741259895892,0.0002073370731567464,1.5993589743589745,1.0,1.4510383901189339,signatures/1a61bc75384814965146b3c8fd1a27a5.sig.gz,"GCA_025150245.1 Dorea formicigenerans strain=ATCC 27755, ASM2515024v1",1a61bc75384814965146b3c8fd1a27a5,0.19967532467532467,312000,125,210071000,/nfs3_ib/nfs-ip34/home/def-ilafores/analysis/MethodsComparison/Feces_RA/preproc/SRR5091619/SRR5091619_unmatched_2.fastq,SRR5091619,09eab43b8a173c78059f9718fddaf692,345219000,31,DNA,1000,345219,true,0.8152963491811699,0.9493575735069811,0.8823269613440755,0.9493575735069811,499,1479843,2406709
1109000,0.0032124535439822257,0.14203177660086663,0.0008545300229709257,0.002756461209061835,22.48813559322034,21.0,15.558932087724655,signatures/1199bb7ceeef5b5106f83b0a80c5b1c4.sig.gz,"GCA_905215595.1 uncultured bacterium, ERR1600666-mag-bin.42",1199bb7ceeef5b5106f83b0a80c5b1c4,0.5339431872893596,295000,126,209776000,/nfs3_ib/nfs-ip34/home/def-ilafores/analysis/MethodsComparison/Feces_RA/preproc/SRR5091619/SRR5091619_unmatched_2.fastq,SRR5091619,09eab43b8a173c78059f9718fddaf692,345219000,31,DNA,1000,345219,true,0.8309509380836849,0.9799626371158364,0.9054567875997607,0.9799626371158364,6634,1486477,2406709
616000,0.0017843745564409838,0.08251748251748252,0.0008545300229709257,0.00017118812453021948,1.3966101694915254,1.0,0.9925085666188659,signatures/6fb5d9fae55cc8ecb2a67f82352fb7a7.sig.gz,"GCA_025147765.1 Blautia obeum ATCC 29174 strain=ATCC 29174, ASM2514776v1",6fb5d9fae55cc8ecb2a67f82352fb7a7,0.1723076923076923,295000,127,209481000,/nfs3_ib/nfs-ip34/home/def-ilafores/analysis/MethodsComparison/Feces_RA/preproc/SRR5091619/SRR5091619_unmatched_2.fastq,SRR5091619,09eab43b8a173c78059f9718fddaf692,345219000,31,DNA,1000,345219,true,0.8153390796071835,0.9448539144312633,0.8800964970192234,0.9448539144312633,412,1486889,2406709
603000,0.0017467173011914176,0.07661717921527042,0.0008371497513172798,0.00022104874332542904,1.8408304498269896,1.0,5.131717709110003,signatures/47a8a8805c519f2455918c9990c029e5.sig.gz,"GCF_003481985.1 Clostridium sp. OF09-36 strain=OF09-36, ASM348198v1",47a8a8805c519f2455918c9990c029e5,0.15986214209968186,289000,128,209192000,/nfs3_ib/nfs-ip34/home/def-ilafores/analysis/MethodsComparison/Feces_RA/preproc/SRR5091619/SRR5091619_unmatched_2.fastq,SRR5091619,09eab43b8a173c78059f9718fddaf692,345219000,31,DNA,1000,345219,true,0.8147782728068254,0.9425716540798598,0.8786749634433426,0.9425716540798598,532,1487421,2406709
337000,0.0009761919245464474,0.10891840607210626,0.0008313563274327311,0.00018947035142179633,1.588850174216028,1.0,1.2979269460733047,signatures/dbad8d6c6fde1592b0a50565f9a19845.sig.gz,"GCF_003460505.1 Eubacterium sp. AF36-5BH strain=AF36-5BH, ASM346050v1",dbad8d6c6fde1592b0a50565f9a19845,0.12789373814041746,287000,129,208905000,/nfs3_ib/nfs-ip34/home/def-ilafores/analysis/MethodsComparison/Feces_RA/preproc/SRR5091619/SRR5091619_unmatched_2.fastq,SRR5091619,09eab43b8a173c78059f9718fddaf692,345219000,31,DNA,1000,345219,true,0.7996284409920424,0.9358121650693574,0.8677203030306999,0.9358121650693574,456,1487877,2406709
1084000,0.0031400357454253675,0.09824937477670596,0.0007965957841254393,0.0012918055319525543,11.305454545454545,7.0,13.743671842068961,signatures/1a6ea346590b713f033b7fae8ab21643.sig.gz,"GCF_023347535.1 Faecalibacterium sp. HTFF strain=HTFF, ASM2334753v1",1a6ea346590b713f033b7fae8ab21643,0.38728117184708827,275000,130,208630000,/nfs3_ib/nfs-ip34/home/def-ilafores/analysis/MethodsComparison/Feces_RA/preproc/SRR5091619/SRR5091619_unmatched_2.fastq,SRR5091619,09eab43b8a173c78059f9718fddaf692,345219000,31,DNA,1000,345219,true,0.8303399901904758,0.969863306109068,0.9001016481497719,0.969863306109068,3109,1490986,2406709
549000,0.001590294856308604,0.041571493832800364,0.0007908023602408906,0.00016163150592780431,1.424908424908425,1.0,1.7464884944399357,signatures/60210be30b063414acf935ddf123a997.sig.gz,"GCF_000158035.1 Bacteroides cellulosilyticus DSM 14838 strain=DSM 14838, ASM15803v1",60210be30b063414acf935ddf123a997,0.08359981726815897,273000,131,208357000,/nfs3_ib/nfs-ip34/home/def-ilafores/analysis/MethodsComparison/Feces_RA/preproc/SRR5091619/SRR5091619_unmatched_2.fastq,SRR5091619,09eab43b8a173c78059f9718fddaf692,345219000,31,DNA,1000,345219,true,0.8123161460892641,0.9230653100442131,0.8676907280667385,0.9230653100442131,389,1491375,2406709
777000,0.00225074517914715,0.06002239641657335,0.000776318800529519,0.001479198357591217,13.283582089552239,1.0,25.83475385157791,signatures/a65db27ac6f6490cca7eeb016c93eea7.sig.gz,"GCF_000382445.1 Bacteroides massiliensis B84634 = Timone 84634 = DSM 17679 = JCM 13223 strain=DSM 17679, Bact_mass_DSM_17679_V1",a65db27ac6f6490cca7eeb016c93eea7,0.174020156774916,268000,132,208089000,/nfs3_ib/nfs-ip34/home/def-ilafores/analysis/MethodsComparison/Feces_RA/preproc/SRR5091619/SRR5091619_unmatched_2.fastq,SRR5091619,09eab43b8a173c78059f9718fddaf692,345219000,31,DNA,1000,345219,true,0.8214689865697021,0.9451553815397178,0.88331218405471,0.9451553815397178,3560,1494935,2406709
304000,0.0008806004304513946,0.09337561663143058,0.000767628664702696,0.00017700519672299392,1.6075471698113208,1.0,1.0801553096930219,signatures/626721b74388407d32907567679c1ac3.sig.gz,"GCF_003024685.1 Faecalibacillus intestinalis strain=SNUG30099, ASM302468v1",626721b74388407d32907567679c1ac3,0.10711768851303735,265000,133,207824000,/nfs3_ib/nfs-ip34/home/def-ilafores/analysis/MethodsComparison/Feces_RA/preproc/SRR5091619/SRR5091619_unmatched_2.fastq,SRR5091619,09eab43b8a173c78059f9718fddaf692,345219000,31,DNA,1000,345219,true,0.7969746000179098,0.930476051446808,0.8637253257323589,0.930476051446808,426,1495361,2406709
430000,0.0012455861351779595,0.09218859957776214,0.000758938528875873,0.0001695261039037125,1.5572519083969465,1.0,1.4231472774043388,signatures/b360934fe95900ffb5187fc82adb06fd.sig.gz,"GCF_003477705.1 Dorea sp. AF36-15AT strain=AF36-15AT, ASM347770v1",b360934fe95900ffb5187fc82adb06fd,0.15130190007037297,262000,134,207562000,/nfs3_ib/nfs-ip34/home/def-ilafores/analysis/MethodsComparison/Feces_RA/preproc/SRR5091619/SRR5091619_unmatched_2.fastq,SRR5091619,09eab43b8a173c78059f9718fddaf692,345219000,31,DNA,1000,345219,true,0.8059393848964705,0.9408997803782584,0.8734195826373645,0.9408997803782584,408,1495769,2406709
253000,0.0007328681213954041,0.08520790729379686,0.0007241779855685811,0.00012880659855429136,1.24,1.0,0.6248199740725324,signatures/118f2fa4a198f1cea0f43e4284030e89.sig.gz,"GCA_900546315.1 uncultured Clostridiales bacterium, UMGS874",118f2fa4a198f1cea0f43e4284030e89,0.08623040218132243,250000,135,207312000,/nfs3_ib/nfs-ip34/home/def-ilafores/analysis/MethodsComparison/Feces_RA/preproc/SRR5091619/SRR5091619_unmatched_2.fastq,SRR5091619,09eab43b8a173c78059f9718fddaf692,345219000,31,DNA,1000,345219,true,0.7922674272443582,0.9239882848743527,0.8581278560593555,0.9239882848743527,310,1496079,2406709
457000,0.0013237973576193662,0.05907885218230046,0.0007096944258572095,0.0006988796734461873,6.865306122448979,1.0,17.13315857819196,signatures/9216287e15b5df82656d9407b3ab0a7c.sig.gz,"GCA_025146565.1 Bacteroides eggerthii strain=DSM 20697, ASM2514656v1",9216287e15b5df82656d9407b3ab0a7c,0.1102001446829033,245000,136,207067000,/nfs3_ib/nfs-ip34/home/def-ilafores/analysis/MethodsComparison/Feces_RA/preproc/SRR5091619/SRR5091619_unmatched_2.fastq,SRR5091619,09eab43b8a173c78059f9718fddaf692,345219000,31,DNA,1000,345219,true,0.8075241746744688,0.931327979488366,0.8694260770814174,0.931327979488366,1682,1497761,2406709
1167000,0.0033804628366341364,0.08597449908925318,0.0006836240183767405,0.0012357123358079434,12.601694915254237,7.0,16.454940956230285,signatures/d5330fc8a7b2b48d024b6fb23f5b2ee5.sig.gz,"GCA_900765705.1 uncultured Faecalibacterium sp., SRS294968_37",d5330fc8a7b2b48d024b6fb23f5b2ee5,0.42513661202185793,236000,137,206831000,/nfs3_ib/nfs-ip34/home/def-ilafores/analysis/MethodsComparison/Feces_RA/preproc/SRR5091619/SRR5091619_unmatched_2.fastq,SRR5091619,09eab43b8a173c78059f9718fddaf692,345219000,31,DNA,1000,345219,true,0.8323185113146112,0.9727854105953829,0.902551960954997,0.9727854105953829,2974,1500735,2406709
469000,0.0013585579009266582,0.07203907203907203,0.0006836240183767405,0.0001524903924820159,1.555084745762712,1.0,2.3255069597695894,signatures/9e471117913907283503d1bbd660072a.sig.gz,"GCF_003480315.1 Clostridium sp. AM33-3 strain=AM33-3, ASM348031v1",9e471117913907283503d1bbd660072a,0.14316239316239315,236000,138,206595000,/nfs3_ib/nfs-ip34/home/def-ilafores/analysis/MethodsComparison/Feces_RA/preproc/SRR5091619/SRR5091619_unmatched_2.fastq,SRR5091619,09eab43b8a173c78059f9718fddaf692,345219000,31,DNA,1000,345219,true,0.8081996352068639,0.9392229061745646,0.8737112706907142,0.9392229061745646,367,1501102,2406709
549000,0.001590294856308604,0.0712545676004872,0.0006778305944921919,0.00018157575344588813,1.8675213675213675,1.0,3.897672526179988,signatures/c9db8a0f1ca1dc314b40e6758f8144cd.sig.gz,"GCA_001312505.1 [Ruminococcus] faecis JCM 15917 strain=JCM 15917, ASM131250v1",c9db8a0f1ca1dc314b40e6758f8144cd,0.1671741778319123,234000,139,206361000,/nfs3_ib/nfs-ip34/home/def-ilafores/analysis/MethodsComparison/Feces_RA/preproc/SRR5091619/SRR5091619_unmatched_2.fastq,SRR5091619,09eab43b8a173c78059f9718fddaf692,345219000,31,DNA,1000,345219,true,0.8123161460892641,0.9439325054651231,0.8781243257771936,0.9439325054651231,437,1501539,2406709
230000,0.0006662437467230947,0.08021201413427562,0.0006575536108962717,0.00012091200057838318,1.2819383259911894,1.0,0.6295090987804846,signatures/02b170c1c65259d332d2411d92d0f08f.sig.gz,"GCF_000478885.1 Adlercreutzia equolifaciens DSM 19450 strain=DSM 19450, ASM47888v1",02b170c1c65259d332d2411d92d0f08f,0.0812720848056537,227000,140,206134000,/nfs3_ib/nfs-ip34/home/def-ilafores/analysis/MethodsComparison/Feces_RA/preproc/SRR5091619/SRR5091619_unmatched_2.fastq,SRR5091619,09eab43b8a173c78059f9718fddaf692,345219000,31,DNA,1000,345219,true,0.7898353243581806,0.922224847787557,0.8560300860728688,0.922224847787557,291,1501830,2406709
1374000,0.003980082208684922,0.04643076293720597,0.0006575536108962717,0.0032816597270380423,34.79295154185022,32.0,29.203921401228058,signatures/710cdbb1b39af4ff433ed7fbad6c78ce.sig.gz,"GCF_000614125.1 Bacteroides rodentium JCM 16496 strain=JCM 16496, ASM61412v1",710cdbb1b39af4ff433ed7fbad6c78ce,0.28103906729392514,227000,141,205907000,/nfs3_ib/nfs-ip34/home/def-ilafores/analysis/MethodsComparison/Feces_RA/preproc/SRR5091619/SRR5091619_unmatched_2.fastq,SRR5091619,09eab43b8a173c78059f9718fddaf692,345219000,31,DNA,1000,345219,true,0.8367142445783644,0.9598829565135779,0.8982986005459712,0.9598829565135779,7898,1509728,2406709
497000,0.0014396658353103393,0.06059782608695652,0.0006459667631271744,0.00016744857812057875,1.8071748878923768,1.0,3.0545918680938353,signatures/c2d8b6207a026871224ccd15d94fc35d.sig.gz,"GCF_003435375.1 Clostridium sp. AM34-11AC strain=AM34-11AC, ASM343537v1",c2d8b6207a026871224ccd15d94fc35d,0.13505434782608697,223000,142,205684000,/nfs3_ib/nfs-ip34/home/def-ilafores/analysis/MethodsComparison/Feces_RA/preproc/SRR5091619/SRR5091619_unmatched_2.fastq,SRR5091619,09eab43b8a173c78059f9718fddaf692,345219000,31,DNA,1000,345219,true,0.809712833268307,0.9374581506376707,0.8735854919529888,0.9374581506376707,403,1510131,2406709
308000,0.0008921872782204919,0.08149779735682819,0.0006430700511849,0.00013587018621694604,1.472972972972973,1.0,1.7646910224384733,signatures/9c0f681bd333e145d102b5d5db8faa88.sig.gz,"GCF_014384965.1 Jutongia hominis strain=BX3, ASM1438496v1",9c0f681bd333e145d102b5d5db8faa88,0.1130690161527166,222000,143,205462000,/nfs3_ib/nfs-ip34/home/def-ilafores/analysis/MethodsComparison/Feces_RA/preproc/SRR5091619/SRR5091619_unmatched_2.fastq,SRR5091619,09eab43b8a173c78059f9718fddaf692,345219000,31,DNA,1000,345219,true,0.7973107391741475,0.9321004061271825,0.8647055726506649,0.9321004061271825,327,1510458,2406709
1309000,0.003791795932437091,0.039480704250400143,0.0006430700511849,0.00038268024925323333,4.148648648648648,2.0,14.139920899308963,signatures/b4482d10cb2488078dd11fc3de09368a.sig.gz,"GCF_009193295.2 Bacteroides sp. HF-5141 strain=HF-5141, ASM919329v2",b4482d10cb2488078dd11fc3de09368a,0.2327938822692513,222000,144,205240000,/nfs3_ib/nfs-ip34/home/def-ilafores/analysis/MethodsComparison/Feces_RA/preproc/SRR5091619/SRR5091619_unmatched_2.fastq,SRR5091619,09eab43b8a173c78059f9718fddaf692,345219000,31,DNA,1000,345219,true,0.8354072201284412,0.9540688748594554,0.8947380474939483,0.9540688748594554,921,1511379,2406709
936000,0.0027113223779687678,0.05982905982905983,0.0006285864914735284,0.00020484404221698594,2.271889400921659,2.0,1.7478868417981117,signatures/30261a1b36bb7ea826d90dbce7b10368.sig.gz,"GCA_934292725.1 uncultured Lachnospiraceae bacterium, ERR7738588_bin.131",30261a1b36bb7ea826d90dbce7b10368,0.25806451612903225,217000,145,205023000,/nfs3_ib/nfs-ip34/home/def-ilafores/analysis/MethodsComparison/Feces_RA/preproc/SRR5091619/SRR5091619_unmatched_2.fastq,SRR5091619,09eab43b8a173c78059f9718fddaf692,345219000,31,DNA,1000,345219,true,0.826417285155773,0.9572458524782244,0.8918315688169987,0.9572458524782244,493,1511872,2406709
450000,0.001303520374023446,0.05782041033839595,0.0006285864914735284,0.0001263135676145309,1.400921658986175,1.0,1.3373745096703995,signatures/24cb2f7055942e2ac04d51117f90e805.sig.gz,"GCA_902363135.1 Lachnospiraceae bacterium, MGYG-HGUT-00092",24cb2f7055942e2ac04d51117f90e805,0.11990407673860912,217000,146,204806000,/nfs3_ib/nfs-ip34/home/def-ilafores/analysis/MethodsComparison/Feces_RA/preproc/SRR5091619/SRR5091619_unmatched_2.fastq,SRR5091619,09eab43b8a173c78059f9718fddaf692,345219000,31,DNA,1000,345219,true,0.8071221848214402,0.9338668646858176,0.8704945247536289,0.9338668646858176,304,1512176,2406709
228000,0.000660450322838546,0.0958904109589041,0.0006285864914735284,0.0001238205366747704,1.3732718894009217,1.0,0.7272350799844743,signatures/50f4fdcbd8ddf3397caca2799f2a0781.sig.gz,"GCA_900542245.1 uncultured Clostridiales bacterium, UMGS434",50f4fdcbd8ddf3397caca2799f2a0781,0.10075121520106053,217000,147,204589000,/nfs3_ib/nfs-ip34/home/def-ilafores/analysis/MethodsComparison/Feces_RA/preproc/SRR5091619/SRR5091619_unmatched_2.fastq,SRR5091619,09eab43b8a173c78059f9718fddaf692,345219000,31,DNA,1000,345219,true,0.7896128341218555,0.9286387111036438,0.8591257726127497,0.9286387111036438,298,1512474,2406709
260000,0.0007531451049913243,0.08269525267993874,0.000625689779531254,0.00012132750573500993,1.3518518518518519,1.0,0.9409885937712965,signatures/09a733b1bc16d57b28af752939010678.sig.gz,"GCF_000153925.1 [Ruminococcus] torques ATCC 27756 strain=ATCC 27756, ASM15392v1",09a733b1bc16d57b28af752939010678,0.0995405819295559,216000,148,204373000,/nfs3_ib/nfs-ip34/home/def-ilafores/analysis/MethodsComparison/Feces_RA/preproc/SRR5091619/SRR5091619_unmatched_2.fastq,SRR5091619,09eab43b8a173c78059f9718fddaf692,345219000,31,DNA,1000,345219,true,0.7929652400301707,0.9282766472747191,0.8606209436524449,0.9282766472747191,292,1512766,2406709
1355000,0.00392504468178171,0.07322888283378746,0.0006227930675889797,0.001700247100916646,19.032558139534885,15.0,17.848297696565467,signatures/78db35fa6d9edc0fa99c8623efbe174d.sig.gz,"GCF_023347295.1 Faecalibacterium sp. I3333 strain=I3333, ASM2334729v1",78db35fa6d9edc0fa99c8623efbe174d,0.46151226158038144,215000,149,204158000,/nfs3_ib/nfs-ip34/home/def-ilafores/analysis/MethodsComparison/Feces_RA/preproc/SRR5091619/SRR5091619_unmatched_2.fastq,SRR5091619,09eab43b8a173c78059f9718fddaf692,345219000,31,DNA,1000,345219,true,0.8363384893679524,0.9753650766003631,0.9058517829841577,0.9753650766003631,4092,1516858,2406709
829000,0.002401374200145415,0.04951411383618695,0.0006198963556467054,0.0004038710122411974,4.542056074766355,2.0,11.42409355395718,signatures/284259e70e0364cec13b6b5c7e16db9f.sig.gz,"GCF_004793765.1 Parabacteroides distasonis strain=NM39_I3, ASM479376v1",284259e70e0364cec13b6b5c7e16db9f,0.19180934752429432,214000,150,203944000,/nfs3_ib/nfs-ip34/home/def-ilafores/analysis/MethodsComparison/Feces_RA/preproc/SRR5091619/SRR5091619_unmatched_2.fastq,SRR5091619,09eab43b8a173c78059f9718fddaf692,345219000,31,DNA,1000,345219,true,0.8231873814028912,0.948127551173162,0.8856574662880266,0.948127551173162,972,1517830,2406709
244000,0.0007067977139149352,0.09674461256304448,0.0006112062198198824,0.0001076158355663273,1.2274881516587677,1.0,0.5638416331740457,signatures/7b84dbbb3f681c53d36cf76d788fd1fa.sig.gz,"GCA_020555865.1 bacterium 210917-DFI.7.65 strain=DFI.7.65, ASM2055586v1",7b84dbbb3f681c53d36cf76d788fd1fa,0.11187528656579551,211000,151,203733000,/nfs3_ib/nfs-ip34/home/def-ilafores/analysis/MethodsComparison/Feces_RA/preproc/SRR5091619/SRR5091619_unmatched_2.fastq,SRR5091619,09eab43b8a173c78059f9718fddaf692,345219000,31,DNA,1000,345219,true,0.7913422605161049,0.9317813319249094,0.8615617962205071,0.9317813319249094,259,1518089,2406709
703000,0.00203638849541885,0.04883128905345985,0.0006112062198198824,0.001662436131663612,18.96208530805687,3.0,28.253230044965914,signatures/4fede25466357d8494c5b32e1ffd6afe.sig.gz,"GCF_000187895.1 Bacteroides plebeius DSM 17135 strain=DSM 17135, ASM18789v1",4fede25466357d8494c5b32e1ffd6afe,0.1626938208747975,211000,152,203522000,/nfs3_ib/nfs-ip34/home/def-ilafores/analysis/MethodsComparison/Feces_RA/preproc/SRR5091619/SRR5091619_unmatched_2.fastq,SRR5091619,09eab43b8a173c78059f9718fddaf692,345219000,31,DNA,1000,345219,true,0.8188211516104832,0.9431056718898181,0.8809634117501506,0.9431056718898181,4001,1522090,2406709
1350000,0.003910561122070338,0.044039805208553884,0.0006025160839930595,0.0007125913436148699,8.245192307692308,2.0,17.244075793240345,signatures/c6b25015f23efa66f969bb8db0161cd8.sig.gz,"GCF_000156195.1 Bacteroides finegoldii DSM 17565 strain=DSM 17565, ASM15619v1",c6b25015f23efa66f969bb8db0161cd8,0.2858352741901334,208000,153,203314000,/nfs3_ib/nfs-ip34/home/def-ilafores/analysis/MethodsComparison/Feces_RA/preproc/SRR5091619/SRR5091619_unmatched_2.fastq,SRR5091619,09eab43b8a173c78059f9718fddaf692,345219000,31,DNA,1000,345219,true,0.8362387589314124,0.9604070715200905,0.8983229152257515,0.9604070715200905,1715,1523805,2406709
722000,0.002091426022322062,0.057574876417563245,0.0005735489645703162,0.00016080049561455082,1.9545454545454546,1.0,5.921451718113901,signatures/2648477d04c51d508c027ea6c27bf3b2.sig.gz,"GCF_009494135.1 Prevotella copri strain=iAK278, ASM949413v1",2648477d04c51d508c027ea6c27bf3b2,0.20994475138121546,198000,154,203116000,/nfs3_ib/nfs-ip34/home/def-ilafores/analysis/MethodsComparison/Feces_RA/preproc/SRR5091619/SRR5091619_unmatched_2.fastq,SRR5091619,09eab43b8a173c78059f9718fddaf692,345219000,31,DNA,1000,345219,true,0.8195258587102092,0.9508946852813647,0.885210271995787,0.9508946852813647,387,1524192,2406709
708000,0.0020508720551302216,0.08991328160657235,0.0005706522526280419,0.0003776941873737124,4.614213197969543,4.0,2.9225885569693784,signatures/05056f4a05136183bed81dbc4728f064.sig.gz,"GCA_900546825.1 uncultured Collinsella sp., UMGS919",05056f4a05136183bed81dbc4728f064,0.3231401186672752,197000,155,202919000,/nfs3_ib/nfs-ip34/home/def-ilafores/analysis/MethodsComparison/Feces_RA/preproc/SRR5091619/SRR5091619_unmatched_2.fastq,SRR5091619,09eab43b8a173c78059f9718fddaf692,345219000,31,DNA,1000,345219,true,0.8190083714238576,0.9642150354609773,0.8916117034424175,0.9642150354609773,909,1525101,2406709
264000,0.0007647319527604216,0.074791192103265,0.0005706522526280419,0.00011052437166271452,1.350253807106599,1.0,1.1897030455526205,signatures/6caea0fb44e792c6b5cf31e0d9a173a1.sig.gz,"GCA_902362435.1 Eubacteriaceae bacterium, MGYG-HGUT-00040",6caea0fb44e792c6b5cf31e0d9a173a1,0.10022779043280182,197000,156,202722000,/nfs3_ib/nfs-ip34/home/def-ilafores/analysis/MethodsComparison/Feces_RA/preproc/SRR5091619/SRR5091619_unmatched_2.fastq,SRR5091619,09eab43b8a173c78059f9718fddaf692,345219000,31,DNA,1000,345219,true,0.7933558708827804,0.9284826900673792,0.8609192804750798,0.9284826900673792,266,1525367,2406709
499000,0.0014454592591948878,0.05940892641737033,0.0005706522526280419,0.00017783620703624742,2.1725888324873095,1.0,6.296454557801076,signatures/fc95d81881dbf484815547131bbb9759.sig.gz,"GCA_003480725.1 Clostridiaceae bacterium AM27-36LB strain=AM27-36LB, ASM348072v1",fc95d81881dbf484815547131bbb9759,0.15048250904704463,197000,157,202525000,/nfs3_ib/nfs-ip34/home/def-ilafores/analysis/MethodsComparison/Feces_RA/preproc/SRR5091619/SRR5091619_unmatched_2.fastq,SRR5091619,09eab43b8a173c78059f9718fddaf692,345219000,31,DNA,1000,345219,true,0.8098177388743852,0.9407349758648936,0.8752763573696394,0.9407349758648936,428,1525795,2406709
734000,0.002126186565629354,0.06843575418994413,0.0005677555406857676,0.0016570345646274643,20.346938775510203,19.0,14.163118272482693,signatures/c002602a49265f2771d37a7d1b625ee1.sig.gz,"GCA_900546625.1 uncultured Lachnobacterium sp., UMGS904",c002602a49265f2771d37a7d1b625ee1,0.2562849162011173,196000,158,202329000,/nfs3_ib/nfs-ip34/home/def-ilafores/analysis/MethodsComparison/Feces_RA/preproc/SRR5091619/SRR5091619_unmatched_2.fastq,SRR5091619,09eab43b8a173c78059f9718fddaf692,345219000,31,DNA,1000,345219,true,0.8199617479403921,0.9570321993913354,0.8884969736658638,0.9570321993913354,3988,1529783,2406709
1132000,0.0032790779186545353,0.030757097791798107,0.0005648588287434932,0.002768095353447384,34.16410256410256,23.0,35.909055262365705,signatures/8182caaf670814ebbeb9046e1a4982b9.sig.gz,"GCA_902362375.1 Bacteroidaceae bacterium, MGYG-HGUT-00013",8182caaf670814ebbeb9046e1a4982b9,0.17854889589905362,195000,159,202134000,/nfs3_ib/nfs-ip34/home/def-ilafores/analysis/MethodsComparison/Feces_RA/preproc/SRR5091619/SRR5091619_unmatched_2.fastq,SRR5091619,09eab43b8a173c78059f9718fddaf692,345219000,31,DNA,1000,345219,true,0.8315013511176249,0.9459390069126216,0.8887201790151232,0.9459390069126216,6662,1536445,2406709
538000,0.0015584310249435866,0.08095637583892618,0.0005590654048589446,0.00012963760886754486,1.616580310880829,1.0,1.0067825503323888,signatures/064f37e0e8408f176a29afe33224f971.sig.gz,"GCF_009738225.1 Streptococcus salivarius strain=ICDC2, ASM973822v1",064f37e0e8408f176a29afe33224f971,0.2256711409395973,193000,160,201941000,/nfs3_ib/nfs-ip34/home/def-ilafores/analysis/MethodsComparison/Feces_RA/preproc/SRR5091619/SRR5091619_unmatched_2.fastq,SRR5091619,09eab43b8a173c78059f9718fddaf692,345219000,31,DNA,1000,345219,true,0.8117859584646658,0.9531129884486594,0.8824494734566626,0.9531129884486594,312,1536757,2406709
194000,0.0005619621168012189,0.09086584205518554,0.0005532719809743959,0.00011384841291572849,1.4345549738219896,1.0,1.3162932588572187,signatures/f0f4c2a6311f7f940986580fc3bb54b9.sig.gz,"GCF_000296445.1 Slackia piriformis YIT 12062 strain=YIT 12062, Slac_piri_YIT_12062_V1",f0f4c2a6311f7f940986580fc3bb54b9,0.0922930542340628,191000,161,201750000,/nfs3_ib/nfs-ip34/home/def-ilafores/analysis/MethodsComparison/Feces_RA/preproc/SRR5091619/SRR5091619_unmatched_2.fastq,SRR5091619,09eab43b8a173c78059f9718fddaf692,345219000,31,DNA,1000,345219,true,0.7855102202249957,0.9260157117258745,0.8557629659754351,0.9260157117258745,274,1537031,2406709
896000,0.0025954539002777948,0.06799276672694395,0.000544581845147573,0.0007017882095425745,8.98404255319149,5.0,12.805615483571371,signatures/88f1b5eec91b23fd70f1b11b9f13bd9a.sig.gz,"GCF_023347275.1 Faecalibacterium sp. I3389 strain=I3389, ASM2334727v1",88f1b5eec91b23fd70f1b11b9f13bd9a,0.3240506329113924,188000,162,201562000,/nfs3_ib/nfs-ip34/home/def-ilafores/analysis/MethodsComparison/Feces_RA/preproc/SRR5091619/SRR5091619_unmatched_2.fastq,SRR5091619,09eab43b8a173c78059f9718fddaf692,345219000,31,DNA,1000,345219,true,0.8252537879449501,0.9643025573412454,0.8947781726430977,0.9643025573412454,1689,1538720,2406709
205000,0.0005938259481662365,0.05563820291579887,0.0005416851332052987,0.00009348866024101791,1.2032085561497325,1.0,0.48660163277336144,signatures/99e65f8593549ca8e3e843eee40eeb60.sig.gz,"GCF_000210055.1 Gordonibacter pamelaeae 7-10-1-b strain=7-10-1-bT, ASM21005v1",99e65f8593549ca8e3e843eee40eeb60,0.060993751859565605,187000,163,201375000,/nfs3_ib/nfs-ip34/home/def-ilafores/analysis/MethodsComparison/Feces_RA/preproc/SRR5091619/SRR5091619_unmatched_2.fastq,SRR5091619,09eab43b8a173c78059f9718fddaf692,345219000,31,DNA,1000,345219,true,0.7869089582369164,0.9137253130744708,0.8503171356556936,0.9137253130744708,225,1538945,2406709
201000,0.0005822391003971392,0.04976051091005854,0.0005416851332052987,0.0000959816911807784,1.2352941176470589,1.0,0.574163231292815,signatures/4a0a4ccf84ababa1f62e38415ad37d82.sig.gz,"GCA_900546265.1 uncultured Ruminococcaceae bacterium, UMGS856",4a0a4ccf84ababa1f62e38415ad37d82,0.05348589675359234,187000,164,201188000,/nfs3_ib/nfs-ip34/home/def-ilafores/analysis/MethodsComparison/Feces_RA/preproc/SRR5091619/SRR5091619_unmatched_2.fastq,SRR5091619,09eab43b8a173c78059f9718fddaf692,345219000,31,DNA,1000,345219,true,0.7864089205016412,0.9098618605002106,0.8481353905009259,0.9098618605002106,231,1539176,2406709
825000,0.0023897873523763178,0.0706646294881589,0.0005358917093207501,0.0002933466405784829,3.8162162162162163,3.0,2.9092130925931508,signatures/7108e92619b903654cd875e33d69a01d.sig.gz,"GCF_003464165.1 Eubacterium sp. AM49-13BH strain=AM49-13BH, ASM346416v1",7108e92619b903654cd875e33d69a01d,0.31512605042016806,185000,165,201003000,/nfs3_ib/nfs-ip34/home/def-ilafores/analysis/MethodsComparison/Feces_RA/preproc/SRR5091619/SRR5091619_unmatched_2.fastq,SRR5091619,09eab43b8a173c78059f9718fddaf692,345219000,31,DNA,1000,345219,true,0.823058953775537,0.9634342345061224,0.8932465941408296,0.9634342345061224,706,1539882,2406709
478000,0.001384628308407127,0.048454688318491354,0.0005358917093207501,0.00010886235103620754,1.4162162162162162,1.0,0.8851671131009172,signatures/b8f06c753f81002527c220d71b808abd.sig.gz,"GCF_003463065.1 Blautia sp. OF03-15BH strain=OF03-15BH, ASM346306v1",b8f06c753f81002527c220d71b808abd,0.1251964379256155,185000,166,200818000,/nfs3_ib/nfs-ip34/home/def-ilafores/analysis/MethodsComparison/Feces_RA/preproc/SRR5091619/SRR5091619_unmatched_2.fastq,SRR5091619,09eab43b8a173c78059f9718fddaf692,345219000,31,DNA,1000,345219,true,0.8086953429592332,0.9351689175383633,0.8719321302487982,0.9351689175383633,262,1540144,2406709
1193000,0.003455777347133269,0.051598429613011774,0.0005329949973784757,0.0002675853208676246,3.5,2.0,5.830019762812351,signatures/c904d12975db86fd08a8995198b6cca6.sig.gz,"GCF_013300825.1 Blautia wexlerae strain=MSK.20.46, ASM1330082v1",c904d12975db86fd08a8995198b6cca6,0.3345485137408861,184000,167,200634000,/nfs3_ib/nfs-ip34/home/def-ilafores/analysis/MethodsComparison/Feces_RA/preproc/SRR5091619/SRR5091619_unmatched_2.fastq,SRR5091619,09eab43b8a173c78059f9718fddaf692,345219000,31,DNA,1000,345219,true,0.8329103333474347,0.9652948098957007,0.8991025716215677,0.9652948098957007,644,1540788,2406709
220000,0.0006372766273003514,0.029569455727051178,0.0005272015734939271,0.00009722820665065863,1.2857142857142858,1.0,1.0973065354098013,signatures/ee57b146d808065c374f21482d0a5cda.sig.gz,"GCA_025149125.1 [Clostridium] asparagiforme DSM 15981 strain=DSM 15981, ASM2514912v1",ee57b146d808065c374f21482d0a5cda,0.03574329813160033,182000,168,200452000,/nfs3_ib/nfs-ip34/home/def-ilafores/analysis/MethodsComparison/Feces_RA/preproc/SRR5091619/SRR5091619_unmatched_2.fastq,SRR5091619,09eab43b8a173c78059f9718fddaf692,345219000,31,DNA,1000,345219,true,0.7887035691310986,0.8981086077560098,0.8434060884435541,0.8981086077560098,234,1541022,2406709
363000,0.0010515064350455799,0.05209840810419682,0.0005214081496093784,0.00019237888751818353,2.5722222222222224,1.0,7.861319196303687,signatures/503d778e7914c4293cdfc5a369c338c4.sig.gz,"GCA_900757695.1 uncultured Oscillospiraceae bacterium, ERS537351_54",503d778e7914c4293cdfc5a369c338c4,0.10506512301013024,180000,169,200272000,/nfs3_ib/nfs-ip34/home/def-ilafores/analysis/MethodsComparison/Feces_RA/preproc/SRR5091619/SRR5091619_unmatched_2.fastq,SRR5091619,09eab43b8a173c78059f9718fddaf692,345219000,31,DNA,1000,345219,true,0.8015477830262249,0.9298955031494774,0.8657216430878512,0.9298955031494774,463,1541485,2406709
671000,0.0019436937132660717,0.04007285974499089,0.0005098213018402811,0.0006702098176389419,9.164772727272727,3.0,18.90259445740384,signatures/b7ffc7db10e9d5437f87b064a28aa398.sig.gz,"GCA_900758315.1 uncultured Oscillospiraceae bacterium, ERS608503_14",b7ffc7db10e9d5437f87b064a28aa398,0.1527777777777778,176000,170,200096000,/nfs3_ib/nfs-ip34/home/def-ilafores/analysis/MethodsComparison/Feces_RA/preproc/SRR5091619/SRR5091619_unmatched_2.fastq,SRR5091619,09eab43b8a173c78059f9718fddaf692,345219000,31,DNA,1000,345219,true,0.8175915261540526,0.9411944572524537,0.8793929917032531,0.9411944572524537,1613,1543098,2406709
221000,0.0006401733392426257,0.07753655294638902,0.0005069245898980068,0.00011343290775910174,1.56,1.0,3.3236124924545574,signatures/70637202227fbc5a87213d06626ae00c.sig.gz,"GCA_900542395.1 uncultured Clostridiales bacterium, UMGS459",70637202227fbc5a87213d06626ae00c,0.0979175897208684,175000,171,199921000,/nfs3_ib/nfs-ip34/home/def-ilafores/analysis/MethodsComparison/Feces_RA/preproc/SRR5091619/SRR5091619_unmatched_2.fastq,SRR5091619,09eab43b8a173c78059f9718fddaf692,345219000,31,DNA,1000,345219,true,0.7888189612188289,0.9277845151861143,0.8583017382024716,0.9277845151861143,273,1543371,2406709
558000,0.001616365263789073,0.03435340572556762,0.0005040278779557324,0.0008792089114221952,12.160919540229886,5.0,16.394121152103516,signatures/894ebfeac80d6a527fbc03d1d52101ee.sig.gz,"GCA_900762515.1 uncultured Odoribacter sp., SRS144506_36",894ebfeac80d6a527fbc03d1d52101ee,0.11016781836130306,174000,172,199747000,/nfs3_ib/nfs-ip34/home/def-ilafores/analysis/MethodsComparison/Feces_RA/preproc/SRR5091619/SRR5091619_unmatched_2.fastq,SRR5091619,09eab43b8a173c78059f9718fddaf692,345219000,31,DNA,1000,345219,true,0.8127423444263131,0.931319165413557,0.8720307549199351,0.931319165413557,2116,1545487,2406709
193000,0.0005590654048589446,0.10800508259212198,0.0004924410301866351,0.00025595117648207573,3.623529411764706,1.0,10.312729393485155,signatures/43f365bddb10784b9092d77cad25bf67.sig.gz,"GCA_900552285.1 uncultured Ruminococcaceae bacterium, UMGS1484",43f365bddb10784b9092d77cad25bf67,0.12261753494282084,170000,173,199577000,/nfs3_ib/nfs-ip34/home/def-ilafores/analysis/MethodsComparison/Feces_RA/preproc/SRR5091619/SRR5091619_unmatched_2.fastq,SRR5091619,09eab43b8a173c78059f9718fddaf692,345219000,31,DNA,1000,345219,true,0.7853792797404919,0.9345412387251377,0.8599602592328148,0.9345412387251377,616,1546103,2406709
175000,0.0005069245898980068,0.05174603174603175,0.00047216404659071486,0.0001059538149398203,1.5644171779141105,1.0,2.299738074752352,signatures/e5a32b2a854d7d11d95473daa59c62b8.sig.gz,"GCA_000438155.1 Firmicutes bacterium CAG:95, MGS95",e5a32b2a854d7d11d95473daa59c62b8,0.05555555555555555,163000,174,199414000,/nfs3_ib/nfs-ip34/home/def-ilafores/analysis/MethodsComparison/Feces_RA/preproc/SRR5091619/SRR5091619_unmatched_2.fastq,SRR5091619,09eab43b8a173c78059f9718fddaf692,345219000,31,DNA,1000,345219,true,0.7829028071764981,0.9109768454804739,0.846939826328486,0.9109768454804739,255,1546358,2406709
457000,0.0013237973576193662,0.08524240809802877,0.00046347391076389193,0.0006178561679039717,9.29375,7.0,6.697571271550605,signatures/5ced1ecdce79d2e70d60e340e02841fd.sig.gz,"GCA_900772675.1 Lachnospiraceae bacterium, SRS883021_119",5ced1ecdce79d2e70d60e340e02841fd,0.24347362812999468,160000,175,199254000,/nfs3_ib/nfs-ip34/home/def-ilafores/analysis/MethodsComparison/Feces_RA/preproc/SRR5091619/SRR5091619_unmatched_2.fastq,SRR5091619,09eab43b8a173c78059f9718fddaf692,345219000,31,DNA,1000,345219,true,0.8075241746744688,0.9554503562425316,0.8814872654585002,0.9554503562425316,1487,1547845,2406709
1724000,0.004993931388480935,0.023501413059645992,0.00045768048687934323,0.0004965286621689619,7.563291139240507,2.0,17.383767178615255,signatures/32a90d9faa0865b9d4716569d60e47de.sig.gz,"GCF_014334015.1 Bacteroides sp. M10 strain=M10, ASM1433401v1",32a90d9faa0865b9d4716569d60e47de,0.2564331399672765,158000,176,199096000,/nfs3_ib/nfs-ip34/home/def-ilafores/analysis/MethodsComparison/Feces_RA/preproc/SRR5091619/SRR5091619_unmatched_2.fastq,SRR5091619,09eab43b8a173c78059f9718fddaf692,345219000,31,DNA,1000,345219,true,0.8428614908269605,0.957050049388263,0.8999557701076117,0.957050049388263,1195,1549040,2406709
157000,0.00045478377493706894,0.07239607659971976,0.0004489903510525203,0.00008559406226510974,1.3290322580645162,1.0,0.7458243105351446,signatures/ca00d6825ab958a4451285bec646a754.sig.gz,"GCA_900761075.1 Christensenellaceae bacterium, SRS042628_64",ca00d6825ab958a4451285bec646a754,0.0733302195235871,155000,177,198941000,/nfs3_ib/nfs-ip34/home/def-ilafores/analysis/MethodsComparison/Feces_RA/preproc/SRR5091619/SRR5091619_unmatched_2.fastq,SRR5091619,09eab43b8a173c78059f9718fddaf692,345219000,31,DNA,1000,345219,true,0.7801664261319872,0.9191708126798251,0.8496686194059062,0.9191708126798251,206,1549246,2406709
1486000,0.004304513946219646,0.04883427851291745,0.0004489903510525203,0.0008841949733017162,13.729032258064516,9.0,13.436257964765847,signatures/463a8ff2f26f37a3c67c2a86a64398f8.sig.gz,"GCF_023347235.1 Faecalibacterium sp. I4179 strain=I4179, ASM2334723v1",463a8ff2f26f37a3c67c2a86a64398f8,0.46817895400126025,155000,178,198786000,/nfs3_ib/nfs-ip34/home/def-ilafores/analysis/MethodsComparison/Feces_RA/preproc/SRR5091619/SRR5091619_unmatched_2.fastq,SRR5091619,09eab43b8a173c78059f9718fddaf692,345219000,31,DNA,1000,345219,true,0.8388319650212241,0.9758164283231837,0.9073241966722039,0.9758164283231837,2128,1551374,2406709
322000,0.0009327412454123324,0.05123019885406134,0.0004403002152256973,0.00013337715527718557,2.111842105263158,1.0,3.8036501549676,signatures/d7e2aba2f7241edb0c40ad4670703713.sig.gz,"GCA_021029595.1 Oscillospiraceae bacterium MH27-2 strain=MH27-2, ASM2102959v1",d7e2aba2f7241edb0c40ad4670703713,0.10852713178294573,152000,179,198634000,/nfs3_ib/nfs-ip34/home/def-ilafores/analysis/MethodsComparison/Feces_RA/preproc/SRR5091619/SRR5091619_unmatched_2.fastq,SRR5091619,09eab43b8a173c78059f9718fddaf692,345219000,31,DNA,1000,345219,true,0.7984548453148906,0.9308684973727205,0.8646616713438056,0.9308684973727205,321,1551695,2406709
177000,0.0005127180137825554,0.06890299184043518,0.0004403002152256973,0.00009348866024101791,1.480263157894737,1.0,2.24479044484652,signatures/23046228a81e0db1a133ced8759c53be.sig.gz,"GCA_003507655.1 Lachnospiraceae bacterium, ASM350765v1",23046228a81e0db1a133ced8759c53be,0.08023572076155938,152000,180,198482000,/nfs3_ib/nfs-ip34/home/def-ilafores/analysis/MethodsComparison/Feces_RA/preproc/SRR5091619/SRR5091619_unmatched_2.fastq,SRR5091619,09eab43b8a173c78059f9718fddaf692,345219000,31,DNA,1000,345219,true,0.7831898507053515,0.921843132100293,0.8525164914028223,0.921843132100293,225,1551920,2406709
366000,0.0010601965708724027,0.03749689595232183,0.00043740350328342297,0.00007936148491570854,1.2649006622516556,1.0,0.8817651378592443,signatures/58b90d0235337728c5561352b275e9fd.sig.gz,"GCA_902363665.1 Lachnospiraceae bacterium, MGYG-HGUT-00137",58b90d0235337728c5561352b275e9fd,0.09088651601688602,151000,181,198331000,/nfs3_ib/nfs-ip34/home/def-ilafores/analysis/MethodsComparison/Feces_RA/preproc/SRR5091619/SRR5091619_unmatched_2.fastq,SRR5091619,09eab43b8a173c78059f9718fddaf692,345219000,31,DNA,1000,345219,true,0.8017606221934379,0.925557082079516,0.863658852136477,0.925557082079516,191,1552111,2406709
734000,0.002126186565629354,0.018564356435643563,0.0004345067913411487,0.0020334822365312964,32.626666666666665,3.0,76.15681599320062,signatures/6672ed00a5e62028f3d25099a8b409db.sig.gz,"GCA_900761785.1 uncultured Bacteroides sp., SRS098827_17",6672ed00a5e62028f3d25099a8b409db,0.09084158415841584,150000,182,198181000,/nfs3_ib/nfs-ip34/home/def-ilafores/analysis/MethodsComparison/Feces_RA/preproc/SRR5091619/SRR5091619_unmatched_2.fastq,SRR5091619,09eab43b8a173c78059f9718fddaf692,345219000,31,DNA,1000,345219,true,0.8199617479403921,0.9255423182048077,0.8727520330726,0.9255423182048077,4894,1557005,2406709
453000,0.001312210509850269,0.04109211252068395,0.0004316100793988743,0.00013503917590369256,2.1812080536912752,1.0,5.01280734387237,signatures/c7c1a160793d1ec9d73e128c1ab0fc90.sig.gz,"GCF_003478505.1 Clostridium sp. AF27-2AA strain=AF27-2AA, ASM347850v1",c7c1a160793d1ec9d73e128c1ab0fc90,0.12493105350248207,149000,183,198032000,/nfs3_ib/nfs-ip34/home/def-ilafores/analysis/MethodsComparison/Feces_RA/preproc/SRR5091619/SRR5091619_unmatched_2.fastq,SRR5091619,09eab43b8a173c78059f9718fddaf692,345219000,31,DNA,1000,345219,true,0.807295202002915,0.9351049060883516,0.8712000540456333,0.9351049060883516,325,1557330,2406709
772000,0.0022362616194357785,0.033991731740927886,0.00042871336745660003,0.0016354282964828736,26.594594594594593,23.5,22.303447145348994,signatures/aa21d6a4e240d950eb3b686e2a4fae57.sig.gz,"GCF_004793475.1 Bacteroides sp. NM69_E16B strain=NM69_E16B, ASM479347v1",aa21d6a4e240d950eb3b686e2a4fae57,0.1773082223242995,148000,184,197884000,/nfs3_ib/nfs-ip34/home/def-ilafores/analysis/MethodsComparison/Feces_RA/preproc/SRR5091619/SRR5091619_unmatched_2.fastq,SRR5091619,09eab43b8a173c78059f9718fddaf692,345219000,31,DNA,1000,345219,true,0.8212979321310139,0.945726258549056,0.8835120953400349,0.945726258549056,3936,1561266,2406709
706000,0.002045078631245673,0.06951102588686481,0.00042002323162977705,0.0007204859415907781,11.958620689655172,11.0,8.468094979407208,signatures/90b92750dc8865ed4f4ab15e1fc4c9f1.sig.gz,"GCF_002834225.1 Ruminococcus bromii strain=ATCC 27255, ASM283422v1",90b92750dc8865ed4f4ab15e1fc4c9f1,0.33844678811121764,145000,185,197739000,/nfs3_ib/nfs-ip34/home/def-ilafores/analysis/MethodsComparison/Feces_RA/preproc/SRR5091619/SRR5091619_unmatched_2.fastq,SRR5091619,09eab43b8a173c78059f9718fddaf692,345219000,31,DNA,1000,345219,true,0.818933637514103,0.965655616644859,0.8922946270794809,0.965655616644859,1734,1563000,2406709
644000,0.0018654824908246649,0.028735632183908046,0.00042002323162977705,0.0010229736956150494,16.979310344827585,10.0,21.152148000655092,signatures/5a944002304468e89a9c51cd7760fe7d.sig.gz,"GCA_001915545.1 Bacteroides sp. 43_108, ASM191554v1",5a944002304468e89a9c51cd7760fe7d,0.12762584225128815,145000,186,197594000,/nfs3_ib/nfs-ip34/home/def-ilafores/analysis/MethodsComparison/Feces_RA/preproc/SRR5091619/SRR5091619_unmatched_2.fastq,SRR5091619,09eab43b8a173c78059f9718fddaf692,345219000,31,DNA,1000,345219,true,0.8165090556302491,0.9357488678949849,0.876128961762617,0.9357488678949849,2462,1565462,2406709
583000,0.001688783062345931,0.07547169811320754,0.0004055396719184054,0.0003107978571568062,5.3428571428571425,4.0,6.680217520593848,signatures/6ce898d3c9fd53a0e4443deb42a39cb8.sig.gz,"GCA_900553415.1 uncultured Collinsella sp., UMGS1608",6ce898d3c9fd53a0e4443deb42a39cb8,0.3142857142857143,140000,187,197454000,/nfs3_ib/nfs-ip34/home/def-ilafores/analysis/MethodsComparison/Feces_RA/preproc/SRR5091619/SRR5091619_unmatched_2.fastq,SRR5091619,09eab43b8a173c78059f9718fddaf692,345219000,31,DNA,1000,345219,true,0.8138922233339977,0.9633512513186688,0.8886217373263332,0.9633512513186688,748,1566210,2406709
157000,0.00045478377493706894,0.06255585344057193,0.0004055396719184054,0.00008143901069884227,1.4,1.0,0.8,signatures/bd572fe08e3233a062af70b98db0e14c.sig.gz,"GCF_001813295.1 Streptococcus sp. HMSC072G04 strain=HMSC072G04, ASM181329v1",bd572fe08e3233a062af70b98db0e14c,0.07015192135835567,140000,188,197314000,/nfs3_ib/nfs-ip34/home/def-ilafores/analysis/MethodsComparison/Feces_RA/preproc/SRR5091619/SRR5091619_unmatched_2.fastq,SRR5091619,09eab43b8a173c78059f9718fddaf692,345219000,31,DNA,1000,345219,true,0.7801664261319872,0.9178579417772648,0.849012183954626,0.9178579417772648,196,1566406,2406709
586000,0.0016974731981727542,0.06347031963470319,0.00040264295997613107,0.00014251826872297397,2.4676258992805757,2.0,1.8863468492268907,signatures/97e55b19b948bc3884bafc758cb1a6a6.sig.gz,"GCA_900544105.1 uncultured Oscillibacter sp., UMGS638",97e55b19b948bc3884bafc758cb1a6a6,0.26757990867579906,139000,189,197175000,/nfs3_ib/nfs-ip34/home/def-ilafores/analysis/MethodsComparison/Feces_RA/preproc/SRR5091619/SRR5091619_unmatched_2.fastq,SRR5091619,09eab43b8a173c78059f9718fddaf692,345219000,31,DNA,1000,345219,true,0.8140269888724171,0.9583645883002938,0.8861957885863554,0.9583645883002938,343,1566749,2406709
143000,0.0004142298077452284,0.06272727272727273,0.0003997462480338568,0.00006523430959039917,1.1376811594202898,1.0,0.3843313219181484,signatures/1710769024370124a31fd7d5794f732b.sig.gz,"GCF_003472385.1 Sutterella sp. AM11-39 strain=AM11-39, ASM347238v1",1710769024370124a31fd7d5794f732b,0.065,138000,190,197037000,/nfs3_ib/nfs-ip34/home/def-ilafores/analysis/MethodsComparison/Feces_RA/preproc/SRR5091619/SRR5091619_unmatched_2.fastq,SRR5091619,09eab43b8a173c78059f9718fddaf692,345219000,31,DNA,1000,345219,true,0.7778193681662339,0.9156023158485862,0.8467108420074101,0.9156023158485862,157,1566906,2406709
579000,0.0016771962145768339,0.03993004954823667,0.00039684953609158243,0.00008684057773498998,1.5255474452554745,1.0,1.0812286331937377,signatures/8d6533932a9329431a562a008a9885c3.sig.gz,"GCF_014297355.1 Blautia sp. 2744 strain=2744, ASM1429735v1",8d6533932a9329431a562a008a9885c3,0.168755464879044,137000,191,196900000,/nfs3_ib/nfs-ip34/home/def-ilafores/analysis/MethodsComparison/Feces_RA/preproc/SRR5091619/SRR5091619_unmatched_2.fastq,SRR5091619,09eab43b8a173c78059f9718fddaf692,345219000,31,DNA,1000,345219,true,0.8137114882128185,0.9442192141075973,0.8789653511602079,0.9442192141075973,209,1567115,2406709
235000,0.0006807273064344662,0.04818840579710145,0.00038526268832248515,0.00014418028934948097,2.6090225563909772,1.0,6.903017305264734,signatures/55cfd0028aefbbb9a59b131fd9de939d.sig.gz,"GCA_022009815.1 Bacteroidales bacterium, ASM2200981v1",55cfd0028aefbbb9a59b131fd9de939d,0.08514492753623189,133000,192,196767000,/nfs3_ib/nfs-ip34/home/def-ilafores/analysis/MethodsComparison/Feces_RA/preproc/SRR5091619/SRR5091619_unmatched_2.fastq,SRR5091619,09eab43b8a173c78059f9718fddaf692,345219000,31,DNA,1000,345219,true,0.7903834615862696,0.9236107794279592,0.8569971205071144,0.9236107794279592,347,1567462,2406709
482000,0.0013962151561762244,0.03486529318541997,0.0003823659763802108,0.00008850259836149696,1.6136363636363635,1.0,0.9015788110958906,signatures/42f7d6085de301c1a2403cf343a75638.sig.gz,"GCA_021636625.1 Prevotella sp., ASM2163662v1",42f7d6085de301c1a2403cf343a75638,0.12731114632857898,132000,193,196635000,/nfs3_ib/nfs-ip34/home/def-ilafores/analysis/MethodsComparison/Feces_RA/preproc/SRR5091619/SRR5091619_unmatched_2.fastq,SRR5091619,09eab43b8a173c78059f9718fddaf692,345219000,31,DNA,1000,345219,true,0.8089127646607298,0.9356743485885591,0.8722935566246445,0.9356743485885591,213,1567675,2406709
1438000,0.0041654717729904785,0.036581960346271994,0.0003794692644379365,0.0001229895263615169,2.2595419847328246,1.0,3.7510055369612063,signatures/300d2de3c2c21f7c37b9a66b2c49f0e7.sig.gz,"GCA_900755095.1 uncultured Bacteroides sp., ERS473029_19",300d2de3c2c21f7c37b9a66b2c49f0e7,0.4015638089919017,131000,194,196504000,/nfs3_ib/nfs-ip34/home/def-ilafores/analysis/MethodsComparison/Feces_RA/preproc/SRR5091619/SRR5091619_unmatched_2.fastq,SRR5091619,09eab43b8a173c78059f9718fddaf692,345219000,31,DNA,1000,345219,true,0.8379439584492305,0.9709970024241915,0.904470480436711,0.9709970024241915,296,1567971,2406709
130000,0.00037657255249566216,0.05917706888580675,0.0003707791286111135,0.00006398779412051893,1.203125,1.0,0.4568809849129203,signatures/60e2f917d286ae51cb5a918eb82ceab9.sig.gz,"GCA_905206455.1 uncultured Clostridiales bacterium, ERR1600730-mag-bin.21",60e2f917d286ae51cb5a918eb82ceab9,0.06010171058714748,128000,195,196376000,/nfs3_ib/nfs-ip34/home/def-ilafores/analysis/MethodsComparison/Feces_RA/preproc/SRR5091619/SRR5091619_unmatched_2.fastq,SRR5091619,09eab43b8a173c78059f9718fddaf692,345219000,31,DNA,1000,345219,true,0.7754316179379787,0.9132911571870873,0.844361387562533,0.9132911571870873,154,1568125,2406709
205000,0.0005938259481662365,0.04018987341772152,0.0003678824166688392,0.00007105138178317362,1.3464566929133859,1.0,1.0376984887896423,signatures/b6d8d2dfdb7d6c7ed581d206bd3f104c.sig.gz,"GCF_003477605.1 Clostridium sp. AF37-5 strain=AF37-5, ASM347760v1",b6d8d2dfdb7d6c7ed581d206bd3f104c,0.06487341772151899,127000,196,196249000,/nfs3_ib/nfs-ip34/home/def-ilafores/analysis/MethodsComparison/Feces_RA/preproc/SRR5091619/SRR5091619_unmatched_2.fastq,SRR5091619,09eab43b8a173c78059f9718fddaf692,345219000,31,DNA,1000,345219,true,0.7869089582369164,0.915544743452229,0.8512268508445727,0.915544743452229,171,1568296,2406709
1597000,0.004626048971812096,0.03881418092909535,0.0003678824166688392,0.0011675694901211572,22.125984251968504,18.0,20.457365739694495,signatures/b0a316f942f0beea5fd102847b2e7868.sig.gz,"GCA_019414725.1 Bacteroides sp., ASM1941472v1",b0a316f942f0beea5fd102847b2e7868,0.488080684596577,127000,197,196122000,/nfs3_ib/nfs-ip34/home/def-ilafores/analysis/MethodsComparison/Feces_RA/preproc/SRR5091619/SRR5091619_unmatched_2.fastq,SRR5091619,09eab43b8a173c78059f9718fddaf692,345219000,31,DNA,1000,345219,true,0.8407835398190693,0.9771277396159568,0.908955639717513,0.9771277396159568,2810,1571106,2406709
335000,0.0009703985006618987,0.03724504877327815,0.0003649857047265649,0.00017243464000009972,3.2936507936507935,2.0,4.184376573233623,signatures/ba9c097781d61e9512f594f3c5dee5f9.sig.gz,"GCA_003573975.1 Clostridiales bacterium CCNA10 strain=CCNA10, ASM357397v1",ba9c097781d61e9512f594f3c5dee5f9,0.09902453443689034,126000,198,195996000,/nfs3_ib/nfs-ip34/home/def-ilafores/analysis/MethodsComparison/Feces_RA/preproc/SRR5091619/SRR5091619_unmatched_2.fastq,SRR5091619,09eab43b8a173c78059f9718fddaf692,345219000,31,DNA,1000,345219,true,0.7994749167913551,0.928121015950182,0.8637979663707686,0.928121015950182,415,1571521,2406709
239000,0.0006923141542035635,0.01944792973651192,0.00035919228084201624,0.00008143901069884227,1.5806451612903225,1.0,2.359253484287296,signatures/93f73424a62c9a7810069426678c2739.sig.gz,"GCF_002234575.2 Enterocloster bolteae strain=ATCC BAA-613, ASM223457v2",93f73424a62c9a7810069426678c2739,0.037484316185696365,124000,199,195872000,/nfs3_ib/nfs-ip34/home/def-ilafores/analysis/MethodsComparison/Feces_RA/preproc/SRR5091619/SRR5091619_unmatched_2.fastq,SRR5091619,09eab43b8a173c78059f9718fddaf692,345219000,31,DNA,1000,345219,true,0.7908139052676854,0.8994875325753424,0.8451507189215139,0.8994875325753424,196,1571717,2406709
133000,0.00038526268832248515,0.06240563663814796,0.00035919228084201624,0.0000727134024096806,1.4112903225806452,1.0,1.1145091265360527,signatures/124f41e56668a576a5f50c2e1eae86f8.sig.gz,"GCA_900754805.1 Clostridia bacterium, ERS396508_5",124f41e56668a576a5f50c2e1eae86f8,0.0669350780070458,124000,200,195748000,/nfs3_ib/nfs-ip34/home/def-ilafores/analysis/MethodsComparison/Feces_RA/preproc/SRR5091619/SRR5091619_unmatched_2.fastq,SRR5091619,09eab43b8a173c78059f9718fddaf692,345219000,31,DNA,1000,345219,true,0.776002512585813,0.9164691779859823,0.8462358452858976,0.9164691779859823,175,1571892,2406709
124000,0.00035919228084201624,0.12023460410557185,0.0003562955688997419,0.0000673118353735329,1.3170731707317074,1.0,0.8295073782559159,signatures/315c99fcd728b94e4fc36c32c610c7e9.sig.gz,"GCF_001199495.1 Mycoplasma sp. HU2014 strain=HU2014, ASM119949v1",315c99fcd728b94e4fc36c32c610c7e9,0.12121212121212122,123000,201,195625000,/nfs3_ib/nfs-ip34/home/def-ilafores/analysis/MethodsComparison/Feces_RA/preproc/SRR5091619/SRR5091619_unmatched_2.fastq,SRR5091619,09eab43b8a173c78059f9718fddaf692,345219000,31,DNA,1000,345219,true,0.7742505382879008,0.9341937757773667,0.8542221570326338,0.9341937757773667,162,1572054,2406709
1313000,0.003803382780206188,0.04131676184077931,0.0003562955688997419,0.0002484720836627943,4.861788617886178,3.0,9.381113359178464,signatures/78f6a266a0fffd08c8145495b700d709.sig.gz,"GCA_900556625.1 uncultured Bacteroides sp., UMGS1954",78f6a266a0fffd08c8145495b700d709,0.4410480349344978,123000,202,195502000,/nfs3_ib/nfs-ip34/home/def-ilafores/analysis/MethodsComparison/Feces_RA/preproc/SRR5091619/SRR5091619_unmatched_2.fastq,SRR5091619,09eab43b8a173c78059f9718fddaf692,345219000,31,DNA,1000,345219,true,0.8354894473355644,0.9739391033020214,0.9047142753187929,0.9739391033020214,598,1572652,2406709
544000,0.0015758112965972325,0.032386514467746215,0.0003533988569574676,0.00012049649542175643,2.377049180327869,1.0,5.038097267773669,signatures/367415b6cb4fef904ddbb21d35a68b02.sig.gz,"GCF_004123145.1 Blautia sp. KGMB01111 strain=KGMB01111, ASM412314v1",367415b6cb4fef904ddbb21d35a68b02,0.14441199893814707,122000,203,195380000,/nfs3_ib/nfs-ip34/home/def-ilafores/analysis/MethodsComparison/Feces_RA/preproc/SRR5091619/SRR5091619_unmatched_2.fastq,SRR5091619,09eab43b8a173c78059f9718fddaf692,345219000,31,DNA,1000,345219,true,0.8120764382853864,0.9394862501590171,0.8757813442222018,0.9394862501590171,290,1572942,2406709
425000,0.0012311025754665878,0.03505747126436782,0.0003533988569574676,0.00014501129966273447,2.860655737704918,1.0,5.076974014487227,signatures/973528e45f46317bdf684a7aee9fd592.sig.gz,"GCF_003122485.1 Eubacterium ramulus strain=21, ASM312248v1",973528e45f46317bdf684a7aee9fd592,0.1221264367816092,122000,204,195258000,/nfs3_ib/nfs-ip34/home/def-ilafores/analysis/MethodsComparison/Feces_RA/preproc/SRR5091619/SRR5091619_unmatched_2.fastq,SRR5091619,09eab43b8a173c78059f9718fddaf692,345219000,31,DNA,1000,345219,true,0.8056353680872986,0.9344202637480112,0.8700278159176549,0.9344202637480112,349,1573291,2406709
835000,0.0024187544717990607,0.018426219604289383,0.0003533988569574676,0.00017368115546997995,3.4262295081967213,1.0,8.830756639867948,signatures/f26979452f4db0c26723e6d30f523075.sig.gz,"GCF_902364365.1 Bacteroides intestinalis, MGYG-HGUT-00211",f26979452f4db0c26723e6d30f523075,0.126113880078538,122000,205,195136000,/nfs3_ib/nfs-ip34/home/def-ilafores/analysis/MethodsComparison/Feces_RA/preproc/SRR5091619/SRR5091619_unmatched_2.fastq,SRR5091619,09eab43b8a173c78059f9718fddaf692,345219000,31,DNA,1000,345219,true,0.823378902814123,0.9353891999438126,0.8793840513789678,0.9353891999438126,418,1573709,2406709
1004000,0.002908298790043422,0.026241596183040554,0.00035050214501519325,0.0009918108088680434,19.727272727272727,2.0,45.53030050925218,signatures/fce21236a84451ec2097370a1feb8cb5.sig.gz,"GCF_001688725.2 Bacteroides caecimuris strain=I48, ASM168872v2",fce21236a84451ec2097370a1feb8cb5,0.21774018651051832,121000,206,195015000,/nfs3_ib/nfs-ip34/home/def-ilafores/analysis/MethodsComparison/Feces_RA/preproc/SRR5091619/SRR5091619_unmatched_2.fastq,SRR5091619,09eab43b8a173c78059f9718fddaf692,345219000,31,DNA,1000,345219,true,0.8282890193727414,0.9520136609282358,0.8901513401504886,0.9520136609282358,2387,1576096,2406709
532000,0.0015410507532899406,0.036440935317339815,0.0003476054330729189,0.0005135643735906584,10.3,8.0,12.111702330115833,signatures/ad88132eb529dcc3d2bfa18338979035.sig.gz,"GCF_018784445.1 Gemmiger formicilis strain=MCC627, ASM1878444v1",ad88132eb529dcc3d2bfa18338979035,0.16155481324020649,120000,207,194895000,/nfs3_ib/nfs-ip34/home/def-ilafores/analysis/MethodsComparison/Feces_RA/preproc/SRR5091619/SRR5091619_unmatched_2.fastq,SRR5091619,09eab43b8a173c78059f9718fddaf692,345219000,31,DNA,1000,345219,true,0.811492326517435,0.9428919594937982,0.8771921430056167,0.9428919594937982,1236,1577332,2406709
272000,0.0007879056482986163,0.04267425320056899,0.0003476054330729189,0.00019487191845794403,3.908333333333333,2.0,5.753253910228157,signatures/3085eeec4919397105926f4ea1ff090f.sig.gz,"GCA_000980705.1 Ruminococcus sp. UNK.MGS-30, ASM98070v1",3085eeec4919397105926f4ea1ff090f,0.09672830725462304,120000,208,194775000,/nfs3_ib/nfs-ip34/home/def-ilafores/analysis/MethodsComparison/Feces_RA/preproc/SRR5091619/SRR5091619_unmatched_2.fastq,SRR5091619,09eab43b8a173c78059f9718fddaf692,345219000,31,DNA,1000,345219,true,0.794120239627388,0.9274188572592375,0.8607695484433127,0.9274188572592375,469,1577801,2406709
204000,0.0005909292362239622,0.03859761981344484,0.0003476054330729189,0.00006315678380726545,1.2666666666666666,1.0,0.7272474743090478,signatures/bafee8fd5a387e3c252fc6d1efff5980.sig.gz,"GCA_018223385.1 Oscillospiraceae bacterium Marseille-Q3528 strain=Marseille-Q3528, ASM1822338v1",bafee8fd5a387e3c252fc6d1efff5980,0.06561595368285622,120000,209,194655000,/nfs3_ib/nfs-ip34/home/def-ilafores/analysis/MethodsComparison/Feces_RA/preproc/SRR5091619/SRR5091619_unmatched_2.fastq,SRR5091619,09eab43b8a173c78059f9718fddaf692,345219000,31,DNA,1000,345219,true,0.7867848398576537,0.915880925592971,0.8513328827253124,0.915880925592971,152,1577953,2406709
516000,0.0014947033622135515,0.0684301322599195,0.0003447087211306446,0.00016038499045792408,3.2436974789915967,2.0,2.5103697091361403,signatures/2bc7ad025d7a7c1e9e8216130886e72e.sig.gz,"GCA_019424245.1 Clostridiales bacterium, ASM1942424v1",2bc7ad025d7a7c1e9e8216130886e72e,0.29672225416906267,119000,210,194536000,/nfs3_ib/nfs-ip34/home/def-ilafores/analysis/MethodsComparison/Feces_RA/preproc/SRR5091619/SRR5091619_unmatched_2.fastq,SRR5091619,09eab43b8a173c78059f9718fddaf692,345219000,31,DNA,1000,345219,true,0.8106933550303117,0.9615658613977969,0.8861296082140543,0.9615658613977969,386,1578339,2406709
305000,0.0008834971423936689,0.03527653213751868,0.00034181200918837027,0.00007936148491570854,1.61864406779661,1.0,3.502830554032184,signatures/2761b9bfb8ee41b7d2e36ef75953884e.sig.gz,"GCF_001406815.1 Roseburia faecis strain=M72, M72",2761b9bfb8ee41b7d2e36ef75953884e,0.09118086696562033,118000,211,194418000,/nfs3_ib/nfs-ip34/home/def-ilafores/analysis/MethodsComparison/Feces_RA/preproc/SRR5091619/SRR5091619_unmatched_2.fastq,SRR5091619,09eab43b8a173c78059f9718fddaf692,345219000,31,DNA,1000,345219,true,0.7970590343134497,0.9256536266441024,0.8613563304787761,0.9256536266441024,191,1578530,2406709
728000,0.0021088062939757083,0.04726976365118175,0.0003360185853038216,0.0011534423147958478,23.93103448275862,24.0,13.726845167050959,signatures/feaa2561aec69ff1ac60f14b1357124a.sig.gz,"GCA_900317585.1 uncultured Lachnospiraceae bacterium, Rumen uncultured genome RUG297",feaa2561aec69ff1ac60f14b1357124a,0.29665851670741644,116000,212,194302000,/nfs3_ib/nfs-ip34/home/def-ilafores/analysis/MethodsComparison/Feces_RA/preproc/SRR5091619/SRR5091619_unmatched_2.fastq,SRR5091619,09eab43b8a173c78059f9718fddaf692,345219000,31,DNA,1000,345219,true,0.8197446724869851,0.9615591978252545,0.8906519351561197,0.9615591978252545,2776,1581306,2406709
118000,0.00034181200918837027,0.07621550591327202,0.0003360185853038216,0.0001184189696386227,2.456896551724138,1.0,10.708836378220807,signatures/050fd39c7d451dba84dafe63230bfe78.sig.gz,"GCA_000435175.1 Clostridium sp. CAG:245, MGS245",050fd39c7d451dba84dafe63230bfe78,0.07752956636005257,116000,213,194186000,/nfs3_ib/nfs-ip34/home/def-ilafores/analysis/MethodsComparison/Feces_RA/preproc/SRR5091619/SRR5091619_unmatched_2.fastq,SRR5091619,09eab43b8a173c78059f9718fddaf692,345219000,31,DNA,1000,345219,true,0.773012804214415,0.9208234407431374,0.8469181224787762,0.9208234407431374,285,1581591,2406709
1050000,0.0030415475393880407,0.048152760481527605,0.0003360185853038216,0.0009610634272776643,19.939655172413794,16.0,17.193768314322817,signatures/60a9e9ca89a21d914fa4e444179f1b5d.sig.gz,"GCA_934503275.1 uncultured Faecalibacterium sp., ERR7745836_bin.91",60a9e9ca89a21d914fa4e444179f1b5d,0.43586550435865506,116000,214,194070000,/nfs3_ib/nfs-ip34/home/def-ilafores/analysis/MethodsComparison/Feces_RA/preproc/SRR5091619/SRR5091619_unmatched_2.fastq,SRR5091619,09eab43b8a173c78059f9718fddaf692,345219000,31,DNA,1000,345219,true,0.829486846263074,0.9735678182501567,0.9015273322566153,0.9735678182501567,2313,1583904,2406709
115000,0.00033312187336154733,0.02341681938505396,0.00033312187336154733,0.00005941723739762472,1.2434782608695651,1.0,0.5531145702187562,signatures/60bfe150353edefcbd7db7314951359d.sig.gz,"GCF_003697165.2 Escherichia coli DSM 30083 = JCM 1649 = ATCC 11775 strain=ATCC 11775, ASM369716v2",60bfe150353edefcbd7db7314951359d,0.02341681938505396,115000,215,193955000,/nfs3_ib/nfs-ip34/home/def-ilafores/analysis/MethodsComparison/Feces_RA/preproc/SRR5091619/SRR5091619_unmatched_2.fastq,SRR5091619,09eab43b8a173c78059f9718fddaf692,345219000,31,DNA,1000,345219,true,0.772370909282643,0.8859396237870368,0.8291552665348398,0.8859396237870368,143,1584047,2406709
379000,0.001097853826121969,0.03508217446270544,0.00032153502559245,0.00009722820665065863,2.108108108108108,1.0,3.6916056502016743,signatures/cf6718f040186c5f6ef437b044fde9d7.sig.gz,"GCF_014290175.1 Anaerosacchariphilus sp. NSJ-68 strain=NSJ-68, ASM1429017v1",cf6718f040186c5f6ef437b044fde9d7,0.11978508217446271,111000,216,193844000,/nfs3_ib/nfs-ip34/home/def-ilafores/analysis/MethodsComparison/Feces_RA/preproc/SRR5091619/SRR5091619_unmatched_2.fastq,SRR5091619,09eab43b8a173c78059f9718fddaf692,345219000,31,DNA,1000,345219,true,0.8026638321117441,0.9338369540889325,0.8682503931003382,0.9338369540889325,234,1584281,2406709
603000,0.0017467173011914176,0.02685700459714493,0.00032153502559245,0.00008060800038558879,1.7477477477477477,1.0,1.2553917479708498,signatures/8b9ee0a99cd55cb9745bc8ab38febfb2.sig.gz,"GCA_000285855.2 Ruminococcus sp. JC304, ASM28585v2",8b9ee0a99cd55cb9745bc8ab38febfb2,0.14589886281151707,111000,217,193733000,/nfs3_ib/nfs-ip34/home/def-ilafores/analysis/MethodsComparison/Feces_RA/preproc/SRR5091619/SRR5091619_unmatched_2.fastq,SRR5091619,09eab43b8a173c78059f9718fddaf692,345219000,31,DNA,1000,345219,true,0.8147782728068254,0.9397967362904042,0.8772875045486148,0.9397967362904042,194,1584475,2406709
113000,0.00032732844947699864,0.054189663823381834,0.000312844889765627,0.00005401567036147702,1.2037037037037037,1.0,0.4860890647558032,signatures/0c7222323490013dadbc2a46e7c7a899.sig.gz,"GCA_900549055.1 uncultured Ruminococcaceae bacterium, UMGS1148",0c7222323490013dadbc2a46e7c7a899,0.05669844455594581,108000,218,193625000,/nfs3_ib/nfs-ip34/home/def-ilafores/analysis/MethodsComparison/Feces_RA/preproc/SRR5091619/SRR5091619_unmatched_2.fastq,SRR5091619,09eab43b8a173c78059f9718fddaf692,345219000,31,DNA,1000,345219,true,0.771933913133019,0.911575443838982,0.8417546784860005,0.911575443838982,130,1584605,2406709
803000,0.0023260596896462825,0.037630662020905925,0.000312844889765627,0.00014833534091574844,3.3055555555555554,3.0,2.029679473570174,signatures/112f1147a84d405033898f45cd1ef747.sig.gz,"GCF_000156375.1 Desulfovibrio piger ATCC 29098 strain=ATCC 29098, ASM15637v1",112f1147a84d405033898f45cd1ef747,0.27979094076655053,108000,219,193517000,/nfs3_ib/nfs-ip34/home/def-ilafores/analysis/MethodsComparison/Feces_RA/preproc/SRR5091619/SRR5091619_unmatched_2.fastq,SRR5091619,09eab43b8a173c78059f9718fddaf692,345219000,31,DNA,1000,345219,true,0.8223416474693985,0.9597451456379908,0.8910433965536947,0.9597451456379908,357,1584962,2406709
706000,0.002045078631245673,0.03737338456164862,0.0003099481778233527,0.00041093459990385213,9.242990654205608,3.0,13.688006293453855,signatures/975ff2182ed7ebf52419fe49c4a7985d.sig.gz,"GCF_002549775.1 Faecalibacterium prausnitzii strain=CNCM I 4541, ASM254977v1",975ff2182ed7ebf52419fe49c4a7985d,0.24659448131330772,107000,220,193410000,/nfs3_ib/nfs-ip34/home/def-ilafores/analysis/MethodsComparison/Feces_RA/preproc/SRR5091619/SRR5091619_unmatched_2.fastq,SRR5091619,09eab43b8a173c78059f9718fddaf692,345219000,31,DNA,1000,345219,true,0.818933637514103,0.9558429907041274,0.8873883141091152,0.9558429907041274,989,1585951,2406709
291000,0.0008429431752018284,0.032345828295042324,0.0003099481778233527,0.00009224214477113768,2.074766355140187,1.0,7.7540474020755354,signatures/734d3c18fdd70831e0f3f353c0419644.sig.gz,"GCA_018228645.1 Clostridiaceae bacterium Marseille-Q4143 strain=Marseille-Q4143, ASM1822864v1",734d3c18fdd70831e0f3f353c0419644,0.08796856106408706,107000,221,193303000,/nfs3_ib/nfs-ip34/home/def-ilafores/analysis/MethodsComparison/Feces_RA/preproc/SRR5091619/SRR5091619_unmatched_2.fastq,SRR5091619,09eab43b8a173c78059f9718fddaf692,345219000,31,DNA,1000,345219,true,0.7958518005801358,0.9245833066854894,0.8602175536328126,0.9245833066854894,222,1586173,2406709
245000,0.0007096944258572095,0.029525386313465785,0.0003099481778233527,0.00011467942322898199,2.5794392523364484,1.0,3.5939653033174794,signatures/4f9f7653a293be189ac633bff28f9766.sig.gz,"GCF_008121495.1 [Ruminococcus] gnavus ATCC 29149 strain=JCM6515, ASM812149v1",4f9f7653a293be189ac633bff28f9766,0.06760485651214128,107000,222,193196000,/nfs3_ib/nfs-ip34/home/def-ilafores/analysis/MethodsComparison/Feces_RA/preproc/SRR5091619/SRR5091619_unmatched_2.fastq,SRR5091619,09eab43b8a173c78059f9718fddaf692,345219000,31,DNA,1000,345219,true,0.7914466731513563,0.9167635791297237,0.85410512614054,0.9167635791297237,276,1586449,2406709
680000,0.0019697641207465405,0.04380475594493116,0.0003041547539388041,0.0001516593821687624,3.4761904761904763,3.0,2.53769763704271,signatures/21ed39101b87251ddc23b3151526622d.sig.gz,"GCA_905214105.1 uncultured bacterium, SRR7721896-mag-bin.33",21ed39101b87251ddc23b3151526622d,0.28368794326241137,105000,223,193091000,/nfs3_ib/nfs-ip34/home/def-ilafores/analysis/MethodsComparison/Feces_RA/preproc/SRR5091619/SRR5091619_unmatched_2.fastq,SRR5091619,09eab43b8a173c78059f9718fddaf692,345219000,31,DNA,1000,345219,true,0.8179429988565396,0.9601734781920754,0.8890582385243075,0.9601734781920754,365,1586814,2406709
396000,0.0011470979291406324,0.05473684210526316,0.00030125804199652973,0.0001882238359519161,4.355769230769231,3.0,3.42479159733948,signatures/409558edfa51ee98e378b8918dc34ef8.sig.gz,"GCA_900552015.1 uncultured Clostridiales bacterium, UMGS1455",409558edfa51ee98e378b8918dc34ef8,0.20842105263157895,104000,224,192987000,/nfs3_ib/nfs-ip34/home/def-ilafores/analysis/MethodsComparison/Feces_RA/preproc/SRR5091619/SRR5091619_unmatched_2.fastq,SRR5091619,09eab43b8a173c78059f9718fddaf692,345219000,31,DNA,1000,345219,true,0.8038007426078184,0.9506712794259238,0.8772360110168711,0.9506712794259238,453,1587267,2406709
212000,0.0006141029317621567,0.01608118657298985,0.00029836133005425544,0.00005318466004822353,1.2427184466019416,1.0,0.5988017066061855,signatures/77a5975adbf3dbbc2be7beba4b4c4989.sig.gz,"GCF_000233455.1 [Clostridium] citroniae WAL-17108 strain=WAL-17108, Clos_citr_WAL_17108_V1",77a5975adbf3dbbc2be7beba4b4c4989,0.03309914129586261,103000,225,192884000,/nfs3_ib/nfs-ip34/home/def-ilafores/analysis/MethodsComparison/Feces_RA/preproc/SRR5091619/SRR5091619_unmatched_2.fastq,SRR5091619,09eab43b8a173c78059f9718fddaf692,345219000,31,DNA,1000,345219,true,0.7877617260287596,0.8958847675486472,0.8418232467887035,0.8958847675486472,128,1587395,2406709
425000,0.0012311025754665878,0.04833411543876114,0.00029836133005425544,0.0005812917141208181,13.58252427184466,13.0,10.662996784402035,signatures/07d58c9b34770a695d3f4202f8c60677.sig.gz,"GCF_002742445.1 Bifidobacterium sp. N4G05 strain=N4G05, ASM274244v1",07d58c9b34770a695d3f4202f8c60677,0.1994368840919756,103000,226,192781000,/nfs3_ib/nfs-ip34/home/def-ilafores/analysis/MethodsComparison/Feces_RA/preproc/SRR5091619/SRR5091619_unmatched_2.fastq,SRR5091619,09eab43b8a173c78059f9718fddaf692,345219000,31,DNA,1000,345219,true,0.8056353680872986,0.9493209824490688,0.8774781752681837,0.9493209824490688,1399,1588794,2406709
397000,0.0011499946410829067,0.03475842891901286,0.00028967119422743245,0.00035110185734960064,8.45,6.0,10.235599640470511,signatures/ea17219c3969bf830078515e407dfc37.sig.gz,"GCF_024462815.1 Gemmiger formicilis strain=DFI.6.10, ASM2446281v1",ea17219c3969bf830078515e407dfc37,0.13799096280848105,100000,227,192681000,/nfs3_ib/nfs-ip34/home/def-ilafores/analysis/MethodsComparison/Feces_RA/preproc/SRR5091619/SRR5091619_unmatched_2.fastq,SRR5091619,09eab43b8a173c78059f9718fddaf692,345219000,31,DNA,1000,345219,true,0.8038661401481529,0.938108879264219,0.870987509706186,0.938108879264219,845,1589639,2406709
334000,0.0009675017887196244,0.05497526113249038,0.00028967119422743245,0.0001022142685301796,2.46,2.0,2.0416659863944444,signatures/522ca7c95e8927c9521681814f8f2bed.sig.gz,"GCA_905214155.1 uncultured bacterium, ERR1430500-mag-bin.65",522ca7c95e8927c9521681814f8f2bed,0.18361737218251786,100000,228,192581000,/nfs3_ib/nfs-ip34/home/def-ilafores/analysis/MethodsComparison/Feces_RA/preproc/SRR5091619/SRR5091619_unmatched_2.fastq,SRR5091619,09eab43b8a173c78059f9718fddaf692,345219000,31,DNA,1000,345219,true,0.7993978217564878,0.9467935329526413,0.8730956773545646,0.9467935329526413,246,1589885,2406709
193000,0.0005590654048589446,0.01574555188159345,0.00028967119422743245,0.00005526218583135726,1.33,1.0,1.1920989891783316,signatures/c61cf47008daac7b3c5b701169a58aac.sig.gz,"GCA_000155435.1 Clostridiales bacterium 1_7_47FAA strain=1_7_47FAA, ASM15543v1",c61cf47008daac7b3c5b701169a58aac,0.030388915131475357,100000,229,192481000,/nfs3_ib/nfs-ip34/home/def-ilafores/analysis/MethodsComparison/Feces_RA/preproc/SRR5091619/SRR5091619_unmatched_2.fastq,SRR5091619,09eab43b8a173c78059f9718fddaf692,345219000,31,DNA,1000,345219,true,0.7853792797404919,0.8934192976798159,0.8393992887101539,0.8934192976798159,133,1590018,2406709
301000,0.0008719102946245716,0.029685157421289354,0.0002867744822851581,0.00005401567036147702,1.3131313131313131,1.0,0.579907074521508,signatures/853f171c0393206ce274892b71b6f556.sig.gz,"GCF_900209925.1 Anaerobutyricum hallii, EH1",853f171c0393206ce274892b71b6f556,0.09025487256371814,99000,230,192382000,/nfs3_ib/nfs-ip34/home/def-ilafores/analysis/MethodsComparison/Feces_RA/preproc/SRR5091619/SRR5091619_unmatched_2.fastq,SRR5091619,09eab43b8a173c78059f9718fddaf692,345219000,31,DNA,1000,345219,true,0.7967196748261818,0.9253488830378205,0.8610342789320011,0.9253488830378205,130,1590148,2406709
557000,0.0016134685518467988,0.01801470588235294,0.0002838777703428838,0.0004288013216388022,10.53061224489796,2.0,30.586179379139704,signatures/5c4ff261a0e70d62e40310cd5591ac00.sig.gz,"GCF_011927845.1 Butyricimonas paravirosa strain=DSM 105722, ASM1192784v1",5c4ff261a0e70d62e40310cd5591ac00,0.10238970588235294,98000,231,192284000,/nfs3_ib/nfs-ip34/home/def-ilafores/analysis/MethodsComparison/Feces_RA/preproc/SRR5091619/SRR5091619_unmatched_2.fastq,SRR5091619,09eab43b8a173c78059f9718fddaf692,345219000,31,DNA,1000,345219,true,0.8126953188773861,0.9291220859722795,0.8709087024248328,0.9291220859722795,1032,1591180,2406709
259000,0.00075024839304905,0.03914447134786118,0.00028098105840060946,0.00006315678380726545,1.5670103092783505,1.0,1.8661787214820222,signatures/0fa52b16ef37ab178f2b54115192a175.sig.gz,"GCF_003865035.1 Anaerotignum faecicola strain=KCTC 15736, ASM386503v1",0fa52b16ef37ab178f2b54115192a175,0.10451977401129943,97000,232,192187000,/nfs3_ib/nfs-ip34/home/def-ilafores/analysis/MethodsComparison/Feces_RA/preproc/SRR5091619/SRR5091619_unmatched_2.fastq,SRR5091619,09eab43b8a173c78059f9718fddaf692,345219000,31,DNA,1000,345219,true,0.7928666736883133,0.9297394108375165,0.8613030422629149,0.9297394108375165,152,1591332,2406709
549000,0.001590294856308604,0.02027027027027027,0.00027808434645833517,0.0004886340641930537,12.25,3.0,23.55092001033788,signatures/02081adae2cbefe2ee8ca3ea6ec78648.sig.gz,"GCA_025151045.1 Parabacteroides johnsonii DSM 18315 strain=DSM 18315, ASM2515104v1",02081adae2cbefe2ee8ca3ea6ec78648,0.11592060810810811,96000,233,192091000,/nfs3_ib/nfs-ip34/home/def-ilafores/analysis/MethodsComparison/Feces_RA/preproc/SRR5091619/SRR5091619_unmatched_2.fastq,SRR5091619,09eab43b8a173c78059f9718fddaf692,345219000,31,DNA,1000,345219,true,0.8123161460892641,0.9328496091249089,0.8725828776070865,0.9328496091249089,1176,1592508,2406709
365000,0.0010572998589301285,0.02450229709035222,0.00027808434645833517,0.0004715983527713571,11.822916666666666,10.0,11.509954741862463,signatures/6501011acd325617cc2e04b178f8f630.sig.gz,"GCA_025145645.1 Alistipes senegalensis JC50 strain=JC50, ASM2514564v1",6501011acd325617cc2e04b178f8f630,0.09315977539561,96000,234,191995000,/nfs3_ib/nfs-ip34/home/def-ilafores/analysis/MethodsComparison/Feces_RA/preproc/SRR5091619/SRR5091619_unmatched_2.fastq,SRR5091619,09eab43b8a173c78059f9718fddaf692,345219000,31,DNA,1000,345219,true,0.8016898639971809,0.9262949669018112,0.863992415449496,0.9262949669018112,1135,1593643,2406709
96000,0.00027808434645833517,0.04462188821042743,0.0002751876345160608,0.00005069162910846305,1.2842105263157895,1.0,0.5363258611729262,signatures/f933131d2119ed65677531a0c48a4c5a.sig.gz,"GCF_014931395.1 Haemophilus parainfluenzae strain=M1C137_2, ASM1493139v1",f933131d2119ed65677531a0c48a4c5a,0.04509159229685298,95000,235,191900000,/nfs3_ib/nfs-ip34/home/def-ilafores/analysis/MethodsComparison/Feces_RA/preproc/SRR5091619/SRR5091619_unmatched_2.fastq,SRR5091619,09eab43b8a173c78059f9718fddaf692,345219000,31,DNA,1000,345219,true,0.7678847054730945,0.9048648708278019,0.8363747881504482,0.9048648708278019,122,1593765,2406709
129000,0.00037367584055338787,0.026111111111111113,0.0002722909225737865,0.00004362804144580836,1.1170212765957446,1.0,0.38194304406417545,signatures/d8f4b1972268c610dcfc696b6c303ef4.sig.gz,"GCF_000327285.1 Holdemania massiliensis AP2 strain=AP2, ASM32728v1",d8f4b1972268c610dcfc696b6c303ef4,0.035833333333333335,94000,236,191806000,/nfs3_ib/nfs-ip34/home/def-ilafores/analysis/MethodsComparison/Feces_RA/preproc/SRR5091619/SRR5091619_unmatched_2.fastq,SRR5091619,09eab43b8a173c78059f9718fddaf692,345219000,31,DNA,1000,345219,true,0.7752384833260998,0.8981814957668767,0.8367099895464882,0.8981814957668767,105,1593870,2406709
965000,0.002795327024294723,0.03363148479427549,0.0002722909225737865,0.00014501129966273447,3.7127659574468086,2.0,3.651354573554837,signatures/5229119e2aa175d63f96a9ce9dfd479c.sig.gz,"GCF_000146185.1 [Eubacterium] eligens ATCC 27750 strain=ATCC 27750, ASM14618v1",5229119e2aa175d63f96a9ce9dfd479c,0.34525939177101966,94000,237,191712000,/nfs3_ib/nfs-ip34/home/def-ilafores/analysis/MethodsComparison/Feces_RA/preproc/SRR5091619/SRR5091619_unmatched_2.fastq,SRR5091619,09eab43b8a173c78059f9718fddaf692,345219000,31,DNA,1000,345219,true,0.8272311101406881,0.9662766117406768,0.8967538609406824,0.9662766117406768,349,1594219,2406709
676000,0.0019581772729774433,0.034647991153704386,0.0002722909225737865,0.0008148056121450495,20.861702127659573,7.5,27.117396890631632,signatures/2bb842479d204b3732ee1965a88397d7.sig.gz,"GCF_003287455.1 Faecalibacterium prausnitzii strain=APC922/41-1, ASM328745v1",2bb842479d204b3732ee1965a88397d7,0.24917065978621453,94000,238,191618000,/nfs3_ib/nfs-ip34/home/def-ilafores/analysis/MethodsComparison/Feces_RA/preproc/SRR5091619/SRR5091619_unmatched_2.fastq,SRR5091619,09eab43b8a173c78059f9718fddaf692,345219000,31,DNA,1000,345219,true,0.8177873479776331,0.9561634932856061,0.8869754206316196,0.9561634932856061,1961,1596180,2406709
97000,0.00028098105840060946,0.03241547577553154,0.0002693942106315122,0.00004736758785544908,1.2258064516129032,1.0,0.4892177705839709,signatures/c2cae97ed5c2f955adaadd6c5da64434.sig.gz,"GCF_000205025.1 Parasutterella excrementihominis YIT 11859 strain=YIT 11859, ASM20502v1",c2cae97ed5c2f955adaadd6c5da64434,0.033809689787382365,93000,239,191525000,/nfs3_ib/nfs-ip34/home/def-ilafores/analysis/MethodsComparison/Feces_RA/preproc/SRR5091619/SRR5091619_unmatched_2.fastq,SRR5091619,09eab43b8a173c78059f9718fddaf692,345219000,31,DNA,1000,345219,true,0.7681414395323445,0.8964988063997533,0.8323201229660488,0.8964988063997533,114,1596294,2406709
436000,0.0012629664068316054,0.032775204845030284,0.00026649749868923783,0.00008891810351812371,2.3260869565217392,1.0,3.3560739732874922,signatures/206d87ad2132d97a779f4544c9be4248.sig.gz,"GCF_014287875.1 Flintibacter sp. BX5 strain=BX5, ASM1428787v1",206d87ad2132d97a779f4544c9be4248,0.1553259707873174,92000,240,191433000,/nfs3_ib/nfs-ip34/home/def-ilafores/analysis/MethodsComparison/Feces_RA/preproc/SRR5091619/SRR5091619_unmatched_2.fastq,SRR5091619,09eab43b8a173c78059f9718fddaf692,345219000,31,DNA,1000,345219,true,0.8062997212320211,0.9416968099947349,0.873998265613378,0.9416968099947349,214,1596508,2406709
445000,0.0012890368143120743,0.02524271844660194,0.00026360078674696354,0.0002073370731567464,5.483516483516484,3.0,8.527090169291212,signatures/8e36fa6376c89f326361da49b008d0df.sig.gz,"GCA_022728415.1 Collinsella sp., ASM2272841v1",8e36fa6376c89f326361da49b008d0df,0.12343966712898752,91000,241,191342000,/nfs3_ib/nfs-ip34/home/def-ilafores/analysis/MethodsComparison/Feces_RA/preproc/SRR5091619/SRR5091619_unmatched_2.fastq,SRR5091619,09eab43b8a173c78059f9718fddaf692,345219000,31,DNA,1000,345219,true,0.8068313269578388,0.9347427135411712,0.8707870202495049,0.9347427135411712,499,1597007,2406709
625000,0.0018104449639214527,0.04149566803465572,0.00026360078674696354,0.00041675167209662654,11.021978021978022,5.0,18.26422553926028,signatures/3765028b477e05aab7ca46cf4971501b.sig.gz,"GCA_934511465.1 uncultured Faecalibacterium sp., ERR7745828_bin.158",3765028b477e05aab7ca46cf4971501b,0.28499772001823986,91000,242,191251000,/nfs3_ib/nfs-ip34/home/def-ilafores/analysis/MethodsComparison/Feces_RA/preproc/SRR5091619/SRR5091619_unmatched_2.fastq,SRR5091619,09eab43b8a173c78059f9718fddaf692,345219000,31,DNA,1000,345219,true,0.8157206604019477,0.9603161624435699,0.8880184114227587,0.9603161624435699,1003,1598010,2406709
166000,0.00048085418241753785,0.02758411639890876,0.00026360078674696354,0.000055677690987984003,1.4725274725274726,1.0,1.2344920149436147,signatures/3e682b689eef8f4d4ab760d3a9715911.sig.gz,"GCA_900543885.1 uncultured Clostridium sp., UMGS615",3e682b689eef8f4d4ab760d3a9715911,0.050318278266141256,91000,243,191160000,/nfs3_ib/nfs-ip34/home/def-ilafores/analysis/MethodsComparison/Feces_RA/preproc/SRR5091619/SRR5091619_unmatched_2.fastq,SRR5091619,09eab43b8a173c78059f9718fddaf692,345219000,31,DNA,1000,345219,true,0.7815705276042887,0.9080717942663203,0.8448211609353045,0.9080717942663203,134,1598144,2406709
632000,0.001830721947517373,0.026881720430107527,0.0002607040748046892,0.00012257402120489016,3.2777777777777777,1.0,5.713585715502575,signatures/5690dda55028fe4b6db542ea10f1886c.sig.gz,"GCF_013300725.1 Coprococcus comes strain=MSK.16.63, ASM1330072v1",5690dda55028fe4b6db542ea10f1886c,0.18876941457586618,90000,244,191070000,/nfs3_ib/nfs-ip34/home/def-ilafores/analysis/MethodsComparison/Feces_RA/preproc/SRR5091619/SRR5091619_unmatched_2.fastq,SRR5091619,09eab43b8a173c78059f9718fddaf692,345219000,31,DNA,1000,345219,true,0.816013786870076,0.9476390654672865,0.8818264261686812,0.9476390654672865,295,1598439,2406709
336000,0.000973295212604173,0.02569960022844089,0.0002607040748046892,0.00005401567036147702,1.4444444444444444,1.0,1.375266528601405,signatures/2c4be6d3f461c9f71df87a5d7ae22e2f.sig.gz,"GCF_000225345.1 Roseburia hominis A2-183 strain=A2-183, ASM22534v1",2c4be6d3f461c9f71df87a5d7ae22e2f,0.09594517418617933,90000,245,190980000,/nfs3_ib/nfs-ip34/home/def-ilafores/analysis/MethodsComparison/Feces_RA/preproc/SRR5091619/SRR5091619_unmatched_2.fastq,SRR5091619,09eab43b8a173c78059f9718fddaf692,345219000,31,DNA,1000,345219,true,0.7995517894363638,0.9271756910121536,0.8633637402242587,0.9271756910121536,130,1598569,2406709
282000,0.0008168727677213595,0.04494949494949495,0.0002578073628624149,0.00011924997995187619,3.2247191011235956,3.0,2.5605161391063156,signatures/04174c5d7cb0ffc14ef9022b89d55cb5.sig.gz,"GCA_003522105.1 Oscillibacter sp., ASM352210v1",04174c5d7cb0ffc14ef9022b89d55cb5,0.14242424242424243,89000,246,190891000,/nfs3_ib/nfs-ip34/home/def-ilafores/analysis/MethodsComparison/Feces_RA/preproc/SRR5091619/SRR5091619_unmatched_2.fastq,SRR5091619,09eab43b8a173c78059f9718fddaf692,345219000,31,DNA,1000,345219,true,0.7950456724684761,0.9390662999884157,0.8670559862284459,0.9390662999884157,287,1598856,2406709
91000,0.00026360078674696354,0.022132796780684104,0.00025491065092014055,0.000040304000192794395,1.1022727272727273,1.0,0.37049637242957056,signatures/92fb332d25655e6dffc9e70f527cbb7e.sig.gz,"GCA_019421015.1 Coriobacteriaceae bacterium, ASM1942101v1",92fb332d25655e6dffc9e70f527cbb7e,0.022887323943661973,88000,247,190803000,/nfs3_ib/nfs-ip34/home/def-ilafores/analysis/MethodsComparison/Feces_RA/preproc/SRR5091619/SRR5091619_unmatched_2.fastq,SRR5091619,09eab43b8a173c78059f9718fddaf692,345219000,31,DNA,1000,345219,true,0.7665609077695688,0.885286232208737,0.825923569989153,0.885286232208737,97,1598953,2406709
580000,0.0016800929265191082,0.02269762588051135,0.0002520139389778662,0.00006315678380726545,1.7471264367816093,1.0,1.1667657508459328,signatures/25193ca20fa965045f4893947deacea0.sig.gz,"GCF_019127135.1 Prevotella copri strain=MSK.21.95, ASM1912713v1",25193ca20fa965045f4893947deacea0,0.15131750587007567,87000,248,190716000,/nfs3_ib/nfs-ip34/home/def-ilafores/analysis/MethodsComparison/Feces_RA/preproc/SRR5091619/SRR5091619_unmatched_2.fastq,SRR5091619,09eab43b8a173c78059f9718fddaf692,345219000,31,DNA,1000,345219,true,0.8137567850114117,0.9409029107913127,0.8773298479013623,0.9409029107913127,152,1599105,2406709
129000,0.00037367584055338787,0.03976234003656307,0.0002520139389778662,0.000040304000192794395,1.1149425287356323,1.0,0.3531561263387865,signatures/2d7b5f58e160044cb35a958558c852de.sig.gz,"GCA_900538905.1 uncultured Sutterella sp., UMGS71",2d7b5f58e160044cb35a958558c852de,0.058957952468007314,87000,249,190629000,/nfs3_ib/nfs-ip34/home/def-ilafores/analysis/MethodsComparison/Feces_RA/preproc/SRR5091619/SRR5091619_unmatched_2.fastq,SRR5091619,09eab43b8a173c78059f9718fddaf692,345219000,31,DNA,1000,345219,true,0.7752384833260998,0.9127252751933824,0.8439818792597411,0.9127252751933824,97,1599202,2406709
449000,0.0013006236620811717,0.034524287434765155,0.0002491172270355919,0.00009431967055427141,2.63953488372093,2.0,1.7247365198013913,signatures/b3810b56786cbf0bba3daaee17ef7b9a.sig.gz,"GCA_900539195.1 uncultured Ruminococcaceae bacterium, UMGS108",b3810b56786cbf0bba3daaee17ef7b9a,0.1802488960256925,86000,250,190543000,/nfs3_ib/nfs-ip34/home/def-ilafores/analysis/MethodsComparison/Feces_RA/preproc/SRR5091619/SRR5091619_unmatched_2.fastq,SRR5091619,09eab43b8a173c78059f9718fddaf692,345219000,31,DNA,1000,345219,true,0.8070642642963342,0.9462282082240794,0.8766462362602068,0.9462282082240794,227,1599429,2406709
179000,0.0005185114376671041,0.016922471467926012,0.0002491172270355919,0.0001749276709398602,4.895348837209302,1.0,10.335116328782922,signatures/dec6823a28f0aea55b13c3be158528c4.sig.gz,"GCF_000025985.1 Bacteroides fragilis NCTC 9343, ASM2598v1",dec6823a28f0aea55b13c3be158528c4,0.03522235340417158,86000,251,190457000,/nfs3_ib/nfs-ip34/home/def-ilafores/analysis/MethodsComparison/Feces_RA/preproc/SRR5091619/SRR5091619_unmatched_2.fastq,SRR5091619,09eab43b8a173c78059f9718fddaf692,345219000,31,DNA,1000,345219,true,0.7834737724321497,0.8976833565288593,0.8405785644805045,0.8976833565288593,421,1599850,2406709
119000,0.0003447087211306446,0.02190721649484536,0.00024622051509331757,0.000052769154891596784,1.4941176470588236,1.0,2.6059819394063566,signatures/d5aef74860ab7c1cca263aa607c62d70.sig.gz,"GCF_014337215.1 Wansuia hejianensis strain=NSJ-29, ASM1433721v1",d5aef74860ab7c1cca263aa607c62d70,0.030670103092783504,85000,252,190372000,/nfs3_ib/nfs-ip34/home/def-ilafores/analysis/MethodsComparison/Feces_RA/preproc/SRR5091619/SRR5091619_unmatched_2.fastq,SRR5091619,09eab43b8a173c78059f9718fddaf692,345219000,31,DNA,1000,345219,true,0.7732232636175014,0.8936847815409688,0.8334540225792351,0.8936847815409688,127,1599977,2406709
88000,0.00025491065092014055,0.02024584237165582,0.00024332380315104324,0.00004155051566267463,1.1904761904761905,1.0,0.4749985081728573,signatures/7f8c8283af7c10df687f66555fb85e55.sig.gz,"GCF_000227465.1 Bacillus subtilis subsp. spizizenii TU-B-10 strain=TU-B-10, ASM22746v1",7f8c8283af7c10df687f66555fb85e55,0.021209930103639432,84000,253,190288000,/nfs3_ib/nfs-ip34/home/def-ilafores/analysis/MethodsComparison/Feces_RA/preproc/SRR5091619/SRR5091619_unmatched_2.fastq,SRR5091619,09eab43b8a173c78059f9718fddaf692,345219000,31,DNA,1000,345219,true,0.7657324143478811,0.8831152710354956,0.8244238426916883,0.8831152710354956,100,1600077,2406709
460000,0.0013324874934461893,0.04135148764498235,0.0002375303792664946,0.0007558038799040515,22.182926829268293,22.0,8.987970346294292,signatures/9aee49284867dbc6e5852ed10c91fc2e.sig.gz,"GCA_900317855.1 uncultured Clostridiales bacterium, Rumen uncultured genome RUG332",9aee49284867dbc6e5852ed10c91fc2e,0.23197175995965708,82000,254,190206000,/nfs3_ib/nfs-ip34/home/def-ilafores/analysis/MethodsComparison/Feces_RA/preproc/SRR5091619/SRR5091619_unmatched_2.fastq,SRR5091619,09eab43b8a173c78059f9718fddaf692,345219000,31,DNA,1000,345219,true,0.8076946349305126,0.9539600003729412,0.880827317651727,0.9539600003729412,1819,1601896,2406709
92000,0.00026649749868923783,0.029706646862235425,0.00023173695538194596,0.00004155051566267463,1.25,1.0,0.6224949798994367,signatures/da00d8572c904dcf82b03b88ccd3dcbd.sig.gz,"GCA_900753285.1 Clostridia bacterium, ERS396348_42",da00d8572c904dcf82b03b88ccd3dcbd,0.03416264389157074,80000,255,190126000,/nfs3_ib/nfs-ip34/home/def-ilafores/analysis/MethodsComparison/Feces_RA/preproc/SRR5091619/SRR5091619_unmatched_2.fastq,SRR5091619,09eab43b8a173c78059f9718fddaf692,345219000,31,DNA,1000,345219,true,0.7668312069695996,0.8967991931172118,0.8318152000434057,0.8967991931172118,100,1601996,2406709
175000,0.0005069245898980068,0.026626221772834514,0.00022884024343967162,0.000048614103325329316,1.481012658227848,1.0,2.0491477666239737,signatures/a6be66ce83fd1772452d8972fe7fcb22.sig.gz,"GCF_009695995.1 Lachnospiraceae bacterium WCA3-601-WT-6H strain=WCA3-601-WT-6H, ASM969599v1",a6be66ce83fd1772452d8972fe7fcb22,0.058982136838557464,79000,256,190047000,/nfs3_ib/nfs-ip34/home/def-ilafores/analysis/MethodsComparison/Feces_RA/preproc/SRR5091619/SRR5091619_unmatched_2.fastq,SRR5091619,09eab43b8a173c78059f9718fddaf692,345219000,31,DNA,1000,345219,true,0.7829028071764981,0.9127373501226096,0.8478200786495538,0.9127373501226096,117,1602113,2406709
240000,0.0006952108661458378,0.02722260509993108,0.00022884024343967162,0.00005027612395183631,1.5316455696202531,1.0,1.3201020581755636,signatures/9103dfd87f884165a7d7518c6e293493.sig.gz,"GCF_003479405.1 Eubacterium sp. AF16-48 strain=AF16-48, ASM347940v1",9103dfd87f884165a7d7518c6e293493,0.08270158511371468,79000,257,189968000,/nfs3_ib/nfs-ip34/home/def-ilafores/analysis/MethodsComparison/Feces_RA/preproc/SRR5091619/SRR5091619_unmatched_2.fastq,SRR5091619,09eab43b8a173c78059f9718fddaf692,345219000,31,DNA,1000,345219,true,0.7909204266918572,0.9227437056499489,0.856832066170903,0.9227437056499489,121,1602234,2406709
212000,0.0006141029317621567,0.01881848499285374,0.00022884024343967162,0.00006440329927714568,1.9620253164556962,1.0,1.649265567078717,signatures/cd255e017b4d3015ea771faa413a355b.sig.gz,"GCF_000233955.1 Paraprevotella clara YIT 11840 strain=YIT 11840, ASM23395v1",cd255e017b4d3015ea771faa413a355b,0.0505002382086708,79000,258,189889000,/nfs3_ib/nfs-ip34/home/def-ilafores/analysis/MethodsComparison/Feces_RA/preproc/SRR5091619/SRR5091619_unmatched_2.fastq,SRR5091619,09eab43b8a173c78059f9718fddaf692,345219000,31,DNA,1000,345219,true,0.7877617260287596,0.9081775368050485,0.8479696314169041,0.9081775368050485,155,1602389,2406709
743000,0.002152256973109823,0.032418952618453865,0.0002259435314973973,0.00015415241310852288,4.756410256410256,4.0,3.1426997108720576,signatures/66e539e34311ca3e47333102ed9c0f8d.sig.gz,"GCA_905208635.1 uncultured Collinsella sp., ERR1430467-mag-bin.5",66e539e34311ca3e47333102ed9c0f8d,0.3088113050706567,78000,259,189811000,/nfs3_ib/nfs-ip34/home/def-ilafores/analysis/MethodsComparison/Feces_RA/preproc/SRR5091619/SRR5091619_unmatched_2.fastq,SRR5091619,09eab43b8a173c78059f9718fddaf692,345219000,31,DNA,1000,345219,true,0.8202841625059798,0.9628053393139181,0.891544750909949,0.9628053393139181,371,1602760,2406709
1011000,0.002928575773639342,0.030046224961479198,0.0002259435314973973,0.0005646715078557482,17.423076923076923,11.5,15.828827345951087,signatures/274d2a35497ba915784abbf912039a75.sig.gz,"GCA_934561555.1 uncultured Faecalibacterium sp., ERR7738160_bin.144",274d2a35497ba915784abbf912039a75,0.3894453004622496,78000,260,189733000,/nfs3_ib/nfs-ip34/home/def-ilafores/analysis/MethodsComparison/Feces_RA/preproc/SRR5091619/SRR5091619_unmatched_2.fastq,SRR5091619,09eab43b8a173c78059f9718fddaf692,345219000,31,DNA,1000,345219,true,0.8284746816237967,0.970037660925467,0.8992561712746319,0.970037660925467,1359,1604119,2406709
462000,0.001338280917330738,0.02104400109319486,0.00022304681955512298,0.00005900173224099798,1.844155844155844,1.0,4.026099704783209,signatures/cc3f4e6331ad6004e2e014363ff7b343.sig.gz,"GCA_902362725.1 Clostridiaceae bacterium, MGYG-HGUT-00051",cc3f4e6331ad6004e2e014363ff7b343,0.12626400655916917,77000,261,189656000,/nfs3_ib/nfs-ip34/home/def-ilafores/analysis/MethodsComparison/Feces_RA/preproc/SRR5091619/SRR5091619_unmatched_2.fastq,SRR5091619,09eab43b8a173c78059f9718fddaf692,345219000,31,DNA,1000,345219,true,0.8078076784435358,0.9354250983396601,0.8716163883915979,0.9354250983396601,142,1604261,2406709
459000,0.0013295907815039148,0.026836158192090395,0.00022015010761284866,0.0010021984377837122,31.736842105263158,29.0,19.11761960865905,signatures/750782e7ba508a7bc87995ff151515ee.sig.gz,"GCF_018918185.1 Eubacterium sp. MSJ-21 strain=MSJ-21, ASM1891818v1",750782e7ba508a7bc87995ff151515ee,0.1620762711864407,76000,262,189580000,/nfs3_ib/nfs-ip34/home/def-ilafores/analysis/MethodsComparison/Feces_RA/preproc/SRR5091619/SRR5091619_unmatched_2.fastq,SRR5091619,09eab43b8a173c78059f9718fddaf692,345219000,31,DNA,1000,345219,true,0.8076379346880858,0.9429899811970548,0.8753139579425703,0.9429899811970548,2412,1606673,2406709
227000,0.0006575536108962717,0.01881188118811881,0.00022015010761284866,0.00003822647440966066,1.2105263157894737,1.0,0.5210260492953508,signatures/d2fdeea244c02410e7546507ce922541.sig.gz,"GCF_004535825.1 Prevotella sp. BCRC 81118 strain=BCRC 81118, ASM453582v1",d2fdeea244c02410e7546507ce922541,0.05618811881188119,76000,263,189504000,/nfs3_ib/nfs-ip34/home/def-ilafores/analysis/MethodsComparison/Feces_RA/preproc/SRR5091619/SRR5091619_unmatched_2.fastq,SRR5091619,09eab43b8a173c78059f9718fddaf692,345219000,31,DNA,1000,345219,true,0.7895008797614305,0.9113096127490591,0.8504052462552447,0.9113096127490591,92,1606765,2406709
616000,0.0017843745564409838,0.027622247107129527,0.00021435668372830002,0.00009265764992776443,3.0135135135135136,2.0,3.2735353367832674,signatures/97e110f2226d14311d1b11f1aa1b33ac.sig.gz,"GCF_000269965.1 Bifidobacterium longum subsp. infantis ATCC 15697 = JCM 1222 = DSM 20088 strain=JCM 1222, ASM26996v1",97e110f2226d14311d1b11f1aa1b33ac,0.22993654348637552,74000,264,189430000,/nfs3_ib/nfs-ip34/home/def-ilafores/analysis/MethodsComparison/Feces_RA/preproc/SRR5091619/SRR5091619_unmatched_2.fastq,SRR5091619,09eab43b8a173c78059f9718fddaf692,345219000,31,DNA,1000,345219,true,0.8153390796071835,0.953688859873961,0.8845139697405723,0.953688859873961,223,1606988,2406709
299000,0.000866116870740023,0.015298738887740335,0.00021435668372830002,0.0008389049112294008,27.283783783783782,4.0,42.030400924797235,signatures/d77e3accd06539c1b1a49a23659dae8d.sig.gz,"GCF_900108345.1 Bacteroides ndongoniae strain=Marseille-P3108, PRJEB16738",d77e3accd06539c1b1a49a23659dae8d,0.06181517469505892,74000,265,189356000,/nfs3_ib/nfs-ip34/home/def-ilafores/analysis/MethodsComparison/Feces_RA/preproc/SRR5091619/SRR5091619_unmatched_2.fastq,SRR5091619,09eab43b8a173c78059f9718fddaf692,345219000,31,DNA,1000,345219,true,0.7965483550493251,0.9141196986119953,0.8553340268306602,0.9141196986119953,2019,1609007,2406709
76000,0.00022015010761284866,0.03661553686293914,0.00021435668372830002,0.00003864197956628741,1.2567567567567568,1.0,0.6790456500757358,signatures/391af38f88c8d495d6bdee38a0420a9d.sig.gz,"GCA_000435475.1 Cryptobacterium sp. CAG:338, MGS338",391af38f88c8d495d6bdee38a0420a9d,0.0376051459673429,74000,266,189282000,/nfs3_ib/nfs-ip34/home/def-ilafores/analysis/MethodsComparison/Feces_RA/preproc/SRR5091619/SRR5091619_unmatched_2.fastq,SRR5091619,09eab43b8a173c78059f9718fddaf692,345219000,31,DNA,1000,345219,true,0.7621197044895085,0.8995809184875537,0.8308503114885311,0.8995809184875537,93,1609100,2406709
277000,0.0008023892080099878,0.02168102168102168,0.00021145997178602567,0.00007603744366269457,2.506849315068493,1.0,3.188692726817869,signatures/dea6fe09ca92c5a7a1695ec59bbac1fe.sig.gz,"GCA_003490145.1 Lachnospiraceae bacterium OM04-12BH strain=OM04-12BH, ASM349014v1",dea6fe09ca92c5a7a1695ec59bbac1fe,0.08226908226908226,73000,267,189209000,/nfs3_ib/nfs-ip34/home/def-ilafores/analysis/MethodsComparison/Feces_RA/preproc/SRR5091619/SRR5091619_unmatched_2.fastq,SRR5091619,09eab43b8a173c78059f9718fddaf692,345219000,31,DNA,1000,345219,true,0.7945869976976103,0.922587644106799,0.8585873209022047,0.922587644106799,183,1609283,2406709
83000,0.00024042709120876892,0.03920515574650913,0.00021145997178602567,0.00004113501050604789,1.356164383561644,1.0,0.9561604584446654,signatures/fed98fe06f36d89d113198957fefae2c.sig.gz,"GCA_900542375.1 uncultured Ruminococcaceae bacterium, UMGS454",fed98fe06f36d89d113198957fefae2c,0.04457572502685284,73000,268,189136000,/nfs3_ib/nfs-ip34/home/def-ilafores/analysis/MethodsComparison/Feces_RA/preproc/SRR5091619/SRR5091619_unmatched_2.fastq,SRR5091619,09eab43b8a173c78059f9718fddaf692,345219000,31,DNA,1000,345219,true,0.7642888592818697,0.9045290713454776,0.8344089653136737,0.9045290713454776,99,1609382,2406709
670000,0.0019407970013237974,0.013554791905307369,0.00020566654790147703,0.0005310155901689817,18.0,10.0,20.81372786421581,signatures/353190f92d01efc1dc08673995d84562.sig.gz,"GCF_000614185.1 Bacteroides sartorii JCM 17136 = DSM 21941 strain=JCM 17136, ASM61418v1",353190f92d01efc1dc08673995d84562,0.12791141657121038,71000,269,189065000,/nfs3_ib/nfs-ip34/home/def-ilafores/analysis/MethodsComparison/Feces_RA/preproc/SRR5091619/SRR5091619_unmatched_2.fastq,SRR5091619,09eab43b8a173c78059f9718fddaf692,345219000,31,DNA,1000,345219,true,0.8175521923872122,0.9358163375312433,0.8766842649592277,0.9358163375312433,1278,1610660,2406709
364000,0.0010544031469878542,0.03713389121338912,0.00020566654790147703,0.00005152263942171654,1.7464788732394365,1.0,1.2969988093770521,signatures/92b19d619bec44211e0cd1149887d856.sig.gz,"GCA_905215045.1 uncultured bacterium, ERR1600571-mag-bin.33",92b19d619bec44211e0cd1149887d856,0.1903765690376569,71000,270,188994000,/nfs3_ib/nfs-ip34/home/def-ilafores/analysis/MethodsComparison/Feces_RA/preproc/SRR5091619/SRR5091619_unmatched_2.fastq,SRR5091619,09eab43b8a173c78059f9718fddaf692,345219000,31,DNA,1000,345219,true,0.8016189179470665,0.9478982591448057,0.8747585885459361,0.9478982591448057,124,1610784,2406709
104000,0.00030125804199652973,0.02893235533822331,0.00020566654790147703,0.0002617682486748502,8.873239436619718,9.0,4.0417872823328835,signatures/df564f05a0ac833533bff4e4a38bc24b.sig.gz,"GCA_000434635.1 Firmicutes bacterium CAG:110, MGS110",df564f05a0ac833533bff4e4a38bc24b,0.042379788101059496,71000,271,188923000,/nfs3_ib/nfs-ip34/home/def-ilafores/analysis/MethodsComparison/Feces_RA/preproc/SRR5091619/SRR5091619_unmatched_2.fastq,SRR5091619,09eab43b8a173c78059f9718fddaf692,345219000,31,DNA,1000,345219,true,0.7698699631994701,0.903056243107934,0.836463103153702,0.903056243107934,630,1611414,2406709
360000,0.0010428162992187568,0.0198047419804742,0.00020566654790147703,0.00006648082506027942,2.2535211267605635,1.0,2.66282868689498,signatures/b2cb449359263424b624c31f539ed929.sig.gz,"GCF_003478035.1 Clostridium sp. OF03-18AA strain=OF03-18AA, ASM347803v1",b2cb449359263424b624c31f539ed929,0.100418410041841,71000,272,188852000,/nfs3_ib/nfs-ip34/home/def-ilafores/analysis/MethodsComparison/Feces_RA/preproc/SRR5091619/SRR5091619_unmatched_2.fastq,SRR5091619,09eab43b8a173c78059f9718fddaf692,345219000,31,DNA,1000,345219,true,0.8013332347452173,0.928539600539412,0.8649364176423147,0.928539600539412,160,1611574,2406709
485000,0.0014049052920030473,0.015815634884771803,0.0002027698359592027,0.00006232577349401195,2.142857142857143,1.0,2.7427083292963976,signatures/ae30325ad1f80739f2df51f6086d0d7b.sig.gz,"GCA_900754605.1 uncultured Oscillospiraceae bacterium, ERS396504_64",ae30325ad1f80739f2df51f6086d0d7b,0.1095797559873475,70000,273,188782000,/nfs3_ib/nfs-ip34/home/def-ilafores/analysis/MethodsComparison/Feces_RA/preproc/SRR5091619/SRR5091619_unmatched_2.fastq,SRR5091619,09eab43b8a173c78059f9718fddaf692,345219000,31,DNA,1000,345219,true,0.8090746880658335,0.9311583862771315,0.8701165371714825,0.9311583862771315,150,1611724,2406709
147000,0.0004258166555143257,0.02119700748129676,0.00019697641207465407,0.00011509492838560873,4.073529411764706,2.0,11.585127606586804,signatures/fdb59cb053e18da7578953e6ab7cf057.sig.gz,"GCA_900545925.1 uncultured Clostridiales bacterium, UMGS830",fdb59cb053e18da7578953e6ab7cf057,0.04582294264339152,68000,274,188714000,/nfs3_ib/nfs-ip34/home/def-ilafores/analysis/MethodsComparison/Feces_RA/preproc/SRR5091619/SRR5091619_unmatched_2.fastq,SRR5091619,09eab43b8a173c78059f9718fddaf692,345219000,31,DNA,1000,345219,true,0.7785118842321428,0.9053346202484616,0.8419232522403022,0.9053346202484616,277,1612001,2406709
362000,0.0010486097231033054,0.00980674935102394,0.00019697641207465407,0.00011924997995187619,4.220588235294118,1.0,11.231318591378221,signatures/7bec1ae993b5f6e62a33605521b56d90.sig.gz,"GCF_000315485.1 Bacteroides oleiciplenus YIT 12058 strain=YIT 12058, Bact_olei_YIT_12058_V1",7bec1ae993b5f6e62a33605521b56d90,0.05220651860398039,68000,275,188646000,/nfs3_ib/nfs-ip34/home/def-ilafores/analysis/MethodsComparison/Feces_RA/preproc/SRR5091619/SRR5091619_unmatched_2.fastq,SRR5091619,09eab43b8a173c78059f9718fddaf692,345219000,31,DNA,1000,345219,true,0.8014764582094612,0.9091515462894868,0.8553140022494741,0.9091515462894868,287,1612288,2406709
329000,0.0009530182290082527,0.023016145654414292,0.00019407970013237975,0.000044874556915688605,1.6119402985074627,1.0,0.8277865447081818,signatures/dbd3858aa79f473992a9425a3b3a410e.sig.gz,"GCA_934435205.1 uncultured Ruminococcus sp., ERR7738659_bin.122",dbd3858aa79f473992a9425a3b3a410e,0.11301958090003435,67000,276,188579000,/nfs3_ib/nfs-ip34/home/def-ilafores/analysis/MethodsComparison/Feces_RA/preproc/SRR5091619/SRR5091619_unmatched_2.fastq,SRR5091619,09eab43b8a173c78059f9718fddaf692,345219000,31,DNA,1000,345219,true,0.7990089643979044,0.9320872573295276,0.865548110863716,0.9320872573295276,108,1612396,2406709
253000,0.0007328681213954041,0.02725793327908869,0.00019407970013237975,0.00007936148491570854,2.8507462686567164,2.0,3.1492890993274636,signatures/5128153ef7f1c80fc4c112268b755214.sig.gz,"GCF_018326305.1 Oscillibacter sp. MM35 strain=MM35, ASM1832630v1",5128153ef7f1c80fc4c112268b755214,0.10292921074043938,67000,277,188512000,/nfs3_ib/nfs-ip34/home/def-ilafores/analysis/MethodsComparison/Feces_RA/preproc/SRR5091619/SRR5091619_unmatched_2.fastq,SRR5091619,09eab43b8a173c78059f9718fddaf692,345219000,31,DNA,1000,345219,true,0.7922674272443582,0.9292796094507314,0.8607735183475448,0.9292796094507314,191,1612587,2406709
453000,0.001312210509850269,0.018440905280804692,0.0001911829881901054,0.000060248247710878214,2.196969696969697,2.0,1.43779815848271,signatures/e10a6daf2b20df057b3f9f1ce4135078.sig.gz,"GCF_018919065.1 Blautia sp. MSJ-9 strain=MSJ-9, ASM1891906v1",e10a6daf2b20df057b3f9f1ce4135078,0.12657166806370496,66000,278,188446000,/nfs3_ib/nfs-ip34/home/def-ilafores/analysis/MethodsComparison/Feces_RA/preproc/SRR5091619/SRR5091619_unmatched_2.fastq,SRR5091619,09eab43b8a173c78059f9718fddaf692,345219000,31,DNA,1000,345219,true,0.807295202002915,0.9354985377852132,0.8713968698940642,0.9354985377852132,145,1612732,2406709
576000,0.0016685060787500108,0.03435710567412806,0.0001911829881901054,0.00017160362968684622,6.257575757575758,3.0,8.863118347981219,signatures/6cab23ae821ffbe9391ded389a174b4a.sig.gz,"GCA_934525735.1 uncultured Faecalibacterium sp., ERR7738265_bin.113",6cab23ae821ffbe9391ded389a174b4a,0.29984383133784487,66000,279,188380000,/nfs3_ib/nfs-ip34/home/def-ilafores/analysis/MethodsComparison/Feces_RA/preproc/SRR5091619/SRR5091619_unmatched_2.fastq,SRR5091619,09eab43b8a173c78059f9718fddaf692,345219000,31,DNA,1000,345219,true,0.8135751421477943,0.9618905298760655,0.8877328360119299,0.9618905298760655,413,1613145,2406709
112000,0.00032443173753472434,0.021702838063439065,0.00018828627624783108,0.00003448692800001994,1.2769230769230768,1.0,0.6907675175582662,signatures/67dadb60720452f1dd374a919651ec92.sig.gz,"GCA_934394595.1 uncultured Blautia sp., ERR7738591_bin.232",67dadb60720452f1dd374a919651ec92,0.03739565943238731,65000,280,188315000,/nfs3_ib/nfs-ip34/home/def-ilafores/analysis/MethodsComparison/Feces_RA/preproc/SRR5091619/SRR5091619_unmatched_2.fastq,SRR5091619,09eab43b8a173c78059f9718fddaf692,345219000,31,DNA,1000,345219,true,0.7717126003492263,0.8994188268079615,0.8355657135785939,0.8994188268079615,83,1613228,2406709
196000,0.0005677555406857676,0.01225349416044419,0.00018538956430555676,0.00015041286669888217,5.65625,1.0,17.5429996277005,signatures/bc5fb9c40fa03dfb3e62b70892a7ac0e.sig.gz,"GCF_002849695.1 Bacteroides fragilis strain=Q1F2, ASM284969v1",bc5fb9c40fa03dfb3e62b70892a7ac0e,0.03752632586636033,64000,281,188251000,/nfs3_ib/nfs-ip34/home/def-ilafores/analysis/MethodsComparison/Feces_RA/preproc/SRR5091619/SRR5091619_unmatched_2.fastq,SRR5091619,09eab43b8a173c78059f9718fddaf692,345219000,31,DNA,1000,345219,true,0.7857701530841011,0.8995200336587996,0.8426450933714504,0.8995200336587996,362,1613590,2406709
391000,0.001132614369429261,0.009429792249889494,0.00018538956430555676,0.00007022037146992013,2.640625,2.0,1.9554985577532398,signatures/6a82102a8a9caa7158b1d7ae1e0d3d95.sig.gz,"GCF_012113595.1 Bacteroides sp. CBA7301 strain=CBA7301, ASM1211359v1",6a82102a8a9caa7158b1d7ae1e0d3d95,0.05761013702666863,64000,282,188187000,/nfs3_ib/nfs-ip34/home/def-ilafores/analysis/MethodsComparison/Feces_RA/preproc/SRR5091619/SRR5091619_unmatched_2.fastq,SRR5091619,09eab43b8a173c78059f9718fddaf692,345219000,31,DNA,1000,345219,true,0.8034713386474127,0.9120446367088991,0.8577579876781559,0.9120446367088991,169,1613759,2406709
647000,0.001874172626651488,0.02129783693843594,0.00018538956430555676,0.0002592752177350897,9.75,4.5,9.122431145259467,signatures/c44bc28a0218fb212021916bba57f946.sig.gz,"GCA_900541585.1 uncultured Alistipes sp., UMGS368",c44bc28a0218fb212021916bba57f946,0.21530782029950082,64000,283,188123000,/nfs3_ib/nfs-ip34/home/def-ilafores/analysis/MethodsComparison/Feces_RA/preproc/SRR5091619/SRR5091619_unmatched_2.fastq,SRR5091619,09eab43b8a173c78059f9718fddaf692,345219000,31,DNA,1000,345219,true,0.816631477119167,0.9516687314753857,0.8841501042972764,0.9516687314753857,624,1614383,2406709
520000,0.0015062902099826486,0.027049873203719356,0.00018538956430555676,0.0006282437968196404,23.625,11.0,33.44748682636709,signatures/adc1df3a0352969bfc377565e7b022da.sig.gz,"GCA_934513205.1 uncultured Faecalibacterium sp., ERR7746688_bin.83",adc1df3a0352969bfc377565e7b022da,0.21978021978021978,64000,284,188059000,/nfs3_ib/nfs-ip34/home/def-ilafores/analysis/MethodsComparison/Feces_RA/preproc/SRR5091619/SRR5091619_unmatched_2.fastq,SRR5091619,09eab43b8a173c78059f9718fddaf692,345219000,31,DNA,1000,345219,true,0.8108953224891572,0.9523000911837548,0.881597706836456,0.9523000911837548,1512,1615895,2406709
651000,0.0018857594744205852,0.02913533834586466,0.00017959614042100812,0.0001400252377832135,5.435483870967742,4.5,4.0941380901665685,signatures/bd7d715e5767c372748911489c83e1ab.sig.gz,"GCA_900543275.1 uncultured Collinsella sp., UMGS545",bd7d715e5767c372748911489c83e1ab,0.3059210526315789,62000,285,187997000,/nfs3_ib/nfs-ip34/home/def-ilafores/analysis/MethodsComparison/Feces_RA/preproc/SRR5091619/SRR5091619_unmatched_2.fastq,SRR5091619,09eab43b8a173c78059f9718fddaf692,345219000,31,DNA,1000,345219,true,0.8167938540262186,0.9625133319335955,0.889653592979907,0.9625133319335955,337,1616232,2406709
434000,0.0012571729829470568,0.026461801109688432,0.00017959614042100812,0.0004071950534942114,15.806451612903226,13.5,26.614838639301308,signatures/f13e135757270fecaea23fef1abba799.sig.gz,"GCF_001042615.1 Bifidobacterium catenulatum subsp. kashiwanohense JCM 15439 = DSM 21854 strain=JCM 15439, ASM104261v1",f13e135757270fecaea23fef1abba799,0.18523260776781902,62000,286,187935000,/nfs3_ib/nfs-ip34/home/def-ilafores/analysis/MethodsComparison/Feces_RA/preproc/SRR5091619/SRR5091619_unmatched_2.fastq,SRR5091619,09eab43b8a173c78059f9718fddaf692,345219000,31,DNA,1000,345219,true,0.806180145206512,0.9470610637732021,0.876620604489857,0.9470610637732021,980,1617212,2406709
132000,0.0003823659763802108,0.020770519262981575,0.00017959614042100812,0.00008019249522896204,3.1129032258064515,1.0,10.457448092318602,signatures/895261fc11cddcef03130c56a5c81d58.sig.gz,"GCA_003477405.1 Ruminococcaceae bacterium AM07-15 strain=AM07-15, ASM347740v1",895261fc11cddcef03130c56a5c81d58,0.044221105527638194,62000,287,187873000,/nfs3_ib/nfs-ip34/home/def-ilafores/analysis/MethodsComparison/Feces_RA/preproc/SRR5091619/SRR5091619_unmatched_2.fastq,SRR5091619,09eab43b8a173c78059f9718fddaf692,345219000,31,DNA,1000,345219,true,0.7758136113706847,0.9042960464401517,0.8400548289054182,0.9042960464401517,193,1617405,2406709
858000,0.0024853788464713703,0.022342342342342343,0.00017959614042100812,0.00010636932009644705,4.129032258064516,3.0,3.215305488760935,signatures/1c86d14b5e74b8fcf07a707c63c50911.sig.gz,"GCA_003458705.1 Eubacterium sp. AF22-9 strain=AF22-9, ASM345870v1",1c86d14b5e74b8fcf07a707c63c50911,0.3091891891891892,62000,288,187811000,/nfs3_ib/nfs-ip34/home/def-ilafores/analysis/MethodsComparison/Feces_RA/preproc/SRR5091619/SRR5091619_unmatched_2.fastq,SRR5091619,09eab43b8a173c78059f9718fddaf692,345219000,31,DNA,1000,345219,true,0.82410093404748,0.962843321961146,0.893472128004313,0.962843321961146,256,1617661,2406709
469000,0.0013585579009266582,0.023443504996156803,0.0001766994284787338,0.0003938988884821555,15.540983606557377,11.0,13.744237266902504,signatures/d4a7f08c9e22a9d508115b1cbbc1fe89.sig.gz,"GCA_934365945.1 uncultured Agathobacter sp., ERR7737619_bin.21",d4a7f08c9e22a9d508115b1cbbc1fe89,0.18024596464258263,61000,289,187750000,/nfs3_ib/nfs-ip34/home/def-ilafores/analysis/MethodsComparison/Feces_RA/preproc/SRR5091619/SRR5091619_unmatched_2.fastq,SRR5091619,09eab43b8a173c78059f9718fddaf692,345219000,31,DNA,1000,345219,true,0.8081996352068639,0.9462277118174391,0.8772136735121515,0.9462277118174391,948,1618609,2406709
541000,0.0015671211607704095,0.01021091396049548,0.0001766994284787338,0.00008517855710848299,3.360655737704918,1.0,7.743919427176282,signatures/723b884481420dddcbc68522388758ed.sig.gz,"GCF_900106755.1 Bacteroides faecis MAJ27 strain=MAJ27, IMG-taxon 2693429916 annotated assembly",723b884481420dddcbc68522388758ed,0.09055908938734517,61000,290,187689000,/nfs3_ib/nfs-ip34/home/def-ilafores/analysis/MethodsComparison/Feces_RA/preproc/SRR5091619/SRR5091619_unmatched_2.fastq,SRR5091619,09eab43b8a173c78059f9718fddaf692,345219000,31,DNA,1000,345219,true,0.8119315880852394,0.9254493328323549,0.868690460458797,0.9254493328323549,205,1618814,2406709
487000,0.0014106987158875959,0.014364376346660282,0.00017380271653645945,0.0000914111344578842,3.6666666666666665,1.0,7.128970628514485,signatures/10a3119a5699e5fe2f6e2fb304de6b7c.sig.gz,"GCF_020537505.1 Blautia glucerasea strain=MSK.18.94, ASM2053750v1",10a3119a5699e5fe2f6e2fb304de6b7c,0.11659085468039262,60000,291,187629000,/nfs3_ib/nfs-ip34/home/def-ilafores/analysis/MethodsComparison/Feces_RA/preproc/SRR5091619/SRR5091619_unmatched_2.fastq,SRR5091619,09eab43b8a173c78059f9718fddaf692,345219000,31,DNA,1000,345219,true,0.8091820993939143,0.9330231140299466,0.8711026067119305,0.9330231140299466,220,1619034,2406709
165000,0.0004779574704752635,0.025456088247772592,0.00017380271653645945,0.00011634144385548897,4.666666666666667,4.0,3.207629792991842,signatures/b669ae6f1764f371f95c32067b3a6e5c.sig.gz,"GCA_905216215.1 uncultured bacterium, SRR7721880-mag-bin.41",b669ae6f1764f371f95c32067b3a6e5c,0.07000424268137463,60000,292,187569000,/nfs3_ib/nfs-ip34/home/def-ilafores/analysis/MethodsComparison/Feces_RA/preproc/SRR5091619/SRR5091619_unmatched_2.fastq,SRR5091619,09eab43b8a173c78059f9718fddaf692,345219000,31,DNA,1000,345219,true,0.7814182039046595,0.9177955489362368,0.8496068764204482,0.9177955489362368,280,1619314,2406709
563000,0.0016308488235004445,0.0291646070192783,0.00017090600459418513,0.00027215587759051886,11.101694915254237,9.0,8.548356795719474,signatures/67ff6aa4aefa5332d75476550be7a291.sig.gz,"GCA_905215855.1 uncultured bacterium, SRR413702-mag-bin.4",67ff6aa4aefa5332d75476550be7a291,0.2782995551161641,59000,293,187510000,/nfs3_ib/nfs-ip34/home/def-ilafores/analysis/MethodsComparison/Feces_RA/preproc/SRR5091619/SRR5091619_unmatched_2.fastq,SRR5091619,09eab43b8a173c78059f9718fddaf692,345219000,31,DNA,1000,345219,true,0.8129762555899881,0.9595796932056798,0.886277974397834,0.9595796932056798,655,1619969,2406709
143000,0.0004142298077452284,0.02825670498084291,0.00017090600459418513,0.000030747381590379224,1.2542372881355932,1.0,0.5992430349038538,signatures/6dee85f5d63e2d77b9b9b0a9a3521bf8.sig.gz,"GCF_943193075.1 Streptococcus sp. DSM 110150, Streptococcus_sp_nov_DSM110150",6dee85f5d63e2d77b9b9b0a9a3521bf8,0.06848659003831417,59000,294,187451000,/nfs3_ib/nfs-ip34/home/def-ilafores/analysis/MethodsComparison/Feces_RA/preproc/SRR5091619/SRR5091619_unmatched_2.fastq,SRR5091619,09eab43b8a173c78059f9718fddaf692,345219000,31,DNA,1000,345219,true,0.7778193681662339,0.9171468704863602,0.847483119326297,0.9171468704863602,74,1620043,2406709
498000,0.0014425625472526135,0.02512776831345826,0.00017090600459418513,0.00019237888751818353,7.8474576271186445,4.0,10.632240000801582,signatures/9fdc7aff151d3f7bf15f65cef0e706a7.sig.gz,"GCA_934501115.1 uncultured Faecalibacterium sp., ERR7738567_bin.375",9fdc7aff151d3f7bf15f65cef0e706a7,0.2120954003407155,59000,295,187392000,/nfs3_ib/nfs-ip34/home/def-ilafores/analysis/MethodsComparison/Feces_RA/preproc/SRR5091619/SRR5091619_unmatched_2.fastq,SRR5091619,09eab43b8a173c78059f9718fddaf692,345219000,31,DNA,1000,345219,true,0.8097653370360166,0.9512073591820853,0.880486348109051,0.9512073591820853,463,1620506,2406709
1290000,0.0037367584055338784,0.023101018010963197,0.00017090600459418513,0.0003473623109399599,14.169491525423728,6.0,22.73141076428549,signatures/fbc6cd1f096b1acd18d96b95d5e0a0a8.sig.gz,"GCA_019414665.1 Bacteroides sp., ASM1941466v1",fbc6cd1f096b1acd18d96b95d5e0a0a8,0.5050900548159749,59000,296,187333000,/nfs3_ib/nfs-ip34/home/def-ilafores/analysis/MethodsComparison/Feces_RA/preproc/SRR5091619/SRR5091619_unmatched_2.fastq,SRR5091619,09eab43b8a173c78059f9718fddaf692,345219000,31,DNA,1000,345219,true,0.8350132900248186,0.9782080944159183,0.9066106922203685,0.9782080944159183,836,1621342,2406709
678000,0.001963970696861992,0.013407304669440592,0.0001680092926519108,0.00004695208269882233,1.9482758620689655,2.0,1.105197966243955,signatures/9f8ee440e15d203543396b77b2bae2e7.sig.gz,"GCF_003477525.1 Ruminococcus sp. AF41-9 strain=AF41-9, ASM347752v1",9f8ee440e15d203543396b77b2bae2e7,0.15672676837725383,58000,297,187275000,/nfs3_ib/nfs-ip34/home/def-ilafores/analysis/MethodsComparison/Feces_RA/preproc/SRR5091619/SRR5091619_unmatched_2.fastq,SRR5091619,09eab43b8a173c78059f9718fddaf692,345219000,31,DNA,1000,345219,true,0.8178652845012343,0.9419695774771399,0.8799174309891871,0.9419695774771399,113,1621455,2406709
148000,0.00042871336745660003,0.02365415986949429,0.0001680092926519108,0.00020235101127722547,8.39655172413793,7.0,5.756374742696925,signatures/0a8410aea42152d7fdb0bd2c3c331c93.sig.gz,"GCF_018918045.1 Pseudoflavonifractor sp. MSJ-30 strain=MSJ-30, ASM1891804v1",0a8410aea42152d7fdb0bd2c3c331c93,0.06035889070146819,58000,298,187217000,/nfs3_ib/nfs-ip34/home/def-ilafores/analysis/MethodsComparison/Feces_RA/preproc/SRR5091619/SRR5091619_unmatched_2.fastq,SRR5091619,09eab43b8a173c78059f9718fddaf692,345219000,31,DNA,1000,345219,true,0.7786821630736613,0.913416962934732,0.8460495630041966,0.913416962934732,487,1621942,2406709
486000,0.0014078020039453216,0.01742586365025986,0.0001651125807096365,0.00004404354660243511,1.8596491228070176,1.0,1.9051048365611545,signatures/888d5c9074f0eba4fb60a0b7f12b8960.sig.gz,"GCF_900120195.1 Blautia sp. Marseille-P3087 strain=Marseille-P3087, PRJEB18016",888d5c9074f0eba4fb60a0b7f12b8960,0.14857841638642616,57000,299,187160000,/nfs3_ib/nfs-ip34/home/def-ilafores/analysis/MethodsComparison/Feces_RA/preproc/SRR5091619/SRR5091619_unmatched_2.fastq,SRR5091619,09eab43b8a173c78059f9718fddaf692,345219000,31,DNA,1000,345219,true,0.8091284472003065,0.9403486260822413,0.8747385366412739,0.9403486260822413,106,1622048,2406709
952000,0.002757669769045157,0.02311184482047049,0.00016221586876736217,0.0003265870531086226,14.035714285714286,10.0,12.737689134603494,signatures/2af58100ee3b7712db5367a0112cc189.sig.gz,"GCA_934524985.1 uncultured Faecalibacterium sp., ERR7745378_bin.145",2af58100ee3b7712db5367a0112cc189,0.39290136194799835,56000,300,187104000,/nfs3_ib/nfs-ip34/home/def-ilafores/analysis/MethodsComparison/Feces_RA/preproc/SRR5091619/SRR5091619_unmatched_2.fastq,SRR5091619,09eab43b8a173c78059f9718fddaf692,345219000,31,DNA,1000,345219,true,0.8268692605754204,0.9703141664662693,0.8985917135208449,0.9703141664662693,786,1622834,2406709
129000,0.00037367584055338787,0.0213903743315508,0.00016221586876736217,0.00008019249522896204,3.4464285714285716,1.0,5.927899058258158,signatures/495a6434f7a904cfbf64e101b857c18c.sig.gz,"GCF_018918025.1 Oscillibacter sp. MSJ-31 strain=MSJ-31, ASM1891802v1",495a6434f7a904cfbf64e101b857c18c,0.0492742551566081,56000,301,187048000,/nfs3_ib/nfs-ip34/home/def-ilafores/analysis/MethodsComparison/Feces_RA/preproc/SRR5091619/SRR5091619_unmatched_2.fastq,SRR5091619,09eab43b8a173c78059f9718fddaf692,345219000,31,DNA,1000,345219,true,0.7752384833260998,0.907457833144063,0.8413481582350815,0.907457833144063,193,1623027,2406709
62000,0.00017959614042100812,0.014504014504014505,0.00016221586876736217,0.00002576131971085827,1.1071428571428572,1.0,0.30929478706587094,signatures/24c512d403ae80e3b49dc2077a8cdc1e.sig.gz,"GCF_900240215.1 Raoultibacter timonensis strain=Marseille-P3277, PRJEB23748",24c512d403ae80e3b49dc2077a8cdc1e,0.01605801605801606,56000,302,186992000,/nfs3_ib/nfs-ip34/home/def-ilafores/analysis/MethodsComparison/Feces_RA/preproc/SRR5091619/SRR5091619_unmatched_2.fastq,SRR5091619,09eab43b8a173c78059f9718fddaf692,345219000,31,DNA,1000,345219,true,0.7571307256432762,0.8752237480421244,0.8161772368427003,0.8752237480421244,62,1623089,2406709
705000,0.0020421819193033987,0.009410183162493698,0.00016221586876736217,0.00007936148491570854,3.4107142857142856,1.0,8.143307475016101,signatures/ddc3bbfa80864ba686c6a00380ae271a.sig.gz,"GCF_000172175.1 Bacteroides intestinalis DSM 17393 strain=DSM 17393, ASM17217v1",ddc3bbfa80864ba686c6a00380ae271a,0.11846748445639388,56000,303,186936000,/nfs3_ib/nfs-ip34/home/def-ilafores/analysis/MethodsComparison/Feces_RA/preproc/SRR5091619/SRR5091619_unmatched_2.fastq,SRR5091619,09eab43b8a173c78059f9718fddaf692,345219000,31,DNA,1000,345219,true,0.8188961936946855,0.9335038257672329,0.8762000097309592,0.9335038257672329,191,1623280,2406709
366000,0.0010601965708724027,0.016586248492159228,0.00015931915682508785,0.00008974911383137721,3.9272727272727272,1.0,10.71083486340231,signatures/2023c0f479da06b35c0c857a2d652a0d.sig.gz,"GCF_003480435.1 Clostridium sp. AM30-24 strain=AM30-24, ASM348043v1",2023c0f479da06b35c0c857a2d652a0d,0.11037394451145958,55000,304,186881000,/nfs3_ib/nfs-ip34/home/def-ilafores/analysis/MethodsComparison/Feces_RA/preproc/SRR5091619/SRR5091619_unmatched_2.fastq,SRR5091619,09eab43b8a173c78059f9718fddaf692,345219000,31,DNA,1000,345219,true,0.8017606221934379,0.9313753247946084,0.8665679734940231,0.9313753247946084,216,1623496,2406709
599000,0.0017351304534223204,0.01598105948505475,0.0001564224448828135,0.00003739546409640717,1.6666666666666667,1.0,1.3471506281091268,signatures/c2aee0d0779205c17a004063ada5651a.sig.gz,"GCA_021619875.1 Prevotella copri, ASM2161987v1",c2aee0d0779205c17a004063ada5651a,0.17727138206569992,54000,305,186827000,/nfs3_ib/nfs-ip34/home/def-ilafores/analysis/MethodsComparison/Feces_RA/preproc/SRR5091619/SRR5091619_unmatched_2.fastq,SRR5091619,09eab43b8a173c78059f9718fddaf692,345219000,31,DNA,1000,345219,true,0.814603361353589,0.9457199192503752,0.8801616403019821,0.9457199192503752,90,1623586,2406709
344000,0.0009964689081423676,0.019385515727871252,0.00015352573294053918,0.000725472003470299,32.943396226415096,33.0,15.527717268162306,signatures/7747fbde68e951bf0bc56eff534c4b9a.sig.gz,"GCA_900767585.1 Lachnospiraceae bacterium, SRS475987_127",7747fbde68e951bf0bc56eff534c4b9a,0.1258229700073153,53000,306,186774000,/nfs3_ib/nfs-ip34/home/def-ilafores/analysis/MethodsComparison/Feces_RA/preproc/SRR5091619/SRR5091619_unmatched_2.fastq,SRR5091619,09eab43b8a173c78059f9718fddaf692,345219000,31,DNA,1000,345219,true,0.8001589182566402,0.9353195193679829,0.8677392188123115,0.9353195193679829,1746,1625332,2406709
117000,0.00033891529724609597,0.011279826464208243,0.00015062902099826486,0.000035317938313273435,1.6346153846153846,1.0,2.2619668615698676,signatures/73636d352ef5bf1c92887ac5c9e713c2.sig.gz,"GCF_012317185.1 [Clostridium] innocuum strain=ATCC 14501, ASM1231718v1",73636d352ef5bf1c92887ac5c9e713c2,0.025379609544468548,52000,307,186722000,/nfs3_ib/nfs-ip34/home/def-ilafores/analysis/MethodsComparison/Feces_RA/preproc/SRR5091619/SRR5091619_unmatched_2.fastq,SRR5091619,09eab43b8a173c78059f9718fddaf692,345219000,31,DNA,1000,345219,true,0.7728006116630538,0.8882429560712777,0.8305217838671657,0.8882429560712777,85,1625417,2406709
517000,0.0014976000741558258,0.01288404360753221,0.00015062902099826486,0.00003905748472291415,1.8076923076923077,1.0,1.7213418462000192,signatures/dd362ff77f4bcc80ca1e3387a9b01f6e.sig.gz,"GCF_013304735.1 Blautia luti strain=MSK.16.34, ASM1330473v1",dd362ff77f4bcc80ca1e3387a9b01f6e,0.12809712586719524,52000,308,186670000,/nfs3_ib/nfs-ip34/home/def-ilafores/analysis/MethodsComparison/Feces_RA/preproc/SRR5091619/SRR5091619_unmatched_2.fastq,SRR5091619,09eab43b8a173c78059f9718fddaf692,345219000,31,DNA,1000,345219,true,0.8107439885702541,0.935860134933295,0.8733020617517746,0.935860134933295,94,1625511,2406709
54000,0.0001564224448828135,0.020572811617587738,0.00014773230905599054,0.000022437278457844303,1.0588235294117647,1.0,0.30753700277172785,signatures/41134ca2a445b6d775c0e43830cd6765.sig.gz,"GCF_003402575.1 Mesosutterella multiformis strain=4NBBH2, ASM340257v1",41134ca2a445b6d775c0e43830cd6765,0.021782977006857603,51000,309,186619000,/nfs3_ib/nfs-ip34/home/def-ilafores/analysis/MethodsComparison/Feces_RA/preproc/SRR5091619/SRR5091619_unmatched_2.fastq,SRR5091619,09eab43b8a173c78059f9718fddaf692,345219000,31,DNA,1000,345219,true,0.7537641081071148,0.883875057460966,0.8188195827840403,0.883875057460966,54,1625565,2406709
113000,0.00032732844947699864,0.02490234375,0.00014773230905599054,0.000024099299084351287,1.1372549019607843,1.0,0.44367484309744165,signatures/a3dfec5e883625971d7d60d2b91dc61a.sig.gz,"GCA_900549405.1 uncultured Clostridiales bacterium, UMGS1178",a3dfec5e883625971d7d60d2b91dc61a,0.05517578125,51000,310,186568000,/nfs3_ib/nfs-ip34/home/def-ilafores/analysis/MethodsComparison/Feces_RA/preproc/SRR5091619/SRR5091619_unmatched_2.fastq,SRR5091619,09eab43b8a173c78059f9718fddaf692,345219000,31,DNA,1000,345219,true,0.771933913133019,0.9107752947711316,0.8413546039520753,0.9107752947711316,58,1625623,2406709
142000,0.00041133309580295406,0.023255813953488372,0.00014483559711371622,0.000039888495036167645,1.92,2.0,1.0740577265678042,signatures/a312bbc49f9ac8e30ea558fc18d3a17e.sig.gz,"GCA_934668605.1 uncultured Oscillospiraceae bacterium, ERR7738557_bin.153",a312bbc49f9ac8e30ea558fc18d3a17e,0.06604651162790698,50000,311,186518000,/nfs3_ib/nfs-ip34/home/def-ilafores/analysis/MethodsComparison/Feces_RA/preproc/SRR5091619/SRR5091619_unmatched_2.fastq,SRR5091619,09eab43b8a173c78059f9718fddaf692,345219000,31,DNA,1000,345219,true,0.7776433105481843,0.9160741777292778,0.846858744138731,0.9160741777292778,96,1625719,2406709
59000,0.00017090600459418513,0.009122422915526365,0.00014483559711371622,0.00002368379392772454,1.14,1.0,0.4903060268852507,signatures/d88f3c512ece432b111f094181484852.sig.gz,"GCF_000742135.1 Klebsiella pneumoniae strain=ATCC 13883, ASM74213v1",d88f3c512ece432b111f094181484852,0.01076445904032111,50000,312,186468000,/nfs3_ib/nfs-ip34/home/def-ilafores/analysis/MethodsComparison/Feces_RA/preproc/SRR5091619/SRR5091619_unmatched_2.fastq,SRR5091619,09eab43b8a173c78059f9718fddaf692,345219000,31,DNA,1000,345219,true,0.7559203596817827,0.8640042479467146,0.8099623038142487,0.8640042479467146,57,1625776,2406709
296000,0.0008574267349132001,0.025201612903225805,0.00014483559711371622,0.0003199389706025947,15.4,5.0,26.473382859015203,signatures/d549bbc956769d4f661d223f32c576b1.sig.gz,"GCA_934526125.1 uncultured Faecalibacterium sp., ERR7746411_bin.83",d549bbc956769d4f661d223f32c576b1,0.14919354838709678,50000,313,186418000,/nfs3_ib/nfs-ip34/home/def-ilafores/analysis/MethodsComparison/Feces_RA/preproc/SRR5091619/SRR5091619_unmatched_2.fastq,SRR5091619,09eab43b8a173c78059f9718fddaf692,345219000,31,DNA,1000,345219,true,0.7962892846578578,0.9404739607658534,0.8683816227118556,0.9404739607658534,770,1626546,2406709
138000,0.0003997462480338568,0.016700066800267203,0.00014483559711371622,0.00002825435065061875,1.36,1.0,1.0725670142233537,signatures/26a39e5fdeb7c2d1c6b61c8b390b7046.sig.gz,"GCF_020564355.1 Lachnospira pectinoschiza strain=SL.1.13, ASM2056435v1",26a39e5fdeb7c2d1c6b61c8b390b7046,0.04609218436873747,50000,314,186368000,/nfs3_ib/nfs-ip34/home/def-ilafores/analysis/MethodsComparison/Feces_RA/preproc/SRR5091619/SRR5091619_unmatched_2.fastq,SRR5091619,09eab43b8a173c78059f9718fddaf692,345219000,31,DNA,1000,345219,true,0.7769268700704994,0.9055057301271793,0.8412163000988393,0.9055057301271793,68,1626614,2406709
