intersect_bp,f_orig_query,f_match,f_unique_to_query,f_unique_weighted,average_abund,median_abund,std_abund,match_filename,match_name,match_md5,f_match_orig,unique_intersect_bp,gather_result_rank,remaining_bp,query_filename,query_name,query_md5,query_bp,ksize,moltype,scaled,query_n_hashes,query_abundance,query_containment_ani,match_containment_ani,average_containment_ani,max_containment_ani,n_unique_weighted_found,sum_weighted_found,total_weighted_hashes
168000,0.06261647409616102,0.026402640264026403,0.06261647409616102,0.05863039399624766,2.232142857142857,2.0,1.4056569989294887,signatures/bb217474c348bbe1c7ce2dad76cea683.sig.gz,"GCF_001457615.1 Pseudomonas aeruginosa strain=NCTC10332, NCTC10332",bb217474c348bbe1c7ce2dad76cea683,0.026402640264026403,168000,0,2515000,/nfs3_ib/nfs-ip34/home/def-ilafores/analysis/MethodsComparison/AD_Skin/preproc/SRR20002461/SRR20002461_unmatched_2.fastq,SRR20002461,a60c961c5b2100e581326dfba3d44e71,2683000,31,DNA,1000,2683,true,0.914499565602731,0.8893759854983093,0.9019377755505202,0.914499565602731,375,375,6396
103000,0.038389862094670144,0.011321169487799517,0.038389862094670144,0.04455909943714822,2.766990291262136,2.0,2.058389810399436,signatures/59f67cb04d97984339bb935b59b07fa3.sig.gz,"GCF_000987075.1 Burkholderia contaminans LMG 23361 strain=LMG 23361, ASM98707v1",59f67cb04d97984339bb935b59b07fa3,0.011321169487799517,103000,1,2412000,/nfs3_ib/nfs-ip34/home/def-ilafores/analysis/MethodsComparison/AD_Skin/preproc/SRR20002461/SRR20002461_unmatched_2.fastq,SRR20002461,a60c961c5b2100e581326dfba3d44e71,2683000,31,DNA,1000,2683,true,0.9001804281115965,0.8654107781225099,0.8827956031170532,0.9001804281115965,285,660,6396
96000,0.035780842340663435,0.020129724893759787,0.033544539694371975,0.02517198248905566,1.788888888888889,1.0,1.362142466398222,signatures/71f25748ff29c1c5734ec98980e907cb.sig.gz,"GCF_000219605.1 Pseudomonas stutzeri strain=CGMCC 1.1803, ASM21960v1",71f25748ff29c1c5734ec98980e907cb,0.02147170655334377,90000,2,2322000,/nfs3_ib/nfs-ip34/home/def-ilafores/analysis/MethodsComparison/AD_Skin/preproc/SRR20002461/SRR20002461_unmatched_2.fastq,SRR20002461,a60c961c5b2100e581326dfba3d44e71,2683000,31,DNA,1000,2683,true,0.8981390232494451,0.8834647866469048,0.8908019049481749,0.8981390232494451,161,821,6396
