feature	metadata	value	coef	stderr	N	N.not.0	pval	qval
Clostridiales.bacterium.KLE1615	NAFLD	Negative	-0.0133028338921893	0.00280853820199237	35	14	4.00065172862023e-05	0.0211234411271148
Fusicatenibacter.saccharivorans	NAFLD	Negative	-0.0582206207862121	0.0148530372737445	35	35	0.000422252839572995	0.111474749647271
Bacteroides.stercoris	NAFLD	Negative	0.0699003515069164	0.0207635213639087	35	21	0.00194609832766368	0.171256652834404
Blautia.glucerasea	NAFLD	Negative	-0.0303799758173506	0.00863236307250711	35	25	0.00128583236012212	0.171256652834404
Lachnoclostridium.sp..210928.DFI.6.3	NAFLD	Negative	-0.0312489693124864	0.00924763506591909	35	24	0.00188102351370543	0.171256652834404
X.Ruminococcus..torques	NAFLD	Negative	-0.085281207578602	0.0249518649225533	35	35	0.00169443115813705	0.171256652834404
