intersect_bp,f_orig_query,f_match,f_unique_to_query,f_unique_weighted,average_abund,median_abund,std_abund,match_filename,match_name,match_md5,f_match_orig,unique_intersect_bp,gather_result_rank,remaining_bp,query_filename,query_name,query_md5,query_bp,ksize,moltype,scaled,query_n_hashes,query_abundance,query_containment_ani,match_containment_ani,average_containment_ani,max_containment_ani,n_unique_weighted_found,sum_weighted_found,total_weighted_hashes
108000,0.06409495548961425,0.016973125884016973,0.06409495548961425,0.04708362614195362,1.8611111111111112,1.0,1.166335931956501,signatures/bb217474c348bbe1c7ce2dad76cea683.sig.gz,"GCF_001457615.1 Pseudomonas aeruginosa strain=NCTC10332, NCTC10332",bb217474c348bbe1c7ce2dad76cea683,0.016973125884016973,108000,0,1577000,/nfs3_ib/nfs-ip34/home/def-ilafores/analysis/MethodsComparison/AD_Skin/preproc/SRR20002470/SRR20002470_unmatched_2.fastq,SRR20002470,f72b190c48df0e00f91ce7ce83a4332e,1685000,31,DNA,1000,1685,true,0.9151882735110229,0.8767899092307938,0.8959890913709083,0.9151882735110229,201,201,4269
68000,0.040356083086053415,0.014761798255423843,0.03916913946587537,0.023424689622862496,1.5151515151515151,1.0,0.8570991287109665,signatures/71f25748ff29c1c5734ec98980e907cb.sig.gz,"GCF_000219605.1 Pseudomonas stutzeri strain=CGMCC 1.1803, ASM21960v1",71f25748ff29c1c5734ec98980e907cb,0.015209125475285171,66000,1,1511000,/nfs3_ib/nfs-ip34/home/def-ilafores/analysis/MethodsComparison/AD_Skin/preproc/SRR20002470/SRR20002470_unmatched_2.fastq,SRR20002470,f72b190c48df0e00f91ce7ce83a4332e,1685000,31,DNA,1000,1685,true,0.9016320122062071,0.8736916827245647,0.8876618474653859,0.9016320122062071,100,301,4269
