intersect_bp,f_orig_query,f_match,f_unique_to_query,f_unique_weighted,average_abund,median_abund,std_abund,match_filename,match_name,match_md5,f_match_orig,unique_intersect_bp,gather_result_rank,remaining_bp,query_filename,query_name,query_md5,query_bp,ksize,moltype,scaled,query_n_hashes,query_abundance,query_containment_ani,match_containment_ani,average_containment_ani,max_containment_ani,n_unique_weighted_found,sum_weighted_found,total_weighted_hashes
90000,0.03306392358559882,0.014144271570014143,0.03306392358559882,0.024026402640264028,2.022222222222222,2.0,1.2647158466784174,signatures/bb217474c348bbe1c7ce2dad76cea683.sig.gz,"GCF_001457615.1 Pseudomonas aeruginosa strain=NCTC10332, NCTC10332",bb217474c348bbe1c7ce2dad76cea683,0.014144271570014143,90000,0,2632000,/nfs3_ib/nfs-ip34/home/def-ilafores/analysis/MethodsComparison/AD_Skin/preproc/SRR20002381/SRR20002381_unmatched_2.fastq,SRR20002381,0c72346dcdc336e1d69bbc561d83f552,2722000,31,DNA,1000,2722,true,0.8958540024338774,0.8716483436606891,0.8837511730472832,0.8958540024338774,182,182,7575
75000,0.027553269654665688,0.016551107134869156,0.02718589272593681,0.020594059405940595,2.108108108108108,2.0,1.214413077765458,signatures/71f25748ff29c1c5734ec98980e907cb.sig.gz,"GCF_000219605.1 Pseudomonas stutzeri strain=CGMCC 1.1803, ASM21960v1",71f25748ff29c1c5734ec98980e907cb,0.01677477074479982,74000,1,2558000,/nfs3_ib/nfs-ip34/home/def-ilafores/analysis/MethodsComparison/AD_Skin/preproc/SRR20002381/SRR20002381_unmatched_2.fastq,SRR20002381,0c72346dcdc336e1d69bbc561d83f552,2722000,31,DNA,1000,2722,true,0.8906006435091659,0.8764574922100089,0.8835290678595874,0.8906006435091659,156,338,7575
