intersect_bp,f_orig_query,f_match,f_unique_to_query,f_unique_weighted,average_abund,median_abund,std_abund,match_filename,match_name,match_md5,f_match_orig,unique_intersect_bp,gather_result_rank,remaining_bp,query_filename,query_name,query_md5,query_bp,ksize,moltype,scaled,query_n_hashes,query_abundance,query_containment_ani,match_containment_ani,average_containment_ani,max_containment_ani,n_unique_weighted_found,sum_weighted_found,total_weighted_hashes
185000,0.08135444151275285,0.029074336005029074,0.08135444151275285,0.08319889375432127,1.9513513513513514,2.0,1.2661116516287438,signatures/bb217474c348bbe1c7ce2dad76cea683.sig.gz,"GCF_001457615.1 Pseudomonas aeruginosa strain=NCTC10332, NCTC10332",bb217474c348bbe1c7ce2dad76cea683,0.029074336005029074,185000,0,2089000,/nfs3_ib/nfs-ip34/home/def-ilafores/analysis/MethodsComparison/AD_Skin/preproc/SRR20002451/SRR20002451_unmatched_2.fastq,SRR20002451,3f5745487b7039a291e51df5723bfd31,2274000,31,DNA,1000,2274,true,0.9222549792243456,0.8921457278806311,0.9072003535524884,0.9222549792243456,361,361,4339
104000,0.04573438874230431,0.022142697383135762,0.04353562005277045,0.03779672735653376,1.6565656565656566,1.0,0.9760942180224674,signatures/71f25748ff29c1c5734ec98980e907cb.sig.gz,"GCF_000219605.1 Pseudomonas stutzeri strain=CGMCC 1.1803, ASM21960v1",71f25748ff29c1c5734ec98980e907cb,0.023261015432789085,99000,1,1990000,/nfs3_ib/nfs-ip34/home/def-ilafores/analysis/MethodsComparison/AD_Skin/preproc/SRR20002451/SRR20002451_unmatched_2.fastq,SRR20002451,3f5745487b7039a291e51df5723bfd31,2274000,31,DNA,1000,2274,true,0.9052781293362429,0.8857488603902292,0.895513494863236,0.9052781293362429,164,525,4339
