intersect_bp,f_orig_query,f_match,f_unique_to_query,f_unique_weighted,average_abund,median_abund,std_abund,match_filename,match_name,match_md5,f_match_orig,unique_intersect_bp,gather_result_rank,remaining_bp,query_filename,query_name,query_md5,query_bp,ksize,moltype,scaled,query_n_hashes,query_abundance,query_containment_ani,match_containment_ani,average_containment_ani,max_containment_ani,n_unique_weighted_found,sum_weighted_found,total_weighted_hashes
211000,0.10732451678535096,0.09013242204186245,0.10732451678535096,0.0708548479632817,2.3412322274881516,2.0,1.8846238384412695,signatures/f6d9f564e7ed8dc74e7077ae7880a36e.sig.gz,"GCF_900636385.1 Staphylococcus warneri strain=NCTC11044, 41665_E01",f6d9f564e7ed8dc74e7077ae7880a36e,0.09013242204186245,211000,0,1755000,/nfs3_ib/nfs-ip34/home/def-ilafores/analysis/MethodsComparison/AD_Skin/preproc/SRR20002460/SRR20002460_unmatched_2.fastq,SRR20002460,e307f2d7562df44296333abe4c09e2cf,1966000,31,DNA,1000,1966,true,0.9305339525432494,0.9253083584077715,0.9279211554755105,0.9305339525432494,494,494,6972
185000,0.09409969481180061,0.06644998194293969,0.0935910478128179,0.058519793459552494,2.217391304347826,2.0,1.6440015270047506,signatures/3e00edbca26501876c2c9ae184c1caf5.sig.gz,GCF_029024925.1 Enterococcus faecalis strain=DSM 20478 ASM2902492v1,3e00edbca26501876c2c9ae184c1caf5,0.06681112314915132,184000,1,1571000,/nfs3_ib/nfs-ip34/home/def-ilafores/analysis/MethodsComparison/AD_Skin/preproc/SRR20002460/SRR20002460_unmatched_2.fastq,SRR20002460,e307f2d7562df44296333abe4c09e2cf,1966000,31,DNA,1000,1966,true,0.9265949787490297,0.9164143811601289,0.9215046799545793,0.9265949787490297,408,902,6972
