intersect_bp,f_orig_query,f_match,f_unique_to_query,f_unique_weighted,average_abund,median_abund,std_abund,match_filename,match_name,match_md5,f_match_orig,unique_intersect_bp,gather_result_rank,remaining_bp,query_filename,query_name,query_md5,query_bp,ksize,moltype,scaled,query_n_hashes,query_abundance,query_containment_ani,match_containment_ani,average_containment_ani,max_containment_ani,n_unique_weighted_found,sum_weighted_found,total_weighted_hashes
425000,0.13687600644122383,0.18031395842172254,0.13687600644122383,0.1475548060708263,2.4705882352941178,2.0,1.9170334637241118,signatures/a94c0ded9eae25c8d2141ba34b4a6f02.sig.gz,GCF_027570065.1 Corynebacterium evansiae strain=c8Ua_174 ASM2757006v1,a94c0ded9eae25c8d2141ba34b4a6f02,0.18031395842172254,425000,0,2680000,/nfs3_ib/nfs-ip34/home/def-ilafores/analysis/MethodsComparison/AD_Skin/preproc/SRR20002372/SRR20002372_unmatched_2.fastq,SRR20002372,b3b218508a14a22786cde6842eff0bf1,3105000,31,DNA,1000,3105,true,0.9378634070036287,0.9462392240178018,0.9420513155107153,0.9462392240178018,1050,1050,7116
163000,0.05249597423510467,0.025616847399025616,0.05249597423510467,0.049747048903878585,2.1717791411042944,2.0,1.509052813170944,signatures/bb217474c348bbe1c7ce2dad76cea683.sig.gz,"GCF_001457615.1 Pseudomonas aeruginosa strain=NCTC10332, NCTC10332",bb217474c348bbe1c7ce2dad76cea683,0.025616847399025616,163000,1,2517000,/nfs3_ib/nfs-ip34/home/def-ilafores/analysis/MethodsComparison/AD_Skin/preproc/SRR20002372/SRR20002372_unmatched_2.fastq,SRR20002372,b3b218508a14a22786cde6842eff0bf1,3105000,31,DNA,1000,3105,true,0.9093137158731096,0.8885095881299335,0.8989116520015216,0.9093137158731096,354,1404,7116
68000,0.021900161030595812,0.013643480205770522,0.01964573268921095,0.017847105115233276,2.081967213114754,2.0,1.53958778778674,signatures/71f25748ff29c1c5734ec98980e907cb.sig.gz,"GCF_000219605.1 Pseudomonas stutzeri strain=CGMCC 1.1803, ASM21960v1",71f25748ff29c1c5734ec98980e907cb,0.015209125475285171,61000,2,2456000,/nfs3_ib/nfs-ip34/home/def-ilafores/analysis/MethodsComparison/AD_Skin/preproc/SRR20002372/SRR20002372_unmatched_2.fastq,SRR20002372,b3b218508a14a22786cde6842eff0bf1,3105000,31,DNA,1000,3105,true,0.8840280437047904,0.8736916827245647,0.8788598632146776,0.8840280437047904,127,1531,7116
