intersect_bp,f_orig_query,f_match,f_unique_to_query,f_unique_weighted,average_abund,median_abund,std_abund,match_filename,match_name,match_md5,f_match_orig,unique_intersect_bp,gather_result_rank,remaining_bp,query_filename,query_name,query_md5,query_bp,ksize,moltype,scaled,query_n_hashes,query_abundance,query_containment_ani,match_containment_ani,average_containment_ani,max_containment_ani,n_unique_weighted_found,sum_weighted_found,total_weighted_hashes
88000,0.07113985448666128,0.009480715363068304,0.07113985448666128,0.06682867557715674,2.5,2.0,1.8586407545691703,signatures/bbd7e83b406f3c086b73bc2bcd066cc8.sig.gz,GCF_029633825.1 Burkholderia contaminans strain=LMG 23361 ASM2963382v1,bbd7e83b406f3c086b73bc2bcd066cc8,0.009480715363068304,88000,0,1149000,/nfs3_ib/nfs-ip34/home/def-ilafores/analysis/MethodsComparison/AD_Skin/preproc/SRR20002407/SRR20002407_unmatched_2.fastq,SRR20002407,6f64f3628aac2ae8e1f88db3ddd3a6d3,1237000,31,DNA,1000,1237,true,0.9182720935041181,0.8604721329623243,0.8893721132332212,0.9182720935041181,220,220,3292
51000,0.041228779304769606,0.008015087223008015,0.041228779304769606,0.032806804374240585,2.1176470588235294,2.0,1.4772398589676363,signatures/bb217474c348bbe1c7ce2dad76cea683.sig.gz,"GCF_001457615.1 Pseudomonas aeruginosa strain=NCTC10332, NCTC10332",bb217474c348bbe1c7ce2dad76cea683,0.008015087223008015,51000,1,1098000,/nfs3_ib/nfs-ip34/home/def-ilafores/analysis/MethodsComparison/AD_Skin/preproc/SRR20002407/SRR20002407_unmatched_2.fastq,SRR20002407,6f64f3628aac2ae8e1f88db3ddd3a6d3,1237000,31,DNA,1000,1237,true,0.902254480979529,0.8558233612977668,0.8790389211386479,0.902254480979529,108,328,3292
