intersect_bp,f_orig_query,f_match,f_unique_to_query,f_unique_weighted,average_abund,median_abund,std_abund,filename,name,md5,f_match_orig,unique_intersect_bp,gather_result_rank,remaining_bp,query_filename,query_name,query_md5,query_bp,ksize,moltype,scaled,query_n_hashes,query_abundance,query_containment_ani,match_containment_ani,average_containment_ani,max_containment_ani,potential_false_negative,n_unique_weighted_found,sum_weighted_found,total_weighted_hashes
301000,0.2847682119205298,0.00011986960098954147,0.2847682119205298,0.24012750132813884,4.504983388704319,2.0,24.552962790880358,/net/nfs-ip34/home/def-ilafores/ref_dbs/sourmash_db/RefSeq_20250528.k31.sbt.zip,GCF_009914755.1_T2T-CHM13v2.0_genomic,7d2ab6979601ca56f418f3170a307005,0.00011986960098954147,301000,0,756000,/nfs3_ib/nfs-ip34/home/def-ilafores/analysis/MethodsComparison/AD_Skin/preproc/SRR20002424/SRR20002424_unmatched_2.fastq,SRR20002424,85ae63a0,1057000,31,DNA,1000,1057,True,0.9602912062436616,0.7473202387244564,0.853805722484059,0.9602912062436616,False,1356,1356,5647
101000,0.09555345316934721,0.04020700636942675,0.09555345316934721,0.03435452452629715,1.9207920792079207,2.0,1.1229660894065603,/net/nfs-ip34/home/def-ilafores/ref_dbs/sourmash_db/RefSeq_20250528.k31.sbt.zip,GCF_013267735.1_ASM1326773v1_genomic,87dd01fc34a54f5847536fb857bf8c96,0.04020700636942675,101000,1,655000,/nfs3_ib/nfs-ip34/home/def-ilafores/analysis/MethodsComparison/AD_Skin/preproc/SRR20002424/SRR20002424_unmatched_2.fastq,SRR20002424,85ae63a0,1057000,31,DNA,1000,1057,True,0.9270533383297338,0.9015243790926346,0.9142888587111841,0.9270533383297338,False,194,1550,5647
