intersect_bp,f_orig_query,f_match,f_unique_to_query,f_unique_weighted,average_abund,median_abund,std_abund,filename,name,md5,f_match_orig,unique_intersect_bp,gather_result_rank,remaining_bp,query_filename,query_name,query_md5,query_bp,ksize,moltype,scaled,query_n_hashes,query_abundance,query_containment_ani,match_containment_ani,average_containment_ani,max_containment_ani,potential_false_negative,n_unique_weighted_found,sum_weighted_found,total_weighted_hashes
338000,0.20059347181008902,0.00013460440244008313,0.20059347181008902,0.44600609041930195,5.633136094674557,2.0,40.0070448262183,/net/nfs-ip34/home/def-ilafores/ref_dbs/sourmash_db/RefSeq_20250528.k31.sbt.zip,"NC_060925.1 Homo sapiens isolate CHM13 chromosome 1, alternate assembly T2T-CHM13v2.0",7d2ab6979601ca56f418f3170a307005,0.00013460440244008313,338000,0,1347000,/nfs3_ib/nfs-ip34/home/def-ilafores/analysis/MethodsComparison/AD_Skin/preproc/SRR20002470/SRR20002470_unmatched_2.fastq,SRR20002470,f72b190c,1685000,31,DNA,1000,1685,True,0.9494980784381565,0.7501203438224926,0.8498092111303246,0.9494980784381565,False,1904,1904,4269
154000,0.0913946587537092,0.022126436781609197,0.0913946587537092,0.07167955024595925,1.9870129870129871,2.0,1.3627084041116546,/net/nfs-ip34/home/def-ilafores/ref_dbs/sourmash_db/RefSeq_20250528.k31.sbt.zip,"NZ_CP032761.1 Pseudomonas aeruginosa strain 268 chromosome, complete genome",d699afdb13168ecdfb9908f3ef91d521,0.022126436781609197,154000,1,1193000,/nfs3_ib/nfs-ip34/home/def-ilafores/analysis/MethodsComparison/AD_Skin/preproc/SRR20002470/SRR20002470_unmatched_2.fastq,SRR20002470,f72b190c,1685000,31,DNA,1000,1685,True,0.9257235595978734,0.8843212228413335,0.9050223912196035,0.9257235595978734,False,306,2210,4269
79000,0.04688427299703264,0.01677101967799642,0.04451038575667656,0.02834387444366362,1.6133333333333333,1.0,0.9506956517320473,/net/nfs-ip34/home/def-ilafores/ref_dbs/sourmash_db/RefSeq_20250528.k31.sbt.zip,"NZ_CP025149.2 Stutzerimonas stutzeri strain SGAir0442 chromosome, complete genome",bcf2efc6bddede87bae0b23901ed8d3e,0.0176654740608229,75000,2,1118000,/nfs3_ib/nfs-ip34/home/def-ilafores/analysis/MethodsComparison/AD_Skin/preproc/SRR20002470/SRR20002470_unmatched_2.fastq,SRR20002470,f72b190c,1685000,31,DNA,1000,1685,True,0.9060035705470284,0.8779214390380186,0.8919625047925235,0.9060035705470284,False,121,2331,4269
