intersect_bp,f_orig_query,f_match,f_unique_to_query,f_unique_weighted,average_abund,median_abund,std_abund,filename,name,md5,f_match_orig,unique_intersect_bp,gather_result_rank,remaining_bp,query_filename,query_name,query_md5,query_bp,ksize,moltype,scaled,query_n_hashes,query_abundance,query_containment_ani,match_containment_ani,average_containment_ani,max_containment_ani,potential_false_negative,n_unique_weighted_found,sum_weighted_found,total_weighted_hashes
274000,0.29621621621621624,0.0001091171783094165,0.29621621621621624,0.500441306266549,4.138686131386861,2.0,19.754582756403355,/net/nfs-ip34/home/def-ilafores/ref_dbs/sourmash_db/RefSeq_20250528.k31.sbt.zip,GCF_009914755.1_T2T-CHM13v2.0_genomic,7d2ab6979601ca56f418f3170a307005,0.0001091171783094165,274000,0,651000,/nfs3_ib/nfs-ip34/home/def-ilafores/analysis/MethodsComparison/AD_Skin/preproc/SRR20002436/SRR20002436_unmatched_2.fastq,SRR20002436,9262c344,925000,31,DNA,1000,925,True,0.961512918348816,0.7450580318932107,0.8532854751210134,0.961512918348816,False,1134,1134,2266
91000,0.09837837837837837,0.037173202614379085,0.09837837837837837,0.08075904677846425,2.010989010989011,2.0,1.1530609573252462,/net/nfs-ip34/home/def-ilafores/ref_dbs/sourmash_db/RefSeq_20250528.k31.sbt.zip,GCF_026967675.1_ASM2696767v1_genomic,3d24844587cdb0b1fdc205315c708152,0.037173202614379085,91000,1,560000,/nfs3_ib/nfs-ip34/home/def-ilafores/analysis/MethodsComparison/AD_Skin/preproc/SRR20002436/SRR20002436_unmatched_2.fastq,SRR20002436,9262c344,925000,31,DNA,1000,925,True,0.9279250356280215,0.8992457344172531,0.9135853850226373,0.9279250356280215,False,183,1317,2266
