intersect_bp,f_orig_query,f_match,f_unique_to_query,f_unique_weighted,average_abund,median_abund,std_abund,filename,name,md5,f_match_orig,unique_intersect_bp,gather_result_rank,remaining_bp,query_filename,query_name,query_md5,query_bp,ksize,moltype,scaled,query_n_hashes,query_abundance,query_containment_ani,match_containment_ani,average_containment_ani,max_containment_ani,potential_false_negative,n_unique_weighted_found,sum_weighted_found,total_weighted_hashes
325000,0.2054361567635904,0.00012942731003854146,0.2054361567635904,0.30351521511017837,3.56,2.0,11.184890907621076,/net/nfs-ip34/home/def-ilafores/ref_dbs/sourmash_db/RefSeq_20250528.k31.sbt.zip,"NC_060925.1 Homo sapiens isolate CHM13 chromosome 1, alternate assembly T2T-CHM13v2.0",7d2ab6979601ca56f418f3170a307005,0.00012942731003854146,325000,0,1257000,/nfs3_ib/nfs-ip34/home/def-ilafores/analysis/MethodsComparison/AD_Skin/preproc/SRR20002423/SRR20002423_unmatched_2.fastq,SRR20002423,4df18d37,1582000,31,DNA,1000,1582,True,0.9502290131481441,0.7491719034463757,0.8497004582972599,0.9502290131481441,False,1157,1157,3812
172000,0.10872313527180784,0.02471264367816092,0.10872313527180784,0.09916054564533054,2.197674418604651,2.0,1.8415095390382448,/net/nfs-ip34/home/def-ilafores/ref_dbs/sourmash_db/RefSeq_20250528.k31.sbt.zip,"NZ_CP032761.1 Pseudomonas aeruginosa strain 268 chromosome, complete genome",d699afdb13168ecdfb9908f3ef91d521,0.02471264367816092,172000,1,1085000,/nfs3_ib/nfs-ip34/home/def-ilafores/analysis/MethodsComparison/AD_Skin/preproc/SRR20002423/SRR20002423_unmatched_2.fastq,SRR20002423,4df18d37,1582000,31,DNA,1000,1582,True,0.9309226815988526,0.8874802235738583,0.9092014525863554,0.9309226815988526,False,378,1535,3812
57000,0.03603034134007586,0.011506276150627616,0.0347661188369153,0.02570828961175236,1.7818181818181817,1.0,1.139232741659676,/net/nfs-ip34/home/def-ilafores/ref_dbs/sourmash_db/RefSeq_20250528.k31.sbt.zip,"NZ_CP139417.1 Stutzerimonas stutzeri strain H46 chromosome, complete genome",e5424f471c76fe367a9244810960f447,0.01192468619246862,55000,2,1030000,/nfs3_ib/nfs-ip34/home/def-ilafores/analysis/MethodsComparison/AD_Skin/preproc/SRR20002423/SRR20002423_unmatched_2.fastq,SRR20002423,4df18d37,1582000,31,DNA,1000,1582,True,0.8983403673986357,0.8668618730295352,0.8826011202140854,0.8983403673986357,False,98,1633,3812
