intersect_bp,f_orig_query,f_match,f_unique_to_query,f_unique_weighted,average_abund,median_abund,std_abund,filename,name,md5,f_match_orig,unique_intersect_bp,gather_result_rank,remaining_bp,query_filename,query_name,query_md5,query_bp,ksize,moltype,scaled,query_n_hashes,query_abundance,query_containment_ani,match_containment_ani,average_containment_ani,max_containment_ani,potential_false_negative,n_unique_weighted_found,sum_weighted_found,total_weighted_hashes
388000,0.19735503560528994,0.00015451629629216642,0.19735503560528994,0.5365748709122203,9.641752577319588,2.0,86.89425383479505,/net/nfs-ip34/home/def-ilafores/ref_dbs/sourmash_db/RefSeq_20250528.k31.sbt.zip,GCF_009914755.1_T2T-CHM13v2.0_genomic,7d2ab6979601ca56f418f3170a307005,0.00015451629629216642,388000,0,1578000,/nfs3_ib/nfs-ip34/home/def-ilafores/analysis/MethodsComparison/AD_Skin/preproc/SRR20002460/SRR20002460_unmatched_2.fastq,SRR20002460,e307f2d7,1966000,31,DNA,1000,1966,True,0.9489996917420326,0.7534660470538916,0.851232869397962,0.9489996917420326,False,3741,3741,6972
262000,0.13326551373346898,0.08476221287609188,0.13326551373346898,0.08376362593230063,2.2290076335877864,2.0,1.7629126034123113,/net/nfs-ip34/home/def-ilafores/ref_dbs/sourmash_db/RefSeq_20250528.k31.sbt.zip,GCF_001989555.1_ASM198955v1_genomic,15a63717654cba007c5aeced25e8babf,0.08476221287609188,262000,1,1316000,/nfs3_ib/nfs-ip34/home/def-ilafores/analysis/MethodsComparison/AD_Skin/preproc/SRR20002460/SRR20002460_unmatched_2.fastq,SRR20002460,e307f2d7,1966000,31,DNA,1000,1966,True,0.9370550156691241,0.9234765678627928,0.9302657917659585,0.9370550156691241,False,584,4325,6972
246000,0.12512716174974567,0.1,0.12461851475076297,0.08118187033849684,2.3102040816326532,2.0,1.8476951884364192,/net/nfs-ip34/home/def-ilafores/ref_dbs/sourmash_db/RefSeq_20250528.k31.sbt.zip,GCF_040409885.1_ASM4040988v1_genomic,e2384953f34ad0345556ddbecca77937,0.10040816326530612,245000,2,1071000,/nfs3_ib/nfs-ip34/home/def-ilafores/analysis/MethodsComparison/AD_Skin/preproc/SRR20002460/SRR20002460_unmatched_2.fastq,SRR20002460,e307f2d7,1966000,31,DNA,1000,1966,True,0.9351522206089885,0.928536543971111,0.9318443822900497,0.9351522206089885,False,566,4891,6972
