intersect_bp,f_orig_query,f_match,f_unique_to_query,f_unique_weighted,average_abund,median_abund,std_abund,filename,name,md5,f_match_orig,unique_intersect_bp,gather_result_rank,remaining_bp,query_filename,query_name,query_md5,query_bp,ksize,moltype,scaled,query_n_hashes,query_abundance,query_containment_ani,match_containment_ani,average_containment_ani,max_containment_ani,potential_false_negative,n_unique_weighted_found,sum_weighted_found,total_weighted_hashes
290000,0.23443815683104285,0.00011548898434208315,0.23443815683104285,0.212636695018226,2.413793103448276,2.0,2.0563986159153687,/net/nfs-ip34/home/def-ilafores/ref_dbs/sourmash_db/RefSeq_20250528.k31.sbt.zip,GCF_009914755.1_T2T-CHM13v2.0_genomic,7d2ab6979601ca56f418f3170a307005,0.00011548898434208315,290000,0,947000,/nfs3_ib/nfs-ip34/home/def-ilafores/analysis/MethodsComparison/AD_Skin/preproc/SRR20002407/SRR20002407_unmatched_2.fastq,SRR20002407,6f64f362,1237000,31,DNA,1000,1237,True,0.9542855159573833,0.7464232857969594,0.8503544008771713,0.9542855159573833,False,700,700,3292
125000,0.10105092966855295,0.014652444027663815,0.10105092966855295,0.0911300121506683,2.4,2.0,1.8504053609952602,/net/nfs-ip34/home/def-ilafores/ref_dbs/sourmash_db/RefSeq_20250528.k31.sbt.zip,GCF_025643535.1_ASM2564353v1_genomic,de465983f8414adc15e516c5c8b3713d,0.014652444027663815,125000,1,822000,/nfs3_ib/nfs-ip34/home/def-ilafores/analysis/MethodsComparison/AD_Skin/preproc/SRR20002407/SRR20002407_unmatched_2.fastq,SRR20002407,6f64f362,1237000,31,DNA,1000,1237,True,0.928727696377457,0.8726413914246299,0.9006845439010435,0.928727696377457,False,300,1000,3292
68000,0.0549717057396928,0.009770114942528735,0.0549717057396928,0.04586877278250304,2.2205882352941178,2.0,1.8617321807399603,/net/nfs-ip34/home/def-ilafores/ref_dbs/sourmash_db/RefSeq_20250528.k31.sbt.zip,GCF_003641125.1_ASM364112v1_genomic,d699afdb13168ecdfb9908f3ef91d521,0.009770114942528735,68000,2,754000,/nfs3_ib/nfs-ip34/home/def-ilafores/analysis/MethodsComparison/AD_Skin/preproc/SRR20002407/SRR20002407_unmatched_2.fastq,SRR20002407,6f64f362,1237000,31,DNA,1000,1237,True,0.9106664342566363,0.8613071530052014,0.8859867936309189,0.9106664342566363,False,151,1151,3292
