intersect_bp,f_orig_query,f_match,f_unique_to_query,f_unique_weighted,average_abund,median_abund,std_abund,filename,name,md5,f_match_orig,unique_intersect_bp,gather_result_rank,remaining_bp,query_filename,query_name,query_md5,query_bp,ksize,moltype,scaled,query_n_hashes,query_abundance,query_containment_ani,match_containment_ani,average_containment_ani,max_containment_ani,potential_false_negative,n_unique_weighted_found,sum_weighted_found,total_weighted_hashes
318000,0.13984168865435356,0.0001266396448992498,0.13984168865435356,0.19290159022816317,2.6320754716981134,2.0,2.1660276006161756,/net/nfs-ip34/home/def-ilafores/ref_dbs/sourmash_db/RefSeq_20250528.k31.sbt.zip,GCF_009914755.1_T2T-CHM13v2.0_genomic,7d2ab6979601ca56f418f3170a307005,0.0001266396448992498,318000,0,1956000,/nfs3_ib/nfs-ip34/home/def-ilafores/analysis/MethodsComparison/AD_Skin/preproc/SRR20002451/SRR20002451_unmatched_2.fastq,SRR20002451,3f574548,2274000,31,DNA,1000,2274,True,0.9385121345835057,0.7486458843668139,0.8435790094751598,0.9385121345835057,False,837,837,4339
275000,0.12093227792436236,0.039511494252873564,0.12093227792436236,0.1267573173542291,2.0,2.0,1.2475430398842504,/net/nfs-ip34/home/def-ilafores/ref_dbs/sourmash_db/RefSeq_20250528.k31.sbt.zip,GCF_003641125.1_ASM364112v1_genomic,d699afdb13168ecdfb9908f3ef91d521,0.039511494252873564,275000,1,1681000,/nfs3_ib/nfs-ip34/home/def-ilafores/analysis/MethodsComparison/AD_Skin/preproc/SRR20002451/SRR20002451_unmatched_2.fastq,SRR20002451,3f574548,2274000,31,DNA,1000,2274,True,0.9341241243949745,0.9010170612337979,0.9175705928143862,0.9341241243949745,False,550,1387,4339
125000,0.054969217238346524,0.02489539748953975,0.052330694810905895,0.048628716294076973,1.773109243697479,1.0,1.162704575222049,/net/nfs-ip34/home/def-ilafores/ref_dbs/sourmash_db/RefSeq_20250528.k31.sbt.zip,GCF_034120035.1_ASM3412003v1_genomic,e5424f471c76fe367a9244810960f447,0.02615062761506276,119000,2,1562000,/nfs3_ib/nfs-ip34/home/def-ilafores/analysis/MethodsComparison/AD_Skin/preproc/SRR20002451/SRR20002451_unmatched_2.fastq,SRR20002451,3f574548,2274000,31,DNA,1000,2274,True,0.9106651043969661,0.8891008716431826,0.8998829880200744,0.9106651043969661,False,211,1598,4339
