intersect_bp,f_orig_query,f_match,f_unique_to_query,f_unique_weighted,average_abund,median_abund,std_abund,filename,name,md5,f_match_orig,unique_intersect_bp,gather_result_rank,remaining_bp,query_filename,query_name,query_md5,query_bp,ksize,moltype,scaled,query_n_hashes,query_abundance,query_containment_ani,match_containment_ani,average_containment_ani,max_containment_ani,potential_false_negative,n_unique_weighted_found,sum_weighted_found,total_weighted_hashes
307000,0.21819474058280028,0.12494912494912495,0.21819474058280028,0.22415039768618944,2.019543973941368,2.0,1.8720320581036858,/net/nfs-ip34/home/def-ilafores/ref_dbs/sourmash_db/RefSeq_20250528.k31.sbt.zip,"NZ_CP132999.1 Staphylococcus epidermidis strain SEA37 chromosome, complete genome",8d0a76e6d73276aaca83cb8163159b21,0.12494912494912495,307000,0,1100000,/nfs3_ib/nfs-ip34/home/def-ilafores/analysis/MethodsComparison/AD_Skin/preproc/SRR20002458/SRR20002458_unmatched_2.fastq,SRR20002458,ee61bb65,1407000,31,DNA,1000,1407,True,0.9520777066514794,0.9351092691441153,0.9435934878977974,0.9520777066514794,False,620,620,2766
264000,0.18763326226012794,0.00010513479953899984,0.18763326226012794,0.2440347071583514,2.5568181818181817,2.0,3.429566038052977,/net/nfs-ip34/home/def-ilafores/ref_dbs/sourmash_db/RefSeq_20250528.k31.sbt.zip,"NC_060925.1 Homo sapiens isolate CHM13 chromosome 1, alternate assembly T2T-CHM13v2.0",7d2ab6979601ca56f418f3170a307005,0.00010513479953899984,264000,1,836000,/nfs3_ib/nfs-ip34/home/def-ilafores/analysis/MethodsComparison/AD_Skin/preproc/SRR20002458/SRR20002458_unmatched_2.fastq,SRR20002458,ee61bb65,1407000,31,DNA,1000,1407,True,0.9474545409215471,0.7441650025159953,0.8458097717187711,0.9474545409215471,False,675,1295,2766
54000,0.03837953091684435,0.007758620689655172,0.03837953091684435,0.04266088214027477,2.185185185185185,2.0,1.5643490431068798,/net/nfs-ip34/home/def-ilafores/ref_dbs/sourmash_db/RefSeq_20250528.k31.sbt.zip,"NZ_CP032761.1 Pseudomonas aeruginosa strain 268 chromosome, complete genome",d699afdb13168ecdfb9908f3ef91d521,0.007758620689655172,54000,2,782000,/nfs3_ib/nfs-ip34/home/def-ilafores/analysis/MethodsComparison/AD_Skin/preproc/SRR20002458/SRR20002458_unmatched_2.fastq,SRR20002458,ee61bb65,1407000,31,DNA,1000,1407,True,0.9001726125945361,0.8549260154905165,0.8775493140425263,0.9001726125945361,False,118,1413,2766
