intersect_bp,f_orig_query,f_match,f_unique_to_query,f_unique_weighted,average_abund,median_abund,std_abund,filename,name,md5,f_match_orig,unique_intersect_bp,gather_result_rank,remaining_bp,query_filename,query_name,query_md5,query_bp,ksize,moltype,scaled,query_n_hashes,query_abundance,query_containment_ani,match_containment_ani,average_containment_ani,max_containment_ani,potential_false_negative,n_unique_weighted_found,sum_weighted_found,total_weighted_hashes
377000,0.13850110213078617,0.0001501356796447081,0.13850110213078617,0.36171617161716174,7.267904509283819,2.0,59.674047019213965,/net/nfs-ip34/home/def-ilafores/ref_dbs/sourmash_db/RefSeq_20250528.k31.sbt.zip,"NC_060925.1 Homo sapiens isolate CHM13 chromosome 1, alternate assembly T2T-CHM13v2.0",7d2ab6979601ca56f418f3170a307005,0.0001501356796447081,377000,0,2345000,/nfs3_ib/nfs-ip34/home/def-ilafores/analysis/MethodsComparison/AD_Skin/preproc/SRR20002381/SRR20002381_unmatched_2.fastq,SRR20002381,0c72346d,2722000,31,DNA,1000,2722,True,0.9382205537646995,0.7527673454656145,0.845493949615157,0.9382205537646995,False,2740,2740,7575
127000,0.04665686994856723,0.01824712643678161,0.04665686994856723,0.0333993399339934,1.9921259842519685,2.0,1.1937901198576324,/net/nfs-ip34/home/def-ilafores/ref_dbs/sourmash_db/RefSeq_20250528.k31.sbt.zip,"NZ_CP032761.1 Pseudomonas aeruginosa strain 268 chromosome, complete genome",d699afdb13168ecdfb9908f3ef91d521,0.01824712643678161,127000,1,2218000,/nfs3_ib/nfs-ip34/home/def-ilafores/analysis/MethodsComparison/AD_Skin/preproc/SRR20002381/SRR20002381_unmatched_2.fastq,SRR20002381,0c72346d,2722000,31,DNA,1000,2722,True,0.9058614821484627,0.8788393605121116,0.8923504213302872,0.9058614821484627,False,253,2993,7575
83000,0.030492285084496695,0.017415609546334122,0.029757531227038943,0.022574257425742573,2.111111111111111,2.0,1.227262335243029,/net/nfs-ip34/home/def-ilafores/ref_dbs/sourmash_db/RefSeq_20250528.k31.sbt.zip,"NZ_CP101739.1 Stutzerimonas stutzeri strain J15 chromosome, complete genome",d440d89ca9ec1d1248b78acfa9e6c1cf,0.01784562459686089,81000,2,2137000,/nfs3_ib/nfs-ip34/home/def-ilafores/analysis/MethodsComparison/AD_Skin/preproc/SRR20002381/SRR20002381_unmatched_2.fastq,SRR20002381,0c72346d,2722000,31,DNA,1000,2722,True,0.8935171697891556,0.8782088280808231,0.8858629989349893,0.8935171697891556,False,171,3164,7575
