feature	metadata	value	coef	stderr	N	N.not.0	pval	qval
Fusicatenibacter.saccharivorans	NAFLD	Negative	-0.175043352200161	0.0379279960510507	34	17	6.05967726391392e-05	0.00236327413292643
Ruminococcus.torques	NAFLD	Negative	-0.101944564702328	0.0367395202382106	34	12	0.00914516502515215	0.178330717990467
Bacteroides.stercoris	NAFLD	Negative	0.0758125877079458	0.0324408076222696	34	5	0.0258619202220725	0.24380899599837
Bacteroides.vulgatus	NAFLD	Negative	0.139424658740869	0.0630684179430203	34	15	0.0343255879297679	0.24380899599837
Blautia.obeum	NAFLD	Negative	-0.0812595731742205	0.0374403597971605	34	10	0.0375090763074416	0.24380899599837
Prevotella.copri	NAFLD	Negative	0.182514822782488	0.0829515790688253	34	10	0.0351252737577773	0.24380899599837
