intersect_bp,f_orig_query,f_match,f_unique_to_query,f_unique_weighted,average_abund,median_abund,std_abund,filename,name,md5,f_match_orig,unique_intersect_bp,gather_result_rank,remaining_bp,query_filename,query_name,query_md5,query_bp,ksize,moltype,scaled,query_n_hashes,query_abundance,query_containment_ani,match_containment_ani,average_containment_ani,max_containment_ani,potential_false_negative,n_unique_weighted_found,sum_weighted_found,total_weighted_hashes
1115000,0.0009389125792391693,0.46284765462847655,0.0009389125792391693,0.0002997108857524246,1.6995515695067265,1.0,1.039295111148934,/net/nfs-ip34/home/def-ilafores/ref_dbs/sourmash_db/RefSeq_20250528.k31.sbt.zip,"NZ_CP016610.1 Xylella fastidiosa strain Salento-2 chromosome, complete genome",56d6b5eff29883bd6ec76cec621d068f,0.46284765462847655,1115000,0,1186429000,/net/nfs-ip34//fast2/def-ilafores/Olive/preproc/SRR11659636/SRR11659636_unmatched_2.fastq,SRR11659636,a9c9520d,1187544000,31,DNA,1000,1187544,True,0.7986247165888191,0.9754559891946725,0.8870403528917458,0.9754559891946725,False,1895,1895,6322760
265000,0.00022314962645594605,0.10583067092651757,0.00022314962645594605,5.488109623012735e-05,1.3094339622641509,1.0,0.5235092585162415,/net/nfs-ip34/home/def-ilafores/ref_dbs/sourmash_db/RefSeq_20250528.k31.sbt.zip,"NZ_CP166959.1 Cutibacterium acnes strain CN6 chromosome, complete genome",18064daef001f1d66e697e21225bfb2f,0.10583067092651757,265000,1,1186164000,/net/nfs-ip34//fast2/def-ilafores/Olive/preproc/SRR11659636/SRR11659636_unmatched_2.fastq,SRR11659636,a9c9520d,1187544000,31,DNA,1000,1187544,True,0.7624524766926096,0.9301133040508707,0.8462828903717401,0.9301133040508707,False,347,2242,6322760
222000,0.00018694044178573595,0.02101010101010101,4.37878512290913e-05,1.1229273292043349e-05,1.3653846153846154,1.0,0.5199425320998374,/net/nfs-ip34/home/def-ilafores/ref_dbs/sourmash_db/RefSeq_20250528.k31.sbt.zip,"NZ_CP136361.1 Cutibacterium acnes subsp. defendens strain 11-79 chromosome, complete genome",a2b2d2df9a4e3367f380e698706070d6,0.08969696969696969,52000,2,1186112000,/net/nfs-ip34//fast2/def-ilafores/Olive/preproc/SRR11659636/SRR11659636_unmatched_2.fastq,SRR11659636,a9c9520d,1187544000,31,DNA,1000,1187544,True,0.7581102409865775,0.925163813874597,0.8416370274305873,0.925163813874597,False,71,2313,6322760
