feature	metadata	value	coef	stderr	N	N.not.0	pval	qval
Fusicatenibacter.saccharivorans	NAFLD	Negative	-0.11353402399468	0.0344975887642054	35	18	0.00238192009714271	0.11121623707809
Phocaeicola.vulgatus	NAFLD	Negative	0.150646122189855	0.0465305114424985	35	17	0.00274607992785407	0.11121623707809
Mediterraneibacter.faecis	NAFLD	Negative	-0.0951833758847104	0.0315675771424755	35	11	0.00491090310733933	0.132594383898162
Bifidobacterium.adolescentis	NAFLD	Negative	-0.121524839225575	0.0467539083879186	35	20	0.0138634566307421	0.205506961078382
Blautia.wexlerae	NAFLD	Negative	-0.123719475647102	0.0489679087262607	35	23	0.0164962544763579	0.205506961078382
Dorea.formicigenerans	NAFLD	Negative	-0.0550416776151361	0.0225721055956636	35	11	0.0202969838102105	0.205506961078382
Monoglobus.pectinilyticus	NAFLD	Negative	0.0402832655906369	0.016262486922217	35	5	0.0185426290492448	0.205506961078382
Segatella.copri	NAFLD	Negative	0.155482871962312	0.0613423174688298	35	10	0.0161803954530785	0.205506961078382
