feature	metadata	value	coef	stderr	N	N.not.0	pval	qval
Bacteroidaceae	NAFLD	Negative	0.24510000759589	0.0752229560187397	34	26	0.00265648630668485	0.0478167535203272
Lactobacillaceae	NAFLD	Negative	-0.0887165922108028	0.0310448332719868	34	6	0.00744289650740381	0.0493990822882732
Prevotellaceae	NAFLD	Negative	0.214348127865634	0.0760852215414456	34	10	0.00823318038137886	0.0493990822882732
Bifidobacteriaceae	NAFLD	Negative	-0.163985450328257	0.0680591581950256	34	26	0.0219035142714395	0.0845538537858007
Lachnospiraceae	NAFLD	Negative	-0.197623536439071	0.0830657396779933	34	34	0.0234871816071669	0.0845538537858007
