intersect_bp,f_orig_query,f_match,f_unique_to_query,f_unique_weighted,average_abund,median_abund,std_abund,match_filename,match_name,match_md5,f_match_orig,unique_intersect_bp,gather_result_rank,remaining_bp,query_filename,query_name,query_md5,query_bp,ksize,moltype,scaled,query_n_hashes,query_abundance,query_containment_ani,match_containment_ani,average_containment_ani,max_containment_ani,n_unique_weighted_found,sum_weighted_found,total_weighted_hashes
1228000,0.0009554613407736903,0.5097550850975509,0.0009554613407736903,0.00024958854765084,1.5708469055374592,1.0,0.9009750053555541,signatures/fc62e5aa4937498e3c78b22605d0c016.sig.gz,"GCA_002117875.1 Xylella fastidiosa subsp. pauca strain=De Donno, ASM211787v1",fc62e5aa4937498e3c78b22605d0c016,0.5097550850975509,1228000,0,1284015000,/net/nfs-ip34//fast2/def-ilafores/Olive/preproc/SRR11659629/SRR11659629_unmatched_2.fastq,SRR11659629,784e71d2705cc5e0c0a9c7c9d684003a,1285243000,31,DNA,1000,1285243,true,0.7990749568012604,0.9784982438345473,0.8887866003179039,0.9784982438345473,1929,1929,7728720
51000,0.00003968121203538942,0.00663544106167057,0.00003968121203538942,0.0005026705586436047,76.17647058823529,4.0,274.8493851992505,signatures/49c31b36f0e2cfcc6284d22e24c5619f.sig.gz,"GCA_902143315.1 Beggiatoa sp. 'Gulf of Mexico', GOM9_contigs",49c31b36f0e2cfcc6284d22e24c5619f,0.00663544106167057,51000,1,1283964000,/net/nfs-ip34//fast2/def-ilafores/Olive/preproc/SRR11659629/SRR11659629_unmatched_2.fastq,SRR11659629,784e71d2705cc5e0c0a9c7c9d684003a,1285243000,31,DNA,1000,1285243,true,0.7211388096245717,0.8506242024562436,0.7858815060404076,0.8506242024562436,3885,5814,7728720
