intersect_bp,f_orig_query,f_match,f_unique_to_query,f_unique_weighted,average_abund,median_abund,std_abund,match_filename,match_name,match_md5,f_match_orig,unique_intersect_bp,gather_result_rank,remaining_bp,query_filename,query_name,query_md5,query_bp,ksize,moltype,scaled,query_n_hashes,query_abundance,query_containment_ani,match_containment_ani,average_containment_ani,max_containment_ani,n_unique_weighted_found,sum_weighted_found,total_weighted_hashes
55000,0.00004233732843759863,0.007155867811605517,0.00004233732843759863,0.0005133216938756673,71.69090909090909,4.0,263.1522112409313,signatures/49c31b36f0e2cfcc6284d22e24c5619f.sig.gz,"GCA_902143315.1 Beggiatoa sp. 'Gulf of Mexico', GOM9_contigs",49c31b36f0e2cfcc6284d22e24c5619f,0.007155867811605517,55000,0,1299035000,/net/nfs-ip34//fast2/def-ilafores/Olive/preproc/SRR11659624/SRR11659624_unmatched_2.fastq,SRR11659624,bc6c8a2277ed66c15ca38aab5b3f2d71,1299090000,31,DNA,1000,1299090,true,0.7226475970440417,0.8526986165466941,0.787673106795368,0.8526986165466941,3943,3943,7681343
54000,0.00004156755882964229,0.022131147540983605,0.00004156755882964229,7.5507629329923164e-6,1.0740740740740742,1.0,0.26189140043946213,signatures/de2cb6ec6bb409c5704a61533ab3f4a4.sig.gz,"GCA_020254065.1 Cutibacterium sp., ASM2025406v1",de2cb6ec6bb409c5704a61533ab3f4a4,0.022131147540983605,54000,1,1298981000,/net/nfs-ip34//fast2/def-ilafores/Olive/preproc/SRR11659624/SRR11659624_unmatched_2.fastq,SRR11659624,bc6c8a2277ed66c15ca38aab5b3f2d71,1299090000,31,DNA,1000,1299090,true,0.7222199829342328,0.8843272955585478,0.8032736392463904,0.8843272955585478,58,4001,7681343
