intersect_bp,f_orig_query,f_match,f_unique_to_query,f_unique_weighted,average_abund,median_abund,std_abund,match_filename,match_name,match_md5,f_match_orig,unique_intersect_bp,gather_result_rank,remaining_bp,query_filename,query_name,query_md5,query_bp,ksize,moltype,scaled,query_n_hashes,query_abundance,query_containment_ani,match_containment_ani,average_containment_ani,max_containment_ani,n_unique_weighted_found,sum_weighted_found,total_weighted_hashes
263000,0.13377416073245169,0.07900270351456894,0.13377416073245169,0.08462421113023523,2.2433460076045626,2.0,1.7747980718572156,signatures/c496a4411c90087001e59759f20ff8c8.sig.gz,"GCA_021295295.1 Enterococcus faecalis strain=7946/98, ASM2129529v1",c496a4411c90087001e59759f20ff8c8,0.07900270351456894,263000,0,1703000,/nfs3_ib/nfs-ip34/home/def-ilafores/analysis/MethodsComparison/AD_Skin/preproc/SRR20002460/SRR20002460_unmatched_2.fastq,SRR20002460,e307f2d7562df44296333abe4c09e2cf,1966000,31,DNA,1000,1966,true,0.9371701755742256,0.9213827199141339,0.9292764477441797,0.9371701755742256,590,590,6972
251000,0.12767039674465921,0.10258514567090685,0.1271617497456765,0.08204245553643144,2.288,2.0,1.8344088966203802,signatures/28811c36f0e3d705df5a500bdbeae118.sig.gz,"GCA_000736475.1 Staphylococcus warneri strain=NGS-ED-1001, ASM73647v1",28811c36f0e3d705df5a500bdbeae118,0.10299548625359048,250000,1,1453000,/nfs3_ib/nfs-ip34/home/def-ilafores/analysis/MethodsComparison/AD_Skin/preproc/SRR20002460/SRR20002460_unmatched_2.fastq,SRR20002460,e307f2d7562df44296333abe4c09e2cf,1966000,31,DNA,1000,1966,true,0.9357594039287649,0.9292989052999554,0.9325291546143601,0.9357594039287649,572,1162,6972
