intersect_bp,f_orig_query,f_match,f_unique_to_query,f_unique_weighted,average_abund,median_abund,std_abund,match_filename,match_name,match_md5,f_match_orig,unique_intersect_bp,gather_result_rank,remaining_bp,query_filename,query_name,query_md5,query_bp,ksize,moltype,scaled,query_n_hashes,query_abundance,query_containment_ani,match_containment_ani,average_containment_ani,max_containment_ani,n_unique_weighted_found,sum_weighted_found,total_weighted_hashes
156000,0.09258160237388724,0.021615629763059443,0.09258160237388724,0.07261653783087374,1.9871794871794872,2.0,1.3492028961441793,signatures/ed637ce0849ed00dc0eb3a30f8e4230c.sig.gz,"GCA_021667175.1 Pseudomonas aeruginosa strain=PS07, PDT000866453.1",ed637ce0849ed00dc0eb3a30f8e4230c,0.021615629763059443,156000,0,1529000,/nfs3_ib/nfs-ip34/home/def-ilafores/analysis/MethodsComparison/AD_Skin/preproc/SRR20002470/SRR20002470_unmatched_2.fastq,SRR20002470,f72b190c48df0e00f91ce7ce83a4332e,1685000,31,DNA,1000,1685,true,0.9261089619263981,0.8836551955042459,0.904882078715322,0.9261089619263981,310,310,4269
90000,0.05341246290801187,0.021339220014716703,0.05163204747774481,0.03396579995315062,1.6666666666666667,1.0,0.9549227165776376,signatures/7b2e6c817a0634c4bc2e68ca6d223d8f.sig.gz,"GCA_003331695.1 Pseudomonas sp., ASM333169v1",7b2e6c817a0634c4bc2e68ca6d223d8f,0.02207505518763797,87000,1,1442000,/nfs3_ib/nfs-ip34/home/def-ilafores/analysis/MethodsComparison/AD_Skin/preproc/SRR20002470/SRR20002470_unmatched_2.fastq,SRR20002470,f72b190c48df0e00f91ce7ce83a4332e,1685000,31,DNA,1000,1685,true,0.9098215368872222,0.8842549046147322,0.8970382207509773,0.9098215368872222,145,455,4269
