intersect_bp,f_orig_query,f_match,f_unique_to_query,f_unique_weighted,average_abund,median_abund,std_abund,match_filename,match_name,match_md5,f_match_orig,unique_intersect_bp,gather_result_rank,remaining_bp,query_filename,query_name,query_md5,query_bp,ksize,moltype,scaled,query_n_hashes,query_abundance,query_containment_ani,match_containment_ani,average_containment_ani,max_containment_ani,n_unique_weighted_found,sum_weighted_found,total_weighted_hashes
127000,0.1026677445432498,0.01533816425120773,0.1026677445432498,0.09264884568651276,2.4015748031496065,2.0,1.8368915995075747,signatures/783595459cf65f830f55d50d49021ca2.sig.gz,"GCA_016092185.1 Burkholderia contaminans strain=407H, ASM1609218v1",783595459cf65f830f55d50d49021ca2,0.01533816425120773,127000,0,1110000,/nfs3_ib/nfs-ip34/home/def-ilafores/analysis/MethodsComparison/AD_Skin/preproc/SRR20002407/SRR20002407_unmatched_2.fastq,SRR20002407,6f64f3628aac2ae8e1f88db3ddd3a6d3,1237000,31,DNA,1000,1237,true,0.9292033671489943,0.8739298246266515,0.901566595887823,0.9292033671489943,305,305,3292
70000,0.056588520614389654,0.009699321047526674,0.056588520614389654,0.04647630619684082,2.1857142857142855,2.0,1.8461764127349194,signatures/ed637ce0849ed00dc0eb3a30f8e4230c.sig.gz,"GCA_021667175.1 Pseudomonas aeruginosa strain=PS07, PDT000866453.1",ed637ce0849ed00dc0eb3a30f8e4230c,0.009699321047526674,70000,1,1040000,/nfs3_ib/nfs-ip34/home/def-ilafores/analysis/MethodsComparison/AD_Skin/preproc/SRR20002407/SRR20002407_unmatched_2.fastq,SRR20002407,6f64f3628aac2ae8e1f88db3ddd3a6d3,1237000,31,DNA,1000,1237,true,0.9115183801541983,0.8611051211896377,0.886311750671918,0.9115183801541983,153,458,3292
