intersect_bp,f_orig_query,f_match,f_unique_to_query,f_unique_weighted,average_abund,median_abund,std_abund,match_filename,match_name,match_md5,f_match_orig,unique_intersect_bp,gather_result_rank,remaining_bp,query_filename,query_name,query_md5,query_bp,ksize,moltype,scaled,query_n_hashes,query_abundance,query_containment_ani,match_containment_ani,average_containment_ani,max_containment_ani,n_unique_weighted_found,sum_weighted_found,total_weighted_hashes
127000,0.04665686994856723,0.018080865603644646,0.04665686994856723,0.03419141914191419,2.0393700787401574,2.0,1.238500330143733,signatures/c8b8e9d15eb5a2ff5486d9a7c440b61d.sig.gz,"GCF_004349905.1 Pseudomonas aeruginosa strain=165, ASM434990v1",c8b8e9d15eb5a2ff5486d9a7c440b61d,0.018080865603644646,127000,0,2595000,/nfs3_ib/nfs-ip34/home/def-ilafores/analysis/MethodsComparison/AD_Skin/preproc/SRR20002381/SRR20002381_unmatched_2.fastq,SRR20002381,0c72346dcdc336e1d69bbc561d83f552,2722000,31,DNA,1000,2722,true,0.9058614821484627,0.8785799035811797,0.8922206928648212,0.9058614821484627,259,259,7575
99000,0.03637031594415871,0.02403728231542801,0.03600293901542983,0.02574257425742574,1.989795918367347,2.0,1.1111209449331134,signatures/7b2e6c817a0634c4bc2e68ca6d223d8f.sig.gz,"GCA_003331695.1 Pseudomonas sp., ASM333169v1",7b2e6c817a0634c4bc2e68ca6d223d8f,0.024282560706401765,98000,1,2497000,/nfs3_ib/nfs-ip34/home/def-ilafores/analysis/MethodsComparison/AD_Skin/preproc/SRR20002381/SRR20002381_unmatched_2.fastq,SRR20002381,0c72346dcdc336e1d69bbc561d83f552,2722000,31,DNA,1000,2722,true,0.898612563665212,0.8869777492879275,0.8927951564765697,0.898612563665212,195,454,7575
