intersect_bp,f_orig_query,f_match,f_unique_to_query,f_unique_weighted,average_abund,median_abund,std_abund,match_filename,match_name,match_md5,f_match_orig,unique_intersect_bp,gather_result_rank,remaining_bp,query_filename,query_name,query_md5,query_bp,ksize,moltype,scaled,query_n_hashes,query_abundance,query_containment_ani,match_containment_ani,average_containment_ani,max_containment_ani,n_unique_weighted_found,sum_weighted_found,total_weighted_hashes
6310000,0.5614878092187222,0.9649793546413825,0.5614878092187222,0.8812600865018397,10.81743264659271,10.0,6.688183899107773,signatures/d5d77a790051563930b63e3b50541bf6.sig.gz,"GCF_001452075.1 Pseudomonas aeruginosa strain=WH-SGI-V-07630, WH-SGI-V-07630",d5d77a790051563930b63e3b50541bf6,0.9649793546413825,6310000,0,4928000,/nfs3_ib/nfs-ip34/home/def-ilafores/analysis/MethodsComparison/AD_Skin/preproc/SRR20002485/SRR20002485_unmatched_2.fastq,SRR20002485,d42f4afec41bfad3ff18db1bdbd34e1c,11238000,31,DNA,1000,11238,true,0.9815540158723026,0.9988507070073288,0.9902023614398157,0.9988507070073288,68258,68258,77455
51000,0.004538174052322477,0.017305734645402103,0.004538174052322477,0.0014847330708153122,2.2549019607843137,2.0,1.72459870018008,signatures/5a56db8eb91372e0504d47c084cc1ee5.sig.gz,"GCF_021295215.1 Enterococcus faecalis strain=753/12, ASM2129521v1",5a56db8eb91372e0504d47c084cc1ee5,0.017305734645402103,51000,1,4877000,/nfs3_ib/nfs-ip34/home/def-ilafores/analysis/MethodsComparison/AD_Skin/preproc/SRR20002485/SRR20002485_unmatched_2.fastq,SRR20002485,d42f4afec41bfad3ff18db1bdbd34e1c,11238000,31,DNA,1000,11238,true,0.8402635428991412,0.8773389703976188,0.85880125664838,0.8773389703976188,115,68373,77455
