intersect_bp,f_orig_query,f_match,f_unique_to_query,f_unique_weighted,average_abund,median_abund,std_abund,match_filename,match_name,match_md5,f_match_orig,unique_intersect_bp,gather_result_rank,remaining_bp,query_filename,query_name,query_md5,query_bp,ksize,moltype,scaled,query_n_hashes,query_abundance,query_containment_ani,match_containment_ani,average_containment_ani,max_containment_ani,n_unique_weighted_found,sum_weighted_found,total_weighted_hashes
318000,0.2260127931769723,0.13327745180217937,0.2260127931769723,0.22957339117859726,1.9968553459119496,2.0,1.8214280589811251,signatures/6fbb9cd02f9cef2f6a4242d72e76cb03.sig.gz,"GCF_015273895.1 Staphylococcus epidermidis strain=R5986, ASM1527389v1",6fbb9cd02f9cef2f6a4242d72e76cb03,0.13327745180217937,318000,0,1089000,/nfs3_ib/nfs-ip34/home/def-ilafores/analysis/MethodsComparison/AD_Skin/preproc/SRR20002458/SRR20002458_unmatched_2.fastq,SRR20002458,ee61bb65d58ab7a50f1e1eaa17723226,1407000,31,DNA,1000,1407,true,0.9531595013033676,0.9370577233711384,0.945108612337253,0.9531595013033676,635,635,2766
54000,0.03837953091684435,0.007751937984496124,0.03837953091684435,0.04266088214027477,2.185185185185185,2.0,1.5643490431068796,signatures/259dab6bb1a40b2944bd98aab58ae33d.sig.gz,"GCF_022408595.1 Pseudomonas aeruginosa strain=L00022914, ASM2240859v1",259dab6bb1a40b2944bd98aab58ae33d,0.007751937984496124,54000,1,1035000,/nfs3_ib/nfs-ip34/home/def-ilafores/analysis/MethodsComparison/AD_Skin/preproc/SRR20002458/SRR20002458_unmatched_2.fastq,SRR20002458,ee61bb65d58ab7a50f1e1eaa17723226,1407000,31,DNA,1000,1407,true,0.9001726125945361,0.854902251701648,0.877537432148092,0.9001726125945361,118,753,2766
