intersect_bp,f_orig_query,f_match,f_unique_to_query,f_unique_weighted,average_abund,median_abund,std_abund,match_filename,match_name,match_md5,f_match_orig,unique_intersect_bp,gather_result_rank,remaining_bp,query_filename,query_name,query_md5,query_bp,ksize,moltype,scaled,query_n_hashes,query_abundance,query_containment_ani,match_containment_ani,average_containment_ani,max_containment_ani,n_unique_weighted_found,sum_weighted_found,total_weighted_hashes
276000,0.12137203166226913,0.03962101636520241,0.12137203166226913,0.12721825305369902,2.0,2.0,1.245280947289069,signatures/259dab6bb1a40b2944bd98aab58ae33d.sig.gz,"GCF_022408595.1 Pseudomonas aeruginosa strain=L00022914, ASM2240859v1",259dab6bb1a40b2944bd98aab58ae33d,0.03962101636520241,276000,0,1998000,/nfs3_ib/nfs-ip34/home/def-ilafores/analysis/MethodsComparison/AD_Skin/preproc/SRR20002451/SRR20002451_unmatched_2.fastq,SRR20002451,3f5745487b7039a291e51df5723bfd31,2274000,31,DNA,1000,2274,true,0.9342335067309224,0.901097518977657,0.9176655128542897,0.9342335067309224,552,552,4339
153000,0.06728232189973615,0.03630120186411577,0.06508355321020229,0.05946070523162019,1.7432432432432432,1.0,1.1157449433766486,signatures/7b2e6c817a0634c4bc2e68ca6d223d8f.sig.gz,"GCA_003331695.1 Pseudomonas sp., ASM333169v1",7b2e6c817a0634c4bc2e68ca6d223d8f,0.037527593818984545,148000,1,1850000,/nfs3_ib/nfs-ip34/home/def-ilafores/analysis/MethodsComparison/AD_Skin/preproc/SRR20002451/SRR20002451_unmatched_2.fastq,SRR20002451,3f5745487b7039a291e51df5723bfd31,2274000,31,DNA,1000,2274,true,0.9166221631001435,0.8995210140717234,0.9080715885859334,0.9166221631001435,258,810,4339
