intersect_bp,f_orig_query,f_match,f_unique_to_query,f_unique_weighted,average_abund,median_abund,std_abund,match_filename,match_name,match_md5,f_match_orig,unique_intersect_bp,gather_result_rank,remaining_bp,query_filename,query_name,query_md5,query_bp,ksize,moltype,scaled,query_n_hashes,query_abundance,query_containment_ani,match_containment_ani,average_containment_ani,max_containment_ani,n_unique_weighted_found,sum_weighted_found,total_weighted_hashes
1846000,0.0014431526083068052,0.3292313179953629,0.0014431526083068052,0.0003749401829331889,1.4469122426868906,1.0,0.9205424350605409,signatures/14b98d15e4f33095764346ebe8d3dd7a.sig.gz,"GCF_002699855.1 Pseudomonas amygdali strain=ICMP 3918, ASM269985v1",14b98d15e4f33095764346ebe8d3dd7a,0.3292313179953629,1846000,0,1277298000,/net/nfs-ip34//fast2/def-ilafores/Olive/preproc/SRR11659625/SRR11659625_unmatched_2.fastq,SRR11659625,856e5a7614c780848487efc7e954a4ae,1279144000,31,DNA,1000,1279144,true,0.8097760195592328,0.9647960587136796,0.8872860391364562,0.9647960587136796,2671,2671,7123803
702000,0.0005488045130180809,0.017244082144536762,0.00008599500916237734,0.0000227406625365693,1.4727272727272727,1.0,0.8496961051307581,signatures/5a1b02d01f0dc2a61c388b1a48a98ade.sig.gz,"GCF_022836805.1 Pseudomonas sp. RGM3321 strain=RGM3321, ASM2283680v1",5a1b02d01f0dc2a61c388b1a48a98ade,0.11004859695877096,110000,1,1277188000,/net/nfs-ip34//fast2/def-ilafores/Olive/preproc/SRR11659625/SRR11659625_unmatched_2.fastq,SRR11659625,856e5a7614c780848487efc7e954a4ae,1279144000,31,DNA,1000,1279144,true,0.7849101135060484,0.9312866369284756,0.858098375217262,0.9312866369284756,162,2833,7123803
194000,0.00015166392525001095,0.011941316956670079,0.00005472409673969467,0.00004141046573017249,4.214285714285714,3.0,6.306216563593324,signatures/8f3e3826ac6c2718edde322a8ee4f956.sig.gz,"GCF_900100365.1 Pseudomonas cannabina strain=ICMP 2823, IMG-taxon 2667527432 annotated assembly",8f3e3826ac6c2718edde322a8ee4f956,0.03309450699419993,70000,2,1277118000,/net/nfs-ip34//fast2/def-ilafores/Olive/preproc/SRR11659625/SRR11659625_unmatched_2.fastq,SRR11659625,856e5a7614c780848487efc7e954a4ae,1279144000,31,DNA,1000,1279144,true,0.7530133132434368,0.8958807209749319,0.8244470171091843,0.8958807209749319,295,3128,7123803
