feature	metadata	value	coef	stderr	N	N.not.0	pval	qval
Bacteroidaceae	Group	Negative	0.196678278781911	0.049247706239695	35	35	0.000342571788126609	0.0397383274226866
Clostridiales.unclassified	Group	Negative	0.00853508797125375	0.00256803357663285	35	19	0.00218364561079541	0.113253936432053
Tannerellaceae	Group	Negative	0.0535608664694303	0.0166689093094371	35	31	0.00292898111462205	0.113253936432053
Lachnospiraceae	Group	Negative	-0.191730701423187	0.064471837949334	35	35	0.0054612417059011	0.126700807576906
Rikenellaceae	Group	Negative	0.0989431486712518	0.0326327107950825	35	33	0.00470271593643158	0.126700807576906
Bifidobacteriaceae	Group	Negative	-0.109928965894058	0.0400555096922019	35	35	0.00972880947735504	0.188090316562197
Streptococcaceae	Group	Negative	-0.0317733219354827	0.011930526075505	35	35	0.0118741049701685	0.196770882362792
Burkholderiaceae	Group	Negative	-0.00783794309341722	0.00310486980071992	35	9	0.0165802477714193	0.24041359268558
