feature	metadata	value	coef	stderr	N	N.not.0	pval	qval
Bacteroidaceae	NAFLD	Negative	0.212762315691244	0.0564040098402893	35	22	0.000639312005596042	0.0172614241510931
Rikenellaceae	NAFLD	Negative	0.120897958201387	0.0371259898450847	35	18	0.00261209796218124	0.0352633224894468
Lachnospiraceae	NAFLD	Negative	-0.205493587783756	0.0673335160574966	35	35	0.00446742970585042	0.0402068673526538
Acidaminococcaceae	NAFLD	Negative	0.0603595188626034	0.0222056740145444	35	6	0.0103782146275561	0.0700529487360039
Tannerellaceae	NAFLD	Negative	0.0523609511437044	0.0234400459083873	35	8	0.0323879443320681	0.174894899393168
Prevotellaceae	NAFLD	Negative	0.139778353772157	0.0676241449260986	35	11	0.046653177782672	0.209939300022024
