feature	metadata	value	coef	stderr	N	N.not.0	pval	qval
Bacteroides	NAFLD	Negative	0.281069721698369	0.0725966020466991	34	24	0.000501579436014702	0.0120379064643529
Fusicatenibacter	NAFLD	Negative	-0.137219876817815	0.0407753176099405	34	17	0.00200020172577621	0.0240024207093145
Parabacteroides	NAFLD	Negative	0.0878117938034889	0.0339297538178734	34	9	0.0143963012527679	0.115170410022143
Anaerostipes	NAFLD	Negative	-0.0982664319664654	0.046691888512956	34	14	0.043272421199347	0.115393123198259
Bifidobacterium	NAFLD	Negative	-0.159370768611484	0.0732379980676835	34	25	0.037044126616371	0.115393123198259
Collinsella	NAFLD	Negative	-0.0960327261207052	0.041932181876975	34	17	0.0287475407279132	0.115393123198259
Lachnospiraceae.unclassified	NAFLD	Negative	-0.139700006206422	0.0648759467005102	34	19	0.0389313916809967	0.115393123198259
Prevotella	NAFLD	Negative	0.173443141912403	0.0797374223766601	34	9	0.0371163110649146	0.115393123198259
Ruthenibacterium	NAFLD	Negative	0.0500108689083632	0.0207826224241516	34	5	0.0220595354614905	0.115393123198259
