intersect_bp,f_orig_query,f_match,f_unique_to_query,f_unique_weighted,average_abund,median_abund,std_abund,match_filename,match_name,match_md5,f_match_orig,unique_intersect_bp,gather_result_rank,remaining_bp,query_filename,query_name,query_md5,query_bp,ksize,moltype,scaled,query_n_hashes,query_abundance,query_containment_ani,match_containment_ani,average_containment_ani,max_containment_ani,n_unique_weighted_found,sum_weighted_found,total_weighted_hashes
133000,0.00009634120723500736,0.10725806451612903,0.00009634120723500736,0.00001486610493690198,1.105263157894737,1.0,0.3304851274561792,signatures/cf0fb52980047e275097880b54264030.sig.gz,"GCA_000376605.1 Wolbachia endosymbiont of Drosophila simulans wHa strain=wHa, ASM37660v1",cf0fb52980047e275097880b54264030,0.10725806451612903,133000,0,1380377000,/net/nfs-ip34//fast2/def-ilafores/Olive/preproc/SRR11659630/SRR11659630_unmatched_2.fastq,SRR11659630,ecc81c3be0ac40ede96bb156d2d6ed0f,1380510000,31,DNA,1000,1380510,true,0.7420711560511604,0.9305153611665029,0.8362932586088316,0.9305153611665029,147,147,9888266
53000,0.00003839160889816083,0.006895654436638044,0.00003839160889816083,0.0005038294884057528,94.0,3.0,348.89994240658837,signatures/49c31b36f0e2cfcc6284d22e24c5619f.sig.gz,"GCA_902143315.1 Beggiatoa sp. 'Gulf of Mexico', GOM9_contigs",49c31b36f0e2cfcc6284d22e24c5619f,0.006895654436638044,53000,1,1380324000,/net/nfs-ip34//fast2/def-ilafores/Olive/preproc/SRR11659630/SRR11659630_unmatched_2.fastq,SRR11659630,ecc81c3be0ac40ede96bb156d2d6ed0f,1380510000,31,DNA,1000,1380510,true,0.7203706500044883,0.8516803527251505,0.7860255013648194,0.8516803527251505,4982,5129,9888266
