intersect_bp,f_orig_query,f_match,f_unique_to_query,f_unique_weighted,average_abund,median_abund,std_abund,match_filename,match_name,match_md5,f_match_orig,unique_intersect_bp,gather_result_rank,remaining_bp,query_filename,query_name,query_md5,query_bp,ksize,moltype,scaled,query_n_hashes,query_abundance,query_containment_ani,match_containment_ani,average_containment_ani,max_containment_ani,n_unique_weighted_found,sum_weighted_found,total_weighted_hashes
127000,0.1026677445432498,0.01533816425120773,0.1026677445432498,0.09264884568651276,2.4015748031496065,2.0,1.8368915995075747,signatures/783595459cf65f830f55d50d49021ca2.sig.gz,"GCF_016092185.1 Burkholderia contaminans strain=407H, ASM1609218v1",783595459cf65f830f55d50d49021ca2,0.01533816425120773,127000,0,1110000,/nfs3_ib/nfs-ip34/home/def-ilafores/analysis/MethodsComparison/AD_Skin/preproc/SRR20002407/SRR20002407_unmatched_2.fastq,SRR20002407,6f64f3628aac2ae8e1f88db3ddd3a6d3,1237000,31,DNA,1000,1237,true,0.9292033671489943,0.8739298246266515,0.901566595887823,0.9292033671489943,305,305,3292
69000,0.05578011317704123,0.009905254091300603,0.05578011317704123,0.046172539489671933,2.2028985507246377,2.0,1.8539398716460733,signatures/259dab6bb1a40b2944bd98aab58ae33d.sig.gz,"GCF_022408595.1 Pseudomonas aeruginosa strain=L00022914, ASM2240859v1",259dab6bb1a40b2944bd98aab58ae33d,0.009905254091300603,69000,1,1041000,/nfs3_ib/nfs-ip34/home/def-ilafores/analysis/MethodsComparison/AD_Skin/preproc/SRR20002407/SRR20002407_unmatched_2.fastq,SRR20002407,6f64f3628aac2ae8e1f88db3ddd3a6d3,1237000,31,DNA,1000,1237,true,0.9110953944992105,0.8616889106177895,0.8863921525585,0.9110953944992105,152,457,3292
