intersect_bp,f_orig_query,f_match,f_unique_to_query,f_unique_weighted,average_abund,median_abund,std_abund,match_filename,match_name,match_md5,f_match_orig,unique_intersect_bp,gather_result_rank,remaining_bp,query_filename,query_name,query_md5,query_bp,ksize,moltype,scaled,query_n_hashes,query_abundance,query_containment_ani,match_containment_ani,average_containment_ani,max_containment_ani,n_unique_weighted_found,sum_weighted_found,total_weighted_hashes
235000,0.08758852031308237,0.0336676217765043,0.08758852031308237,0.08505315822388994,2.3148936170212764,2.0,1.633033819848128,signatures/0afd91d9aa89f57136f533dc962b9c43.sig.gz,"GCF_004350355.1 Pseudomonas aeruginosa strain=176, ASM435035v1",0afd91d9aa89f57136f533dc962b9c43,0.0336676217765043,235000,0,2448000,/nfs3_ib/nfs-ip34/home/def-ilafores/analysis/MethodsComparison/AD_Skin/preproc/SRR20002461/SRR20002461_unmatched_2.fastq,SRR20002461,a60c961c5b2100e581326dfba3d44e71,2683000,31,DNA,1000,2683,true,0.9244541857937557,0.8963770399363755,0.9104156128650656,0.9244541857937557,544,544,6396
140000,0.05218039508013418,0.016666666666666666,0.05143496086470369,0.058786741713570984,2.7246376811594204,2.0,1.9772917942831676,signatures/783595459cf65f830f55d50d49021ca2.sig.gz,"GCF_016092185.1 Burkholderia contaminans strain=407H, ASM1609218v1",783595459cf65f830f55d50d49021ca2,0.016908212560386472,138000,1,2310000,/nfs3_ib/nfs-ip34/home/def-ilafores/analysis/MethodsComparison/AD_Skin/preproc/SRR20002461/SRR20002461_unmatched_2.fastq,SRR20002461,a60c961c5b2100e581326dfba3d44e71,2683000,31,DNA,1000,2683,true,0.9091368676167292,0.8766815387941236,0.8929092032054264,0.9091368676167292,376,920,6396
138000,0.05143496086470369,0.033112582781456956,0.050316809541557955,0.03955597248280175,1.874074074074074,1.0,1.5076576368886234,signatures/7b2e6c817a0634c4bc2e68ca6d223d8f.sig.gz,"GCA_003331695.1 Pseudomonas sp., ASM333169v1",7b2e6c817a0634c4bc2e68ca6d223d8f,0.03384841795437822,135000,2,2175000,/nfs3_ib/nfs-ip34/home/def-ilafores/analysis/MethodsComparison/AD_Skin/preproc/SRR20002461/SRR20002461_unmatched_2.fastq,SRR20002461,a60c961c5b2100e581326dfba3d44e71,2683000,31,DNA,1000,2683,true,0.9087149870910097,0.8965319144174878,0.9026234507542488,0.9087149870910097,253,1173,6396
