intersect_bp,f_orig_query,f_match,f_unique_to_query,f_unique_weighted,average_abund,median_abund,std_abund,match_filename,match_name,match_md5,f_match_orig,unique_intersect_bp,gather_result_rank,remaining_bp,query_filename,query_name,query_md5,query_bp,ksize,moltype,scaled,query_n_hashes,query_abundance,query_containment_ani,match_containment_ani,average_containment_ani,max_containment_ani,n_unique_weighted_found,sum_weighted_found,total_weighted_hashes
172000,0.10872313527180784,0.02471264367816092,0.10872313527180784,0.09916054564533054,2.197674418604651,2.0,1.8415095390382443,signatures/d699afdb13168ecdfb9908f3ef91d521.sig.gz,"GCF_003641125.1 Pseudomonas aeruginosa strain=268, ASM364112v1",d699afdb13168ecdfb9908f3ef91d521,0.02471264367816092,172000,0,1410000,/nfs3_ib/nfs-ip34/home/def-ilafores/analysis/MethodsComparison/AD_Skin/preproc/SRR20002423/SRR20002423_unmatched_2.fastq,SRR20002423,4df18d3727c63e3bd129004b956bda25,1582000,31,DNA,1000,1582,true,0.9309226815988526,0.8874802235738583,0.9092014525863554,0.9309226815988526,378,378,3812
69000,0.04361567635903919,0.016188373804267846,0.041719342604298354,0.03279118572927597,1.893939393939394,1.0,1.24473178172975,signatures/7b2e6c817a0634c4bc2e68ca6d223d8f.sig.gz,"GCA_003331695.1 Pseudomonas sp., ASM333169v1",7b2e6c817a0634c4bc2e68ca6d223d8f,0.01692420897718911,66000,1,1344000,/nfs3_ib/nfs-ip34/home/def-ilafores/analysis/MethodsComparison/AD_Skin/preproc/SRR20002423/SRR20002423_unmatched_2.fastq,SRR20002423,4df18d3727c63e3bd129004b956bda25,1582000,31,DNA,1000,1582,true,0.9038940000419481,0.8767082815677205,0.8903011408048342,0.9038940000419481,125,503,3812
