intersect_bp,f_orig_query,f_match,f_unique_to_query,f_unique_weighted,average_abund,median_abund,std_abund,match_filename,match_name,match_md5,f_match_orig,unique_intersect_bp,gather_result_rank,remaining_bp,query_filename,query_name,query_md5,query_bp,ksize,moltype,scaled,query_n_hashes,query_abundance,query_containment_ani,match_containment_ani,average_containment_ani,max_containment_ani,n_unique_weighted_found,sum_weighted_found,total_weighted_hashes
4890000,0.008375553660065566,0.7761904761904762,0.008375553660065566,0.029256251163030766,35.23783231083845,31.0,96.0594507475383,signatures/df098e390010d8add7b59e4ff0574d30.sig.gz,"GCF_000011065.1 Bacteroides thetaiotaomicron VPI-5482 strain=VPI-5482, ASM1106v1",df098e390010d8add7b59e4ff0574d30,0.7761904761904762,4890000,0,578952000,/nfs3_ib/nfs-ip34/home/def-ilafores/analysis/MethodsComparison/Feces_RA/preproc/SRR5091491/SRR5091491_unmatched_2.fastq,SRR5091491,73ba07a58ee5da0cad9c8d73f47c9913,583842000,31,DNA,1000,583842,true,0.8570387062319522,0.9918604895775228,0.9244495979047376,0.9918604895775228,172313,172313,5889784
4558000,0.007806906663104059,0.8183303085299456,0.007722979847287451,0.05842319514603592,76.3140385894877,16.0,133.3875000763379,signatures/f906f0ea3324bc6db880a742f3f0b0ba.sig.gz,"GCF_013009555.1 Bacteroides dorei strain=DSM 17855, ASM1300955v1",f906f0ea3324bc6db880a742f3f0b0ba,0.8272232304900181,4509000,1,574443000,/nfs3_ib/nfs-ip34/home/def-ilafores/analysis/MethodsComparison/Feces_RA/preproc/SRR5091491/SRR5091491_unmatched_2.fastq,SRR5091491,73ba07a58ee5da0cad9c8d73f47c9913,583842000,31,DNA,1000,583842,true,0.8550971347294374,0.9938999493082851,0.9244985420188612,0.9938999493082851,344100,516413,5889784
4509000,0.007722979847287451,0.6813000616142945,0.007575679721568506,0.0040249353796336165,5.3597106036626725,4.0,6.2334329452532975,signatures/514bdd6aa640f40cc6414be0e11ec2f6.sig.gz,"GCF_001314995.1 Bacteroides ovatus strain=ATCC 8483, ASM131499v1",514bdd6aa640f40cc6414be0e11ec2f6,0.694547134935305,4423000,2,570020000,/nfs3_ib/nfs-ip34/home/def-ilafores/analysis/MethodsComparison/Feces_RA/preproc/SRR5091491/SRR5091491_unmatched_2.fastq,SRR5091491,73ba07a58ee5da0cad9c8d73f47c9913,583842000,31,DNA,1000,583842,true,0.8547990465624603,0.9883109428174308,0.9215549946899455,0.9883109428174308,23706,540119,5889784
4114000,0.00704642694427602,0.7836640339048353,0.006967638504937979,0.004649236712246154,6.731317600786627,5.0,16.91442201520847,signatures/364f6db3e1881c45e824633d261d9452.sig.gz,"GCF_000381365.1 Bacteroides salyersiae WAL 10018 = DSM 18765 = JCM 12988 strain=DSM 18765, Bact_saly_DSM_18765_V1",364f6db3e1881c45e824633d261d9452,0.7925255249470237,4068000,3,565952000,/nfs3_ib/nfs-ip34/home/def-ilafores/analysis/MethodsComparison/Feces_RA/preproc/SRR5091491/SRR5091491_unmatched_2.fastq,SRR5091491,73ba07a58ee5da0cad9c8d73f47c9913,583842000,31,DNA,1000,583842,true,0.8522747925836393,0.9925270761993069,0.9224009343914731,0.9925270761993069,27383,567502,5889784
4079000,0.006986479218692728,0.573992308787922,0.006902552402876121,0.009106446008885894,13.308933002481389,4.0,22.808689620111426,signatures/6567e1e09256d8c7a31fd1e8d0b378f2.sig.gz,"GCF_020091405.1 Bacteroides cellulosilyticus strain=BFG-250, ASM2009140v1",6567e1e09256d8c7a31fd1e8d0b378f2,0.5809713715994873,4030000,4,561922000,/nfs3_ib/nfs-ip34/home/def-ilafores/analysis/MethodsComparison/Feces_RA/preproc/SRR5091491/SRR5091491_unmatched_2.fastq,SRR5091491,73ba07a58ee5da0cad9c8d73f47c9913,583842000,31,DNA,1000,583842,true,0.8520399289205381,0.9826346812880762,0.9173373051043072,0.9826346812880762,53635,621137,5889784
3953000,0.006770667406592879,0.8472038749449582,0.006590824229843005,0.043507028441110915,66.59225571725571,75.0,46.517783382222,signatures/2fc80b3803e2d9af5d93edb14dd1cc3b.sig.gz,GCF_025147485.1 Bacteroides uniformis strain=ATCC 8492 ASM2514748v1,2fc80b3803e2d9af5d93edb14dd1cc3b,0.8703214442976662,3848000,5,558074000,/nfs3_ib/nfs-ip34/home/def-ilafores/analysis/MethodsComparison/Feces_RA/preproc/SRR5091491/SRR5091491_unmatched_2.fastq,SRR5091491,73ba07a58ee5da0cad9c8d73f47c9913,583842000,31,DNA,1000,583842,true,0.8511779612970064,0.9955296136896085,0.9233537874933074,0.9955296136896085,256247,877384,5889784
3806000,0.0065188869591430556,0.8089158190867778,0.006402417092295518,0.0035782296939921737,5.638041733547351,2.0,26.610618284342518,signatures/ac9850d2edee4de30e0845e9082cab37.sig.gz,GCF_014385165.1 Jilunia laotingensis strain=N12 ASM1438516v1,ac9850d2edee4de30e0845e9082cab37,0.8236312486474789,3738000,6,554336000,/nfs3_ib/nfs-ip34/home/def-ilafores/analysis/MethodsComparison/Feces_RA/preproc/SRR5091491/SRR5091491_unmatched_2.fastq,SRR5091491,73ba07a58ee5da0cad9c8d73f47c9913,583842000,31,DNA,1000,583842,true,0.8501380727378754,0.9937604389307872,0.9219492558343314,0.9937604389307872,21075,898459,5889784
3714000,0.006361310080466975,0.7554871794871795,0.0063082135235217746,0.009627178178350853,15.395601411892478,14.0,27.96972204499353,signatures/5feebdfe795727335c87e462e7a7cc14.sig.gz,"GCF_000012845.1 Parabacteroides distasonis ATCC 8503 strain=ATCC 8503, ASM1284v1",5feebdfe795727335c87e462e7a7cc14,0.7618461538461538,3683000,7,550653000,/nfs3_ib/nfs-ip34/home/def-ilafores/analysis/MethodsComparison/Feces_RA/preproc/SRR5091491/SRR5091491_unmatched_2.fastq,SRR5091491,73ba07a58ee5da0cad9c8d73f47c9913,583842000,31,DNA,1000,583842,true,0.8494672959380372,0.9912638470760059,0.9203655715070216,0.9912638470760059,56702,955161,5889784
3400000,0.005823493342376876,0.7877866167524568,0.00576697120111263,0.0031485025596863993,5.5075735075735075,4.0,14.547910022877033,signatures/b37a0141517537faad74a6d2ac4d5c41.sig.gz,"GCF_000190535.1 Odoribacter splanchnicus DSM 20712 strain=DSM 220712, ASM19053v1",b37a0141517537faad74a6d2ac4d5c41,0.7955077211043519,3367000,8,547286000,/nfs3_ib/nfs-ip34/home/def-ilafores/analysis/MethodsComparison/Feces_RA/preproc/SRR5091491/SRR5091491_unmatched_2.fastq,SRR5091491,73ba07a58ee5da0cad9c8d73f47c9913,583842000,31,DNA,1000,583842,true,0.8470501971002083,0.9926473342335408,0.9198487656668746,0.9926473342335408,18544,973705,5889784
3510000,0.006011900479924363,0.7379584622182943,0.005720725812805519,0.0021342039028935528,3.7634730538922154,3.0,6.95307504695263,signatures/47030cb09435e5a03e1ce6a49f0753a5.sig.gz,"GCF_002222615.2 Bacteroides caccae strain=ATCC 43185, ASM222261v2",47030cb09435e5a03e1ce6a49f0753a5,0.7755192222713213,3340000,9,543946000,/nfs3_ib/nfs-ip34/home/def-ilafores/analysis/MethodsComparison/Feces_RA/preproc/SRR5091491/SRR5091491_unmatched_2.fastq,SRR5091491,73ba07a58ee5da0cad9c8d73f47c9913,583842000,31,DNA,1000,583842,true,0.8479206631381608,0.9918328081030746,0.9198767356206177,0.9918328081030746,12570,986275,5889784
3249000,0.005564861726288962,0.7093742837497135,0.0053010917337224794,0.0029525700772727826,5.618739903069467,5.0,6.462420586266697,signatures/a8c995daf67b413b45a7f31c15f510d6.sig.gz,GCF_025151215.1 Parabacteroides merdae ATCC 43184 strain=ATCC 43184 ASM2515121v1,a8c995daf67b413b45a7f31c15f510d6,0.7446710978684391,3095000,10,540851000,/nfs3_ib/nfs-ip34/home/def-ilafores/analysis/MethodsComparison/Feces_RA/preproc/SRR5091491/SRR5091491_unmatched_2.fastq,SRR5091491,73ba07a58ee5da0cad9c8d73f47c9913,583842000,31,DNA,1000,583842,true,0.8458098176304087,0.9905349927686968,0.9181724051995528,0.9905349927686968,17390,1003665,5889784
3344000,0.005727576981443609,0.6916013437849944,0.0052891021886058215,0.02953792532968951,56.3380829015544,52.0,38.34599708832446,signatures/a65db27ac6f6490cca7eeb016c93eea7.sig.gz,"GCF_000382445.1 Bacteroides massiliensis B84634 = Timone 84634 = DSM 17679 = JCM 13223 strain=DSM 17679, Bact_mass_DSM_17679_V1",a65db27ac6f6490cca7eeb016c93eea7,0.7489361702127659,3088000,11,537763000,/nfs3_ib/nfs-ip34/home/def-ilafores/analysis/MethodsComparison/Feces_RA/preproc/SRR5091491/SRR5091491_unmatched_2.fastq,SRR5091491,73ba07a58ee5da0cad9c8d73f47c9913,583842000,31,DNA,1000,583842,true,0.8465965255251959,0.990717495468803,0.9186570104969995,0.990717495468803,173972,1177637,5889784
3032000,0.005193185827672555,0.6502908855850033,0.005169206737439239,0.0018807141314520193,3.670311464546057,3.0,10.817373061087943,signatures/d4b0f7a75de0de86779fc9973ed01479.sig.gz,GCF_025148635.1 Butyricimonas virosa strain=DSM 23226 ASM2514863v1,d4b0f7a75de0de86779fc9973ed01479,0.6533074768368886,3018000,12,534745000,/nfs3_ib/nfs-ip34/home/def-ilafores/analysis/MethodsComparison/Feces_RA/preproc/SRR5091491/SRR5091491_unmatched_2.fastq,SRR5091491,73ba07a58ee5da0cad9c8d73f47c9913,583842000,31,DNA,1000,583842,true,0.8439259051022543,0.9863613640609371,0.9151436345815958,0.9863613640609371,11077,1188714,5889784
2828000,0.004843776227129943,0.7056179775280899,0.004840350642810898,0.004879975224897891,10.170559094125974,2.0,56.280291963106,signatures/2a410b832a719fa88b97ddf5d0e066c5.sig.gz,"GCF_003461245.1 Blautia sp. AF19-10LB strain=AF19-10LB, ASM346124v1",2a410b832a719fa88b97ddf5d0e066c5,0.7061173533083646,2826000,13,531919000,/nfs3_ib/nfs-ip34/home/def-ilafores/analysis/MethodsComparison/Feces_RA/preproc/SRR5091491/SRR5091491_unmatched_2.fastq,SRR5091491,73ba07a58ee5da0cad9c8d73f47c9913,583842000,31,DNA,1000,583842,true,0.8420318487550065,0.9888378024877086,0.9154348256213576,0.9888378024877086,28742,1217456,5889784
2795000,0.004787254085865697,0.7712707182320442,0.004782115709387129,0.0036541238184626124,7.708452722063037,3.0,28.21722101464481,signatures/74059216b7cd65a7ff314267c1b83b8e.sig.gz,"GCF_005121165.3 Dysosmobacter welbionis strain=J115, ASM512116v3",74059216b7cd65a7ff314267c1b83b8e,0.7720994475138122,2792000,14,529127000,/nfs3_ib/nfs-ip34/home/def-ilafores/analysis/MethodsComparison/Feces_RA/preproc/SRR5091491/SRR5091491_unmatched_2.fastq,SRR5091491,73ba07a58ee5da0cad9c8d73f47c9913,583842000,31,DNA,1000,583842,true,0.8417130875601464,0.9916914209127441,0.9167022542364452,0.9916914209127441,21522,1238978,5889784
4205000,0.007202291030792577,0.47930434782608694,0.004720455191644315,0.002352887644096965,5.028301886792453,4.0,5.164415493758563,signatures/c08f8e47dd318b08d89c36c36e6da9e1.sig.gz,"GCF_000210075.1 Bacteroides xylanisolvens XB1A strain=XB1A, ASM21007v1",c08f8e47dd318b08d89c36c36e6da9e1,0.731304347826087,2756000,15,526371000,/nfs3_ib/nfs-ip34/home/def-ilafores/analysis/MethodsComparison/Feces_RA/preproc/SRR5091491/SRR5091491_unmatched_2.fastq,SRR5091491,73ba07a58ee5da0cad9c8d73f47c9913,583842000,31,DNA,1000,583842,true,0.8528765047586676,0.9899564042364855,0.9214164544975765,0.9899564042364855,13858,1252836,5889784
2772000,0.004747859866196676,0.597678053136861,0.004585144611042029,0.003333568769245188,7.334329473290998,4.0,19.899314877195458,signatures/20e22b7a195404638366fe78b372a400.sig.gz,GCF_025148125.1 Blautia wexlerae DSM 19850 strain=DSM 19850 ASM2514812v1,20e22b7a195404638366fe78b372a400,0.6188881446751507,2677000,16,523694000,/nfs3_ib/nfs-ip34/home/def-ilafores/analysis/MethodsComparison/Feces_RA/preproc/SRR5091491/SRR5091491_unmatched_2.fastq,SRR5091491,73ba07a58ee5da0cad9c8d73f47c9913,583842000,31,DNA,1000,583842,true,0.8414887595064318,0.9846407644114186,0.9130647619589252,0.9846407644114186,19634,1272470,5889784
2677000,0.004585144611042029,0.589258199427691,0.004585144611042029,0.0011238103129079097,2.4725438924168848,2.0,2.4110032892344897,signatures/aa387c39ac911f35b9a9d7259ce43062.sig.gz,"GCF_000701705.1 Bilophila wadsworthia ATCC 49260 strain=ATCC 49260, ASM70170v1",aa387c39ac911f35b9a9d7259ce43062,0.589258199427691,2677000,17,521017000,/nfs3_ib/nfs-ip34/home/def-ilafores/analysis/MethodsComparison/Feces_RA/preproc/SRR5091491/SRR5091491_unmatched_2.fastq,SRR5091491,73ba07a58ee5da0cad9c8d73f47c9913,583842000,31,DNA,1000,583842,true,0.8405426897102796,0.983083720336471,0.9118132050233753,0.983083720336471,6619,1279089,5889784
2733000,0.004681060971975294,0.7375277161862528,0.004557739936489667,0.004704586789600434,10.413002630590004,6.0,19.39136972684288,signatures/48227f0b50ffcdb8b37511d627bd1277.sig.gz,"GCF_014297285.1 Dysosmobacter sp. BX15 strain=BX15, ASM1429728v1",48227f0b50ffcdb8b37511d627bd1277,0.7574833702882483,2661000,18,518356000,/nfs3_ib/nfs-ip34/home/def-ilafores/analysis/MethodsComparison/Feces_RA/preproc/SRR5091491/SRR5091491_unmatched_2.fastq,SRR5091491,73ba07a58ee5da0cad9c8d73f47c9913,583842000,31,DNA,1000,583842,true,0.8411042280058112,0.9910802227456514,0.9160922253757313,0.9910802227456514,27709,1306798,5889784
2700000,0.004624538830711049,0.6956294163831458,0.004552601560011099,0.003912707155304847,8.67005267118134,5.0,24.459635182691574,signatures/ba44e405458705e9ab11b89381454753.sig.gz,"GCF_014287515.2 Roseburia sp. NSJ-69 strain=NSJ-69, ASM1428751v2",ba44e405458705e9ab11b89381454753,0.7066213033237373,2658000,19,515698000,/nfs3_ib/nfs-ip34/home/def-ilafores/analysis/MethodsComparison/Feces_RA/preproc/SRR5091491/SRR5091491_unmatched_2.fastq,SRR5091491,73ba07a58ee5da0cad9c8d73f47c9913,583842000,31,DNA,1000,583842,true,0.8407746846181882,0.9888605599594646,0.9148176222888265,0.9888605599594646,23045,1329843,5889784
2803000,0.004800956423141878,0.6730077120822622,0.004484089873630194,0.043008877744922396,96.75821237585943,96.0,50.95663140703225,signatures/0af939165079e9d7e74d2ed29256e457.sig.gz,"GCF_003437535.1 Bacteroides plebeius strain=TF10-3AC, ASM343753v1",0af939165079e9d7e74d2ed29256e457,0.7205655526992288,2618000,20,513080000,/nfs3_ib/nfs-ip34/home/def-ilafores/analysis/MethodsComparison/Feces_RA/preproc/SRR5091491/SRR5091491_unmatched_2.fastq,SRR5091491,73ba07a58ee5da0cad9c8d73f47c9913,583842000,31,DNA,1000,583842,true,0.8417906961497845,0.9894841057788548,0.9156374009643197,0.9894841057788548,253313,1583156,5889784
2684000,0.004597134156158687,0.6389162561576355,0.004442982861801652,0.03484864640197331,79.12528912875868,71.0,55.278353180884324,signatures/659be16e24434afee44065c0476f013e.sig.gz,GCF_025567015.1 Waltera acetigignens strain=f_CXY ASM2556701v1,659be16e24434afee44065c0476f013e,0.6610837438423646,2594000,21,510486000,/nfs3_ib/nfs-ip34/home/def-ilafores/analysis/MethodsComparison/Feces_RA/preproc/SRR5091491/SRR5091491_unmatched_2.fastq,SRR5091491,73ba07a58ee5da0cad9c8d73f47c9913,583842000,31,DNA,1000,583842,true,0.8406135004040701,0.9867379280823665,0.9136757142432184,0.9867379280823665,205251,1788407,5889784
2691000,0.004609123701275345,0.6642046953310472,0.004312810657677933,0.0028226841595549177,6.602462271644162,5.0,12.323496751081395,signatures/0c12e5258167a95b3340bc8d07d5f489.sig.gz,GCF_027667425.1 Fusicatenibacter saccharivorans strain=AM67-22ACA ASM2766742v1,0c12e5258167a95b3340bc8d07d5f489,0.7098390925877077,2518000,22,507968000,/nfs3_ib/nfs-ip34/home/def-ilafores/analysis/MethodsComparison/Feces_RA/preproc/SRR5091491/SRR5091491_unmatched_2.fastq,SRR5091491,73ba07a58ee5da0cad9c8d73f47c9913,583842000,31,DNA,1000,583842,true,0.8406841326025865,0.9890055002383868,0.9148448164204867,0.9890055002383868,16625,1805032,5889784
2669000,0.004571442273765848,0.63064681724846,0.004208330335947054,0.009725993347124444,23.314611314611316,22.0,26.85376826340335,signatures/0878062848e44bf823b15b8a5d1eba75.sig.gz,GCF_025147325.1 Bacteroides stercoris ATCC 43183 strain=ATCC 43183 ASM2514732v1,0878062848e44bf823b15b8a5d1eba75,0.6850616016427105,2457000,23,505511000,/nfs3_ib/nfs-ip34/home/def-ilafores/analysis/MethodsComparison/Feces_RA/preproc/SRR5091491/SRR5091491_unmatched_2.fastq,SRR5091491,73ba07a58ee5da0cad9c8d73f47c9913,583842000,31,DNA,1000,583842,true,0.8404615434574696,0.9878726359800009,0.9141670897187353,0.9878726359800009,57284,1862316,5889784
4033000,0.006907690779354689,0.37017994858611825,0.004192915206511351,0.007134896627788048,17.16625816993464,17.0,9.620650552039573,signatures/4e1788a417277623d5d9145c388358e7.sig.gz,GCF_028539415.1 Bacteroides cellulosilyticus DSM 14838 strain=DSM 14838 ASM2853941v1,4e1788a417277623d5d9145c388358e7,0.609859367911689,2448000,24,503063000,/nfs3_ib/nfs-ip34/home/def-ilafores/analysis/MethodsComparison/Feces_RA/preproc/SRR5091491/SRR5091491_unmatched_2.fastq,SRR5091491,73ba07a58ee5da0cad9c8d73f47c9913,583842000,31,DNA,1000,583842,true,0.8517282672793989,0.9841740864902957,0.9179511768848473,0.9841740864902957,42023,1904339,5889784
2407000,0.004122690727970924,0.6036854399169478,0.003983954563049592,0.001133997443709311,2.871453138435082,2.0,3.14937412666048,signatures/2de6b86d95365c349243cb609e5c2a62.sig.gz,"GCF_000239295.1 Flavonifractor plautii ATCC 29863 strain=ATCC 29863, ASM23929v1",2de6b86d95365c349243cb609e5c2a62,0.6247080197248897,2326000,25,500737000,/nfs3_ib/nfs-ip34/home/def-ilafores/analysis/MethodsComparison/Feces_RA/preproc/SRR5091491/SRR5091491_unmatched_2.fastq,SRR5091491,73ba07a58ee5da0cad9c8d73f47c9913,583842000,31,DNA,1000,583842,true,0.8376649560403707,0.9849381015349448,0.9113015287876578,0.9849381015349448,6679,1911018,5889784
2353000,0.0040301999513567026,0.8924148606811145,0.00394969871985914,0.010481369096048344,26.77059843885516,26.0,17.029229075923375,signatures/db9feafdd9d3e3f2fb5caf52a730ce6a.sig.gz,"GCF_000154465.1 Alistipes putredinis DSM 17216 strain=DSM 17216, ASM15446v1",db9feafdd9d3e3f2fb5caf52a730ce6a,0.9106037151702786,2306000,26,498431000,/nfs3_ib/nfs-ip34/home/def-ilafores/analysis/MethodsComparison/Feces_RA/preproc/SRR5091491/SRR5091491_unmatched_2.fastq,SRR5091491,73ba07a58ee5da0cad9c8d73f47c9913,583842000,31,DNA,1000,583842,true,0.8370520623370649,0.9969836719576975,0.9170178671473812,0.9969836719576975,61733,1972751,5889784
2259000,0.0038691974883615773,0.8533690658499234,0.003817813723575899,0.0020508392158354195,5.419021982951996,5.0,4.749566506059162,signatures/09a733b1bc16d57b28af752939010678.sig.gz,"GCF_000153925.1 [Ruminococcus] torques ATCC 27756 strain=ATCC 27756, ASM15392v1",09a733b1bc16d57b28af752939010678,0.864854517611026,2229000,27,496202000,/nfs3_ib/nfs-ip34/home/def-ilafores/analysis/MethodsComparison/Feces_RA/preproc/SRR5091491/SRR5091491_unmatched_2.fastq,SRR5091491,73ba07a58ee5da0cad9c8d73f47c9913,583842000,31,DNA,1000,583842,true,0.8359519578635425,0.9953272747306781,0.9156396162971103,0.9953272747306781,12079,1984830,5889784
4016000,0.006878573312642804,0.4404,0.0037715683352687883,0.047373893507809454,126.71298819255223,140.0,74.97086509047986,signatures/960cc77fc7b96d595712107aaa1524b5.sig.gz,"GCF_000012825.1 Bacteroides vulgatus ATCC 8482 strain=ATCC 8482, ASM1282v1",960cc77fc7b96d595712107aaa1524b5,0.8032,2202000,28,494000000,/nfs3_ib/nfs-ip34/home/def-ilafores/analysis/MethodsComparison/Feces_RA/preproc/SRR5091491/SRR5091491_unmatched_2.fastq,SRR5091491,73ba07a58ee5da0cad9c8d73f47c9913,583842000,31,DNA,1000,583842,true,0.8516122166730745,0.9929555252627839,0.9222838709679292,0.9929555252627839,279022,2263852,5889784
2194000,0.0037578659979926074,0.6517590936195587,0.003744163660716427,0.0031705746764227687,8.542543458371455,8.0,5.827049249356328,signatures/291e68c00c79fc78c6a795fcc0b4b014.sig.gz,GCF_030296935.1 Coprobacter fastidiosus strain=JCM 33896 ASM3029693v1,291e68c00c79fc78c6a795fcc0b4b014,0.654144305307096,2186000,29,491814000,/nfs3_ib/nfs-ip34/home/def-ilafores/analysis/MethodsComparison/Feces_RA/preproc/SRR5091491/SRR5091491_unmatched_2.fastq,SRR5091491,73ba07a58ee5da0cad9c8d73f47c9913,583842000,31,DNA,1000,583842,true,0.835165026895017,0.9864020949740409,0.910783560934529,0.9864020949740409,18674,2282526,5889784
2177000,0.003728748531280723,0.4238707165109034,0.003728748531280723,0.0007105523733977341,1.9223702342673403,1.0,1.2522612655744958,signatures/8e0a7d74bbe4d1ab66891863c076ae96.sig.gz,"GCF_003096415.1 Victivallis vadensis strain=DSM 14823, ASM309641v1",8e0a7d74bbe4d1ab66891863c076ae96,0.4238707165109034,2177000,30,489637000,/nfs3_ib/nfs-ip34/home/def-ilafores/analysis/MethodsComparison/Feces_RA/preproc/SRR5091491/SRR5091491_unmatched_2.fastq,SRR5091491,73ba07a58ee5da0cad9c8d73f47c9913,583842000,31,DNA,1000,583842,true,0.834955491970332,0.9726918374550753,0.9038236647127036,0.9726918374550753,4185,2286711,5889784
2178000,0.003730461323440246,0.8005162241887905,0.0037184717783235875,0.0015083745006608052,4.092123445416859,3.0,3.645986499501164,signatures/6510760bacb6ffbf4ab3a7217151a0d1.sig.gz,"GCA_900551945.1 uncultured Eubacterium sp., UMGS1462",6510760bacb6ffbf4ab3a7217151a0d1,0.8030973451327433,2171000,31,487466000,/nfs3_ib/nfs-ip34/home/def-ilafores/analysis/MethodsComparison/Feces_RA/preproc/SRR5091491/SRR5091491_unmatched_2.fastq,SRR5091491,73ba07a58ee5da0cad9c8d73f47c9913,583842000,31,DNA,1000,583842,true,0.8349678613150422,0.9929514312347888,0.9139596462749155,0.9929514312347888,8884,2295595,5889784
2212000,0.0037886962568640147,0.5140543115769414,0.0036962054802497936,0.005428722004066702,14.816496756255793,9.0,29.297974865056062,signatures/cd255e017b4d3015ea771faa413a355b.sig.gz,"GCF_000233955.1 Paraprevotella clara YIT 11840 strain=YIT 11840, ASM23395v1",cd255e017b4d3015ea771faa413a355b,0.5269175797999047,2158000,32,485308000,/nfs3_ib/nfs-ip34/home/def-ilafores/analysis/MethodsComparison/Feces_RA/preproc/SRR5091491/SRR5091491_unmatched_2.fastq,SRR5091491,73ba07a58ee5da0cad9c8d73f47c9913,583842000,31,DNA,1000,583842,true,0.8353851817488964,0.9795440200915142,0.9074646009202053,0.9795440200915142,31974,2327569,5889784
2298000,0.003935996382582959,0.6433045034297644,0.003694492688090271,0.002195156902188603,5.99397311080204,3.0,31.735819291111582,signatures/7ce01a2b906489a12149e88195eade6e.sig.gz,"GCF_020687205.1 Hominisplanchenecus faecis strain=CLA-AA-H246, ASM2068720v1",7ce01a2b906489a12149e88195eade6e,0.6853563972561885,2157000,33,483151000,/nfs3_ib/nfs-ip34/home/def-ilafores/analysis/MethodsComparison/Feces_RA/preproc/SRR5091491/SRR5091491_unmatched_2.fastq,SRR5091491,73ba07a58ee5da0cad9c8d73f47c9913,583842000,31,DNA,1000,583842,true,0.8364136640655891,0.9878863460679529,0.912150005066771,0.9878863460679529,12929,2340498,5889784
2352000,0.0040284871591971805,0.6345055605650737,0.003615704248752231,0.00244796753157671,6.829938417811464,3.0,17.859230965877572,signatures/a0e45b07597836dbbf25c50a48739743.sig.gz,"GCA_020687125.1 Oscillospiraceae bacterium CLA-AA-H269 strain=CLA-AA-H269, ASM2068712v1",a0e45b07597836dbbf25c50a48739743,0.7069431920649234,2111000,34,481040000,/nfs3_ib/nfs-ip34/home/def-ilafores/analysis/MethodsComparison/Feces_RA/preproc/SRR5091491/SRR5091491_unmatched_2.fastq,SRR5091491,73ba07a58ee5da0cad9c8d73f47c9913,583842000,31,DNA,1000,583842,true,0.8370405845497277,0.9888750876544554,0.9129578361020916,0.9888750876544554,14418,2354916,5889784
2105000,0.003605427495795095,0.6969394544244844,0.003588299574199869,0.007908948783181182,22.234844868735085,21.0,13.701775163716274,signatures/96fbb89adb1fc083c4c3d4bfc23b5847.sig.gz,"GCA_003486385.1 Eubacterium sp., ASM348638v1",96fbb89adb1fc083c4c3d4bfc23b5847,0.7002661343978709,2095000,35,478945000,/nfs3_ib/nfs-ip34/home/def-ilafores/analysis/MethodsComparison/Feces_RA/preproc/SRR5091491/SRR5091491_unmatched_2.fastq,SRR5091491,73ba07a58ee5da0cad9c8d73f47c9913,583842000,31,DNA,1000,583842,true,0.8340501287854087,0.9885724151662496,0.9113112719758292,0.9885724151662496,46582,2401498,5889784
2114000,0.0036208426252307985,0.6569620253164556,0.0035557565231689394,0.00357585269680518,10.144990366088631,9.5,5.058680605656187,signatures/b6d8d2dfdb7d6c7ed581d206bd3f104c.sig.gz,"GCF_003477605.1 Clostridium sp. AF37-5 strain=AF37-5, ASM347760v1",b6d8d2dfdb7d6c7ed581d206bd3f104c,0.6689873417721519,2076000,36,476869000,/nfs3_ib/nfs-ip34/home/def-ilafores/analysis/MethodsComparison/Feces_RA/preproc/SRR5091491/SRR5091491_unmatched_2.fastq,SRR5091491,73ba07a58ee5da0cad9c8d73f47c9913,583842000,31,DNA,1000,583842,true,0.8341649240527929,0.9871162909193892,0.9106406074860911,0.9871162909193892,21061,2422559,5889784
2111000,0.003615704248752231,0.6857047428189713,0.0035163623034999195,0.0034339120076389896,9.851436921578179,8.0,10.298177222060753,signatures/26a39e5fdeb7c2d1c6b61c8b390b7046.sig.gz,"GCF_020564355.1 Lachnospira pectinoschiza strain=SL.1.13, ASM2056435v1",26a39e5fdeb7c2d1c6b61c8b390b7046,0.7050768203072812,2053000,37,474816000,/nfs3_ib/nfs-ip34/home/def-ilafores/analysis/MethodsComparison/Feces_RA/preproc/SRR5091491/SRR5091491_unmatched_2.fastq,SRR5091491,73ba07a58ee5da0cad9c8d73f47c9913,583842000,31,DNA,1000,583842,true,0.8341267116019647,0.9887907641251173,0.911458737863541,0.9887907641251173,20225,2442784,5889784
2082000,0.0035660332761260753,0.7227191413237924,0.0034598401622356733,0.004139880172176093,12.070792079207921,11.0,9.501820480408869,signatures/5229119e2aa175d63f96a9ce9dfd479c.sig.gz,"GCF_000146185.1 [Eubacterium] eligens ATCC 27750 strain=ATCC 27750, ASM14618v1",5229119e2aa175d63f96a9ce9dfd479c,0.7449016100178891,2020000,38,472796000,/nfs3_ib/nfs-ip34/home/def-ilafores/analysis/MethodsComparison/Feces_RA/preproc/SRR5091491/SRR5091491_unmatched_2.fastq,SRR5091491,73ba07a58ee5da0cad9c8d73f47c9913,583842000,31,DNA,1000,583842,true,0.8337545911843879,0.9905448822248593,0.9121497367046236,0.9905448822248593,24383,2467167,5889784
2056000,0.0035215006799784875,0.6564136125654451,0.003435861072002357,0.0013360422046037681,3.9227318045862414,2.0,11.061529704189441,signatures/113e1b016999535a9bb6780825b9783d.sig.gz,"GCA_900538475.1 uncultured Clostridium sp., UMGS34",113e1b016999535a9bb6780825b9783d,0.6727748691099477,2006000,39,470790000,/nfs3_ib/nfs-ip34/home/def-ilafores/analysis/MethodsComparison/Feces_RA/preproc/SRR5091491/SRR5091491_unmatched_2.fastq,SRR5091491,73ba07a58ee5da0cad9c8d73f47c9913,583842000,31,DNA,1000,583842,true,0.8334166764772406,0.9872960776112467,0.9103563770442437,0.9872960776112467,7869,2475036,5889784
2061000,0.0035300646407761004,0.48590179873602335,0.0034238715268856985,0.0009319526828148537,2.745872936468234,2.0,8.066658987429213,signatures/4edd699389284f85ac20f9344f953c5f.sig.gz,"GCF_000949455.1 Ruthenibacterium lactatiformans strain=585-1, ASM94945v1",4edd699389284f85ac20f9344f953c5f,0.5009722897423432,1999000,40,468791000,/nfs3_ib/nfs-ip34/home/def-ilafores/analysis/MethodsComparison/Feces_RA/preproc/SRR5091491/SRR5091491_unmatched_2.fastq,SRR5091491,73ba07a58ee5da0cad9c8d73f47c9913,583842000,31,DNA,1000,583842,true,0.833481980036644,0.9779498200456854,0.9057159000411648,0.9779498200456854,5489,2480525,5889784
2013000,0.003447850617119015,0.6108007448789572,0.0033707749699404977,0.0026063774155384986,7.800304878048781,7.0,5.436744518915703,signatures/56a187d0b325a22e72d7369e11bd76b9.sig.gz,"GCF_006542665.1 Alistipes communis strain=5CBH24, Acom_1.0",56a187d0b325a22e72d7369e11bd76b9,0.6247672253258846,1968000,41,466823000,/nfs3_ib/nfs-ip34/home/def-ilafores/analysis/MethodsComparison/Feces_RA/preproc/SRR5091491/SRR5091491_unmatched_2.fastq,SRR5091491,73ba07a58ee5da0cad9c8d73f47c9913,583842000,31,DNA,1000,583842,true,0.8328486358790295,0.9849411125507965,0.908894874214913,0.9849411125507965,15351,2495876,5889784
1945000,0.0033313807502714774,0.8690795352993744,0.0033313807502714774,0.0032288111075041122,9.777377892030849,9.0,5.810840176907962,signatures/d6ec1bf8f193a3a0129b996a97606afd.sig.gz,"GCF_003269275.1 Phascolarctobacterium faecium DSM 14760 strain=DSM 14760, ASM326927v1",d6ec1bf8f193a3a0129b996a97606afd,0.8690795352993744,1945000,42,464878000,/nfs3_ib/nfs-ip34/home/def-ilafores/analysis/MethodsComparison/Feces_RA/preproc/SRR5091491/SRR5091491_unmatched_2.fastq,SRR5091491,73ba07a58ee5da0cad9c8d73f47c9913,583842000,31,DNA,1000,583842,true,0.8319259166985287,0.9954837570084398,0.9137048368534842,0.9954837570084398,19017,2514893,5889784
2054000,0.003518075095659442,0.5733931240657698,0.003285135361964367,0.005565229556805479,17.089676746611055,15.0,20.34446036566636,signatures/2761b9bfb8ee41b7d2e36ef75953884e.sig.gz,"GCF_001406815.1 Roseburia faecis strain=M72, M72",2761b9bfb8ee41b7d2e36ef75953884e,0.614050822122571,1918000,43,462960000,/nfs3_ib/nfs-ip34/home/def-ilafores/analysis/MethodsComparison/Feces_RA/preproc/SRR5091491/SRR5091491_unmatched_2.fastq,SRR5091491,73ba07a58ee5da0cad9c8d73f47c9913,583842000,31,DNA,1000,583842,true,0.8333905120110304,0.9843915593570857,0.908891035684058,0.9843915593570857,32778,2547671,5889784
1908000,0.003268007440369141,0.47524247064828995,0.003189219001031101,0.001034163561855579,3.271213748657358,3.0,4.333445793745407,signatures/6501011acd325617cc2e04b178f8f630.sig.gz,GCF_025145645.1 Alistipes senegalensis JC50 strain=JC50 ASM2514564v1,6501011acd325617cc2e04b178f8f630,0.4869831546707504,1862000,44,461098000,/nfs3_ib/nfs-ip34/home/def-ilafores/analysis/MethodsComparison/Feces_RA/preproc/SRR5091491/SRR5091491_unmatched_2.fastq,SRR5091491,73ba07a58ee5da0cad9c8d73f47c9913,583842000,31,DNA,1000,583842,true,0.8314106471326462,0.9770567839012368,0.9042337155169415,0.9770567839012368,6091,2553762,5889784
2009000,0.003440999448480925,0.48737506575486583,0.003173803871595397,0.0011750855379416292,3.7350242849433353,2.0,12.960084366665955,signatures/a8487ccc34a799adb014d58e14274aaf.sig.gz,GCA_025758065.1 Lachnospiraceae bacterium ASM2575806v1,a8487ccc34a799adb014d58e14274aaf,0.5284061020515518,1853000,45,459245000,/nfs3_ib/nfs-ip34/home/def-ilafores/analysis/MethodsComparison/Feces_RA/preproc/SRR5091491/SRR5091491_unmatched_2.fastq,SRR5091491,73ba07a58ee5da0cad9c8d73f47c9913,583842000,31,DNA,1000,583842,true,0.8327951993161324,0.9796331620056009,0.9062141806608667,0.9796331620056009,6921,2560683,5889784
1984000,0.0033981796444928596,0.5648034398034398,0.003149824781362081,0.0014616834844877163,4.681348558999456,4.0,7.984803070440844,signatures/475be866757b5ae72a1570438ae17b63.sig.gz,"GCF_003478335.1 Clostridium sp. AM49-4BH strain=AM49-4BH, ASM347833v1",475be866757b5ae72a1570438ae17b63,0.6093366093366094,1839000,46,457406000,/nfs3_ib/nfs-ip34/home/def-ilafores/analysis/MethodsComparison/Feces_RA/preproc/SRR5091491/SRR5091491_unmatched_2.fastq,SRR5091491,73ba07a58ee5da0cad9c8d73f47c9913,583842000,31,DNA,1000,583842,true,0.8324588696493123,0.9841468618662084,0.9083028657577603,0.9841468618662084,8609,2569292,5889784
2003000,0.003430722695523789,0.4376357056694813,0.0031070049773740155,0.000999017960590745,3.2436604189636165,2.0,15.7426642774602,signatures/928b2d7b80c57c283b973481c1cf1d26.sig.gz,"GCF_020554845.1 Blautia faecis strain=DFI.3.66, ASM2055484v1",928b2d7b80c57c283b973481c1cf1d26,0.483232810615199,1814000,47,455592000,/nfs3_ib/nfs-ip34/home/def-ilafores/analysis/MethodsComparison/Feces_RA/preproc/SRR5091491/SRR5091491_unmatched_2.fastq,SRR5091491,73ba07a58ee5da0cad9c8d73f47c9913,583842000,31,DNA,1000,583842,true,0.8327148511047601,0.976813149387305,0.9047640002460325,0.976813149387305,5884,2575176,5889784
1970000,0.0033742005542595427,0.48654525686327804,0.0030658979655454727,0.0007930681328890839,2.6094972067039106,2.0,5.300787258252756,signatures/00a8594ef7630a9c5be143440e63af25.sig.gz,"GCF_014385005.1 Jingyaoa shaoxingensis strain=NSJ-46, ASM1438500v1",00a8594ef7630a9c5be143440e63af25,0.5354715955422669,1790000,48,453802000,/nfs3_ib/nfs-ip34/home/def-ilafores/analysis/MethodsComparison/Feces_RA/preproc/SRR5091491/SRR5091491_unmatched_2.fastq,SRR5091491,73ba07a58ee5da0cad9c8d73f47c9913,583842000,31,DNA,1000,583842,true,0.8322687291327554,0.9800530002589629,0.9061608646958592,0.9800530002589629,4671,2579847,5889784
1898000,0.003250879518773915,0.6362339514978602,0.0030556212125883372,0.0018117812130292045,5.981502242152466,3.0,20.147360562951732,signatures/7ab97adfe1aa84492d9fd6e33d09a40b.sig.gz,"GCF_014287955.1 Lachnospira sp. NSJ-43 strain=NSJ-43, ASM1428795v1",7ab97adfe1aa84492d9fd6e33d09a40b,0.6768901569186876,1784000,49,452018000,/nfs3_ib/nfs-ip34/home/def-ilafores/analysis/MethodsComparison/Feces_RA/preproc/SRR5091491/SRR5091491_unmatched_2.fastq,SRR5091491,73ba07a58ee5da0cad9c8d73f47c9913,583842000,31,DNA,1000,583842,true,0.8312697249728829,0.9874903155212048,0.9093800202470439,0.9874903155212048,10671,2590518,5889784
2014000,0.003449563409278538,0.5397692774741955,0.0030453444596312018,0.0034430804253602508,11.405511811023622,8.0,16.56691489935533,signatures/41ced143ca0b5e61a031abb93ac88d51.sig.gz,GCF_020687045.1 Brotocaccenecus cirricatena strain=CLA-AA-H272 ASM2068704v1,41ced143ca0b5e61a031abb93ac88d51,0.6114146933819065,1778000,50,450240000,/nfs3_ib/nfs-ip34/home/def-ilafores/analysis/MethodsComparison/Feces_RA/preproc/SRR5091491/SRR5091491_unmatched_2.fastq,SRR5091491,73ba07a58ee5da0cad9c8d73f47c9913,583842000,31,DNA,1000,583842,true,0.8328619789636041,0.9842549525821815,0.9085584657728929,0.9842549525821815,20279,2610797,5889784
1784000,0.0030556212125883372,0.5957732304595773,0.0030419188753121563,0.0015844384106446009,5.254504504504505,5.0,3.433158721722358,signatures/a5ad7c2533187a7fdaf238ebeb236ee8.sig.gz,GCF_951793255.1 Desulfovibrio piger DSM32187,a5ad7c2533187a7fdaf238ebeb236ee8,0.5984568936598457,1776000,51,448464000,/nfs3_ib/nfs-ip34/home/def-ilafores/analysis/MethodsComparison/Feces_RA/preproc/SRR5091491/SRR5091491_unmatched_2.fastq,SRR5091491,73ba07a58ee5da0cad9c8d73f47c9913,583842000,31,DNA,1000,583842,true,0.8296103813033813,0.9835750691433534,0.9065927252233673,0.9835750691433534,9332,2620129,5889784
1980000,0.003391328475854769,0.519157648435215,0.003040206083152634,0.001245037169444584,4.131267605633803,2.0,7.739651506071159,signatures/8c91537000df08516afde1ea4eac7752.sig.gz,GCF_025149785.1 Coprococcus comes ATCC 27758 strain=ATCC 27758 ASM2514978v1,8c91537000df08516afde1ea4eac7752,0.5791167007897046,1775000,52,446689000,/nfs3_ib/nfs-ip34/home/def-ilafores/analysis/MethodsComparison/Feces_RA/preproc/SRR5091491/SRR5091491_unmatched_2.fastq,SRR5091491,73ba07a58ee5da0cad9c8d73f47c9913,583842000,31,DNA,1000,583842,true,0.8324046766181362,0.9825333335085652,0.9074690050633507,0.9825333335085652,7333,2627462,5889784
1814000,0.0031070049773740155,0.512329561937917,0.0030247909537169304,0.0009175209141795353,3.060022650056625,2.0,6.612800209692073,signatures/8c264a558b00116d93f31f085905a4ee.sig.gz,"GCA_001916965.1 Roseburia sp. CAG:10041_57, ASM191696v1",8c264a558b00116d93f31f085905a4ee,0.5262547142442704,1766000,53,444923000,/nfs3_ib/nfs-ip34/home/def-ilafores/analysis/MethodsComparison/Feces_RA/preproc/SRR5091491/SRR5091491_unmatched_2.fastq,SRR5091491,73ba07a58ee5da0cad9c8d73f47c9913,583842000,31,DNA,1000,583842,true,0.8300567867232068,0.9795042451521516,0.9047805159376792,0.9795042451521516,5404,2632866,5889784
2058000,0.0035249262642975325,0.430898321816387,0.002990535110526478,0.001602265889547053,5.404925544100802,2.0,15.217828771174117,signatures/2297ea50ecdd1c8050ea75a720bbf9de.sig.gz,"GCF_000174195.1 Roseburia inulinivorans DSM 16841 strain=DSM 16841, ASM17419v1",2297ea50ecdd1c8050ea75a720bbf9de,0.5078973346495558,1746000,54,443177000,/nfs3_ib/nfs-ip34/home/def-ilafores/analysis/MethodsComparison/Feces_RA/preproc/SRR5091491/SRR5091491_unmatched_2.fastq,SRR5091491,73ba07a58ee5da0cad9c8d73f47c9913,583842000,31,DNA,1000,583842,true,0.8334428163242458,0.9783830070410333,0.9059129116826395,0.9783830070410333,9437,2642303,5889784
1775000,0.003040206083152634,0.7282841249465126,0.0029151722555074834,0.0013606611040404878,4.708578143360752,2.0,15.759306182406219,signatures/2e8f8e349a6c7ac173d5f4f52e009efc.sig.gz,GCA_025757645.1 Clostridiales bacterium ASM2575764v1,2e8f8e349a6c7ac173d5f4f52e009efc,0.7595207531022679,1702000,55,441475000,/nfs3_ib/nfs-ip34/home/def-ilafores/analysis/MethodsComparison/Feces_RA/preproc/SRR5091491/SRR5091491_unmatched_2.fastq,SRR5091491,73ba07a58ee5da0cad9c8d73f47c9913,583842000,31,DNA,1000,583842,true,0.8294750424476908,0.9911661007740389,0.9103205716108649,0.9911661007740389,8014,2650317,5889784
1758000,0.0030110886164407494,0.5754361956893602,0.002880916412317031,0.009414606715628281,32.9667063020214,30.0,25.390460158000778,signatures/df3b4f1c13844c81b29c16b0c900e1c5.sig.gz,GCA_025757845.1 Oscillospiraceae bacterium ASM2575784v1,df3b4f1c13844c81b29c16b0c900e1c5,0.6014368799178926,1682000,56,439793000,/nfs3_ib/nfs-ip34/home/def-ilafores/analysis/MethodsComparison/Feces_RA/preproc/SRR5091491/SRR5091491_unmatched_2.fastq,SRR5091491,73ba07a58ee5da0cad9c8d73f47c9913,583842000,31,DNA,1000,583842,true,0.8292175806178345,0.9837326788505311,0.9064751297341828,0.9837326788505311,55450,2705767,5889784
1733000,0.002968268812452684,0.5705062861026163,0.002875778035838463,0.004136654247422316,14.511018463371053,14.0,9.548083579169125,signatures/5a0b5e0a07aed23520f18cb9b671cee1.sig.gz,GCF_025567345.1 Coprococcus ammoniilyticus strain=H1_22 ASM2556734v1,5a0b5e0a07aed23520f18cb9b671cee1,0.5888549099558273,1679000,57,438114000,/nfs3_ib/nfs-ip34/home/def-ilafores/analysis/MethodsComparison/Feces_RA/preproc/SRR5091491/SRR5091491_unmatched_2.fastq,SRR5091491,73ba07a58ee5da0cad9c8d73f47c9913,583842000,31,DNA,1000,583842,true,0.8288345494951236,0.9830620091317004,0.9059482793134119,0.9830620091317004,24364,2730131,5889784
1679000,0.002875778035838463,0.6287964004499438,0.002872352451519418,0.008838864039835756,31.042933810375672,31.0,10.631096834101182,signatures/80f26dd40c8004952f43028785be154b.sig.gz,"GCA_003531585.1 Ruminococcaceae bacterium, ASM353158v1",80f26dd40c8004952f43028785be154b,0.629546306711661,1677000,58,436437000,/nfs3_ib/nfs-ip34/home/def-ilafores/analysis/MethodsComparison/Feces_RA/preproc/SRR5091491/SRR5091491_unmatched_2.fastq,SRR5091491,73ba07a58ee5da0cad9c8d73f47c9913,583842000,31,DNA,1000,583842,true,0.8279886175440825,0.9851832558008041,0.9065859366724434,0.9851832558008041,52059,2782190,5889784
2291000,0.003924006837466301,0.40524781341107874,0.0028569373220837142,0.0008657363326057458,3.056954436450839,2.0,5.02091484974398,signatures/06f53d8a347ef84d19961ba77261cd81.sig.gz,GCA_003471165.1 Ruminococcus sp. AM22-13 strain=AM22-13 ASM347116v1,06f53d8a347ef84d19961ba77261cd81,0.5566083576287658,1668000,59,434769000,/nfs3_ib/nfs-ip34/home/def-ilafores/analysis/MethodsComparison/Feces_RA/preproc/SRR5091491/SRR5091491_unmatched_2.fastq,SRR5091491,73ba07a58ee5da0cad9c8d73f47c9913,583842000,31,DNA,1000,583842,true,0.8363313548675435,0.981277693543256,0.9088045242053997,0.981277693543256,5099,2787289,5889784
1682000,0.002880916412317031,0.6242038216560509,0.002853511737764669,0.0015239947678896205,5.387755102040816,5.0,2.912438676103894,signatures/77570cb1188a2147959b27003864417e.sig.gz,"GCA_000437755.1 Roseburia sp. CAG:303, MGS303",77570cb1188a2147959b27003864417e,0.6301985762457849,1666000,60,433103000,/nfs3_ib/nfs-ip34/home/def-ilafores/analysis/MethodsComparison/Feces_RA/preproc/SRR5091491/SRR5091491_unmatched_2.fastq,SRR5091491,73ba07a58ee5da0cad9c8d73f47c9913,583842000,31,DNA,1000,583842,true,0.8280362999357521,0.9852161664998939,0.906626233217823,0.9852161664998939,8976,2796265,5889784
1696000,0.0029048955025503475,0.620045731707317,0.0027867128435432875,0.0010165058684664836,3.679778733866011,3.0,2.802247399100902,signatures/9d842f452bc2873386caa06583d801ad.sig.gz,GCF_030296915.1 Anaerostipes hadrus ATCC 29173 = JCM 17467 strain=JCM 17467 ASM3029691v1,9d842f452bc2873386caa06583d801ad,0.6463414634146342,1627000,61,431476000,/nfs3_ib/nfs-ip34/home/def-ilafores/analysis/MethodsComparison/Feces_RA/preproc/SRR5091491/SRR5091491_unmatched_2.fastq,SRR5091491,73ba07a58ee5da0cad9c8d73f47c9913,583842000,31,DNA,1000,583842,true,0.8282577351151685,0.9860203347756096,0.9071390349453891,0.9860203347756096,5987,2802252,5889784
1663000,0.0028483733612861013,0.6268656716417911,0.0027336162865980863,0.000794086845969224,2.930451127819549,2.0,3.6596492493904256,signatures/6febeb764d7d5f08ed9a060afaab0854.sig.gz,"GCF_014287435.1 Roseburia sp. NSJ-9 strain=NSJ-9, ASM1428743v1",6febeb764d7d5f08ed9a060afaab0854,0.6531814611154753,1596000,62,429880000,/nfs3_ib/nfs-ip34/home/def-ilafores/analysis/MethodsComparison/Feces_RA/preproc/SRR5091491/SRR5091491_unmatched_2.fastq,SRR5091491,73ba07a58ee5da0cad9c8d73f47c9913,583842000,31,DNA,1000,583842,true,0.8277329106403131,0.9863552261299995,0.9070440683851563,0.9863552261299995,4677,2806929,5889784
1708000,0.002925449008464619,0.5304347826086957,0.0027164883650028604,0.0012312845428626923,4.572509457755359,3.0,11.172672068163587,signatures/dfa3dbf060ad74d93551cac84a908cf9.sig.gz,GCA_025758045.1 Oscillospiraceae bacterium ASM2575804v1,dfa3dbf060ad74d93551cac84a908cf9,0.57123745819398,1586000,63,428294000,/nfs3_ib/nfs-ip34/home/def-ilafores/analysis/MethodsComparison/Feces_RA/preproc/SRR5091491/SRR5091491_unmatched_2.fastq,SRR5091491,73ba07a58ee5da0cad9c8d73f47c9913,583842000,31,DNA,1000,583842,true,0.8284461332870576,0.9820992439522898,0.9052726886196737,0.9820992439522898,7252,2814181,5889784
1586000,0.0027164883650028604,0.5978511128165771,0.002668530184536227,0.00920407267906599,34.79460847240051,34.0,12.674615415776874,signatures/7210cf649ef9f8e195811dbdfaede100.sig.gz,"GCA_000436475.1 Eubacterium sp. CAG:248, MGS248",7210cf649ef9f8e195811dbdfaede100,0.6085955487336915,1558000,64,426736000,/nfs3_ib/nfs-ip34/home/def-ilafores/analysis/MethodsComparison/Feces_RA/preproc/SRR5091491/SRR5091491_unmatched_2.fastq,SRR5091491,73ba07a58ee5da0cad9c8d73f47c9913,583842000,31,DNA,1000,583842,true,0.8264680320858127,0.984108229583457,0.9052881308346348,0.984108229583457,54210,2868391,5889784
1682000,0.002880916412317031,0.4835505896958411,0.002668530184536227,0.000616830770024843,2.33183568677792,2.0,1.5929564455573653,signatures/d857a1209d50af1cfcfc6c682397f261.sig.gz,"GCF_000173975.1 Anaerobutyricum hallii DSM 3353 strain=DSM 3353, ASM17397v1",d857a1209d50af1cfcfc6c682397f261,0.5220360024829298,1558000,65,425178000,/nfs3_ib/nfs-ip34/home/def-ilafores/analysis/MethodsComparison/Feces_RA/preproc/SRR5091491/SRR5091491_unmatched_2.fastq,SRR5091491,73ba07a58ee5da0cad9c8d73f47c9913,583842000,31,DNA,1000,583842,true,0.8280362999357521,0.9792499613454673,0.9036431306406096,0.9792499613454673,3633,2872024,5889784
1546000,0.0026479766786219557,0.5304228257133036,0.0026428383021433882,0.004563495028001027,17.419313026571615,17.0,8.683448117344616,signatures/b6273adea5d5c285fe4ed6563af91c7d.sig.gz,"GCA_000437595.1 Faecalibacterium sp. CAG:74, MGS74",b6273adea5d5c285fe4ed6563af91c7d,0.5314541079408731,1543000,66,423635000,/nfs3_ib/nfs-ip34/home/def-ilafores/analysis/MethodsComparison/Feces_RA/preproc/SRR5091491/SRR5091491_unmatched_2.fastq,SRR5091491,73ba07a58ee5da0cad9c8d73f47c9913,583842000,31,DNA,1000,583842,true,0.825787298316615,0.9798149396542111,0.902801118985413,0.9798149396542111,26878,2898902,5889784
1806000,0.0030933026400978346,0.40641569459172855,0.002625710380548162,0.0013195730098081696,5.06979778212655,2.0,14.742086484574186,signatures/47a8a8805c519f2455918c9990c029e5.sig.gz,"GCF_003481985.1 Clostridium sp. OF09-36 strain=OF09-36, ASM348198v1",47a8a8805c519f2455918c9990c029e5,0.47879109225874866,1533000,67,422102000,/nfs3_ib/nfs-ip34/home/def-ilafores/analysis/MethodsComparison/Feces_RA/preproc/SRR5091491/SRR5091491_unmatched_2.fastq,SRR5091491,73ba07a58ee5da0cad9c8d73f47c9913,583842000,31,DNA,1000,583842,true,0.8299384478934649,0.9765222228366751,0.90323033536507,0.9765222228366751,7772,2906674,5889784
1549000,0.0026531150551005237,0.4847619047619048,0.0026154336275910264,0.0009243123347138027,3.5651604453176162,3.0,5.162662952339334,signatures/e5a32b2a854d7d11d95473daa59c62b8.sig.gz,"GCA_000438155.1 Firmicutes bacterium CAG:95, MGS95",e5a32b2a854d7d11d95473daa59c62b8,0.49174603174603176,1527000,68,420575000,/nfs3_ib/nfs-ip34/home/def-ilafores/analysis/MethodsComparison/Feces_RA/preproc/SRR5091491/SRR5091491_unmatched_2.fastq,SRR5091491,73ba07a58ee5da0cad9c8d73f47c9913,583842000,31,DNA,1000,583842,true,0.8258389412398403,0.9773635918069173,0.9016012665233788,0.9773635918069173,5444,2912118,5889784
1515000,0.002594880121676755,0.5804821150855366,0.0025571986941672576,0.0010289002109415218,4.0589417280643,4.0,3.105513659450835,signatures/11b12ed097cb7e30959e8560eed13c72.sig.gz,"GCA_000432135.1 Firmicutes bacterium CAG:124, MGS124",11b12ed097cb7e30959e8560eed13c72,0.5890357698289269,1493000,69,419082000,/nfs3_ib/nfs-ip34/home/def-ilafores/analysis/MethodsComparison/Feces_RA/preproc/SRR5091491/SRR5091491_unmatched_2.fastq,SRR5091491,73ba07a58ee5da0cad9c8d73f47c9913,583842000,31,DNA,1000,583842,true,0.8252479021744898,0.9830717475540488,0.9041598248642693,0.9830717475540488,6060,2918178,5889784
1555000,0.0026633918080576596,0.4814935064935065,0.0025400707725720313,0.0006535044409098873,2.595414699932569,2.0,5.229155312911827,signatures/7ea1b3c55be6e308fa316078f05fe4e8.sig.gz,GCF_025567565.1 Muriventricola aceti strain=H5_61 ASM2556756v1,7ea1b3c55be6e308fa316078f05fe4e8,0.5048701298701299,1483000,70,417599000,/nfs3_ib/nfs-ip34/home/def-ilafores/analysis/MethodsComparison/Feces_RA/preproc/SRR5091491/SRR5091491_unmatched_2.fastq,SRR5091491,73ba07a58ee5da0cad9c8d73f47c9913,583842000,31,DNA,1000,583842,true,0.8259419373489431,0.9781943518841103,0.9020681446165266,0.9781943518841103,3849,2922027,5889784
1575000,0.0026976476512481115,0.4925074925074925,0.0025332196039339412,0.0008852616666417648,3.5253549695740367,2.0,12.269533258238097,signatures/191c09c142a47f535bbf4dfad956a69b.sig.gz,"GCF_014287775.1 Eubacterium sp. BX4 strain=BX4, ASM1428777v1",191c09c142a47f535bbf4dfad956a69b,0.5244755244755245,1479000,71,416120000,/nfs3_ib/nfs-ip34/home/def-ilafores/analysis/MethodsComparison/Feces_RA/preproc/SRR5091491/SRR5091491_unmatched_2.fastq,SRR5091491,73ba07a58ee5da0cad9c8d73f47c9913,583842000,31,DNA,1000,583842,true,0.8262825014842292,0.9793972455016515,0.9028398734929404,0.9793972455016515,5214,2927241,5889784
1620000,0.002774723298426629,0.5363901018922853,0.002524655643136328,0.02778947411314235,111.04070556309362,113.0,31.597446327631523,signatures/bd30a80e9e49a6b7322d7f92c2d7f7d5.sig.gz,GCF_025567465.1 Roseburia amylophila strain=Sanger_19 ASM2556746v1,bd30a80e9e49a6b7322d7f92c2d7f7d5,0.5895196506550219,1474000,72,414646000,/nfs3_ib/nfs-ip34/home/def-ilafores/analysis/MethodsComparison/Feces_RA/preproc/SRR5091491/SRR5091491_unmatched_2.fastq,SRR5091491,73ba07a58ee5da0cad9c8d73f47c9913,583842000,31,DNA,1000,583842,true,0.8270337170418738,0.9830977879568069,0.9050657524993404,0.9830977879568069,163674,3090915,5889784
1659000,0.002841522192648011,0.46848,0.002507527721541102,0.0013530207559394368,5.4433060109289615,4.0,6.145731025298708,signatures/d4fd080d293594c8d9ae0a347ac64fa4.sig.gz,"GCF_900167555.1 Gemmiger formicilis strain=ATCC 27749, IMG-taxon 2590828806 annotated assembly",d4fd080d293594c8d9ae0a347ac64fa4,0.53088,1464000,73,413182000,/nfs3_ib/nfs-ip34/home/def-ilafores/analysis/MethodsComparison/Feces_RA/preproc/SRR5091491/SRR5091491_unmatched_2.fastq,SRR5091491,73ba07a58ee5da0cad9c8d73f47c9913,583842000,31,DNA,1000,583842,true,0.8276686119348395,0.9797807781285097,0.9037246950316746,0.9797807781285097,7969,3098884,5889784
1718000,0.002942576930059845,0.433956574185766,0.0024647079175530366,0.001131790232035674,4.632383599722029,2.0,13.241030922019206,signatures/fc95d81881dbf484815547131bbb9759.sig.gz,"GCA_003480725.1 Clostridiaceae bacterium AM27-36LB strain=AM27-36LB, ASM348072v1",fc95d81881dbf484815547131bbb9759,0.5180940892641737,1439000,74,411743000,/nfs3_ib/nfs-ip34/home/def-ilafores/analysis/MethodsComparison/Feces_RA/preproc/SRR5091491/SRR5091491_unmatched_2.fastq,SRR5091491,73ba07a58ee5da0cad9c8d73f47c9913,583842000,31,DNA,1000,583842,true,0.8286021558272252,0.9790105579810391,0.9038063569041321,0.9790105579810391,6666,3105550,5889784
1654000,0.002832958231850398,0.467536704730832,0.002454431164595901,0.020643880998012832,84.84856943475226,81.0,89.47647275262233,signatures/bd681f037c8727969d76c66ba8a64b88.sig.gz,"GCF_000235885.1 Prevotella stercorea DSM 18206 strain=DSM 18206, ASM23588v1",bd681f037c8727969d76c66ba8a64b88,0.5396411092985318,1433000,75,410310000,/nfs3_ib/nfs-ip34/home/def-ilafores/analysis/MethodsComparison/Feces_RA/preproc/SRR5091491/SRR5091491_unmatched_2.fastq,SRR5091491,73ba07a58ee5da0cad9c8d73f47c9913,583842000,31,DNA,1000,583842,true,0.8275880272442949,0.9802982484382537,0.9039431378412743,0.9802982484382537,121588,3227138,5889784
1483000,0.0025400707725720313,0.4889040628200751,0.002452718372436378,0.0008090279711446125,3.327513966480447,3.0,2.957732497900138,signatures/423e927cb11bff8ed2bc0d1c431fc5ce.sig.gz,GCA_937967235.1 uncultured Clostridia bacterium ERR1600602_bin.57_CONCOCT_v1.1_MAG,423e927cb11bff8ed2bc0d1c431fc5ce,0.506316148856265,1432000,76,408878000,/nfs3_ib/nfs-ip34/home/def-ilafores/analysis/MethodsComparison/Feces_RA/preproc/SRR5091491/SRR5091491_unmatched_2.fastq,SRR5091491,73ba07a58ee5da0cad9c8d73f47c9913,583842000,31,DNA,1000,583842,true,0.8246797848370345,0.9782846038374567,0.9014821943372456,0.9782846038374567,4765,3231903,5889784
1421000,0.0024338776586816297,0.5668406262545163,0.0024184625292459263,0.0010384081996894963,4.331444759206799,4.0,2.5047948145132506,signatures/b3810b56786cbf0bba3daaee17ef7b9a.sig.gz,"GCA_900539195.1 uncultured Ruminococcaceae bacterium, UMGS108",b3810b56786cbf0bba3daaee17ef7b9a,0.5704536330790847,1412000,77,407466000,/nfs3_ib/nfs-ip34/home/def-ilafores/analysis/MethodsComparison/Feces_RA/preproc/SRR5091491/SRR5091491_unmatched_2.fastq,SRR5091491,73ba07a58ee5da0cad9c8d73f47c9913,583842000,31,DNA,1000,583842,true,0.8235444718247765,0.9820557444096056,0.902800108117191,0.9820557444096056,6116,3238019,5889784
1706000,0.0029220234241455734,0.4129470883830919,0.002392770646853087,0.0006299042545533079,2.6556907659269866,2.0,6.508481733302713,signatures/ba9c097781d61e9512f594f3c5dee5f9.sig.gz,"GCA_003573975.1 Clostridiales bacterium CCNA10 strain=CCNA10, ASM357397v1",ba9c097781d61e9512f594f3c5dee5f9,0.5042861365651788,1397000,78,406069000,/nfs3_ib/nfs-ip34/home/def-ilafores/analysis/MethodsComparison/Feces_RA/preproc/SRR5091491/SRR5091491_unmatched_2.fastq,SRR5091491,73ba07a58ee5da0cad9c8d73f47c9913,583842000,31,DNA,1000,583842,true,0.8284148227224877,0.9781578315416878,0.9032863271320877,0.9781578315416878,3710,3241729,5889784
1483000,0.0025400707725720313,0.4752022511431586,0.002313982207515047,0.0007341525597543136,3.2005921539600295,2.0,3.7699029713286123,signatures/5dc2f5d267187c4e6e4642ffb4f5dea4.sig.gz,"GCA_900545175.1 uncultured Clostridiales bacterium, UMGS754",5dc2f5d267187c4e6e4642ffb4f5dea4,0.5216320787900105,1351000,79,404718000,/nfs3_ib/nfs-ip34/home/def-ilafores/analysis/MethodsComparison/Feces_RA/preproc/SRR5091491/SRR5091491_unmatched_2.fastq,SRR5091491,73ba07a58ee5da0cad9c8d73f47c9913,583842000,31,DNA,1000,583842,true,0.8246797848370345,0.9792255105275597,0.9019526476822971,0.9792255105275597,4324,3246053,5889784
1481000,0.0025366451882529862,0.3546325878594249,0.0022814391564841175,0.0006327906082803715,2.798048048048048,2.0,4.938410076915589,signatures/981003820b07cf0506a203ee425a0184.sig.gz,GCF_025567095.1 Anthropogastromicrobium aceti strain=H6_35 ASM2556709v1,981003820b07cf0506a203ee425a0184,0.3943024494142705,1332000,80,403386000,/nfs3_ib/nfs-ip34/home/def-ilafores/analysis/MethodsComparison/Feces_RA/preproc/SRR5091491/SRR5091491_unmatched_2.fastq,SRR5091491,73ba07a58ee5da0cad9c8d73f47c9913,583842000,31,DNA,1000,583842,true,0.8246438847038319,0.970425591847111,0.8975347382754715,0.970425591847111,3727,3249780,5889784
1331000,0.0022797263643245945,0.49278045168456125,0.0022797263643245945,0.0006910270393617152,3.0578512396694215,3.0,1.8999279227392811,signatures/f3a90d4e5528864a5bcc8434b0d0c3b1.sig.gz,"GCF_000020225.1 Akkermansia muciniphila ATCC BAA-835 strain=ATCC BAA-835, ASM2022v1",f3a90d4e5528864a5bcc8434b0d0c3b1,0.49278045168456125,1331000,81,402055000,/nfs3_ib/nfs-ip34/home/def-ilafores/analysis/MethodsComparison/Feces_RA/preproc/SRR5091491/SRR5091491_unmatched_2.fastq,SRR5091491,73ba07a58ee5da0cad9c8d73f47c9913,583842000,31,DNA,1000,583842,true,0.8218080865425685,0.9774298453057341,0.8996189659241514,0.9774298453057341,4070,3253850,5889784
1329000,0.0022763007800055495,0.6772055073941866,0.002274587987846027,0.009932792102392889,44.0527108433735,43.0,12.640842387506689,signatures/7a4047ba2801180a4e73042a8d125271.sig.gz,"GCA_019117105.1 Candidatus Duodenibacillus intestinigallinarum, ASM1911710v1",7a4047ba2801180a4e73042a8d125271,0.6777154513003569,1328000,82,400727000,/nfs3_ib/nfs-ip34/home/def-ilafores/analysis/MethodsComparison/Feces_RA/preproc/SRR5091491/SRR5091491_unmatched_2.fastq,SRR5091491,73ba07a58ee5da0cad9c8d73f47c9913,583842000,31,DNA,1000,583842,true,0.8217682229330883,0.9875291310721865,0.9046486770026374,0.9875291310721865,58502,3312352,5889784
1739000,0.0029785455654098196,0.1903663109316412,0.002260885650569846,0.0009845861919554266,4.3931818181818185,1.0,21.011161150834475,signatures/7bec1ae993b5f6e62a33605521b56d90.sig.gz,"GCF_000315485.1 Bacteroides oleiciplenus YIT 12058 strain=YIT 12058, Bact_olei_YIT_12058_V1",7bec1ae993b5f6e62a33605521b56d90,0.2507931929622152,1320000,83,399407000,/nfs3_ib/nfs-ip34/home/def-ilafores/analysis/MethodsComparison/Feces_RA/preproc/SRR5091491/SRR5091491_unmatched_2.fastq,SRR5091491,73ba07a58ee5da0cad9c8d73f47c9913,583842000,31,DNA,1000,583842,true,0.828926962336677,0.9563637109680957,0.8926453366523863,0.9563637109680957,5799,3318151,5889784
1329000,0.0022763007800055495,0.6075418994413407,0.0022351937681770067,0.0004708152285380924,2.124904214559387,2.0,1.4680872464669603,signatures/19cdfbee6fc6e92ebe37b013b1570229.sig.gz,"GCA_900544405.1 uncultured Clostridiales bacterium, UMGS670",19cdfbee6fc6e92ebe37b013b1570229,0.6187150837988827,1305000,84,398102000,/nfs3_ib/nfs-ip34/home/def-ilafores/analysis/MethodsComparison/Feces_RA/preproc/SRR5091491/SRR5091491_unmatched_2.fastq,SRR5091491,73ba07a58ee5da0cad9c8d73f47c9913,583842000,31,DNA,1000,583842,true,0.8217682229330883,0.9846318813713287,0.9032000521522086,0.9846318813713287,2773,3320924,5889784
1355000,0.0023208333761531373,0.20321774445485785,0.0022283425995389163,0.0003816778340258318,1.727901614142967,1.0,3.8643085052809436,signatures/d277a188f753b7e6179e894ef53e986b.sig.gz,"GCF_003024655.1 Enterocloster lavalensis strain=KCTC 15153, ASM302465v1",d277a188f753b7e6179e894ef53e986b,0.21165260855982507,1301000,85,396801000,/nfs3_ib/nfs-ip34/home/def-ilafores/analysis/MethodsComparison/Feces_RA/preproc/SRR5091491/SRR5091491_unmatched_2.fastq,SRR5091491,73ba07a58ee5da0cad9c8d73f47c9913,583842000,31,DNA,1000,583842,true,0.8222819799761769,0.9511432351381761,0.8867126075571765,0.9511432351381761,2248,3323172,5889784
1365000,0.0023379612977483632,0.2127589063794532,0.002199225132827032,0.00038507354429296556,1.766355140186916,1.0,3.568631349082048,signatures/420d475a10a0d7f2dd3f44da9d2fe498.sig.gz,"GCF_003434055.1 Enterocloster aldensis strain=AF19-9LB, ASM343405v1",420d475a10a0d7f2dd3f44da9d2fe498,0.22618061309030654,1284000,86,395517000,/nfs3_ib/nfs-ip34/home/def-ilafores/analysis/MethodsComparison/Feces_RA/preproc/SRR5091491/SRR5091491_unmatched_2.fastq,SRR5091491,73ba07a58ee5da0cad9c8d73f47c9913,583842000,31,DNA,1000,583842,true,0.8224770424080033,0.9531823235486988,0.8878296829783511,0.9531823235486988,2268,3325440,5889784
1291000,0.0022112146779436903,0.6158273381294964,0.002199225132827032,0.002601623421164511,11.93380062305296,11.5,4.803569306112793,signatures/53effe63d20fb0e88ab48d7344342ff6.sig.gz,"GCA_900547105.1 uncultured Ruminococcaceae bacterium, UMGS948",53effe63d20fb0e88ab48d7344342ff6,0.6191846522781774,1284000,87,394233000,/nfs3_ib/nfs-ip34/home/def-ilafores/analysis/MethodsComparison/Feces_RA/preproc/SRR5091491/SRR5091491_unmatched_2.fastq,SRR5091491,73ba07a58ee5da0cad9c8d73f47c9913,583842000,31,DNA,1000,583842,true,0.8209995754373638,0.9846559782614053,0.9028277768493845,0.9846559782614053,15323,3340763,5889784
1339000,0.0022934287016007754,0.6151631477927063,0.002195799548507987,0.0005100356821234871,2.343213728549142,2.0,1.785053642057328,signatures/5fddcee5c62eb26cd7fedf2e44ca0af4.sig.gz,"GCF_003480255.1 Erysipelatoclostridium sp. AM42-17 strain=AM42-17, ASM348025v1",5fddcee5c62eb26cd7fedf2e44ca0af4,0.6425143953934741,1282000,88,392951000,/nfs3_ib/nfs-ip34/home/def-ilafores/analysis/MethodsComparison/Feces_RA/preproc/SRR5091491/SRR5091491_unmatched_2.fastq,SRR5091491,73ba07a58ee5da0cad9c8d73f47c9913,583842000,31,DNA,1000,583842,true,0.8219669634268403,0.9858314592515347,0.9038992113391875,0.9858314592515347,3004,3343767,5889784
1260000,0.002158118120998489,0.4408263305322129,0.0021564053288389666,0.0042921777776570415,20.079428117553615,20.0,7.668263780728837,signatures/10bd9f6a903b75171161107a79817a91.sig.gz,"GCA_905199285.1 uncultured Ruminococcus sp., ERR1430486-mag-bin.53",10bd9f6a903b75171161107a79817a91,0.4411764705882353,1259000,89,391692000,/nfs3_ib/nfs-ip34/home/def-ilafores/analysis/MethodsComparison/Feces_RA/preproc/SRR5091491/SRR5091491_unmatched_2.fastq,SRR5091491,73ba07a58ee5da0cad9c8d73f47c9913,583842000,31,DNA,1000,583842,true,0.8203561272128953,0.9739482509328827,0.8971521890728891,0.9739482509328827,25280,3369047,5889784
1274000,0.002182097211231806,0.4005745292052346,0.002149554160200876,0.00036011507382953265,1.6900398406374502,1.0,1.0092897182992178,signatures/8b4961ccc8d9a710a1f56eb34232f6b5.sig.gz,"GCA_900540805.1 uncultured Clostridiales bacterium, UMGS285",8b4961ccc8d9a710a1f56eb34232f6b5,0.4066390041493776,1255000,90,390437000,/nfs3_ib/nfs-ip34/home/def-ilafores/analysis/MethodsComparison/Feces_RA/preproc/SRR5091491/SRR5091491_unmatched_2.fastq,SRR5091491,73ba07a58ee5da0cad9c8d73f47c9913,583842000,31,DNA,1000,583842,true,0.8206485922635346,0.9713904730056584,0.8960195326345965,0.9713904730056584,2121,3371168,5889784
1620000,0.002774723298426629,0.3657825706791023,0.002149554160200876,0.0005536705590561556,2.598406374501992,1.0,8.127058577720256,signatures/8d6533932a9329431a562a008a9885c3.sig.gz,"GCF_014297355.1 Blautia sp. 2744 strain=2744, ASM1429735v1",8d6533932a9329431a562a008a9885c3,0.47216554940250655,1255000,91,389182000,/nfs3_ib/nfs-ip34/home/def-ilafores/analysis/MethodsComparison/Feces_RA/preproc/SRR5091491/SRR5091491_unmatched_2.fastq,SRR5091491,73ba07a58ee5da0cad9c8d73f47c9913,583842000,31,DNA,1000,583842,true,0.8270337170418738,0.9760833682858114,0.9015585426638426,0.9760833682858114,3261,3374429,5889784
1526000,0.002613720835431504,0.35409457900807384,0.002103308771893766,0.0007703168740992878,3.6946254071661238,3.0,4.844695924989363,signatures/05df2d9cef43af2f34e1eb0c217ff27b.sig.gz,"GCF_020687435.1 Blautia sp. CLA-AA-H217 strain=CLA-AA-H217, ASM2068743v1",05df2d9cef43af2f34e1eb0c217ff27b,0.4400230680507497,1228000,92,387954000,/nfs3_ib/nfs-ip34/home/def-ilafores/analysis/MethodsComparison/Feces_RA/preproc/SRR5091491/SRR5091491_unmatched_2.fastq,SRR5091491,73ba07a58ee5da0cad9c8d73f47c9913,583842000,31,DNA,1000,583842,true,0.8254405133877242,0.9738660091083923,0.8996532612480582,0.9738660091083923,4537,3378966,5889784
1250000,0.002140990199403263,0.4971475142624287,0.002089606434617585,0.0006047759985765182,2.919672131147541,2.0,3.3405270847543593,signatures/df564f05a0ac833533bff4e4a38bc24b.sig.gz,"GCA_000434635.1 Firmicutes bacterium CAG:110, MGS110",df564f05a0ac833533bff4e4a38bc24b,0.5093724531377343,1220000,93,386734000,/nfs3_ib/nfs-ip34/home/def-ilafores/analysis/MethodsComparison/Feces_RA/preproc/SRR5091491/SRR5091491_unmatched_2.fastq,SRR5091491,73ba07a58ee5da0cad9c8d73f47c9913,583842000,31,DNA,1000,583842,true,0.820145291833142,0.9784745423353115,0.8993099170842267,0.9784745423353115,3562,3382528,5889784
1587000,0.002718201157162383,0.3282317573107406,0.002057063383586655,0.000796803414182931,3.9075770191507075,2.0,11.251153740418317,signatures/cc3f4e6331ad6004e2e014363ff7b343.sig.gz,GCF_025567165.1 Laedolimicola ammoniilytica strain=Sanger_04 ASM2556716v1,cc3f4e6331ad6004e2e014363ff7b343,0.43372506149221096,1201000,94,385533000,/nfs3_ib/nfs-ip34/home/def-ilafores/analysis/MethodsComparison/Feces_RA/preproc/SRR5091491/SRR5091491_unmatched_2.fastq,SRR5091491,73ba07a58ee5da0cad9c8d73f47c9913,583842000,31,DNA,1000,583842,true,0.826484836706691,0.9734132252854504,0.8999490309960707,0.9734132252854504,4693,3387221,5889784
1218000,0.0020861808502985395,0.48715858132898493,0.0020467866306295196,0.00043159477495269776,2.127196652719665,2.0,1.9540037448704823,signatures/3ece67df26d477b09646ada3cbbd0a5e.sig.gz,GCA_902490355.1 uncultured Oscillibacter sp. UHGG-TPA_MGYG-HGUT-03910,3ece67df26d477b09646ada3cbbd0a5e,0.4965348552792499,1195000,95,384338000,/nfs3_ib/nfs-ip34/home/def-ilafores/analysis/MethodsComparison/Feces_RA/preproc/SRR5091491/SRR5091491_unmatched_2.fastq,SRR5091491,73ba07a58ee5da0cad9c8d73f47c9913,583842000,31,DNA,1000,583842,true,0.819459477407764,0.9776691853558455,0.8985643313818048,0.9776691853558455,2542,3389763,5889784
1188000,0.002034797085512861,0.4797898140662894,0.0020330842933533387,0.001278145344549138,6.342038753159225,6.0,3.5542648855060732,signatures/c6e5fc95f520ea92c9c0ed0cc85c96b2.sig.gz,GCA_949282745.1 uncultured Sutterella sp. SI.A104.metabat-bins.12,c6e5fc95f520ea92c9c0ed0cc85c96b2,0.4801940177849636,1187000,96,383151000,/nfs3_ib/nfs-ip34/home/def-ilafores/analysis/MethodsComparison/Feces_RA/preproc/SRR5091491/SRR5091491_unmatched_2.fastq,SRR5091491,73ba07a58ee5da0cad9c8d73f47c9913,583842000,31,DNA,1000,583842,true,0.8188005019432333,0.9766143937712306,0.897707447857232,0.9766143937712306,7528,3397291,5889784
1454000,0.002490399799945876,0.46801748112832736,0.0020176691639176353,0.0007759197960400585,3.8794567062818337,3.0,6.381403561882192,signatures/be471ee2a9a4d83e479673ce2822bf12.sig.gz,"GCF_018408575.1 Oscillibacter sp. MM50 strain=MM50, ASM1840857v1",be471ee2a9a4d83e479673ce2822bf12,0.5776718315454906,1178000,97,381973000,/nfs3_ib/nfs-ip34/home/def-ilafores/analysis/MethodsComparison/Feces_RA/preproc/SRR5091491/SRR5091491_unmatched_2.fastq,SRR5091491,73ba07a58ee5da0cad9c8d73f47c9913,583842000,31,DNA,1000,583842,true,0.8241545863219308,0.9824541612754604,0.9033043737986957,0.9824541612754604,4570,3401861,5889784
1407000,0.002409898568448313,0.3958475153165419,0.001991977281524796,0.010058433382276837,50.938950988822015,52.0,21.459888106041532,signatures/c7d4730d7ef725fd5e285130d735d8de.sig.gz,"GCF_020687245.1 Faecalibacterium longum CLA-AA-H243 strain=CLA-AA-H243, ASM2068724v1",c7d4730d7ef725fd5e285130d735d8de,0.47889720898570454,1163000,98,380810000,/nfs3_ib/nfs-ip34/home/def-ilafores/analysis/MethodsComparison/Feces_RA/preproc/SRR5091491/SRR5091491_unmatched_2.fastq,SRR5091491,73ba07a58ee5da0cad9c8d73f47c9913,583842000,31,DNA,1000,583842,true,0.8232814824613741,0.9765292037404371,0.8999053431009056,0.9765292037404371,59242,3461103,5889784
1312000,0.002247183313293665,0.2411986588432523,0.001971423775610525,0.000521411311518385,2.668114682884448,1.0,10.013857462344943,signatures/0b5b571ab1d9dafb51e26d4394bcf614.sig.gz,"GCF_000614145.1 Bacteroides faecichinchillae JCM 17102 strain=JCM 17102, ASM61414v1",0b5b571ab1d9dafb51e26d4394bcf614,0.2749371332774518,1151000,99,379659000,/nfs3_ib/nfs-ip34/home/def-ilafores/analysis/MethodsComparison/Feces_RA/preproc/SRR5091491/SRR5091491_unmatched_2.fastq,SRR5091491,73ba07a58ee5da0cad9c8d73f47c9913,583842000,31,DNA,1000,583842,true,0.8214270190326177,0.9592035001463712,0.8903152595894945,0.9592035001463712,3071,3464174,5889784
1155000,0.0019782749442486154,0.43038922155688625,0.001969710983451002,0.0003288745393719023,1.6843478260869564,1.0,1.0010508656101114,signatures/8711e0521e9667bb52ad8711dd46f0b3.sig.gz,"GCA_018712915.1 Candidatus Copromonas faecavium, ASM1871291v1",8711e0521e9667bb52ad8711dd46f0b3,0.43226047904191617,1150000,100,378509000,/nfs3_ib/nfs-ip34/home/def-ilafores/analysis/MethodsComparison/Feces_RA/preproc/SRR5091491/SRR5091491_unmatched_2.fastq,SRR5091491,73ba07a58ee5da0cad9c8d73f47c9913,583842000,31,DNA,1000,583842,true,0.8180567648222523,0.9733070201663124,0.8956818924942824,0.9733070201663124,1937,3466111,5889784
1147000,0.0019645726069724345,0.39571823204419887,0.0019628598148129115,0.0004023916666553476,2.068062827225131,2.0,2.5038697971637283,signatures/68febb7358a4837cbde8eb55523b5d94.sig.gz,"GCF_900106845.1 Romboutsia timonensis strain=Marseille-P326, PRJEB14233",68febb7358a4837cbde8eb55523b5d94,0.3960635359116022,1146000,101,377363000,/nfs3_ib/nfs-ip34/home/def-ilafores/analysis/MethodsComparison/Feces_RA/preproc/SRR5091491/SRR5091491_unmatched_2.fastq,SRR5091491,73ba07a58ee5da0cad9c8d73f47c9913,583842000,31,DNA,1000,583842,true,0.8178733689854913,0.9705651049261945,0.8942192369558429,0.9705651049261945,2370,3468481,5889784
1452000,0.0024869742156268305,0.38355240984159084,0.0019491574775367308,0.013935315794263423,72.12302284710017,71.0,30.387809402496103,signatures/a6be66ce83fd1772452d8972fe7fcb22.sig.gz,"GCF_009695995.1 Lachnospiraceae bacterium WCA3-601-WT-6H strain=WCA3-601-WT-6H, ASM969599v1",a6be66ce83fd1772452d8972fe7fcb22,0.48938321536905965,1138000,102,376225000,/nfs3_ib/nfs-ip34/home/def-ilafores/analysis/MethodsComparison/Feces_RA/preproc/SRR5091491/SRR5091491_unmatched_2.fastq,SRR5091491,73ba07a58ee5da0cad9c8d73f47c9913,583842000,31,DNA,1000,583842,true,0.8241179930035618,0.9772117486199351,0.9006648708117484,0.9772117486199351,82076,3550557,5889784
1314000,0.00225060889761271,0.20311933260790715,0.0019183272186653237,0.0004400840506205321,2.3142857142857145,1.0,6.959280252486821,signatures/e1a6b1808735b4a3230b660a9d899fa2.sig.gz,"GCA_000613465.1 Bacteroides nordii WAL 11050 = JCM 12987 strain=JCM 12987, ASM61346v1",e1a6b1808735b4a3230b660a9d899fa2,0.2383025027203482,1120000,103,375105000,/nfs3_ib/nfs-ip34/home/def-ilafores/analysis/MethodsComparison/Feces_RA/preproc/SRR5091491/SRR5091491_unmatched_2.fastq,SRR5091491,73ba07a58ee5da0cad9c8d73f47c9913,583842000,31,DNA,1000,583842,true,0.8214673820210554,0.9547889283112589,0.8881281551661572,0.9547889283112589,2592,3553149,5889784
1129000,0.0019337423481010274,0.3875432525951557,0.0019183272186653237,0.00034568330519421425,1.8178571428571428,1.0,1.1342252142915408,signatures/e90de3442904ac662177bfb24b6a935e.sig.gz,GCA_958477305.1 uncultured Oscillospiraceae bacterium SRR17382081_bin.10_MetaWRAP_v1.3_MAG,e90de3442904ac662177bfb24b6a935e,0.39065743944636677,1120000,104,373985000,/nfs3_ib/nfs-ip34/home/def-ilafores/analysis/MethodsComparison/Feces_RA/preproc/SRR5091491/SRR5091491_unmatched_2.fastq,SRR5091491,73ba07a58ee5da0cad9c8d73f47c9913,583842000,31,DNA,1000,583842,true,0.8174561607449333,0.9701349086909846,0.8937955347179589,0.9701349086909846,2036,3555185,5889784
1367000,0.0023413868820674087,0.4278587874136608,0.0019097632578677108,0.00046062809773669117,2.433183856502242,2.0,2.2079701120087987,signatures/d3662e3e25bc6f3df72d2f3b05edc233.sig.gz,GCF_029218125.1 Neopoerus faecalis strain=CMD_1836 ASM2921812v1,d3662e3e25bc6f3df72d2f3b05edc233,0.52455871066769,1115000,105,372870000,/nfs3_ib/nfs-ip34/home/def-ilafores/analysis/MethodsComparison/Feces_RA/preproc/SRR5091491/SRR5091491_unmatched_2.fastq,SRR5091491,73ba07a58ee5da0cad9c8d73f47c9913,583842000,31,DNA,1000,583842,true,0.8225158888923195,0.9794022561032812,0.9009590724978004,0.9794022561032812,2713,3557898,5889784
1422000,0.0024355904508411522,0.32403371113048535,0.0019097632578677108,0.0005149594620108309,2.7201793721973093,2.0,3.445500863591459,signatures/06be881168990be7285f7dac173fa8cf.sig.gz,"GCF_014287355.1 Ruminococcus sp. NSJ-13 strain=NSJ-13, ASM1428735v1",06be881168990be7285f7dac173fa8cf,0.4132519616390584,1115000,106,371755000,/nfs3_ib/nfs-ip34/home/def-ilafores/analysis/MethodsComparison/Feces_RA/preproc/SRR5091491/SRR5091491_unmatched_2.fastq,SRR5091491,73ba07a58ee5da0cad9c8d73f47c9913,583842000,31,DNA,1000,583842,true,0.823563160712031,0.9718960929453921,0.8977296268287116,0.9718960929453921,3033,3560931,5889784
1506000,0.0025794649922410515,0.3936587103669398,0.0018926353362724846,0.00046640080519081854,2.485972850678733,2.0,4.845675646372874,signatures/206d87ad2132d97a779f4544c9be4248.sig.gz,"GCF_014287875.1 Flintibacter sp. BX5 strain=BX5, ASM1428787v1",206d87ad2132d97a779f4544c9be4248,0.5365158532240827,1105000,107,370650000,/nfs3_ib/nfs-ip34/home/def-ilafores/analysis/MethodsComparison/Feces_RA/preproc/SRR5091491/SRR5091491_unmatched_2.fastq,SRR5091491,73ba07a58ee5da0cad9c8d73f47c9913,583842000,31,DNA,1000,583842,true,0.8250893018527365,0.9801145958500436,0.9026019488513901,0.9801145958500436,2747,3563678,5889784
1395000,0.002389345062534042,0.3141452126120914,0.001860092285241555,0.0005005276933755126,2.714548802946593,2.0,6.790166634035443,signatures/4d1fd4a988e75787682a232c846bb78e.sig.gz,GCF_025567265.1 Dorea amylophila strain=H5_25 ASM2556726v1,4d1fd4a988e75787682a232c846bb78e,0.40352907144923345,1086000,108,369564000,/nfs3_ib/nfs-ip34/home/def-ilafores/analysis/MethodsComparison/Feces_RA/preproc/SRR5091491/SRR5091491_unmatched_2.fastq,SRR5091491,73ba07a58ee5da0cad9c8d73f47c9913,583842000,31,DNA,1000,583842,true,0.8230540395413133,0.9711499335281585,0.8971019865347358,0.9711499335281585,2948,3566626,5889784
1048000,0.0017950061831796958,0.4704555705908886,0.0017864422223820829,0.0003847339732662522,2.1725790987535953,2.0,1.4273508849029106,signatures/0ffe36c89a44946cee180ac754d6f047.sig.gz,"GCF_001025215.1 Bifidobacterium pseudocatenulatum DSM 20438 = JCM 1200 = LMG 10505 strain=JCM 1200, ASM102521v1",0ffe36c89a44946cee180ac754d6f047,0.4727108705457826,1043000,109,368521000,/nfs3_ib/nfs-ip34/home/def-ilafores/analysis/MethodsComparison/Feces_RA/preproc/SRR5091491/SRR5091491_unmatched_2.fastq,SRR5091491,73ba07a58ee5da0cad9c8d73f47c9913,583842000,31,DNA,1000,583842,true,0.8154953372519627,0.9761197129511123,0.8958075251015375,0.9761197129511123,2266,3568892,5889784
1354000,0.002319120583993615,0.21383131541145084,0.0017847294302225601,0.0038860508297078465,21.96545105566219,2.0,47.81777988536348,signatures/a0b4e7d5cd51e8887dc8f1ea3a46b770.sig.gz,"GCF_003991565.1 Butyricimonas faecalis strain=H184, ASM399156v1",a0b4e7d5cd51e8887dc8f1ea3a46b770,0.27785758259798893,1042000,110,367479000,/nfs3_ib/nfs-ip34/home/def-ilafores/analysis/MethodsComparison/Feces_RA/preproc/SRR5091491/SRR5091491_unmatched_2.fastq,SRR5091491,73ba07a58ee5da0cad9c8d73f47c9913,583842000,31,DNA,1000,583842,true,0.8222623971703354,0.9595304964958196,0.8908964468330776,0.9595304964958196,22888,3591780,5889784
1040000,0.001781303845903515,0.43956043956043955,0.001781303845903515,0.00031885719408385774,1.8057692307692308,1.0,1.1175029618853296,signatures/767c82901d78b5323738f0e29d62092e.sig.gz,"GCA_944392655.1 uncultured Victivallaceae bacterium, BRZ_AG__bin40",767c82901d78b5323738f0e29d62092e,0.43956043956043955,1040000,111,366439000,/nfs3_ib/nfs-ip34/home/def-ilafores/analysis/MethodsComparison/Feces_RA/preproc/SRR5091491/SRR5091491_unmatched_2.fastq,SRR5091491,73ba07a58ee5da0cad9c8d73f47c9913,583842000,31,DNA,1000,583842,true,0.8152937803258461,0.9738329633686383,0.8945633718472422,0.9738329633686383,1878,3593658,5889784
1047000,0.0017932933910201733,0.47354014598540145,0.0017778782615844697,0.0016263754324437026,9.228323699421965,9.0,4.909870448988906,signatures/eb4f58e1a81c7b32929b1ae48cd7ae5d.sig.gz,GCF_934476515.1 uncultured Ruminococcus sp. ERR7738204_bin.147,eb4f58e1a81c7b32929b1ae48cd7ae5d,0.47764598540145986,1038000,112,365401000,/nfs3_ib/nfs-ip34/home/def-ilafores/analysis/MethodsComparison/Feces_RA/preproc/SRR5091491/SRR5091491_unmatched_2.fastq,SRR5091491,73ba07a58ee5da0cad9c8d73f47c9913,583842000,31,DNA,1000,583842,true,0.8154702242227039,0.9764467964194726,0.8959585103210883,0.9764467964194726,9579,3603237,5889784
1052000,0.0018018573518177863,0.3953488372093023,0.0017761654694249472,0.00028031588255188986,1.592092574734812,1.0,0.9583692952046989,signatures/d5f19efee4588f7132a28f846bb2d8cb.sig.gz,"GCA_900545515.1 uncultured Clostridiales bacterium, UMGS777",d5f19efee4588f7132a28f846bb2d8cb,0.4010674799847503,1037000,113,364364000,/nfs3_ib/nfs-ip34/home/def-ilafores/analysis/MethodsComparison/Feces_RA/preproc/SRR5091491/SRR5091491_unmatched_2.fastq,SRR5091491,73ba07a58ee5da0cad9c8d73f47c9913,583842000,31,DNA,1000,583842,true,0.8155955580117668,0.9709582649629244,0.8932769114873456,0.9709582649629244,1651,3604888,5889784
1073000,0.0018378259871677611,0.3849099961700498,0.0017213561203202237,0.00028523966243923374,1.671641791044776,1.0,2.409277629821227,signatures/ff319075e0e50fcb7f8fec8840a453c8.sig.gz,"GCF_003425665.1 Evtepia gabavorous strain=KLE1738, ASM342566v1",ff319075e0e50fcb7f8fec8840a453c8,0.4109536576024512,1005000,114,363359000,/nfs3_ib/nfs-ip34/home/def-ilafores/analysis/MethodsComparison/Feces_RA/preproc/SRR5091491/SRR5091491_unmatched_2.fastq,SRR5091491,73ba07a58ee5da0cad9c8d73f47c9913,583842000,31,DNA,1000,583842,true,0.8161157409592226,0.971721260469718,0.8939185007144703,0.971721260469718,1680,3606568,5889784
1414000,0.0024218881135649713,0.295139911634757,0.0017162177438416557,0.0005694606117983274,3.3473053892215567,2.0,10.083441186035966,signatures/b7f720c5058766763a7cb78fd28b6290.sig.gz,"GCF_014287635.1 Roseburia sp. BX1005 strain=BX1005, ASM1428763v1",b7f720c5058766763a7cb78fd28b6290,0.41649484536082476,1002000,115,362357000,/nfs3_ib/nfs-ip34/home/def-ilafores/analysis/MethodsComparison/Feces_RA/preproc/SRR5091491/SRR5091491_unmatched_2.fastq,SRR5091491,73ba07a58ee5da0cad9c8d73f47c9913,583842000,31,DNA,1000,583842,true,0.8234132921268518,0.9721411859357696,0.8977772390313107,0.9721411859357696,3354,3609922,5889784
994000,0.001702515406565475,0.36753100338218714,0.0016751107320131132,0.0003168197679235775,1.9079754601226995,1.0,2.4602603881117764,signatures/47110158281adb158ae3c95fa9af9cf0.sig.gz,"GCA_900542445.1 uncultured Clostridiales bacterium, UMGS462",47110158281adb158ae3c95fa9af9cf0,0.37354378053363396,978000,116,361379000,/nfs3_ib/nfs-ip34/home/def-ilafores/analysis/MethodsComparison/Feces_RA/preproc/SRR5091491/SRR5091491_unmatched_2.fastq,SRR5091491,73ba07a58ee5da0cad9c8d73f47c9913,583842000,31,DNA,1000,583842,true,0.8141048770477977,0.9687340496135272,0.8914194633306625,0.9687340496135272,1866,3611788,5889784
980000,0.0016785363163321584,0.43719266875279394,0.0016751107320131132,0.00031987590716399785,1.9263803680981595,2.0,1.235426036358281,signatures/10c88d4c0ea1b1367cff7db38670cf72.sig.gz,"GCA_944322695.1 uncultured Mailhella sp., E01__bin137",10c88d4c0ea1b1367cff7db38670cf72,0.4380867232901207,978000,117,360401000,/nfs3_ib/nfs-ip34/home/def-ilafores/analysis/MethodsComparison/Feces_RA/preproc/SRR5091491/SRR5091491_unmatched_2.fastq,SRR5091491,73ba07a58ee5da0cad9c8d73f47c9913,583842000,31,DNA,1000,583842,true,0.8137324532098441,0.9737274703834602,0.8937299617966521,0.9737274703834602,1884,3613672,5889784
1204000,0.002062201760065223,0.3400696864111498,0.001671685147694068,0.0003672460653905135,2.216188524590164,2.0,2.0658682683470913,signatures/e04f86ed449a091631fe081baf363d5e.sig.gz,GCF_020687165.1 Hominenteromicrobium mulieris strain=CLA-AA-H250 ASM2068716v1,e04f86ed449a091631fe081baf363d5e,0.4195121951219512,976000,118,359425000,/nfs3_ib/nfs-ip34/home/def-ilafores/analysis/MethodsComparison/Feces_RA/preproc/SRR5091491/SRR5091491_unmatched_2.fastq,SRR5091491,73ba07a58ee5da0cad9c8d73f47c9913,583842000,31,DNA,1000,583842,true,0.8191539335624626,0.9723675804063844,0.8957607569844235,0.9723675804063844,2163,3615835,5889784
1418000,0.0024287392822030618,0.17139777218828603,0.0016340037201845706,0.0011598048417395272,7.160377358490566,1.0,33.53121237938152,signatures/b175ba80217a1ca822b3e07b5624eeba.sig.gz,GCF_902491285.1 uncultured Bacteroides sp. UHGG-TPA_MGYG-HGUT-04003,b175ba80217a1ca822b3e07b5624eeba,0.2547610492274524,954000,119,358471000,/nfs3_ib/nfs-ip34/home/def-ilafores/analysis/MethodsComparison/Feces_RA/preproc/SRR5091491/SRR5091491_unmatched_2.fastq,SRR5091491,73ba07a58ee5da0cad9c8d73f47c9913,583842000,31,DNA,1000,583842,true,0.8234883287003371,0.9568481046182762,0.8901682166593066,0.9568481046182762,6831,3622666,5889784
945000,0.001618588590748867,0.5218352681039248,0.0016168757985893444,0.0006305833966067346,3.934322033898305,3.0,2.5569629027666156,signatures/dc79372924876388a378ce5ece5a05d9.sig.gz,"GCA_000436835.1 Eubacterium sp. CAG:251, MGS251",dc79372924876388a378ce5ece5a05d9,0.5223880597014925,944000,120,357527000,/nfs3_ib/nfs-ip34/home/def-ilafores/analysis/MethodsComparison/Feces_RA/preproc/SRR5091491/SRR5091491_unmatched_2.fastq,SRR5091491,73ba07a58ee5da0cad9c8d73f47c9913,583842000,31,DNA,1000,583842,true,0.8127783828785095,0.9792712575882078,0.8960248202333586,0.9792712575882078,3714,3626380,5889784
947000,0.0016220141750679122,0.6748201438848921,0.0016065990456322087,0.0003475509458411378,2.1823027718550105,2.0,1.3967011950158232,signatures/e5d3b8e1e62fe4a1594d5a8e8b6d066c.sig.gz,GCA_948468985.1 uncultured Eubacteriales bacterium SRR17622767_bin.40_metawrap_v1.3_MAG,e5d3b8e1e62fe4a1594d5a8e8b6d066c,0.681294964028777,938000,121,356589000,/nfs3_ib/nfs-ip34/home/def-ilafores/analysis/MethodsComparison/Feces_RA/preproc/SRR5091491/SRR5091491_unmatched_2.fastq,SRR5091491,73ba07a58ee5da0cad9c8d73f47c9913,583842000,31,DNA,1000,583842,true,0.8128338153549162,0.9876969563010753,0.9002653858279958,0.9876969563010753,2047,3628427,5889784
955000,0.001635716512344093,0.41405550581915845,0.0015843327475584148,0.00038405483121282545,2.4454054054054053,2.0,2.9310072012918704,signatures/ce17a62d58972b2a143401d9c247e298.sig.gz,"GCA_900549705.1 uncultured Clostridiales bacterium, UMGS1211",ce17a62d58972b2a143401d9c247e298,0.42748433303491495,925000,122,355664000,/nfs3_ib/nfs-ip34/home/def-ilafores/analysis/MethodsComparison/Feces_RA/preproc/SRR5091491/SRR5091491_unmatched_2.fastq,SRR5091491,73ba07a58ee5da0cad9c8d73f47c9913,583842000,31,DNA,1000,583842,true,0.8130544181583008,0.9729582391565395,0.8930063286574201,0.9729582391565395,2262,3630689,5889784
981000,0.001680249108491681,0.5436320754716981,0.0015791943710798469,0.0004051082348690546,2.5878524945770067,2.0,1.6010381488106842,signatures/88efd1d9b9d0b8d1bae8c7d108dfdc0b.sig.gz,"GCA_900553545.1 uncultured Clostridiales bacterium, UMGS1621",88efd1d9b9d0b8d1bae8c7d108dfdc0b,0.5784198113207547,922000,123,354742000,/nfs3_ib/nfs-ip34/home/def-ilafores/analysis/MethodsComparison/Feces_RA/preproc/SRR5091491/SRR5091491_unmatched_2.fastq,SRR5091491,73ba07a58ee5da0cad9c8d73f47c9913,583842000,31,DNA,1000,583842,true,0.8137592251303466,0.9824951710438224,0.8981271980870845,0.9824951710438224,2386,3633075,5889784
1071000,0.001834400402848716,0.23515864892528146,0.0015740559946012791,0.00027165682137069883,1.7410228509249184,1.0,3.1561404369236272,signatures/7e6d64aeed16ed31733900b0e7434256.sig.gz,"GCA_003112755.1 Lawsonibacter asaccharolyticus strain=3BBH22, ASM311275v1",7e6d64aeed16ed31733900b0e7434256,0.2740532241555783,919000,124,353823000,/nfs3_ib/nfs-ip34/home/def-ilafores/analysis/MethodsComparison/Feces_RA/preproc/SRR5091491/SRR5091491_unmatched_2.fastq,SRR5091491,73ba07a58ee5da0cad9c8d73f47c9913,583842000,31,DNA,1000,583842,true,0.8160666261650463,0.9591038679337337,0.88758524704939,0.9591038679337337,1600,3634675,5889784
2392000,0.004096998845578084,0.206865196635599,0.0015586408651655757,0.0014778131082566015,9.564835164835165,4.0,17.137378809064042,signatures/6bae471e5a4f273d83204d975d3e2077.sig.gz,"GCA_019417795.1 Clostridiales bacterium, ASM1941779v1",6bae471e5a4f273d83204d975d3e2077,0.5437599454421459,910000,125,352913000,/nfs3_ib/nfs-ip34/home/def-ilafores/analysis/MethodsComparison/Feces_RA/preproc/SRR5091491/SRR5091491_unmatched_2.fastq,SRR5091491,73ba07a58ee5da0cad9c8d73f47c9913,583842000,31,DNA,1000,583842,true,0.8374960532657068,0.9805387218937611,0.9090173875797339,0.9805387218937611,8704,3643379,5889784
3016000,0.005165781153120193,0.2535604579726333,0.0015552152808465305,0.001757789419781778,11.401982378854626,4.0,18.527104695687758,signatures/300d2de3c2c21f7c37b9a66b2c49f0e7.sig.gz,"GCA_900755095.1 uncultured Bacteroides sp., ERS473029_19",300d2de3c2c21f7c37b9a66b2c49f0e7,0.842222842781346,908000,126,352005000,/nfs3_ib/nfs-ip34/home/def-ilafores/analysis/MethodsComparison/Feces_RA/preproc/SRR5091491/SRR5091491_unmatched_2.fastq,SRR5091491,73ba07a58ee5da0cad9c8d73f47c9913,583842000,31,DNA,1000,583842,true,0.8437818778180689,0.994476259337511,0.91912906857779,0.994476259337511,10353,3653732,5889784
995000,0.0017042281987249975,0.3414820473644003,0.0015312361906132139,0.0003837152601861121,2.527964205816555,2.0,2.2151605187882937,signatures/495a6434f7a904cfbf64e101b857c18c.sig.gz,"GCF_018918025.1 Oscillibacter sp. MSJ-31 strain=MSJ-31, ASM1891802v1",495a6434f7a904cfbf64e101b857c18c,0.380061115355233,894000,127,351111000,/nfs3_ib/nfs-ip34/home/def-ilafores/analysis/MethodsComparison/Feces_RA/preproc/SRR5091491/SRR5091491_unmatched_2.fastq,SRR5091491,73ba07a58ee5da0cad9c8d73f47c9913,583842000,31,DNA,1000,583842,true,0.814131284162708,0.9692747182553982,0.8917030012090531,0.9692747182553982,2260,3655992,5889784
1451000,0.002485261423467308,0.18792229729729729,0.0015243850219751234,0.00101463822781956,6.714606741573034,1.0,35.51295870638348,signatures/02081adae2cbefe2ee8ca3ea6ec78648.sig.gz,GCF_025151045.1 Parabacteroides johnsonii DSM 18315 strain=DSM 18315 ASM2515104v1,02081adae2cbefe2ee8ca3ea6ec78648,0.3063766891891892,890000,128,350221000,/nfs3_ib/nfs-ip34/home/def-ilafores/analysis/MethodsComparison/Feces_RA/preproc/SRR5091491/SRR5091491_unmatched_2.fastq,SRR5091491,73ba07a58ee5da0cad9c8d73f47c9913,583842000,31,DNA,1000,583842,true,0.8240996780486634,0.9625595425184502,0.8933296102835568,0.9625595425184502,5976,3661968,5889784
1180000,0.0020210947482366803,0.24901630129286115,0.001517533853337033,0.00040476866384234124,2.690744920993228,1.0,10.123685663283663,signatures/414bbe2ea74e8b8695fa300df29056f9.sig.gz,GCF_020686965.1 Hominiventricola filiformis strain=CLA-AA-H276 ASM2068696v1,414bbe2ea74e8b8695fa300df29056f9,0.3316469926925239,886000,129,349335000,/nfs3_ib/nfs-ip34/home/def-ilafores/analysis/MethodsComparison/Feces_RA/preproc/SRR5091491/SRR5091491_unmatched_2.fastq,SRR5091491,73ba07a58ee5da0cad9c8d73f47c9913,583842000,31,DNA,1000,583842,true,0.8186220550404341,0.9650236071824806,0.8918228311114573,0.9650236071824806,2384,3664352,5889784
911000,0.0015603536573250982,0.4166270783847981,0.0015021187239013295,0.00024975449014768625,1.677309007981756,1.0,0.9501115875524364,signatures/7603e9de3fd9f9fea9669a3c91ec8da9.sig.gz,"GCA_944385695.1 uncultured Oscillospiraceae bacterium, E41__bin222",7603e9de3fd9f9fea9669a3c91ec8da9,0.4327790973871734,877000,130,348458000,/nfs3_ib/nfs-ip34/home/def-ilafores/analysis/MethodsComparison/Feces_RA/preproc/SRR5091491/SRR5091491_unmatched_2.fastq,SRR5091491,73ba07a58ee5da0cad9c8d73f47c9913,583842000,31,DNA,1000,583842,true,0.8118182455906492,0.9733446678713007,0.8925814567309749,0.9733446678713007,1471,3665823,5889784
875000,0.0014986931395822843,0.3577639751552795,0.0014798524258275356,0.0005169968881711112,3.5243055555555554,3.0,2.967706119267792,signatures/0e47b670dd6bb936952a03e4d70e154d.sig.gz,"GCF_003475665.1 Collinsella sp. AF29-7AC strain=AF29-7AC, ASM347566v1",0e47b670dd6bb936952a03e4d70e154d,0.36231884057971014,864000,131,347594000,/nfs3_ib/nfs-ip34/home/def-ilafores/analysis/MethodsComparison/Feces_RA/preproc/SRR5091491/SRR5091491_unmatched_2.fastq,SRR5091491,73ba07a58ee5da0cad9c8d73f47c9913,583842000,31,DNA,1000,583842,true,0.810763070356045,0.967781077621442,0.8892720739887435,0.967781077621442,3045,3668868,5889784
1214000,0.0020793296816604494,0.3887375113533152,0.0014661500885513547,0.00040612694794919476,2.794392523364486,2.0,1.8906475069293376,signatures/4fa2f5b861f0a5968d2fdc800180a991.sig.gz,"GCA_900546075.1 uncultured Clostridiales bacterium, UMGS838",4fa2f5b861f0a5968d2fdc800180a991,0.5513169845594914,856000,132,346738000,/nfs3_ib/nfs-ip34/home/def-ilafores/analysis/MethodsComparison/Feces_RA/preproc/SRR5091491/SRR5091491_unmatched_2.fastq,SRR5091491,73ba07a58ee5da0cad9c8d73f47c9913,583842000,31,DNA,1000,583842,true,0.8193725274140748,0.9809753821536652,0.9001739547838701,0.9809753821536652,2392,3671260,5889784
858000,0.0014695756728704,0.29758994062172545,0.0014592989199132642,0.00023583207805243791,1.630281690140845,1.0,0.952226654427315,signatures/befbde12b1a21f4b4490038c98715555.sig.gz,"GCF_004341945.1 Longicatena caecimuris strain=DSM 29481, ASM434194v1",befbde12b1a21f4b4490038c98715555,0.2996856444289207,852000,133,345886000,/nfs3_ib/nfs-ip34/home/def-ilafores/analysis/MethodsComparison/Feces_RA/preproc/SRR5091491/SRR5091491_unmatched_2.fastq,SRR5091491,73ba07a58ee5da0cad9c8d73f47c9913,583842000,31,DNA,1000,583842,true,0.8102501037120691,0.9618741560465489,0.886062129879309,0.9618741560465489,1389,3672649,5889784
847000,0.0014507349591156512,0.27225972356155576,0.0014507349591156512,0.00022547516173768002,1.5678866587957496,1.0,0.9333430773422606,signatures/dc265546367468bce45238d035694f73.sig.gz,GCF_000435835.1 Clostridium sp. CAG:221 MGS221,dc265546367468bce45238d035694f73,0.27225972356155576,847000,134,345039000,/nfs3_ib/nfs-ip34/home/def-ilafores/analysis/MethodsComparison/Feces_RA/preproc/SRR5091491/SRR5091491_unmatched_2.fastq,SRR5091491,73ba07a58ee5da0cad9c8d73f47c9913,583842000,31,DNA,1000,583842,true,0.8099129163081069,0.9589007494039028,0.8844068328560049,0.9589007494039028,1328,3673977,5889784
1041000,0.0017830166380630376,0.34019370460048426,0.0014438837904775608,0.00038184761953918855,2.66785290628707,2.0,3.523350141606185,signatures/0fa52b16ef37ab178f2b54115192a175.sig.gz,"GCF_003865035.1 Anaerotignum faecicola strain=KCTC 15736, ASM386503v1",0fa52b16ef37ab178f2b54115192a175,0.42009685230024213,843000,135,344196000,/nfs3_ib/nfs-ip34/home/def-ilafores/analysis/MethodsComparison/Feces_RA/preproc/SRR5091491/SRR5091491_unmatched_2.fastq,SRR5091491,73ba07a58ee5da0cad9c8d73f47c9913,583842000,31,DNA,1000,583842,true,0.8153190568362482,0.9724112654500942,0.8938651611431712,0.9724112654500942,2249,3676226,5889784
910000,0.0015586408651655757,0.3403726708074534,0.001407915155127586,0.0003371940295263799,2.4160583941605838,2.0,4.163289341099096,signatures/0c27e38f5990e49c33434011e5c9e03c.sig.gz,"GCF_002834235.1 Ruminococcus bromii strain=5AMG, ASM283423v1",0c27e38f5990e49c33434011e5c9e03c,0.37681159420289856,822000,136,343374000,/nfs3_ib/nfs-ip34/home/def-ilafores/analysis/MethodsComparison/Feces_RA/preproc/SRR5091491/SRR5091491_unmatched_2.fastq,SRR5091491,73ba07a58ee5da0cad9c8d73f47c9913,583842000,31,DNA,1000,583842,true,0.811789484224281,0.9690062739282383,0.8903978790762597,0.9690062739282383,1986,3678212,5889784
1203000,0.0020604889679057005,0.20977754785307812,0.0013890744413728373,0.0005319380133464996,3.8631319358816274,1.0,12.656215369464823,signatures/c1ba8d0ce9c6c98a462fa26151e71b3a.sig.gz,GCF_025567525.1 Gallintestinimicrobium propionicum strain=Sanger_16 ASM2556752v1,c1ba8d0ce9c6c98a462fa26151e71b3a,0.3111743404035178,811000,137,342563000,/nfs3_ib/nfs-ip34/home/def-ilafores/analysis/MethodsComparison/Feces_RA/preproc/SRR5091491/SRR5091491_unmatched_2.fastq,SRR5091491,73ba07a58ee5da0cad9c8d73f47c9913,583842000,31,DNA,1000,583842,true,0.8191319776274162,0.9630421225073751,0.8910870500673956,0.9630421225073751,3133,3681345,5889784
869000,0.0014884163866251486,0.2282793867120954,0.0013770848962561789,0.00020951532348215145,1.5348258706467661,1.0,0.9357632341439179,signatures/824daa5841ab984dafc70107002f80f3.sig.gz,"GCF_018362775.1 Alistipes sp. kh20 strain=kh20, Alistipes_kh20",824daa5841ab984dafc70107002f80f3,0.24673480976717774,804000,138,341759000,/nfs3_ib/nfs-ip34/home/def-ilafores/analysis/MethodsComparison/Feces_RA/preproc/SRR5091491/SRR5091491_unmatched_2.fastq,SRR5091491,73ba07a58ee5da0cad9c8d73f47c9913,583842000,31,DNA,1000,583842,true,0.8105831333265366,0.9558605322432504,0.8832218327848935,0.9558605322432504,1234,3682579,5889784
793000,0.0013582441825014302,0.5417236662106704,0.0013565313903419075,0.0003324400351523927,2.4722222222222223,2.0,1.7412801836264058,signatures/436a9826c578cb5ad85b39dfd3c8cbb5.sig.gz,"GCA_000431335.1 Clostridium sp. CAG:343, MGS343",436a9826c578cb5ad85b39dfd3c8cbb5,0.542407660738714,792000,139,340967000,/nfs3_ib/nfs-ip34/home/def-ilafores/analysis/MethodsComparison/Feces_RA/preproc/SRR5091491/SRR5091491_unmatched_2.fastq,SRR5091491,73ba07a58ee5da0cad9c8d73f47c9913,583842000,31,DNA,1000,583842,true,0.8081936142244208,0.9804599652641116,0.8943267897442662,0.9804599652641116,1958,3684537,5889784
1057000,0.0018104213126153993,0.21076472155608847,0.001354818598182385,0.0003018786427481891,2.247787610619469,1.0,3.797236607221693,signatures/24cb2f7055942e2ac04d51117f90e805.sig.gz,"GCA_902363135.1 Lachnospiraceae bacterium, MGYG-HGUT-00092",24cb2f7055942e2ac04d51117f90e805,0.2816413535837996,791000,140,340176000,/nfs3_ib/nfs-ip34/home/def-ilafores/analysis/MethodsComparison/Feces_RA/preproc/SRR5091491/SRR5091491_unmatched_2.fastq,SRR5091491,73ba07a58ee5da0cad9c8d73f47c9913,583842000,31,DNA,1000,583842,true,0.815720316644343,0.9599492457348923,0.8878347811896177,0.9599492457348923,1778,3686315,5889784
3373000,0.005777247954069765,0.16391332332117572,0.0013085732098752744,0.0006701434212188427,5.1662303664921465,4.0,7.262098475753309,signatures/c7357052beed930961bb4cc339dd0845.sig.gz,GCA_948436425.1 uncultured Bacteroides sp. SRR17684645_bin.52_metawrap_v1.3_MAG,c7357052beed930961bb4cc339dd0845,0.723664449688908,764000,141,339412000,/nfs3_ib/nfs-ip34/home/def-ilafores/analysis/MethodsComparison/Feces_RA/preproc/SRR5091491/SRR5091491_unmatched_2.fastq,SRR5091491,73ba07a58ee5da0cad9c8d73f47c9913,583842000,31,DNA,1000,583842,true,0.8468323726673358,0.9896210925498781,0.9182267326086069,0.9896210925498781,3947,3690262,5889784
767000,0.0013137115863538424,0.6,0.0013000092490776615,0.0003370242440130232,2.6152832674571806,2.0,1.6632360136249755,signatures/4bc505c53729b6cda042081a1eff8669.sig.gz,"GCA_000431795.1 Clostridium sp. CAG:302, MGS302",4bc505c53729b6cda042081a1eff8669,0.6063241106719368,759000,142,338653000,/nfs3_ib/nfs-ip34/home/def-ilafores/analysis/MethodsComparison/Feces_RA/preproc/SRR5091491/SRR5091491_unmatched_2.fastq,SRR5091491,73ba07a58ee5da0cad9c8d73f47c9913,583842000,31,DNA,1000,583842,true,0.8073249754910837,0.9839895328360434,0.8956572541635636,0.9839895328360434,1985,3692247,5889784
856000,0.0014661500885513547,0.2621359223300971,0.0012486254842919832,0.0002543386990083168,2.054869684499314,1.0,4.020831423930978,signatures/7d82c091b7553167242da89b74e9d599.sig.gz,"GCF_014334055.1 Oscillibacter sp. NSJ-62 strain=NSJ-62, ASM1433405v1",7d82c091b7553167242da89b74e9d599,0.30780294857964763,729000,143,337924000,/nfs3_ib/nfs-ip34/home/def-ilafores/analysis/MethodsComparison/Feces_RA/preproc/SRR5091491/SRR5091491_unmatched_2.fastq,SRR5091491,73ba07a58ee5da0cad9c8d73f47c9913,583842000,31,DNA,1000,583842,true,0.8101891092472203,0.9627037647870879,0.8864464370171541,0.9627037647870879,1498,3693745,5889784
705000,0.0012075184724634404,0.461892247043364,0.0012040928881443952,0.0006716714908390529,5.627311522048364,5.0,3.1560539532571514,signatures/050fd39c7d451dba84dafe63230bfe78.sig.gz,"GCA_000435175.1 Clostridium sp. CAG:245, MGS245",050fd39c7d451dba84dafe63230bfe78,0.4632063074901445,703000,144,337221000,/nfs3_ib/nfs-ip34/home/def-ilafores/analysis/MethodsComparison/Feces_RA/preproc/SRR5091491/SRR5091491_unmatched_2.fastq,SRR5091491,73ba07a58ee5da0cad9c8d73f47c9913,583842000,31,DNA,1000,583842,true,0.8051328404783847,0.9754803627809525,0.8903066016296686,0.9754803627809525,3956,3697701,5889784
700000,0.0011989545116658275,0.4107883817427386,0.001186964966549169,0.00020238433192117062,1.72005772005772,1.0,1.0190757757810913,signatures/1bbfbe443eb6d982e8612824ba5b74bf.sig.gz,"GCA_900550625.1 uncultured Clostridiales bacterium, UMGS1312",1bbfbe443eb6d982e8612824ba5b74bf,0.4149377593360996,693000,145,336528000,/nfs3_ib/nfs-ip34/home/def-ilafores/analysis/MethodsComparison/Feces_RA/preproc/SRR5091491/SRR5091491_unmatched_2.fastq,SRR5091491,73ba07a58ee5da0cad9c8d73f47c9913,583842000,31,DNA,1000,583842,true,0.8049480066318648,0.9720237347322074,0.8884858706820361,0.9720237347322074,1192,3698893,5889784
1053000,0.001803570143977309,0.3834628190899001,0.0011835393822301238,0.00029746421940091524,2.5354558610709117,2.0,1.5776483861736061,signatures/00531e204cf12a11942ed3f91b2034b4.sig.gz,"GCA_900757655.1 uncultured Oscillospiraceae bacterium, ERS537352_6",00531e204cf12a11942ed3f91b2034b4,0.5843507214206437,691000,146,335837000,/nfs3_ib/nfs-ip34/home/def-ilafores/analysis/MethodsComparison/Feces_RA/preproc/SRR5091491/SRR5091491_unmatched_2.fastq,SRR5091491,73ba07a58ee5da0cad9c8d73f47c9913,583842000,31,DNA,1000,583842,true,0.8156205555787912,0.9828185421981936,0.8992195488884924,0.9828185421981936,1752,3700645,5889784
1169000,0.002002254034481932,0.19104895104895106,0.001169837044953943,0.00021987223979690935,1.8960468521229867,1.0,4.2477484047728105,signatures/6fb5d9fae55cc8ecb2a67f82352fb7a7.sig.gz,GCF_025147765.1 Blautia obeum ATCC 29174 strain=ATCC 29174 ASM2514776v1,6fb5d9fae55cc8ecb2a67f82352fb7a7,0.326993006993007,683000,147,335154000,/nfs3_ib/nfs-ip34/home/def-ilafores/analysis/MethodsComparison/Feces_RA/preproc/SRR5091491/SRR5091491_unmatched_2.fastq,SRR5091491,73ba07a58ee5da0cad9c8d73f47c9913,583842000,31,DNA,1000,583842,true,0.8183747693518344,0.9645837705271174,0.8914792699394759,0.9645837705271174,1295,3701940,5889784
684000,0.0011715498371134656,0.6014109347442681,0.0011681242527944204,0.0009380649612956944,8.10117302052786,8.0,4.146513756956901,signatures/ecb2f6290356bca2575dbd0ff63be1fe.sig.gz,"GCA_000438075.1 Clostridium sp. CAG:609, MGS609",ecb2f6290356bca2575dbd0ff63be1fe,0.6031746031746031,682000,148,334472000,/nfs3_ib/nfs-ip34/home/def-ilafores/analysis/MethodsComparison/Feces_RA/preproc/SRR5091491/SRR5091491_unmatched_2.fastq,SRR5091491,73ba07a58ee5da0cad9c8d73f47c9913,583842000,31,DNA,1000,583842,true,0.8043478323025693,0.9838242375312073,0.8940860349168883,0.9838242375312073,5525,3707465,5889784
684000,0.0011715498371134656,0.23701638201463926,0.0011646986684753751,0.00016452216244262948,1.425,1.0,0.7358218694286084,signatures/c2cae97ed5c2f955adaadd6c5da64434.sig.gz,"GCF_000205025.1 Parasutterella excrementihominis YIT 11859 strain=YIT 11859, ASM20502v1",c2cae97ed5c2f955adaadd6c5da64434,0.23841059602649006,680000,149,333792000,/nfs3_ib/nfs-ip34/home/def-ilafores/analysis/MethodsComparison/Feces_RA/preproc/SRR5091491/SRR5091491_unmatched_2.fastq,SRR5091491,73ba07a58ee5da0cad9c8d73f47c9913,583842000,31,DNA,1000,583842,true,0.8043478323025693,0.9548028958722128,0.8795753640873911,0.9548028958722128,969,3708434,5889784
682000,0.0011681242527944204,0.34576098059244126,0.0011595602919968074,0.00020493111462152093,1.7828655834564253,1.0,1.067224371597879,signatures/5829d46b7921c18901a080b82380443c.sig.gz,"GCA_904394705.1 Candidatus Avimicrobium caecorum, Coassembly_mag_137",5829d46b7921c18901a080b82380443c,0.34831460674157305,677000,150,333115000,/nfs3_ib/nfs-ip34/home/def-ilafores/analysis/MethodsComparison/Feces_RA/preproc/SRR5091491/SRR5091491_unmatched_2.fastq,SRR5091491,73ba07a58ee5da0cad9c8d73f47c9913,583842000,31,DNA,1000,583842,true,0.8042718572004223,0.9665512640549331,0.8854115606276777,0.9665512640549331,1207,3709641,5889784
1083000,0.0018549539087629873,0.21915584415584416,0.0011561347076777622,0.0002506034177144697,2.1866666666666665,1.0,3.9978660974741653,signatures/1a61bc75384814965146b3c8fd1a27a5.sig.gz,GCF_025150245.1 Dorea formicigenerans strain=ATCC 27755 ASM2515024v1,1a61bc75384814965146b3c8fd1a27a5,0.3516233766233766,675000,151,332440000,/nfs3_ib/nfs-ip34/home/def-ilafores/analysis/MethodsComparison/Feces_RA/preproc/SRR5091491/SRR5091491_unmatched_2.fastq,SRR5091491,73ba07a58ee5da0cad9c8d73f47c9913,583842000,31,DNA,1000,583842,true,0.8163599936717015,0.9668460926889977,0.8916030431803497,0.9668460926889977,1476,3711117,5889784
829000,0.0014199047002442441,0.2268760907504363,0.0011133149036896969,0.00021885352671676924,1.9830769230769232,1.0,2.0156365080401732,signatures/5998c1d4c3c14df80fd6cff6ba682767.sig.gz,"GCA_003096535.1 Agathobaculum butyriciproducens strain=DSM 100391, ASM309653v1",5998c1d4c3c14df80fd6cff6ba682767,0.2893542757417103,650000,152,331790000,/nfs3_ib/nfs-ip34/home/def-ilafores/analysis/MethodsComparison/Feces_RA/preproc/SRR5091491/SRR5091491_unmatched_2.fastq,SRR5091491,73ba07a58ee5da0cad9c8d73f47c9913,583842000,31,DNA,1000,583842,true,0.8093519053307263,0.9607862321660806,0.8850690687484035,0.9607862321660806,1289,3712406,5889784
2291000,0.003924006837466301,0.13226205191594562,0.001099612566413516,0.00163367620951804,14.98753894080997,11.0,13.691294975919638,signatures/20f6f4671cb02947dd549a7f52b244a0.sig.gz,GCA_947646015.1 uncultured Bacteroides sp. SRR17794261_bin.38_metawrap_v1.3_MAG,20f6f4671cb02947dd549a7f52b244a0,0.4719818706221673,642000,153,331148000,/nfs3_ib/nfs-ip34/home/def-ilafores/analysis/MethodsComparison/Feces_RA/preproc/SRR5091491/SRR5091491_unmatched_2.fastq,SRR5091491,73ba07a58ee5da0cad9c8d73f47c9913,583842000,31,DNA,1000,583842,true,0.8363313548675435,0.9760711172821168,0.9062012360748302,0.9760711172821168,9622,3722028,5889784
723000,0.0012383487313348475,0.37375512595196253,0.0010927613977754255,0.00025043363220111296,2.311912225705329,2.0,1.7179348372823509,signatures/78a93f43d84352a3e4766bccf67ce521.sig.gz,"GCA_900550705.1 uncultured Clostridiales bacterium, UMGS1323",78a93f43d84352a3e4766bccf67ce521,0.4235500878734622,638000,154,330510000,/nfs3_ib/nfs-ip34/home/def-ilafores/analysis/MethodsComparison/Feces_RA/preproc/SRR5091491/SRR5091491_unmatched_2.fastq,SRR5091491,73ba07a58ee5da0cad9c8d73f47c9913,583842000,31,DNA,1000,583842,true,0.8057878984791154,0.9726680941331489,0.8892279963061321,0.9726680941331489,1475,3723503,5889784
654000,0.0011201660723277873,0.3446019629225736,0.0010824846448182898,0.0001937252707399796,1.8053797468354431,1.0,1.5635593668828272,signatures/01ff62114546aa0e1a79e903b0b2e3fe.sig.gz,"GCA_900547385.1 uncultured Ruminococcaceae bacterium, UMGS979",01ff62114546aa0e1a79e903b0b2e3fe,0.35659760087241005,632000,155,329878000,/nfs3_ib/nfs-ip34/home/def-ilafores/analysis/MethodsComparison/Feces_RA/preproc/SRR5091491/SRR5091491_unmatched_2.fastq,SRR5091491,73ba07a58ee5da0cad9c8d73f47c9913,583842000,31,DNA,1000,583842,true,0.803184949354018,0.9672843082198385,0.8852346287869282,0.9672843082198385,1141,3724644,5889784
700000,0.0011989545116658275,0.22179125528913962,0.001077346268339722,0.00021087360758900497,1.9745627980922098,1.0,1.7277281391138972,signatures/5ec2a30696ff9cd209795f643031160a.sig.gz,"GCA_001940855.1 Christensenellaceae bacterium Phil1, ASM194085v1",5ec2a30696ff9cd209795f643031160a,0.2468265162200282,629000,156,329249000,/nfs3_ib/nfs-ip34/home/def-ilafores/analysis/MethodsComparison/Feces_RA/preproc/SRR5091491/SRR5091491_unmatched_2.fastq,SRR5091491,73ba07a58ee5da0cad9c8d73f47c9913,583842000,31,DNA,1000,583842,true,0.8049480066318648,0.9558719906494242,0.8804099986406445,0.9558719906494242,1242,3725886,5889784
655000,0.0011218788644873098,0.30275229357798167,0.0010739206840206768,0.00017793521799780774,1.671451355661882,1.0,1.17951614662018,signatures/2bf57d8773337e2549d038cd72224baa.sig.gz,"GCA_934875375.1 uncultured bacterium, MTG243_bin.11.fa",2bf57d8773337e2549d038cd72224baa,0.31627233220666345,627000,157,328622000,/nfs3_ib/nfs-ip34/home/def-ilafores/analysis/MethodsComparison/Feces_RA/preproc/SRR5091491/SRR5091491_unmatched_2.fastq,SRR5091491,73ba07a58ee5da0cad9c8d73f47c9913,583842000,31,DNA,1000,583842,true,0.803224536573962,0.9635470851949186,0.8833858108844403,0.9635470851949186,1048,3726934,5889784
793000,0.0013582441825014302,0.09789227166276347,0.0010739206840206768,0.00013701690927884623,1.2870813397129186,1.0,1.210220536173023,signatures/77a5975adbf3dbbc2be7beba4b4c4989.sig.gz,"GCF_000233455.1 [Clostridium] citroniae WAL-17108 strain=WAL-17108, Clos_citr_WAL_17108_V1",77a5975adbf3dbbc2be7beba4b4c4989,0.12380952380952381,627000,158,327995000,/nfs3_ib/nfs-ip34/home/def-ilafores/analysis/MethodsComparison/Feces_RA/preproc/SRR5091491/SRR5091491_unmatched_2.fastq,SRR5091491,73ba07a58ee5da0cad9c8d73f47c9913,583842000,31,DNA,1000,583842,true,0.8081936142244208,0.9348329288540019,0.8715132715392113,0.9348329288540019,807,3727741,5889784
618000,0.0010585055545849734,0.23954669792887848,0.0010499415937873602,0.00015331631856108815,1.473083197389886,1.0,0.7564899979898073,signatures/1a7cafe23821babf9b9627f5efea44df.sig.gz,"GCF_004134775.1 Candidatus Borkfalkia ceftriaxoniphila strain=HDS1380, ASM413477v1",1a7cafe23821babf9b9627f5efea44df,0.24150058616647127,613000,159,327382000,/nfs3_ib/nfs-ip34/home/def-ilafores/analysis/MethodsComparison/Feces_RA/preproc/SRR5091491/SRR5091491_unmatched_2.fastq,SRR5091491,73ba07a58ee5da0cad9c8d73f47c9913,583842000,31,DNA,1000,583842,true,0.801719338378425,0.9551996070725733,0.8784594727254992,0.9551996070725733,903,3728644,5889784
639000,0.0010944741899349482,0.20586253369272237,0.001046516009468315,0.00015603288677479513,1.5040916530278232,1.0,2.0504040441980895,signatures/a4b84820347df41b4e179c121a5d09eb.sig.gz,"GCA_905214955.1 uncultured bacterium, ERR1430502-mag-bin.37",a4b84820347df41b4e179c121a5d09eb,0.2152964959568733,611000,160,326771000,/nfs3_ib/nfs-ip34/home/def-ilafores/analysis/MethodsComparison/Feces_RA/preproc/SRR5091491/SRR5091491_unmatched_2.fastq,SRR5091491,73ba07a58ee5da0cad9c8d73f47c9913,583842000,31,DNA,1000,583842,true,0.8025840059658795,0.9516671167883597,0.8771255613771196,0.9516671167883597,919,3729563,5889784
904000,0.00154836411220844,0.3025335320417288,0.0010430904251492697,0.0002798065260118198,2.7060755336617404,2.0,1.7794611463322714,signatures/d6880ec836f031125e9ef4429246f8c4.sig.gz,"GCA_900543625.1 uncultured Clostridiales bacterium, UMGS596",d6880ec836f031125e9ef4429246f8c4,0.4490809736711376,609000,161,326162000,/nfs3_ib/nfs-ip34/home/def-ilafores/analysis/MethodsComparison/Feces_RA/preproc/SRR5091491/SRR5091491_unmatched_2.fastq,SRR5091491,73ba07a58ee5da0cad9c8d73f47c9913,583842000,31,DNA,1000,583842,true,0.8116162710433609,0.9745063341392655,0.8930613025913132,0.9745063341392655,1648,3731211,5889784
615000,0.0010533671781064054,0.19417786308381318,0.0010396648408302247,0.00018778277777249555,1.8220757825370675,1.0,4.296426656806941,signatures/8d6919250bacbad97d6d884246790fb2.sig.gz,"GCA_900757485.1 Ruminococcaceae bacterium, ERS537327_19",8d6919250bacbad97d6d884246790fb2,0.1967370441458733,607000,162,325555000,/nfs3_ib/nfs-ip34/home/def-ilafores/analysis/MethodsComparison/Feces_RA/preproc/SRR5091491/SRR5091491_unmatched_2.fastq,SRR5091491,73ba07a58ee5da0cad9c8d73f47c9913,583842000,31,DNA,1000,583842,true,0.8015934992764546,0.9489036859296313,0.8752485926030429,0.9489036859296313,1106,3732317,5889784
608000,0.0010413776329897472,0.4556390977443609,0.001037952048670702,0.00022004202531026605,2.1386138613861387,2.0,1.2912222288577242,signatures/054c39d883b2aa6def1a6146cc7f7f68.sig.gz,"GCA_003343815.1 Clostridiales bacterium, ASM334381v1",054c39d883b2aa6def1a6146cc7f7f68,0.45714285714285713,606000,163,324949000,/nfs3_ib/nfs-ip34/home/def-ilafores/analysis/MethodsComparison/Feces_RA/preproc/SRR5091491/SRR5091491_unmatched_2.fastq,SRR5091491,73ba07a58ee5da0cad9c8d73f47c9913,583842000,31,DNA,1000,583842,true,0.8012975490815821,0.9750658212718825,0.8881816851767323,0.9750658212718825,1296,3733613,5889784
628000,0.0010756334761801995,0.22076023391812866,0.0010345264643516568,0.00016740851616969316,1.6324503311258278,1.0,0.9210596883588802,signatures/52d45f84e01c4ac6b8a87f5bc1894ec7.sig.gz,"GCF_004340975.1 Frisingicoccus caecimuris strain=DSM 28559, ASM434097v1",52d45f84e01c4ac6b8a87f5bc1894ec7,0.22953216374269006,604000,164,324345000,/nfs3_ib/nfs-ip34/home/def-ilafores/analysis/MethodsComparison/Feces_RA/preproc/SRR5091491/SRR5091491_unmatched_2.fastq,SRR5091491,73ba07a58ee5da0cad9c8d73f47c9913,583842000,31,DNA,1000,583842,true,0.8021345737932369,0.9536347101498818,0.8778846419715594,0.9536347101498818,986,3734599,5889784
603000,0.0010328136721921342,0.2484548825710754,0.0010328136721921342,0.00019049934598620256,1.8606965174129353,1.0,1.6643259719976184,signatures/8fe8930d7f9fb8ab8adc2100a80b0404.sig.gz,"GCA_018712745.1 Candidatus Caccocola faecigallinarum, ASM1871274v1",8fe8930d7f9fb8ab8adc2100a80b0404,0.2484548825710754,603000,165,323742000,/nfs3_ib/nfs-ip34/home/def-ilafores/analysis/MethodsComparison/Feces_RA/preproc/SRR5091491/SRR5091491_unmatched_2.fastq,SRR5091491,73ba07a58ee5da0cad9c8d73f47c9913,583842000,31,DNA,1000,583842,true,0.8010841303160509,0.9560747662821908,0.8785794482991208,0.9560747662821908,1122,3735721,5889784
711000,0.0012177952254205761,0.15350763655190267,0.001015685750596908,0.0001769165049176676,1.7571669477234402,1.0,2.052034749036078,signatures/105b1e5a96baf917fdd4f7216cdfb09b.sig.gz,"GCF_000157995.1 Holdemania filiformis DSM 12042 strain=DSM 12042, ASM15799v1",105b1e5a96baf917fdd4f7216cdfb09b,0.18405384416256795,593000,166,323149000,/nfs3_ib/nfs-ip34/home/def-ilafores/analysis/MethodsComparison/Feces_RA/preproc/SRR5091491/SRR5091491_unmatched_2.fastq,SRR5091491,73ba07a58ee5da0cad9c8d73f47c9913,583842000,31,DNA,1000,583842,true,0.8053529738084707,0.9468660495064058,0.8761095116574382,0.9468660495064058,1042,3736763,5889784
604000,0.0010345264643516568,0.1712707182320442,0.0010088345819588176,0.00019151805906634267,1.9151103565365026,1.0,6.008165852098907,signatures/2648477d04c51d508c027ea6c27bf3b2.sig.gz,"GCF_009494135.1 Prevotella copri strain=iAK278, ASM949413v1",2648477d04c51d508c027ea6c27bf3b2,0.1756324512939808,589000,167,322560000,/nfs3_ib/nfs-ip34/home/def-ilafores/analysis/MethodsComparison/Feces_RA/preproc/SRR5091491/SRR5091491_unmatched_2.fastq,SRR5091491,73ba07a58ee5da0cad9c8d73f47c9913,583842000,31,DNA,1000,583842,true,0.8011269507304951,0.9454366019248877,0.8732817763276914,0.9454366019248877,1128,3737891,5889784
705000,0.0012075184724634404,0.1535214982854128,0.0009968450368421594,0.00015297674753437477,1.5481099656357389,1.0,1.3698727716791699,signatures/5438c078b0a156d97f3fa3894640469e.sig.gz,"GCF_014337235.1 Eubacterium sp. NSJ-61 strain=NSJ-61, ASM1433723v1",5438c078b0a156d97f3fa3894640469e,0.18596676338696913,582000,168,321978000,/nfs3_ib/nfs-ip34/home/def-ilafores/analysis/MethodsComparison/Feces_RA/preproc/SRR5091491/SRR5091491_unmatched_2.fastq,SRR5091491,73ba07a58ee5da0cad9c8d73f47c9913,583842000,31,DNA,1000,583842,true,0.8051328404783847,0.9471819162216792,0.876157378350032,0.9471819162216792,901,3738792,5889784
1542000,0.0026411255099838657,0.18460051546391754,0.0009814299074064558,0.0003426271659537939,3.5218150087260036,2.0,5.213584302394001,signatures/9987984be79fa442505a1e867689dbf2.sig.gz,"GCA_916988195.3 Oscillospiraceae bacterium, POC01_20211130",9987984be79fa442505a1e867689dbf2,0.49677835051546393,573000,169,321405000,/nfs3_ib/nfs-ip34/home/def-ilafores/analysis/MethodsComparison/Feces_RA/preproc/SRR5091491/SRR5091491_unmatched_2.fastq,SRR5091491,73ba07a58ee5da0cad9c8d73f47c9913,583842000,31,DNA,1000,583842,true,0.8257182900218187,0.9776846474364002,0.9017014687291094,0.9776846474364002,2018,3740810,5889784
571000,0.0009780043230874105,0.17647058823529413,0.0009711531544493202,0.00013735648030555958,1.4268077601410936,1.0,0.7330837983887402,signatures/ece36072373c7b77383d2692bfd3aee1.sig.gz,"GCF_014131695.1 Erysipelatoclostridium ramosum DSM 1402 strain=DSM 1402, ASM1413169v1",ece36072373c7b77383d2692bfd3aee1,0.17771553065670712,567000,170,320838000,/nfs3_ib/nfs-ip34/home/def-ilafores/analysis/MethodsComparison/Feces_RA/preproc/SRR5091491/SRR5091491_unmatched_2.fastq,SRR5091491,73ba07a58ee5da0cad9c8d73f47c9913,583842000,31,DNA,1000,583842,true,0.7996762880436104,0.9457962614272846,0.8727362747354475,0.9457962614272846,809,3741619,5889784
565000,0.000967727570130275,0.22787878787878788,0.0009660147779707523,0.00013922412095248316,1.4539007092198581,1.0,0.8031425626605431,signatures/0d5a2afa6a6f849e04e7ba0431827e78.sig.gz,"GCA_000437495.1 Prevotella sp. CAG:485, MGS485",0d5a2afa6a6f849e04e7ba0431827e78,0.22828282828282828,564000,171,320274000,/nfs3_ib/nfs-ip34/home/def-ilafores/analysis/MethodsComparison/Feces_RA/preproc/SRR5091491/SRR5091491_unmatched_2.fastq,SRR5091491,73ba07a58ee5da0cad9c8d73f47c9913,583842000,31,DNA,1000,583842,true,0.7994038388759919,0.9534668288759609,0.8764353338759764,0.9534668288759609,820,3742439,5889784
1348000,0.002308843831036479,0.17211861815958424,0.0009643019858112297,0.0001976303375471834,2.0674955595026643,1.0,8.289975024841903,signatures/888d5c9074f0eba4fb60a0b7f12b8960.sig.gz,"GCF_900120195.1 Blautia sp. Marseille-P3087 strain=Marseille-P3087, PRJEB18016",888d5c9074f0eba4fb60a0b7f12b8960,0.41210638948333844,563000,172,319711000,/nfs3_ib/nfs-ip34/home/def-ilafores/analysis/MethodsComparison/Feces_RA/preproc/SRR5091491/SRR5091491_unmatched_2.fastq,SRR5091491,73ba07a58ee5da0cad9c8d73f47c9913,583842000,31,DNA,1000,583842,true,0.8221446055916152,0.9718090669756159,0.8969768362836155,0.9718090669756159,1164,3743603,5889784
808000,0.0013839360648942693,0.14102564102564102,0.0009608764014921845,0.0027751442158150453,29.13547237076649,2.0,284.62011992000765,signatures/21dcfee3f1e24fb9aebbbe6b8ae42cad.sig.gz,"GCF_000154845.1 Bacteroides coprocola DSM 17136 strain=DSM 17136, ASM15484v1",21dcfee3f1e24fb9aebbbe6b8ae42cad,0.20311714429361488,561000,173,319150000,/nfs3_ib/nfs-ip34/home/def-ilafores/analysis/MethodsComparison/Feces_RA/preproc/SRR5091491/SRR5091491_unmatched_2.fastq,SRR5091491,73ba07a58ee5da0cad9c8d73f47c9913,583842000,31,DNA,1000,583842,true,0.8086822976608006,0.9498810957922742,0.8792816967265373,0.9498810957922742,16345,3759948,5889784
599000,0.0010259625035540438,0.2567629527739569,0.0009591636093326619,0.00013871476441241307,1.4589285714285714,1.0,0.802958099270238,signatures/7b84dbbb3f681c53d36cf76d788fd1fa.sig.gz,"GCA_020555865.1 bacterium 210917-DFI.7.65 strain=DFI.7.65, ASM2055586v1",7b84dbbb3f681c53d36cf76d788fd1fa,0.2746446584135718,560000,174,318590000,/nfs3_ib/nfs-ip34/home/def-ilafores/analysis/MethodsComparison/Feces_RA/preproc/SRR5091491/SRR5091491_unmatched_2.fastq,SRR5091491,73ba07a58ee5da0cad9c8d73f47c9913,583842000,31,DNA,1000,583842,true,0.8009121586348285,0.9591705674072339,0.8800413630210312,0.9591705674072339,817,3760765,5889784
554000,0.0009488868563755263,0.31871345029239767,0.0009334717269398227,0.00016723873065633646,1.8073394495412844,1.0,1.1110542494966065,signatures/fe3feb3c9711cce317cfbddea0ae42d6.sig.gz,"GCA_022009675.1 Oscillospiraceae bacterium, ASM2200967v1",fe3feb3c9711cce317cfbddea0ae42d6,0.32397660818713453,545000,175,318045000,/nfs3_ib/nfs-ip34/home/def-ilafores/analysis/MethodsComparison/Feces_RA/preproc/SRR5091491/SRR5091491_unmatched_2.fastq,SRR5091491,73ba07a58ee5da0cad9c8d73f47c9913,583842000,31,DNA,1000,583842,true,0.7988969959304598,0.9642954507136563,0.881596223322058,0.9642954507136563,985,3761750,5889784
648000,0.0011098893193706516,0.18090452261306533,0.0009249077661422097,0.00018065178621151472,1.9703703703703703,2.0,1.432122179459513,signatures/895261fc11cddcef03130c56a5c81d58.sig.gz,"GCA_003477405.1 Ruminococcaceae bacterium AM07-15 strain=AM07-15, ASM347740v1",895261fc11cddcef03130c56a5c81d58,0.21708542713567838,540000,176,317505000,/nfs3_ib/nfs-ip34/home/def-ilafores/analysis/MethodsComparison/Feces_RA/preproc/SRR5091491/SRR5091491_unmatched_2.fastq,SRR5091491,73ba07a58ee5da0cad9c8d73f47c9913,583842000,31,DNA,1000,583842,true,0.8029461887629815,0.9519211789050709,0.8774336838340262,0.9519211789050709,1064,3762814,5889784
549000,0.0009403228955779132,0.1729153199741435,0.0009163438053445967,0.00012920677566443864,1.422429906542056,1.0,0.8231814747757689,signatures/0577121652a91194533e84a2dee7741c.sig.gz,"GCA_905209085.1 uncultured Clostridiales bacterium, ERR1600743-mag-bin.83",0577121652a91194533e84a2dee7741c,0.17744020685197157,535000,177,316970000,/nfs3_ib/nfs-ip34/home/def-ilafores/analysis/MethodsComparison/Feces_RA/preproc/SRR5091491/SRR5091491_unmatched_2.fastq,SRR5091491,73ba07a58ee5da0cad9c8d73f47c9913,583842000,31,DNA,1000,583842,true,0.7986633850579933,0.945748959367913,0.8722061722129532,0.945748959367913,761,3763575,5889784
2589000,0.004434418901004039,0.07897466291302416,0.0009129182210255515,0.0018549067334218028,20.49718574108818,20.0,13.095209568996275,signatures/d0bde3e6526ca3c12f402123a43ebfc0.sig.gz,"GCA_019412825.1 Bacteroides thetaiotaomicron, ASM1941282v1",d0bde3e6526ca3c12f402123a43ebfc0,0.3836123870202993,533000,178,316437000,/nfs3_ib/nfs-ip34/home/def-ilafores/analysis/MethodsComparison/Feces_RA/preproc/SRR5091491/SRR5091491_unmatched_2.fastq,SRR5091491,73ba07a58ee5da0cad9c8d73f47c9913,583842000,31,DNA,1000,583842,true,0.8396368815833009,0.9695655619424262,0.9046012217628635,0.9695655619424262,10925,3774500,5889784
602000,0.0010311008800326115,0.21808054841473865,0.0008718112091970088,0.00014058240505933665,1.6267190569744596,1.0,1.1935292309770849,signatures/0905e823ac949ecf8334e1cafa83fd61.sig.gz,"GCA_900553135.1 uncultured Clostridiales bacterium, UMGS1583",0905e823ac949ecf8334e1cafa83fd61,0.2579263067694944,509000,179,315928000,/nfs3_ib/nfs-ip34/home/def-ilafores/analysis/MethodsComparison/Feces_RA/preproc/SRR5091491/SRR5091491_unmatched_2.fastq,SRR5091491,73ba07a58ee5da0cad9c8d73f47c9913,583842000,31,DNA,1000,583842,true,0.8010412411248088,0.9572293106491137,0.8791352758869613,0.9572293106491137,828,3775328,5889784
645000,0.001104750942892084,0.14026354319180087,0.0008204274444113304,0.00015026017932066779,1.8475991649269312,1.0,2.1691876908369725,signatures/e1b93142127dc8be3011c5319cf2e44d.sig.gz,"GCF_014287895.1 Lawsonibacter sp. NSJ-51 strain=NSJ-51, ASM1428789v1",e1b93142127dc8be3011c5319cf2e44d,0.18887262079062958,479000,180,315449000,/nfs3_ib/nfs-ip34/home/def-ilafores/analysis/MethodsComparison/Feces_RA/preproc/SRR5091491/SRR5091491_unmatched_2.fastq,SRR5091491,73ba07a58ee5da0cad9c8d73f47c9913,583842000,31,DNA,1000,583842,true,0.8028260050138446,0.9476557740886449,0.8752408895512447,0.9476557740886449,885,3776213,5889784
512000,0.0008769495856755766,0.17749721500185667,0.0008187146522518078,0.0001166426476760438,1.4372384937238494,1.0,0.7969832697378803,signatures/da00d8572c904dcf82b03b88ccd3dcbd.sig.gz,"GCA_900753285.1 Clostridia bacterium, ERS396348_42",da00d8572c904dcf82b03b88ccd3dcbd,0.19012253991830672,478000,181,314971000,/nfs3_ib/nfs-ip34/home/def-ilafores/analysis/MethodsComparison/Feces_RA/preproc/SRR5091491/SRR5091491_unmatched_2.fastq,SRR5091491,73ba07a58ee5da0cad9c8d73f47c9913,583842000,31,DNA,1000,583842,true,0.796867800330515,0.947857431850676,0.8723626160905955,0.947857431850676,687,3776900,5889784
539000,0.000923194973982687,0.182883939038687,0.0008015867306565818,0.00014380832981311369,1.8098290598290598,1.0,3.7519438797458555,signatures/3720e0bde63dfe3f9010026ab744402c.sig.gz,"GCA_900549685.1 uncultured Alistipes sp., UMGS1210",3720e0bde63dfe3f9010026ab744402c,0.21062915201250487,468000,182,314503000,/nfs3_ib/nfs-ip34/home/def-ilafores/analysis/MethodsComparison/Feces_RA/preproc/SRR5091491/SRR5091491_unmatched_2.fastq,SRR5091491,73ba07a58ee5da0cad9c8d73f47c9913,583842000,31,DNA,1000,583842,true,0.7981899213992766,0.950994522387331,0.8745922218933038,0.950994522387331,847,3777747,5889784
472000,0.0008084378992946722,0.22447013487475914,0.0007981611463375365,0.00012105707102331767,1.5300429184549356,1.0,0.836505349579275,signatures/d9541455643a0a2dd7ea102e637e9a66.sig.gz,"GCA_000435055.1 Clostridium sp. CAG:138, MGS138",d9541455643a0a2dd7ea102e637e9a66,0.22736030828516376,466000,183,314037000,/nfs3_ib/nfs-ip34/home/def-ilafores/analysis/MethodsComparison/Feces_RA/preproc/SRR5091491/SRR5091491_unmatched_2.fastq,SRR5091491,73ba07a58ee5da0cad9c8d73f47c9913,583842000,31,DNA,1000,583842,true,0.794779518159301,0.9533422922555148,0.874060905207408,0.9533422922555148,713,3778460,5889784
548000,0.0009386101034183906,0.21529080675422138,0.0007861716012208782,0.00017640714837759754,2.263616557734205,2.0,1.3855010156261185,signatures/c160a5fa3e7d768a3c6fc7de2be008a0.sig.gz,"GCA_002404795.1 Clostridiales bacterium UBA4696, ASM240479v1",c160a5fa3e7d768a3c6fc7de2be008a0,0.2570356472795497,459000,184,313578000,/nfs3_ib/nfs-ip34/home/def-ilafores/analysis/MethodsComparison/Feces_RA/preproc/SRR5091491/SRR5091491_unmatched_2.fastq,SRR5091491,73ba07a58ee5da0cad9c8d73f47c9913,583842000,31,DNA,1000,583842,true,0.7986164158974403,0.9571225043052692,0.8778694601013548,0.9571225043052692,1039,3779499,5889784
634000,0.001085910229137335,0.133216986620128,0.0007844588090613556,0.00021647652952977564,2.7838427947598254,1.0,11.11743589440102,signatures/1275c6492572d77c9e61dd4c70260ff4.sig.gz,"GCF_000296465.1 Barnesiella intestinihominis YIT 11860 strain=YIT 11860, Barn_inte_YIT_11860_V1",1275c6492572d77c9e61dd4c70260ff4,0.18440954043048283,458000,185,313120000,/nfs3_ib/nfs-ip34/home/def-ilafores/analysis/MethodsComparison/Feces_RA/preproc/SRR5091491/SRR5091491_unmatched_2.fastq,SRR5091491,73ba07a58ee5da0cad9c8d73f47c9913,583842000,31,DNA,1000,583842,true,0.8023806543573972,0.946925022812743,0.8746528385850701,0.946925022812743,1275,3780774,5889784
602000,0.0010311008800326115,0.07167503136762861,0.000782746016901833,0.0001346399120918526,1.7352297592997812,1.0,4.388407944887934,signatures/93f73424a62c9a7810069426678c2739.sig.gz,"GCF_002234575.2 Enterocloster bolteae strain=ATCC BAA-613, ASM223457v2",93f73424a62c9a7810069426678c2739,0.09441656210790464,457000,186,312663000,/nfs3_ib/nfs-ip34/home/def-ilafores/analysis/MethodsComparison/Feces_RA/preproc/SRR5091491/SRR5091491_unmatched_2.fastq,SRR5091491,73ba07a58ee5da0cad9c8d73f47c9913,583842000,31,DNA,1000,583842,true,0.8010412411248088,0.9266954659643266,0.8638683535445677,0.9266954659643266,793,3781567,5889784
460000,0.0007878843933804008,0.22501230920728704,0.000782746016901833,0.00015042996483402446,1.938730853391685,1.0,2.6046098100007655,signatures/26bf2f4763213c90411cea995eaacc97.sig.gz,"GCA_003514385.1 Ruminococcaceae bacterium, ASM351438v1",26bf2f4763213c90411cea995eaacc97,0.22648941408173315,457000,187,312206000,/nfs3_ib/nfs-ip34/home/def-ilafores/analysis/MethodsComparison/Feces_RA/preproc/SRR5091491/SRR5091491_unmatched_2.fastq,SRR5091491,73ba07a58ee5da0cad9c8d73f47c9913,583842000,31,DNA,1000,583842,true,0.7941195485678515,0.9532242753731566,0.8736719119705041,0.9532242753731566,886,3782453,5889784
531000,0.0009094926367065062,0.20159503766061143,0.0007793204325827879,0.000129546346691152,1.676923076923077,1.0,2.6066304687615873,signatures/70637202227fbc5a87213d06626ae00c.sig.gz,"GCA_900542395.1 uncultured Clostridiales bacterium, UMGS459",70637202227fbc5a87213d06626ae00c,0.2352680549401861,455000,188,311751000,/nfs3_ib/nfs-ip34/home/def-ilafores/analysis/MethodsComparison/Feces_RA/preproc/SRR5091491/SRR5091491_unmatched_2.fastq,SRR5091491,73ba07a58ee5da0cad9c8d73f47c9913,583842000,31,DNA,1000,583842,true,0.7978049893234201,0.9543943012815523,0.8760996453024863,0.9543943012815523,763,3783216,5889784
455000,0.0007793204325827879,0.15511892450879008,0.0007707564717851748,0.00010322959212086555,1.3511111111111112,1.0,0.6904498444161751,signatures/80a0c7df05d28f92f6b93af8a523bc03.sig.gz,GCF_025144995.1 Alistipes indistinctus YIT 12060 strain=YIT 12060 ASM2514499v1,80a0c7df05d28f92f6b93af8a523bc03,0.1568424681144433,450000,189,311301000,/nfs3_ib/nfs-ip34/home/def-ilafores/analysis/MethodsComparison/Feces_RA/preproc/SRR5091491/SRR5091491_unmatched_2.fastq,SRR5091491,73ba07a58ee5da0cad9c8d73f47c9913,583842000,31,DNA,1000,583842,true,0.793839630540578,0.9419920012812771,0.8679158159109276,0.9419920012812771,608,3783824,5889784
465000,0.0007964483541780139,0.21226415094339623,0.0007707564717851748,0.00011341672292226675,1.4844444444444445,1.0,1.0545047401095837,signatures/369e5081e47afd44bf0f8cd8952ddfd2.sig.gz,"GCA_900545935.1 uncultured Clostridiales bacterium, UMGS824",369e5081e47afd44bf0f8cd8952ddfd2,0.21933962264150944,450000,190,310851000,/nfs3_ib/nfs-ip34/home/def-ilafores/analysis/MethodsComparison/Feces_RA/preproc/SRR5091491/SRR5091491_unmatched_2.fastq,SRR5091491,73ba07a58ee5da0cad9c8d73f47c9913,583842000,31,DNA,1000,583842,true,0.7943965375027331,0.9522384477492872,0.8733174926260101,0.9522384477492872,668,3784492,5889784
559000,0.0009574508171731393,0.1544041450777202,0.0007656180953066069,0.00013650755273877615,1.7986577181208054,1.0,6.112641244646329,signatures/8ac40930d9d76ec404ee8c7d650add64.sig.gz,GCF_025567315.1 Agathobaculum ammoniilyticum strain=Sanger_34 ASM2556731v1,8ac40930d9d76ec404ee8c7d650add64,0.1930915371329879,447000,191,310404000,/nfs3_ib/nfs-ip34/home/def-ilafores/analysis/MethodsComparison/Feces_RA/preproc/SRR5091491/SRR5091491_unmatched_2.fastq,SRR5091491,73ba07a58ee5da0cad9c8d73f47c9913,583842000,31,DNA,1000,583842,true,0.7991285752583768,0.9483313429652321,0.8737299591118044,0.9483313429652321,804,3785296,5889784
553000,0.0009471740642160037,0.08516053249804229,0.0007450645893923356,0.00016859701476318995,2.282758620689655,1.0,10.295431493210529,signatures/ddcc002de25b4cf728bc53c0554d946f.sig.gz,"GCF_003477885.1 Lachnotalea sp. AF33-28 strain=AF33-28, ASM347788v1",ddcc002de25b4cf728bc53c0554d946f,0.10826155050900547,435000,192,309969000,/nfs3_ib/nfs-ip34/home/def-ilafores/analysis/MethodsComparison/Feces_RA/preproc/SRR5091491/SRR5091491_unmatched_2.fastq,SRR5091491,73ba07a58ee5da0cad9c8d73f47c9913,583842000,31,DNA,1000,583842,true,0.7988504374356171,0.9307949274103601,0.8648226824229885,0.9307949274103601,993,3786289,5889784
659000,0.0011287300331254003,0.1183774834437086,0.0007347878364352,0.00011766136075618393,1.6153846153846154,1.0,1.6581637142794607,signatures/4f9f7653a293be189ac633bff28f9766.sig.gz,"GCF_008121495.1 [Ruminococcus] gnavus ATCC 29149 strain=JCM6515, ASM812149v1",4f9f7653a293be189ac633bff28f9766,0.18184326710816778,429000,193,309540000,/nfs3_ib/nfs-ip34/home/def-ilafores/analysis/MethodsComparison/Feces_RA/preproc/SRR5091491/SRR5091491_unmatched_2.fastq,SRR5091491,73ba07a58ee5da0cad9c8d73f47c9913,583842000,31,DNA,1000,583842,true,0.8033823027444217,0.9464970513717745,0.8749396770580982,0.9464970513717745,693,3786982,5889784
450000,0.0007707564717851748,0.09149209063702438,0.0007330750442756773,0.0000937216033728911,1.2897196261682242,1.0,0.6153692880237452,signatures/1d173544271fef8a51c6d94810f03490.sig.gz,"GCF_000466485.1 [Clostridium] symbiosum ATCC 14940 strain=ATCC 14940, ASM46648v1",1d173544271fef8a51c6d94810f03490,0.09619495510902094,428000,194,309112000,/nfs3_ib/nfs-ip34/home/def-ilafores/analysis/MethodsComparison/Feces_RA/preproc/SRR5091491/SRR5091491_unmatched_2.fastq,SRR5091491,73ba07a58ee5da0cad9c8d73f47c9913,583842000,31,DNA,1000,583842,true,0.793556719743028,0.9272534570518546,0.8604050883974412,0.9272534570518546,552,3787534,5889784
458000,0.0007844588090613556,0.3150787696924231,0.0007193727069994964,0.00016095666666213906,2.257142857142857,2.0,1.5555037244361383,signatures/4d68627be9a07637ae8accb68d5d3950.sig.gz,"GCA_001916775.1 Firmicutes bacterium CAG:321_26_22, ASM191677v1",4d68627be9a07637ae8accb68d5d3950,0.3435858964741185,420000,195,308692000,/nfs3_ib/nfs-ip34/home/def-ilafores/analysis/MethodsComparison/Feces_RA/preproc/SRR5091491/SRR5091491_unmatched_2.fastq,SRR5091491,73ba07a58ee5da0cad9c8d73f47c9913,583842000,31,DNA,1000,583842,true,0.794007936367766,0.9661251721617338,0.8800665542647499,0.9661251721617338,948,3788482,5889784
449000,0.0007690436796256522,0.07573556120595713,0.0007142343305209286,0.00011137929676198652,1.5731414868105515,1.0,1.3213059311433248,signatures/2e21b560563bbc94b08ae516434585ff.sig.gz,"GCF_009695545.1 Victivallaceae bacterium BBE-744-WT-12 strain=BBE-744-WT-12, ASM969554v1",2e21b560563bbc94b08ae516434585ff,0.08154740283327279,417000,196,308275000,/nfs3_ib/nfs-ip34/home/def-ilafores/analysis/MethodsComparison/Feces_RA/preproc/SRR5091491/SRR5091491_unmatched_2.fastq,SRR5091491,73ba07a58ee5da0cad9c8d73f47c9913,583842000,31,DNA,1000,583842,true,0.7934997726998501,0.9223254615733325,0.8579126171365913,0.9223254615733325,656,3789138,5889784
3101000,0.005311368486679615,0.08770076077768385,0.0007108087462018834,0.0014265378832228823,20.24578313253012,7.0,35.45630027521174,signatures/74682f4f7d98823d43fc073dc9b6e96e.sig.gz,GCA_959606905.1 uncultured Bacteroides sp. SRR16244388_bin.36_MetaWRAP_v1.3_MAG,74682f4f7d98823d43fc073dc9b6e96e,0.6553254437869822,415000,197,307860000,/nfs3_ib/nfs-ip34/home/def-ilafores/analysis/MethodsComparison/Feces_RA/preproc/SRR5091491/SRR5091491_unmatched_2.fastq,SRR5091491,73ba07a58ee5da0cad9c8d73f47c9913,583842000,31,DNA,1000,583842,true,0.8445387134920331,0.9864594987407362,0.9154991061163846,0.9864594987407362,8402,3797540,5889784
450000,0.0007707564717851748,0.09486633546250296,0.0006868296559685668,0.00026622368494328487,3.910224438902743,1.0,14.463710550625342,signatures/d514a5392eaf202adc6934a4db7121cf.sig.gz,"GCA_000803105.1 Coprobacter secundus strain=177, ASM80310v1",d514a5392eaf202adc6934a4db7121cf,0.10645848119233499,401000,198,307459000,/nfs3_ib/nfs-ip34/home/def-ilafores/analysis/MethodsComparison/Feces_RA/preproc/SRR5091491/SRR5091491_unmatched_2.fastq,SRR5091491,73ba07a58ee5da0cad9c8d73f47c9913,583842000,31,DNA,1000,583842,true,0.793556719743028,0.9302907832524742,0.8619237514977511,0.9302907832524742,1568,3799108,5889784
419000,0.0007176599148399738,0.16199756394640683,0.0006834040716495216,0.00010577637482121585,1.5614035087719298,1.0,0.8290551043222197,signatures/c36981edf19c7d7057b6054f9da3c9ce.sig.gz,"GCA_900547195.1 uncultured Butyricicoccus sp., UMGS961",c36981edf19c7d7057b6054f9da3c9ce,0.170117742590337,399000,199,307060000,/nfs3_ib/nfs-ip34/home/def-ilafores/analysis/MethodsComparison/Feces_RA/preproc/SRR5091491/SRR5091491_unmatched_2.fastq,SRR5091491,73ba07a58ee5da0cad9c8d73f47c9913,583842000,31,DNA,1000,583842,true,0.7917316786860339,0.9444641363419903,0.8680979075140121,0.9444641363419903,623,3799731,5889784
3532000,0.006049581907433861,0.09952488122030508,0.000681691279489999,0.003864827640538261,57.19346733668342,45.0,49.86605432967136,signatures/368314a9cda1fb73c39f56f1ff8da594.sig.gz,"GCA_900760795.1 Bacteroidaceae bacterium, SRS021948_34",368314a9cda1fb73c39f56f1ff8da594,0.8832208052013003,398000,200,306662000,/nfs3_ib/nfs-ip34/home/def-ilafores/analysis/MethodsComparison/Feces_RA/preproc/SRR5091491/SRR5091491_unmatched_2.fastq,SRR5091491,73ba07a58ee5da0cad9c8d73f47c9913,583842000,31,DNA,1000,583842,true,0.848091584113251,0.9960022045745667,0.9220468943439089,0.9960022045745667,22763,3822494,5889784
471000,0.0008067251071351496,0.14368650217706821,0.0006782656951709537,0.00009813602672016495,1.4595959595959596,1.0,1.0029672333106336,signatures/fd013d3845ae9fce3c430cbd276efdf0.sig.gz,"GCA_900549885.1 uncultured Clostridiales bacterium, UMGS1232",fd013d3845ae9fce3c430cbd276efdf0,0.170899854862119,396000,201,306266000,/nfs3_ib/nfs-ip34/home/def-ilafores/analysis/MethodsComparison/Feces_RA/preproc/SRR5091491/SRR5091491_unmatched_2.fastq,SRR5091491,73ba07a58ee5da0cad9c8d73f47c9913,583842000,31,DNA,1000,583842,true,0.7947251444974169,0.9446038950815673,0.8696645197894921,0.9446038950815673,578,3823072,5889784
2744000,0.004699901685730043,0.07177902962020716,0.0006765529030114312,0.0002809950246053166,4.189873417721519,3.0,3.7479984510456,signatures/48ac22e23336bd18ad59549f5bb90daa.sig.gz,GCF_958387885.1 uncultured Bacteroides sp. SRR17798034_bin.10_MetaWRAP_v1.3_MAG,48ac22e23336bd18ad59549f5bb90daa,0.4986371070325277,395000,202,305871000,/nfs3_ib/nfs-ip34/home/def-ilafores/analysis/MethodsComparison/Feces_RA/preproc/SRR5091491/SRR5091491_unmatched_2.fastq,SRR5091491,73ba07a58ee5da0cad9c8d73f47c9913,583842000,31,DNA,1000,583842,true,0.8412132205481726,0.9778024383760624,0.9095078294621175,0.9778024383760624,1655,3824727,5889784
395000,0.0006765529030114312,0.16469594594594594,0.0006679889422138181,0.00010747422995478272,1.623076923076923,1.0,1.0736856099224927,signatures/44e3d1bb0201ca267dc880ff7ec25da5.sig.gz,"GCA_002431945.1 Ruminococcaceae bacterium UBA5891, ASM243194v1",44e3d1bb0201ca267dc880ff7ec25da5,0.16680743243243243,390000,203,305481000,/nfs3_ib/nfs-ip34/home/def-ilafores/analysis/MethodsComparison/Feces_RA/preproc/SRR5091491/SRR5091491_unmatched_2.fastq,SRR5091491,73ba07a58ee5da0cad9c8d73f47c9913,583842000,31,DNA,1000,583842,true,0.7902266459624278,0.9438656347211742,0.867046140341801,0.9438656347211742,633,3825360,5889784
721000,0.0012349231470158023,0.07839543881083283,0.0006594249814162051,0.00043533005624654485,6.65974025974026,6.0,10.135757197097265,signatures/a17817b17fc8d3307313b0166e1cb3ee.sig.gz,"GCF_900155425.1 Parabacteroides massiliensis strain=SN4, PRJEB18759",a17817b17fc8d3307313b0166e1cb3ee,0.14681327631846874,385000,204,305096000,/nfs3_ib/nfs-ip34/home/def-ilafores/analysis/MethodsComparison/Feces_RA/preproc/SRR5091491/SRR5091491_unmatched_2.fastq,SRR5091491,73ba07a58ee5da0cad9c8d73f47c9913,583842000,31,DNA,1000,583842,true,0.8057158984421964,0.9399861665313403,0.8728510324867683,0.9399861665313403,2564,3827924,5889784
382000,0.0006542866049376372,0.23731997495303694,0.0006491482284590694,0.00008777911040540705,1.3641160949868074,1.0,0.7259821459455575,signatures/25edb6666308b6e9999a312dc2c63df7.sig.gz,"GCA_018715295.1 Candidatus Merdimorpha stercoravium, ASM1871529v1",25edb6666308b6e9999a312dc2c63df7,0.23919849718221667,379000,205,304717000,/nfs3_ib/nfs-ip34/home/def-ilafores/analysis/MethodsComparison/Feces_RA/preproc/SRR5091491/SRR5091491_unmatched_2.fastq,SRR5091491,73ba07a58ee5da0cad9c8d73f47c9913,583842000,31,DNA,1000,583842,true,0.7893740398543594,0.9549045218379117,0.8721392808461356,0.9549045218379117,517,3828441,5889784
462000,0.0007913099776994461,0.17453703703703705,0.0006457226441400241,0.00012598085091066158,1.9681697612732096,1.0,5.558852723343936,signatures/4a1943cef878ce8b6d6625ec2358cbd9.sig.gz,"GCA_003525905.1 Clostridiales bacterium, ASM352590v1",4a1943cef878ce8b6d6625ec2358cbd9,0.21388888888888888,377000,206,304340000,/nfs3_ib/nfs-ip34/home/def-ilafores/analysis/MethodsComparison/Feces_RA/preproc/SRR5091491/SRR5091491_unmatched_2.fastq,SRR5091491,73ba07a58ee5da0cad9c8d73f47c9913,583842000,31,DNA,1000,583842,true,0.7942306921357896,0.9514657696367399,0.8728482308862647,0.9514657696367399,742,3829183,5889784
417000,0.0007142343305209286,0.1240539651201053,0.0006457226441400241,0.000087269753865337,1.363395225464191,1.0,0.7341876076768993,signatures/9f22a12ea31ae64005462ecd2443a23e.sig.gz,GCA_959607825.1 uncultured Oscillospiraceae bacterium SRR16280072_bin.27_MetaWRAP_v1.3_MAG,9f22a12ea31ae64005462ecd2443a23e,0.1372161895360316,377000,207,303963000,/nfs3_ib/nfs-ip34/home/def-ilafores/analysis/MethodsComparison/Feces_RA/preproc/SRR5091491/SRR5091491_unmatched_2.fastq,SRR5091491,73ba07a58ee5da0cad9c8d73f47c9913,583842000,31,DNA,1000,583842,true,0.7916094882103112,0.9379385072844741,0.8647739977473927,0.9379385072844741,514,3829697,5889784
857000,0.0014678628807108772,0.15966029723991507,0.0006440098519805015,0.0002015354043543872,3.1569148936170213,3.0,2.2572236413844755,signatures/f703e8691d4ada0721e0a27ea6b12022.sig.gz,"GCF_003439125.1 Collinsella sp. OM04-5 strain=OM04-5, ASM343912v1",f703e8691d4ada0721e0a27ea6b12022,0.3639065817409766,376000,208,303587000,/nfs3_ib/nfs-ip34/home/def-ilafores/analysis/MethodsComparison/Feces_RA/preproc/SRR5091491/SRR5091491_unmatched_2.fastq,SRR5091491,73ba07a58ee5da0cad9c8d73f47c9913,583842000,31,DNA,1000,583842,true,0.8102196236986982,0.9679175940774557,0.8890686088880769,0.9679175940774557,1187,3830884,5889784
461000,0.0007895971855399234,0.06287272107684444,0.0006320203068638433,0.00025196170182132315,4.021680216802168,1.0,11.617413637118029,signatures/51d7fd9bdf03a1793a8850d12786c650.sig.gz,GCF_029581355.1 Parabacteroides chongii strain=YMC B3181 ASM2958135v1,51d7fd9bdf03a1793a8850d12786c650,0.07854830465155904,369000,209,303218000,/nfs3_ib/nfs-ip34/home/def-ilafores/analysis/MethodsComparison/Feces_RA/preproc/SRR5091491/SRR5091491_unmatched_2.fastq,SRR5091491,73ba07a58ee5da0cad9c8d73f47c9913,583842000,31,DNA,1000,583842,true,0.7941751786806585,0.9212112905502289,0.8576932346154437,0.9212112905502289,1484,3832368,5889784
380000,0.000650861020618592,0.30548523206751055,0.000620030761747185,0.00012750892053087177,2.074585635359116,2.0,2.8830741476779838,signatures/b0f0b3a570d7b8c26ed4036fe47d48e0.sig.gz,"GCA_900556345.1 uncultured Clostridium sp., UMGS1925",b0f0b3a570d7b8c26ed4036fe47d48e0,0.3206751054852321,362000,210,302856000,/nfs3_ib/nfs-ip34/home/def-ilafores/analysis/MethodsComparison/Feces_RA/preproc/SRR5091491/SRR5091491_unmatched_2.fastq,SRR5091491,73ba07a58ee5da0cad9c8d73f47c9913,583842000,31,DNA,1000,583842,true,0.7892403832592929,0.9639768865010448,0.8766086348801689,0.9639768865010448,751,3833119,5889784
362000,0.000620030761747185,0.1673601479426722,0.000620030761747185,0.00008200640295127971,1.3342541436464088,1.0,0.7480273295055805,signatures/60e2f917d286ae51cb5a918eb82ceab9.sig.gz,"GCA_905206455.1 uncultured Clostridiales bacterium, ERR1600730-mag-bin.21",60e2f917d286ae51cb5a918eb82ceab9,0.1673601479426722,362000,211,302494000,/nfs3_ib/nfs-ip34/home/def-ilafores/analysis/MethodsComparison/Feces_RA/preproc/SRR5091491/SRR5091491_unmatched_2.fastq,SRR5091491,73ba07a58ee5da0cad9c8d73f47c9913,583842000,31,DNA,1000,583842,true,0.7880058819950121,0.9439663602095641,0.8659861211022881,0.9439663602095641,483,3833602,5889784
369000,0.0006320203068638433,0.2023542600896861,0.0006183179695876624,0.00009915473980030507,1.6177285318559558,1.0,1.9029402365900996,signatures/e0e6a70ec88ddb52516fbe1746656867.sig.gz,"GCA_019112675.1 Candidatus Negativibacillus faecipullorum, ASM1911267v1",e0e6a70ec88ddb52516fbe1746656867,0.2068385650224215,361000,212,302133000,/nfs3_ib/nfs-ip34/home/def-ilafores/analysis/MethodsComparison/Feces_RA/preproc/SRR5091491/SRR5091491_unmatched_2.fastq,SRR5091491,73ba07a58ee5da0cad9c8d73f47c9913,583842000,31,DNA,1000,583842,true,0.7884928785222224,0.9504375744231164,0.8694652264726694,0.9504375744231164,584,3834186,5889784
359000,0.0006148923852686172,0.15854738706820196,0.0006131795931090945,0.00008132726089785297,1.3379888268156424,1.0,0.6475207379076066,signatures/76874ee589a292ef2c4991d251ca5535.sig.gz,"GCA_018713685.1 Candidatus Merdousia gallistercoris, ASM1871368v1",76874ee589a292ef2c4991d251ca5535,0.15899025686448184,358000,213,301775000,/nfs3_ib/nfs-ip34/home/def-ilafores/analysis/MethodsComparison/Feces_RA/preproc/SRR5091491/SRR5091491_unmatched_2.fastq,SRR5091491,73ba07a58ee5da0cad9c8d73f47c9913,583842000,31,DNA,1000,583842,true,0.7877943734262696,0.9424053836245785,0.865099878525424,0.9424053836245785,479,3834665,5889784
407000,0.0006971064089257025,0.15551694178974804,0.0006131795931090945,0.00009440074542631784,1.553072625698324,1.0,1.3333827482702507,signatures/c9df491f4e1cd5c6393705a7df46994e.sig.gz,"GCA_004553545.1 Clostridiales bacterium, ASM455354v1",c9df491f4e1cd5c6393705a7df46994e,0.17680278019113815,358000,214,301417000,/nfs3_ib/nfs-ip34/home/def-ilafores/analysis/MethodsComparison/Feces_RA/preproc/SRR5091491/SRR5091491_unmatched_2.fastq,SRR5091491,73ba07a58ee5da0cad9c8d73f47c9913,583842000,31,DNA,1000,583842,true,0.7909898996535967,0.9456391730051608,0.8683145363293787,0.9456391730051608,556,3835221,5889784
782000,0.0013394034687466815,0.11640039126181936,0.0006114668009495719,0.00015178824894087798,2.504201680672269,2.0,1.5906270432434668,signatures/9ab671fa6983f6c9a2d4ab9bd5e10b75.sig.gz,GCA_902474825.1 uncultured Eubacteriales bacterium UHGG-TPA_MGYG-HGUT-02006,9ab671fa6983f6c9a2d4ab9bd5e10b75,0.2549722856211281,357000,215,301060000,/nfs3_ib/nfs-ip34/home/def-ilafores/analysis/MethodsComparison/Feces_RA/preproc/SRR5091491/SRR5091491_unmatched_2.fastq,SRR5091491,73ba07a58ee5da0cad9c8d73f47c9913,583842000,31,DNA,1000,583842,true,0.8078295273161801,0.9568736871099669,0.8823516072130735,0.9568736871099669,894,3836115,5889784
497000,0.0008512577032827375,0.06417308397506417,0.0005994772558329137,0.00016231495076899255,2.7314285714285713,1.0,10.647971541997274,signatures/02526ae79a31029129685a2baa962c09.sig.gz,"GCF_014287455.1 Butyricimonas sp. NSJ-56 strain=NSJ-56, ASM1428745v1",02526ae79a31029129685a2baa962c09,0.09112577924459113,350000,216,300710000,/nfs3_ib/nfs-ip34/home/def-ilafores/analysis/MethodsComparison/Feces_RA/preproc/SRR5091491/SRR5091491_unmatched_2.fastq,SRR5091491,73ba07a58ee5da0cad9c8d73f47c9913,583842000,31,DNA,1000,583842,true,0.7961038266398083,0.9256355813114165,0.8608697039756124,0.9256355813114165,956,3837071,5889784
375000,0.000642297059820979,0.15377817057003976,0.0005960516715138685,0.00008947696553897392,1.514367816091954,1.0,0.8525286271519689,signatures/50f4fdcbd8ddf3397caca2799f2a0781.sig.gz,"GCA_900542245.1 uncultured Clostridiales bacterium, UMGS434",50f4fdcbd8ddf3397caca2799f2a0781,0.1657092355280601,348000,217,300362000,/nfs3_ib/nfs-ip34/home/def-ilafores/analysis/MethodsComparison/Feces_RA/preproc/SRR5091491/SRR5091491_unmatched_2.fastq,SRR5091491,73ba07a58ee5da0cad9c8d73f47c9913,583842000,31,DNA,1000,583842,true,0.7889032401976994,0.9436645400409078,0.8662838901193036,0.9436645400409078,527,3837598,5889784
346000,0.0005926260871948233,0.14471476510067113,0.0005909132950353006,0.00009304246131946435,1.5884057971014494,1.0,0.9832711203926808,signatures/064f37e0e8408f176a29afe33224f971.sig.gz,"GCF_009738225.1 Streptococcus salivarius strain=ICDC2, ASM973822v1",064f37e0e8408f176a29afe33224f971,0.14513422818791946,345000,218,300017000,/nfs3_ib/nfs-ip34/home/def-ilafores/analysis/MethodsComparison/Feces_RA/preproc/SRR5091491/SRR5091491_unmatched_2.fastq,SRR5091491,73ba07a58ee5da0cad9c8d73f47c9913,583842000,31,DNA,1000,583842,true,0.7868576178056109,0.9396374501407725,0.8632475339731918,0.9396374501407725,548,3838146,5889784
1048000,0.0017950061831796958,0.06501429933269781,0.0005840621263972102,0.0015195803445423465,26.24633431085044,1.0,54.9239759278588,signatures/bd900aa1b470c647fd1600f92d2d24ad.sig.gz,"GCF_024622025.1 Phocaeicola sartorii strain=DSM 21941, ASM2462202v1",bd900aa1b470c647fd1600f92d2d24ad,0.1998093422306959,341000,219,299676000,/nfs3_ib/nfs-ip34/home/def-ilafores/analysis/MethodsComparison/Feces_RA/preproc/SRR5091491/SRR5091491_unmatched_2.fastq,SRR5091491,73ba07a58ee5da0cad9c8d73f47c9913,583842000,31,DNA,1000,583842,true,0.8154953372519627,0.949378121263655,0.8824367292578088,0.949378121263655,8950,3847096,5889784
1067000,0.0018275492342106254,0.09355913381454747,0.0005772109577591197,0.00013294205695828573,2.3234421364985165,1.0,2.916109358319493,signatures/ae3113259fd1a32557f288c504d24250.sig.gz,"GCF_014297245.1 Blautia sp. M29 strain=M29, ASM1429724v1",ae3113259fd1a32557f288c504d24250,0.29622431982232095,337000,220,299339000,/nfs3_ib/nfs-ip34/home/def-ilafores/analysis/MethodsComparison/Feces_RA/preproc/SRR5091491/SRR5091491_unmatched_2.fastq,SRR5091491,73ba07a58ee5da0cad9c8d73f47c9913,583842000,31,DNA,1000,583842,true,0.8159681297313507,0.9615137668592239,0.8887409482952873,0.9615137668592239,783,3847879,5889784
463000,0.0007930227698589687,0.10024081878386513,0.0005703597891210294,0.00007759197960400585,1.3723723723723724,1.0,1.2177686306993594,signatures/ac6ff4cab85d8673ba368b5f66dcfee5.sig.gz,"GCF_018408705.1 Oscillibacter sp. MM59 strain=MM59, ASM1840870v1",ac6ff4cab85d8673ba368b5f66dcfee5,0.13937387116195063,333000,221,299006000,/nfs3_ib/nfs-ip34/home/def-ilafores/analysis/MethodsComparison/Feces_RA/preproc/SRR5091491/SRR5091491_unmatched_2.fastq,SRR5091491,73ba07a58ee5da0cad9c8d73f47c9913,583842000,31,DNA,1000,583842,true,0.7942860894295916,0.9384106916105757,0.8663483905200836,0.9384106916105757,457,3848336,5889784
674000,0.0011544219155182394,0.08523316062176166,0.0005635086204829389,0.00017674671940431092,3.164133738601824,1.0,12.853291511089456,signatures/c59f356555512c52a6b17d756779cc09.sig.gz,GCF_020687485.1 Hominifimenecus microfluidus strain=CLA-AA-H215 ASM2068748v1,c59f356555512c52a6b17d756779cc09,0.17461139896373057,329000,222,298677000,/nfs3_ib/nfs-ip34/home/def-ilafores/analysis/MethodsComparison/Feces_RA/preproc/SRR5091491/SRR5091491_unmatched_2.fastq,SRR5091491,73ba07a58ee5da0cad9c8d73f47c9913,583842000,31,DNA,1000,583842,true,0.8039657850180562,0.9452587991291886,0.8746122920736223,0.9452587991291886,1041,3849377,5889784
332000,0.0005686469969615067,0.1069078947368421,0.0005566574518448484,0.0000719890576632352,1.3046153846153845,1.0,0.6675859539543655,signatures/1886203a8e05e90344625177e0727046.sig.gz,"GCA_019118365.1 Candidatus Lachnoclostridium stercoravium, ASM1911836v1",1886203a8e05e90344625177e0727046,0.10921052631578948,325000,223,298352000,/nfs3_ib/nfs-ip34/home/def-ilafores/analysis/MethodsComparison/Feces_RA/preproc/SRR5091491/SRR5091491_unmatched_2.fastq,SRR5091491,73ba07a58ee5da0cad9c8d73f47c9913,583842000,31,DNA,1000,583842,true,0.7858099219092325,0.9310570097997696,0.858433465854501,0.9310570097997696,424,3849801,5889784
338000,0.0005789237499186423,0.0613235008732777,0.0005412423224091449,0.00007012141701631163,1.3069620253164558,1.0,0.593276366172789,signatures/0e9fc0ea42d2cb5d3d5563304ec7b014.sig.gz,"GCA_003526375.1 Lentisphaeria bacterium, ASM352637v1",0e9fc0ea42d2cb5d3d5563304ec7b014,0.06559285852901223,316000,224,298036000,/nfs3_ib/nfs-ip34/home/def-ilafores/analysis/MethodsComparison/Feces_RA/preproc/SRR5091491/SRR5091491_unmatched_2.fastq,SRR5091491,73ba07a58ee5da0cad9c8d73f47c9913,583842000,31,DNA,1000,583842,true,0.7862640719266109,0.9158705248896025,0.8510672984081067,0.9158705248896025,413,3850214,5889784
1027000,0.001759037547829721,0.18056354226566992,0.0005378167380900998,0.0016194142263960783,30.37579617834395,33.0,17.915909029145638,signatures/2bc7ad025d7a7c1e9e8216130886e72e.sig.gz,"GCA_019424245.1 Clostridiales bacterium, ASM1942424v1",2bc7ad025d7a7c1e9e8216130886e72e,0.5905692926969522,314000,225,297722000,/nfs3_ib/nfs-ip34/home/def-ilafores/analysis/MethodsComparison/Feces_RA/preproc/SRR5091491/SRR5091491_unmatched_2.fastq,SRR5091491,73ba07a58ee5da0cad9c8d73f47c9913,583842000,31,DNA,1000,583842,true,0.8149630279863034,0.9831542041882552,0.8990586160872793,0.9831542041882552,9538,3859752,5889784
310000,0.0005309655694520093,0.1426599171652094,0.0005309655694520093,0.00007283798523001862,1.3838709677419354,1.0,0.7477263490262301,signatures/28626220ecc37ccc4d8f71fd04e412c4.sig.gz,"GCA_944384255.1 uncultured Clostridia bacterium, E11__bin155",28626220ecc37ccc4d8f71fd04e412c4,0.1426599171652094,310000,226,297412000,/nfs3_ib/nfs-ip34/home/def-ilafores/analysis/MethodsComparison/Feces_RA/preproc/SRR5091491/SRR5091491_unmatched_2.fastq,SRR5091491,73ba07a58ee5da0cad9c8d73f47c9913,583842000,31,DNA,1000,583842,true,0.7840738673517815,0.9391163859699716,0.8615951266608766,0.9391163859699716,429,3860181,5889784
713000,0.0012212208097396213,0.09766118836915297,0.0005292527772924867,0.00015314653304773147,2.9190938511326863,1.0,6.635926867626437,signatures/cf6718f040186c5f6ef437b044fde9d7.sig.gz,"GCF_014290175.1 Anaerosacchariphilus sp. NSJ-68 strain=NSJ-68, ASM1429017v1",cf6718f040186c5f6ef437b044fde9d7,0.22534766118836916,309000,227,297103000,/nfs3_ib/nfs-ip34/home/def-ilafores/analysis/MethodsComparison/Feces_RA/preproc/SRR5091491/SRR5091491_unmatched_2.fastq,SRR5091491,73ba07a58ee5da0cad9c8d73f47c9913,583842000,31,DNA,1000,583842,true,0.8054259522419653,0.9530688867650146,0.87924741950349,0.9530688867650146,902,3861083,5889784
2525000,0.004324800202794592,0.044646727351538795,0.0005292527772924867,0.00048711463782033433,9.284789644012944,6.0,8.564043617283117,signatures/1a29a479db0df60188246eadcb94a392.sig.gz,"GCF_000513195.1 Bacteroides timonensis, AP1",1a29a479db0df60188246eadcb94a392,0.36483167172373937,309000,228,296794000,/nfs3_ib/nfs-ip34/home/def-ilafores/analysis/MethodsComparison/Feces_RA/preproc/SRR5091491/SRR5091491_unmatched_2.fastq,SRR5091491,73ba07a58ee5da0cad9c8d73f47c9913,583842000,31,DNA,1000,583842,true,0.8389591988635303,0.9679968692351364,0.9034780340493334,0.9679968692351364,2869,3863952,5889784
517000,0.0008855135464731897,0.09637046307884856,0.0005275399851329641,0.00008319490154477651,1.5909090909090908,1.0,3.092961503456747,signatures/df0695ee3af8c3b1d14044daa21c3833.sig.gz,GCF_025567005.1 Muricoprocola aceti strain=Sanger_29 ASM2556700v1,df0695ee3af8c3b1d14044daa21c3833,0.16176470588235295,308000,229,296486000,/nfs3_ib/nfs-ip34/home/def-ilafores/analysis/MethodsComparison/Feces_RA/preproc/SRR5091491/SRR5091491_unmatched_2.fastq,SRR5091491,73ba07a58ee5da0cad9c8d73f47c9913,583842000,31,DNA,1000,583842,true,0.7971176511069672,0.9429314510893138,0.8700245510981405,0.9429314510893138,490,3864442,5889784
424000,0.0007262238756375869,0.10735656458993312,0.0005224016086543962,0.0001410917615994067,2.724590163934426,2.0,1.7656704237057244,signatures/14741d163bb266c4b268c1b456ee648d.sig.gz,GCA_902497145.1 uncultured Oscillospiraceae bacterium UHGG-TPA_MGYG-HGUT-04628,14741d163bb266c4b268c1b456ee648d,0.14924322421682507,305000,230,296181000,/nfs3_ib/nfs-ip34/home/def-ilafores/analysis/MethodsComparison/Feces_RA/preproc/SRR5091491/SRR5091491_unmatched_2.fastq,SRR5091491,73ba07a58ee5da0cad9c8d73f47c9913,583842000,31,DNA,1000,583842,true,0.7920347026278337,0.940484060506194,0.8662593815670139,0.940484060506194,831,3865273,5889784
522000,0.0008940775072708027,0.11469806304595519,0.0005172632321758284,0.00008353447257148989,1.6291390728476822,1.0,1.9937514775339167,signatures/639f30a8478efa9dafd0dc7ed3dead0c.sig.gz,"GCF_014287815.1 Clostridium sp. NSJ-42 strain=NSJ-42, ASM1428781v1",639f30a8478efa9dafd0dc7ed3dead0c,0.1982529434105583,302000,231,295879000,/nfs3_ib/nfs-ip34/home/def-ilafores/analysis/MethodsComparison/Feces_RA/preproc/SRR5091491/SRR5091491_unmatched_2.fastq,SRR5091491,73ba07a58ee5da0cad9c8d73f47c9913,583842000,31,DNA,1000,583842,true,0.7973651743336073,0.9491386657623162,0.8732519200479618,0.9491386657623162,492,3865765,5889784
307000,0.0005258271929734415,0.11609907120743033,0.0005138376478567831,0.00006655592123582122,1.3066666666666666,1.0,0.6318930992572152,signatures/808db79da55f0f13d75a1afb40c98d4e.sig.gz,"GCA_900546385.1 uncultured Clostridiales bacterium, UMGS882",808db79da55f0f13d75a1afb40c98d4e,0.11880804953560371,300000,232,295579000,/nfs3_ib/nfs-ip34/home/def-ilafores/analysis/MethodsComparison/Feces_RA/preproc/SRR5091491/SRR5091491_unmatched_2.fastq,SRR5091491,73ba07a58ee5da0cad9c8d73f47c9913,583842000,31,DNA,1000,583842,true,0.7838279457504552,0.933590273173077,0.858709109461766,0.933590273173077,392,3866157,5889784
560000,0.0009591636093326619,0.09874088800530152,0.0005104120635377379,0.0001375262658189163,2.7181208053691277,1.0,12.667975019690402,signatures/a11456ed8a22c811314814d5ae79af8e.sig.gz,"GCF_014287705.1 Dorea sp. NSJ-36 strain=NSJ-36, ASM1428770v1",a11456ed8a22c811314814d5ae79af8e,0.1855533465871438,298000,233,295281000,/nfs3_ib/nfs-ip34/home/def-ilafores/analysis/MethodsComparison/Feces_RA/preproc/SRR5091491/SRR5091491_unmatched_2.fastq,SRR5091491,73ba07a58ee5da0cad9c8d73f47c9913,583842000,31,DNA,1000,583842,true,0.7991746504882993,0.9471139188566132,0.8731442846724562,0.9471139188566132,810,3866967,5889784
1431000,0.0024510055802768557,0.06848681166126794,0.0005069864792186927,0.000498660052728589,9.922297297297296,8.0,10.855502533874956,signatures/284259e70e0364cec13b6b5c7e16db9f.sig.gz,"GCF_004793765.1 Parabacteroides distasonis strain=NM39_I3, ASM479376v1",284259e70e0364cec13b6b5c7e16db9f,0.33109671448403516,296000,234,294985000,/nfs3_ib/nfs-ip34/home/def-ilafores/analysis/MethodsComparison/Feces_RA/preproc/SRR5091491/SRR5091491_unmatched_2.fastq,SRR5091491,73ba07a58ee5da0cad9c8d73f47c9913,583842000,31,DNA,1000,583842,true,0.8237307906509715,0.9649719142215359,0.8943513524362537,0.9649719142215359,2937,3869904,5889784
320000,0.0005480934910472354,0.153125,0.0005035608948996476,0.00007283798523001862,1.4591836734693877,1.0,0.8227426426653569,signatures/2eca48147fb4c3cf5e8b9be137cba19e.sig.gz,"GCA_900545815.1 uncultured Clostridiales bacterium, UMGS818",2eca48147fb4c3cf5e8b9be137cba19e,0.16666666666666666,294000,235,294691000,/nfs3_ib/nfs-ip34/home/def-ilafores/analysis/MethodsComparison/Feces_RA/preproc/SRR5091491/SRR5091491_unmatched_2.fastq,SRR5091491,73ba07a58ee5da0cad9c8d73f47c9913,583842000,31,DNA,1000,583842,true,0.784877289167664,0.9438399303178321,0.864358609742748,0.9438399303178321,429,3870333,5889784
2945000,0.005044172909794088,0.07438436151307438,0.0005018481027401249,0.0009830581223352164,19.761092150170647,6.0,37.812690704701126,signatures/9b37ff955b2758a3120db28694fa909f.sig.gz,"GCA_019415065.1 Bacteroides sp., ASM1941506v1",9b37ff955b2758a3120db28694fa909f,0.7476516882457477,293000,236,294398000,/nfs3_ib/nfs-ip34/home/def-ilafores/analysis/MethodsComparison/Feces_RA/preproc/SRR5091491/SRR5091491_unmatched_2.fastq,SRR5091491,73ba07a58ee5da0cad9c8d73f47c9913,583842000,31,DNA,1000,583842,true,0.8431337041260678,0.9906626384741607,0.9168981713001143,0.9906626384741607,5790,3876123,5889784
343000,0.0005874877107162554,0.12839614373356706,0.0005018481027401249,0.00008811868143212043,1.7713310580204777,1.0,1.8154430263349393,signatures/1f6e6294c82260816b4a5d811adbeeac.sig.gz,"GCF_018918145.1 Anaerotignum sp. MSJ-24 strain=MSJ-24, ASM1891814v1",1f6e6294c82260816b4a5d811adbeeac,0.15030674846625766,293000,237,294105000,/nfs3_ib/nfs-ip34/home/def-ilafores/analysis/MethodsComparison/Feces_RA/preproc/SRR5091491/SRR5091491_unmatched_2.fastq,SRR5091491,73ba07a58ee5da0cad9c8d73f47c9913,583842000,31,DNA,1000,583842,true,0.7866366096833739,0.9406995119551071,0.8636680608192405,0.9406995119551071,519,3876642,5889784
878000,0.001503831516060852,0.04679122664500406,0.0004932841419425119,0.00006655592123582122,1.3611111111111112,1.0,0.9362388636862621,signatures/ee57b146d808065c374f21482d0a5cda.sig.gz,GCF_025149125.1 [Clostridium] asparagiforme DSM 15981 strain=DSM 15981 ASM2514912v1,ee57b146d808065c374f21482d0a5cda,0.14264825345247767,288000,238,293817000,/nfs3_ib/nfs-ip34/home/def-ilafores/analysis/MethodsComparison/Feces_RA/preproc/SRR5091491/SRR5091491_unmatched_2.fastq,SRR5091491,73ba07a58ee5da0cad9c8d73f47c9913,583842000,31,DNA,1000,583842,true,0.8108525915773639,0.9391139090626704,0.8749832503200172,0.9391139090626704,392,3877034,5889784
435000,0.0007450645893923356,0.04169104739613809,0.000488145765463944,0.00007266819971666194,1.5017543859649123,1.0,1.4906128761993476,signatures/0f58288732b3804f3c8d60da453de357.sig.gz,GCF_025149285.1 Hungatella hathewayi strain=DSM 13479 ASM2514928v1,0f58288732b3804f3c8d60da453de357,0.0636337039204213,285000,239,293532000,/nfs3_ib/nfs-ip34/home/def-ilafores/analysis/MethodsComparison/Feces_RA/preproc/SRR5091491/SRR5091491_unmatched_2.fastq,SRR5091491,73ba07a58ee5da0cad9c8d73f47c9913,583842000,31,DNA,1000,583842,true,0.7926893617084929,0.9149750772671328,0.8538322194878128,0.9149750772671328,428,3877462,5889784
455000,0.0007793204325827879,0.09146735617323852,0.0004847201811448988,0.00007215884317659187,1.5017667844522968,1.0,1.4275793302640243,signatures/41e7c2fe5d9d2dd0e688784a18ca64d6.sig.gz,"GCF_001244995.1 Intestinimonas massiliensis strain=GD2, Intestinimonas massiliensis",41e7c2fe5d9d2dd0e688784a18ca64d6,0.14705882352941177,283000,240,293249000,/nfs3_ib/nfs-ip34/home/def-ilafores/analysis/MethodsComparison/Feces_RA/preproc/SRR5091491/SRR5091491_unmatched_2.fastq,SRR5091491,73ba07a58ee5da0cad9c8d73f47c9913,583842000,31,DNA,1000,583842,true,0.793839630540578,0.9400368397184558,0.866938235129517,0.9400368397184558,425,3877887,5889784
844000,0.0014455965826370833,0.07319013524264122,0.00047273063602824053,0.0004995089802953725,10.659420289855072,9.0,11.976121397259929,signatures/fd614f4c3446e179c3d28955006b19b2.sig.gz,"GCF_000205165.1 Paraprevotella xylaniphila YIT 11841 strain=YIT 11841, ASM20516v1",fd614f4c3446e179c3d28955006b19b2,0.22381331211880137,276000,241,292973000,/nfs3_ib/nfs-ip34/home/def-ilafores/analysis/MethodsComparison/Feces_RA/preproc/SRR5091491/SRR5091491_unmatched_2.fastq,SRR5091491,73ba07a58ee5da0cad9c8d73f47c9913,583842000,31,DNA,1000,583842,true,0.8098202205468041,0.9528588629287095,0.8813395417377567,0.9528588629287095,2942,3880829,5889784
1584000,0.002713062780683815,0.05583964000818163,0.0004675922595496727,0.0023209679675859083,50.07326007326007,57.0,33.702454492551,signatures/710cdbb1b39af4ff433ed7fbad6c78ce.sig.gz,"GCF_000614125.1 Bacteroides rodentium JCM 16496 strain=JCM 16496, ASM61412v1",710cdbb1b39af4ff433ed7fbad6c78ce,0.3239926365309879,273000,242,292700000,/nfs3_ib/nfs-ip34/home/def-ilafores/analysis/MethodsComparison/Feces_RA/preproc/SRR5091491/SRR5091491_unmatched_2.fastq,SRR5091491,73ba07a58ee5da0cad9c8d73f47c9913,583842000,31,DNA,1000,583842,true,0.8264343920605103,0.964296989622956,0.8953656908417331,0.964296989622956,13670,3894499,5889784
372000,0.0006371586833424112,0.0874879382438083,0.00046587946739015006,0.00007504519690365555,1.625,1.0,3.739568825412898,signatures/bafee8fd5a387e3c252fc6d1efff5980.sig.gz,"GCA_018223385.1 Oscillospiraceae bacterium Marseille-Q3528 strain=Marseille-Q3528, ASM1822338v1",bafee8fd5a387e3c252fc6d1efff5980,0.119652621421679,272000,243,292428000,/nfs3_ib/nfs-ip34/home/def-ilafores/analysis/MethodsComparison/Feces_RA/preproc/SRR5091491/SRR5091491_unmatched_2.fastq,SRR5091491,73ba07a58ee5da0cad9c8d73f47c9913,583842000,31,DNA,1000,583842,true,0.7886988600224084,0.933803624778218,0.8612512424003131,0.933803624778218,442,3894941,5889784
714000,0.0012229336018991439,0.12511542012927054,0.00046416667523062745,0.00027318489099090903,5.937269372693727,5.0,3.311577354252021,signatures/b9ff828d3be6c80708a094061fdfc755.sig.gz,"GCA_019120415.1 Candidatus Sutterella merdavium, ASM1912041v1",b9ff828d3be6c80708a094061fdfc755,0.3296398891966759,271000,244,292157000,/nfs3_ib/nfs-ip34/home/def-ilafores/analysis/MethodsComparison/Feces_RA/preproc/SRR5091491/SRR5091491_unmatched_2.fastq,SRR5091491,73ba07a58ee5da0cad9c8d73f47c9913,583842000,31,DNA,1000,583842,true,0.8054623672019052,0.9648346580455995,0.8851485126237524,0.9648346580455995,1609,3896550,5889784
275000,0.0004710178438687179,0.09146341463414634,0.00046245388307110483,0.00005670836146113338,1.237037037037037,1.0,0.5049005389022807,signatures/9561ae4047627e0ba64886a6f68eb8ce.sig.gz,"GCA_904395885.1 uncultured Lachnospiraceae bacterium, Coassembly_mag_301",9561ae4047627e0ba64886a6f68eb8ce,0.09315718157181571,270000,245,291887000,/nfs3_ib/nfs-ip34/home/def-ilafores/analysis/MethodsComparison/Feces_RA/preproc/SRR5091491/SRR5091491_unmatched_2.fastq,SRR5091491,73ba07a58ee5da0cad9c8d73f47c9913,583842000,31,DNA,1000,583842,true,0.7810496183504619,0.926294134935964,0.853671876643213,0.926294134935964,334,3896884,5889784
831000,0.0014233302845632894,0.08338499690018598,0.0004607410909115822,0.0000937216033728911,2.0520446096654275,1.0,4.612602493986092,signatures/ee3ee74bb22a2bc5e87b48390e19918a.sig.gz,"GCA_018223365.1 Clostridiaceae bacterium Marseille-Q4145 strain=Marseille-Q4145, ASM1822336v1",ee3ee74bb22a2bc5e87b48390e19918a,0.25759454432734036,269000,246,291618000,/nfs3_ib/nfs-ip34/home/def-ilafores/analysis/MethodsComparison/Feces_RA/preproc/SRR5091491/SRR5091491_unmatched_2.fastq,SRR5091491,73ba07a58ee5da0cad9c8d73f47c9913,583842000,31,DNA,1000,583842,true,0.8094148189532188,0.9571895680452459,0.8833021934992323,0.9571895680452459,552,3897436,5889784
893000,0.0015295233984536913,0.12100456621004566,0.0004538899222734918,0.00019202741560641273,4.2679245283018865,3.0,3.8841610436710727,signatures/97e55b19b948bc3884bafc758cb1a6a6.sig.gz,"GCA_900544105.1 uncultured Oscillibacter sp., UMGS638",97e55b19b948bc3884bafc758cb1a6a6,0.4077625570776256,265000,247,291353000,/nfs3_ib/nfs-ip34/home/def-ilafores/analysis/MethodsComparison/Feces_RA/preproc/SRR5091491/SRR5091491_unmatched_2.fastq,SRR5091491,73ba07a58ee5da0cad9c8d73f47c9913,583842000,31,DNA,1000,583842,true,0.8112958040360982,0.9714769372764772,0.8913863706562877,0.9714769372764772,1131,3898567,5889784
291000,0.0004984225184210797,0.06998403406067057,0.0004504643379544466,0.00006231128340190404,1.3954372623574145,1.0,0.9490329773361899,signatures/4a0a4ccf84ababa1f62e38415ad37d82.sig.gz,"GCA_900546265.1 uncultured Ruminococcaceae bacterium, UMGS856",4a0a4ccf84ababa1f62e38415ad37d82,0.07743480574773816,263000,248,291090000,/nfs3_ib/nfs-ip34/home/def-ilafores/analysis/MethodsComparison/Feces_RA/preproc/SRR5091491/SRR5091491_unmatched_2.fastq,SRR5091491,73ba07a58ee5da0cad9c8d73f47c9913,583842000,31,DNA,1000,583842,true,0.7824757591190159,0.9207871135240685,0.8516314363215423,0.9207871135240685,367,3898934,5889784
1851000,0.003170378287276352,0.055779427359490985,0.0004504643379544466,0.0007007048136230462,15.692015209125476,16.0,12.646713640345833,signatures/a979b53ddcfd88958a35250270db69a6.sig.gz,"GCA_900759525.1 uncultured Bacteroides sp., ERS608613_38",a979b53ddcfd88958a35250270db69a6,0.39257688229056203,263000,249,290827000,/nfs3_ib/nfs-ip34/home/def-ilafores/analysis/MethodsComparison/Feces_RA/preproc/SRR5091491/SRR5091491_unmatched_2.fastq,SRR5091491,73ba07a58ee5da0cad9c8d73f47c9913,583842000,31,DNA,1000,583842,true,0.8305976158240772,0.9702883064838403,0.9004429611539588,0.9702883064838403,4127,3903061,5889784
2285000,0.003913730084509165,0.08586702305379218,0.00044018758499731093,0.0017937839486133957,41.10894941634241,25.0,45.76037015069017,signatures/2bdcf0afcec6237c34322e5ef95e16d9.sig.gz,GCA_958432865.1 Bacteroides stercoris SRR17798025_bin.17_MetaWRAP_v1.3_MAG,2bdcf0afcec6237c34322e5ef95e16d9,0.7634480454393585,257000,250,290570000,/nfs3_ib/nfs-ip34/home/def-ilafores/analysis/MethodsComparison/Feces_RA/preproc/SRR5091491/SRR5091491_unmatched_2.fastq,SRR5091491,73ba07a58ee5da0cad9c8d73f47c9913,583842000,31,DNA,1000,583842,true,0.8362606101860677,0.9913310134564797,0.9137958118212737,0.9913310134564797,10565,3913626,5889784
773000,0.0013239883393109779,0.09182571119913575,0.0004367620006782657,0.00012903699015108194,2.980392156862745,3.0,1.7655771269788914,signatures/0a3c4c5b5d699368003a2d33414561bc.sig.gz,"GCA_905200945.1 uncultured Akkermansia sp., ERR414247-mag-bin.14",0a3c4c5b5d699368003a2d33414561bc,0.2783579402232625,255000,251,290315000,/nfs3_ib/nfs-ip34/home/def-ilafores/analysis/MethodsComparison/Feces_RA/preproc/SRR5091491/SRR5091491_unmatched_2.fastq,SRR5091491,73ba07a58ee5da0cad9c8d73f47c9913,583842000,31,DNA,1000,583842,true,0.8075279324752259,0.9595861864963087,0.8835570594857673,0.9595861864963087,760,3914386,5889784
1146000,0.0019628598148129115,0.06000948766603416,0.00043333641635922047,0.0002755618881779026,6.41501976284585,4.0,12.408944709123169,signatures/e869cf0b15c41500b90acfad5f73aa6d.sig.gz,"GCF_900537995.1 Roseburia intestinalis L1-82 strain=L1-82, Roseburia intestinalis strain L1-82",e869cf0b15c41500b90acfad5f73aa6d,0.2718216318785579,253000,252,290062000,/nfs3_ib/nfs-ip34/home/def-ilafores/analysis/MethodsComparison/Feces_RA/preproc/SRR5091491/SRR5091491_unmatched_2.fastq,SRR5091491,73ba07a58ee5da0cad9c8d73f47c9913,583842000,31,DNA,1000,583842,true,0.8178503575224115,0.9588509376380511,0.8883506475802313,0.9588509376380511,1623,3916009,5889784
1632000,0.0027952768043409005,0.07066741446999439,0.00043162362419969785,0.0001653710900094129,3.865079365079365,3.0,2.8223967485808217,signatures/c904d12975db86fd08a8995198b6cca6.sig.gz,"GCF_013300825.1 Blautia wexlerae strain=MSK.20.46, ASM1330082v1",c904d12975db86fd08a8995198b6cca6,0.45765563656758274,252000,253,289810000,/nfs3_ib/nfs-ip34/home/def-ilafores/analysis/MethodsComparison/Feces_RA/preproc/SRR5091491/SRR5091491_unmatched_2.fastq,SRR5091491,73ba07a58ee5da0cad9c8d73f47c9913,583842000,31,DNA,1000,583842,true,0.8272306307245753,0.9751010839492522,0.9011658573369137,0.9751010839492522,974,3916983,5889784
296000,0.0005069864792186927,0.08366533864541832,0.00043162362419969785,0.00006366956750875753,1.4880952380952381,1.0,2.3796127183519604,signatures/68fb01ed6b048c0394873bac4b6cdd1b.sig.gz,"GCF_015560805.1 Mediterraneibacter glycyrrhizinilyticus strain=BSD2780061687b_171204_B1, ASM1556080v1",68fb01ed6b048c0394873bac4b6cdd1b,0.09827357237715803,252000,254,289558000,/nfs3_ib/nfs-ip34/home/def-ilafores/analysis/MethodsComparison/Feces_RA/preproc/SRR5091491/SRR5091491_unmatched_2.fastq,SRR5091491,73ba07a58ee5da0cad9c8d73f47c9913,583842000,31,DNA,1000,583842,true,0.782905890313754,0.9278931304140827,0.8553995103639184,0.9278931304140827,375,3917358,5889784
251000,0.00042991083204017524,0.15166163141993957,0.00042991083204017524,0.00005568964838099326,1.3067729083665338,1.0,0.5694006286609015,signatures/799122d2edc03eba1ef51e5994d8ccd3.sig.gz,GCA_949292715.1 uncultured Eubacteriales bacterium CO.O6.metabat-bins.174,799122d2edc03eba1ef51e5994d8ccd3,0.15166163141993957,251000,255,289307000,/nfs3_ib/nfs-ip34/home/def-ilafores/analysis/MethodsComparison/Feces_RA/preproc/SRR5091491/SRR5091491_unmatched_2.fastq,SRR5091491,73ba07a58ee5da0cad9c8d73f47c9913,583842000,31,DNA,1000,583842,true,0.7787522291666756,0.9409718606541468,0.8598620449104113,0.9409718606541468,328,3917686,5889784
253000,0.00043333641635922047,0.05090612909794339,0.0004281980398806526,0.00005399179324742639,1.272,1.0,0.6049925619377482,signatures/60bfe150353edefcbd7db7314951359d.sig.gz,"GCF_003697165.2 Escherichia coli DSM 30083 = JCM 1649 = ATCC 11775 strain=ATCC 11775, ASM369716v2",60bfe150353edefcbd7db7314951359d,0.05151700264711871,250000,256,289057000,/nfs3_ib/nfs-ip34/home/def-ilafores/analysis/MethodsComparison/Feces_RA/preproc/SRR5091491/SRR5091491_unmatched_2.fastq,SRR5091491,73ba07a58ee5da0cad9c8d73f47c9913,583842000,31,DNA,1000,583842,true,0.7789516290676244,0.9087617076146703,0.8438566683411474,0.9087617076146703,318,3918004,5889784
1990000,0.003408456397449995,0.04358523725834798,0.00042477245556160744,0.0010063187376650824,23.899193548387096,3.0,312.19452475927943,signatures/a94161bf1ccd67b3c66d45adbcfe7953.sig.gz,"GCA_019117555.1 Candidatus Bacteroides intestinigallinarum, ASM1911755v1",a94161bf1ccd67b3c66d45adbcfe7953,0.34973637961335674,248000,257,288809000,/nfs3_ib/nfs-ip34/home/def-ilafores/analysis/MethodsComparison/Feces_RA/preproc/SRR5091491/SRR5091491_unmatched_2.fastq,SRR5091491,73ba07a58ee5da0cad9c8d73f47c9913,583842000,31,DNA,1000,583842,true,0.832539961265531,0.9666782820953591,0.899609121680445,0.9666782820953591,5927,3923931,5889784
569000,0.0009745787387683654,0.07574812967581047,0.00041620849476399437,0.0002526408438747499,6.1234567901234565,4.0,12.553145671101822,signatures/fdb59cb053e18da7578953e6ab7cf057.sig.gz,"GCA_900545925.1 uncultured Clostridiales bacterium, UMGS830",fdb59cb053e18da7578953e6ab7cf057,0.17736907730673318,243000,258,288566000,/nfs3_ib/nfs-ip34/home/def-ilafores/analysis/MethodsComparison/Feces_RA/preproc/SRR5091491/SRR5091491_unmatched_2.fastq,SRR5091491,73ba07a58ee5da0cad9c8d73f47c9913,583842000,31,DNA,1000,583842,true,0.7995857807596334,0.9457367273973295,0.8726612540784815,0.9457367273973295,1488,3925419,5889784
1100000,0.0018840713754748716,0.05596669750231267,0.00041449570260447175,0.0022167196623849024,53.950413223140494,47.0,49.28662186507175,signatures/9daea6eecc92f4d8e1dbe8bf3bb3214a.sig.gz,"GCA_900557085.1 uncultured Bacteroides sp., UMGS2007",9daea6eecc92f4d8e1dbe8bf3bb3214a,0.2543940795559667,242000,259,288324000,/nfs3_ib/nfs-ip34/home/def-ilafores/analysis/MethodsComparison/Feces_RA/preproc/SRR5091491/SRR5091491_unmatched_2.fastq,SRR5091491,73ba07a58ee5da0cad9c8d73f47c9913,583842000,31,DNA,1000,583842,true,0.8167702573652189,0.9568036126794894,0.8867869350223542,0.9568036126794894,13056,3938475,5889784
311000,0.0005326783616115319,0.03642384105960265,0.00041449570260447175,0.00005144501054707609,1.2520661157024793,1.0,0.4879708658072199,signatures/8a66523a4a76cd5ab13bd885c0969624.sig.gz,"GCA_902363555.1 Lachnospiraceae bacterium, MGYG-HGUT-00127",8a66523a4a76cd5ab13bd885c0969624,0.046809151113786876,242000,260,288082000,/nfs3_ib/nfs-ip34/home/def-ilafores/analysis/MethodsComparison/Feces_RA/preproc/SRR5091491/SRR5091491_unmatched_2.fastq,SRR5091491,73ba07a58ee5da0cad9c8d73f47c9913,583842000,31,DNA,1000,583842,true,0.7841553296421094,0.9059567059995925,0.845056017820851,0.9059567059995925,303,3938778,5889784
667000,0.0011424323704015812,0.05843520782396088,0.0004093573261259039,0.00015110910688745122,3.723849372384937,1.0,11.365692717841304,signatures/9339949239b5932e2aee9a8671988c41.sig.gz,GCF_025566865.1 Blautia acetigignens strain=Sanger_28 ASM2556686v1,9339949239b5932e2aee9a8671988c41,0.163080684596577,239000,261,287843000,/nfs3_ib/nfs-ip34/home/def-ilafores/analysis/MethodsComparison/Feces_RA/preproc/SRR5091491/SRR5091491_unmatched_2.fastq,SRR5091491,73ba07a58ee5da0cad9c8d73f47c9913,583842000,31,DNA,1000,583842,true,0.8036950739906039,0.943177929968688,0.873436501979646,0.943177929968688,890,3939668,5889784
819000,0.001402776778649018,0.10280777537796976,0.00040764453396638134,0.00014194068916619014,3.5126050420168067,3.0,2.233682365788628,signatures/e682ae82d6b1c061d3c95b2caafa195c.sig.gz,"GCA_905197665.1 uncultured Collinsella sp., ERR1190573-mag-bin.15",e682ae82d6b1c061d3c95b2caafa195c,0.35377969762419004,238000,262,287605000,/nfs3_ib/nfs-ip34/home/def-ilafores/analysis/MethodsComparison/Feces_RA/preproc/SRR5091491/SRR5091491_unmatched_2.fastq,SRR5091491,73ba07a58ee5da0cad9c8d73f47c9913,583842000,31,DNA,1000,583842,true,0.809035117265926,0.9670367905806537,0.8880359539232898,0.9670367905806537,836,3940504,5889784
612000,0.0010482288016278377,0.07699868938401049,0.0004025061574878135,0.0006479015189691167,16.238297872340425,1.0,27.807289364186722,signatures/58b144de4acaed89ce9d8071641d7213.sig.gz,"GCF_023347255.1 Faecalibacterium sp. I4384 strain=I4384, ASM2334725v1",58b144de4acaed89ce9d8071641d7213,0.20052424639580602,235000,263,287370000,/nfs3_ib/nfs-ip34/home/def-ilafores/analysis/MethodsComparison/Feces_RA/preproc/SRR5091491/SRR5091491_unmatched_2.fastq,SRR5091491,73ba07a58ee5da0cad9c8d73f47c9913,583842000,31,DNA,1000,583842,true,0.8014670647189162,0.9494875065223473,0.8754772856206317,0.9494875065223473,3816,3944320,5889784
278000,0.00047615622034728576,0.040604675689927934,0.00039565498884972303,0.0000512752250337194,1.3073593073593073,1.0,0.6213290084159013,signatures/65c10d30b4bf2d5628f3e78ad6bad210.sig.gz,"GCF_000235505.1 Hungatella hathewayi WAL-18680 strain=WAL-18680, Clos_hath_WAL_18680_V1",65c10d30b4bf2d5628f3e78ad6bad210,0.04886623308138513,231000,264,287139000,/nfs3_ib/nfs-ip34/home/def-ilafores/analysis/MethodsComparison/Feces_RA/preproc/SRR5091491/SRR5091491_unmatched_2.fastq,SRR5091491,73ba07a58ee5da0cad9c8d73f47c9913,583842000,31,DNA,1000,583842,true,0.7813230339656255,0.9072144589871197,0.8442687464763726,0.9072144589871197,302,3944622,5889784
565000,0.000967727570130275,0.035897435897435895,0.00039565498884972303,0.0001129073663821967,2.878787878787879,1.0,7.113978088597677,signatures/fdbda2dfede13d920e72856d1947f205.sig.gz,"GCF_005845215.1 Clostridium sp. 1001271st1 H5 strain=1001271st1_H5, ASM584521v1",fdbda2dfede13d920e72856d1947f205,0.08780108780108781,231000,265,286908000,/nfs3_ib/nfs-ip34/home/def-ilafores/analysis/MethodsComparison/Feces_RA/preproc/SRR5091491/SRR5091491_unmatched_2.fastq,SRR5091491,73ba07a58ee5da0cad9c8d73f47c9913,583842000,31,DNA,1000,583842,true,0.7994038388759919,0.9245264734043193,0.8619651561401556,0.9245264734043193,665,3945287,5889784
255000,0.0004367620006782657,0.10759198882161156,0.00039565498884972303,0.00004991694092686591,1.2727272727272727,1.0,0.5497665061952398,signatures/724f2c143e3a9b0c9709281d8b6d25cd.sig.gz,"GCA_944387775.1 uncultured Oscillospiraceae bacterium, BRZ_EH__bin56",724f2c143e3a9b0c9709281d8b6d25cd,0.11877037727061016,231000,266,286677000,/nfs3_ib/nfs-ip34/home/def-ilafores/analysis/MethodsComparison/Feces_RA/preproc/SRR5091491/SRR5091491_unmatched_2.fastq,SRR5091491,73ba07a58ee5da0cad9c8d73f47c9913,583842000,31,DNA,1000,583842,true,0.779149509329283,0.9335807224306576,0.8563651158799703,0.9335807224306576,294,3945581,5889784
267000,0.00045731550659253704,0.13075611142694712,0.0003939421966902004,0.00005908535864812699,1.5130434782608695,1.0,1.1748466496881853,signatures/b2930d53d1595c87de3b10b89973fa82.sig.gz,"GCA_003522945.1 Clostridiales bacterium, ASM352294v1",b2930d53d1595c87de3b10b89973fa82,0.15179079022171688,230000,267,286447000,/nfs3_ib/nfs-ip34/home/def-ilafores/analysis/MethodsComparison/Feces_RA/preproc/SRR5091491/SRR5091491_unmatched_2.fastq,SRR5091491,73ba07a58ee5da0cad9c8d73f47c9913,583842000,31,DNA,1000,583842,true,0.7803061501671493,0.9409977001673073,0.8606519251672283,0.9409977001673073,348,3945929,5889784
1437000,0.0024612823332339916,0.03376036171816127,0.00038366544373306477,0.0008920530871760323,23.455357142857142,15.0,54.00304032328332,signatures/0e5019418175331bfe955e92113bfc1f.sig.gz,"GCF_003464595.1 Bacteroides intestinalis strain=AF14-32, ASM346459v1",0e5019418175331bfe955e92113bfc1f,0.21657874905802563,224000,268,286223000,/nfs3_ib/nfs-ip34/home/def-ilafores/analysis/MethodsComparison/Feces_RA/preproc/SRR5091491/SRR5091491_unmatched_2.fastq,SRR5091491,73ba07a58ee5da0cad9c8d73f47c9913,583842000,31,DNA,1000,583842,true,0.8238419780696418,0.9518494272890143,0.887845702679328,0.9518494272890143,5254,3951183,5889784
263000,0.0004504643379544466,0.14007537688442212,0.00038195265157354216,0.00005399179324742639,1.4260089686098654,1.0,0.9762404963153404,signatures/11de1dec9cbcd0040d603168aea2e3ac.sig.gz,"GCA_000435555.1 Firmicutes bacterium CAG:176, MGS176",11de1dec9cbcd0040d603168aea2e3ac,0.16520100502512564,223000,269,286000000,/nfs3_ib/nfs-ip34/home/def-ilafores/analysis/MethodsComparison/Feces_RA/preproc/SRR5091491/SRR5091491_unmatched_2.fastq,SRR5091491,73ba07a58ee5da0cad9c8d73f47c9913,583842000,31,DNA,1000,583842,true,0.7799262933108724,0.9435710392504433,0.8617486662806578,0.9435710392504433,318,3951501,5889784
1076000,0.0018429643636463289,0.15494978479196556,0.0003699631064568839,0.00009541945850645796,2.6018518518518516,2.0,2.015862166505543,signatures/9f35aaf57b80928b92546075af819741.sig.gz,"GCA_019410105.1 Clostridiales bacterium, ASM1941010v1",9f35aaf57b80928b92546075af819741,0.7718794835007173,216000,270,285784000,/nfs3_ib/nfs-ip34/home/def-ilafores/analysis/MethodsComparison/Feces_RA/preproc/SRR5091491/SRR5091491_unmatched_2.fastq,SRR5091491,73ba07a58ee5da0cad9c8d73f47c9913,583842000,31,DNA,1000,583842,true,0.8161892472883853,0.991682305987107,0.9039357766377462,0.991682305987107,562,3952063,5889784
220000,0.0003768142750949743,0.10102899906454631,0.0003699631064568839,0.00004703058719980223,1.2824074074074074,1.0,0.5347773340205877,signatures/0ac77ecf1a75dfb2b19d2bdc496941c9.sig.gz,"GCA_000435615.1 Firmicutes bacterium CAG:238, MGS238",0ac77ecf1a75dfb2b19d2bdc496941c9,0.1028999064546305,216000,271,285568000,/nfs3_ib/nfs-ip34/home/def-ilafores/analysis/MethodsComparison/Feces_RA/preproc/SRR5091491/SRR5091491_unmatched_2.fastq,SRR5091491,73ba07a58ee5da0cad9c8d73f47c9913,583842000,31,DNA,1000,583842,true,0.7754476694352751,0.9292710737919001,0.8523593716135875,0.9292710737919001,277,3952340,5889784
376000,0.0006440098519805015,0.07597173144876325,0.0003682503142973613,0.00008709996835198031,2.386046511627907,2.0,1.5416061384830961,signatures/62f2edc0f5d9a87973abf66efac5aacb.sig.gz,GCA_958446555.1 uncultured Lachnospiraceae bacterium ERR9607163_bin.11_MetaWRAP_v1.3_MAG,62f2edc0f5d9a87973abf66efac5aacb,0.13286219081272085,215000,272,285353000,/nfs3_ib/nfs-ip34/home/def-ilafores/analysis/MethodsComparison/Feces_RA/preproc/SRR5091491/SRR5091491_unmatched_2.fastq,SRR5091491,73ba07a58ee5da0cad9c8d73f47c9913,583842000,31,DNA,1000,583842,true,0.7889710154301726,0.9369633988291963,0.8629672071296844,0.9369633988291963,513,3952853,5889784
1448000,0.00248012304698874,0.07142857142857142,0.00036482472997831605,0.0003371940295263799,9.32394366197183,9.0,7.191102969108354,signatures/202b4a96ab763ae8b9d9aa34459e999a.sig.gz,"GCF_009680455.1 Lachnospira eligens strain=BIOML-A1, ASM968045v1",202b4a96ab763ae8b9d9aa34459e999a,0.48558014755197854,213000,273,285140000,/nfs3_ib/nfs-ip34/home/def-ilafores/analysis/MethodsComparison/Feces_RA/preproc/SRR5091491/SRR5091491_unmatched_2.fastq,SRR5091491,73ba07a58ee5da0cad9c8d73f47c9913,583842000,31,DNA,1000,583842,true,0.8240446598023637,0.9769658532724774,0.9005052565374205,0.9769658532724774,1986,3954839,5889784
661000,0.0011321556174444455,0.08783505154639175,0.00036482472997831605,0.0024335357629413916,67.29107981220658,70.0,35.5367926148441,signatures/f6429d724d5b86af3c741638eedd8b73.sig.gz,"GCA_003447295.1 Lachnospiraceae bacterium, ASM344729v1",f6429d724d5b86af3c741638eedd8b73,0.2725773195876289,213000,274,284927000,/nfs3_ib/nfs-ip34/home/def-ilafores/analysis/MethodsComparison/Feces_RA/preproc/SRR5091491/SRR5091491_unmatched_2.fastq,SRR5091491,73ba07a58ee5da0cad9c8d73f47c9913,583842000,31,DNA,1000,583842,true,0.8034608386373692,0.9589368121345246,0.8811988253859468,0.9589368121345246,14333,3969172,5889784
890000,0.0015243850219751234,0.08606060606060606,0.00036482472997831605,0.001729605024564568,47.82629107981221,51.0,20.534703566478875,signatures/363d223ee3759cea7ec9a3f62c7a0463.sig.gz,"GCA_934514285.1 uncultured Faecalibacterium sp., ERR7738148_bin.55",363d223ee3759cea7ec9a3f62c7a0463,0.3595959595959596,213000,275,284714000,/nfs3_ib/nfs-ip34/home/def-ilafores/analysis/MethodsComparison/Feces_RA/preproc/SRR5091491/SRR5091491_unmatched_2.fastq,SRR5091491,73ba07a58ee5da0cad9c8d73f47c9913,583842000,31,DNA,1000,583842,true,0.8112077408728311,0.9675456066575557,0.8893766737651934,0.9675456066575557,10187,3979359,5889784
506000,0.0008666728327184409,0.05348542458808619,0.0003613991456592708,0.00010102238044722862,2.8199052132701423,1.0,7.343035646302133,signatures/1b555b81aebd28f3969d9df90b7355bc.sig.gz,"GCF_900104675.1 Angelakisella massiliensis strain=Marseille-P3217, PRJEB16361",1b555b81aebd28f3969d9df90b7355bc,0.1282636248415716,211000,276,284503000,/nfs3_ib/nfs-ip34/home/def-ilafores/analysis/MethodsComparison/Feces_RA/preproc/SRR5091491/SRR5091491_unmatched_2.fastq,SRR5091491,73ba07a58ee5da0cad9c8d73f47c9913,583842000,31,DNA,1000,583842,true,0.7965648436647901,0.9358993495918175,0.8662320966283038,0.9358993495918175,595,3979954,5889784
273000,0.0004675922595496727,0.07011686143572621,0.0003596863534997482,0.00006010407172826712,1.6857142857142857,1.0,2.5831478976675903,signatures/67dadb60720452f1dd374a919651ec92.sig.gz,"GCA_934394595.1 uncultured Blautia sp., ERR7738591_bin.232",67dadb60720452f1dd374a919651ec92,0.09115191986644407,210000,277,284293000,/nfs3_ib/nfs-ip34/home/def-ilafores/analysis/MethodsComparison/Feces_RA/preproc/SRR5091491/SRR5091491_unmatched_2.fastq,SRR5091491,73ba07a58ee5da0cad9c8d73f47c9913,583842000,31,DNA,1000,583842,true,0.780865732986794,0.9256441456283641,0.853254939307579,0.9256441456283641,354,3980308,5889784
261000,0.00044703875363540134,0.07946768060836502,0.0003579735613402256,0.00005008672644022259,1.4114832535885167,1.0,0.814381616432783,signatures/e35e316ced0483cdc752e62c3215fe1e.sig.gz,"GCF_014281125.1 Intestinimonas gabonensis strain=NSJ-47, ASM1428112v1",e35e316ced0483cdc752e62c3215fe1e,0.09923954372623574,209000,278,284084000,/nfs3_ib/nfs-ip34/home/def-ilafores/analysis/MethodsComparison/Feces_RA/preproc/SRR5091491/SRR5091491_unmatched_2.fastq,SRR5091491,73ba07a58ee5da0cad9c8d73f47c9913,583842000,31,DNA,1000,583842,true,0.7797342632539384,0.9281859543316945,0.8539601087928164,0.9281859543316945,295,3980603,5889784
222000,0.00038023985941401954,0.08446084460844608,0.0003528351848616578,0.000050765868493649345,1.4514563106796117,1.0,1.040478239338933,signatures/6e71be77f3a9d376f8f68ef1c494c381.sig.gz,"GCF_008831035.1 Ellagibacter isourolithinifaciens strain=DSM 104140, ASM883103v1",6e71be77f3a9d376f8f68ef1c494c381,0.0910209102091021,206000,279,283878000,/nfs3_ib/nfs-ip34/home/def-ilafores/analysis/MethodsComparison/Feces_RA/preproc/SRR5091491/SRR5091491_unmatched_2.fastq,SRR5091491,73ba07a58ee5da0cad9c8d73f47c9913,583842000,31,DNA,1000,583842,true,0.7756740790577837,0.9256011996930067,0.8506376393753952,0.9256011996930067,299,3980902,5889784
225000,0.0003853782358925874,0.07331902718168813,0.0003511223927021352,0.00004550251757959205,1.3073170731707318,1.0,0.6232840811428351,signatures/59bfa4ed192c2f53322a3feb7d755c9c.sig.gz,GCF_900540255.1 uncultured Clostridium sp. UMGS222,59bfa4ed192c2f53322a3feb7d755c9c,0.08047210300429185,205000,280,283673000,/nfs3_ib/nfs-ip34/home/def-ilafores/analysis/MethodsComparison/Feces_RA/preproc/SRR5091491/SRR5091491_unmatched_2.fastq,SRR5091491,73ba07a58ee5da0cad9c8d73f47c9913,583842000,31,DNA,1000,583842,true,0.7760100191686569,0.921930615182292,0.8489703171754744,0.921930615182292,268,3981170,5889784
317000,0.0005429551145686675,0.0973747016706444,0.00034940960054261256,0.00006010407172826712,1.7352941176470589,1.0,2.3760507297525346,signatures/94086194558d7375d38ae21b0fca0722.sig.gz,"GCA_900548615.1 uncultured Clostridiales bacterium, UMGS1099",94086194558d7375d38ae21b0fca0722,0.1513126491646778,204000,281,283469000,/nfs3_ib/nfs-ip34/home/def-ilafores/analysis/MethodsComparison/Feces_RA/preproc/SRR5091491/SRR5091491_unmatched_2.fastq,SRR5091491,73ba07a58ee5da0cad9c8d73f47c9913,583842000,31,DNA,1000,583842,true,0.7846388436734218,0.940901936604045,0.8627703901387334,0.940901936604045,354,3981524,5889784
549000,0.0009403228955779132,0.061169415292353826,0.00034940960054261256,0.00007249841420330525,2.093137254901961,1.0,2.5602833714152435,signatures/853f171c0393206ce274892b71b6f556.sig.gz,"GCF_900209925.1 Anaerobutyricum hallii, EH1",853f171c0393206ce274892b71b6f556,0.1646176911544228,204000,282,283265000,/nfs3_ib/nfs-ip34/home/def-ilafores/analysis/MethodsComparison/Feces_RA/preproc/SRR5091491/SRR5091491_unmatched_2.fastq,SRR5091491,73ba07a58ee5da0cad9c8d73f47c9913,583842000,31,DNA,1000,583842,true,0.7986633850579933,0.943463381422429,0.8710633832402112,0.943463381422429,427,3981951,5889784
593000,0.001015685750596908,0.05289874432273577,0.00033913284758547687,0.00009083524964582741,2.702020202020202,1.0,4.202824442267507,signatures/3084336da12f2dbb52eea2c7a0fce80e.sig.gz,GCF_025566965.1 Blautia ammoniilytica strain=Sanger_23 ASM2556696v1,3084336da12f2dbb52eea2c7a0fce80e,0.15842906759283998,198000,283,283067000,/nfs3_ib/nfs-ip34/home/def-ilafores/analysis/MethodsComparison/Feces_RA/preproc/SRR5091491/SRR5091491_unmatched_2.fastq,SRR5091491,73ba07a58ee5da0cad9c8d73f47c9913,583842000,31,DNA,1000,583842,true,0.800652105954026,0.9422978961791569,0.8714750010665915,0.9422978961791569,535,3982486,5889784
1782000,0.0030521956282692922,0.03432331495642895,0.00033056888678786384,0.00015942859704192887,4.865284974093265,4.0,6.723440323915733,signatures/b4482d10cb2488078dd11fc3de09368a.sig.gz,"GCF_009193295.2 Bacteroides sp. HF-5141 strain=HF-5141, ASM919329v2",b4482d10cb2488078dd11fc3de09368a,0.3169126800640228,193000,284,282874000,/nfs3_ib/nfs-ip34/home/def-ilafores/analysis/MethodsComparison/Feces_RA/preproc/SRR5091491/SRR5091491_unmatched_2.fastq,SRR5091491,73ba07a58ee5da0cad9c8d73f47c9913,583842000,31,DNA,1000,583842,true,0.8295803631947516,0.9636099548234366,0.8965951590090941,0.9636099548234366,939,3983425,5889784
198000,0.00033913284758547687,0.10331905781584583,0.00033056888678786384,0.00004652123065973218,1.4196891191709844,1.0,0.723424431806431,signatures/fca6a5d6c4c16bc4d50729ca56be7b62.sig.gz,"GCA_905188085.1 uncultured Firmicutes bacterium, ERR260134-mag-bin.48",fca6a5d6c4c16bc4d50729ca56be7b62,0.10599571734475374,193000,285,282681000,/nfs3_ib/nfs-ip34/home/def-ilafores/analysis/MethodsComparison/Feces_RA/preproc/SRR5091491/SRR5091491_unmatched_2.fastq,SRR5091491,73ba07a58ee5da0cad9c8d73f47c9913,583842000,31,DNA,1000,583842,true,0.7728166086983073,0.9301600604658348,0.851488334582071,0.9301600604658348,274,3983699,5889784
264000,0.0004521771301139692,0.0903529411764706,0.0003288560946283412,0.000059764500701553744,1.8333333333333333,1.0,2.97792806420094,signatures/dca165c1769bcf1104f63838b60fed59.sig.gz,"GCA_004557245.1 Clostridiales bacterium, ASM455724v1",dca165c1769bcf1104f63838b60fed59,0.12423529411764705,192000,286,282489000,/nfs3_ib/nfs-ip34/home/def-ilafores/analysis/MethodsComparison/Feces_RA/preproc/SRR5091491/SRR5091491_unmatched_2.fastq,SRR5091491,73ba07a58ee5da0cad9c8d73f47c9913,583842000,31,DNA,1000,583842,true,0.780021779014652,0.9349364602312198,0.8574791196229359,0.9349364602312198,352,3984051,5889784
381000,0.0006525738127781146,0.0416021243637973,0.00032200492599025076,0.0000923633192660376,2.893617021276596,1.0,10.965097514974577,signatures/d28d95e2140a4a1e2f046229c82c8cac.sig.gz,"GCF_020554865.1 Lacrimispora sp. 210928-DFI.3.58 strain=DFI.3.58, ASM2055486v1",d28d95e2140a4a1e2f046229c82c8cac,0.08431068820535517,188000,287,282301000,/nfs3_ib/nfs-ip34/home/def-ilafores/analysis/MethodsComparison/Feces_RA/preproc/SRR5091491/SRR5091491_unmatched_2.fastq,SRR5091491,73ba07a58ee5da0cad9c8d73f47c9913,583842000,31,DNA,1000,583842,true,0.7893072964290326,0.9233174696572769,0.8563123830431547,0.9233174696572769,544,3984595,5889784
222000,0.00038023985941401954,0.07532051282051282,0.00032200492599025076,0.000038541311531967895,1.2074468085106382,1.0,0.7818063320207164,signatures/1e9d6bf4297ac84adb96d89f19030c7d.sig.gz,"GCA_019115075.1 Candidatus Alistipes avistercoris, ASM1911507v1",1e9d6bf4297ac84adb96d89f19030c7d,0.0889423076923077,188000,288,282113000,/nfs3_ib/nfs-ip34/home/def-ilafores/analysis/MethodsComparison/Feces_RA/preproc/SRR5091491/SRR5091491_unmatched_2.fastq,SRR5091491,73ba07a58ee5da0cad9c8d73f47c9913,583842000,31,DNA,1000,583842,true,0.7756740790577837,0.9249116947023487,0.8502928868800662,0.9249116947023487,227,3984822,5889784
630000,0.0010790590604992446,0.07246947617172116,0.00031515375735216035,0.00007725240857729248,2.472826086956522,2.0,2.4315231968276136,signatures/62ccadfd3847f0f3efbdd715401adc97.sig.gz,"GCA_934569225.1 uncultured Oscillospiraceae bacterium, ERR7738185_bin.146",62ccadfd3847f0f3efbdd715401adc97,0.24812918471839307,184000,289,281929000,/nfs3_ib/nfs-ip34/home/def-ilafores/analysis/MethodsComparison/Feces_RA/preproc/SRR5091491/SRR5091491_unmatched_2.fastq,SRR5091491,73ba07a58ee5da0cad9c8d73f47c9913,583842000,31,DNA,1000,583842,true,0.8022168525140222,0.9560343111946166,0.8791255818543193,0.9560343111946166,455,3985277,5889784
1313000,0.0022488961054531876,0.02277227722772277,0.00031515375735216035,0.0005397481469609073,17.277173913043477,8.5,24.970293669203738,signatures/6672ed00a5e62028f3d25099a8b409db.sig.gz,GCF_900761785.1 uncultured Bacteroides sp. SRS098827_17,6672ed00a5e62028f3d25099a8b409db,0.1625,184000,290,281745000,/nfs3_ib/nfs-ip34/home/def-ilafores/analysis/MethodsComparison/Feces_RA/preproc/SRR5091491/SRR5091491_unmatched_2.fastq,SRR5091491,73ba07a58ee5da0cad9c8d73f47c9913,583842000,31,DNA,1000,583842,true,0.8214472079641862,0.9430694076461069,0.8822583078051466,0.9430694076461069,3179,3988456,5889784
458000,0.0007844588090613556,0.05461056401074306,0.00031344096519263774,0.00009813602672016495,3.158469945355191,1.0,9.311372789911445,signatures/92c53e2d1bf44b454d06fc8084b60b89.sig.gz,GCF_025567405.1 Suilimivivens aceti strain=Sanger_18 ASM2556740v1,92c53e2d1bf44b454d06fc8084b60b89,0.13667561921814383,183000,291,281562000,/nfs3_ib/nfs-ip34/home/def-ilafores/analysis/MethodsComparison/Feces_RA/preproc/SRR5091491/SRR5091491_unmatched_2.fastq,SRR5091491,73ba07a58ee5da0cad9c8d73f47c9913,583842000,31,DNA,1000,583842,true,0.794007936367766,0.9378190840763753,0.8659135102220706,0.9378190840763753,578,3989034,5889784
201000,0.0003442712240640447,0.06183442116111302,0.0003083025887140699,0.000043295305905955126,1.4166666666666667,1.0,1.1492751338706209,signatures/c6bad6b80328a581c7aeb7d96b867f9b.sig.gz,"GCF_000154445.1 Intestinibacter bartlettii DSM 16795 strain=DSM 16795, ASM15444v1",c6bad6b80328a581c7aeb7d96b867f9b,0.06904843696324287,180000,292,281382000,/nfs3_ib/nfs-ip34/home/def-ilafores/analysis/MethodsComparison/Feces_RA/preproc/SRR5091491/SRR5091491_unmatched_2.fastq,SRR5091491,73ba07a58ee5da0cad9c8d73f47c9913,583842000,31,DNA,1000,583842,true,0.773191587427372,0.9173886232956159,0.845290105361494,0.9173886232956159,255,3989289,5889784
910000,0.0015586408651655757,0.041111621497473584,0.00030658979655454727,0.00126727907169431,41.69832402234637,32.0,34.54555000465414,signatures/aa21d6a4e240d950eb3b686e2a4fae57.sig.gz,"GCF_004793475.1 Bacteroides sp. NM69_E16B strain=NM69_E16B, ASM479347v1",aa21d6a4e240d950eb3b686e2a4fae57,0.2090032154340836,179000,293,281203000,/nfs3_ib/nfs-ip34/home/def-ilafores/analysis/MethodsComparison/Feces_RA/preproc/SRR5091491/SRR5091491_unmatched_2.fastq,SRR5091491,73ba07a58ee5da0cad9c8d73f47c9913,583842000,31,DNA,1000,583842,true,0.811789484224281,0.9507568225789753,0.8812731534016282,0.9507568225789753,7464,3996753,5889784
686000,0.0011749754214325108,0.07593856655290103,0.00030487700439502466,0.0002750525316378326,9.101123595505618,8.0,6.570353818427958,signatures/ca73131023ce3a6dac548f8b1fc0b289.sig.gz,"GCF_005601135.1 Ruminococcus sp. JE7A12 strain=JE7A12, ASM560113v1",ca73131023ce3a6dac548f8b1fc0b289,0.29266211604095566,178000,294,281025000,/nfs3_ib/nfs-ip34/home/def-ilafores/analysis/MethodsComparison/Feces_RA/preproc/SRR5091491/SRR5091491_unmatched_2.fastq,SRR5091491,73ba07a58ee5da0cad9c8d73f47c9913,583842000,31,DNA,1000,583842,true,0.8044235927248297,0.9611385938622113,0.8827810932935205,0.9611385938622113,1620,3998373,5889784
184000,0.00031515375735216035,0.10786106032906764,0.0003031642122355021,0.00005450114978749645,1.8135593220338984,1.0,1.6447956918565367,signatures/9823363955485f79b3d9942d5048f058.sig.gz,"GCA_900757025.1 Clostridia bacterium, ERS537280_49",9823363955485f79b3d9942d5048f058,0.11212675198049969,177000,295,280848000,/nfs3_ib/nfs-ip34/home/def-ilafores/analysis/MethodsComparison/Feces_RA/preproc/SRR5091491/SRR5091491_unmatched_2.fastq,SRR5091491,73ba07a58ee5da0cad9c8d73f47c9913,583842000,31,DNA,1000,583842,true,0.7709906522619457,0.9318488196064606,0.8514197359342032,0.9318488196064606,321,3998694,5889784
177000,0.0003031642122355021,0.11553524804177545,0.0003031642122355021,0.00004074852320560482,1.3559322033898304,1.0,0.7462761458060276,signatures/928a91a6ee09da8d07136de63d93df66.sig.gz,"GCA_000437915.1 Subdoligranulum sp. CAG:314, MGS314",928a91a6ee09da8d07136de63d93df66,0.11553524804177545,177000,296,280671000,/nfs3_ib/nfs-ip34/home/def-ilafores/analysis/MethodsComparison/Feces_RA/preproc/SRR5091491/SRR5091491_unmatched_2.fastq,SRR5091491,73ba07a58ee5da0cad9c8d73f47c9913,583842000,31,DNA,1000,583842,true,0.7700266211853245,0.9327494119338139,0.8513880165595692,0.9327494119338139,240,3998934,5889784
827000,0.001416479115925199,0.04880066170388751,0.0003031642122355021,0.00006876313290945814,2.288135593220339,2.0,1.6161352462454537,signatures/30261a1b36bb7ea826d90dbce7b10368.sig.gz,"GCA_934292725.1 uncultured Lachnospiraceae bacterium, ERR7738588_bin.131",30261a1b36bb7ea826d90dbce7b10368,0.22801213123793768,177000,297,280494000,/nfs3_ib/nfs-ip34/home/def-ilafores/analysis/MethodsComparison/Feces_RA/preproc/SRR5091491/SRR5091491_unmatched_2.fastq,SRR5091491,73ba07a58ee5da0cad9c8d73f47c9913,583842000,31,DNA,1000,583842,true,0.8092888446506518,0.9534303363879847,0.8813595905193182,0.9534303363879847,405,3999339,5889784
586000,0.0010036962054802499,0.04769647696476965,0.0003014514200759795,0.0003568891490757556,11.943181818181818,1.0,33.766194079334824,signatures/b41feede9fdc86f2bd09dd47a8e3856b.sig.gz,GCA_003465495.1 Segatella copri strain=AF10-17 ASM346549v1,b41feede9fdc86f2bd09dd47a8e3856b,0.15880758807588075,176000,298,280318000,/nfs3_ib/nfs-ip34/home/def-ilafores/analysis/MethodsComparison/Feces_RA/preproc/SRR5091491/SRR5091491_unmatched_2.fastq,SRR5091491,73ba07a58ee5da0cad9c8d73f47c9913,583842000,31,DNA,1000,583842,true,0.800345473362003,0.9423704364993393,0.8713579549306711,0.9423704364993393,2102,4001441,5889784
619000,0.0010602183467444959,0.05541481950601647,0.00029973862791645686,0.00015110910688745122,5.085714285714285,2.0,13.123090726047796,signatures/9395a6c49ddeded3ae11fb356cafc064.sig.gz,"GCA_900542495.1 uncultured Roseburia sp., UMGS472",9395a6c49ddeded3ae11fb356cafc064,0.19601013299556683,175000,299,280143000,/nfs3_ib/nfs-ip34/home/def-ilafores/analysis/MethodsComparison/Feces_RA/preproc/SRR5091491/SRR5091491_unmatched_2.fastq,SRR5091491,73ba07a58ee5da0cad9c8d73f47c9913,583842000,31,DNA,1000,583842,true,0.8017611534054343,0.9487903850554488,0.8752757692304416,0.9487903850554488,890,4002331,5889784
927000,0.00158775833187746,0.08333333333333333,0.000294600251437889,0.00009541945850645796,3.2674418604651163,3.0,2.0082644283215427,signatures/1eec876ad36c7c0dc8f80b0f76f15058.sig.gz,"GCA_019423795.1 Clostridiales bacterium, ASM1942379v1",1eec876ad36c7c0dc8f80b0f76f15058,0.4491279069767442,172000,300,279971000,/nfs3_ib/nfs-ip34/home/def-ilafores/analysis/MethodsComparison/Feces_RA/preproc/SRR5091491/SRR5091491_unmatched_2.fastq,SRR5091491,73ba07a58ee5da0cad9c8d73f47c9913,583842000,31,DNA,1000,583842,true,0.8122743187550463,0.974509619306627,0.8933919690308367,0.974509619306627,562,4002893,5889784
1111000,0.0019029120892296203,0.058823529411764705,0.0002928874592783664,0.0005591036954835695,19.257309941520468,15.0,20.781891347234584,signatures/c4a31407cdc97c2d5ed56d772c4a244f.sig.gz,"GCA_020735665.1 Lachnospiraceae bacterium GAM79 strain=FDAARGOS_1585, ASM2073566v1",c4a31407cdc97c2d5ed56d772c4a244f,0.3821809425524596,171000,301,279800000,/nfs3_ib/nfs-ip34/home/def-ilafores/analysis/MethodsComparison/Feces_RA/preproc/SRR5091491/SRR5091491_unmatched_2.fastq,SRR5091491,73ba07a58ee5da0cad9c8d73f47c9913,583842000,31,DNA,1000,583842,true,0.8170324650667904,0.9694486435790188,0.8932405543229046,0.9694486435790188,3293,4006186,5889784
211000,0.0003613991456592708,0.12050739957716702,0.0002928874592783664,0.000053312651193999644,1.8362573099415205,1.0,5.521576605870225,signatures/55bcaef29037287c4c3d981ace71d1c9.sig.gz,"GCA_905215425.1 uncultured bacterium, SRR7721880-mag-bin.63",55bcaef29037287c4c3d981ace71d1c9,0.14869626497533475,171000,302,279629000,/nfs3_ib/nfs-ip34/home/def-ilafores/analysis/MethodsComparison/Feces_RA/preproc/SRR5091491/SRR5091491_unmatched_2.fastq,SRR5091491,73ba07a58ee5da0cad9c8d73f47c9913,583842000,31,DNA,1000,583842,true,0.774403534515265,0.9403726768662011,0.8573881056907331,0.9403726768662011,314,4006500,5889784
1154000,0.0019765621520890925,0.045650999459751485,0.00028946187495932117,0.002379543969693965,82.92899408284023,92.0,40.787307163078935,signatures/19b182aa375aae156dab011d86e5486c.sig.gz,GCA_945965395.1 uncultured Bacteroides sp. SRR12203260_bin.2_metaWRAP_v1.3_MAG,19b182aa375aae156dab011d86e5486c,0.3117233927606699,169000,303,279460000,/nfs3_ib/nfs-ip34/home/def-ilafores/analysis/MethodsComparison/Feces_RA/preproc/SRR5091491/SRR5091491_unmatched_2.fastq,SRR5091491,73ba07a58ee5da0cad9c8d73f47c9913,583842000,31,DNA,1000,583842,true,0.8180339076885302,0.963096890024931,0.8905653988567306,0.963096890024931,14015,4020515,5889784
184000,0.00031515375735216035,0.06396016851780927,0.000286036290640276,0.00003429667369805073,1.2095808383233533,1.0,0.48735305267965984,signatures/ae008eba6f1616ea104f1a0af5e2e29b.sig.gz,"GCA_019422005.1 Clostridiales bacterium, ASM1942200v1",ae008eba6f1616ea104f1a0af5e2e29b,0.07047108387590961,167000,304,279293000,/nfs3_ib/nfs-ip34/home/def-ilafores/analysis/MethodsComparison/Feces_RA/preproc/SRR5091491/SRR5091491_unmatched_2.fastq,SRR5091491,73ba07a58ee5da0cad9c8d73f47c9913,583842000,31,DNA,1000,583842,true,0.7709906522619457,0.917992351851698,0.8444915020568219,0.917992351851698,202,4020717,5889784
1337000,0.0022900031172817304,0.04459279038718291,0.000286036290640276,0.001031446993641872,36.377245508982035,11.0,130.82912093043637,signatures/f90573804ef6f967c063a5e756c80b57.sig.gz,GCA_947038155.1 uncultured Bacteroides sp. ERR8099095_bin.2_metawrap_v1.3_MAG,f90573804ef6f967c063a5e756c80b57,0.35700934579439253,167000,305,279126000,/nfs3_ib/nfs-ip34/home/def-ilafores/analysis/MethodsComparison/Feces_RA/preproc/SRR5091491/SRR5091491_unmatched_2.fastq,SRR5091491,73ba07a58ee5da0cad9c8d73f47c9913,583842000,31,DNA,1000,583842,true,0.8219273304985484,0.9673203162827395,0.894623823390644,0.9673203162827395,6075,4026792,5889784
1326000,0.0022711624035269815,0.06556082148499211,0.0002843234984807534,0.0001653710900094129,5.867469879518072,3.0,14.623607819094547,signatures/5de087f5a9a17c161f71764fddd2d36f.sig.gz,GCA_958454115.1 Blautia wexlerae SRR18940294_bin.27_MetaWRAP_v1.3_MAG,5de087f5a9a17c161f71764fddd2d36f,0.523696682464455,166000,306,278960000,/nfs3_ib/nfs-ip34/home/def-ilafores/analysis/MethodsComparison/Feces_RA/preproc/SRR5091491/SRR5091491_unmatched_2.fastq,SRR5091491,73ba07a58ee5da0cad9c8d73f47c9913,583842000,31,DNA,1000,583842,true,0.8217083185321338,0.9793502957196636,0.9005293071258986,0.9793502957196636,974,4027766,5889784
186000,0.0003185793416712056,0.06324262169413568,0.00028261070632123076,0.000041597450772388256,1.4848484848484849,1.0,1.9024897900607989,signatures/5da5a817a8914be3b56e8a88b68f9b18.sig.gz,"GCA_900553265.1 uncultured Clostridiales bacterium, UMGS1603",5da5a817a8914be3b56e8a88b68f9b18,0.07129168263702568,165000,307,278795000,/nfs3_ib/nfs-ip34/home/def-ilafores/analysis/MethodsComparison/Feces_RA/preproc/SRR5091491/SRR5091491_unmatched_2.fastq,SRR5091491,73ba07a58ee5da0cad9c8d73f47c9913,583842000,31,DNA,1000,583842,true,0.7712595738367374,0.9183352475133767,0.8447974106750571,0.9183352475133767,245,4028011,5889784
623000,0.0010670695153825864,0.08962520369364475,0.00028261070632123076,0.0000923633192660376,3.296969696969697,2.0,3.124146899165687,signatures/843375e6c818375c838800026896881f.sig.gz,"GCA_019421265.1 Lachnospiraceae bacterium, ASM1942126v1",843375e6c818375c838800026896881f,0.33840304182509506,165000,308,278630000,/nfs3_ib/nfs-ip34/home/def-ilafores/analysis/MethodsComparison/Feces_RA/preproc/SRR5091491/SRR5091491_unmatched_2.fastq,SRR5091491,73ba07a58ee5da0cad9c8d73f47c9913,583842000,31,DNA,1000,583842,true,0.8019277623561065,0.9656515900444543,0.8837896762002804,0.9656515900444543,544,4028555,5889784
208000,0.000356260769180703,0.054294175715695954,0.00028261070632123076,0.00004804930027994236,1.715151515151515,1.0,1.6322732265567763,signatures/655feb99de6d4affd517d5ed2f459c94.sig.gz,"GCA_000154345.1 [Clostridium] leptum DSM 753 strain=DSM 753, ASM15434v1",655feb99de6d4affd517d5ed2f459c94,0.06844356696281671,165000,309,278465000,/nfs3_ib/nfs-ip34/home/def-ilafores/analysis/MethodsComparison/Feces_RA/preproc/SRR5091491/SRR5091491_unmatched_2.fastq,SRR5091491,73ba07a58ee5da0cad9c8d73f47c9913,583842000,31,DNA,1000,583842,true,0.7740458913112164,0.9171282793836856,0.845587085347451,0.9171282793836856,283,4028838,5889784
608000,0.0010413776329897472,0.06242774566473988,0.0002774723298426629,0.0001230944971835979,4.4753086419753085,4.0,4.0615642204803075,signatures/6a7da8cde172d00735369ddaf57f22c6.sig.gz,"GCA_025150425.1 [Eubacterium] siraeum strain=DSM 15702, ASM2515042v1",6a7da8cde172d00735369ddaf57f22c6,0.2342967244701349,162000,310,278303000,/nfs3_ib/nfs-ip34/home/def-ilafores/analysis/MethodsComparison/Feces_RA/preproc/SRR5091491/SRR5091491_unmatched_2.fastq,SRR5091491,73ba07a58ee5da0cad9c8d73f47c9913,583842000,31,DNA,1000,583842,true,0.8012975490815821,0.9542669394554101,0.8777822442684962,0.9542669394554101,725,4029563,5889784
729000,0.0012486254842919832,0.048228639476034535,0.0002774723298426629,0.00012360385372366797,4.493827160493828,3.0,5.592374563106187,signatures/993134fdc2b14af5f902be05ce449df0.sig.gz,"GCA_021628825.1 Lachnospiraceae bacterium, ASM2162882v1",993134fdc2b14af5f902be05ce449df0,0.2170288776421554,162000,311,278141000,/nfs3_ib/nfs-ip34/home/def-ilafores/analysis/MethodsComparison/Feces_RA/preproc/SRR5091491/SRR5091491_unmatched_2.fastq,SRR5091491,73ba07a58ee5da0cad9c8d73f47c9913,583842000,31,DNA,1000,583842,true,0.8060027478273971,0.951913178866304,0.8789579633468505,0.951913178866304,728,4030291,5889784
816000,0.0013976384021704502,0.07049608355091384,0.0002774723298426629,0.00008319490154477651,3.0246913580246915,2.0,2.249693030593424,signatures/82ec46a956b0a40ad4a6fc34996fb2b2.sig.gz,"GCA_902399975.1 Coriobacteriaceae bacterium, UHGG_MGYG-HGUT-03698",82ec46a956b0a40ad4a6fc34996fb2b2,0.35509138381201044,162000,312,277979000,/nfs3_ib/nfs-ip34/home/def-ilafores/analysis/MethodsComparison/Feces_RA/preproc/SRR5091491/SRR5091491_unmatched_2.fastq,SRR5091491,73ba07a58ee5da0cad9c8d73f47c9913,583842000,31,DNA,1000,583842,true,0.8089393506910917,0.9671522422996391,0.8880457964953654,0.9671522422996391,490,4030781,5889784
167000,0.000286036290640276,0.06964746345657781,0.0002774723298426629,0.00003446645921140741,1.2530864197530864,1.0,0.5248365812098758,signatures/486e3d1c6d54f21c7886cf2f013cd37c.sig.gz,"GCA_944385965.1 uncultured Anaerotruncus sp., E14__bin8",486e3d1c6d54f21c7886cf2f013cd37c,0.07179707652622527,162000,313,277817000,/nfs3_ib/nfs-ip34/home/def-ilafores/analysis/MethodsComparison/Feces_RA/preproc/SRR5091491/SRR5091491_unmatched_2.fastq,SRR5091491,73ba07a58ee5da0cad9c8d73f47c9913,583842000,31,DNA,1000,583842,true,0.768583407383199,0.9185445359884217,0.8435639716858103,0.9185445359884217,203,4030984,5889784
1127000,0.0019303167637819822,0.0480884109916368,0.0002757595376831403,0.00008438340013827333,3.0869565217391304,2.0,7.301315549246071,signatures/5690dda55028fe4b6db542ea10f1886c.sig.gz,"GCF_013300725.1 Coprococcus comes strain=MSK.16.63, ASM1330072v1",5690dda55028fe4b6db542ea10f1886c,0.3366188769414576,161000,314,277656000,/nfs3_ib/nfs-ip34/home/def-ilafores/analysis/MethodsComparison/Feces_RA/preproc/SRR5091491/SRR5091491_unmatched_2.fastq,SRR5091491,73ba07a58ee5da0cad9c8d73f47c9913,583842000,31,DNA,1000,583842,true,0.8174094075421154,0.9654869369652809,0.8914481722536982,0.9654869369652809,497,4031481,5889784
373000,0.0006388714755019338,0.059695958472376714,0.0002757595376831403,0.000233624866378801,8.546583850931677,1.0,14.527314307907465,signatures/c122ecbf66d016ce29333bc145978b5a.sig.gz,"GCA_900112995.1 Lactobacillus rogosae strain=ATCC 27753, IMG-taxon 2597490368 annotated assembly",c122ecbf66d016ce29333bc145978b5a,0.13830181683351872,161000,315,277495000,/nfs3_ib/nfs-ip34/home/def-ilafores/analysis/MethodsComparison/Feces_RA/preproc/SRR5091491/SRR5091491_unmatched_2.fastq,SRR5091491,73ba07a58ee5da0cad9c8d73f47c9913,583842000,31,DNA,1000,583842,true,0.7887671634201068,0.9381769757112886,0.8634720695656977,0.9381769757112886,1376,4032857,5889784
167000,0.000286036290640276,0.05303030303030303,0.0002757595376831403,0.00003633409985833097,1.329192546583851,1.0,1.0501487473197508,signatures/fb21e3243bb86cc871a776fa8b0e9dc3.sig.gz,"GCA_944391805.1 uncultured Clostridia bacterium, E0_LS__bin154",fb21e3243bb86cc871a776fa8b0e9dc3,0.055006587615283264,161000,316,277334000,/nfs3_ib/nfs-ip34/home/def-ilafores/analysis/MethodsComparison/Feces_RA/preproc/SRR5091491/SRR5091491_unmatched_2.fastq,SRR5091491,73ba07a58ee5da0cad9c8d73f47c9913,583842000,31,DNA,1000,583842,true,0.768583407383199,0.9106850690654774,0.8396342382243382,0.9106850690654774,214,4033071,5889784
661000,0.0011321556174444455,0.031786771964461995,0.0002757595376831403,0.0010798358649485279,39.50310559006211,7.0,55.854527580357136,signatures/894ebfeac80d6a527fbc03d1d52101ee.sig.gz,"GCA_900762515.1 uncultured Odoribacter sp., SRS144506_36",894ebfeac80d6a527fbc03d1d52101ee,0.13050345508390918,161000,317,277173000,/nfs3_ib/nfs-ip34/home/def-ilafores/analysis/MethodsComparison/Feces_RA/preproc/SRR5091491/SRR5091491_unmatched_2.fastq,SRR5091491,73ba07a58ee5da0cad9c8d73f47c9913,583842000,31,DNA,1000,583842,true,0.8034608386373692,0.9364221496710897,0.8699414941542294,0.9364221496710897,6360,4039431,5889784
165000,0.00028261070632123076,0.05618374558303887,0.00027233395336409506,0.00003412688818469404,1.2641509433962264,1.0,0.6954735067561804,signatures/02b170c1c65259d332d2411d92d0f08f.sig.gz,"GCF_000478885.1 Adlercreutzia equolifaciens DSM 19450 strain=DSM 19450, ASM47888v1",02b170c1c65259d332d2411d92d0f08f,0.05830388692579505,159000,318,277014000,/nfs3_ib/nfs-ip34/home/def-ilafores/analysis/MethodsComparison/Feces_RA/preproc/SRR5091491/SRR5091491_unmatched_2.fastq,SRR5091491,73ba07a58ee5da0cad9c8d73f47c9913,583842000,31,DNA,1000,583842,true,0.7682847508091418,0.91239687809607,0.8403408144526059,0.91239687809607,201,4039632,5889784
555000,0.0009505996485350489,0.05071059431524548,0.0002689083690450499,0.0004665705907041752,17.503184713375795,18.0,7.765368328135729,signatures/db40ccde1279d9df18c2a898bfc8d4db.sig.gz,"GCA_023662725.1 Ruminococcus flavefaciens, ASM2366272v1",db40ccde1279d9df18c2a898bfc8d4db,0.17926356589147288,157000,319,276857000,/nfs3_ib/nfs-ip34/home/def-ilafores/analysis/MethodsComparison/Feces_RA/preproc/SRR5091491/SRR5091491_unmatched_2.fastq,SRR5091491,73ba07a58ee5da0cad9c8d73f47c9913,583842000,31,DNA,1000,583842,true,0.798943473166613,0.9460609087021414,0.8725021909343772,0.9460609087021414,2748,4042380,5889784
157000,0.0002689083690450499,0.07741935483870968,0.00026719557688552727,0.000033787317157980665,1.2756410256410255,1.0,0.5497519014871086,signatures/f196c6906a5ba22b5ea575c042c2270d.sig.gz,GCF_905205995.1 uncultured Haemophilus sp. ERR1430443-mag-bin.35,f196c6906a5ba22b5ea575c042c2270d,0.07791563275434243,156000,320,276701000,/nfs3_ib/nfs-ip34/home/def-ilafores/analysis/MethodsComparison/Feces_RA/preproc/SRR5091491/SRR5091491_unmatched_2.fastq,SRR5091491,73ba07a58ee5da0cad9c8d73f47c9913,583842000,31,DNA,1000,583842,true,0.7670540119175464,0.920970999518362,0.8440125057179542,0.920970999518362,199,4042579,5889784
679000,0.0011629858763158526,0.04711246200607903,0.00026548278472600465,0.00006961206047624158,2.6451612903225805,2.0,2.89992644063297,signatures/adb0ed78ca86ef0f7a6de3e9b273ca7a.sig.gz,"GCA_902363045.1 Clostridiales bacterium, MGYG-HGUT-00086",adb0ed78ca86ef0f7a6de3e9b273ca7a,0.20638297872340425,155000,321,276546000,/nfs3_ib/nfs-ip34/home/def-ilafores/analysis/MethodsComparison/Feces_RA/preproc/SRR5091491/SRR5091491_unmatched_2.fastq,SRR5091491,73ba07a58ee5da0cad9c8d73f47c9913,583842000,31,DNA,1000,583842,true,0.804157489305696,0.9503699716784731,0.8772637304920845,0.9503699716784731,410,4042989,5889784
392000,0.0006714145265328634,0.05406348099058249,0.00026548278472600465,0.0015423316033321426,58.60645161290323,60.0,29.498495702311192,signatures/8e501eec9371799ddb40f724f45122ba.sig.gz,"GCA_002633275.1 Bacteroidales bacterium Phil12, ASM263327v1",8e501eec9371799ddb40f724f45122ba,0.13672828740844087,155000,322,276391000,/nfs3_ib/nfs-ip34/home/def-ilafores/analysis/MethodsComparison/Feces_RA/preproc/SRR5091491/SRR5091491_unmatched_2.fastq,SRR5091491,73ba07a58ee5da0cad9c8d73f47c9913,583842000,31,DNA,1000,583842,true,0.7900323269946125,0.9378307396526919,0.8639315333236521,0.9378307396526919,9084,4052073,5889784
168000,0.00028774908279979855,0.05557573556120596,0.0002620572004069594,0.00003191967651105711,1.2287581699346406,1.0,0.5300971920520684,signatures/49a0f9cb9e364848ecd100928e13eb68.sig.gz,"GCA_900548145.1 uncultured Clostridiales bacterium, UMGS1048",49a0f9cb9e364848ecd100928e13eb68,0.06102433708681439,153000,323,276238000,/nfs3_ib/nfs-ip34/home/def-ilafores/analysis/MethodsComparison/Feces_RA/preproc/SRR5091491/SRR5091491_unmatched_2.fastq,SRR5091491,73ba07a58ee5da0cad9c8d73f47c9913,583842000,31,DNA,1000,583842,true,0.7687314400658076,0.9137400896899406,0.8412357648778741,0.9137400896899406,188,4052261,5889784
301000,0.0005155504400163058,0.05714285714285714,0.0002603444082474368,0.00007249841420330525,2.8092105263157894,2.0,1.9012930248136357,signatures/e09696cabc251a8869caaae07e821457.sig.gz,"GCA_944385665.1 uncultured Oscillospiraceae bacterium, BRZ_EE__bin73",e09696cabc251a8869caaae07e821457,0.11315789473684211,152000,324,276086000,/nfs3_ib/nfs-ip34/home/def-ilafores/analysis/MethodsComparison/Feces_RA/preproc/SRR5091491/SRR5091491_unmatched_2.fastq,SRR5091491,73ba07a58ee5da0cad9c8d73f47c9913,583842000,31,DNA,1000,583842,true,0.7833290468278576,0.9321240320830046,0.8577265394554312,0.9321240320830046,427,4052688,5889784
169000,0.00028946187495932117,0.07576517812343202,0.0002586316160879142,0.00003633409985833097,1.4172185430463575,1.0,0.8716097301977306,signatures/0c7222323490013dadbc2a46e7c7a899.sig.gz,"GCA_900549055.1 uncultured Ruminococcaceae bacterium, UMGS1148",0c7222323490013dadbc2a46e7c7a899,0.08479678876066232,151000,325,275935000,/nfs3_ib/nfs-ip34/home/def-ilafores/analysis/MethodsComparison/Feces_RA/preproc/SRR5091491/SRR5091491_unmatched_2.fastq,SRR5091491,73ba07a58ee5da0cad9c8d73f47c9913,583842000,31,DNA,1000,583842,true,0.7688786224694508,0.9234887171134898,0.8461836697914703,0.9234887171134898,214,4052902,5889784
637000,0.001091048605615903,0.059378686590640974,0.0002586316160879142,0.00007878047819750266,3.0728476821192054,3.0,2.0102365112354064,signatures/95f8130846ee8e63441ccf30882428cf.sig.gz,GCF_030848305.1 Akkermansia muciniphila strain=MmAkk3 ASM3084830v1,95f8130846ee8e63441ccf30882428cf,0.2504915454187967,151000,326,275784000,/nfs3_ib/nfs-ip34/home/def-ilafores/analysis/MethodsComparison/Feces_RA/preproc/SRR5091491/SRR5091491_unmatched_2.fastq,SRR5091491,73ba07a58ee5da0cad9c8d73f47c9913,583842000,31,DNA,1000,583842,true,0.8025028507343211,0.9563265832444584,0.8794147169893898,0.9563265832444584,464,4053366,5889784
154000,0.00026376999256648204,0.075,0.0002569188239283916,0.000032429033051127174,1.2733333333333334,1.0,0.5278467791151351,signatures/d7595f0b92db63b6b9f37ec78fff9e16.sig.gz,"GCA_944378105.1 uncultured Clostridia bacterium, E03__bin304",d7595f0b92db63b6b9f37ec78fff9e16,0.077,150000,327,275634000,/nfs3_ib/nfs-ip34/home/def-ilafores/analysis/MethodsComparison/Feces_RA/preproc/SRR5091491/SRR5091491_unmatched_2.fastq,SRR5091491,73ba07a58ee5da0cad9c8d73f47c9913,583842000,31,DNA,1000,583842,true,0.7665767756424463,0.9206198738434258,0.8435983247429361,0.9206198738434258,191,4053557,5889784
462000,0.0007913099776994461,0.04190101237345332,0.00025520603176886896,0.00006893291842281482,2.7248322147651005,2.0,2.2728601866863603,signatures/4c5b9c5fc61302d55e1ab631a887b803.sig.gz,"GCA_018374635.1 Clostridiales bacterium, ASM1837463v1",4c5b9c5fc61302d55e1ab631a887b803,0.12992125984251968,149000,328,275485000,/nfs3_ib/nfs-ip34/home/def-ilafores/analysis/MethodsComparison/Feces_RA/preproc/SRR5091491/SRR5091491_unmatched_2.fastq,SRR5091491,73ba07a58ee5da0cad9c8d73f47c9913,583842000,31,DNA,1000,583842,true,0.7942306921357896,0.936287099282469,0.8652588957091293,0.936287099282469,406,4053963,5889784
357000,0.0006114668009495719,0.03995709305443819,0.00025520603176886896,0.00007114013009645176,2.8120805369127515,1.0,5.083687727060493,signatures/f22e85c6befcb1bccc2db3184aa9ec05.sig.gz,GCF_025145285.1 Alistipes onderdonkii strain=DSM 19147 ASM2514528v1,f22e85c6befcb1bccc2db3184aa9ec05,0.09573612228479485,149000,329,275336000,/nfs3_ib/nfs-ip34/home/def-ilafores/analysis/MethodsComparison/Feces_RA/preproc/SRR5091491/SRR5091491_unmatched_2.fastq,SRR5091491,73ba07a58ee5da0cad9c8d73f47c9913,583842000,31,DNA,1000,583842,true,0.7876524153363439,0.9271104546679589,0.8573814350021514,0.9271104546679589,419,4054382,5889784
210000,0.0003596863534997482,0.03814432989690722,0.00025349323960934634,0.00003293838959119723,1.3108108108108107,1.0,0.6244062190350227,signatures/d5aef74860ab7c1cca263aa607c62d70.sig.gz,"GCF_014337215.1 Wansuia hejianensis strain=NSJ-29, ASM1433721v1",d5aef74860ab7c1cca263aa607c62d70,0.05412371134020619,148000,330,275188000,/nfs3_ib/nfs-ip34/home/def-ilafores/analysis/MethodsComparison/Feces_RA/preproc/SRR5091491/SRR5091491_unmatched_2.fastq,SRR5091491,73ba07a58ee5da0cad9c8d73f47c9913,583842000,31,DNA,1000,583842,true,0.7742848699444257,0.9102098573281642,0.8422473636362949,0.9102098573281642,194,4054576,5889784
174000,0.00029802583575693425,0.03566229985443959,0.0002517804474498238,0.00003141031997098705,1.2585034013605443,1.0,0.5227925457643768,signatures/afa3fceae8a1bcdb26be66e4f0bdb561.sig.gz,GCF_025151995.1 Ruminococcus gauvreauii strain=DSM 19829 ASM2515199v1,afa3fceae8a1bcdb26be66e4f0bdb561,0.042212518195050945,147000,331,275041000,/nfs3_ib/nfs-ip34/home/def-ilafores/analysis/MethodsComparison/Feces_RA/preproc/SRR5091491/SRR5091491_unmatched_2.fastq,SRR5091491,73ba07a58ee5da0cad9c8d73f47c9913,583842000,31,DNA,1000,583842,true,0.7696021198910428,0.9029410456454148,0.8362715827682288,0.9029410456454148,185,4054761,5889784
906000,0.0015517896965274852,0.035926660059464814,0.00024835486313077855,0.00010458787622771905,4.248275862068965,3.0,4.445115156155837,signatures/dd362ff77f4bcc80ca1e3387a9b01f6e.sig.gz,"GCF_013304735.1 Blautia luti strain=MSK.16.34, ASM1330473v1",dd362ff77f4bcc80ca1e3387a9b01f6e,0.2244796828543112,145000,332,274896000,/nfs3_ib/nfs-ip34/home/def-ilafores/analysis/MethodsComparison/Feces_RA/preproc/SRR5091491/SRR5091491_unmatched_2.fastq,SRR5091491,73ba07a58ee5da0cad9c8d73f47c9913,583842000,31,DNA,1000,583842,true,0.8116741320686001,0.9529502473125524,0.8823121896905762,0.9529502473125524,616,4055377,5889784
263000,0.0004504643379544466,0.04511512134411948,0.00024835486313077855,0.00003327796061791061,1.3517241379310345,1.0,0.8512144223787779,signatures/258760aab9c6ac2bdd2f8461544f96e1.sig.gz,"GCF_004154955.1 Intestinimonas butyriciproducens strain=SRB-521-5-I, ASM415495v1",258760aab9c6ac2bdd2f8461544f96e1,0.08182949595519602,145000,333,274751000,/nfs3_ib/nfs-ip34/home/def-ilafores/analysis/MethodsComparison/Feces_RA/preproc/SRR5091491/SRR5091491_unmatched_2.fastq,SRR5091491,73ba07a58ee5da0cad9c8d73f47c9913,583842000,31,DNA,1000,583842,true,0.7799262933108724,0.9224282108965656,0.851177252103719,0.9224282108965656,196,4055573,5889784
431000,0.0007382134207542452,0.050650721069293,0.00024664207097125593,0.000056368790434420004,2.3055555555555554,1.0,6.725033847268993,signatures/cef03e8f3a9b8afc55b6193ed7a2ab74.sig.gz,"GCF_003574295.1 Mediterraneibacter butyricigenes strain=KCTC 15684, ASM357429v1",cef03e8f3a9b8afc55b6193ed7a2ab74,0.15160042208934224,144000,334,274607000,/nfs3_ib/nfs-ip34/home/def-ilafores/analysis/MethodsComparison/Feces_RA/preproc/SRR5091491/SRR5091491_unmatched_2.fastq,SRR5091491,73ba07a58ee5da0cad9c8d73f47c9913,583842000,31,DNA,1000,583842,true,0.7924531769808033,0.9409596076755509,0.866706392328177,0.9409596076755509,332,4055905,5889784
897000,0.0015363745670917816,0.05392156862745098,0.0002449292788117333,0.00007878047819750266,3.2447552447552446,2.0,8.723584930004638,signatures/a202d6e19a5a61416204946db31cfb35.sig.gz,"GCA_019411365.1 Roseburia sp., ASM1941136v1",a202d6e19a5a61416204946db31cfb35,0.3382352941176471,143000,335,274464000,/nfs3_ib/nfs-ip34/home/def-ilafores/analysis/MethodsComparison/Feces_RA/preproc/SRR5091491/SRR5091491_unmatched_2.fastq,SRR5091491,73ba07a58ee5da0cad9c8d73f47c9913,583842000,31,DNA,1000,583842,true,0.8114127772766506,0.9656361451376775,0.8885244612071641,0.9656361451376775,464,4056369,5889784
146000,0.00025006765529030116,0.07485503426462836,0.0002432164866522107,0.000032259247537770484,1.3380281690140845,1.0,0.6701620987814265,signatures/99806fcbbe45cd59f2fc31f3bb5cd627.sig.gz,"GCA_900543755.1 uncultured Clostridiales bacterium, UMGS606",99806fcbbe45cd59f2fc31f3bb5cd627,0.07696362677912494,142000,336,274322000,/nfs3_ib/nfs-ip34/home/def-ilafores/analysis/MethodsComparison/Feces_RA/preproc/SRR5091491/SRR5091491_unmatched_2.fastq,SRR5091491,73ba07a58ee5da0cad9c8d73f47c9913,583842000,31,DNA,1000,583842,true,0.7652587555049848,0.9206058421859963,0.8429322988454906,0.9206058421859963,190,4056559,5889784
145000,0.00024835486313077855,0.053167420814479636,0.00024150369449268808,0.00002937289381070681,1.2269503546099292,1.0,0.6670438045973047,signatures/eedc8f21f90326f9379ba59e8e3164e0.sig.gz,"GCA_934647945.1 uncultured Eubacteriales bacterium, ERR7738665_bin.322",eedc8f21f90326f9379ba59e8e3164e0,0.05467571644042232,141000,337,274181000,/nfs3_ib/nfs-ip34/home/def-ilafores/analysis/MethodsComparison/Feces_RA/preproc/SRR5091491/SRR5091491_unmatched_2.fastq,SRR5091491,73ba07a58ee5da0cad9c8d73f47c9913,583842000,31,DNA,1000,583842,true,0.7650891120191994,0.9105078469390873,0.8377984794791433,0.9105078469390873,173,4056732,5889784
1799000,0.0030813130949811766,0.04290530186944529,0.00023979090233316547,0.0018567743740687264,78.11428571428571,41.5,73.76498256667065,signatures/13b91a3b95e974816cbdb5352e0e95f7.sig.gz,GCA_948579315.1 uncultured Phocaeicola sp. MGBC144851,13b91a3b95e974816cbdb5352e0e95f7,0.5513331290223721,140000,338,274041000,/nfs3_ib/nfs-ip34/home/def-ilafores/analysis/MethodsComparison/Feces_RA/preproc/SRR5091491/SRR5091491_unmatched_2.fastq,SRR5091491,73ba07a58ee5da0cad9c8d73f47c9913,583842000,31,DNA,1000,583842,true,0.8298344845351026,0.980976308796752,0.9054053966659272,0.980976308796752,10936,4067668,5889784
141000,0.00024150369449268808,0.04181600955794504,0.00023979090233316547,0.00003039160689084693,1.2785714285714285,1.0,1.095887488638821,signatures/9c620e60a45e9f1b895175665817b765.sig.gz,"GCF_008801935.1 Comamonas kerstersii strain=CCUG 15333, ASM880193v1",9c620e60a45e9f1b895175665817b765,0.042114695340501794,140000,339,273901000,/nfs3_ib/nfs-ip34/home/def-ilafores/analysis/MethodsComparison/Feces_RA/preproc/SRR5091491/SRR5091491_unmatched_2.fastq,SRR5091491,73ba07a58ee5da0cad9c8d73f47c9913,583842000,31,DNA,1000,583842,true,0.764399020538273,0.9028734709304567,0.8336362457343649,0.9028734709304567,179,4067847,5889784
590000,0.0010105473741183401,0.07385759829968119,0.00023807811017364288,0.0000487284423333691,2.064748201438849,2.0,1.2535339001222734,signatures/20c6805c55948bc2e73fd12614f68938.sig.gz,GCF_959028125.1 uncultured Bifidobacterium sp. ERR10149229_bin.50_MetaWRAP_v1.3_MAG,20c6805c55948bc2e73fd12614f68938,0.3134962805526036,139000,340,273762000,/nfs3_ib/nfs-ip34/home/def-ilafores/analysis/MethodsComparison/Feces_RA/preproc/SRR5091491/SRR5091491_unmatched_2.fastq,SRR5091491,73ba07a58ee5da0cad9c8d73f47c9913,583842000,31,DNA,1000,583842,true,0.8005211232153941,0.9632730989033986,0.8818971110593964,0.9632730989033986,287,4068134,5889784
566000,0.0009694403622897976,0.0479145122371596,0.00023807811017364288,0.00006791420534267471,2.8776978417266186,2.0,9.043030968019321,signatures/cabca855298260f1e550abc4310656ee.sig.gz,"GCA_934435195.1 uncultured Schaedlerella sp., ERR7738561_bin.217",cabca855298260f1e550abc4310656ee,0.19510513615994485,139000,341,273623000,/nfs3_ib/nfs-ip34/home/def-ilafores/analysis/MethodsComparison/Feces_RA/preproc/SRR5091491/SRR5091491_unmatched_2.fastq,SRR5091491,73ba07a58ee5da0cad9c8d73f47c9913,583842000,31,DNA,1000,583842,true,0.7994494409322942,0.9486487570218576,0.8740490989770759,0.9486487570218576,400,4068534,5889784
1332000,0.0022814391564841175,0.03480453972257251,0.00023636531801412026,0.00045994895568326447,19.630434782608695,18.5,14.75749678655452,signatures/e9ec7274e8258dd4be5e60bc6fb66cda.sig.gz,GCA_948847595.1 uncultured Bacteroides sp. MGBC156522,e9ec7274e8258dd4be5e60bc6fb66cda,0.3359394703656999,138000,342,273485000,/nfs3_ib/nfs-ip34/home/def-ilafores/analysis/MethodsComparison/Feces_RA/preproc/SRR5091491/SRR5091491_unmatched_2.fastq,SRR5091491,73ba07a58ee5da0cad9c8d73f47c9913,583842000,31,DNA,1000,583842,true,0.8218279966144052,0.9654240152608439,0.8936260059376245,0.9654240152608439,2709,4071243,5889784
675000,0.0011561347076777622,0.04804270462633452,0.00023122694153555242,0.0024610410161051747,107.37037037037037,112.0,35.40825196575275,signatures/409494dbcb6adeb2e2fab2386f970cd8.sig.gz,"GCA_900315735.1 uncultured Lachnospiraceae bacterium, Rumen uncultured genome RUG115",409494dbcb6adeb2e2fab2386f970cd8,0.2402135231316726,135000,343,273350000,/nfs3_ib/nfs-ip34/home/def-ilafores/analysis/MethodsComparison/Feces_RA/preproc/SRR5091491/SRR5091491_unmatched_2.fastq,SRR5091491,73ba07a58ee5da0cad9c8d73f47c9913,583842000,31,DNA,1000,583842,true,0.8040042357298134,0.955034966643168,0.8795196011864908,0.955034966643168,14495,4085738,5889784
930000,0.0015928967083560278,0.024080882352941178,0.00022437577289746198,0.00036113378690967276,16.236641221374047,4.0,52.393670158599036,signatures/5c4ff261a0e70d62e40310cd5591ac00.sig.gz,"GCF_011927845.1 Butyricimonas paravirosa strain=DSM 105722, ASM1192784v1",5c4ff261a0e70d62e40310cd5591ac00,0.17095588235294118,131000,344,273219000,/nfs3_ib/nfs-ip34/home/def-ilafores/analysis/MethodsComparison/Feces_RA/preproc/SRR5091491/SRR5091491_unmatched_2.fastq,SRR5091491,73ba07a58ee5da0cad9c8d73f47c9913,583842000,31,DNA,1000,583842,true,0.8123589836523467,0.9446138830838764,0.8784864333681115,0.9446138830838764,2127,4087865,5889784
130000,0.00022266298073793936,0.06427503736920777,0.00022095018857841677,0.00002937289381070681,1.3410852713178294,1.0,0.6529138508293199,signatures/cd6fa167b7216e128bee38814d3ce3ac.sig.gz,"GCA_022778585.1 Pygmaiobacter massiliensis, ASM2277858v1",cd6fa167b7216e128bee38814d3ce3ac,0.06477329347284504,129000,345,273090000,/nfs3_ib/nfs-ip34/home/def-ilafores/analysis/MethodsComparison/Feces_RA/preproc/SRR5091491/SRR5091491_unmatched_2.fastq,SRR5091491,73ba07a58ee5da0cad9c8d73f47c9913,583842000,31,DNA,1000,583842,true,0.7623987825982321,0.9154991276929367,0.8389489551455844,0.9154991276929367,173,4088038,5889784
741000,0.0012691789902062544,0.04366960054163846,0.00022095018857841677,0.0006747276300794732,30.8062015503876,30.0,7.886872145435552,signatures/ad7ee567c2f6cc4a2792e6c5d924f9cc.sig.gz,GCA_945923775.1 uncultured Clostridia bacterium SRR11489750_bin.39_metaWRAP_v1.3_MAG,ad7ee567c2f6cc4a2792e6c5d924f9cc,0.2508463100880162,129000,346,272961000,/nfs3_ib/nfs-ip34/home/def-ilafores/analysis/MethodsComparison/Feces_RA/preproc/SRR5091491/SRR5091491_unmatched_2.fastq,SRR5091491,73ba07a58ee5da0cad9c8d73f47c9913,583842000,31,DNA,1000,583842,true,0.8064273603064359,0.9563702443149217,0.8813988023106788,0.9563702443149217,3974,4092012,5889784
432000,0.0007399262129137678,0.045405791919914194,0.00021752460425937154,0.0006473921624290467,30.023622047244096,24.0,32.71024414338946,signatures/b9efc27b039945043d519688f02fc3e8.sig.gz,"GCF_019967995.1 Faecalibacterium prausnitzii strain=Fp77, ASM1996799v1",b9efc27b039945043d519688f02fc3e8,0.1544511977118341,127000,347,272834000,/nfs3_ib/nfs-ip34/home/def-ilafores/analysis/MethodsComparison/Feces_RA/preproc/SRR5091491/SRR5091491_unmatched_2.fastq,SRR5091491,73ba07a58ee5da0cad9c8d73f47c9913,583842000,31,DNA,1000,583842,true,0.7925124214134663,0.9415252614664771,0.8670188414399718,0.9415252614664771,3813,4095825,5889784
168000,0.00028774908279979855,0.05160503860219423,0.00021752460425937154,0.000054840720814209824,2.543307086614173,1.0,8.890192690321856,signatures/8d5a611efd7821acde12dca2982c86cb.sig.gz,"GCF_003438075.1 Eubacterium sp. OM08-24 strain=OM08-24, ASM343807v1",8d5a611efd7821acde12dca2982c86cb,0.0682649329540837,127000,348,272707000,/nfs3_ib/nfs-ip34/home/def-ilafores/analysis/MethodsComparison/Feces_RA/preproc/SRR5091491/SRR5091491_unmatched_2.fastq,SRR5091491,73ba07a58ee5da0cad9c8d73f47c9913,583842000,31,DNA,1000,583842,true,0.7687314400658076,0.9170509670193858,0.8428912035425967,0.9170509670193858,323,4096148,5889784
824000,0.0014113407394466312,0.0556792873051225,0.0002140990199403263,0.00007810133614407592,3.68,3.0,4.875407675261629,signatures/556ac428e9fc7b3a326a509830144ee3.sig.gz,"GCA_905193635.1 Coriobacteriaceae bacterium, ERR1190533-mag-bin.4",556ac428e9fc7b3a326a509830144ee3,0.36703786191536747,125000,349,272582000,/nfs3_ib/nfs-ip34/home/def-ilafores/analysis/MethodsComparison/Feces_RA/preproc/SRR5091491/SRR5091491_unmatched_2.fastq,SRR5091491,73ba07a58ee5da0cad9c8d73f47c9913,583842000,31,DNA,1000,583842,true,0.8091939763635654,0.9681851452870163,0.8886895608252908,0.9681851452870163,460,4096608,5889784
742000,0.001270891782365777,0.029686377783097916,0.00021238622778080372,0.00011154908227534321,5.298387096774194,2.0,15.165208399017796,signatures/10a3119a5699e5fe2f6e2fb304de6b7c.sig.gz,"GCF_020537505.1 Blautia glucerasea strain=MSK.18.94, ASM2053750v1",10a3119a5699e5fe2f6e2fb304de6b7c,0.17763945415369883,124000,350,272458000,/nfs3_ib/nfs-ip34/home/def-ilafores/analysis/MethodsComparison/Feces_RA/preproc/SRR5091491/SRR5091491_unmatched_2.fastq,SRR5091491,73ba07a58ee5da0cad9c8d73f47c9913,583842000,31,DNA,1000,583842,true,0.8064624437260134,0.9457831981835045,0.8761228209547589,0.9457831981835045,657,4097265,5889784
126000,0.00021581181209984893,0.053471323846485556,0.00021238622778080372,0.00002478868495007627,1.1774193548387097,1.0,0.4408274312489175,signatures/4b7a9094f4f555de58bea9e32226c48d.sig.gz,"GCA_019116685.1 Candidatus Prevotella avicola, ASM1911668v1",4b7a9094f4f555de58bea9e32226c48d,0.054333764553686936,124000,351,272334000,/nfs3_ib/nfs-ip34/home/def-ilafores/analysis/MethodsComparison/Feces_RA/preproc/SRR5091491/SRR5091491_unmatched_2.fastq,SRR5091491,73ba07a58ee5da0cad9c8d73f47c9913,583842000,31,DNA,1000,583842,true,0.7616305601901202,0.9103235957896266,0.8359770779898734,0.9103235957896266,146,4097411,5889784
165000,0.00028261070632123076,0.05462555066079295,0.00021238622778080372,0.00003769238396518446,1.7903225806451613,1.0,2.5692794067861273,signatures/92230a5910db0f84215ceca80c26a6fc.sig.gz,"GCA_900553315.1 uncultured Clostridiales bacterium, UMGS1600",92230a5910db0f84215ceca80c26a6fc,0.07268722466960352,124000,352,272210000,/nfs3_ib/nfs-ip34/home/def-ilafores/analysis/MethodsComparison/Feces_RA/preproc/SRR5091491/SRR5091491_unmatched_2.fastq,SRR5091491,73ba07a58ee5da0cad9c8d73f47c9913,583842000,31,DNA,1000,583842,true,0.7682847508091418,0.9189097117619351,0.8435972312855384,0.9189097117619351,222,4097633,5889784
519000,0.0008889391307922348,0.021313463871079536,0.0002106734356212811,0.00024788684950076265,11.869918699186991,4.0,30.85000674641016,signatures/491b4aa96e3418874458ad3fce74fb3b.sig.gz,GCA_030844565.1 Bacteroides ovatus ASM3084456v1,491b4aa96e3418874458ad3fce74fb3b,0.08993242072431121,123000,353,272087000,/nfs3_ib/nfs-ip34/home/def-ilafores/analysis/MethodsComparison/Feces_RA/preproc/SRR5091491/SRR5091491_unmatched_2.fastq,SRR5091491,73ba07a58ee5da0cad9c8d73f47c9913,583842000,31,DNA,1000,583842,true,0.797216937230201,0.9252420538571967,0.8612294955436989,0.9252420538571967,1460,4099093,5889784
426000,0.0007296494599566321,0.06393180607352157,0.00020553505914271326,0.00008709996835198031,4.275,3.5,3.209263934300201,signatures/5ced1ecdce79d2e70d60e340e02841fd.sig.gz,"GCA_900772675.1 Lachnospiraceae bacterium, SRS883021_119",5ced1ecdce79d2e70d60e340e02841fd,0.2269579115610016,120000,354,271967000,/nfs3_ib/nfs-ip34/home/def-ilafores/analysis/MethodsComparison/Feces_RA/preproc/SRR5091491/SRR5091491_unmatched_2.fastq,SRR5091491,73ba07a58ee5da0cad9c8d73f47c9913,583842000,31,DNA,1000,583842,true,0.7921549449479913,0.9532878170158954,0.8727213809819434,0.9532878170158954,513,4099606,5889784
180000,0.0003083025887140699,0.03333333333333333,0.00020553505914271326,0.000025807398030216387,1.2666666666666666,1.0,0.5436502143433366,signatures/d8f4b1972268c610dcfc696b6c303ef4.sig.gz,"GCF_000327285.1 Holdemania massiliensis AP2 strain=AP2, ASM32728v1",d8f4b1972268c610dcfc696b6c303ef4,0.05,120000,355,271847000,/nfs3_ib/nfs-ip34/home/def-ilafores/analysis/MethodsComparison/Feces_RA/preproc/SRR5091491/SRR5091491_unmatched_2.fastq,SRR5091491,73ba07a58ee5da0cad9c8d73f47c9913,583842000,31,DNA,1000,583842,true,0.7704442159432011,0.9078859400526763,0.8391650779979387,0.9078859400526763,152,4099758,5889784
462000,0.0007913099776994461,0.03761755485893417,0.00020553505914271326,0.0019223115822244075,94.35,77.0,206.06607556800796,signatures/dfea2e30294cdabc22b9d0270d9cec7b.sig.gz,"GCF_019052365.1 Prevotella stercorea strain=MSK.21.24, ASM1905236v1",dfea2e30294cdabc22b9d0270d9cec7b,0.14482758620689656,120000,356,271727000,/nfs3_ib/nfs-ip34/home/def-ilafores/analysis/MethodsComparison/Feces_RA/preproc/SRR5091491/SRR5091491_unmatched_2.fastq,SRR5091491,73ba07a58ee5da0cad9c8d73f47c9913,583842000,31,DNA,1000,583842,true,0.7942306921357896,0.9395733432417939,0.8669020176887917,0.9395733432417939,11322,4111080,5889784
132000,0.0002260885650569846,0.060759493670886074,0.00020553505914271326,0.000027675038677139943,1.3583333333333334,1.0,0.7505090864798964,signatures/11fe0cd770fcbad0f0416671fa7f92e7.sig.gz,"GCA_944388395.1 uncultured Ruthenibacterium sp., E01__bin7",11fe0cd770fcbad0f0416671fa7f92e7,0.06683544303797469,120000,357,271607000,/nfs3_ib/nfs-ip34/home/def-ilafores/analysis/MethodsComparison/Feces_RA/preproc/SRR5091491/SRR5091491_unmatched_2.fastq,SRR5091491,73ba07a58ee5da0cad9c8d73f47c9913,583842000,31,DNA,1000,583842,true,0.7627743557903984,0.9164251400269668,0.8395997479086826,0.9164251400269668,163,4111243,5889784
271000,0.00046416667523062745,0.02274030193005924,0.00020382226698319067,0.00011477500702912026,5.680672268907563,3.0,10.237460272224038,signatures/b2cbac57be5c0c916d2cfb33f36e2122.sig.gz,GCA_902463835.1 uncultured Lachnospiraceae bacterium UHGG-TPA_MGYG-HGUT-00574,b2cbac57be5c0c916d2cfb33f36e2122,0.05178673800879037,119000,358,271488000,/nfs3_ib/nfs-ip34/home/def-ilafores/analysis/MethodsComparison/Feces_RA/preproc/SRR5091491/SRR5091491_unmatched_2.fastq,SRR5091491,73ba07a58ee5da0cad9c8d73f47c9913,583842000,31,DNA,1000,583842,true,0.7806805392841706,0.9089148085083806,0.8447976738962756,0.9089148085083806,676,4111919,5889784
505000,0.0008649600405589183,0.03398058252427184,0.00020382226698319067,0.00006332999648204417,3.134453781512605,1.0,10.301280306939981,signatures/2c4be6d3f461c9f71df87a5d7ae22e2f.sig.gz,"GCF_000225345.1 Roseburia hominis A2-183 strain=A2-183, ASM22534v1",2c4be6d3f461c9f71df87a5d7ae22e2f,0.14420331239291834,119000,359,271369000,/nfs3_ib/nfs-ip34/home/def-ilafores/analysis/MethodsComparison/Feces_RA/preproc/SRR5091491/SRR5091491_unmatched_2.fastq,SRR5091491,73ba07a58ee5da0cad9c8d73f47c9913,583842000,31,DNA,1000,583842,true,0.7965140131432431,0.9394424249739717,0.8679782190586074,0.9394424249739717,373,4112292,5889784
573000,0.0009814299074064558,0.06666666666666667,0.00020382226698319067,0.00005993428621491043,2.966386554621849,3.0,1.9743428780623078,signatures/3568d364a891b5d1099b096a54daa3be.sig.gz,"GCA_905215475.1 uncultured bacterium, ERR1600716-mag-bin.16",3568d364a891b5d1099b096a54daa3be,0.32100840336134456,119000,360,271250000,/nfs3_ib/nfs-ip34/home/def-ilafores/analysis/MethodsComparison/Feces_RA/preproc/SRR5091491/SRR5091491_unmatched_2.fastq,SRR5091491,73ba07a58ee5da0cad9c8d73f47c9913,583842000,31,DNA,1000,583842,true,0.7997664890590014,0.9640091903228918,0.8818878396909466,0.9640091903228918,353,4112645,5889784
191000,0.0003271433024688186,0.05789990186457311,0.00020210947482366805,0.000041088094232318194,2.0508474576271185,1.0,2.4211198474494973,signatures/b8139f3d42bd931463e5a96e3d0a9c62.sig.gz,"GCA_003539495.1 Oscillibacter sp., ASM353949v1",b8139f3d42bd931463e5a96e3d0a9c62,0.09371933267909716,118000,361,271132000,/nfs3_ib/nfs-ip34/home/def-ilafores/analysis/MethodsComparison/Feces_RA/preproc/SRR5091491/SRR5091491_unmatched_2.fastq,SRR5091491,73ba07a58ee5da0cad9c8d73f47c9913,583842000,31,DNA,1000,583842,true,0.771919824454367,0.926473922237926,0.8491968733461466,0.926473922237926,242,4112887,5889784
456000,0.0007810332247423105,0.04045251971203291,0.00020210947482366805,0.0000526335091405729,2.6271186440677967,2.0,2.9852649718283426,signatures/5d30c90b7faa3341861943c4903c2456.sig.gz,GCA_937915075.1 uncultured Oscillospiraceae bacterium SRR1747033_bin.25_CONCOCT_v1.1_MAG,5d30c90b7faa3341861943c4903c2456,0.15632499142955092,118000,362,271014000,/nfs3_ib/nfs-ip34/home/def-ilafores/analysis/MethodsComparison/Feces_RA/preproc/SRR5091491/SRR5091491_unmatched_2.fastq,SRR5091491,73ba07a58ee5da0cad9c8d73f47c9913,583842000,31,DNA,1000,583842,true,0.7938958515001433,0.9418915843555832,0.8678937179278632,0.9418915843555832,310,4113197,5889784
661000,0.0011321556174444455,0.06805074971164937,0.00020210947482366805,0.00004804930027994236,2.3983050847457625,2.0,1.6628535332448837,signatures/faa2c75426bc7b210d92bf1175af8829.sig.gz,"GCA_934569215.1 uncultured Oscillospiraceae bacterium, ERR7738659_bin.180",faa2c75426bc7b210d92bf1175af8829,0.381199538638985,118000,363,270896000,/nfs3_ib/nfs-ip34/home/def-ilafores/analysis/MethodsComparison/Feces_RA/preproc/SRR5091491/SRR5091491_unmatched_2.fastq,SRR5091491,73ba07a58ee5da0cad9c8d73f47c9913,583842000,31,DNA,1000,583842,true,0.8034608386373692,0.9693682387612417,0.8864145386993054,0.9693682387612417,283,4113480,5889784
483000,0.0008272786130494209,0.032302217355598135,0.00020210947482366805,0.00013039527425793543,6.508474576271187,2.0,12.843745271077932,signatures/00191848f4049b7a1cb875559983f7c7.sig.gz,GCF_025145845.1 Alistipes shahii WAL 8301 strain=WAL 8301 ASM2514584v1,00191848f4049b7a1cb875559983f7c7,0.1322200930741856,118000,364,270778000,/nfs3_ib/nfs-ip34/home/def-ilafores/analysis/MethodsComparison/Feces_RA/preproc/SRR5091491/SRR5091491_unmatched_2.fastq,SRR5091491,73ba07a58ee5da0cad9c8d73f47c9913,583842000,31,DNA,1000,583842,true,0.7953703785433506,0.9368169862875937,0.8660936824154721,0.9368169862875937,768,4114248,5889784
354000,0.0006063284244710042,0.04096638655462185,0.00020039668266414544,0.0014003909141659524,70.4957264957265,76.0,43.27128179163413,signatures/34c015d1498c124b3727c1f149c1b735.sig.gz,"GCA_934394665.1 uncultured Acetatifactor sp., ERR7738167_bin.91",34c015d1498c124b3727c1f149c1b735,0.12394957983193278,117000,365,270661000,/nfs3_ib/nfs-ip34/home/def-ilafores/analysis/MethodsComparison/Feces_RA/preproc/SRR5091491/SRR5091491_unmatched_2.fastq,SRR5091491,73ba07a58ee5da0cad9c8d73f47c9913,583842000,31,DNA,1000,583842,true,0.7874380285415188,0.9348670232056678,0.8611525258735933,0.9348670232056678,8248,4122496,5889784
924000,0.0015826199553988921,0.05299223389675651,0.00019868389050462282,0.000041597450772388256,2.1120689655172415,2.0,1.4249715769950493,signatures/c0340cc532c0a9a2b4e1c7e77225d4c1.sig.gz,"GCA_934835795.1 Oscillibacter sp. ER4, MTG222_bin.50.fa",c0340cc532c0a9a2b4e1c7e77225d4c1,0.4221105527638191,116000,366,270545000,/nfs3_ib/nfs-ip34/home/def-ilafores/analysis/MethodsComparison/Feces_RA/preproc/SRR5091491/SRR5091491_unmatched_2.fastq,SRR5091491,73ba07a58ee5da0cad9c8d73f47c9913,583842000,31,DNA,1000,583842,true,0.8121893882835688,0.9725612782863742,0.8923753332849715,0.9725612782863742,245,4122741,5889784
691000,0.0011835393822301238,0.04379010947527369,0.00019868389050462282,0.00011426565048905019,5.801724137931035,5.0,3.3067846336819837,signatures/4206530bbf8074032f3af8fe80223d64.sig.gz,GCA_949287305.1 uncultured Sutterella sp. SI.A11.metabat-bins.53,4206530bbf8074032f3af8fe80223d64,0.26085315213288035,116000,367,270429000,/nfs3_ib/nfs-ip34/home/def-ilafores/analysis/MethodsComparison/Feces_RA/preproc/SRR5091491/SRR5091491_unmatched_2.fastq,SRR5091491,73ba07a58ee5da0cad9c8d73f47c9913,583842000,31,DNA,1000,583842,true,0.8046120626008579,0.9575777963363376,0.8810949294685977,0.9575777963363376,673,4123414,5889784
707000,0.0012109440567824857,0.03319027181688126,0.00019868389050462282,0.00007232862868994856,3.6724137931034484,3.0,2.7379071483366997,signatures/f299b236b2c90ca07a476b089611b3c0.sig.gz,"GCF_013304825.1 Blautia schinkii strain=MSK.6.26, ASM1330482v1",f299b236b2c90ca07a476b089611b3c0,0.2022889842632332,116000,368,270313000,/nfs3_ib/nfs-ip34/home/def-ilafores/analysis/MethodsComparison/Feces_RA/preproc/SRR5091491/SRR5091491_unmatched_2.fastq,SRR5091491,73ba07a58ee5da0cad9c8d73f47c9913,583842000,31,DNA,1000,583842,true,0.8052064190370671,0.9497559162126195,0.8774811676248433,0.9497559162126195,426,4123840,5889784
888000,0.0015209594376560782,0.04041811846689895,0.00019868389050462282,0.00009932452531366175,5.043103448275862,5.0,3.2652618878422306,signatures/112f1147a84d405033898f45cd1ef747.sig.gz,"GCF_000156375.1 Desulfovibrio piger ATCC 29098 strain=ATCC 29098, ASM15637v1",112f1147a84d405033898f45cd1ef747,0.30940766550522647,116000,369,270197000,/nfs3_ib/nfs-ip34/home/def-ilafores/analysis/MethodsComparison/Feces_RA/preproc/SRR5091491/SRR5091491_unmatched_2.fastq,SRR5091491,73ba07a58ee5da0cad9c8d73f47c9913,583842000,31,DNA,1000,583842,true,0.8111488723617537,0.9628652614015953,0.8870070668816745,0.9628652614015953,585,4124425,5889784
926000,0.0015860455397179373,0.022664564446196293,0.0001969710983451002,0.0008061416174175487,41.28695652173913,9.0,48.56099082460813,signatures/50fa5e3a2a6551604f70fcf8a3712902.sig.gz,"GCF_900155865.1 Bacteroides bouchesdurhonensis strain=Marseille-P2653, PRJEB18812",50fa5e3a2a6551604f70fcf8a3712902,0.18249901458415452,115000,370,270082000,/nfs3_ib/nfs-ip34/home/def-ilafores/analysis/MethodsComparison/Feces_RA/preproc/SRR5091491/SRR5091491_unmatched_2.fastq,SRR5091491,73ba07a58ee5da0cad9c8d73f47c9913,583842000,31,DNA,1000,583842,true,0.8122460381897121,0.9466069621555185,0.8794265001726154,0.9466069621555185,4748,4129173,5889784
336000,0.0005754981655995971,0.06322155030236394,0.0001969710983451002,0.000050765868493649345,2.6,2.0,1.597824608103427,signatures/522ca7c95e8927c9521681814f8f2bed.sig.gz,"GCA_905214155.1 uncultured bacterium, ERR1430500-mag-bin.65",522ca7c95e8927c9521681814f8f2bed,0.18471687740516768,115000,371,269967000,/nfs3_ib/nfs-ip34/home/def-ilafores/analysis/MethodsComparison/Feces_RA/preproc/SRR5091491/SRR5091491_unmatched_2.fastq,SRR5091491,73ba07a58ee5da0cad9c8d73f47c9913,583842000,31,DNA,1000,583842,true,0.786113561517526,0.9469758897212277,0.8665447256193768,0.9469758897212277,299,4129472,5889784
564000,0.0009660147779707523,0.03581438804110869,0.0001969710983451002,0.00037896126581212484,19.408695652173915,21.0,10.434804347803443,signatures/1f146f3e047f346a8f9e4d0d9b67cfdb.sig.gz,GCA_958446835.1 uncultured Eubacterium sp. ERR9609750_bin.3_MetaWRAP_v1.3_MAG,1f146f3e047f346a8f9e4d0d9b67cfdb,0.1756462161320461,115000,372,269852000,/nfs3_ib/nfs-ip34/home/def-ilafores/analysis/MethodsComparison/Feces_RA/preproc/SRR5091491/SRR5091491_unmatched_2.fastq,SRR5091491,73ba07a58ee5da0cad9c8d73f47c9913,583842000,31,DNA,1000,583842,true,0.7993581586446944,0.9454389920497674,0.872398575347231,0.9454389920497674,2232,4131704,5889784
163000,0.0002791851220021855,0.03912148249828414,0.00019525830618557762,0.000026146969056929763,1.3508771929824561,1.0,0.6349810902053986,signatures/3061e2fdff65d603adebbd524926eebe.sig.gz,"GCF_014982715.1 Gallalistipes aquisgranensis strain=DSM 108975, ASM1498271v1",3061e2fdff65d603adebbd524926eebe,0.05593685655456417,114000,373,269738000,/nfs3_ib/nfs-ip34/home/def-ilafores/analysis/MethodsComparison/Feces_RA/preproc/SRR5091491/SRR5091491_unmatched_2.fastq,SRR5091491,73ba07a58ee5da0cad9c8d73f47c9913,583842000,31,DNA,1000,583842,true,0.7679825701755467,0.9111778694657025,0.8395802198206246,0.9111778694657025,154,4131858,5889784
146000,0.00025006765529030116,0.055259331071255455,0.00019525830618557762,0.00002512825597678964,1.2982456140350878,1.0,0.5762830773914682,signatures/4391435547714b6040a6f386d6877f91.sig.gz,"GCF_021109255.1 Phocea massiliensis strain=NSJ-153, ASM2110925v1",4391435547714b6040a6f386d6877f91,0.07077072224915172,114000,374,269624000,/nfs3_ib/nfs-ip34/home/def-ilafores/analysis/MethodsComparison/Feces_RA/preproc/SRR5091491/SRR5091491_unmatched_2.fastq,SRR5091491,73ba07a58ee5da0cad9c8d73f47c9913,583842000,31,DNA,1000,583842,true,0.7652587555049848,0.9181180045749318,0.8416883800399583,0.9181180045749318,148,4132006,5889784
122000,0.0002089606434617585,0.047838858581619806,0.00019525830618557762,0.000025298041490146328,1.3070175438596492,1.0,0.6369774154256872,signatures/43f2c80f394dd24504ad4c7ca762f24c.sig.gz,"GCA_019118845.1 Candidatus Anaeromassilibacillus stercoravium, ASM1911884v1",43f2c80f394dd24504ad4c7ca762f24c,0.051195971464540496,114000,375,269510000,/nfs3_ib/nfs-ip34/home/def-ilafores/analysis/MethodsComparison/Feces_RA/preproc/SRR5091491/SRR5091491_unmatched_2.fastq,SRR5091491,73ba07a58ee5da0cad9c8d73f47c9913,583842000,31,DNA,1000,583842,true,0.760838364129374,0.9085784770742282,0.8347084206018012,0.9085784770742282,149,4132155,5889784
1010000,0.0017299200811178366,0.026121128062875636,0.000193545514026055,0.0000937216033728911,4.884955752212389,3.0,6.7780909578907504,signatures/9f8ee440e15d203543396b77b2bae2e7.sig.gz,GCA_003477525.1 Ruminococcus sp. AF41-9 strain=AF41-9 ASM347752v1,9f8ee440e15d203543396b77b2bae2e7,0.23347202958853444,113000,376,269397000,/nfs3_ib/nfs-ip34/home/def-ilafores/analysis/MethodsComparison/Feces_RA/preproc/SRR5091491/SRR5091491_unmatched_2.fastq,SRR5091491,73ba07a58ee5da0cad9c8d73f47c9913,583842000,31,DNA,1000,583842,true,0.8145243384569395,0.9541584029032659,0.8843413706801027,0.9541584029032659,552,4132707,5889784
501000,0.0008581088719208279,0.0249944702499447,0.000193545514026055,0.0004215774296646532,21.97345132743363,6.0,34.76939458191305,signatures/9a96d8e0de2f121979afa404181989bc.sig.gz,"GCF_013618865.1 Bacteroides sp. AGMB03916 strain=AGMB03916, ASM1361886v1",9a96d8e0de2f121979afa404181989bc,0.1108161911081619,113000,377,269284000,/nfs3_ib/nfs-ip34/home/def-ilafores/analysis/MethodsComparison/Feces_RA/preproc/SRR5091491/SRR5091491_unmatched_2.fastq,SRR5091491,73ba07a58ee5da0cad9c8d73f47c9913,583842000,31,DNA,1000,583842,true,0.7963097122247872,0.9314954738508607,0.8639025930378239,0.9314954738508607,2483,4135190,5889784
119000,0.00020382226698319067,0.07174603174603175,0.000193545514026055,0.00002716568213706988,1.415929203539823,1.0,1.1267123740107423,signatures/1abc2db3e10589d48ef4a4489845b3f5.sig.gz,"GCA_934476545.1 uncultured Eubacteriales bacterium, ERR7738605_bin.106",1abc2db3e10589d48ef4a4489845b3f5,0.07555555555555556,113000,378,269171000,/nfs3_ib/nfs-ip34/home/def-ilafores/analysis/MethodsComparison/Feces_RA/preproc/SRR5091491/SRR5091491_unmatched_2.fastq,SRR5091491,73ba07a58ee5da0cad9c8d73f47c9913,583842000,31,DNA,1000,583842,true,0.7602275445334823,0.9200576596598692,0.8401426020966758,0.9200576596598692,160,4135350,5889784
305000,0.0005224016086543962,0.05685279187817259,0.00019183272186653239,0.00003616431434497428,1.9017857142857142,1.0,1.540870703696519,signatures/82f68d59c6124a58729c4b4caadc03f0.sig.gz,"GCA_002451755.1 Ruminococcaceae bacterium UBA6855, ASM245175v1",82f68d59c6124a58729c4b4caadc03f0,0.1548223350253807,112000,379,269059000,/nfs3_ib/nfs-ip34/home/def-ilafores/analysis/MethodsComparison/Feces_RA/preproc/SRR5091491/SRR5091491_unmatched_2.fastq,SRR5091491,73ba07a58ee5da0cad9c8d73f47c9913,583842000,31,DNA,1000,583842,true,0.7836627026318914,0.9415981583838761,0.8626304305078838,0.9415981583838761,213,4135563,5889784
448000,0.0007673308874661295,0.06073752711496746,0.00019183272186653239,0.00008523232770505676,4.482142857142857,3.0,3.2595522886508466,signatures/a2529243a6fbf5d414c6a4341984a615.sig.gz,"GCA_019421285.1 Clostridiales bacterium, ASM1942128v1",a2529243a6fbf5d414c6a4341984a615,0.24295010845986983,112000,380,268947000,/nfs3_ib/nfs-ip34/home/def-ilafores/analysis/MethodsComparison/Feces_RA/preproc/SRR5091491/SRR5091491_unmatched_2.fastq,SRR5091491,73ba07a58ee5da0cad9c8d73f47c9913,583842000,31,DNA,1000,583842,true,0.7934427027846402,0.955384015586353,0.8744133591854966,0.955384015586353,502,4136065,5889784
437000,0.0007484901737113808,0.05536332179930796,0.00019183272186653239,0.000042785949365885064,2.25,2.0,1.3127125678206504,signatures/67ff6aa4aefa5332d75476550be7a291.sig.gz,"GCA_905215855.1 uncultured bacterium, SRR413702-mag-bin.4",67ff6aa4aefa5332d75476550be7a291,0.21601581809194265,112000,381,268835000,/nfs3_ib/nfs-ip34/home/def-ilafores/analysis/MethodsComparison/Feces_RA/preproc/SRR5091491/SRR5091491_unmatched_2.fastq,SRR5091491,73ba07a58ee5da0cad9c8d73f47c9913,583842000,31,DNA,1000,583842,true,0.7928066670359587,0.9517695188498175,0.8722880929428881,0.9517695188498175,252,4136317,5889784
354000,0.0006063284244710042,0.026019690576652602,0.00019011992970700977,0.0000397298101254647,2.108108108108108,2.0,1.502858245887334,signatures/42376fc7bac6559b7e2e6533917b614b.sig.gz,"GCF_000169255.2 Pseudoflavonifractor capillosus ATCC 29799 strain=ATCC 29799, ASM16925v2",42376fc7bac6559b7e2e6533917b614b,0.0829817158931083,111000,382,268724000,/nfs3_ib/nfs-ip34/home/def-ilafores/analysis/MethodsComparison/Feces_RA/preproc/SRR5091491/SRR5091491_unmatched_2.fastq,SRR5091491,73ba07a58ee5da0cad9c8d73f47c9913,583842000,31,DNA,1000,583842,true,0.7874380285415188,0.922844365339104,0.8551411969403113,0.922844365339104,234,4136551,5889784
720000,0.0012332103548562796,0.017769807629605477,0.00018669434538796457,0.00014160111813947676,7.651376146788991,3.0,11.973499903582175,signatures/628d71c42bc2c051f5eac1d458052019.sig.gz,"GCF_900142015.1 Bacteroides stercorirosoris strain=DSM 26884, IMG-taxon 2700988705 annotated assembly",628d71c42bc2c051f5eac1d458052019,0.11737854581023802,109000,383,268615000,/nfs3_ib/nfs-ip34/home/def-ilafores/analysis/MethodsComparison/Feces_RA/preproc/SRR5091491/SRR5091491_unmatched_2.fastq,SRR5091491,73ba07a58ee5da0cad9c8d73f47c9913,583842000,31,DNA,1000,583842,true,0.8056798259123054,0.9332257919338129,0.8694528089230591,0.9332257919338129,834,4137385,5889784
1215000,0.002081042473819972,0.04040029651593773,0.00018669434538796457,0.0009039380731110003,48.84403669724771,12.0,55.804569592236795,signatures/eeb695a1e6e0e337d3fe9bb8e8223271.sig.gz,GCA_948956705.1 uncultured Phocaeicola sp. MGBC101826,eeb695a1e6e0e337d3fe9bb8e8223271,0.4503335804299481,109000,384,268506000,/nfs3_ib/nfs-ip34/home/def-ilafores/analysis/MethodsComparison/Feces_RA/preproc/SRR5091491/SRR5091491_unmatched_2.fastq,SRR5091491,73ba07a58ee5da0cad9c8d73f47c9913,583842000,31,DNA,1000,583842,true,0.8193942908758842,0.974593898544024,0.8969940947099542,0.974593898544024,5324,4142709,5889784
156000,0.00026719557688552727,0.038407329105003524,0.00018669434538796457,0.00003310817510455392,1.7889908256880733,1.0,4.41031608531553,signatures/61c3b4cf5a7abcf514464b61083d9c53.sig.gz,"GCA_905212515.1 uncultured Ruminococcaceae bacterium, SRR5558303-mag-bin.50",61c3b4cf5a7abcf514464b61083d9c53,0.05496828752642706,109000,385,268397000,/nfs3_ib/nfs-ip34/home/def-ilafores/analysis/MethodsComparison/Feces_RA/preproc/SRR5091491/SRR5091491_unmatched_2.fastq,SRR5091491,73ba07a58ee5da0cad9c8d73f47c9913,583842000,31,DNA,1000,583842,true,0.7668959211057571,0.9106646075422666,0.8387802643240119,0.9106646075422666,195,4142904,5889784
407000,0.0006971064089257025,0.031007751937984496,0.00018498155322844195,0.00006265085442861742,3.4166666666666665,3.0,2.297845206403728,signatures/346ae1049608afba46021f24f81a6cae.sig.gz,"GCF_900107675.1 Alistipes timonensis JC136 strain=DSM 25383, IMG-taxon 2693429854 annotated assembly",346ae1049608afba46021f24f81a6cae,0.11685328739592306,108000,386,268289000,/nfs3_ib/nfs-ip34/home/def-ilafores/analysis/MethodsComparison/Feces_RA/preproc/SRR5091491/SRR5091491_unmatched_2.fastq,SRR5091491,73ba07a58ee5da0cad9c8d73f47c9913,583842000,31,DNA,1000,583842,true,0.7909898996535967,0.933090786438004,0.8620403430458004,0.933090786438004,369,4143273,5889784
368000,0.0006303075147043207,0.09457092819614711,0.00018498155322844195,0.000040069381152178076,2.185185185185185,2.0,1.7113355632811733,signatures/5e5814fd5b09ba5ed795152c5e20c561.sig.gz,"GCA_934162325.1 uncultured Bacilli bacterium, ERR7747522_bin.14",5e5814fd5b09ba5ed795152c5e20c561,0.3222416812609457,108000,387,268181000,/nfs3_ib/nfs-ip34/home/def-ilafores/analysis/MethodsComparison/Feces_RA/preproc/SRR5091491/SRR5091491_unmatched_2.fastq,SRR5091491,73ba07a58ee5da0cad9c8d73f47c9913,583842000,31,DNA,1000,583842,true,0.7884238577447467,0.96412844020692,0.8762761489758333,0.96412844020692,236,4143509,5889784
284000,0.0004864329733044214,0.021251475796930343,0.00018498155322844195,0.00015348610407444482,8.37037037037037,1.0,18.343225913122883,signatures/dec6823a28f0aea55b13c3be158528c4.sig.gz,"GCF_000025985.1 Bacteroides fragilis NCTC 9343, ASM2598v1",dec6823a28f0aea55b13c3be158528c4,0.05588351042896497,108000,388,268073000,/nfs3_ib/nfs-ip34/home/def-ilafores/analysis/MethodsComparison/Feces_RA/preproc/SRR5091491/SRR5091491_unmatched_2.fastq,SRR5091491,73ba07a58ee5da0cad9c8d73f47c9913,583842000,31,DNA,1000,583842,true,0.7818614028451405,0.9111498250249269,0.8465056139350338,0.9111498250249269,904,4144413,5889784
189000,0.0003237177181497734,0.03941068139963168,0.00018326876106891933,0.0000230908298165094,1.2710280373831775,1.0,0.677682878141432,signatures/bd6accd6aaadbc0086fc1d47f0901e78.sig.gz,GCA_959605275.1 uncultured Eubacteriales bacterium SRR16279963_bin.38_MetaWRAP_v1.3_MAG,bd6accd6aaadbc0086fc1d47f0901e78,0.06961325966850829,107000,389,267966000,/nfs3_ib/nfs-ip34/home/def-ilafores/analysis/MethodsComparison/Feces_RA/preproc/SRR5091491/SRR5091491_unmatched_2.fastq,SRR5091491,73ba07a58ee5da0cad9c8d73f47c9913,583842000,31,DNA,1000,583842,true,0.7716577545363381,0.9176297452517949,0.8446437498940664,0.9176297452517949,136,4144549,5889784
689000,0.0011801137979110788,0.03751753155680224,0.00018326876106891933,0.00016248473628234923,8.94392523364486,9.0,4.130650818130949,signatures/b32fe46db86798c6510d932157985a75.sig.gz,GCA_937902905.1 uncultured Clostridium sp. SRR1747018_bin.152_CONCOCT_v1.1_MAG,b32fe46db86798c6510d932157985a75,0.24158485273492286,107000,390,267859000,/nfs3_ib/nfs-ip34/home/def-ilafores/analysis/MethodsComparison/Feces_RA/preproc/SRR5091491/SRR5091491_unmatched_2.fastq,SRR5091491,73ba07a58ee5da0cad9c8d73f47c9913,583842000,31,DNA,1000,583842,true,0.8045368335208407,0.9552103567701562,0.8798735951454985,0.9552103567701562,957,4145506,5889784
671000,0.0011492835390396717,0.03102836879432624,0.0001798431767498741,0.0001539954606145149,8.638095238095238,8.0,6.785311600415947,signatures/0991ea88eaf24582598690c862633345.sig.gz,"GCA_900545915.1 uncultured Porphyromonadaceae bacterium, UMGS835",0991ea88eaf24582598690c862633345,0.19828605200945626,105000,391,267754000,/nfs3_ib/nfs-ip34/home/def-ilafores/analysis/MethodsComparison/Feces_RA/preproc/SRR5091491/SRR5091491_unmatched_2.fastq,SRR5091491,73ba07a58ee5da0cad9c8d73f47c9913,583842000,31,DNA,1000,583842,true,0.8038501007478086,0.9491437785062129,0.8764969396270108,0.9491437785062129,907,4146413,5889784
1090000,0.0018669434538796455,0.01757616337462337,0.0001798431767498741,0.00035553086496890207,19.942857142857143,10.0,27.066348310851872,signatures/723b884481420dddcbc68522388758ed.sig.gz,"GCF_900106755.1 Bacteroides faecis MAJ27 strain=MAJ27, IMG-taxon 2693429916 annotated assembly",723b884481420dddcbc68522388758ed,0.18245731503180448,105000,392,267649000,/nfs3_ib/nfs-ip34/home/def-ilafores/analysis/MethodsComparison/Feces_RA/preproc/SRR5091491/SRR5091491_unmatched_2.fastq,SRR5091491,73ba07a58ee5da0cad9c8d73f47c9913,583842000,31,DNA,1000,583842,true,0.8165296753542258,0.9465999842209967,0.8815648297876113,0.9465999842209967,2094,4148507,5889784
482000,0.0008255658208898983,0.06921555702043507,0.0001798431767498741,0.00009541945850645796,5.352380952380952,5.0,3.3351831601904784,signatures/3fda8f84e76a691e9eb1642a4a2ee4ee.sig.gz,"GCA_900551745.1 uncultured Phascolarctobacterium sp., UMGS1431",3fda8f84e76a691e9eb1642a4a2ee4ee,0.3177323665128543,105000,393,267544000,/nfs3_ib/nfs-ip34/home/def-ilafores/analysis/MethodsComparison/Feces_RA/preproc/SRR5091491/SRR5091491_unmatched_2.fastq,SRR5091491,73ba07a58ee5da0cad9c8d73f47c9913,583842000,31,DNA,1000,583842,true,0.7953172049464164,0.9636902528322866,0.8795037288893515,0.9636902528322866,562,4149069,5889784
1349000,0.002310556623196002,0.02406850266142097,0.0001781303845903515,0.0011723689697279221,66.39423076923077,84.5,61.85955219273099,signatures/4fede25466357d8494c5b32e1ffd6afe.sig.gz,"GCF_000187895.1 Bacteroides plebeius DSM 17135 strain=DSM 17135, ASM18789v1",4fede25466357d8494c5b32e1ffd6afe,0.3121962508678547,104000,394,267440000,/nfs3_ib/nfs-ip34/home/def-ilafores/analysis/MethodsComparison/Feces_RA/preproc/SRR5091491/SRR5091491_unmatched_2.fastq,SRR5091491,73ba07a58ee5da0cad9c8d73f47c9913,583842000,31,DNA,1000,583842,true,0.822164272712234,0.9631439824616894,0.8926541275869617,0.9631439824616894,6905,4155974,5889784
746000,0.0012777429510038676,0.05439330543933055,0.0001781303845903515,0.00005619900492106332,3.1826923076923075,3.0,2.307031155290125,signatures/92b19d619bec44211e0cd1149887d856.sig.gz,"GCA_905215045.1 uncultured bacterium, ERR1600571-mag-bin.33",92b19d619bec44211e0cd1149887d856,0.3901673640167364,104000,395,267336000,/nfs3_ib/nfs-ip34/home/def-ilafores/analysis/MethodsComparison/Feces_RA/preproc/SRR5091491/SRR5091491_unmatched_2.fastq,SRR5091491,73ba07a58ee5da0cad9c8d73f47c9913,583842000,31,DNA,1000,583842,true,0.8066023213401756,0.9700956260184209,0.8883489736792982,0.9700956260184209,331,4156305,5889784
712000,0.0012195080175800986,0.030792227204783258,0.0001764175924308289,0.00003616431434497428,2.0679611650485437,1.0,2.3862963785453886,signatures/58c1aa2ce53e4bd227085676f11d8646.sig.gz,"GCF_003481825.1 Clostridium sp. OM02-18AC strain=OM02-18AC, ASM348182v1",58c1aa2ce53e4bd227085676f11d8646,0.21285500747384156,103000,396,267233000,/nfs3_ib/nfs-ip34/home/def-ilafores/analysis/MethodsComparison/Feces_RA/preproc/SRR5091491/SRR5091491_unmatched_2.fastq,SRR5091491,73ba07a58ee5da0cad9c8d73f47c9913,583842000,31,DNA,1000,583842,true,0.8053894878230811,0.951317062507515,0.878353275165298,0.951317062507515,213,4156518,5889784
300000,0.0005138376478567831,0.04790697674418604,0.0001764175924308289,0.00006774441982931802,3.8737864077669903,3.0,6.848824733209563,signatures/d0815745ffe021a1fc84e0109d9a56a5.sig.gz,"GCA_900544615.1 uncultured Oscillibacter sp., UMGS683",d0815745ffe021a1fc84e0109d9a56a5,0.13953488372093023,103000,397,267130000,/nfs3_ib/nfs-ip34/home/def-ilafores/analysis/MethodsComparison/Feces_RA/preproc/SRR5091491/SRR5091491_unmatched_2.fastq,SRR5091491,73ba07a58ee5da0cad9c8d73f47c9913,583842000,31,DNA,1000,583842,true,0.7832449624816865,0.9384456432048494,0.8608453028432679,0.9384456432048494,399,4156917,5889784
169000,0.00028946187495932117,0.051836940110719675,0.0001764175924308289,0.000025807398030216387,1.4757281553398058,1.0,1.4736827930881764,signatures/124f41e56668a576a5f50c2e1eae86f8.sig.gz,"GCA_900754805.1 Clostridia bacterium, ERS396508_5",124f41e56668a576a5f50c2e1eae86f8,0.08505284348263714,103000,398,267027000,/nfs3_ib/nfs-ip34/home/def-ilafores/analysis/MethodsComparison/Feces_RA/preproc/SRR5091491/SRR5091491_unmatched_2.fastq,SRR5091491,73ba07a58ee5da0cad9c8d73f47c9913,583842000,31,DNA,1000,583842,true,0.7688786224694508,0.9235785405203031,0.8462285814948769,0.9235785405203031,152,4157069,5889784
106000,0.00018155596890939672,0.019026301063234472,0.00017470480027130628,0.000023769971869936147,1.3725490196078431,1.0,0.6556177842078621,signatures/6b5288178b869b3a2d2920abebf3f4c5.sig.gz,"GCF_000964545.1 Comamonas thiooxydans strain=DSM 17888, ASM96454v1",6b5288178b869b3a2d2920abebf3f4c5,0.019772430516694646,102000,399,266925000,/nfs3_ib/nfs-ip34/home/def-ilafores/analysis/MethodsComparison/Feces_RA/preproc/SRR5091491/SRR5091491_unmatched_2.fastq,SRR5091491,73ba07a58ee5da0cad9c8d73f47c9913,583842000,31,DNA,1000,583842,true,0.7573958486237774,0.8811182476470979,0.8192570481354376,0.8811182476470979,140,4157209,5889784
1424000,0.0024390160351601973,0.02168726957276079,0.00017127921595226105,0.0004112205133498953,24.22,5.0,96.14307879405564,signatures/fce21236a84451ec2097370a1feb8cb5.sig.gz,"GCF_001688725.2 Bacteroides caecimuris strain=I48, ASM168872v2",fce21236a84451ec2097370a1feb8cb5,0.30882671871611367,100000,400,266825000,/nfs3_ib/nfs-ip34/home/def-ilafores/analysis/MethodsComparison/Feces_RA/preproc/SRR5091491/SRR5091491_unmatched_2.fastq,SRR5091491,73ba07a58ee5da0cad9c8d73f47c9913,583842000,31,DNA,1000,583842,true,0.8236005003609312,0.9628068894808989,0.893203694920915,0.9628068894808989,2422,4159631,5889784
680000,0.0011646986684753751,0.027661357921207042,0.00016956642379273843,0.00006383935302211422,3.797979797979798,3.0,2.7486628447183747,signatures/e10a6daf2b20df057b3f9f1ce4135078.sig.gz,"GCF_018919065.1 Blautia sp. MSJ-9 strain=MSJ-9, ASM1891906v1",e10a6daf2b20df057b3f9f1ce4135078,0.1899972059234423,99000,401,266726000,/nfs3_ib/nfs-ip34/home/def-ilafores/analysis/MethodsComparison/Feces_RA/preproc/SRR5091491/SRR5091491_unmatched_2.fastq,SRR5091491,73ba07a58ee5da0cad9c8d73f47c9913,583842000,31,DNA,1000,583842,true,0.8041956661778141,0.9478372688497436,0.8760164675137789,0.9478372688497436,376,4160007,5889784
486000,0.0008324169895279887,0.03187379265936896,0.00016956642379273843,0.00027012875175048864,16.07070707070707,1.0,30.071716476172156,signatures/b7fbb7c245964c8787ceff9b2ee964a0.sig.gz,"GCF_003324185.1 Faecalibacterium prausnitzii strain=ATCC 27768, ASM332418v1",b7fbb7c245964c8787ceff9b2ee964a0,0.15647134578235672,99000,402,266627000,/nfs3_ib/nfs-ip34/home/def-ilafores/analysis/MethodsComparison/Feces_RA/preproc/SRR5091491/SRR5091491_unmatched_2.fastq,SRR5091491,73ba07a58ee5da0cad9c8d73f47c9913,583842000,31,DNA,1000,583842,true,0.7955292624661217,0.9419200171660249,0.8687246398160733,0.9419200171660249,1591,4161598,5889784
1271000,0.002176958834753238,0.02699724517906336,0.00016785363163321584,0.00007402648382351543,4.448979591836735,3.0,8.21164236845094,signatures/33c4338e66995b8c78186e1b7bbc25e7.sig.gz,"GCA_019423345.1 Butyricimonas sp., ASM1942334v1",33c4338e66995b8c78186e1b7bbc25e7,0.35013774104683193,98000,403,266529000,/nfs3_ib/nfs-ip34/home/def-ilafores/analysis/MethodsComparison/Feces_RA/preproc/SRR5091491/SRR5091491_unmatched_2.fastq,SRR5091491,73ba07a58ee5da0cad9c8d73f47c9913,583842000,31,DNA,1000,583842,true,0.8205861839156456,0.9667140483981984,0.893650116156922,0.9667140483981984,436,4162034,5889784
1752000,0.0030008118634836135,0.01529968454258675,0.00016614083947369323,0.00008659061181191025,5.257731958762887,3.0,10.228601853964047,signatures/8182caaf670814ebbeb9046e1a4982b9.sig.gz,"GCA_902362375.1 Bacteroidaceae bacterium, MGYG-HGUT-00013",8182caaf670814ebbeb9046e1a4982b9,0.2763406940063092,97000,404,266432000,/nfs3_ib/nfs-ip34/home/def-ilafores/analysis/MethodsComparison/Feces_RA/preproc/SRR5091491/SRR5091491_unmatched_2.fastq,SRR5091491,73ba07a58ee5da0cad9c8d73f47c9913,583842000,31,DNA,1000,583842,true,0.8291261361551737,0.959361071166634,0.8942436036609038,0.959361071166634,510,4162544,5889784
406000,0.0006953936167661799,0.023839086168363548,0.0001644280473141706,0.00003344774613126729,2.0520833333333335,1.0,2.8772447456531896,signatures/58b90d0235337728c5561352b275e9fd.sig.gz,"GCA_902363665.1 Lachnospiraceae bacterium, MGYG-HGUT-00137",58b90d0235337728c5561352b275e9fd,0.1008194685870375,96000,405,266336000,/nfs3_ib/nfs-ip34/home/def-ilafores/analysis/MethodsComparison/Feces_RA/preproc/SRR5091491/SRR5091491_unmatched_2.fastq,SRR5091491,73ba07a58ee5da0cad9c8d73f47c9913,583842000,31,DNA,1000,583842,true,0.7909271326088317,0.9286589980498621,0.8597930653293469,0.9286589980498621,197,4162741,5889784
1226000,0.0020998831875747204,0.03191132012092711,0.000162715255154648,0.00007504519690365555,4.652631578947369,3.0,7.952183971519867,signatures/78f6a266a0fffd08c8145495b700d709.sig.gz,"GCA_900556625.1 uncultured Bacteroides sp., UMGS1954",78f6a266a0fffd08c8145495b700d709,0.41182398387638564,95000,406,266241000,/nfs3_ib/nfs-ip34/home/def-ilafores/analysis/MethodsComparison/Feces_RA/preproc/SRR5091491/SRR5091491_unmatched_2.fastq,SRR5091491,73ba07a58ee5da0cad9c8d73f47c9913,583842000,31,DNA,1000,583842,true,0.819632551466886,0.9717875774283601,0.895710064447623,0.9717875774283601,442,4163183,5889784
384000,0.0006577121892566824,0.038918476034412126,0.000162715255154648,0.00005042629746693597,3.126315789473684,2.0,3.6483366224628075,signatures/8a2668717f8c720e2f8f33ba42620d2a.sig.gz,GCA_021531315.1 Oscillibacter valericigenes strain=An907 ASM2153131v1,8a2668717f8c720e2f8f33ba42620d2a,0.15731257681278166,95000,407,266146000,/nfs3_ib/nfs-ip34/home/def-ilafores/analysis/MethodsComparison/Feces_RA/preproc/SRR5091491/SRR5091491_unmatched_2.fastq,SRR5091491,73ba07a58ee5da0cad9c8d73f47c9913,583842000,31,DNA,1000,583842,true,0.7895070209581169,0.9420829488416961,0.8657949848999065,0.9420829488416961,297,4163480,5889784
97000,0.00016614083947369323,0.06839452843772498,0.000162715255154648,0.000018506620955878858,1.1473684210526316,1.0,0.3830190610244264,signatures/ba80d6c7ba0e9a6bd20beba4e2be1c85.sig.gz,"GCA_003150225.1 Firmicutes bacterium, ASM315022v1",ba80d6c7ba0e9a6bd20beba4e2be1c85,0.06983441324694024,95000,408,266051000,/nfs3_ib/nfs-ip34/home/def-ilafores/analysis/MethodsComparison/Feces_RA/preproc/SRR5091491/SRR5091491_unmatched_2.fastq,SRR5091491,73ba07a58ee5da0cad9c8d73f47c9913,583842000,31,DNA,1000,583842,true,0.7552311316889756,0.9177236399492342,0.8364773858191049,0.9177236399492342,109,4163589,5889784
345000,0.0005909132950353006,0.04312301407172038,0.000162715255154648,0.000037183027425114405,2.305263157894737,2.0,2.7799041415147894,signatures/19be2bfe34e9fe4b2764721c5cb942a4.sig.gz,"GCA_944387035.1 uncultured Oscillospiraceae bacterium, BRZ_EH__bin138",19be2bfe34e9fe4b2764721c5cb942a4,0.15660463004993191,95000,409,265956000,/nfs3_ib/nfs-ip34/home/def-ilafores/analysis/MethodsComparison/Feces_RA/preproc/SRR5091491/SRR5091491_unmatched_2.fastq,SRR5091491,73ba07a58ee5da0cad9c8d73f47c9913,583842000,31,DNA,1000,583842,true,0.7867841551815309,0.9419458884191734,0.8643650218003521,0.9419458884191734,219,4163808,5889784
95000,0.000162715255154648,0.059375,0.000162715255154648,0.00001952533403601898,1.2105263157894737,1.0,0.4327327324440941,signatures/41ac8a9819c6835d5594814d33128721.sig.gz,"GCA_904397865.1 Candidatus Allochristensenella caecavium, Coassembly_mag_524",41ac8a9819c6835d5594814d33128721,0.059375,95000,410,265861000,/nfs3_ib/nfs-ip34/home/def-ilafores/analysis/MethodsComparison/Feces_RA/preproc/SRR5091491/SRR5091491_unmatched_2.fastq,SRR5091491,73ba07a58ee5da0cad9c8d73f47c9913,583842000,31,DNA,1000,583842,true,0.7547237360478511,0.9129328331601549,0.833828284604003,0.9129328331601549,115,4163923,5889784
700000,0.0011989545116658275,0.020645728091368328,0.00016100246299512538,0.00007725240857729248,4.840425531914893,2.5,6.147656864635952,signatures/a28093f78c2fd0ff04a9ee35f2154d5b.sig.gz,GCA_947071285.1 uncultured Bacteroides sp. SRR13840147_bin.3_metawrap_v1.3_MAG,a28093f78c2fd0ff04a9ee35f2154d5b,0.15374478365912586,94000,411,265767000,/nfs3_ib/nfs-ip34/home/def-ilafores/analysis/MethodsComparison/Feces_RA/preproc/SRR5091491/SRR5091491_unmatched_2.fastq,SRR5091491,73ba07a58ee5da0cad9c8d73f47c9913,583842000,31,DNA,1000,583842,true,0.8049480066318648,0.9413860415762654,0.8731670241040651,0.9413860415762654,455,4164378,5889784
678000,0.00116127308415633,0.04170403587443946,0.0001592896708356028,0.00043380198662633466,27.473118279569892,29.0,11.695593690861054,signatures/93cdc16ca0cdf655b8e92dd131cbe69f.sig.gz,GCA_902463905.1 uncultured Faecalibacterium sp. UHGG-TPA_MGYG-HGUT-00589,93cdc16ca0cdf655b8e92dd131cbe69f,0.3040358744394619,93000,412,265674000,/nfs3_ib/nfs-ip34/home/def-ilafores/analysis/MethodsComparison/Feces_RA/preproc/SRR5091491/SRR5091491_unmatched_2.fastq,SRR5091491,73ba07a58ee5da0cad9c8d73f47c9913,583842000,31,DNA,1000,583842,true,0.8041192579833266,0.9623214268941425,0.8832203424387346,0.9623214268941425,2555,4166933,5889784
911000,0.0015603536573250982,0.017179535586180857,0.00015586408651655756,0.00015076953586073784,9.758241758241759,5.0,14.554437908852814,signatures/e98f7803904fe26755ff11a8c31dc48a.sig.gz,"GCF_003865075.1 Bacteroides sp. KCTC 15687 strain=KCTC 15687, ASM386507v1",e98f7803904fe26755ff11a8c31dc48a,0.17198414196715123,91000,413,265583000,/nfs3_ib/nfs-ip34/home/def-ilafores/analysis/MethodsComparison/Feces_RA/preproc/SRR5091491/SRR5091491_unmatched_2.fastq,SRR5091491,73ba07a58ee5da0cad9c8d73f47c9913,583842000,31,DNA,1000,583842,true,0.8118182455906492,0.9447966302025991,0.8783074378966241,0.9447966302025991,888,4167821,5889784
554000,0.0009488868563755263,0.023483870967741936,0.00015586408651655756,0.0001271693495041584,8.23076923076923,2.0,26.131567757679942,signatures/873a8b7cc5e0a6e07152a8bfd5c774b1.sig.gz,"GCF_003473545.1 Clostridium sp. AM22-11AC strain=AM22-11AC, ASM347354v1",873a8b7cc5e0a6e07152a8bfd5c774b1,0.14296774193548387,91000,414,265492000,/nfs3_ib/nfs-ip34/home/def-ilafores/analysis/MethodsComparison/Feces_RA/preproc/SRR5091491/SRR5091491_unmatched_2.fastq,SRR5091491,73ba07a58ee5da0cad9c8d73f47c9913,583842000,31,DNA,1000,583842,true,0.7988969959304598,0.9391816849338246,0.8690393404321421,0.9391816849338246,749,4168570,5889784
351000,0.0006011900479924363,0.061862678450033994,0.00015586408651655756,0.00009304246131946435,6.021978021978022,5.0,3.1726094988958233,signatures/0233e877449454e94a2a95b2d3acb43f.sig.gz,"GCA_900761475.1 Clostridia bacterium, SRS075773_34",0233e877449454e94a2a95b2d3acb43f,0.23861318830727396,91000,415,265401000,/nfs3_ib/nfs-ip34/home/def-ilafores/analysis/MethodsComparison/Feces_RA/preproc/SRR5091491/SRR5091491_unmatched_2.fastq,SRR5091491,73ba07a58ee5da0cad9c8d73f47c9913,583842000,31,DNA,1000,583842,true,0.7872218762560662,0.9548290578676539,0.87102546706186,0.9548290578676539,548,4169118,5889784
93000,0.0001592896708356028,0.016858095590959615,0.00015586408651655756,0.00001952533403601898,1.2637362637362637,1.0,0.6433969744309648,signatures/61fc5c46911b79964db79f4fbfb03952.sig.gz,"GCF_002980555.1 Phyllobacterium myrsinacearum strain=DSM 5892, ASM298055v1",61fc5c46911b79964db79f4fbfb03952,0.01722860318636532,91000,416,265310000,/nfs3_ib/nfs-ip34/home/def-ilafores/analysis/MethodsComparison/Feces_RA/preproc/SRR5091491/SRR5091491_unmatched_2.fastq,SRR5091491,73ba07a58ee5da0cad9c8d73f47c9913,583842000,31,DNA,1000,583842,true,0.7542058957938966,0.877212559193373,0.8157092274936348,0.877212559193373,115,4169233,5889784
840000,0.0014387454139989928,0.04141739530602853,0.00015415129435703494,0.000052293938113859526,3.422222222222222,3.0,4.65469363540783,signatures/9333e8779f4eda8d045830e11fc68d98.sig.gz,"GCA_905214615.1 uncultured bacterium, ERR2013596-mag-bin.15",9333e8779f4eda8d045830e11fc68d98,0.3865623561895996,90000,417,265220000,/nfs3_ib/nfs-ip34/home/def-ilafores/analysis/MethodsComparison/Feces_RA/preproc/SRR5091491/SRR5091491_unmatched_2.fastq,SRR5091491,73ba07a58ee5da0cad9c8d73f47c9913,583842000,31,DNA,1000,583842,true,0.8096961289528932,0.969805185478727,0.88975065721581,0.969805185478727,308,4169541,5889784
102000,0.00017470480027130628,0.04003598740440846,0.00015243850219751233,0.00002105340365622916,1.3932584269662922,1.0,0.7587390119610846,signatures/9c014c37b29f5564fc6d5137d5732c7f.sig.gz,"GCA_900543295.1 uncultured Ruminococcaceae bacterium, UMGS551",9c014c37b29f5564fc6d5137d5732c7f,0.04588394062078273,89000,418,265131000,/nfs3_ib/nfs-ip34/home/def-ilafores/analysis/MethodsComparison/Feces_RA/preproc/SRR5091491/SRR5091491_unmatched_2.fastq,SRR5091491,73ba07a58ee5da0cad9c8d73f47c9913,583842000,31,DNA,1000,583842,true,0.7564566185163393,0.9053734710795205,0.8309150447979299,0.9053734710795205,124,4169665,5889784
96000,0.0001644280473141706,0.030334014996591684,0.00015243850219751233,0.000016978551335668677,1.1235955056179776,1.0,0.36165116717822665,signatures/118f2fa4a198f1cea0f43e4284030e89.sig.gz,"GCA_900546315.1 uncultured Clostridiales bacterium, UMGS874",118f2fa4a198f1cea0f43e4284030e89,0.032719836400818,89000,419,265042000,/nfs3_ib/nfs-ip34/home/def-ilafores/analysis/MethodsComparison/Feces_RA/preproc/SRR5091491/SRR5091491_unmatched_2.fastq,SRR5091491,73ba07a58ee5da0cad9c8d73f47c9913,583842000,31,DNA,1000,583842,true,0.7549787126107541,0.8955517387091778,0.825265225659966,0.8955517387091778,100,4169765,5889784
343000,0.0005874877107162554,0.03463035019455253,0.00015243850219751233,0.00006265085442861742,4.146067415730337,3.0,3.5237574486977494,signatures/b185c78cb244679521d618c28f9f8cce.sig.gz,"GCA_019420945.1 Clostridiales bacterium, ASM1942094v1",b185c78cb244679521d618c28f9f8cce,0.13346303501945525,89000,420,264953000,/nfs3_ib/nfs-ip34/home/def-ilafores/analysis/MethodsComparison/Feces_RA/preproc/SRR5091491/SRR5091491_unmatched_2.fastq,SRR5091491,73ba07a58ee5da0cad9c8d73f47c9913,583842000,31,DNA,1000,583842,true,0.7866366096833739,0.9370997857880273,0.8618681977357006,0.9370997857880273,369,4170134,5889784
435000,0.0007450645893923356,0.03526148969889065,0.00015243850219751233,0.00007063077355638169,4.674157303370786,3.0,8.119577230510341,signatures/c133f7193f129c49403bbf1beed90a63.sig.gz,"GCA_900751035.1 uncultured Oscillospiraceae bacterium, SRS820614_56",c133f7193f129c49403bbf1beed90a63,0.17234548335974642,89000,421,264864000,/nfs3_ib/nfs-ip34/home/def-ilafores/analysis/MethodsComparison/Feces_RA/preproc/SRR5091491/SRR5091491_unmatched_2.fastq,SRR5091491,73ba07a58ee5da0cad9c8d73f47c9913,583842000,31,DNA,1000,583842,true,0.7926893617084929,0.9448605985045675,0.8687749801065302,0.9448605985045675,416,4170550,5889784
348000,0.0005960516715138685,0.02328014648182056,0.00015243850219751233,0.000030221821377490245,2.0,1.0,1.6625417119038626,signatures/b7ef59f753d43f9de83e8f0372529c7f.sig.gz,GCF_934371575.1 uncultured Blautia sp. ERR7738559_bin.137,b7ef59f753d43f9de83e8f0372529c7f,0.0910279884907141,89000,422,264775000,/nfs3_ib/nfs-ip34/home/def-ilafores/analysis/MethodsComparison/Feces_RA/preproc/SRR5091491/SRR5091491_unmatched_2.fastq,SRR5091491,73ba07a58ee5da0cad9c8d73f47c9913,583842000,31,DNA,1000,583842,true,0.7870039286635587,0.9256035215343323,0.8563037250989456,0.9256035215343323,178,4170728,5889784
234000,0.0004007933653282909,0.02368281000532198,0.00015243850219751233,0.0000346362447247641,2.292134831460674,1.0,5.2321440535932116,signatures/9fb1a0e9e5b9105badec4d5b913f28ac.sig.gz,GCA_002224675.1 Segatella copri strain=Indica ASM222467v1,9fb1a0e9e5b9105badec4d5b913f28ac,0.06226716338477914,89000,423,264686000,/nfs3_ib/nfs-ip34/home/def-ilafores/analysis/MethodsComparison/Feces_RA/preproc/SRR5091491/SRR5091491_unmatched_2.fastq,SRR5091491,73ba07a58ee5da0cad9c8d73f47c9913,583842000,31,DNA,1000,583842,true,0.7769924361961307,0.9143345518595789,0.8456634940278548,0.9143345518595789,204,4170932,5889784
136000,0.00023293973369507503,0.03776824034334764,0.00015072571003798974,0.000019185763009305603,1.2840909090909092,1.0,0.7377617199149742,signatures/5831ffdb18462f9157bca8f67581ccaf.sig.gz,"GCA_944387205.1 uncultured Oscillospiraceae bacterium, E0_RM__bin177",5831ffdb18462f9157bca8f67581ccaf,0.05836909871244635,88000,424,264598000,/nfs3_ib/nfs-ip34/home/def-ilafores/analysis/MethodsComparison/Feces_RA/preproc/SRR5091491/SRR5091491_unmatched_2.fastq,SRR5091491,73ba07a58ee5da0cad9c8d73f47c9913,583842000,31,DNA,1000,583842,true,0.7635092603876323,0.9124297796004135,0.8379695199940229,0.9124297796004135,113,4171045,5889784
98000,0.00016785363163321584,0.027436140018921477,0.00014901291787846712,0.00009321224683282103,6.310344827586207,6.0,3.928412111804767,signatures/83b55c4561e5a103b5ea10a24fa574ed.sig.gz,"GCA_019418545.1 Clostridiales bacterium, ASM1941854v1",83b55c4561e5a103b5ea10a24fa574ed,0.03090507726269316,87000,425,264511000,/nfs3_ib/nfs-ip34/home/def-ilafores/analysis/MethodsComparison/Feces_RA/preproc/SRR5091491/SRR5091491_unmatched_2.fastq,SRR5091491,73ba07a58ee5da0cad9c8d73f47c9913,583842000,31,DNA,1000,583842,true,0.7554810449075319,0.8939048321962744,0.8246929385519031,0.8939048321962744,549,4171594,5889784
317000,0.0005429551145686675,0.02976394115634622,0.00014901291787846712,0.00003480603023812079,2.3563218390804597,2.0,1.6398556951809233,signatures/ac46dffd300b5e0b1195bf518a8db4e7.sig.gz,GCF_030372275.1 Pseudoflavonifractor phocaeensis strain=69_Shaedler_sukc20 ASM3037227v1,ac46dffd300b5e0b1195bf518a8db4e7,0.108450222374273,87000,426,264424000,/nfs3_ib/nfs-ip34/home/def-ilafores/analysis/MethodsComparison/Feces_RA/preproc/SRR5091491/SRR5091491_unmatched_2.fastq,SRR5091491,73ba07a58ee5da0cad9c8d73f47c9913,583842000,31,DNA,1000,583842,true,0.7846388436734218,0.9308472102604589,0.8577430269669404,0.9308472102604589,205,4171799,5889784
90000,0.00015415129435703494,0.03440094899169632,0.00014901291787846712,0.000018676406469235544,1.264367816091954,1.0,0.6688430586655705,signatures/837f3633aa6917e7a198e0ef6227c8de.sig.gz,"GCA_934630445.1 uncultured Eubacteriales bacterium, ERR7739005_bin.122",837f3633aa6917e7a198e0ef6227c8de,0.03558718861209965,87000,427,264337000,/nfs3_ib/nfs-ip34/home/def-ilafores/analysis/MethodsComparison/Feces_RA/preproc/SRR5091491/SRR5091491_unmatched_2.fastq,SRR5091491,73ba07a58ee5da0cad9c8d73f47c9913,583842000,31,DNA,1000,583842,true,0.753408566656797,0.8979818071312271,0.8256951868940121,0.8979818071312271,110,4171909,5889784
437000,0.0007484901737113808,0.02461799660441426,0.00014901291787846712,0.00008132726089785297,5.505747126436781,2.0,7.365457689141776,signatures/204af89ac36dfdd7c4fcad734dffd0d2.sig.gz,"GCF_900104635.1 Coprococcus phoceensis strain=Marseille-P3062, PRJEB16356",204af89ac36dfdd7c4fcad734dffd0d2,0.12365591397849462,87000,428,264250000,/nfs3_ib/nfs-ip34/home/def-ilafores/analysis/MethodsComparison/Feces_RA/preproc/SRR5091491/SRR5091491_unmatched_2.fastq,SRR5091491,73ba07a58ee5da0cad9c8d73f47c9913,583842000,31,DNA,1000,583842,true,0.7928066670359587,0.9347954921054218,0.8638010795706903,0.9347954921054218,479,4172388,5889784
88000,0.00015072571003798974,0.07197290431837426,0.0001455873335594219,0.00002512825597678964,1.7411764705882353,1.0,2.469355434718902,signatures/2d8346d2425111828e5ff160d99e10d0.sig.gz,GCA_025992315.1 Bacilli bacterium ASM2599231v1,2d8346d2425111828e5ff160d99e10d0,0.07451312447078746,85000,429,264165000,/nfs3_ib/nfs-ip34/home/def-ilafores/analysis/MethodsComparison/Feces_RA/preproc/SRR5091491/SRR5091491_unmatched_2.fastq,SRR5091491,73ba07a58ee5da0cad9c8d73f47c9913,583842000,31,DNA,1000,583842,true,0.7528625954758568,0.9196454194882865,0.8362540074820717,0.9196454194882865,148,4172536,5889784
383000,0.0006559993970971598,0.029000341180484477,0.0001455873335594219,0.00008353447257148989,5.788235294117647,3.0,8.673277577976892,signatures/5e84b8efe1510d6c4284a6a7850c9bc5.sig.gz,GCA_025757985.1 Oscillospiraceae bacterium ASM2575798v1,5e84b8efe1510d6c4284a6a7850c9bc5,0.1306721255544183,85000,430,264080000,/nfs3_ib/nfs-ip34/home/def-ilafores/analysis/MethodsComparison/Feces_RA/preproc/SRR5091491/SRR5091491_unmatched_2.fastq,SRR5091491,73ba07a58ee5da0cad9c8d73f47c9913,583842000,31,DNA,1000,583842,true,0.7894406144085483,0.936461166823941,0.8629508906162446,0.936461166823941,492,4173028,5889784
590000,0.0010105473741183401,0.025051576775714707,0.0001455873335594219,0.0009433283122097517,65.36470588235294,67.0,34.980279169781475,signatures/aaf64c896b57b54ab4fa83cb430314d8.sig.gz,"GCA_900772845.1 Lachnospiraceae bacterium, SRS883029_98",aaf64c896b57b54ab4fa83cb430314d8,0.1738874152667256,85000,431,263995000,/nfs3_ib/nfs-ip34/home/def-ilafores/analysis/MethodsComparison/Feces_RA/preproc/SRR5091491/SRR5091491_unmatched_2.fastq,SRR5091491,73ba07a58ee5da0cad9c8d73f47c9913,583842000,31,DNA,1000,583842,true,0.8005211232153941,0.9451321162183532,0.8728266197168737,0.9451321162183532,5556,4178584,5889784
163000,0.0002791851220021855,0.03151100987091875,0.0001421617492403767,0.00001884619198259223,1.3373493975903614,1.0,0.7489286876106049,signatures/6caea0fb44e792c6b5cf31e0d9a173a1.sig.gz,GCF_025567305.1 Brotomerdimonas butyrica strain=Sanger_12 ASM2556730v1,6caea0fb44e792c6b5cf31e0d9a173a1,0.061883067577828396,83000,432,263912000,/nfs3_ib/nfs-ip34/home/def-ilafores/analysis/MethodsComparison/Feces_RA/preproc/SRR5091491/SRR5091491_unmatched_2.fastq,SRR5091491,73ba07a58ee5da0cad9c8d73f47c9913,583842000,31,DNA,1000,583842,true,0.7679825701755467,0.9141520683976406,0.8410673192865936,0.9141520683976406,111,4178695,5889784
517000,0.0008855135464731897,0.02920478536242083,0.0001421617492403767,0.000027505253163783257,1.9518072289156627,1.0,2.029324859288442,signatures/2e1846f271e5a6c1736e89d400b10289.sig.gz,GCF_025150085.1 Dorea longicatena strain=DSM 13814 ASM2515008v1,2e1846f271e5a6c1736e89d400b10289,0.18191414496833216,83000,433,263829000,/nfs3_ib/nfs-ip34/home/def-ilafores/analysis/MethodsComparison/Feces_RA/preproc/SRR5091491/SRR5091491_unmatched_2.fastq,SRR5091491,73ba07a58ee5da0cad9c8d73f47c9913,583842000,31,DNA,1000,583842,true,0.7971176511069672,0.9465089497850224,0.8718133004459948,0.9465089497850224,162,4178857,5889784
469000,0.0008032995228161044,0.03509513742071882,0.0001421617492403767,0.00003327796061791061,2.36144578313253,2.0,1.8470315699940014,signatures/3dae230d5900c862378815e0d6973e69.sig.gz,"GCA_934643185.1 uncultured Eubacteriales bacterium, ERR7738937_bin.9",3dae230d5900c862378815e0d6973e69,0.19830866807610995,83000,434,263746000,/nfs3_ib/nfs-ip34/home/def-ilafores/analysis/MethodsComparison/Feces_RA/preproc/SRR5091491/SRR5091491_unmatched_2.fastq,SRR5091491,73ba07a58ee5da0cad9c8d73f47c9913,583842000,31,DNA,1000,583842,true,0.7946160612028738,0.9491472704822427,0.8718816658425582,0.9491472704822427,196,4179053,5889784
190000,0.000325430510309296,0.016252202858821226,0.0001421617492403767,0.00005093565400700603,3.6144578313253013,1.0,18.67014324536474,signatures/04aa080cf3e9b8b1c3da8ae092b76373.sig.gz,"GCF_014288095.1 Bacteroides sp. NSJ-2 strain=NSJ-2, ASM1428809v1",04aa080cf3e9b8b1c3da8ae092b76373,0.03720383786959076,83000,435,263663000,/nfs3_ib/nfs-ip34/home/def-ilafores/analysis/MethodsComparison/Feces_RA/preproc/SRR5091491/SRR5091491_unmatched_2.fastq,SRR5091491,73ba07a58ee5da0cad9c8d73f47c9913,583842000,31,DNA,1000,583842,true,0.7717891232022458,0.899269630961035,0.8355293770816403,0.899269630961035,300,4179353,5889784
161000,0.0002757595376831403,0.02592475497944989,0.00014044895708085407,0.00002360018635657946,1.6951219512195121,1.0,1.6206670140697481,signatures/0fd00fe0e4e8c9621563b19e910f942e.sig.gz,GCF_020687385.1 Hominilimicola fabiformis strain=CLA-AA-H232 ASM2068738v1,0fd00fe0e4e8c9621563b19e910f942e,0.05090104331331015,82000,436,263581000,/nfs3_ib/nfs-ip34/home/def-ilafores/analysis/MethodsComparison/Feces_RA/preproc/SRR5091491/SRR5091491_unmatched_2.fastq,SRR5091491,73ba07a58ee5da0cad9c8d73f47c9913,583842000,31,DNA,1000,583842,true,0.7676767798858007,0.9084091623723098,0.8380429711290553,0.9084091623723098,139,4179492,5889784
195000,0.00033399447110690907,0.04111675126903553,0.00013873616492133146,0.0001256412798839482,9.135802469135802,2.0,51.75983310561844,signatures/4919d9665545e25f059ea8b38c19a20a.sig.gz,"GCA_900757415.1 uncultured Oscillospiraceae bacterium, ERS537327_109",4919d9665545e25f059ea8b38c19a20a,0.09898477157360407,81000,437,263500000,/nfs3_ib/nfs-ip34/home/def-ilafores/analysis/MethodsComparison/Feces_RA/preproc/SRR5091491/SRR5091491_unmatched_2.fastq,SRR5091491,73ba07a58ee5da0cad9c8d73f47c9913,583842000,31,DNA,1000,583842,true,0.7724360909233132,0.9281089915852189,0.850272541254266,0.9281089915852189,740,4180232,5889784
91000,0.00015586408651655756,0.032520325203252036,0.00013702337276180884,0.000015620267228815183,1.15,1.0,0.3570714214271425,signatures/4fd2aa93936e197efb2b7795110291bc.sig.gz,"GCA_934615635.1 uncultured Eubacteriales bacterium, ERR7738665_bin.208",4fd2aa93936e197efb2b7795110291bc,0.03699186991869919,80000,438,263420000,/nfs3_ib/nfs-ip34/home/def-ilafores/analysis/MethodsComparison/Feces_RA/preproc/SRR5091491/SRR5091491_unmatched_2.fastq,SRR5091491,73ba07a58ee5da0cad9c8d73f47c9913,583842000,31,DNA,1000,583842,true,0.7536771642417849,0.8991038972683092,0.826390530755047,0.8991038972683092,92,4180324,5889784
274000,0.0004693050517091953,0.042725797728501894,0.00013531058060228622,0.000332270249639036,24.772151898734176,29.0,22.394025744385893,signatures/eb855216d45b00987adccb2bff88cb94.sig.gz,"GCA_019117135.1 Candidatus Duodenibacillus intestinavium, ASM1911713v1",eb855216d45b00987adccb2bff88cb94,0.14818820984315847,79000,439,263341000,/nfs3_ib/nfs-ip34/home/def-ilafores/analysis/MethodsComparison/Feces_RA/preproc/SRR5091491/SRR5091491_unmatched_2.fastq,SRR5091491,73ba07a58ee5da0cad9c8d73f47c9913,583842000,31,DNA,1000,583842,true,0.7809578380353971,0.9402688599536568,0.8606133489945269,0.9402688599536568,1957,4182281,5889784
1199000,0.00205363779926761,0.02846846846846847,0.00013531058060228622,0.0001731812236238205,12.91139240506329,12.0,10.031835241588285,signatures/1c86d14b5e74b8fcf07a707c63c50911.sig.gz,GCF_003458705.1 Eubacterium sp. AF22-9 strain=AF22-9 ASM345870v1,1c86d14b5e74b8fcf07a707c63c50911,0.4320720720720721,79000,440,263262000,/nfs3_ib/nfs-ip34/home/def-ilafores/analysis/MethodsComparison/Feces_RA/preproc/SRR5091491/SRR5091491_unmatched_2.fastq,SRR5091491,73ba07a58ee5da0cad9c8d73f47c9913,583842000,31,DNA,1000,583842,true,0.8190439769039727,0.9732933324433494,0.896168654673661,0.9732933324433494,1020,4183301,5889784
353000,0.0006046156323114816,0.03645592985694508,0.00013531058060228622,0.00002631675457028645,1.9620253164556962,1.0,1.3635678996957197,signatures/e1f88d42ce58a04245aca8fd295b6baa.sig.gz,"GCA_905202265.1 Bifidobacterium longum, ERR1430398-mag-bin.4",e1f88d42ce58a04245aca8fd295b6baa,0.16289801568989387,79000,441,263183000,/nfs3_ib/nfs-ip34/home/def-ilafores/analysis/MethodsComparison/Feces_RA/preproc/SRR5091491/SRR5091491_unmatched_2.fastq,SRR5091491,73ba07a58ee5da0cad9c8d73f47c9913,583842000,31,DNA,1000,583842,true,0.7873661754022644,0.9431438319195523,0.8652550036609084,0.9431438319195523,155,4183456,5889784
294000,0.0005035608948996476,0.03449781659388646,0.00013531058060228622,0.00002410954289664952,1.7974683544303798,1.0,1.140505626659332,signatures/a1eb8d18aa7c31f6e3d98debb0286378.sig.gz,GCA_938000015.1 uncultured Clostridia bacterium ERR527183_bin.45_CONCOCT_v1.1_MAG,a1eb8d18aa7c31f6e3d98debb0286378,0.12838427947598252,79000,442,263104000,/nfs3_ib/nfs-ip34/home/def-ilafores/analysis/MethodsComparison/Feces_RA/preproc/SRR5091491/SRR5091491_unmatched_2.fastq,SRR5091491,73ba07a58ee5da0cad9c8d73f47c9913,583842000,31,DNA,1000,583842,true,0.7827346878458633,0.9359277359939677,0.8593312119199155,0.9359277359939677,142,4183598,5889784
82000,0.00014044895708085407,0.036346691519105315,0.00013359778844276363,0.0000179972644158088,1.358974358974359,1.0,1.7244423771651665,signatures/9394f3e4cd3d048b5de73c5ce0e4bb91.sig.gz,"GCA_018712955.1 Candidatus Aveggerthella stercoripullorum, ASM1871295v1",9394f3e4cd3d048b5de73c5ce0e4bb91,0.03821062441752097,78000,443,263026000,/nfs3_ib/nfs-ip34/home/def-ilafores/analysis/MethodsComparison/Feces_RA/preproc/SRR5091491/SRR5091491_unmatched_2.fastq,SRR5091491,73ba07a58ee5da0cad9c8d73f47c9913,583842000,31,DNA,1000,583842,true,0.7511495368965077,0.9000445455707311,0.8255970412336193,0.9000445455707311,106,4183704,5889784
262000,0.00044875154579492396,0.03573064590013743,0.00013359778844276363,0.00001782747890245211,1.3461538461538463,1.0,0.6568558183307435,signatures/dbd15eddd1d077ef23fe41235986f0cd.sig.gz,"GCF_000785515.1 Streptococcus salivarius strain=NCTC 8618, ASM78551v1",dbd15eddd1d077ef23fe41235986f0cd,0.12001832340815392,78000,444,262948000,/nfs3_ib/nfs-ip34/home/def-ilafores/analysis/MethodsComparison/Feces_RA/preproc/SRR5091491/SRR5091491_unmatched_2.fastq,SRR5091491,73ba07a58ee5da0cad9c8d73f47c9913,583842000,31,DNA,1000,583842,true,0.7798304556068302,0.9338955548294898,0.8568630052181601,0.9338955548294898,105,4183809,5889784
396000,0.0006782656951709537,0.030244280728964713,0.00013359778844276363,0.00027997631152517645,21.141025641025642,21.0,7.1445233803715595,signatures/0d409ae92c0d0330d952cef575ffef40.sig.gz,"GCA_017462565.1 Ruminococcus sp., ASM1746256v1",0d409ae92c0d0330d952cef575ffef40,0.15354788677782086,78000,445,262870000,/nfs3_ib/nfs-ip34/home/def-ilafores/analysis/MethodsComparison/Feces_RA/preproc/SRR5091491/SRR5091491_unmatched_2.fastq,SRR5091491,73ba07a58ee5da0cad9c8d73f47c9913,583842000,31,DNA,1000,583842,true,0.7902911016774797,0.9413471268683581,0.8658191142729189,0.9413471268683581,1649,4185458,5889784
576000,0.0009865682838850237,0.04609929078014184,0.00013359778844276363,0.00003412688818469404,2.576923076923077,2.0,1.6370645302290687,signatures/7cf2e7957f9b3757171193f32cfd4844.sig.gz,"GCA_934572365.1 uncultured Oscillospiraceae bacterium, ERR7738587_bin.132",7cf2e7957f9b3757171193f32cfd4844,0.3404255319148936,78000,446,262792000,/nfs3_ib/nfs-ip34/home/def-ilafores/analysis/MethodsComparison/Feces_RA/preproc/SRR5091491/SRR5091491_unmatched_2.fastq,SRR5091491,73ba07a58ee5da0cad9c8d73f47c9913,583842000,31,DNA,1000,583842,true,0.7999012209162626,0.9658372242803969,0.8828692225983297,0.9658372242803969,201,4185659,5889784
110000,0.00018840713754748715,0.0375,0.00013359778844276363,0.00001629940928224193,1.2307692307692308,1.0,0.5044183480232309,signatures/7a4e2a3c2a18d5491106111422230642.sig.gz,"GCF_014306095.1 Lentihominibacter faecis strain=BX16, ASM1430609v1",7a4e2a3c2a18d5491106111422230642,0.052884615384615384,78000,447,262714000,/nfs3_ib/nfs-ip34/home/def-ilafores/analysis/MethodsComparison/Feces_RA/preproc/SRR5091491/SRR5091491_unmatched_2.fastq,SRR5091491,73ba07a58ee5da0cad9c8d73f47c9913,583842000,31,DNA,1000,583842,true,0.7583013864687836,0.9095300992222967,0.8339157428455402,0.9095300992222967,96,4185755,5889784
319000,0.0005463806988877127,0.032877882152006835,0.00013188499628324102,0.000032259247537770484,2.4675324675324677,2.0,2.1777172343630755,signatures/ba8feb7d981be08683268f1bdab9f4de.sig.gz,"GCA_900553635.1 uncultured Lachnospiraceae bacterium, UMGS1628",ba8feb7d981be08683268f1bdab9f4de,0.13620836891545687,77000,448,262637000,/nfs3_ib/nfs-ip34/home/def-ilafores/analysis/MethodsComparison/Feces_RA/preproc/SRR5091491/SRR5091491_unmatched_2.fastq,SRR5091491,73ba07a58ee5da0cad9c8d73f47c9913,583842000,31,DNA,1000,583842,true,0.7847980485892485,0.9377154898998769,0.8612567692445627,0.9377154898998769,190,4185945,5889784
608000,0.0010413776329897472,0.027065527065527065,0.0001301722041237184,0.0000898165365656873,6.9605263157894735,6.0,4.821663802906093,signatures/a44e1050d7701308bc590bde0c3457fd.sig.gz,"GCF_900116045.1 Desulfovibrio piger strain=FI11049, DESPIGER",a44e1050d7701308bc590bde0c3457fd,0.21652421652421652,76000,449,262561000,/nfs3_ib/nfs-ip34/home/def-ilafores/analysis/MethodsComparison/Feces_RA/preproc/SRR5091491/SRR5091491_unmatched_2.fastq,SRR5091491,73ba07a58ee5da0cad9c8d73f47c9913,583842000,31,DNA,1000,583842,true,0.8012975490815821,0.9518416951560639,0.876569622118823,0.9518416951560639,529,4186474,5889784
114000,0.00019525830618557762,0.025956284153005466,0.0001301722041237184,0.000016129623768885242,1.25,1.0,0.4900322223562124,signatures/6f95f9ed59a6de6f6709fef37c8010e7.sig.gz,GCF_004340125.1 Harryflintia acetispora strain=DSM 100433 ASM434012v1,6f95f9ed59a6de6f6709fef37c8010e7,0.0389344262295082,76000,450,262485000,/nfs3_ib/nfs-ip34/home/def-ilafores/analysis/MethodsComparison/Feces_RA/preproc/SRR5091491/SRR5091491_unmatched_2.fastq,SRR5091491,73ba07a58ee5da0cad9c8d73f47c9913,583842000,31,DNA,1000,583842,true,0.7591756019917564,0.900589535026862,0.8298825685093092,0.900589535026862,95,4186569,5889784
737000,0.001262327821568164,0.024287564766839378,0.0001284594119641958,0.0007086847327508106,55.653333333333336,59.0,36.531445206683095,signatures/7f0b19ba3d9f568bc744246c0c058924.sig.gz,GCA_945929965.1 uncultured Lachnospiraceae bacterium SRR11489749_bin.43_metaWRAP_v1.3_MAG,7f0b19ba3d9f568bc744246c0c058924,0.23866580310880828,75000,451,262410000,/nfs3_ib/nfs-ip34/home/def-ilafores/analysis/MethodsComparison/Feces_RA/preproc/SRR5091491/SRR5091491_unmatched_2.fastq,SRR5091491,73ba07a58ee5da0cad9c8d73f47c9913,583842000,31,DNA,1000,583842,true,0.8062865669186386,0.9548358488264199,0.8805612078725293,0.9548358488264199,4174,4190743,5889784
77000,0.00013188499628324102,0.03661553686293914,0.00012674661980467317,0.000014941125175388436,1.1891891891891893,1.0,0.3916588309780929,signatures/391af38f88c8d495d6bdee38a0420a9d.sig.gz,"GCA_000435475.1 Cryptobacterium sp. CAG:338, MGS338",391af38f88c8d495d6bdee38a0420a9d,0.03809995051954478,74000,452,262336000,/nfs3_ib/nfs-ip34/home/def-ilafores/analysis/MethodsComparison/Feces_RA/preproc/SRR5091491/SRR5091491_unmatched_2.fastq,SRR5091491,73ba07a58ee5da0cad9c8d73f47c9913,583842000,31,DNA,1000,583842,true,0.7496266411217272,0.8999603338050571,0.8247934874633922,0.8999603338050571,88,4190831,5889784
134000,0.00022951414937602983,0.02081575246132208,0.00012674661980467317,0.000023769971869936147,1.8918918918918919,1.0,2.6023251950409785,signatures/7e9a52e7d2fe3024cf6023804f6ef37b.sig.gz,"GCF_000157975.1 Blautia hydrogenotrophica DSM 10507 strain=DSM 10507, ASM15797v1",7e9a52e7d2fe3024cf6023804f6ef37b,0.03769338959212377,74000,453,262262000,/nfs3_ib/nfs-ip34/home/def-ilafores/analysis/MethodsComparison/Feces_RA/preproc/SRR5091491/SRR5091491_unmatched_2.fastq,SRR5091491,73ba07a58ee5da0cad9c8d73f47c9913,583842000,31,DNA,1000,583842,true,0.7631444619129611,0.8996489361907812,0.8313966990518712,0.8996489361907812,140,4190971,5889784
231000,0.00039565498884972303,0.013886282604616251,0.00012674661980467317,0.000016978551335668677,1.3513513513513513,1.0,0.7958071278019164,signatures/36bb9301189d48be24ee9b00d0e2e161.sig.gz,"GCF_000194175.1 Escherichia coli 1.2741 strain=1.2741, ASM19417v2",36bb9301189d48be24ee9b00d0e2e161,0.0433477200225183,74000,454,262188000,/nfs3_ib/nfs-ip34/home/def-ilafores/analysis/MethodsComparison/Feces_RA/preproc/SRR5091491/SRR5091491_unmatched_2.fastq,SRR5091491,73ba07a58ee5da0cad9c8d73f47c9913,583842000,31,DNA,1000,583842,true,0.7766690890453449,0.9037143317032152,0.8401917103742801,0.9037143317032152,100,4191071,5889784
1154000,0.0019765621520890925,0.012266845908250714,0.00012503382764515058,0.00013158377285143224,10.616438356164384,7.0,12.880515322995661,signatures/ddc3bbfa80864ba686c6a00380ae271a.sig.gz,"GCF_000172175.1 Bacteroides intestinalis DSM 17393 strain=DSM 17393, ASM17217v1",ddc3bbfa80864ba686c6a00380ae271a,0.193916988741388,73000,455,262115000,/nfs3_ib/nfs-ip34/home/def-ilafores/analysis/MethodsComparison/Feces_RA/preproc/SRR5091491/SRR5091491_unmatched_2.fastq,SRR5091491,73ba07a58ee5da0cad9c8d73f47c9913,583842000,31,DNA,1000,583842,true,0.8180339076885302,0.9484618488308498,0.88324787825969,0.9484618488308498,775,4191846,5889784
76000,0.0001301722041237184,0.03436911487758945,0.00012503382764515058,0.000016978551335668677,1.36986301369863,1.0,0.6518014933353597,signatures/09af9dad17b78659554015f2a1a4ee3a.sig.gz,"GCA_019112665.1 Candidatus Ruthenibacterium merdipullorum, ASM1911266v1",09af9dad17b78659554015f2a1a4ee3a,0.035781544256120526,73000,456,262042000,/nfs3_ib/nfs-ip34/home/def-ilafores/analysis/MethodsComparison/Feces_RA/preproc/SRR5091491/SRR5091491_unmatched_2.fastq,SRR5091491,73ba07a58ee5da0cad9c8d73f47c9913,583842000,31,DNA,1000,583842,true,0.7493106051595112,0.898139591594383,0.8237250983769471,0.898139591594383,100,4191946,5889784
313000,0.0005361039459305772,0.023739837398373983,0.00012503382764515058,0.000020883618142872473,1.6849315068493151,1.0,1.312497486794902,signatures/ee1390ed789a708cf11cbf53485395f1.sig.gz,"GCF_003478995.1 Pseudoflavonifractor sp. AF19-9AC strain=AF19-9AC, ASM347899v1",ee1390ed789a708cf11cbf53485395f1,0.10178861788617886,73000,457,261969000,/nfs3_ib/nfs-ip34/home/def-ilafores/analysis/MethodsComparison/Feces_RA/preproc/SRR5091491/SRR5091491_unmatched_2.fastq,SRR5091491,73ba07a58ee5da0cad9c8d73f47c9913,583842000,31,DNA,1000,583842,true,0.7843174965353596,0.9289456327804287,0.8566315646578941,0.9289456327804287,123,4192069,5889784
723000,0.0012383487313348475,0.01945628997867804,0.00012503382764515058,0.000041597450772388256,3.356164383561644,3.0,2.354650676553633,signatures/bd565496e63fae7da474a7dfe2ad2126.sig.gz,"GCF_003461955.1 Ruminococcus sp. AM36-2AA strain=AM36-2AA, ASM346195v1",bd565496e63fae7da474a7dfe2ad2126,0.19269722814498935,73000,458,261896000,/nfs3_ib/nfs-ip34/home/def-ilafores/analysis/MethodsComparison/Feces_RA/preproc/SRR5091491/SRR5091491_unmatched_2.fastq,SRR5091491,73ba07a58ee5da0cad9c8d73f47c9913,583842000,31,DNA,1000,583842,true,0.8057878984791154,0.9482688111063463,0.8770283547927309,0.9482688111063463,245,4192314,5889784
270000,0.00046245388307110483,0.024682893383613302,0.00012332103548562797,0.0000512752250337194,4.194444444444445,2.0,5.229826024535958,signatures/885e792bcfab9b4fc1907b667e9fd1b4.sig.gz,"GCF_014384705.1 Yeguia hominis strain=NSJ-40, ASM1438470v1",885e792bcfab9b4fc1907b667e9fd1b4,0.09256085018854988,72000,459,261824000,/nfs3_ib/nfs-ip34/home/def-ilafores/analysis/MethodsComparison/Feces_RA/preproc/SRR5091491/SRR5091491_unmatched_2.fastq,SRR5091491,73ba07a58ee5da0cad9c8d73f47c9913,583842000,31,DNA,1000,583842,true,0.7805874458632999,0.9261022648285357,0.8533448553459178,0.9261022648285357,302,4192616,5889784
327000,0.0005600830361638937,0.021358647285671908,0.00012332103548562797,0.000029882250350776872,2.4444444444444446,2.0,1.6235154662447175,signatures/fd8cfdd222ac34a02116494f3e3a2bfb.sig.gz,"GCF_017811815.1 Flavonifractor sp. AGMB03687 strain=AGMB03687, ASM1781181v1",fd8cfdd222ac34a02116494f3e3a2bfb,0.09700385642242658,72000,460,261752000,/nfs3_ib/nfs-ip34/home/def-ilafores/analysis/MethodsComparison/Feces_RA/preproc/SRR5091491/SRR5091491_unmatched_2.fastq,SRR5091491,73ba07a58ee5da0cad9c8d73f47c9913,583842000,31,DNA,1000,583842,true,0.7854253545304493,0.927503963580391,0.8564646590554201,0.927503963580391,176,4192792,5889784
79000,0.00013531058060228622,0.034532374100719423,0.00012332103548562797,0.00004193702179910163,3.4305555555555554,1.0,18.94203613724489,signatures/3c84f24f670b4c04191503a0f1f39f8b.sig.gz,"GCA_000435715.1 Firmicutes bacterium CAG:145, MGS145",3c84f24f670b4c04191503a0f1f39f8b,0.03788968824940048,72000,461,261680000,/nfs3_ib/nfs-ip34/home/def-ilafores/analysis/MethodsComparison/Feces_RA/preproc/SRR5091491/SRR5091491_unmatched_2.fastq,SRR5091491,73ba07a58ee5da0cad9c8d73f47c9913,583842000,31,DNA,1000,583842,true,0.7502469701993745,0.8997996911091953,0.8250233306542849,0.8997996911091953,247,4193039,5889784
354000,0.0006063284244710042,0.01885804085908853,0.00012332103548562797,0.00003786216947854115,3.0972222222222223,1.0,3.6330264481337733,signatures/b8f06c753f81002527c220d71b808abd.sig.gz,"GCF_003463065.1 Blautia sp. OF03-15BH strain=OF03-15BH, ASM346306v1",b8f06c753f81002527c220d71b808abd,0.09271870089051859,72000,462,261608000,/nfs3_ib/nfs-ip34/home/def-ilafores/analysis/MethodsComparison/Feces_RA/preproc/SRR5091491/SRR5091491_unmatched_2.fastq,SRR5091491,73ba07a58ee5da0cad9c8d73f47c9913,583842000,31,DNA,1000,583842,true,0.7874380285415188,0.9261531695794326,0.8567955990604756,0.9261531695794326,223,4193262,5889784
78000,0.00013359778844276363,0.024283305227655986,0.00012332103548562797,0.000015450481715458497,1.2638888888888888,1.0,0.5268632427330737,signatures/715c13b41e919034d62424264ec0b284.sig.gz,"GCA_944381515.1 uncultured Lachnospiraceae bacterium, E15__bin96",715c13b41e919034d62424264ec0b284,0.02630691399662732,72000,463,261536000,/nfs3_ib/nfs-ip34/home/def-ilafores/analysis/MethodsComparison/Feces_RA/preproc/SRR5091491/SRR5091491_unmatched_2.fastq,SRR5091491,73ba07a58ee5da0cad9c8d73f47c9913,583842000,31,DNA,1000,583842,true,0.7499387298117223,0.889271784827014,0.8196052573193682,0.889271784827014,91,4193353,5889784
311000,0.0005326783616115319,0.035732259687971814,0.00012160824332610535,0.00010221087904072544,8.47887323943662,8.0,5.012264268432762,signatures/f319686977a102454d89047fd3c049f9.sig.gz,"GCA_000435975.1 Oscillibacter sp. CAG:241, MGS241",f319686977a102454d89047fd3c049f9,0.15651736285858078,71000,464,261465000,/nfs3_ib/nfs-ip34/home/def-ilafores/analysis/MethodsComparison/Feces_RA/preproc/SRR5091491/SRR5091491_unmatched_2.fastq,SRR5091491,73ba07a58ee5da0cad9c8d73f47c9913,583842000,31,DNA,1000,583842,true,0.7841553296421094,0.9419289517583794,0.8630421407002444,0.9419289517583794,602,4193955,5889784
349000,0.0005977644636733911,0.02895595432300163,0.00012160824332610535,0.00016435237692927278,13.633802816901408,14.0,5.206278540647721,signatures/28c3e2e5f4279d6d083ab85ab55e37f0.sig.gz,"GCA_002474415.1 Lachnospiraceae bacterium UBA7598, ASM247441v1",28c3e2e5f4279d6d083ab85ab55e37f0,0.14233278955954323,71000,465,261394000,/nfs3_ib/nfs-ip34/home/def-ilafores/analysis/MethodsComparison/Feces_RA/preproc/SRR5091491/SRR5091491_unmatched_2.fastq,SRR5091491,73ba07a58ee5da0cad9c8d73f47c9913,583842000,31,DNA,1000,583842,true,0.7870767792113809,0.9390468426725478,0.8630618109419643,0.9390468426725478,968,4194923,5889784
307000,0.0005258271929734415,0.02090800477897252,0.00011989545116658273,0.0000487284423333691,4.1,4.0,2.7575869368499903,signatures/b423d70e4cb5250db5f4ca2e9af27e62.sig.gz,"GCF_013304445.1 Blautia hansenii strain=MSK.15.26, ASM1330444v1",b423d70e4cb5250db5f4ca2e9af27e62,0.09169653524492234,70000,466,261324000,/nfs3_ib/nfs-ip34/home/def-ilafores/analysis/MethodsComparison/Feces_RA/preproc/SRR5091491/SRR5091491_unmatched_2.fastq,SRR5091491,73ba07a58ee5da0cad9c8d73f47c9913,583842000,31,DNA,1000,583842,true,0.7838279457504552,0.9258220366290609,0.8548249911897581,0.9258220366290609,287,4195210,5889784
84000,0.00014387454139989928,0.02012072434607646,0.00011989545116658273,0.00001579005274217187,1.3285714285714285,1.0,1.4012385192232986,signatures/85180973bcf7ff8f6fcf5e290ed49454.sig.gz,"GCF_000024265.1 Eggerthella lenta DSM 2243 strain=DSM 2243, ASM2426v1",85180973bcf7ff8f6fcf5e290ed49454,0.02414486921529175,70000,467,261254000,/nfs3_ib/nfs-ip34/home/def-ilafores/analysis/MethodsComparison/Feces_RA/preproc/SRR5091491/SRR5091491_unmatched_2.fastq,SRR5091491,73ba07a58ee5da0cad9c8d73f47c9913,583842000,31,DNA,1000,583842,true,0.7517336627609821,0.8868150603413518,0.819274361551167,0.8868150603413518,93,4195303,5889784
830000,0.0014216174924037669,0.02948609941027801,0.00011989545116658273,0.00003905066807203796,3.2857142857142856,3.0,2.2937359241630055,signatures/9b2419d59719db15f62768045d079574.sig.gz,GCA_902466735.1 uncultured Collinsella sp. UHGG-TPA_MGYG-HGUT-00862,9b2419d59719db15f62768045d079574,0.34962089300758215,70000,468,261184000,/nfs3_ib/nfs-ip34/home/def-ilafores/analysis/MethodsComparison/Feces_RA/preproc/SRR5091491/SRR5091491_unmatched_2.fastq,SRR5091491,73ba07a58ee5da0cad9c8d73f47c9913,583842000,31,DNA,1000,583842,true,0.8093833804805767,0.9666679834411629,0.8880256819608698,0.9666679834411629,230,4195533,5889784
402000,0.0006885424481280894,0.024734982332155476,0.00011989545116658273,0.00004499316103952199,3.7857142857142856,3.0,3.960132960043701,signatures/6f325c884386af4dfb4a27574e518fbd.sig.gz,"GCA_934646185.1 uncultured Oscillospiraceae bacterium, ERR7738191_bin.77",6f325c884386af4dfb4a27574e518fbd,0.1420494699646643,70000,469,261114000,/nfs3_ib/nfs-ip34/home/def-ilafores/analysis/MethodsComparison/Feces_RA/preproc/SRR5091491/SRR5091491_unmatched_2.fastq,SRR5091491,73ba07a58ee5da0cad9c8d73f47c9913,583842000,31,DNA,1000,583842,true,0.7906745592139286,0.938986487310859,0.8648305232623938,0.938986487310859,265,4195798,5889784
658000,0.0011270172409658778,0.02522851919561243,0.00011818265900706013,0.00002631675457028645,2.246376811594203,2.0,1.5075250578487933,signatures/96f02f06eff0e4ab33b4bafa6ab86a70.sig.gz,"GCA_019118935.1 Candidatus Oscillibacter pullicola, ASM1911893v1",96f02f06eff0e4ab33b4bafa6ab86a70,0.24058500914076783,69000,470,261045000,/nfs3_ib/nfs-ip34/home/def-ilafores/analysis/MethodsComparison/Feces_RA/preproc/SRR5091491/SRR5091491_unmatched_2.fastq,SRR5091491,73ba07a58ee5da0cad9c8d73f47c9913,583842000,31,DNA,1000,583842,true,0.8033429482594127,0.9550825744104253,0.879212761334919,0.9550825744104253,155,4195953,5889784
533000,0.0009129182210255515,0.01717272274763564,0.00011818265900706013,0.00018914106187934907,16.144927536231883,1.0,29.629732111423973,signatures/e8e0033f279e1bbb960e6623eb5d9937.sig.gz,"GCA_003463005.1 Prevotella copri strain=OF03-3, ASM346300v1",e8e0033f279e1bbb960e6623eb5d9937,0.1326530612244898,69000,471,260976000,/nfs3_ib/nfs-ip34/home/def-ilafores/analysis/MethodsComparison/Feces_RA/preproc/SRR5091491/SRR5091491_unmatched_2.fastq,SRR5091491,73ba07a58ee5da0cad9c8d73f47c9913,583842000,31,DNA,1000,583842,true,0.7979017458485581,0.9369157879729124,0.8674087669107353,0.9369157879729124,1114,4197067,5889784
385000,0.0006594249814162051,0.014498844295019962,0.00011818265900706013,0.00040425930730227116,34.507246376811594,36.0,19.43373966443658,signatures/139179081df196f50a8ccc12fef01ea2.sig.gz,"GCF_000374365.1 Bacteroides gallinarum DSM 18171 = JCM 13658 strain=DSM 18171, ASM37436v1",139179081df196f50a8ccc12fef01ea2,0.08089934860264761,69000,472,260907000,/nfs3_ib/nfs-ip34/home/def-ilafores/analysis/MethodsComparison/Feces_RA/preproc/SRR5091491/SRR5091491_unmatched_2.fastq,SRR5091491,73ba07a58ee5da0cad9c8d73f47c9913,583842000,31,DNA,1000,583842,true,0.7895732603628939,0.9220881061085461,0.85583068323572,0.9220881061085461,2381,4199448,5889784
93000,0.0001592896708356028,0.01753940010167768,0.00011818265900706013,0.000014261983121961687,1.2173913043478262,1.0,0.47760165371837926,signatures/18b41cb01658413f5565c0807881daf6.sig.gz,"GCF_014384895.1 Bianquea renquensis strain=NSJ-32, ASM1438489v1",18b41cb01658413f5565c0807881daf6,0.02364006100660905,69000,473,260838000,/nfs3_ib/nfs-ip34/home/def-ilafores/analysis/MethodsComparison/Feces_RA/preproc/SRR5091491/SRR5091491_unmatched_2.fastq,SRR5091491,73ba07a58ee5da0cad9c8d73f47c9913,583842000,31,DNA,1000,583842,true,0.7542058957938966,0.8862108265978218,0.8202083611958593,0.8862108265978218,84,4199532,5889784
78000,0.00013359778844276363,0.025489471739933506,0.00011818265900706013,0.000014941125175388436,1.2753623188405796,1.0,0.5869117893135243,signatures/7924edafb715f41f23239814a5061cf3.sig.gz,"GCA_902767315.1 uncultured Clostridiales bacterium, Rumen uncultured genome RUG11247",7924edafb715f41f23239814a5061cf3,0.028814185445142224,69000,474,260769000,/nfs3_ib/nfs-ip34/home/def-ilafores/analysis/MethodsComparison/Feces_RA/preproc/SRR5091491/SRR5091491_unmatched_2.fastq,SRR5091491,73ba07a58ee5da0cad9c8d73f47c9913,583842000,31,DNA,1000,583842,true,0.7499387298117223,0.8918870993836843,0.8209129145977032,0.8918870993836843,88,4199620,5889784
716000,0.001226359186218189,0.01644100580270793,0.00011646986684753752,0.0000769128375505791,6.661764705882353,2.0,14.871617553262961,signatures/0406dc9599017bcdf1976c899edbe0f3.sig.gz,"GCA_003478355.1 Lachnospiraceae bacterium AM48-27BH strain=AM48-27BH, ASM347835v1",0406dc9599017bcdf1976c899edbe0f3,0.17311411992263057,68000,475,260701000,/nfs3_ib/nfs-ip34/home/def-ilafores/analysis/MethodsComparison/Feces_RA/preproc/SRR5091491/SRR5091491_unmatched_2.fastq,SRR5091491,73ba07a58ee5da0cad9c8d73f47c9913,583842000,31,DNA,1000,583842,true,0.8055350492892418,0.9449962397278816,0.8752656445085617,0.9449962397278816,453,4200073,5889784
592000,0.0010139729584373854,0.010648293141246476,0.00011646986684753752,0.0002604509774891575,22.558823529411764,3.0,40.25082474600445,signatures/a8aca255164075bdd16df9fabf1362ee.sig.gz,"GCF_900130125.1 Bacteroides congonensis strain=Marseille-P3132, PRJEB18268",a8aca255164075bdd16df9fabf1362ee,0.09270278734732226,68000,476,260633000,/nfs3_ib/nfs-ip34/home/def-ilafores/analysis/MethodsComparison/Feces_RA/preproc/SRR5091491/SRR5091491_unmatched_2.fastq,SRR5091491,73ba07a58ee5da0cad9c8d73f47c9913,583842000,31,DNA,1000,583842,true,0.8006085164344372,0.9261480414763954,0.8633782789554163,0.9261480414763954,1534,4201607,5889784
1174000,0.002010817995279545,0.01901565995525727,0.00011646986684753752,0.000020034690576089038,1.7352941176470589,1.0,2.8983648892335596,signatures/d34078f9298900e7191ac0e462f50070.sig.gz,"GCA_900066355.1 uncultured Ruminococcus sp., 13414_6#66",d34078f9298900e7191ac0e462f50070,0.3282997762863535,68000,477,260565000,/nfs3_ib/nfs-ip34/home/def-ilafores/analysis/MethodsComparison/Feces_RA/preproc/SRR5091491/SRR5091491_unmatched_2.fastq,SRR5091491,73ba07a58ee5da0cad9c8d73f47c9913,583842000,31,DNA,1000,583842,true,0.8184874498621676,0.9647078786769852,0.8915976642695764,0.9647078786769852,118,4201725,5889784
176000,0.0003014514200759795,0.026698076168040832,0.00011646986684753752,0.00007589412447043899,6.573529411764706,2.5,10.34879387185174,signatures/8d9a8844363577f22cdd09f810dbc983.sig.gz,"GCA_001916715.1 Firmicutes bacterium CAG:24053_14, ASM191671v1",8d9a8844363577f22cdd09f810dbc983,0.0691009030231645,68000,478,260497000,/nfs3_ib/nfs-ip34/home/def-ilafores/analysis/MethodsComparison/Feces_RA/preproc/SRR5091491/SRR5091491_unmatched_2.fastq,SRR5091491,73ba07a58ee5da0cad9c8d73f47c9913,583842000,31,DNA,1000,583842,true,0.7698858995700629,0.9174111012419397,0.8436485004060013,0.9174111012419397,447,4202172,5889784
695000,0.0011903905508682143,0.02867988190636862,0.00011646986684753752,0.0001242829957770947,10.764705882352942,10.0,5.91388606948989,signatures/67db9c9639d1896246e0d0a0450cf29e.sig.gz,"GCA_934322085.1 uncultured Eubacterium sp., ERR7738664_bin.12",67db9c9639d1896246e0d0a0450cf29e,0.29312526360185576,68000,479,260429000,/nfs3_ib/nfs-ip34/home/def-ilafores/analysis/MethodsComparison/Feces_RA/preproc/SRR5091491/SRR5091491_unmatched_2.fastq,SRR5091491,73ba07a58ee5da0cad9c8d73f47c9913,583842000,31,DNA,1000,583842,true,0.8047618906897495,0.9611876219387725,0.8829747563142609,0.9611876219387725,732,4202904,5889784
686000,0.0011749754214325108,0.033787191124558746,0.00011475707468801491,0.000029033322783993437,2.5522388059701493,2.0,1.7811918036750483,signatures/9aee49284867dbc6e5852ed10c91fc2e.sig.gz,"GCA_900317855.1 uncultured Clostridiales bacterium, Rumen uncultured genome RUG332",9aee49284867dbc6e5852ed10c91fc2e,0.345940494200706,67000,480,260362000,/nfs3_ib/nfs-ip34/home/def-ilafores/analysis/MethodsComparison/Feces_RA/preproc/SRR5091491/SRR5091491_unmatched_2.fastq,SRR5091491,73ba07a58ee5da0cad9c8d73f47c9913,583842000,31,DNA,1000,583842,true,0.8044235927248297,0.9663380434340404,0.885380818079435,0.9663380434340404,171,4203075,5889784
640000,0.0010961869820944707,0.016645962732919253,0.00011475707468801491,0.00025960204992237407,22.82089552238806,8.0,24.765120738009514,signatures/521ce3c2ee639c97c11cb3a9863fa803.sig.gz,"GCF_018390535.1 Bacteroides sp. NSJ-90 strain=NSJ-90, ASM1839053v1",521ce3c2ee639c97c11cb3a9863fa803,0.15900621118012423,67000,481,260295000,/nfs3_ib/nfs-ip34/home/def-ilafores/analysis/MethodsComparison/Feces_RA/preproc/SRR5091491/SRR5091491_unmatched_2.fastq,SRR5091491,73ba07a58ee5da0cad9c8d73f47c9913,583842000,31,DNA,1000,583842,true,0.8026244914465767,0.9424084340657018,0.8725164627561393,0.9424084340657018,1529,4204604,5889784
411000,0.000703957577563793,0.020309184601394362,0.00011475707468801491,0.0000256376125168597,2.253731343283582,2.0,1.4178318909896022,signatures/3e682b689eef8f4d4ab760d3a9715911.sig.gz,"GCA_900543885.1 uncultured Clostridium sp., UMGS615",3e682b689eef8f4d4ab760d3a9715911,0.12458320703243407,67000,482,260228000,/nfs3_ib/nfs-ip34/home/def-ilafores/analysis/MethodsComparison/Feces_RA/preproc/SRR5091491/SRR5091491_unmatched_2.fastq,SRR5091491,73ba07a58ee5da0cad9c8d73f47c9913,583842000,31,DNA,1000,583842,true,0.7912394843183777,0.9350208049998502,0.863130144659114,0.9350208049998502,151,4204755,5889784
81000,0.00013873616492133146,0.019369760046256145,0.00011475707468801491,0.000013243270041821568,1.164179104477612,1.0,0.4762106308520544,signatures/9d91951929bacfb6e297eba2f87e2e3e.sig.gz,"GCF_001701045.1 Cloacibacillus porcorum strain=CL-84 (T), ASM170104v1",9d91951929bacfb6e297eba2f87e2e3e,0.023417172593235037,67000,483,260161000,/nfs3_ib/nfs-ip34/home/def-ilafores/analysis/MethodsComparison/Feces_RA/preproc/SRR5091491/SRR5091491_unmatched_2.fastq,SRR5091491,73ba07a58ee5da0cad9c8d73f47c9913,583842000,31,DNA,1000,583842,true,0.7508522836518207,0.8859400548513902,0.8183961692516054,0.8859400548513902,78,4204833,5889784
74000,0.00012674661980467317,0.027196652719665274,0.00011133149036896968,0.000013243270041821568,1.2,1.0,0.5023023913019847,signatures/cb616d27c2d286f5ccf385e40fe1c037.sig.gz,"GCF_014384765.1 Feifania hominis strain=BX7, ASM1438476v1",cb616d27c2d286f5ccf385e40fe1c037,0.03096234309623431,65000,484,260096000,/nfs3_ib/nfs-ip34/home/def-ilafores/analysis/MethodsComparison/Feces_RA/preproc/SRR5091491/SRR5091491_unmatched_2.fastq,SRR5091491,73ba07a58ee5da0cad9c8d73f47c9913,583842000,31,DNA,1000,583842,true,0.7486662758833283,0.893958215599513,0.8213122457414207,0.893958215599513,78,4204911,5889784
398000,0.000681691279489999,0.017496635262449527,0.00011133149036896968,0.00003191967651105711,2.8923076923076922,2.0,2.0764101930834453,signatures/5f1b1b62f0670d4ffd3fcfe5a3c3c204.sig.gz,"GCF_900626285.1 Intestinimonas massiliensis strain=Marseille-P3064, PRJEB27980",5f1b1b62f0670d4ffd3fcfe5a3c3c204,0.10713324360699865,65000,485,260031000,/nfs3_ib/nfs-ip34/home/def-ilafores/analysis/MethodsComparison/Feces_RA/preproc/SRR5091491/SRR5091491_unmatched_2.fastq,SRR5091491,73ba07a58ee5da0cad9c8d73f47c9913,583842000,31,DNA,1000,583842,true,0.7904195419133805,0.9304804098202375,0.8604499758668089,0.9304804098202375,188,4205099,5889784
119000,0.00020382226698319067,0.016221612178687297,0.00011133149036896968,0.000026826111110356508,2.4307692307692306,1.0,2.3985202538823853,signatures/62b03b4f0784189f3ee5b7d7041318cd.sig.gz,"GCF_019597925.1 [Clostridium] scindens strain=Q4, ASM1959792v1",62b03b4f0784189f3ee5b7d7041318cd,0.02969802845021213,65000,486,259966000,/nfs3_ib/nfs-ip34/home/def-ilafores/analysis/MethodsComparison/Feces_RA/preproc/SRR5091491/SRR5091491_unmatched_2.fastq,SRR5091491,73ba07a58ee5da0cad9c8d73f47c9913,583842000,31,DNA,1000,583842,true,0.7602275445334823,0.892756763332886,0.8264921539331842,0.892756763332886,158,4205257,5889784
158000,0.00027062116120457245,0.022608695652173914,0.00011133149036896968,0.00010170152250065537,9.215384615384615,2.0,21.822706810668077,signatures/926030f62e932da1a03d448b08faf359.sig.gz,"GCF_900120295.1 Blautia sp. Marseille-P3201T strain=Marseille-P3201, PRJEB18018",926030f62e932da1a03d448b08faf359,0.05495652173913043,65000,487,259901000,/nfs3_ib/nfs-ip34/home/def-ilafores/analysis/MethodsComparison/Feces_RA/preproc/SRR5091491/SRR5091491_unmatched_2.fastq,SRR5091491,73ba07a58ee5da0cad9c8d73f47c9913,583842000,31,DNA,1000,583842,true,0.7672111312510844,0.9106583189920332,0.8389347251215589,0.9106583189920332,599,4205856,5889784
251000,0.00042991083204017524,0.018035516093229745,0.00011133149036896968,0.00009541945850645796,8.646153846153846,6.0,12.500376325696106,signatures/daf8ba7d8c1025a4e0adf4364e044657.sig.gz,"GCA_022835495.1 Oscillospiraceae bacterium strain=CE91-St44, ASM2283549v1",daf8ba7d8c1025a4e0adf4364e044657,0.06964483906770255,65000,488,259836000,/nfs3_ib/nfs-ip34/home/def-ilafores/analysis/MethodsComparison/Feces_RA/preproc/SRR5091491/SRR5091491_unmatched_2.fastq,SRR5091491,73ba07a58ee5da0cad9c8d73f47c9913,583842000,31,DNA,1000,583842,true,0.7787522291666756,0.917643170501456,0.8481976998340659,0.917643170501456,562,4206418,5889784
370000,0.0006337330990233659,0.03173828125,0.00011133149036896968,0.000020034690576089038,1.8153846153846154,1.0,1.079776439714867,signatures/a3dfec5e883625971d7d60d2b91dc61a.sig.gz,"GCA_900549405.1 uncultured Clostridiales bacterium, UMGS1178",a3dfec5e883625971d7d60d2b91dc61a,0.1806640625,65000,489,259771000,/nfs3_ib/nfs-ip34/home/def-ilafores/analysis/MethodsComparison/Feces_RA/preproc/SRR5091491/SRR5091491_unmatched_2.fastq,SRR5091491,73ba07a58ee5da0cad9c8d73f47c9913,583842000,31,DNA,1000,583842,true,0.7885617185221623,0.946298434606966,0.8674300765645642,0.946298434606966,118,4206536,5889784
119000,0.00020382226698319067,0.020037570444583593,0.00010961869820944708,0.0003283651828318322,30.21875,28.0,17.145944081254317,signatures/c2c52d4f93773f9bb16b945f653618ce.sig.gz,"GCA_934448295.1 uncultured Oscillospiraceae bacterium, ERR7738216_bin.124",c2c52d4f93773f9bb16b945f653618ce,0.03725735754539762,64000,490,259707000,/nfs3_ib/nfs-ip34/home/def-ilafores/analysis/MethodsComparison/Feces_RA/preproc/SRR5091491/SRR5091491_unmatched_2.fastq,SRR5091491,73ba07a58ee5da0cad9c8d73f47c9913,583842000,31,DNA,1000,583842,true,0.7602275445334823,0.8993113324770104,0.8297694385052463,0.8993113324770104,1934,4208470,5889784
104000,0.0001781303845903515,0.02633744855967078,0.00010961869820944708,0.000021392974682942532,1.96875,1.0,2.9472908640817934,signatures/4a7e38e0e3592b1aa463e455740ac3a1.sig.gz,"GCA_004000625.1 Candidatus Cibiobacter qucibialis, ASM400062v1",4a7e38e0e3592b1aa463e455740ac3a1,0.04279835390946502,64000,491,259643000,/nfs3_ib/nfs-ip34/home/def-ilafores/analysis/MethodsComparison/Feces_RA/preproc/SRR5091491/SRR5091491_unmatched_2.fastq,SRR5091491,73ba07a58ee5da0cad9c8d73f47c9913,583842000,31,DNA,1000,583842,true,0.7569306037107808,0.9033425890470965,0.8301365963789387,0.9033425890470965,126,4208596,5889784
393000,0.000673127318692386,0.025058731401722788,0.00010961869820944708,0.00006044364275498049,5.5625,5.0,2.691856933419754,signatures/7978587c420a96ff3e7f6df695253342.sig.gz,"GCA_900545275.1 uncultured Sutterella sp., UMGS757",7978587c420a96ff3e7f6df695253342,0.153876272513704,64000,492,259579000,/nfs3_ib/nfs-ip34/home/def-ilafores/analysis/MethodsComparison/Feces_RA/preproc/SRR5091491/SRR5091491_unmatched_2.fastq,SRR5091491,73ba07a58ee5da0cad9c8d73f47c9913,583842000,31,DNA,1000,583842,true,0.7900972594145943,0.9414120021899312,0.8657546308022628,0.9414120021899312,356,4208952,5889784
271000,0.00046416667523062745,0.013897937024972856,0.00010961869820944708,0.00001952533403601898,1.796875,1.0,2.6527090368856894,signatures/a63a81f7bc7c333dc06b5ea16a429445.sig.gz,"GCF_900086585.1 Emergencia timonensis strain=SN18, PRJEB13931",a63a81f7bc7c333dc06b5ea16a429445,0.05884907709011943,64000,493,259515000,/nfs3_ib/nfs-ip34/home/def-ilafores/analysis/MethodsComparison/Feces_RA/preproc/SRR5091491/SRR5091491_unmatched_2.fastq,SRR5091491,73ba07a58ee5da0cad9c8d73f47c9913,583842000,31,DNA,1000,583842,true,0.7806805392841706,0.9126708557588038,0.8466756975214872,0.9126708557588038,115,4209067,5889784
235000,0.0004025061574878135,0.035653650254668934,0.00010790590604992446,0.00004465359001280862,4.174603174603175,4.0,2.681741216754651,signatures/5e35b439a326cfa95f43f0c5c69297a1.sig.gz,"GCA_934119935.1 uncultured Clostridia bacterium, ERR7738569_bin.158",5e35b439a326cfa95f43f0c5c69297a1,0.13299377475947935,63000,494,259452000,/nfs3_ib/nfs-ip34/home/def-ilafores/analysis/MethodsComparison/Feces_RA/preproc/SRR5091491/SRR5091491_unmatched_2.fastq,SRR5091491,73ba07a58ee5da0cad9c8d73f47c9913,583842000,31,DNA,1000,583842,true,0.7770993275996972,0.9369933183336364,0.8570463229666668,0.9369933183336364,263,4209330,5889784
1254000,0.0021478413680413536,0.0095151789759855,0.00010790590604992446,0.00023447379394558442,21.92063492063492,16.0,24.835523449158494,signatures/f26979452f4db0c26723e6d30f523075.sig.gz,"GCF_902364365.1 Bacteroides intestinalis, MGYG-HGUT-00211",f26979452f4db0c26723e6d30f523075,0.1893973719981876,63000,495,259389000,/nfs3_ib/nfs-ip34/home/def-ilafores/analysis/MethodsComparison/Feces_RA/preproc/SRR5091491/SRR5091491_unmatched_2.fastq,SRR5091491,73ba07a58ee5da0cad9c8d73f47c9913,583842000,31,DNA,1000,583842,true,0.8202298211800905,0.9477405925097329,0.8839852068449117,0.9477405925097329,1381,4210711,5889784
221000,0.0003785270672544969,0.019656786271450857,0.00010790590604992446,0.000015110910688745122,1.4126984126984128,1.0,1.0178552090083426,signatures/0a82fbb1baf29e98ba5966ef72c2aa29.sig.gz,"GCF_014982855.1 Pseudoflavonifractor sp. DSM 107456 strain=DSM 107456, ASM1498285v1",0a82fbb1baf29e98ba5966ef72c2aa29,0.06895475819032762,63000,496,259326000,/nfs3_ib/nfs-ip34/home/def-ilafores/analysis/MethodsComparison/Feces_RA/preproc/SRR5091491/SRR5091491_unmatched_2.fastq,SRR5091491,73ba07a58ee5da0cad9c8d73f47c9913,583842000,31,DNA,1000,583842,true,0.7755611221049521,0.9173484475208643,0.8464547848129083,0.9173484475208643,89,4210800,5889784
236000,0.0004042189496473361,0.021814404432132964,0.00010790590604992446,0.000040069381152178076,3.746031746031746,3.0,5.453899883157018,signatures/f264b62f2a1798cf106db911e66dcf25.sig.gz,GCF_025150745.1 Eubacterium ventriosum strain=ATCC 27560 ASM2515074v1,f264b62f2a1798cf106db911e66dcf25,0.0817174515235457,63000,497,259263000,/nfs3_ib/nfs-ip34/home/def-ilafores/analysis/MethodsComparison/Feces_RA/preproc/SRR5091491/SRR5091491_unmatched_2.fastq,SRR5091491,73ba07a58ee5da0cad9c8d73f47c9913,583842000,31,DNA,1000,583842,true,0.7772057797221794,0.9223874410399563,0.8497966103810679,0.9223874410399563,236,4211036,5889784
63000,0.00010790590604992446,0.03446389496717724,0.00010790590604992446,0.000013752626581891628,1.2857142857142858,1.0,0.5172752614857246,signatures/83e82f6a59923b6e01d60c245305b335.sig.gz,"GCF_000016525.1 Methanobrevibacter smithii ATCC 35061 strain=ATCC 35061; PS; DSMZ 861, ASM1652v1",83e82f6a59923b6e01d60c245305b335,0.03446389496717724,63000,498,259200000,/nfs3_ib/nfs-ip34/home/def-ilafores/analysis/MethodsComparison/Feces_RA/preproc/SRR5091491/SRR5091491_unmatched_2.fastq,SRR5091491,73ba07a58ee5da0cad9c8d73f47c9913,583842000,31,DNA,1000,583842,true,0.7447897937326523,0.8970532110105889,0.8209215023716205,0.8970532110105889,81,4211117,5889784
63000,0.00010790590604992446,0.051666666666666666,0.00010619311389040186,0.00001256412798839482,1.1935483870967742,1.0,0.39507899077148034,signatures/ed8c9f1bea5c2ebd636c8071bcf97c5a.sig.gz,"GCA_944336125.1 uncultured Clostridia bacterium, BRZ_N__bin158",ed8c9f1bea5c2ebd636c8071bcf97c5a,0.0525,62000,499,259138000,/nfs3_ib/nfs-ip34/home/def-ilafores/analysis/MethodsComparison/Feces_RA/preproc/SRR5091491/SRR5091491_unmatched_2.fastq,SRR5091491,73ba07a58ee5da0cad9c8d73f47c9913,583842000,31,DNA,1000,583842,true,0.7447897937326523,0.9093159652298678,0.82705287948126,0.9093159652298678,74,4211191,5889784
494000,0.0008461193268041697,0.01882781658062557,0.00010619311389040186,0.00005891557313477031,5.596774193548387,3.0,8.867227950698943,signatures/ad88132eb529dcc3d2bfa18338979035.sig.gz,"GCF_018784445.1 Gemmiger formicilis strain=MCC627, ASM1878444v1",ad88132eb529dcc3d2bfa18338979035,0.1500151837230489,62000,500,259076000,/nfs3_ib/nfs-ip34/home/def-ilafores/analysis/MethodsComparison/Feces_RA/preproc/SRR5091491/SRR5091491_unmatched_2.fastq,SRR5091491,73ba07a58ee5da0cad9c8d73f47c9913,583842000,31,DNA,1000,583842,true,0.7959483573801206,0.9406405931794689,0.8682944752797948,0.9406405931794689,347,4211538,5889784
246000,0.0004213468712425622,0.02883720930232558,0.00010619311389040186,0.000028523966243923375,2.7096774193548385,2.0,2.542459418740391,signatures/a312bbc49f9ac8e30ea558fc18d3a17e.sig.gz,"GCA_934668605.1 uncultured Oscillospiraceae bacterium, ERR7738557_bin.153",a312bbc49f9ac8e30ea558fc18d3a17e,0.1144186046511628,62000,501,259014000,/nfs3_ib/nfs-ip34/home/def-ilafores/analysis/MethodsComparison/Feces_RA/preproc/SRR5091491/SRR5091491_unmatched_2.fastq,SRR5091491,73ba07a58ee5da0cad9c8d73f47c9913,583842000,31,DNA,1000,583842,true,0.7782469226083836,0.932457237318645,0.8553520799635144,0.932457237318645,168,4211706,5889784
170000,0.0002911746671188438,0.015636822194199245,0.00010619311389040186,0.000033957102671337354,3.225806451612903,3.0,2.217375336268955,signatures/a626fcf07db053930cdae0da08f149fb.sig.gz,"GCA_021771675.1 Oscillospiraceae bacterium, ASM2177167v1",a626fcf07db053930cdae0da08f149fb,0.04287515762925599,62000,502,258952000,/nfs3_ib/nfs-ip34/home/def-ilafores/analysis/MethodsComparison/Feces_RA/preproc/SRR5091491/SRR5091491_unmatched_2.fastq,SRR5091491,73ba07a58ee5da0cad9c8d73f47c9913,583842000,31,DNA,1000,583842,true,0.7690249644661273,0.9033948369844362,0.8362099007252818,0.9033948369844362,200,4211906,5889784
148000,0.00025349323960934634,0.023168908819133034,0.00010619311389040186,0.00001579005274217187,1.5,1.0,0.8181410872885416,signatures/b6956acdda77c6decc5414b61065d697.sig.gz,"GCA_934444645.1 uncultured Eubacteriales bacterium, ERR7746061_bin.201",b6956acdda77c6decc5414b61065d697,0.05530642750373692,62000,503,258890000,/nfs3_ib/nfs-ip34/home/def-ilafores/analysis/MethodsComparison/Feces_RA/preproc/SRR5091491/SRR5091491_unmatched_2.fastq,SRR5091491,73ba07a58ee5da0cad9c8d73f47c9913,583842000,31,DNA,1000,583842,true,0.7655946951673057,0.9108447813492451,0.8382197382582754,0.9108447813492451,93,4211999,5889784
486000,0.0008324169895279887,0.018879415347137638,0.00010619311389040186,0.000033787317157980665,3.2096774193548385,2.0,3.069817146882949,signatures/c9db8a0f1ca1dc314b40e6758f8144cd.sig.gz,"GCA_001312505.1 [Ruminococcus] faecis JCM 15917 strain=JCM 15917, ASM131250v1",c9db8a0f1ca1dc314b40e6758f8144cd,0.14799025578562727,62000,504,258828000,/nfs3_ib/nfs-ip34/home/def-ilafores/analysis/MethodsComparison/Feces_RA/preproc/SRR5091491/SRR5091491_unmatched_2.fastq,SRR5091491,73ba07a58ee5da0cad9c8d73f47c9913,583842000,31,DNA,1000,583842,true,0.7955292624661217,0.9402283163838051,0.8678787894249633,0.9402283163838051,199,4212198,5889784
62000,0.00010619311389040186,0.034482758620689655,0.00010619311389040186,0.000015110910688745122,1.435483870967742,1.0,1.1725484753984416,signatures/6158aea07610227ca207beeffaa33a20.sig.gz,GCA_959600905.1 uncultured Eubacteriales bacterium SRR16279983_bin.24_MetaWRAP_v1.3_MAG,6158aea07610227ca207beeffaa33a20,0.034482758620689655,62000,505,258766000,/nfs3_ib/nfs-ip34/home/def-ilafores/analysis/MethodsComparison/Feces_RA/preproc/SRR5091491/SRR5091491_unmatched_2.fastq,SRR5091491,73ba07a58ee5da0cad9c8d73f47c9913,583842000,31,DNA,1000,583842,true,0.7444054770853036,0.8970690454600941,0.8207372612726989,0.8970690454600941,89,4212287,5889784
154000,0.00026376999256648204,0.01603724780134506,0.00010619311389040186,0.00003939023909875133,3.7419354838709675,3.0,2.221126449690581,signatures/f1529d187738c701201061869337c490.sig.gz,GCA_902461525.1 uncultured Odoribacter sp. UHGG-TPA_MGYG-HGUT-00343,f1529d187738c701201061869337c490,0.03983445421624418,62000,506,258704000,/nfs3_ib/nfs-ip34/home/def-ilafores/analysis/MethodsComparison/Feces_RA/preproc/SRR5091491/SRR5091491_unmatched_2.fastq,SRR5091491,73ba07a58ee5da0cad9c8d73f47c9913,583842000,31,DNA,1000,583842,true,0.7665767756424463,0.901253699334094,0.8339152374882701,0.901253699334094,232,4212519,5889784
566000,0.0009694403622897976,0.022423146473779385,0.00010619311389040186,0.0004178421483708061,39.693548387096776,41.5,32.01188726268145,signatures/88f1b5eec91b23fd70f1b11b9f13bd9a.sig.gz,"GCF_023347275.1 Faecalibacterium sp. I3389 strain=I3389, ASM2334727v1",88f1b5eec91b23fd70f1b11b9f13bd9a,0.2047016274864376,62000,507,258642000,/nfs3_ib/nfs-ip34/home/def-ilafores/analysis/MethodsComparison/Feces_RA/preproc/SRR5091491/SRR5091491_unmatched_2.fastq,SRR5091491,73ba07a58ee5da0cad9c8d73f47c9913,583842000,31,DNA,1000,583842,true,0.7994494409322942,0.9501192260533838,0.874784333492839,0.9501192260533838,2461,4214980,5889784
714000,0.0012229336018991439,0.03277807630306287,0.00010448032173087925,0.00003141031997098705,3.0327868852459017,2.0,2.1113837674848446,signatures/3184c6d141fc4e3be7623a5249204946.sig.gz,"GCA_900551205.1 uncultured Collinsella sp., UMGS1376",3184c6d141fc4e3be7623a5249204946,0.38366469639978507,61000,508,258581000,/nfs3_ib/nfs-ip34/home/def-ilafores/analysis/MethodsComparison/Feces_RA/preproc/SRR5091491/SRR5091491_unmatched_2.fastq,SRR5091491,73ba07a58ee5da0cad9c8d73f47c9913,583842000,31,DNA,1000,583842,true,0.8054623672019052,0.9695698264980176,0.8875160968499614,0.9695698264980176,185,4215165,5889784
750000,0.001284594119641958,0.01658510059815117,0.00010448032173087925,0.000042785949365885064,4.131147540983607,3.0,6.341317569655004,signatures/c0b7275583c6d00545f71fe5228d88e6.sig.gz,"GCF_003474435.1 Ruminococcus sp. AF46-10NS strain=AF46-10NS, ASM347443v1",c0b7275583c6d00545f71fe5228d88e6,0.2039151712887439,61000,509,258520000,/nfs3_ib/nfs-ip34/home/def-ilafores/analysis/MethodsComparison/Feces_RA/preproc/SRR5091491/SRR5091491_unmatched_2.fastq,SRR5091491,73ba07a58ee5da0cad9c8d73f47c9913,583842000,31,DNA,1000,583842,true,0.8067414750090617,0.950001254226994,0.8783713646180278,0.950001254226994,252,4215417,5889784
192000,0.0003288560946283412,0.02862595419847328,0.00010276752957135663,0.000018167049929165485,1.7833333333333334,1.0,1.0660154261964923,signatures/869985e70c32e591e6285fe72afbedc4.sig.gz,"GCA_018716365.1 Candidatus Caccocola faecipullorum, ASM1871636v1",869985e70c32e591e6285fe72afbedc4,0.0916030534351145,60000,510,258460000,/nfs3_ib/nfs-ip34/home/def-ilafores/analysis/MethodsComparison/Feces_RA/preproc/SRR5091491/SRR5091491_unmatched_2.fastq,SRR5091491,73ba07a58ee5da0cad9c8d73f47c9913,583842000,31,DNA,1000,583842,true,0.7720498651512807,0.9257915749155157,0.8489207200333981,0.9257915749155157,107,4215524,5889784
294000,0.0005035608948996476,0.023446658851113716,0.00010276752957135663,0.00015110910688745122,14.833333333333334,5.0,32.45980420287357,signatures/1c3ea5fbf00ea2a5dc8cb8d21cd793e8.sig.gz,"GCA_900757715.1 uncultured Veillonella sp., ERS537359_13",1c3ea5fbf00ea2a5dc8cb8d21cd793e8,0.11488862837045721,60000,511,258400000,/nfs3_ib/nfs-ip34/home/def-ilafores/analysis/MethodsComparison/Feces_RA/preproc/SRR5091491/SRR5091491_unmatched_2.fastq,SRR5091491,73ba07a58ee5da0cad9c8d73f47c9913,583842000,31,DNA,1000,583842,true,0.7827346878458633,0.9325805559146063,0.8576576218802348,0.9325805559146063,890,4216414,5889784
88000,0.00015072571003798974,0.025295109612141653,0.00010276752957135663,0.000014431768635318375,1.4166666666666667,1.0,0.8620067027323833,signatures/49dcdd923b23ff76cce47322e7d74c92.sig.gz,GCA_902493155.1 uncultured Eubacteriales bacterium UHGG-TPA_MGYG-HGUT-04184,49dcdd923b23ff76cce47322e7d74c92,0.03709949409780776,60000,512,258340000,/nfs3_ib/nfs-ip34/home/def-ilafores/analysis/MethodsComparison/Feces_RA/preproc/SRR5091491/SRR5091491_unmatched_2.fastq,SRR5091491,73ba07a58ee5da0cad9c8d73f47c9913,583842000,31,DNA,1000,583842,true,0.7528625954758568,0.8991881610797613,0.8260253782778091,0.8991881610797613,85,4216499,5889784
405000,0.0006936808246066573,0.01627137341423056,0.00010105473741183403,0.000050765868493649345,5.067796610169491,2.0,15.79300897337834,signatures/c7c1a160793d1ec9d73e128c1ab0fc90.sig.gz,"GCF_003478505.1 Clostridium sp. AF27-2AA strain=AF27-2AA, ASM347850v1",c7c1a160793d1ec9d73e128c1ab0fc90,0.11169332597904026,59000,513,258281000,/nfs3_ib/nfs-ip34/home/def-ilafores/analysis/MethodsComparison/Feces_RA/preproc/SRR5091491/SRR5091491_unmatched_2.fastq,SRR5091491,73ba07a58ee5da0cad9c8d73f47c9913,583842000,31,DNA,1000,583842,true,0.7908642157738132,0.9317324061742451,0.8612983109740291,0.9317324061742451,299,4216798,5889784
236000,0.0004042189496473361,0.01631186065800387,0.00010105473741183403,0.000014941125175388436,1.4915254237288136,1.0,0.9455136054902612,signatures/e1fbc41917c85d73c7a6f99bdf6f2a40.sig.gz,"GCF_900120005.1 Holdemania sp. Marseille-P2844 strain=Marseille-P2844, PRJEB18022",e1fbc41917c85d73c7a6f99bdf6f2a40,0.06524744263201548,59000,514,258222000,/nfs3_ib/nfs-ip34/home/def-ilafores/analysis/MethodsComparison/Feces_RA/preproc/SRR5091491/SRR5091491_unmatched_2.fastq,SRR5091491,73ba07a58ee5da0cad9c8d73f47c9913,583842000,31,DNA,1000,583842,true,0.7772057797221794,0.9157145455077318,0.8464601626149556,0.9157145455077318,88,4216886,5889784
1160000,0.0019868389050462284,0.016235553109521187,0.00010105473741183403,0.00009660795709995477,9.64406779661017,4.0,28.37626288497901,signatures/b6c8062e93e41571a0a6b95431f1f8fa.sig.gz,GCA_948742525.1 Bacteroides caecimuris MGBC150249,b6c8062e93e41571a0a6b95431f1f8fa,0.31920748486516237,59000,515,258163000,/nfs3_ib/nfs-ip34/home/def-ilafores/analysis/MethodsComparison/Feces_RA/preproc/SRR5091491/SRR5091491_unmatched_2.fastq,SRR5091491,73ba07a58ee5da0cad9c8d73f47c9913,583842000,31,DNA,1000,583842,true,0.8181707639910969,0.9638342544710151,0.8910025092310561,0.9638342544710151,569,4217455,5889784
579000,0.0009917066603635915,0.021129326047358836,0.00009934194525231141,0.00026622368494328487,27.03448275862069,22.0,26.752354403150605,signatures/d5330fc8a7b2b48d024b6fb23f5b2ee5.sig.gz,"GCA_900765705.1 uncultured Faecalibacterium sp., SRS294968_37",d5330fc8a7b2b48d024b6fb23f5b2ee5,0.21092896174863388,58000,516,258105000,/nfs3_ib/nfs-ip34/home/def-ilafores/analysis/MethodsComparison/Feces_RA/preproc/SRR5091491/SRR5091491_unmatched_2.fastq,SRR5091491,73ba07a58ee5da0cad9c8d73f47c9913,583842000,31,DNA,1000,583842,true,0.800035275385518,0.9510381583572391,0.8755367168713786,0.9510381583572391,1568,4219023,5889784
60000,0.00010276752957135663,0.019781718963165076,0.00009934194525231141,0.000011375629394898013,1.1551724137931034,1.0,0.406911162800205,signatures/ab967fd2dfcb86cfa024ea0a0c23d343.sig.gz,"GCA_904399395.1 uncultured Clostridia bacterium, Coassembly_mag_77",ab967fd2dfcb86cfa024ea0a0c23d343,0.020463847203274217,58000,517,258047000,/nfs3_ib/nfs-ip34/home/def-ilafores/analysis/MethodsComparison/Feces_RA/preproc/SRR5091491/SRR5091491_unmatched_2.fastq,SRR5091491,73ba07a58ee5da0cad9c8d73f47c9913,583842000,31,DNA,1000,583842,true,0.7436185087255934,0.8820957281268231,0.8128571184262083,0.8820957281268231,67,4219090,5889784
93000,0.0001592896708356028,0.009887487214456188,0.00009934194525231141,0.00061954733823855,62.91379310344828,62.0,46.46477512042511,signatures/94e3f5a2030805fe7783ec2f5159183c.sig.gz,"GCA_023404095.1 Proteobacteria bacterium, ASM2340409v1",94e3f5a2030805fe7783ec2f5159183c,0.015854074326628026,58000,518,257989000,/nfs3_ib/nfs-ip34/home/def-ilafores/analysis/MethodsComparison/Feces_RA/preproc/SRR5091491/SRR5091491_unmatched_2.fastq,SRR5091491,73ba07a58ee5da0cad9c8d73f47c9913,583842000,31,DNA,1000,583842,true,0.7542058957938966,0.8748629579297564,0.8145344268618265,0.8748629579297564,3649,4222739,5889784
167000,0.000286036290640276,0.01703017627726322,0.00009762915309278881,0.00001731812236238205,1.7894736842105263,1.0,1.3342563748653713,signatures/64bdeced835cf37ccd544091da8553bd.sig.gz,"GCF_023516715.1 Akkermansia sp. Marseille-P6666 strain=Marseille-P6666, ASM2351671v1",64bdeced835cf37ccd544091da8553bd,0.049895428742157154,57000,519,257932000,/nfs3_ib/nfs-ip34/home/def-ilafores/analysis/MethodsComparison/Feces_RA/preproc/SRR5091491/SRR5091491_unmatched_2.fastq,SRR5091491,73ba07a58ee5da0cad9c8d73f47c9913,583842000,31,DNA,1000,583842,true,0.768583407383199,0.907824627160506,0.8382040172718526,0.907824627160506,102,4222841,5889784
712000,0.0012195080175800986,0.0196078431372549,0.00009762915309278881,0.00008760932489205038,9.052631578947368,6.0,7.598294020512807,signatures/a52328ec5098a89a612ad31b11da90c5.sig.gz,GCA_937926875.1 uncultured Desulfovibrio sp. SRR8114105_bin.76_CONCOCT_v1.1_MAG,a52328ec5098a89a612ad31b11da90c5,0.24492604059167528,57000,520,257875000,/nfs3_ib/nfs-ip34/home/def-ilafores/analysis/MethodsComparison/Feces_RA/preproc/SRR5091491/SRR5091491_unmatched_2.fastq,SRR5091491,73ba07a58ee5da0cad9c8d73f47c9913,583842000,31,DNA,1000,583842,true,0.8053894878230811,0.9556336864276984,0.8805115871253897,0.9556336864276984,516,4223357,5889784
275000,0.0004710178438687179,0.018357487922705314,0.00009762915309278881,0.00002410954289664952,2.491228070175439,1.0,2.325471519947999,signatures/280d97bf248de94c9206f1365cbff16c.sig.gz,"GCF_018919205.1 Oscillibacter sp. MSJ-2 strain=MSJ-2, ASM1891920v1",280d97bf248de94c9206f1365cbff16c,0.08856682769726248,57000,521,257818000,/nfs3_ib/nfs-ip34/home/def-ilafores/analysis/MethodsComparison/Feces_RA/preproc/SRR5091491/SRR5091491_unmatched_2.fastq,SRR5091491,73ba07a58ee5da0cad9c8d73f47c9913,583842000,31,DNA,1000,583842,true,0.7810496183504619,0.9247854812397494,0.8529175497951056,0.9247854812397494,142,4223499,5889784
72000,0.00012332103548562797,0.03747534516765286,0.00009762915309278881,0.00001205477144832476,1.2456140350877194,1.0,0.5054336944171204,signatures/04be385b399a5ad7cd644ba48f9e388e.sig.gz,"GCA_905209135.1 uncultured Clostridiales bacterium, ERR1600622-mag-bin.54",04be385b399a5ad7cd644ba48f9e388e,0.047337278106508875,57000,522,257761000,/nfs3_ib/nfs-ip34/home/def-ilafores/analysis/MethodsComparison/Feces_RA/preproc/SRR5091491/SRR5091491_unmatched_2.fastq,SRR5091491,73ba07a58ee5da0cad9c8d73f47c9913,583842000,31,DNA,1000,583842,true,0.7480048686029025,0.9062846452540085,0.8271447569284556,0.9062846452540085,71,4223570,5889784
320000,0.0005480934910472354,0.019621583742116328,0.00009591636093326619,0.0006282063994197411,66.07142857142857,68.0,31.972564769801995,signatures/4c876ded057f86108bce5925182c8cc9.sig.gz,"GCA_934394815.1 uncultured Acetatifactor sp., ERR7745384_bin.115",4c876ded057f86108bce5925182c8cc9,0.11212333566923616,56000,523,257705000,/nfs3_ib/nfs-ip34/home/def-ilafores/analysis/MethodsComparison/Feces_RA/preproc/SRR5091491/SRR5091491_unmatched_2.fastq,SRR5091491,73ba07a58ee5da0cad9c8d73f47c9913,583842000,31,DNA,1000,583842,true,0.784877289167664,0.9318479037269166,0.8583625964472903,0.9318479037269166,3700,4227270,5889784
70000,0.00011989545116658273,0.03250145095763204,0.00009591636093326619,0.000012224556961681446,1.2857142857142858,1.0,0.6185895741317419,signatures/8eed4e61f2708fc7c6b4343282bec157.sig.gz,GCA_958436045.1 uncultured Oscillospiraceae bacterium SRR18940306_bin.18_MetaWRAP_v1.3_MAG,8eed4e61f2708fc7c6b4343282bec157,0.04062681369704005,56000,524,257649000,/nfs3_ib/nfs-ip34/home/def-ilafores/analysis/MethodsComparison/Feces_RA/preproc/SRR5091491/SRR5091491_unmatched_2.fastq,SRR5091491,73ba07a58ee5da0cad9c8d73f47c9913,583842000,31,DNA,1000,583842,true,0.7473254369389817,0.9018264990076824,0.824575967973332,0.9018264990076824,72,4227342,5889784
58000,0.00009934194525231141,0.025570776255707764,0.00009591636093326619,0.00001205477144832476,1.2678571428571428,1.0,0.4814810272397415,signatures/6a7525fbf195355fe28c1efaf3ebf95e.sig.gz,"GCA_900761905.1 Firmicutes bacterium, SRS104400_78",6a7525fbf195355fe28c1efaf3ebf95e,0.026484018264840183,56000,525,257593000,/nfs3_ib/nfs-ip34/home/def-ilafores/analysis/MethodsComparison/Feces_RA/preproc/SRR5091491/SRR5091491_unmatched_2.fastq,SRR5091491,73ba07a58ee5da0cad9c8d73f47c9913,583842000,31,DNA,1000,583842,true,0.7428057331896734,0.8894642805750341,0.8161350068823537,0.8894642805750341,71,4227413,5889784
384000,0.0006577121892566824,0.019451198332754428,0.00009591636093326619,0.000014601554148675062,1.5357142857142858,1.0,0.8856854834026604,signatures/f1fec379145b44d5e924313fee4cb62c.sig.gz,GCF_934424005.1 uncultured Blautia sp. ERR7738266_bin.34,f1fec379145b44d5e924313fee4cb62c,0.13337964571031607,56000,526,257537000,/nfs3_ib/nfs-ip34/home/def-ilafores/analysis/MethodsComparison/Feces_RA/preproc/SRR5091491/SRR5091491_unmatched_2.fastq,SRR5091491,73ba07a58ee5da0cad9c8d73f47c9913,583842000,31,DNA,1000,583842,true,0.7895070209581169,0.9370808926169373,0.8632939567875271,0.9370808926169373,86,4227499,5889784
68000,0.00011646986684753752,0.024888888888888887,0.00009591636093326619,0.000021902331223012594,2.3035714285714284,1.0,7.272550257296126,signatures/5da50facabccbafb569ad87346f2b1c1.sig.gz,"GCA_019421925.1 Clostridia bacterium, ASM1942192v1",5da50facabccbafb569ad87346f2b1c1,0.030222222222222223,56000,527,257481000,/nfs3_ib/nfs-ip34/home/def-ilafores/analysis/MethodsComparison/Feces_RA/preproc/SRR5091491/SRR5091491_unmatched_2.fastq,SRR5091491,73ba07a58ee5da0cad9c8d73f47c9913,583842000,31,DNA,1000,583842,true,0.7466269531190106,0.8932607897879404,0.8199438714534755,0.8932607897879404,129,4227628,5889784
161000,0.0002757595376831403,0.022337455125648185,0.00009591636093326619,0.00003361753164462398,3.5357142857142856,3.0,3.1901874425129555,signatures/8fd465a4d9644f17a5ff9e4514a8c6a5.sig.gz,"GCA_000436735.1 Firmicutes bacterium CAG:170, MGS170",8fd465a4d9644f17a5ff9e4514a8c6a5,0.06422018348623854,56000,528,257425000,/nfs3_ib/nfs-ip34/home/def-ilafores/analysis/MethodsComparison/Feces_RA/preproc/SRR5091491/SRR5091491_unmatched_2.fastq,SRR5091491,73ba07a58ee5da0cad9c8d73f47c9913,583842000,31,DNA,1000,583842,true,0.7676767798858007,0.9152458991950022,0.8414613395404015,0.9152458991950022,198,4227826,5889784
260000,0.00044532596147587873,0.04798628963153385,0.00009591636093326619,0.00006757463431596133,7.107142857142857,7.0,4.241287588476319,signatures/b583054d85871690f125cc245433f673.sig.gz,"GCA_934095965.1 uncultured Bacilli bacterium, ERR7745335_bin.465",b583054d85871690f125cc245433f673,0.22279348757497858,56000,529,257369000,/nfs3_ib/nfs-ip34/home/def-ilafores/analysis/MethodsComparison/Feces_RA/preproc/SRR5091491/SRR5091491_unmatched_2.fastq,SRR5091491,73ba07a58ee5da0cad9c8d73f47c9913,583842000,31,DNA,1000,583842,true,0.7796377135734375,0.9527184956846824,0.86617810462906,0.9527184956846824,398,4228224,5889784
397000,0.0006799784873304763,0.02196078431372549,0.00009591636093326619,0.000012903699015108193,1.3571428571428572,1.0,0.7423074889580902,signatures/30722b2c2fd9cb373ad391f527e6453d.sig.gz,"GCA_002492145.1 Sutterellaceae bacterium UBA7131, ASM249214v1",30722b2c2fd9cb373ad391f527e6453d,0.15568627450980393,56000,530,257313000,/nfs3_ib/nfs-ip34/home/def-ilafores/analysis/MethodsComparison/Feces_RA/preproc/SRR5091491/SRR5091491_unmatched_2.fastq,SRR5091491,73ba07a58ee5da0cad9c8d73f47c9913,583842000,31,DNA,1000,583842,true,0.7903554000681857,0.9417671961244909,0.8660612980963383,0.9417671961244909,76,4228300,5889784
219000,0.0003751014829354517,0.023759015697921087,0.00009591636093326619,0.00001986490506273235,2.0892857142857144,1.5,1.3793992703125428,signatures/b669ae6f1764f371f95c32067b3a6e5c.sig.gz,"GCA_905216215.1 uncultured bacterium, SRR7721880-mag-bin.41",b669ae6f1764f371f95c32067b3a6e5c,0.09291472210436996,56000,531,257257000,/nfs3_ib/nfs-ip34/home/def-ilafores/analysis/MethodsComparison/Feces_RA/preproc/SRR5091491/SRR5091491_unmatched_2.fastq,SRR5091491,73ba07a58ee5da0cad9c8d73f47c9913,583842000,31,DNA,1000,583842,true,0.775333716605125,0.926216267199021,0.850774991902073,0.926216267199021,117,4228417,5889784
57000,0.00009762915309278881,0.025724976613657625,0.00009420356877374358,9.847559774687833e-6,1.0545454545454545,1.0,0.22709083630539625,signatures/c5df505dd06ebc4c265f01d9e2dc2f2f.sig.gz,"GCF_007164725.1 Dialister hominis strain=5BBH33, ASM716472v1",c5df505dd06ebc4c265f01d9e2dc2f2f,0.02666043030869972,55000,532,257202000,/nfs3_ib/nfs-ip34/home/def-ilafores/analysis/MethodsComparison/Feces_RA/preproc/SRR5091491/SRR5091491_unmatched_2.fastq,SRR5091491,73ba07a58ee5da0cad9c8d73f47c9913,583842000,31,DNA,1000,583842,true,0.7423891182532897,0.8896547894625393,0.8160219538579145,0.8896547894625393,58,4228475,5889784
59000,0.00010105473741183403,0.027918781725888325,0.00009420356877374358,0.000014941125175388436,1.6,1.0,2.8322814446693294,signatures/f32544f1ff2081bd3fb53d0a29b0f113.sig.gz,"GCA_019421725.1 Clostridiales bacterium, ASM1942172v1",f32544f1ff2081bd3fb53d0a29b0f113,0.029949238578680204,55000,533,257147000,/nfs3_ib/nfs-ip34/home/def-ilafores/analysis/MethodsComparison/Feces_RA/preproc/SRR5091491/SRR5091491_unmatched_2.fastq,SRR5091491,73ba07a58ee5da0cad9c8d73f47c9913,583842000,31,DNA,1000,583842,true,0.7432154539882382,0.8929993738472994,0.8181074139177689,0.8929993738472994,88,4228563,5889784
620000,0.0010619311389040186,0.027093596059113302,0.00009420356877374358,0.000032429033051127174,3.4727272727272727,2.0,3.002147991352771,signatures/d639dc1eb59e3cead41ec747d39ff1cf.sig.gz,"GCA_019419095.1 Clostridiales bacterium, ASM1941909v1",d639dc1eb59e3cead41ec747d39ff1cf,0.3054187192118227,55000,534,257092000,/nfs3_ib/nfs-ip34/home/def-ilafores/analysis/MethodsComparison/Feces_RA/preproc/SRR5091491/SRR5091491_unmatched_2.fastq,SRR5091491,73ba07a58ee5da0cad9c8d73f47c9913,583842000,31,DNA,1000,583842,true,0.8018029031100439,0.9624623081025774,0.8821326056063106,0.9624623081025774,191,4228754,5889784
862000,0.0014764268415084904,0.011625449165081379,0.00009420356877374358,0.00011120951124862983,11.909090909090908,4.0,30.11207714659759,signatures/3a64fac11588ca9ed657a3aafee42bb8.sig.gz,GCA_030295565.1 Bacteroides finegoldii DSM 17565 strain=JCM 13345 ASM3029556v1,3a64fac11588ca9ed657a3aafee42bb8,0.1822024941872754,55000,535,257037000,/nfs3_ib/nfs-ip34/home/def-ilafores/analysis/MethodsComparison/Feces_RA/preproc/SRR5091491/SRR5091491_unmatched_2.fastq,SRR5091491,73ba07a58ee5da0cad9c8d73f47c9913,583842000,31,DNA,1000,583842,true,0.8103716809591253,0.9465573093589329,0.878464495159029,0.9465573093589329,655,4229409,5889784
58000,0.00009934194525231141,0.03229594832648268,0.00009420356877374358,0.000010696487341471266,1.1454545454545455,1.0,0.44387474966304374,signatures/17614bbd73d347820b89a3f3eeb35495.sig.gz,"GCA_900760825.1 Firmicutes bacterium, SRS018656_45",17614bbd73d347820b89a3f3eeb35495,0.03405754550792719,55000,536,256982000,/nfs3_ib/nfs-ip34/home/def-ilafores/analysis/MethodsComparison/Feces_RA/preproc/SRR5091491/SRR5091491_unmatched_2.fastq,SRR5091491,73ba07a58ee5da0cad9c8d73f47c9913,583842000,31,DNA,1000,583842,true,0.7428057331896734,0.8967100628132153,0.8197578980014444,0.8967100628132153,63,4229472,5889784
646000,0.0011064637350516064,0.008595988538681949,0.00009249077661422097,0.00004465359001280862,4.87037037037037,2.0,6.182551002609102,signatures/dc6a9b0fad3476e3575e1851945ed52d.sig.gz,GCF_905207245.1 uncultured Bacteroides sp. ERR321312-mag-bin.11,dc6a9b0fad3476e3575e1851945ed52d,0.10283349251830627,54000,537,256928000,/nfs3_ib/nfs-ip34/home/def-ilafores/analysis/MethodsComparison/Feces_RA/preproc/SRR5091491/SRR5091491_unmatched_2.fastq,SRR5091491,73ba07a58ee5da0cad9c8d73f47c9913,583842000,31,DNA,1000,583842,true,0.8028661262614915,0.9292517202421433,0.8660589232518174,0.9292517202421433,263,4229735,5889784
538000,0.0009214821818231644,0.010265349602944025,0.00009077798445469836,0.00013260248593157235,14.735849056603774,5.0,24.401632286414102,signatures/784476b4d53154790cd4a65d89ed4816.sig.gz,"GCF_014287585.1 Parabacteroides sp. N37 strain=N37, ASM1428758v1",784476b4d53154790cd4a65d89ed4816,0.1042029827619601,53000,538,256875000,/nfs3_ib/nfs-ip34/home/def-ilafores/analysis/MethodsComparison/Feces_RA/preproc/SRR5091491/SRR5091491_unmatched_2.fastq,SRR5091491,73ba07a58ee5da0cad9c8d73f47c9913,583842000,31,DNA,1000,583842,true,0.7981421084035576,0.9296483750847829,0.8638952417441703,0.9296483750847829,781,4230516,5889784
202000,0.00034598401622356733,0.012911084043848964,0.00009077798445469836,0.000036843456398401025,4.09433962264151,1.0,12.940012759819025,signatures/3f5e042dde22a559937bb52d73a1aae8.sig.gz,GCF_019249655.2 Segatella copri strain=HDE06 ASM1924965v2,3f5e042dde22a559937bb52d73a1aae8,0.04920828258221681,53000,539,256822000,/nfs3_ib/nfs-ip34/home/def-ilafores/analysis/MethodsComparison/Feces_RA/preproc/SRR5091491/SRR5091491_unmatched_2.fastq,SRR5091491,73ba07a58ee5da0cad9c8d73f47c9913,583842000,31,DNA,1000,583842,true,0.7733153775607104,0.9074186147653334,0.8403669961630219,0.9074186147653334,217,4230733,5889784
313000,0.0005361039459305772,0.015597410241318423,0.00009077798445469836,0.00003293838959119723,3.660377358490566,2.0,4.157028130343659,signatures/7d337d86c2794fd2e2c741b522fd664e.sig.gz,"GCA_900753305.1 Lachnospiraceae bacterium, ERS396355_14",7d337d86c2794fd2e2c741b522fd664e,0.09211300765155975,53000,540,256769000,/nfs3_ib/nfs-ip34/home/def-ilafores/analysis/MethodsComparison/Feces_RA/preproc/SRR5091491/SRR5091491_unmatched_2.fastq,SRR5091491,73ba07a58ee5da0cad9c8d73f47c9913,583842000,31,DNA,1000,583842,true,0.7843174965353596,0.9259573829575277,0.8551374397464437,0.9259573829575277,194,4230927,5889784
256000,0.0004384747928377883,0.010131905945325941,0.00009077798445469836,0.00004414423347273856,4.90566037735849,3.0,9.026719563237561,signatures/bdd388a4da94ca47ceed0590e7e3dcaf.sig.gz,"GCF_003479425.1 Odoribacter sp. AF15-53 strain=AF15-53, ASM347942v1",bdd388a4da94ca47ceed0590e7e3dcaf,0.04893901739629134,53000,541,256716000,/nfs3_ib/nfs-ip34/home/def-ilafores/analysis/MethodsComparison/Feces_RA/preproc/SRR5091491/SRR5091491_unmatched_2.fastq,SRR5091491,73ba07a58ee5da0cad9c8d73f47c9913,583842000,31,DNA,1000,583842,true,0.7792478869180431,0.9072580166329922,0.8432529517755176,0.9072580166329922,260,4231187,5889784
740000,0.0012674661980467319,0.013877768881772085,0.00008906519229517576,0.000025807398030216387,2.923076923076923,2.0,3.167419198448197,signatures/cb9cfd710212a550257ed974f220e156.sig.gz,"GCF_009707925.1 Blautia luti DSM 14534 strain=DSM 14534, ASM970792v1",cb9cfd710212a550257ed974f220e156,0.19749132639444889,52000,542,256664000,/nfs3_ib/nfs-ip34/home/def-ilafores/analysis/MethodsComparison/Feces_RA/preproc/SRR5091491/SRR5091491_unmatched_2.fastq,SRR5091491,73ba07a58ee5da0cad9c8d73f47c9913,583842000,31,DNA,1000,583842,true,0.8063922310381517,0.949020825541951,0.8777065282900514,0.949020825541951,152,4231339,5889784
106000,0.00018155596890939672,0.02507232401157184,0.00008906519229517576,0.00003293838959119723,3.730769230769231,1.0,17.414754337602737,signatures/6ae7252350ff4291e0c4d1aa196fa568.sig.gz,"GCA_900544705.1 uncultured Clostridiales bacterium, UMGS700",6ae7252350ff4291e0c4d1aa196fa568,0.05110896817743491,52000,543,256612000,/nfs3_ib/nfs-ip34/home/def-ilafores/analysis/MethodsComparison/Feces_RA/preproc/SRR5091491/SRR5091491_unmatched_2.fastq,SRR5091491,73ba07a58ee5da0cad9c8d73f47c9913,583842000,31,DNA,1000,583842,true,0.7573958486237774,0.9085286278969574,0.8329622382603674,0.9085286278969574,194,4231533,5889784
428000,0.0007330750442756773,0.015873015873015872,0.00008906519229517576,0.00005619900492106332,6.365384615384615,2.0,16.21849472071675,signatures/9e471117913907283503d1bbd660072a.sig.gz,"GCF_003480315.1 Clostridium sp. AM33-3 strain=AM33-3, ASM348031v1",9e471117913907283503d1bbd660072a,0.13064713064713065,52000,544,256560000,/nfs3_ib/nfs-ip34/home/def-ilafores/analysis/MethodsComparison/Feces_RA/preproc/SRR5091491/SRR5091491_unmatched_2.fastq,SRR5091491,73ba07a58ee5da0cad9c8d73f47c9913,583842000,31,DNA,1000,583842,true,0.7922746421966722,0.9364553880347374,0.8643650151157047,0.9364553880347374,331,4231864,5889784
236000,0.0004042189496473361,0.014464534075104311,0.00008906519229517576,0.00001731812236238205,1.9615384615384615,1.0,1.493080687983206,signatures/6e3a2758267e039511b3797a1ada5a62.sig.gz,"GCF_016899775.1 Pseudoflavonifractor capillosus strain=An827, ASM1689977v1",6e3a2758267e039511b3797a1ada5a62,0.06564673157162726,52000,545,256508000,/nfs3_ib/nfs-ip34/home/def-ilafores/analysis/MethodsComparison/Feces_RA/preproc/SRR5091491/SRR5091491_unmatched_2.fastq,SRR5091491,73ba07a58ee5da0cad9c8d73f47c9913,583842000,31,DNA,1000,583842,true,0.7772057797221794,0.9158947806446629,0.8465502801834212,0.9158947806446629,102,4231966,5889784
843000,0.0014438837904775608,0.020708880923934688,0.00008906519229517576,0.000024618899436719582,2.7884615384615383,2.0,1.7578017134777533,signatures/959c3c94d4f9c70fc6afef496c8754ac.sig.gz,"GCF_003459505.1 Collinsella sp. AF20-14LB strain=AF20-14LB, ASM345950v1",959c3c94d4f9c70fc6afef496c8754ac,0.33572281959378736,52000,546,256456000,/nfs3_ib/nfs-ip34/home/def-ilafores/analysis/MethodsComparison/Feces_RA/preproc/SRR5091491/SRR5091491_unmatched_2.fastq,SRR5091491,73ba07a58ee5da0cad9c8d73f47c9913,583842000,31,DNA,1000,583842,true,0.8097892510904082,0.9654039247411625,0.8875965879157854,0.9654039247411625,145,4232111,5889784
476000,0.0008152890679327627,0.022250748823277707,0.00008906519229517576,0.000017148336849025363,1.9423076923076923,1.0,1.2155002379277293,signatures/989f95eb6a92b81ce4653530dd63443a.sig.gz,"GCA_934309195.1 uncultured Dorea sp., ERR7738244_bin.78",989f95eb6a92b81ce4653530dd63443a,0.20367993153615746,52000,547,256404000,/nfs3_ib/nfs-ip34/home/def-ilafores/analysis/MethodsComparison/Feces_RA/preproc/SRR5091491/SRR5091491_unmatched_2.fastq,SRR5091491,73ba07a58ee5da0cad9c8d73f47c9913,583842000,31,DNA,1000,583842,true,0.7949959037379941,0.9499658816907837,0.8724808927143889,0.9499658816907837,101,4232212,5889784
318000,0.0005446679067281901,0.0165710643722116,0.00008906519229517576,0.0001820100703183682,20.615384615384617,20.0,18.429860642815765,signatures/5478be96f29df07ac140e04dcfb01cbc.sig.gz,"GCA_934351925.1 uncultured Lachnospiraceae bacterium, ERR7745362_bin.13",5478be96f29df07ac140e04dcfb01cbc,0.10133843212237094,52000,548,256352000,/nfs3_ib/nfs-ip34/home/def-ilafores/analysis/MethodsComparison/Feces_RA/preproc/SRR5091491/SRR5091491_unmatched_2.fastq,SRR5091491,73ba07a58ee5da0cad9c8d73f47c9913,583842000,31,DNA,1000,583842,true,0.7847185672551805,0.9288128162113036,0.856765691733242,0.9288128162113036,1072,4233284,5889784
271000,0.00046416667523062745,0.02869757174392936,0.00008906519229517576,0.00003141031997098705,3.5576923076923075,3.0,1.747673855536394,signatures/3c4ec003d4d6d77302f8bc2138962390.sig.gz,"GCA_934668295.1 uncultured Oscillospiraceae bacterium, ERR7738611_bin.284",3c4ec003d4d6d77302f8bc2138962390,0.14955849889624723,52000,549,256300000,/nfs3_ib/nfs-ip34/home/def-ilafores/analysis/MethodsComparison/Feces_RA/preproc/SRR5091491/SRR5091491_unmatched_2.fastq,SRR5091491,73ba07a58ee5da0cad9c8d73f47c9913,583842000,31,DNA,1000,583842,true,0.7806805392841706,0.9405480841930198,0.8606143117385952,0.9405480841930198,185,4233469,5889784
511000,0.000875236793516054,0.02444870565675935,0.00008735240013565314,0.000022751258789796026,2.627450980392157,2.0,2.0384613989595333,signatures/90b92750dc8865ed4f4ab15e1fc4c9f1.sig.gz,"GCF_002834225.1 Ruminococcus bromii strain=ATCC 27255, ASM283422v1",90b92750dc8865ed4f4ab15e1fc4c9f1,0.24496644295302014,51000,550,256249000,/nfs3_ib/nfs-ip34/home/def-ilafores/analysis/MethodsComparison/Feces_RA/preproc/SRR5091491/SRR5091491_unmatched_2.fastq,SRR5091491,73ba07a58ee5da0cad9c8d73f47c9913,583842000,31,DNA,1000,583842,true,0.7968175469374474,0.9556387711458058,0.8762281590416265,0.9556387711458058,134,4233603,5889784
52000,0.00008906519229517576,0.019960861056751468,0.00008735240013565314,0.000011205843881541327,1.2941176470588236,1.0,0.534830654783759,signatures/adc06ebb1b2b94e80dbb79bc17b0383d.sig.gz,"GCA_944324045.1 uncultured Desulfovibrionaceae bacterium, E02__bin324",adc06ebb1b2b94e80dbb79bc17b0383d,0.020352250489236792,51000,551,256198000,/nfs3_ib/nfs-ip34/home/def-ilafores/analysis/MethodsComparison/Feces_RA/preproc/SRR5091491/SRR5091491_unmatched_2.fastq,SRR5091491,73ba07a58ee5da0cad9c8d73f47c9913,583842000,31,DNA,1000,583842,true,0.740193760170231,0.8819401434845197,0.8110669518273753,0.8819401434845197,66,4233669,5889784
232000,0.00039736778100924564,0.025848960973137353,0.00008735240013565314,0.00003293838959119723,3.803921568627451,3.0,3.834925199787626,signatures/8341d47d0dbda33b8ea6a5744c1a7dd6.sig.gz,"GCA_900550685.1 uncultured Oscillibacter sp., UMGS1325",8341d47d0dbda33b8ea6a5744c1a7dd6,0.11758743030917385,51000,552,256147000,/nfs3_ib/nfs-ip34/home/def-ilafores/analysis/MethodsComparison/Feces_RA/preproc/SRR5091491/SRR5091491_unmatched_2.fastq,SRR5091491,73ba07a58ee5da0cad9c8d73f47c9913,583842000,31,DNA,1000,583842,true,0.7767773206918832,0.9332793184326323,0.8550283195622578,0.9332793184326323,194,4233863,5889784
74000,0.00012674661980467317,0.022707034728406055,0.00008735240013565314,0.00001103605836818464,1.2745098039215685,1.0,0.6591269142733964,signatures/e43897bfe79b05a0dde2d5fd666e20a2.sig.gz,"GCF_014384805.1 Guopingia tenuis strain=NSJ-63, ASM1438480v1",e43897bfe79b05a0dde2d5fd666e20a2,0.03294746215494212,51000,553,256096000,/nfs3_ib/nfs-ip34/home/def-ilafores/analysis/MethodsComparison/Feces_RA/preproc/SRR5091491/SRR5091491_unmatched_2.fastq,SRR5091491,73ba07a58ee5da0cad9c8d73f47c9913,583842000,31,DNA,1000,583842,true,0.7486662758833283,0.8957520389782545,0.8222091574307915,0.8957520389782545,65,4233928,5889784
478000,0.0008187146522518078,0.013669257571696597,0.00008735240013565314,0.0002348133649722978,27.11764705882353,14.0,40.97758691965384,signatures/0e52a65e33f6ee0b7a154267a57215c3.sig.gz,"GCA_902363675.1 Lachnospiraceae bacterium, MGYG-HGUT-00136",0e52a65e33f6ee0b7a154267a57215c3,0.12811578665237203,51000,554,256045000,/nfs3_ib/nfs-ip34/home/def-ilafores/analysis/MethodsComparison/Feces_RA/preproc/SRR5091491/SRR5091491_unmatched_2.fastq,SRR5091491,73ba07a58ee5da0cad9c8d73f47c9913,583842000,31,DNA,1000,583842,true,0.7951034374952358,0.9358645324669393,0.8654839849810876,0.9358645324669393,1383,4235311,5889784
358000,0.0006131795931090945,0.020572811617587738,0.00008735240013565314,0.00002478868495007627,2.8627450980392157,3.0,1.7379231220517914,signatures/7695bbe360ec6fd8cf64ff8a40a94795.sig.gz,GCF_025567365.1 Anaerostipes amylophilus strain=H1_26 ASM2556736v1,7695bbe360ec6fd8cf64ff8a40a94795,0.1444130697862041,51000,555,255994000,/nfs3_ib/nfs-ip34/home/def-ilafores/analysis/MethodsComparison/Feces_RA/preproc/SRR5091491/SRR5091491_unmatched_2.fastq,SRR5091491,73ba07a58ee5da0cad9c8d73f47c9913,583842000,31,DNA,1000,583842,true,0.7877234903163474,0.9394864748842038,0.8636049826002756,0.9394864748842038,146,4235457,5889784
328000,0.0005617958283234163,0.020523138832997986,0.00008735240013565314,0.000039560024612108013,4.568627450980392,4.0,2.561057547804815,signatures/92d91872d7582a5e83126fd34493120f.sig.gz,"GCA_017935365.1 Ruminiclostridium sp., ASM1793536v1",92d91872d7582a5e83126fd34493120f,0.13199195171026157,51000,556,255943000,/nfs3_ib/nfs-ip34/home/def-ilafores/analysis/MethodsComparison/Feces_RA/preproc/SRR5091491/SRR5091491_unmatched_2.fastq,SRR5091491,73ba07a58ee5da0cad9c8d73f47c9913,583842000,31,DNA,1000,583842,true,0.7855027211541852,0.9367647992684636,0.8611337602113244,0.9367647992684636,233,4235690,5889784
148000,0.00025349323960934634,0.022193211488250653,0.00008735240013565314,0.000015450481715458497,1.7843137254901962,1.0,1.9932604631922384,signatures/1d03946016b6c79a7af97205e3f16cfa.sig.gz,"GCA_900551415.1 uncultured Clostridiales bacterium, UMGS1400",1d03946016b6c79a7af97205e3f16cfa,0.06440382941688425,51000,557,255892000,/nfs3_ib/nfs-ip34/home/def-ilafores/analysis/MethodsComparison/Feces_RA/preproc/SRR5091491/SRR5091491_unmatched_2.fastq,SRR5091491,73ba07a58ee5da0cad9c8d73f47c9913,583842000,31,DNA,1000,583842,true,0.7655946951673057,0.9153302104678075,0.8404624528175566,0.9153302104678075,91,4235781,5889784
155000,0.00026548278472600465,0.02385496183206107,0.00008563960797613052,0.000016978551335668677,2.0,1.0,1.5231546211727816,signatures/336fdd1d8d82c0233e1908f55469e858.sig.gz,"GCA_003538135.1 Ruminococcaceae bacterium, ASM353813v1",336fdd1d8d82c0233e1908f55469e858,0.07395038167938932,50000,558,255842000,/nfs3_ib/nfs-ip34/home/def-ilafores/analysis/MethodsComparison/Feces_RA/preproc/SRR5091491/SRR5091491_unmatched_2.fastq,SRR5091491,73ba07a58ee5da0cad9c8d73f47c9913,583842000,31,DNA,1000,583842,true,0.7667368465234959,0.9194205513521496,0.8430786989378227,0.9194205513521496,100,4235881,5889784
156000,0.00026719557688552727,0.0205761316872428,0.00008563960797613052,0.00006010407172826712,7.08,3.5,11.050502251029137,signatures/a33f25b041efc3165c23efdcc5ed1db7.sig.gz,"GCA_004556455.1 Clostridiales bacterium, ASM455645v1",a33f25b041efc3165c23efdcc5ed1db7,0.06419753086419754,50000,559,255792000,/nfs3_ib/nfs-ip34/home/def-ilafores/analysis/MethodsComparison/Feces_RA/preproc/SRR5091491/SRR5091491_unmatched_2.fastq,SRR5091491,73ba07a58ee5da0cad9c8d73f47c9913,583842000,31,DNA,1000,583842,true,0.7668959211057571,0.9152354832861747,0.8410657021959659,0.9152354832861747,354,4236235,5889784
392000,0.0006714145265328634,0.013931457230426303,0.00008563960797613052,0.000047539943739872295,5.6,2.0,24.379499584692052,signatures/e74ad9130b727000e44fbbf62543e5bf.sig.gz,"GCF_019734885.1 Coprococcus catus strain=VPIC661, ASM1973488v1",e74ad9130b727000e44fbbf62543e5bf,0.10922262468654222,50000,560,255742000,/nfs3_ib/nfs-ip34/home/def-ilafores/analysis/MethodsComparison/Feces_RA/preproc/SRR5091491/SRR5091491_unmatched_2.fastq,SRR5091491,73ba07a58ee5da0cad9c8d73f47c9913,583842000,31,DNA,1000,583842,true,0.7900323269946125,0.9310603368065883,0.8605463319006004,0.9310603368065883,280,4236515,5889784
445000,0.0007621925109875617,0.014322543683758236,0.00008563960797613052,0.000029542679324063496,3.48,2.0,3.9508986319570374,signatures/a328cbd6edfe4173abf2caacb5b06412.sig.gz,"GCA_019117165.1 Candidatus Butyricimonas faecavium, ASM1911716v1",a328cbd6edfe4173abf2caacb5b06412,0.1274706387854483,50000,561,255692000,/nfs3_ib/nfs-ip34/home/def-ilafores/analysis/MethodsComparison/Feces_RA/preproc/SRR5091491/SRR5091491_unmatched_2.fastq,SRR5091491,73ba07a58ee5da0cad9c8d73f47c9913,583842000,31,DNA,1000,583842,true,0.7932707503861058,0.9357121383041982,0.864491444345152,0.9357121383041982,174,4236689,5889784
531000,0.0009094926367065062,0.015792798483891344,0.00008563960797613052,0.0000988151687735917,11.64,3.5,18.47242268897071,signatures/1536305f1db2c6485876fc17c9a7e45f.sig.gz,"GCF_010509575.1 Faecalibacterium prausnitzii A2-165 strain=JCM 31915, ASM1050957v1",1536305f1db2c6485876fc17c9a7e45f,0.16771951989892608,50000,562,255642000,/nfs3_ib/nfs-ip34/home/def-ilafores/analysis/MethodsComparison/Feces_RA/preproc/SRR5091491/SRR5091491_unmatched_2.fastq,SRR5091491,73ba07a58ee5da0cad9c8d73f47c9913,583842000,31,DNA,1000,583842,true,0.7978049893234201,0.9440316786969257,0.8709183340101729,0.9440316786969257,582,4237271,5889784
113000,0.000193545514026055,0.00911743253099927,0.00008563960797613052,0.0000115454149082547,1.36,1.0,0.71442284397967,signatures/71376661ad64839b457f6ba38d3bc105.sig.gz,"GCF_019042245.1 Diplocloster modestus strain=ASD4241, ASM1904224v1",71376661ad64839b457f6ba38d3bc105,0.02060539752005835,50000,563,255592000,/nfs3_ib/nfs-ip34/home/def-ilafores/analysis/MethodsComparison/Feces_RA/preproc/SRR5091491/SRR5091491_unmatched_2.fastq,SRR5091491,73ba07a58ee5da0cad9c8d73f47c9913,583842000,31,DNA,1000,583842,true,0.7589598644222099,0.8822918961232881,0.820625880272749,0.8822918961232881,68,4237339,5889784
