intersect_bp,f_orig_query,f_match,f_unique_to_query,f_unique_weighted,average_abund,median_abund,std_abund,match_filename,match_name,match_md5,f_match_orig,unique_intersect_bp,gather_result_rank,remaining_bp,query_filename,query_name,query_md5,query_bp,ksize,moltype,scaled,query_n_hashes,query_abundance,query_containment_ani,match_containment_ani,average_containment_ani,max_containment_ani,n_unique_weighted_found,sum_weighted_found,total_weighted_hashes
4565000,0.020759341703766695,0.8284936479128857,0.020759341703766695,0.1148445596052472,65.98357064622125,54.0,78.52049741503272,signatures/f906f0ea3324bc6db880a742f3f0b0ba.sig.gz,"GCF_013009555.1 Bacteroides dorei strain=DSM 17855, ASM1300955v1",f906f0ea3324bc6db880a742f3f0b0ba,0.8284936479128857,4565000,0,215336000,/nfs3_ib/nfs-ip34/home/def-ilafores/analysis/MethodsComparison/Feces_RA/preproc/SRR5091584/SRR5091584_unmatched_2.fastq,SRR5091584,f1d5e549cd08f6d3d416c232d6d5bc46,219901000,31,DNA,1000,219901,true,0.8825037652765598,0.9939491512418305,0.9382264582591952,0.9939491512418305,301215,301215,2622806
3286000,0.014943088025975325,0.5707826086956522,0.01492489802229185,0.006314992416518797,5.046617915904936,3.0,11.198881661798849,signatures/c08f8e47dd318b08d89c36c36e6da9e1.sig.gz,"GCF_000210075.1 Bacteroides xylanisolvens XB1A strain=XB1A, ASM21007v1",c08f8e47dd318b08d89c36c36e6da9e1,0.5714782608695652,3282000,1,212054000,/nfs3_ib/nfs-ip34/home/def-ilafores/analysis/MethodsComparison/Feces_RA/preproc/SRR5091584/SRR5091584_unmatched_2.fastq,SRR5091584,f1d5e549cd08f6d3d416c232d6d5bc46,219901000,31,DNA,1000,219901,true,0.8731944751413634,0.9821125960574375,0.9276535355994004,0.9821125960574375,16563,317778,2622806
3084000,0.014024492839959801,0.7956129032258065,0.014019945339038931,0.013387951682282259,11.38955562763542,7.0,39.467009933301455,signatures/873a8b7cc5e0a6e07152a8bfd5c774b1.sig.gz,"GCF_003473545.1 Clostridium sp. AM22-11AC strain=AM22-11AC, ASM347354v1",873a8b7cc5e0a6e07152a8bfd5c774b1,0.7958709677419354,3083000,2,208971000,/nfs3_ib/nfs-ip34/home/def-ilafores/analysis/MethodsComparison/Feces_RA/preproc/SRR5091584/SRR5091584_unmatched_2.fastq,SRR5091584,f1d5e549cd08f6d3d416c232d6d5bc46,219901000,31,DNA,1000,219901,true,0.8714092519247498,0.992661952455535,0.9320356021901424,0.992661952455535,35114,352892,2622806
3232000,0.014697522976248403,0.6248150496723737,0.013442412722088576,0.008310565097075423,7.37381596752368,5.0,15.201665715072693,signatures/3a64fac11588ca9ed657a3aafee42bb8.sig.gz,GCA_030295565.1 Bacteroides finegoldii DSM 17565 strain=JCM 13345 ASM3029556v1,3a64fac11588ca9ed657a3aafee42bb8,0.6831536673007821,2956000,3,206015000,/nfs3_ib/nfs-ip34/home/def-ilafores/analysis/MethodsComparison/Feces_RA/preproc/SRR5091584/SRR5091584_unmatched_2.fastq,SRR5091584,f1d5e549cd08f6d3d416c232d6d5bc46,219901000,31,DNA,1000,219901,true,0.8727278667351845,0.9877837651992118,0.9302558159671982,0.9877837651992118,21797,374689,2622806
3099000,0.014092705353772834,0.6546472564389698,0.013292345191699901,0.011986018028020372,10.755046185425932,7.0,30.131293343392894,signatures/a65db27ac6f6490cca7eeb016c93eea7.sig.gz,"GCF_000382445.1 Bacteroides massiliensis B84634 = Timone 84634 = DSM 17679 = JCM 13223 strain=DSM 17679, Bact_mass_DSM_17679_V1",a65db27ac6f6490cca7eeb016c93eea7,0.6940649496080628,2923000,4,203092000,/nfs3_ib/nfs-ip34/home/def-ilafores/analysis/MethodsComparison/Feces_RA/preproc/SRR5091584/SRR5091584_unmatched_2.fastq,SRR5091584,f1d5e549cd08f6d3d416c232d6d5bc46,219901000,31,DNA,1000,219901,true,0.8715456528513765,0.9882888021805677,0.9299172275159722,0.9882888021805677,31437,406126,2622806
2919000,0.013274155188016426,0.8010485651214128,0.013201395173282523,0.010153629357260888,9.173613503272477,7.0,15.825330802331445,signatures/4f9f7653a293be189ac633bff28f9766.sig.gz,"GCF_008121495.1 [Ruminococcus] gnavus ATCC 29149 strain=JCM6515, ASM812149v1",4f9f7653a293be189ac633bff28f9766,0.8054635761589404,2903000,5,200189000,/nfs3_ib/nfs-ip34/home/def-ilafores/analysis/MethodsComparison/Feces_RA/preproc/SRR5091584/SRR5091584_unmatched_2.fastq,SRR5091584,f1d5e549cd08f6d3d416c232d6d5bc46,219901000,31,DNA,1000,219901,true,0.8698649565690825,0.9930456715783303,0.9314553140737064,0.9930456715783303,26631,432757,2622806
2884000,0.013114992655786013,0.6717267552182163,0.012878522607900829,0.0709358602961866,65.69597457627118,65.0,34.609306668723555,signatures/e869cf0b15c41500b90acfad5f73aa6d.sig.gz,"GCF_900537995.1 Roseburia intestinalis L1-82 strain=L1-82, Roseburia intestinalis strain L1-82",e869cf0b15c41500b90acfad5f73aa6d,0.6840607210626186,2832000,6,197357000,/nfs3_ib/nfs-ip34/home/def-ilafores/analysis/MethodsComparison/Feces_RA/preproc/SRR5091584/SRR5091584_unmatched_2.fastq,SRR5091584,f1d5e549cd08f6d3d416c232d6d5bc46,219901000,31,DNA,1000,219901,true,0.8695265362875836,0.9878260452940274,0.9286762907908055,0.9878260452940274,186051,618808,2622806
2840000,0.01291490261526778,0.6746841593780369,0.012628410057253037,0.006208617793309913,5.86388188692834,4.0,13.040455974579295,signatures/06f53d8a347ef84d19961ba77261cd81.sig.gz,GCA_003471165.1 Ruminococcus sp. AM22-13 strain=AM22-13 ASM347116v1,06f53d8a347ef84d19961ba77261cd81,0.6899902818270165,2777000,7,194580000,/nfs3_ib/nfs-ip34/home/def-ilafores/analysis/MethodsComparison/Feces_RA/preproc/SRR5091584/SRR5091584_unmatched_2.fastq,SRR5091584,f1d5e549cd08f6d3d416c232d6d5bc46,219901000,31,DNA,1000,219901,true,0.8690954094483951,0.9881011079290741,0.9285982586887347,0.9881011079290741,16284,635092,2622806
2770000,0.012596577550806953,0.5634871794871795,0.012491985029626968,0.0031351918517801163,2.993447397160539,2.0,3.883725110361646,signatures/5feebdfe795727335c87e462e7a7cc14.sig.gz,"GCF_000012845.1 Parabacteroides distasonis ATCC 8503 strain=ATCC 8503, ASM1284v1",5feebdfe795727335c87e462e7a7cc14,0.5682051282051283,2747000,8,191833000,/nfs3_ib/nfs-ip34/home/def-ilafores/analysis/MethodsComparison/Feces_RA/preproc/SRR5091584/SRR5091584_unmatched_2.fastq,SRR5091584,f1d5e549cd08f6d3d416c232d6d5bc46,219901000,31,DNA,1000,219901,true,0.8683960206486233,0.9819306385695028,0.9251633296090631,0.9819306385695028,8223,643315,2622806
2860000,0.013005852633685158,0.6986652977412731,0.012378297506605246,0.014898166315007667,14.355253490080823,13.0,18.027771354169,signatures/0878062848e44bf823b15b8a5d1eba75.sig.gz,GCF_025147325.1 Bacteroides stercoris ATCC 43183 strain=ATCC 43183 ASM2514732v1,0878062848e44bf823b15b8a5d1eba75,0.7340862422997947,2722000,9,189111000,/nfs3_ib/nfs-ip34/home/def-ilafores/analysis/MethodsComparison/Feces_RA/preproc/SRR5091584/SRR5091584_unmatched_2.fastq,SRR5091584,f1d5e549cd08f6d3d416c232d6d5bc46,219901000,31,DNA,1000,219901,true,0.8692921717243254,0.9900776589814011,0.9296849153528632,0.9900776589814011,39075,682390,2622806
2601000,0.011828049895180104,0.6520706937483514,0.01124142227638801,0.01103169658754784,11.704692556634305,10.0,15.057796225572012,signatures/0c12e5258167a95b3340bc8d07d5f489.sig.gz,GCF_027667425.1 Fusicatenibacter saccharivorans strain=AM67-22ACA ASM2766742v1,0c12e5258167a95b3340bc8d07d5f489,0.6860986547085202,2472000,10,186639000,/nfs3_ib/nfs-ip34/home/def-ilafores/analysis/MethodsComparison/Feces_RA/preproc/SRR5091584/SRR5091584_unmatched_2.fastq,SRR5091584,f1d5e549cd08f6d3d416c232d6d5bc46,219901000,31,DNA,1000,219901,true,0.8666343683982364,0.9879208410479484,0.9272776047230924,0.9879208410479484,28934,711324,2622806
2462000,0.011195947267179322,0.5013235593565465,0.011195947267179322,0.0064183168713202576,6.83753046303818,6.0,5.408909376563166,signatures/60bfe150353edefcbd7db7314951359d.sig.gz,"GCF_003697165.2 Escherichia coli DSM 30083 = JCM 1649 = ATCC 11775 strain=ATCC 11775, ASM369716v2",60bfe150353edefcbd7db7314951359d,0.5013235593565465,2462000,11,184177000,/nfs3_ib/nfs-ip34/home/def-ilafores/analysis/MethodsComparison/Feces_RA/preproc/SRR5091584/SRR5091584_unmatched_2.fastq,SRR5091584,f1d5e549cd08f6d3d416c232d6d5bc46,219901000,31,DNA,1000,219901,true,0.8651003323201456,0.9779719323729087,0.9215361323465272,0.9779719323729087,16834,728158,2622806
2447000,0.011127734753366288,0.511889035667107,0.010572939641020277,0.0042424029836747364,4.7858064516129035,3.0,17.171611125654792,signatures/2fc80b3803e2d9af5d93edb14dd1cc3b.sig.gz,GCF_025147485.1 Bacteroides uniformis strain=ATCC 8492 ASM2514748v1,2fc80b3803e2d9af5d93edb14dd1cc3b,0.538749449581682,2325000,12,181852000,/nfs3_ib/nfs-ip34/home/def-ilafores/analysis/MethodsComparison/Feces_RA/preproc/SRR5091584/SRR5091584_unmatched_2.fastq,SRR5091584,f1d5e549cd08f6d3d416c232d6d5bc46,219901000,31,DNA,1000,219901,true,0.8649298059482096,0.980245956093774,0.9225878810209918,0.980245956093774,11127,739285,2622806
3970000,0.018053578655849677,0.4414,0.010036334532357742,0.03708013478694192,44.066153149071134,43.0,23.470583750816566,signatures/960cc77fc7b96d595712107aaa1524b5.sig.gz,"GCF_000012825.1 Bacteroides vulgatus ATCC 8482 strain=ATCC 8482, ASM1282v1",960cc77fc7b96d595712107aaa1524b5,0.794,2207000,13,179645000,/nfs3_ib/nfs-ip34/home/def-ilafores/analysis/MethodsComparison/Feces_RA/preproc/SRR5091584/SRR5091584_unmatched_2.fastq,SRR5091584,f1d5e549cd08f6d3d416c232d6d5bc46,219901000,31,DNA,1000,219901,true,0.878537100734796,0.9925865895189081,0.935561845126852,0.9925865895189081,97254,836539,2622806
2350000,0.010686627164042001,0.6379865378987416,0.009913552007494282,0.00505298523794745,6.079357798165137,4.0,20.45650197326199,signatures/c46ef26c3dda193f461131a83430ee5d.sig.gz,"GCA_003481745.1 Firmicutes bacterium OM04-13BH strain=OM04-13BH, ASM348174v1",c46ef26c3dda193f461131a83430ee5d,0.6877377816798361,2180000,14,177465000,/nfs3_ib/nfs-ip34/home/def-ilafores/analysis/MethodsComparison/Feces_RA/preproc/SRR5091584/SRR5091584_unmatched_2.fastq,SRR5091584,f1d5e549cd08f6d3d416c232d6d5bc46,219901000,31,DNA,1000,219901,true,0.8638020189316077,0.9879968885470232,0.9258994537393155,0.9879968885470232,13253,849792,2622806
2153000,0.00979076948263082,0.4137458390444488,0.009608869445796062,0.0023341413737806,2.89730241362991,2.0,4.930214110989266,signatures/04aa080cf3e9b8b1c3da8ae092b76373.sig.gz,"GCF_014288095.1 Bacteroides sp. NSJ-2 strain=NSJ-2, ASM1428809v1",04aa080cf3e9b8b1c3da8ae092b76373,0.4215782259643626,2113000,15,175352000,/nfs3_ib/nfs-ip34/home/def-ilafores/analysis/MethodsComparison/Feces_RA/preproc/SRR5091584/SRR5091584_unmatched_2.fastq,SRR5091584,f1d5e549cd08f6d3d416c232d6d5bc46,219901000,31,DNA,1000,219901,true,0.8613658300661255,0.9725216894667928,0.9169437597664591,0.9725216894667928,6122,855914,2622806
2083000,0.009472444418169995,0.49453681710213776,0.009467896917249126,0.001579987235045215,1.9903938520653217,2.0,1.4746998387241386,signatures/cc12d773ab5e963153ff177deb96fd6b.sig.gz,"GCF_003006155.1 Salinicola tamaricis strain=F01, ASM300615v1",cc12d773ab5e963153ff177deb96fd6b,0.4947743467933492,2082000,16,173270000,/nfs3_ib/nfs-ip34/home/def-ilafores/analysis/MethodsComparison/Feces_RA/preproc/SRR5091584/SRR5091584_unmatched_2.fastq,SRR5091584,f1d5e549cd08f6d3d416c232d6d5bc46,219901000,31,DNA,1000,219901,true,0.8604479074745943,0.9775571732941889,0.9190025403843916,0.9775571732941889,4144,860058,2622806
2303000,0.010472894620761161,0.3233333333333333,0.009263259375810023,0.001935713125560945,2.4923907707412862,2.0,6.509881920588348,signatures/df098e390010d8add7b59e4ff0574d30.sig.gz,"GCF_000011065.1 Bacteroides thetaiotaomicron VPI-5482 strain=VPI-5482, ASM1106v1",df098e390010d8add7b59e4ff0574d30,0.3655555555555556,2037000,17,171233000,/nfs3_ib/nfs-ip34/home/def-ilafores/analysis/MethodsComparison/Feces_RA/preproc/SRR5091584/SRR5091584_unmatched_2.fastq,SRR5091584,f1d5e549cd08f6d3d416c232d6d5bc46,219901000,31,DNA,1000,219901,true,0.8632392623461876,0.9680587665754882,0.9156490144608379,0.9680587665754882,5077,865135,2622806
2145000,0.009754389475263869,0.5791167007897046,0.009004051823320494,0.00737073195653815,9.763636363636364,3.0,25.85309490312113,signatures/8c91537000df08516afde1ea4eac7752.sig.gz,GCF_025149785.1 Coprococcus comes ATCC 27758 strain=ATCC 27758 ASM2514978v1,8c91537000df08516afde1ea4eac7752,0.6273764258555133,1980000,18,169253000,/nfs3_ib/nfs-ip34/home/def-ilafores/analysis/MethodsComparison/Feces_RA/preproc/SRR5091584/SRR5091584_unmatched_2.fastq,SRR5091584,f1d5e549cd08f6d3d416c232d6d5bc46,219901000,31,DNA,1000,219901,true,0.8612623982994717,0.98507353502302,0.9231679666612458,0.98507353502302,19332,884467,2622806
2130000,0.009686176961450835,0.5366847826086957,0.00898131431871615,0.005027058806484353,6.675949367088608,4.0,11.768583098628937,signatures/c2d8b6207a026871224ccd15d94fc35d.sig.gz,"GCF_003435375.1 Clostridium sp. AM34-11AC strain=AM34-11AC, ASM343537v1",c2d8b6207a026871224ccd15d94fc35d,0.5788043478260869,1975000,19,167278000,/nfs3_ib/nfs-ip34/home/def-ilafores/analysis/MethodsComparison/Feces_RA/preproc/SRR5091584/SRR5091584_unmatched_2.fastq,SRR5091584,f1d5e549cd08f6d3d416c232d6d5bc46,219901000,31,DNA,1000,219901,true,0.861067453544216,0.9825162342016001,0.921791843872908,0.9825162342016001,13185,897652,2622806
1991000,0.009054074333450053,0.6442885771543087,0.00877212927635618,0.06343282728497647,86.24779678589942,84.0,30.76140689299607,signatures/26a39e5fdeb7c2d1c6b61c8b390b7046.sig.gz,"GCF_020564355.1 Lachnospira pectinoschiza strain=SL.1.13, ASM2056435v1",26a39e5fdeb7c2d1c6b61c8b390b7046,0.6649966599866399,1929000,20,165349000,/nfs3_ib/nfs-ip34/home/def-ilafores/analysis/MethodsComparison/Feces_RA/preproc/SRR5091584/SRR5091584_unmatched_2.fastq,SRR5091584,f1d5e549cd08f6d3d416c232d6d5bc46,219901000,31,DNA,1000,219901,true,0.8591950053481029,0.9869257920139064,0.9230603986810046,0.9869257920139064,166372,1064024,2622806
3238000,0.014724807981773617,0.29713493530499074,0.00877212927635618,0.002300208250248017,3.1275272161741836,2.0,3.991607856990992,signatures/514bdd6aa640f40cc6414be0e11ec2f6.sig.gz,"GCF_001314995.1 Bacteroides ovatus strain=ATCC 8483, ASM131499v1",514bdd6aa640f40cc6414be0e11ec2f6,0.49876771410967347,1929000,21,163420000,/nfs3_ib/nfs-ip34/home/def-ilafores/analysis/MethodsComparison/Feces_RA/preproc/SRR5091584/SRR5091584_unmatched_2.fastq,SRR5091584,f1d5e549cd08f6d3d416c232d6d5bc46,219901000,31,DNA,1000,219901,true,0.8727800831718329,0.9778106990694382,0.9252953911206355,0.9778106990694382,6033,1070057,2622806
1939000,0.008817604285564868,0.61435124508519,0.008526564226629256,0.026287495148325877,36.77173333333333,26.0,48.57918512760604,signatures/58b144de4acaed89ce9d8071641d7213.sig.gz,"GCF_023347255.1 Faecalibacterium sp. I4384 strain=I4384, ASM2334725v1",58b144de4acaed89ce9d8071641d7213,0.6353211009174312,1875000,22,161545000,/nfs3_ib/nfs-ip34/home/def-ilafores/analysis/MethodsComparison/Feces_RA/preproc/SRR5091584/SRR5091584_unmatched_2.fastq,SRR5091584,f1d5e549cd08f6d3d416c232d6d5bc46,219901000,31,DNA,1000,219901,true,0.8584618249924558,0.9854734868114381,0.921967655901947,0.9854734868114381,68947,1139004,2622806
1988000,0.009040431830687446,0.5656288156288156,0.00842651920637014,0.004002583492641087,5.665407447382623,4.0,7.327013964128407,signatures/9e471117913907283503d1bbd660072a.sig.gz,"GCF_003480315.1 Clostridium sp. AM33-3 strain=AM33-3, ASM348031v1",9e471117913907283503d1bbd660072a,0.6068376068376068,1853000,23,159692000,/nfs3_ib/nfs-ip34/home/def-ilafores/analysis/MethodsComparison/Feces_RA/preproc/SRR5091584/SRR5091584_unmatched_2.fastq,SRR5091584,f1d5e549cd08f6d3d416c232d6d5bc46,219901000,31,DNA,1000,219901,true,0.8591532129895852,0.9840164037998521,0.9215848083947187,0.9840164037998521,10498,1149502,2622806
1998000,0.009085906839896135,0.4058771542200619,0.008353759191636237,0.0015506293641237667,2.2139357648339684,2.0,1.6679963703064826,signatures/47030cb09435e5a03e1ce6a49f0753a5.sig.gz,"GCF_002222615.2 Bacteroides caccae strain=ATCC 43185, ASM222261v2",47030cb09435e5a03e1ce6a49f0753a5,0.4414494034467521,1837000,24,157855000,/nfs3_ib/nfs-ip34/home/def-ilafores/analysis/MethodsComparison/Feces_RA/preproc/SRR5091584/SRR5091584_unmatched_2.fastq,SRR5091584,f1d5e549cd08f6d3d416c232d6d5bc46,219901000,31,DNA,1000,219901,true,0.8592922843440746,0.9739676815994361,0.9166299829717554,0.9739676815994361,4067,1153569,2622806
1869000,0.008499279221104042,0.45989717223650384,0.008135479147434527,0.02623068576173762,38.45612073784237,40.0,33.00295399382556,signatures/0af939165079e9d7e74d2ed29256e457.sig.gz,"GCF_003437535.1 Bacteroides plebeius strain=TF10-3AC, ASM343753v1",0af939165079e9d7e74d2ed29256e457,0.48046272493573267,1789000,25,156066000,/nfs3_ib/nfs-ip34/home/def-ilafores/analysis/MethodsComparison/Feces_RA/preproc/SRR5091584/SRR5091584_unmatched_2.fastq,SRR5091584,f1d5e549cd08f6d3d416c232d6d5bc46,219901000,31,DNA,1000,219901,true,0.8574442140155415,0.9766320178465905,0.917038115931066,0.9766320178465905,68798,1222367,2622806
1799000,0.008180954156643216,0.6653963414634146,0.007939936607837162,0.008368137025765535,12.570446735395189,11.0,9.869591695491158,signatures/9d842f452bc2873386caa06583d801ad.sig.gz,GCF_030296915.1 Anaerostipes hadrus ATCC 29173 = JCM 17467 strain=JCM 17467 ASM3029691v1,9d842f452bc2873386caa06583d801ad,0.6855945121951219,1746000,26,154320000,/nfs3_ib/nfs-ip34/home/def-ilafores/analysis/MethodsComparison/Feces_RA/preproc/SRR5091584/SRR5091584_unmatched_2.fastq,SRR5091584,f1d5e549cd08f6d3d416c232d6d5bc46,219901000,31,DNA,1000,219901,true,0.8563890298669764,0.9878974159364445,0.9221432229017105,0.9878974159364445,21948,1244315,2622806
1709000,0.007771679073765012,0.5315904139433552,0.007767131572844144,0.0016688233899114155,2.562646370023419,2.0,2.0489182669500017,signatures/ece36072373c7b77383d2692bfd3aee1.sig.gz,"GCF_014131695.1 Erysipelatoclostridium ramosum DSM 1402 strain=DSM 1402, ASM1413169v1",ece36072373c7b77383d2692bfd3aee1,0.5319016495487083,1708000,27,152612000,/nfs3_ib/nfs-ip34/home/def-ilafores/analysis/MethodsComparison/Feces_RA/preproc/SRR5091584/SRR5091584_unmatched_2.fastq,SRR5091584,f1d5e549cd08f6d3d416c232d6d5bc46,219901000,31,DNA,1000,219901,true,0.8549723941634225,0.9798415452575361,0.9174069697104793,0.9798415452575361,4377,1248692,2622806
1888000,0.008585681738600552,0.5779441797140912,0.007721656563635454,0.0289403791206822,44.70259128386337,45.0,34.33870309705544,signatures/c7d4730d7ef725fd5e285130d735d8de.sig.gz,"GCF_020687245.1 Faecalibacterium longum CLA-AA-H243 strain=CLA-AA-H243, ASM2068724v1",c7d4730d7ef725fd5e285130d735d8de,0.6426140231449966,1698000,28,150914000,/nfs3_ib/nfs-ip34/home/def-ilafores/analysis/MethodsComparison/Feces_RA/preproc/SRR5091584/SRR5091584_unmatched_2.fastq,SRR5091584,f1d5e549cd08f6d3d416c232d6d5bc46,219901000,31,DNA,1000,219901,true,0.8577240226654796,0.9858363899206971,0.9217802062930884,0.9858363899206971,75905,1324597,2622806
1685000,0.007662539051664158,0.5814917127071824,0.007657991550743289,0.002588449164749509,4.031472684085511,3.0,6.42475781902336,signatures/68febb7358a4837cbde8eb55523b5d94.sig.gz,"GCF_900106845.1 Romboutsia timonensis strain=Marseille-P326, PRJEB14233",68febb7358a4837cbde8eb55523b5d94,0.5818370165745856,1684000,29,149230000,/nfs3_ib/nfs-ip34/home/def-ilafores/analysis/MethodsComparison/Feces_RA/preproc/SRR5091584/SRR5091584_unmatched_2.fastq,SRR5091584,f1d5e549cd08f6d3d416c232d6d5bc46,219901000,31,DNA,1000,219901,true,0.8545824270593728,0.9826818770015556,0.9186321520304642,0.9826818770015556,6789,1331386,2622806
1755000,0.007980864116124984,0.6028828828828828,0.007607969040613731,0.025101360908889182,39.352062163777646,39.0,16.785515120586528,signatures/1c86d14b5e74b8fcf07a707c63c50911.sig.gz,GCF_003458705.1 Eubacterium sp. AF22-9 strain=AF22-9 ASM345870v1,1c86d14b5e74b8fcf07a707c63c50911,0.6324324324324324,1673000,30,147557000,/nfs3_ib/nfs-ip34/home/def-ilafores/analysis/MethodsComparison/Feces_RA/preproc/SRR5091584/SRR5091584_unmatched_2.fastq,SRR5091584,f1d5e549cd08f6d3d416c232d6d5bc46,219901000,31,DNA,1000,219901,true,0.8557052388363429,0.9853286279890514,0.9205169334126971,0.9853286279890514,65836,1397222,2622806
1893000,0.008608419243204896,0.4778735632183908,0.007562494031405041,0.00228877011872018,3.6097414311485267,2.0,7.244618638103374,signatures/973528e45f46317bdf684a7aee9fd592.sig.gz,"GCF_003122485.1 Eubacterium ramulus strain=21, ASM312248v1",973528e45f46317bdf684a7aee9fd592,0.5439655172413793,1663000,31,145894000,/nfs3_ib/nfs-ip34/home/def-ilafores/analysis/MethodsComparison/Feces_RA/preproc/SRR5091584/SRR5091584_unmatched_2.fastq,SRR5091584,f1d5e549cd08f6d3d416c232d6d5bc46,219901000,31,DNA,1000,219901,true,0.8577972036052052,0.9805506777296585,0.9191739406674319,0.9805506777296585,6003,1403225,2622806
1880000,0.0085493017312336,0.5573041395826206,0.007407879000095497,0.03158487512991811,50.85389809699202,49.0,23.863269557546154,signatures/df3b4f1c13844c81b29c16b0c900e1c5.sig.gz,GCA_025757845.1 Oscillospiraceae bacterium ASM2575784v1,df3b4f1c13844c81b29c16b0c900e1c5,0.6431748203900103,1629000,32,144265000,/nfs3_ib/nfs-ip34/home/def-ilafores/analysis/MethodsComparison/Feces_RA/preproc/SRR5091584/SRR5091584_unmatched_2.fastq,SRR5091584,f1d5e549cd08f6d3d416c232d6d5bc46,219901000,31,DNA,1000,219901,true,0.8576065421408889,0.9858641304985217,0.9217353363197054,0.9858641304985217,82841,1486066,2622806
1606000,0.007303286478915512,0.3414841590474165,0.007303286478915512,0.0015990507875916098,2.61145703611457,2.0,3.983898882431543,signatures/a6b8e518d3bc515b84f06dbef9a7a4a5.sig.gz,"GCF_006742065.1 Clostridium butyricum strain=NBRC 13949, ASM674206v1",a6b8e518d3bc515b84f06dbef9a7a4a5,0.3414841590474165,1606000,33,142659000,/nfs3_ib/nfs-ip34/home/def-ilafores/analysis/MethodsComparison/Feces_RA/preproc/SRR5091584/SRR5091584_unmatched_2.fastq,SRR5091584,f1d5e549cd08f6d3d416c232d6d5bc46,219901000,31,DNA,1000,219901,true,0.8532597050172349,0.9659339652637666,0.9095968351405008,0.9659339652637666,4194,1490260,2622806
1521000,0.006916748900641653,0.6790178571428571,0.006916748900641653,0.002276188174039559,3.9250493096646943,3.0,3.012079081852465,signatures/4a2b47d34bd15d9d4bd0eea00bcee953.sig.gz,"GCF_000196555.1 Bifidobacterium longum subsp. longum JCM 1217 strain=JCM 1217, ASM19655v1",4a2b47d34bd15d9d4bd0eea00bcee953,0.6790178571428571,1521000,34,141138000,/nfs3_ib/nfs-ip34/home/def-ilafores/analysis/MethodsComparison/Feces_RA/preproc/SRR5091584/SRR5091584_unmatched_2.fastq,SRR5091584,f1d5e549cd08f6d3d416c232d6d5bc46,219901000,31,DNA,1000,219901,true,0.8517642728085563,0.9875902933495704,0.9196772830790634,0.9875902933495704,5970,1496230,2622806
1476000,0.00671211135920255,0.42582247051520794,0.0062391712634321805,0.001499539043299428,2.866618075801749,2.0,5.869486191688807,signatures/d857a1209d50af1cfcfc6c682397f261.sig.gz,"GCF_000173975.1 Anaerobutyricum hallii DSM 3353 strain=DSM 3353, ASM17397v1",d857a1209d50af1cfcfc6c682397f261,0.4581005586592179,1372000,35,139766000,/nfs3_ib/nfs-ip34/home/def-ilafores/analysis/MethodsComparison/Feces_RA/preproc/SRR5091584/SRR5091584_unmatched_2.fastq,SRR5091584,f1d5e549cd08f6d3d416c232d6d5bc46,219901000,31,DNA,1000,219901,true,0.850939497252631,0.9751316492650046,0.9130355732588178,0.9751316492650046,3933,1500163,2622806
1474000,0.006703016357360812,0.38270176453572463,0.006016343718309603,0.0017485090395553465,3.4663643235071806,2.0,6.807206466188268,signatures/4d1fd4a988e75787682a232c846bb78e.sig.gz,GCF_025567265.1 Dorea amylophila strain=H5_25 ASM2556726v1,4d1fd4a988e75787682a232c846bb78e,0.42638125542377786,1323000,36,138443000,/nfs3_ib/nfs-ip34/home/def-ilafores/analysis/MethodsComparison/Feces_RA/preproc/SRR5091584/SRR5091584_unmatched_2.fastq,SRR5091584,f1d5e549cd08f6d3d416c232d6d5bc46,219901000,31,DNA,1000,219901,true,0.8509022781813153,0.972877150294882,0.9118897142380986,0.972877150294882,4586,1504749,2622806
1417000,0.006443808804871283,0.3888391524917935,0.005925393699892224,0.0012059603340849458,2.4274750575594783,2.0,3.8713874942224074,signatures/fc9dd651768c64db338b7a7b51da8c0f.sig.gz,"GCF_001517625.2 Clostridium sp. AT4 strain=AT5, Clostridium bouchedurhonense",fc9dd651768c64db338b7a7b51da8c0f,0.42285884810504326,1303000,37,137140000,/nfs3_ib/nfs-ip34/home/def-ilafores/analysis/MethodsComparison/Feces_RA/preproc/SRR5091584/SRR5091584_unmatched_2.fastq,SRR5091584,f1d5e549cd08f6d3d416c232d6d5bc46,219901000,31,DNA,1000,219901,true,0.8498204586598915,0.9726168469376436,0.9112186527987676,0.9726168469376436,3163,1507912,2622806
1303000,0.005925393699892224,0.7250973845297718,0.005925393699892224,0.002018830214663227,4.063699155794321,3.0,2.974141945958782,signatures/db87a3b1962a5c2c11fa11423e499893.sig.gz,"GCA_019113195.1 Candidatus Parasutterella gallistercoris, ASM1911319v1",db87a3b1962a5c2c11fa11423e499893,0.7250973845297718,1303000,38,135837000,/nfs3_ib/nfs-ip34/home/def-ilafores/analysis/MethodsComparison/Feces_RA/preproc/SRR5091584/SRR5091584_unmatched_2.fastq,SRR5091584,f1d5e549cd08f6d3d416c232d6d5bc46,219901000,31,DNA,1000,219901,true,0.847524317710777,0.9896842436163292,0.918604280663553,0.9896842436163292,5295,1513207,2622806
1352000,0.0061482212450148024,0.23462871738733806,0.005848086184237452,0.0009120003538195352,1.860031104199067,1.0,1.2554099411502622,signatures/d88f3c512ece432b111f094181484852.sig.gz,"GCF_000742135.1 Klebsiella pneumoniae strain=ATCC 13883, ASM74213v1",d88f3c512ece432b111f094181484852,0.2466703156358329,1286000,39,134551000,/nfs3_ib/nfs-ip34/home/def-ilafores/analysis/MethodsComparison/Feces_RA/preproc/SRR5091584/SRR5091584_unmatched_2.fastq,SRR5091584,f1d5e549cd08f6d3d416c232d6d5bc46,219901000,31,DNA,1000,219901,true,0.8485341748767363,0.9558524714544187,0.9021933231655774,0.9558524714544187,2392,1515599,2622806
1573000,0.007153218948526837,0.3979785217940619,0.00572985116029486,0.01689412026661522,35.166666666666664,34.0,20.381149865531857,signatures/1536305f1db2c6485876fc17c9a7e45f.sig.gz,"GCF_010509575.1 Faecalibacterium prausnitzii A2-165 strain=JCM 31915, ASM1050957v1",1536305f1db2c6485876fc17c9a7e45f,0.49684144030322175,1260000,40,133291000,/nfs3_ib/nfs-ip34/home/def-ilafores/analysis/MethodsComparison/Feces_RA/preproc/SRR5091584/SRR5091584_unmatched_2.fastq,SRR5091584,f1d5e549cd08f6d3d416c232d6d5bc46,219901000,31,DNA,1000,219901,true,0.8526884327700693,0.9776886524760569,0.915188542623063,0.9776886524760569,44310,1559909,2622806
1495000,0.00679851387669906,0.35427277872099605,0.0056934711529279085,0.0013001342836641368,2.7236421725239617,2.0,3.3611647189814455,signatures/204af89ac36dfdd7c4fcad734dffd0d2.sig.gz,"GCF_900104635.1 Coprococcus phoceensis strain=Marseille-P3062, PRJEB16356",204af89ac36dfdd7c4fcad734dffd0d2,0.42303338992642897,1252000,41,132039000,/nfs3_ib/nfs-ip34/home/def-ilafores/analysis/MethodsComparison/Feces_RA/preproc/SRR5091584/SRR5091584_unmatched_2.fastq,SRR5091584,f1d5e549cd08f6d3d416c232d6d5bc46,219901000,31,DNA,1000,219901,true,0.851290664053528,0.9726297947814072,0.9119602294174676,0.9726297947814072,3410,1563319,2622806
1846000,0.008394686699924056,0.2721589640544764,0.005543403622539233,0.001764903694745246,3.797374897456932,2.0,10.717605351887705,signatures/20e22b7a195404638366fe78b372a400.sig.gz,GCF_025148125.1 Blautia wexlerae DSM 19850 strain=DSM 19850 ASM2514812v1,20e22b7a195404638366fe78b372a400,0.4121455682071891,1219000,42,130820000,/nfs3_ib/nfs-ip34/home/def-ilafores/analysis/MethodsComparison/Feces_RA/preproc/SRR5091584/SRR5091584_unmatched_2.fastq,SRR5091584,f1d5e549cd08f6d3d416c232d6d5bc46,219901000,31,DNA,1000,219901,true,0.8571017917391474,0.9718120471399527,0.91445691943955,0.9718120471399527,4629,1567948,2622806
1236000,0.005620711138194005,0.4247430249632893,0.00526145856544536,0.0018541211206623746,4.203111495246326,2.0,12.742827860525622,signatures/9c0f681bd333e145d102b5d5db8faa88.sig.gz,"GCF_014384965.1 Jutongia hominis strain=BX3, ASM1438496v1",9c0f681bd333e145d102b5d5db8faa88,0.45374449339207046,1157000,43,129663000,/nfs3_ib/nfs-ip34/home/def-ilafores/analysis/MethodsComparison/Feces_RA/preproc/SRR5091584/SRR5091584_unmatched_2.fastq,SRR5091584,f1d5e549cd08f6d3d416c232d6d5bc46,219901000,31,DNA,1000,219901,true,0.8460823229330288,0.9748311514867762,0.9104567372099025,0.9748311514867762,4863,1572811,2622806
1057000,0.004806708473358466,0.38178368121442124,0.00457478592639415,0.0009691910114587201,2.5268389662027833,2.0,2.041024415319169,signatures/dbad8d6c6fde1592b0a50565f9a19845.sig.gz,"GCF_003460505.1 Eubacterium sp. AF36-5BH strain=AF36-5BH, ASM346050v1",dbad8d6c6fde1592b0a50565f9a19845,0.40113851992409866,1006000,44,128657000,/nfs3_ib/nfs-ip34/home/def-ilafores/analysis/MethodsComparison/Feces_RA/preproc/SRR5091584/SRR5091584_unmatched_2.fastq,SRR5091584,f1d5e549cd08f6d3d416c232d6d5bc46,219901000,31,DNA,1000,219901,true,0.8418232112939886,0.9709638123284416,0.9063935118112152,0.9709638123284416,2542,1575353,2622806
1023000,0.004652093442048922,0.447000451059991,0.004506573412581116,0.0010027428639403752,2.653884964682139,2.0,1.927097790966904,signatures/0ffe36c89a44946cee180ac754d6f047.sig.gz,"GCF_001025215.1 Bifidobacterium pseudocatenulatum DSM 20438 = JCM 1200 = LMG 10505 strain=JCM 1200, ASM102521v1",0ffe36c89a44946cee180ac754d6f047,0.4614343707713126,991000,45,127666000,/nfs3_ib/nfs-ip34/home/def-ilafores/analysis/MethodsComparison/Feces_RA/preproc/SRR5091584/SRR5091584_unmatched_2.fastq,SRR5091584,f1d5e549cd08f6d3d416c232d6d5bc46,219901000,31,DNA,1000,219901,true,0.8409358214303603,0.975359765996006,0.9081477937131832,0.975359765996006,2630,1577983,2622806
1176000,0.005347861082941869,0.2827763496143959,0.004502025911660247,0.0011823215289274158,3.132323232323232,2.0,6.6666413375704865,signatures/6d00b0a0ca344fdf96ce690671c5fa63.sig.gz,"GCF_902381825.1 Coprococcus catus, UHGG_MGYG-HGUT-01714",6d00b0a0ca344fdf96ce690671c5fa63,0.33590402742073694,990000,46,126676000,/nfs3_ib/nfs-ip34/home/def-ilafores/analysis/MethodsComparison/Feces_RA/preproc/SRR5091584/SRR5091584_unmatched_2.fastq,SRR5091584,f1d5e549cd08f6d3d416c232d6d5bc46,219901000,31,DNA,1000,219901,true,0.8447252726062283,0.9654207294138012,0.9050730010100148,0.9654207294138012,3101,1581084,2622806
1133000,0.005152318543344505,0.27277970011534025,0.004301935871142014,0.0012353182050063938,3.4249471458773786,3.0,4.232559195561184,signatures/05df2d9cef43af2f34e1eb0c217ff27b.sig.gz,"GCF_020687435.1 Blautia sp. CLA-AA-H217 strain=CLA-AA-H217, ASM2068743v1",05df2d9cef43af2f34e1eb0c217ff27b,0.3267012687427912,946000,47,125730000,/nfs3_ib/nfs-ip34/home/def-ilafores/analysis/MethodsComparison/Feces_RA/preproc/SRR5091584/SRR5091584_unmatched_2.fastq,SRR5091584,f1d5e549cd08f6d3d416c232d6d5bc46,219901000,31,DNA,1000,219901,true,0.8437108530211143,0.9645559976597137,0.904133425340414,0.9645559976597137,3240,1584324,2622806
1730000,0.00786717659310326,0.27834740651387213,0.004197343349962028,0.0015548233456839735,4.418201516793066,2.0,10.449619846927762,signatures/2023c0f479da06b35c0c857a2d652a0d.sig.gz,"GCF_003480435.1 Clostridium sp. AM30-24 strain=AM30-24, ASM348043v1",2023c0f479da06b35c0c857a2d652a0d,0.5217129071170085,923000,48,124807000,/nfs3_ib/nfs-ip34/home/def-ilafores/analysis/MethodsComparison/Feces_RA/preproc/SRR5091584/SRR5091584_unmatched_2.fastq,SRR5091584,f1d5e549cd08f6d3d416c232d6d5bc46,219901000,31,DNA,1000,219901,true,0.8553092921868067,0.9792304047957497,0.9172698484912782,0.9792304047957497,4078,1588402,2622806
921000,0.004188248348120291,0.41152815013404825,0.004188248348120291,0.0008124886095273535,2.3137893593919654,2.0,1.840052303915918,signatures/d6ec1bf8f193a3a0129b996a97606afd.sig.gz,"GCF_003269275.1 Phascolarctobacterium faecium DSM 14760 strain=DSM 14760, ASM326927v1",d6ec1bf8f193a3a0129b996a97606afd,0.41152815013404825,921000,49,123886000,/nfs3_ib/nfs-ip34/home/def-ilafores/analysis/MethodsComparison/Feces_RA/preproc/SRR5091584/SRR5091584_unmatched_2.fastq,SRR5091584,f1d5e549cd08f6d3d416c232d6d5bc46,219901000,31,DNA,1000,219901,true,0.8380913698420703,0.9717650507726279,0.904928210307349,0.9717650507726279,2131,1590533,2622806
949000,0.00431557837390462,0.40532150776053216,0.004156415841674208,0.0007995253937958049,2.2943107221006565,2.0,2.38426424520839,signatures/ec4af6e44ae2181eedfb78276bb087d5.sig.gz,"GCA_902381685.1 Lachnospiraceae bacterium, UHGG_MGYG-HGUT-01373",ec4af6e44ae2181eedfb78276bb087d5,0.42084257206208425,914000,50,122972000,/nfs3_ib/nfs-ip34/home/def-ilafores/analysis/MethodsComparison/Feces_RA/preproc/SRR5091584/SRR5091584_unmatched_2.fastq,SRR5091584,f1d5e549cd08f6d3d416c232d6d5bc46,219901000,31,DNA,1000,219901,true,0.8389014320192814,0.9724668996388179,0.9056841658290496,0.9724668996388179,2097,1592630,2622806
950000,0.00432012587482549,0.2987783595113438,0.0038926607882638097,0.0010862412240935852,3.328271028037383,2.0,6.17206131984198,signatures/5998c1d4c3c14df80fd6cff6ba682767.sig.gz,"GCA_003096535.1 Agathobaculum butyriciproducens strain=DSM 100391, ASM309653v1",5998c1d4c3c14df80fd6cff6ba682767,0.33158813263525305,856000,51,122116000,/nfs3_ib/nfs-ip34/home/def-ilafores/analysis/MethodsComparison/Feces_RA/preproc/SRR5091584/SRR5091584_unmatched_2.fastq,SRR5091584,f1d5e549cd08f6d3d416c232d6d5bc46,219901000,31,DNA,1000,219901,true,0.8389299331237687,0.9650180818532751,0.9019740074885219,0.9650180818532751,2849,1595479,2622806
842000,0.0038289957753716445,0.37882882882882885,0.0038244482744507757,0.0008399401251941623,2.619500594530321,2.0,2.0125173658233195,signatures/2574bf58484894f914695c42b18e748c.sig.gz,"GCA_018376995.1 Veillonella sp., ASM1837699v1",2574bf58484894f914695c42b18e748c,0.3792792792792793,841000,52,121275000,/nfs3_ib/nfs-ip34/home/def-ilafores/analysis/MethodsComparison/Feces_RA/preproc/SRR5091584/SRR5091584_unmatched_2.fastq,SRR5091584,f1d5e549cd08f6d3d416c232d6d5bc46,219901000,31,DNA,1000,219901,true,0.8356703555888731,0.9692103339346403,0.9024403447617567,0.9692103339346403,2203,1597682,2622806
825000,0.0037516882597168726,0.27481964960494676,0.003638000736695149,0.0006470169734246452,2.12125,2.0,1.7303318865177268,signatures/c6bad6b80328a581c7aeb7d96b867f9b.sig.gz,"GCF_000154445.1 Intestinibacter bartlettii DSM 16795 strain=DSM 16795, ASM15444v1",c6bad6b80328a581c7aeb7d96b867f9b,0.28340776365510134,800000,53,120475000,/nfs3_ib/nfs-ip34/home/def-ilafores/analysis/MethodsComparison/Feces_RA/preproc/SRR5091584/SRR5091584_unmatched_2.fastq,SRR5091584,f1d5e549cd08f6d3d416c232d6d5bc46,219901000,31,DNA,1000,219901,true,0.8351207023261261,0.9601428732695739,0.89763178779785,0.9601428732695739,1697,1599379,2622806
772000,0.003510670710910819,0.27432045779685266,0.0034879332063064744,0.0006107962235864947,2.088657105606258,2.0,1.771118179207162,signatures/59bfa4ed192c2f53322a3feb7d755c9c.sig.gz,GCF_900540255.1 uncultured Clostridium sp. UMGS222,59bfa4ed192c2f53322a3feb7d755c9c,0.2761087267525036,767000,54,119708000,/nfs3_ib/nfs-ip34/home/def-ilafores/analysis/MethodsComparison/Feces_RA/preproc/SRR5091584/SRR5091584_unmatched_2.fastq,SRR5091584,f1d5e549cd08f6d3d416c232d6d5bc46,219901000,31,DNA,1000,219901,true,0.8333338732954237,0.9593350828173446,0.8963344780563842,0.9593350828173446,1602,1600981,2622806
755000,0.003433363195256047,0.3385791366906475,0.003424268193414309,0.00065883637600341,2.2948207171314743,2.0,1.8157309507524348,signatures/f50822c6c8920f1adb6684964a875b43.sig.gz,"GCF_007991875.1 Weissella confusa strain=NBRC 106469, ASM799187v1",f50822c6c8920f1adb6684964a875b43,0.33947841726618705,753000,55,118955000,/nfs3_ib/nfs-ip34/home/def-ilafores/analysis/MethodsComparison/Feces_RA/preproc/SRR5091584/SRR5091584_unmatched_2.fastq,SRR5091584,f1d5e549cd08f6d3d416c232d6d5bc46,219901000,31,DNA,1000,219901,true,0.832735517914494,0.965750426624415,0.8992429722694545,0.965750426624415,1728,1602709,2622806
772000,0.003510670710910819,0.2657640232108317,0.0031241331326369594,0.0006954383968924884,2.6550218340611353,2.0,2.4199679327914043,signatures/c4df3cb13bb82c8cbde38dc68faea211.sig.gz,"GCF_014288055.1 Agathobaculum sp. M2 strain=M2, ASM1428805v1",c4df3cb13bb82c8cbde38dc68faea211,0.2986460348162476,687000,56,118268000,/nfs3_ib/nfs-ip34/home/def-ilafores/analysis/MethodsComparison/Feces_RA/preproc/SRR5091584/SRR5091584_unmatched_2.fastq,SRR5091584,f1d5e549cd08f6d3d416c232d6d5bc46,219901000,31,DNA,1000,219901,true,0.8333338732954237,0.9617663381282452,0.8975501057118345,0.9617663381282452,1824,1604533,2622806
1485000,0.006753038867490371,0.15667669520944225,0.00307865812342827,0.011427074667360072,44.270310192023636,40.0,48.08297747281464,signatures/4fede25466357d8494c5b32e1ffd6afe.sig.gz,"GCF_000187895.1 Bacteroides plebeius DSM 17135 strain=DSM 17135, ASM18789v1",4fede25466357d8494c5b32e1ffd6afe,0.3436704466558667,677000,57,117591000,/nfs3_ib/nfs-ip34/home/def-ilafores/analysis/MethodsComparison/Feces_RA/preproc/SRR5091584/SRR5091584_unmatched_2.fastq,SRR5091584,f1d5e549cd08f6d3d416c232d6d5bc46,219901000,31,DNA,1000,219901,true,0.8511063813701649,0.9661328404638309,0.9086196109169979,0.9661328404638309,29971,1634504,2622806
2014000,0.009158666854630038,0.1270407205854757,0.00307865812342827,0.0016272648453602744,6.304283604135894,5.0,6.200171243828963,signatures/36bb9301189d48be24ee9b00d0e2e161.sig.gz,"GCF_000194175.1 Escherichia coli 1.2741 strain=1.2741, ASM19417v2",36bb9301189d48be24ee9b00d0e2e161,0.37793206980671795,677000,58,116914000,/nfs3_ib/nfs-ip34/home/def-ilafores/analysis/MethodsComparison/Feces_RA/preproc/SRR5091584/SRR5091584_unmatched_2.fastq,SRR5091584,f1d5e549cd08f6d3d416c232d6d5bc46,219901000,31,DNA,1000,219901,true,0.8595134035401248,0.9690990890924553,0.9143062463162901,0.9690990890924553,4268,1638772,2622806
689000,0.0031332281344786973,0.18083961248654468,0.0030559206188239254,0.0005726691184937048,2.2351190476190474,1.0,7.5668500073311,signatures/988b2ef58a54374a65546dbc194ca3be.sig.gz,GCA_015074785.1 Segatella copri strain=YF2 ASM1507478v1,988b2ef58a54374a65546dbc194ca3be,0.18541442411194833,672000,59,116242000,/nfs3_ib/nfs-ip34/home/def-ilafores/analysis/MethodsComparison/Feces_RA/preproc/SRR5091584/SRR5091584_unmatched_2.fastq,SRR5091584,f1d5e549cd08f6d3d416c232d6d5bc46,219901000,31,DNA,1000,219901,true,0.8302818588421977,0.9470910364537607,0.8886864476479792,0.9470910364537607,1502,1640274,2622806
2628000,0.011950832420043566,0.13194593434885218,0.002796713066334396,0.0007354718572399179,3.1365853658536587,2.0,2.424310086846197,signatures/c7357052beed930961bb4cc339dd0845.sig.gz,GCA_948436425.1 uncultured Bacteroides sp. SRR17684645_bin.52_metawrap_v1.3_MAG,c7357052beed930961bb4cc339dd0845,0.5638275048272903,615000,60,115627000,/nfs3_ib/nfs-ip34/home/def-ilafores/analysis/MethodsComparison/Feces_RA/preproc/SRR5091584/SRR5091584_unmatched_2.fastq,SRR5091584,f1d5e549cd08f6d3d416c232d6d5bc46,219901000,31,DNA,1000,219901,true,0.8669231207517947,0.9816856890725176,0.9243044049121562,0.9816856890725176,1929,1642203,2622806
836000,0.0038017107698464308,0.2122690833042872,0.0027694280608091823,0.0006088898683318552,2.6223316912972083,2.0,3.2592262092030255,signatures/c2cae97ed5c2f955adaadd6c5da64434.sig.gz,"GCF_000205025.1 Parasutterella excrementihominis YIT 11859 strain=YIT 11859, ASM20502v1",c2cae97ed5c2f955adaadd6c5da64434,0.2913907284768212,609000,61,115018000,/nfs3_ib/nfs-ip34/home/def-ilafores/analysis/MethodsComparison/Feces_RA/preproc/SRR5091584/SRR5091584_unmatched_2.fastq,SRR5091584,f1d5e549cd08f6d3d416c232d6d5bc46,219901000,31,DNA,1000,219901,true,0.8354775967284254,0.9610036197984034,0.8982406082634145,0.9610036197984034,1597,1643800,2622806
678000,0.003083205624349139,0.16430903155603918,0.002746690556204838,0.0004830704215256485,2.097682119205298,2.0,2.4647302671246356,signatures/a6edb8082fd7164fb0ee7ab7745fcb67.sig.gz,"GCF_000577815.1 Clostridium saudiense strain=JCC, JCC",a6edb8082fd7164fb0ee7ab7745fcb67,0.18443960826985853,604000,62,114414000,/nfs3_ib/nfs-ip34/home/def-ilafores/analysis/MethodsComparison/Feces_RA/preproc/SRR5091584/SRR5091584_unmatched_2.fastq,SRR5091584,f1d5e549cd08f6d3d416c232d6d5bc46,219901000,31,DNA,1000,219901,true,0.8298509209670766,0.946930002917451,0.8883904619422638,0.946930002917451,1267,1645067,2622806
754000,0.0034288156943351783,0.12346274415239933,0.0023283204714848954,0.0006683681522766076,3.423828125,1.0,9.315334016848729,signatures/9216287e15b5df82656d9407b3ab0a7c.sig.gz,GCF_025146565.1 Bacteroides eggerthii strain=DSM 20697 ASM2514656v1,9216287e15b5df82656d9407b3ab0a7c,0.18181818181818182,512000,63,113902000,/nfs3_ib/nfs-ip34/home/def-ilafores/analysis/MethodsComparison/Feces_RA/preproc/SRR5091584/SRR5091584_unmatched_2.fastq,SRR5091584,f1d5e549cd08f6d3d416c232d6d5bc46,219901000,31,DNA,1000,219901,true,0.8326999157067263,0.9464928391768298,0.8895963774417781,0.9464928391768298,1753,1646820,2622806
933000,0.004242818359170718,0.1724137931034483,0.002228275451225779,0.0004560001769097676,2.440816326530612,2.0,4.313430301542389,signatures/2e1846f271e5a6c1736e89d400b10289.sig.gz,GCF_025150085.1 Dorea longicatena strain=DSM 13814 ASM2515008v1,2e1846f271e5a6c1736e89d400b10289,0.3282899366643209,490000,64,113412000,/nfs3_ib/nfs-ip34/home/def-ilafores/analysis/MethodsComparison/Feces_RA/preproc/SRR5091584/SRR5091584_unmatched_2.fastq,SRR5091584,f1d5e549cd08f6d3d416c232d6d5bc46,219901000,31,DNA,1000,219901,true,0.8384414181093058,0.9647069459634924,0.9015741820363992,0.9647069459634924,1196,1648016,2622806
788000,0.003583430725644722,0.16052913836253127,0.0020418279134701523,0.003605680328625144,21.062360801781736,2.0,35.86712218891853,signatures/b9efc27b039945043d519688f02fc3e8.sig.gz,"GCF_019967995.1 Faecalibacterium prausnitzii strain=Fp77, ASM1996799v1",b9efc27b039945043d519688f02fc3e8,0.28173042545584553,449000,65,112963000,/nfs3_ib/nfs-ip34/home/def-ilafores/analysis/MethodsComparison/Feces_RA/preproc/SRR5091584/SRR5091584_unmatched_2.fastq,SRR5091584,f1d5e549cd08f6d3d416c232d6d5bc46,219901000,31,DNA,1000,219901,true,0.833885495387069,0.9599590375743441,0.8969222664807066,0.9599590375743441,9457,1657473,2622806
998000,0.004538405919027199,0.07668711656441718,0.001932687891369298,0.0002707024461588085,1.6705882352941177,1.0,1.3032830516824685,signatures/feb126a06038632037f5348de31358f8.sig.gz,"GCF_000828055.2 Klebsiella variicola strain=DSM 15968, ASM82805v2",feb126a06038632037f5348de31358f8,0.18007939372067847,425000,66,112538000,/nfs3_ib/nfs-ip34/home/def-ilafores/analysis/MethodsComparison/Feces_RA/preproc/SRR5091584/SRR5091584_unmatched_2.fastq,SRR5091584,f1d5e549cd08f6d3d416c232d6d5bc46,219901000,31,DNA,1000,219901,true,0.840264927741478,0.9461994915008507,0.8932322096211643,0.9461994915008507,710,1658183,2622806
2165000,0.009845339493681247,0.07650372524077775,0.0019144978876858222,0.0004830704215256485,3.009501187648456,2.0,4.607120894233635,signatures/48ac22e23336bd18ad59549f5bb90daa.sig.gz,GCF_958387885.1 uncultured Bacteroides sp. SRR17798034_bin.10_MetaWRAP_v1.3_MAG,48ac22e23336bd18ad59549f5bb90daa,0.39342176994366707,421000,67,112117000,/nfs3_ib/nfs-ip34/home/def-ilafores/analysis/MethodsComparison/Feces_RA/preproc/SRR5091584/SRR5091584_unmatched_2.fastq,SRR5091584,f1d5e549cd08f6d3d416c232d6d5bc46,219901000,31,DNA,1000,219901,true,0.8615202824449133,0.9703555981819637,0.9159379403134384,0.9703555981819637,1267,1659450,2622806
619000,0.002814903070017872,0.09614906832298137,0.0017598828563762784,0.0083635617731544,56.68217054263566,48.0,147.67160916166205,signatures/521ce3c2ee639c97c11cb3a9863fa803.sig.gz,"GCF_018390535.1 Bacteroides sp. NSJ-90 strain=NSJ-90, ASM1839053v1",521ce3c2ee639c97c11cb3a9863fa803,0.1537888198757764,387000,68,111730000,/nfs3_ib/nfs-ip34/home/def-ilafores/analysis/MethodsComparison/Feces_RA/preproc/SRR5091584/SRR5091584_unmatched_2.fastq,SRR5091584,f1d5e549cd08f6d3d416c232d6d5bc46,219901000,31,DNA,1000,219901,true,0.8274173574921656,0.9413947382962693,0.8844060478942175,0.9413947382962693,21936,1681386,2622806
424000,0.001928140390448429,0.16911437472185137,0.0017280503499301958,0.0003080670091497427,2.126315789473684,2.0,1.8580810999418789,signatures/a35f848fd7e1ca565b3fa61b6234f2fb.sig.gz,"GCF_000193635.1 Weissella cibaria KACC 11862 strain=KACC 11862, ASM19363v1",a35f848fd7e1ca565b3fa61b6234f2fb,0.1886960391633289,380000,69,111350000,/nfs3_ib/nfs-ip34/home/def-ilafores/analysis/MethodsComparison/Feces_RA/preproc/SRR5091584/SRR5091584_unmatched_2.fastq,SRR5091584,f1d5e549cd08f6d3d416c232d6d5bc46,219901000,31,DNA,1000,219901,true,0.817379662143623,0.9476271809407331,0.8825034215421781,0.9476271809407331,808,1682194,2622806
1133000,0.005152318543344505,0.07725587144622992,0.0017053128453258513,0.0007499601571751781,5.245333333333333,2.0,15.803073906328752,signatures/20f6f4671cb02947dd549a7f52b244a0.sig.gz,GCA_947646015.1 uncultured Bacteroides sp. SRR17794261_bin.38_metawrap_v1.3_MAG,20f6f4671cb02947dd549a7f52b244a0,0.23341573959620932,375000,70,110975000,/nfs3_ib/nfs-ip34/home/def-ilafores/analysis/MethodsComparison/Feces_RA/preproc/SRR5091584/SRR5091584_unmatched_2.fastq,SRR5091584,f1d5e549cd08f6d3d416c232d6d5bc46,219901000,31,DNA,1000,219901,true,0.8437108530211143,0.9541509811624016,0.8989309170917579,0.9541509811624016,1967,1684161,2622806
2345000,0.010663889659437657,0.07713440405748098,0.0016598378361171618,0.0019913786989964183,14.30958904109589,3.0,23.299245471841797,signatures/74682f4f7d98823d43fc073dc9b6e96e.sig.gz,GCA_959606905.1 uncultured Bacteroides sp. SRR16244388_bin.36_MetaWRAP_v1.3_MAG,74682f4f7d98823d43fc073dc9b6e96e,0.49556213017751477,365000,71,110610000,/nfs3_ib/nfs-ip34/home/def-ilafores/analysis/MethodsComparison/Feces_RA/preproc/SRR5091584/SRR5091584_unmatched_2.fastq,SRR5091584,f1d5e549cd08f6d3d416c232d6d5bc46,219901000,31,DNA,1000,219901,true,0.8637426714671529,0.9776073434841415,0.9206750074756471,0.9776073434841415,5223,1689384,2622806
2388000,0.01085943219903502,0.11760775141997995,0.0016007203241458657,0.0023997199945401987,17.880681818181817,14.0,17.96832666587203,signatures/2bdcf0afcec6237c34322e5ef95e16d9.sig.gz,GCA_958432865.1 Bacteroides stercoris SRR17798025_bin.17_MetaWRAP_v1.3_MAG,2bdcf0afcec6237c34322e5ef95e16d9,0.7978616772469095,352000,72,110258000,/nfs3_ib/nfs-ip34/home/def-ilafores/analysis/MethodsComparison/Feces_RA/preproc/SRR5091584/SRR5091584_unmatched_2.fastq,SRR5091584,f1d5e549cd08f6d3d416c232d6d5bc46,219901000,31,DNA,1000,219901,true,0.8642491066461704,0.9927419505835814,0.9284955286148759,0.9927419505835814,6294,1695678,2622806
381000,0.0017325978508510647,0.08104363888247518,0.0015961728232249967,0.0002257124621493164,1.6866096866096867,1.0,1.1953459911417474,signatures/20bc87ab4f2c62c8b621bcd36cab9825.sig.gz,"GCF_014287825.1 Clostridium sp. NSJ-6 strain=NSJ-6, ASM1428782v1",20bc87ab4f2c62c8b621bcd36cab9825,0.08797044562456707,351000,73,109907000,/nfs3_ib/nfs-ip34/home/def-ilafores/analysis/MethodsComparison/Feces_RA/preproc/SRR5091584/SRR5091584_unmatched_2.fastq,SRR5091584,f1d5e549cd08f6d3d416c232d6d5bc46,219901000,31,DNA,1000,219901,true,0.8145649794663263,0.9245839456289707,0.8695744625476485,0.9245839456289707,592,1696270,2622806
1762000,0.008012696622571066,0.09773806199385647,0.0015916253223041278,0.000352294451057379,2.64,2.0,3.290957307532264,signatures/300d2de3c2c21f7c37b9a66b2c49f0e7.sig.gz,"GCA_900755095.1 uncultured Bacteroides sp., ERS473029_19",300d2de3c2c21f7c37b9a66b2c49f0e7,0.4920413292376431,350000,74,109557000,/nfs3_ib/nfs-ip34/home/def-ilafores/analysis/MethodsComparison/Feces_RA/preproc/SRR5091584/SRR5091584_unmatched_2.fastq,SRR5091584,f1d5e549cd08f6d3d416c232d6d5bc46,219901000,31,DNA,1000,219901,true,0.855815125913461,0.9773825190428641,0.9165988224781625,0.9773825190428641,924,1697194,2622806
1216000,0.005529761119776626,0.13090909090909092,0.0014733902983615353,0.0040349915319699585,32.66358024691358,34.0,29.53635185680508,signatures/363d223ee3759cea7ec9a3f62c7a0463.sig.gz,"GCA_934514285.1 uncultured Faecalibacterium sp., ERR7738148_bin.55",363d223ee3759cea7ec9a3f62c7a0463,0.4913131313131313,324000,75,109233000,/nfs3_ib/nfs-ip34/home/def-ilafores/analysis/MethodsComparison/Feces_RA/preproc/SRR5091584/SRR5091584_unmatched_2.fastq,SRR5091584,f1d5e549cd08f6d3d416c232d6d5bc46,219901000,31,DNA,1000,219901,true,0.8456371940070097,0.9773358249525738,0.9114865094797917,0.9773358249525738,10583,1707777,2622806
1145000,0.0052068885543949325,0.10831656606304493,0.0014688427974406664,0.003257579859127972,26.45201238390093,27.0,26.886414341374522,signatures/202b4a96ab763ae8b9d9aa34459e999a.sig.gz,"GCF_009680455.1 Lachnospira eligens strain=BIOML-A1, ASM968045v1",202b4a96ab763ae8b9d9aa34459e999a,0.3839704896042924,323000,76,108910000,/nfs3_ib/nfs-ip34/home/def-ilafores/analysis/MethodsComparison/Feces_RA/preproc/SRR5091584/SRR5091584_unmatched_2.fastq,SRR5091584,f1d5e549cd08f6d3d416c232d6d5bc46,219901000,31,DNA,1000,219901,true,0.8439976451862689,0.9695947452308623,0.9067961952085656,0.9695947452308623,8544,1716321,2622806
382000,0.0017371453517719337,0.12074303405572756,0.0014188202873111082,0.0005475052291324634,4.602564102564102,1.0,13.37893459365414,signatures/db9feafdd9d3e3f2fb5caf52a730ce6a.sig.gz,"GCF_000154465.1 Alistipes putredinis DSM 17216 strain=DSM 17216, ASM15446v1",db9feafdd9d3e3f2fb5caf52a730ce6a,0.14783281733746131,312000,77,108598000,/nfs3_ib/nfs-ip34/home/def-ilafores/analysis/MethodsComparison/Feces_RA/preproc/SRR5091584/SRR5091584_unmatched_2.fastq,SRR5091584,f1d5e549cd08f6d3d416c232d6d5bc46,219901000,31,DNA,1000,219901,true,0.8146338586685417,0.9401960334519479,0.8774149460602447,0.9401960334519479,1436,1717757,2622806
322000,0.0014642952965197974,0.10183968462549277,0.0014097252854693703,0.00019940475963529136,1.6870967741935483,1.0,1.5310215723989276,signatures/245cce7c17ed189565ed35f57884004e.sig.gz,GCF_025567495.1 Hominimerdicola aceti strain=Sanger_31 ASM2556749v1,245cce7c17ed189565ed35f57884004e,0.10578186596583443,310000,78,108288000,/nfs3_ib/nfs-ip34/home/def-ilafores/analysis/MethodsComparison/Feces_RA/preproc/SRR5091584/SRR5091584_unmatched_2.fastq,SRR5091584,f1d5e549cd08f6d3d416c232d6d5bc46,219901000,31,DNA,1000,219901,true,0.8101560260492835,0.9300994644518151,0.8701277452505494,0.9300994644518151,523,1718280,2622806
296000,0.0013460602725772052,0.1295971978984238,0.0013460602725772052,0.0002470636410012788,2.189189189189189,1.0,2.042955435185358,signatures/9c3e18fe8819a5356cca94ed98c26da2.sig.gz,"GCF_002094975.1 Streptococcus salivarius strain=ATCC 25975, ASM209497v1",9c3e18fe8819a5356cca94ed98c26da2,0.1295971978984238,296000,79,107992000,/nfs3_ib/nfs-ip34/home/def-ilafores/analysis/MethodsComparison/Feces_RA/preproc/SRR5091584/SRR5091584_unmatched_2.fastq,SRR5091584,f1d5e549cd08f6d3d416c232d6d5bc46,219901000,31,DNA,1000,219901,true,0.8079587295755192,0.9362116734946877,0.8720852015351035,0.9362116734946877,648,1718928,2622806
298000,0.0013551552744189431,0.10720753350235422,0.0013460602725772052,0.00020550509645013776,1.820945945945946,1.0,1.6455407957846786,signatures/8317326ae5ef3674e3dda660148cf06f.sig.gz,"GCF_024499055.1 Turicibacter bilis strain=MMM721, ASM2449905v1",8317326ae5ef3674e3dda660148cf06f,0.10793190872872148,296000,80,107696000,/nfs3_ib/nfs-ip34/home/def-ilafores/analysis/MethodsComparison/Feces_RA/preproc/SRR5091584/SRR5091584_unmatched_2.fastq,SRR5091584,f1d5e549cd08f6d3d416c232d6d5bc46,219901000,31,DNA,1000,219901,true,0.8081342589650367,0.9307033684219521,0.8694188136934944,0.9307033684219521,539,1719467,2622806
292000,0.0013278702688937294,0.17990074441687345,0.0013187752670519915,0.00020969907801034464,1.896551724137931,1.0,1.460864826199899,signatures/1eeabb40ba0782bccbd16b4db239b67d.sig.gz,"GCF_014651235.1 Leuconostoc lactis KCTC 3528 = DSM 20202 strain=JCM 6123, ASM1465123v1",1eeabb40ba0782bccbd16b4db239b67d,0.18114143920595532,290000,81,107406000,/nfs3_ib/nfs-ip34/home/def-ilafores/analysis/MethodsComparison/Feces_RA/preproc/SRR5091584/SRR5091584_unmatched_2.fastq,SRR5091584,f1d5e549cd08f6d3d416c232d6d5bc46,219901000,31,DNA,1000,219901,true,0.8076042007569469,0.9463789912234876,0.8769915959902173,0.9463789912234876,550,1720017,2622806
835000,0.003797163268925562,0.12489044697633654,0.001296037762447647,0.00027337134351530383,2.5157894736842104,2.0,1.9441129735497071,signatures/29c3e39ff322ebf52b6e1ba041c86f3f.sig.gz,GCF_018366045.1 Veillonella parvula ASM1836604v1,29c3e39ff322ebf52b6e1ba041c86f3f,0.3659070990359334,285000,82,107121000,/nfs3_ib/nfs-ip34/home/def-ilafores/analysis/MethodsComparison/Feces_RA/preproc/SRR5091584/SRR5091584_unmatched_2.fastq,SRR5091584,f1d5e549cd08f6d3d416c232d6d5bc46,219901000,31,DNA,1000,219901,true,0.8354453401477389,0.968088783326362,0.9017670617370503,0.968088783326362,717,1720734,2622806
709000,0.003224178152896076,0.06410547851784497,0.0012823952596850402,0.0027516331745466496,25.592198581560282,6.5,32.457069454551586,signatures/6bae471e5a4f273d83204d975d3e2077.sig.gz,"GCA_019417795.1 Clostridiales bacterium, ASM1941779v1",6bae471e5a4f273d83204d975d3e2077,0.16117299386224143,282000,83,106839000,/nfs3_ib/nfs-ip34/home/def-ilafores/analysis/MethodsComparison/Feces_RA/preproc/SRR5091584/SRR5091584_unmatched_2.fastq,SRR5091584,f1d5e549cd08f6d3d416c232d6d5bc46,219901000,31,DNA,1000,219901,true,0.8310485964353063,0.9428199921554447,0.8869342942953755,0.9428199921554447,7217,1727951,2622806
288000,0.0013096802652102536,0.0698157280041526,0.0012232777477137438,0.00016432782294992462,1.6022304832713754,1.0,1.0173927273906325,signatures/2de6b86d95365c349243cb609e5c2a62.sig.gz,"GCF_000239295.1 Flavonifractor plautii ATCC 29863 strain=ATCC 29863, ASM23929v1",2de6b86d95365c349243cb609e5c2a62,0.07474695042823774,269000,84,106570000,/nfs3_ib/nfs-ip34/home/def-ilafores/analysis/MethodsComparison/Feces_RA/preproc/SRR5091584/SRR5091584_unmatched_2.fastq,SRR5091584,f1d5e549cd08f6d3d416c232d6d5bc46,219901000,31,DNA,1000,219901,true,0.8072449405306014,0.9197383717758643,0.8634916561532329,0.9197383717758643,431,1728382,2622806
1325000,0.006025438720151341,0.12275034610059991,0.0012096352449511372,0.0002996790460293289,2.954887218045113,2.0,2.4150675566264614,signatures/e1f88d42ce58a04245aca8fd295b6baa.sig.gz,"GCA_905202265.1 Bifidobacterium longum, ERR1430398-mag-bin.4",e1f88d42ce58a04245aca8fd295b6baa,0.6114443931702815,266000,85,106304000,/nfs3_ib/nfs-ip34/home/def-ilafores/analysis/MethodsComparison/Feces_RA/preproc/SRR5091584/SRR5091584_unmatched_2.fastq,SRR5091584,f1d5e549cd08f6d3d416c232d6d5bc46,219901000,31,DNA,1000,219901,true,0.8479821909085391,0.9842564948265418,0.9161193428675405,0.9842564948265418,786,1729168,2622806
264000,0.0012005402431093993,0.05811138014527845,0.0012005402431093993,0.00015174587826930394,1.5075757575757576,1.0,0.9923664105287101,signatures/aa387c39ac911f35b9a9d7259ce43062.sig.gz,"GCF_000701705.1 Bilophila wadsworthia ATCC 49260 strain=ATCC 49260, ASM70170v1",aa387c39ac911f35b9a9d7259ce43062,0.05811138014527845,264000,86,106040000,/nfs3_ib/nfs-ip34/home/def-ilafores/analysis/MethodsComparison/Feces_RA/preproc/SRR5091584/SRR5091584_unmatched_2.fastq,SRR5091584,f1d5e549cd08f6d3d416c232d6d5bc46,219901000,31,DNA,1000,219901,true,0.8049823272645811,0.9122995439071732,0.8586409355858771,0.9122995439071732,398,1729566,2622806
1192000,0.0054206210976757725,0.0713128038897893,0.0012005402431093993,0.004434944864393326,44.06060606060606,43.0,32.94641139600965,signatures/19b182aa375aae156dab011d86e5486c.sig.gz,GCA_945965395.1 uncultured Bacteroides sp. SRR12203260_bin.2_metaWRAP_v1.3_MAG,19b182aa375aae156dab011d86e5486c,0.32198811453268505,264000,87,105776000,/nfs3_ib/nfs-ip34/home/def-ilafores/analysis/MethodsComparison/Feces_RA/preproc/SRR5091584/SRR5091584_unmatched_2.fastq,SRR5091584,f1d5e549cd08f6d3d416c232d6d5bc46,219901000,31,DNA,1000,219901,true,0.8450935909482135,0.9641039580789301,0.9045987745135717,0.9641039580789301,11632,1741198,2622806
1163000,0.005288743570970573,0.05548549810844893,0.0012005402431093993,0.0005890637736836045,5.8522727272727275,5.0,4.6053487662665855,signatures/3e5892a57a7a64d24a3fe971c7892e95.sig.gz,"GCF_004211955.1 Escherichia sp. E1V33 strain=E1V33, ASM421195v1",3e5892a57a7a64d24a3fe971c7892e95,0.24443043295502312,264000,88,105512000,/nfs3_ib/nfs-ip34/home/def-ilafores/analysis/MethodsComparison/Feces_RA/preproc/SRR5091584/SRR5091584_unmatched_2.fastq,SRR5091584,f1d5e549cd08f6d3d416c232d6d5bc46,219901000,31,DNA,1000,219901,true,0.8444224254293069,0.9555712470790269,0.8999968362541668,0.9555712470790269,1545,1742743,2622806
298000,0.0013551552744189431,0.10026585643752374,0.0012005402431093993,0.0001822475623435359,1.8106060606060606,1.0,1.2439707669612567,signatures/639f30a8478efa9dafd0dc7ed3dead0c.sig.gz,"GCF_014287815.1 Clostridium sp. NSJ-42 strain=NSJ-42, ASM1428781v1",639f30a8478efa9dafd0dc7ed3dead0c,0.1131788834029624,264000,89,105248000,/nfs3_ib/nfs-ip34/home/def-ilafores/analysis/MethodsComparison/Feces_RA/preproc/SRR5091584/SRR5091584_unmatched_2.fastq,SRR5091584,f1d5e549cd08f6d3d416c232d6d5bc46,219901000,31,DNA,1000,219901,true,0.8081342589650367,0.932129608728235,0.8701319338466358,0.932129608728235,478,1743221,2622806
1014000,0.004611165933761102,0.06557377049180328,0.0011823502394259235,0.00028519074609406874,2.876923076923077,2.0,5.118616677032041,signatures/e9ec7274e8258dd4be5e60bc6fb66cda.sig.gz,GCA_948847595.1 uncultured Bacteroides sp. MGBC156522,e9ec7274e8258dd4be5e60bc6fb66cda,0.25573770491803277,260000,90,104988000,/nfs3_ib/nfs-ip34/home/def-ilafores/analysis/MethodsComparison/Feces_RA/preproc/SRR5091584/SRR5091584_unmatched_2.fastq,SRR5091584,f1d5e549cd08f6d3d416c232d6d5bc46,219901000,31,DNA,1000,219901,true,0.840696145973301,0.9569662142821027,0.8988311801277018,0.9569662142821027,748,1743969,2622806
936000,0.004256460861933324,0.06725987961266684,0.0011687077366633167,0.006265808450949098,63.945525291828794,67.0,33.07421423544574,signatures/ba44e405458705e9ab11b89381454753.sig.gz,"GCF_014287515.2 Roseburia sp. NSJ-69 strain=NSJ-69, ASM1428751v2",ba44e405458705e9ab11b89381454753,0.24496205181889558,257000,91,104731000,/nfs3_ib/nfs-ip34/home/def-ilafores/analysis/MethodsComparison/Feces_RA/preproc/SRR5091584/SRR5091584_unmatched_2.fastq,SRR5091584,f1d5e549cd08f6d3d416c232d6d5bc46,219901000,31,DNA,1000,219901,true,0.8385282493165831,0.9556382185520912,0.8970832339343371,0.9556382185520912,16434,1760403,2622806
353000,0.0016052678250667346,0.09492028179458657,0.0011641602357424477,0.0004666757663357488,4.78125,1.0,13.449812672951992,signatures/c122ecbf66d016ce29333bc145978b5a.sig.gz,"GCA_900112995.1 Lactobacillus rogosae strain=ATCC 27753, IMG-taxon 2597490368 annotated assembly",c122ecbf66d016ce29333bc145978b5a,0.13088616981831666,256000,92,104475000,/nfs3_ib/nfs-ip34/home/def-ilafores/analysis/MethodsComparison/Feces_RA/preproc/SRR5091584/SRR5091584_unmatched_2.fastq,SRR5091584,f1d5e549cd08f6d3d416c232d6d5bc46,219901000,31,DNA,1000,219901,true,0.812561742936695,0.9365106098145544,0.8745361763756248,0.9365106098145544,1224,1761627,2622806
617000,0.002805808068176134,0.07987012987012987,0.0011186852265337585,0.0003679265641454229,3.9227642276422765,2.0,10.66289297836139,signatures/1a61bc75384814965146b3c8fd1a27a5.sig.gz,GCF_025150245.1 Dorea formicigenerans strain=ATCC 27755 ASM2515024v1,1a61bc75384814965146b3c8fd1a27a5,0.20032467532467532,246000,93,104229000,/nfs3_ib/nfs-ip34/home/def-ilafores/analysis/MethodsComparison/Feces_RA/preproc/SRR5091584/SRR5091584_unmatched_2.fastq,SRR5091584,f1d5e549cd08f6d3d416c232d6d5bc46,219901000,31,DNA,1000,219901,true,0.8273309836648414,0.9494570087944016,0.8883939962296215,0.9494570087944016,965,1762592,2622806
326000,0.0014824853002032732,0.06679441554886395,0.0011095902246920206,0.0002569766883254042,2.762295081967213,1.0,11.938402890883596,signatures/00191848f4049b7a1cb875559983f7c7.sig.gz,GCF_025145845.1 Alistipes shahii WAL 8301 strain=WAL 8301 ASM2514584v1,00191848f4049b7a1cb875559983f7c7,0.08924171913495757,244000,94,103985000,/nfs3_ib/nfs-ip34/home/def-ilafores/analysis/MethodsComparison/Feces_RA/preproc/SRR5091584/SRR5091584_unmatched_2.fastq,SRR5091584,f1d5e549cd08f6d3d416c232d6d5bc46,219901000,31,DNA,1000,219901,true,0.8104787371855796,0.9250119695813964,0.867745353383488,0.9250119695813964,674,1763266,2622806
1597000,0.007262358970627692,0.04235500878734622,0.0010959477219294137,0.0002459198278484951,2.676348547717842,2.0,2.252481514674465,signatures/a94161bf1ccd67b3c66d45adbcfe7953.sig.gz,"GCA_019117555.1 Candidatus Bacteroides intestinigallinarum, ASM1911755v1",a94161bf1ccd67b3c66d45adbcfe7953,0.28066783831282954,241000,95,103744000,/nfs3_ib/nfs-ip34/home/def-ilafores/analysis/MethodsComparison/Feces_RA/preproc/SRR5091584/SRR5091584_unmatched_2.fastq,SRR5091584,f1d5e549cd08f6d3d416c232d6d5bc46,219901000,31,DNA,1000,219901,true,0.853105038292844,0.9598420295526344,0.9064735339227392,0.9598420295526344,645,1763911,2622806
1050000,0.004774875966912383,0.12927756653992395,0.0010823052191668069,0.00040414731398357334,4.453781512605042,3.0,4.33521422063753,signatures/843375e6c818375c838800026896881f.sig.gz,"GCA_019421265.1 Lachnospiraceae bacterium, ASM1942126v1",843375e6c818375c838800026896881f,0.5703422053231939,238000,96,103506000,/nfs3_ib/nfs-ip34/home/def-ilafores/analysis/MethodsComparison/Feces_RA/preproc/SRR5091584/SRR5091584_unmatched_2.fastq,SRR5091584,f1d5e549cd08f6d3d416c232d6d5bc46,219901000,31,DNA,1000,219901,true,0.8416427941690547,0.9820495558649223,0.9118461750169885,0.9820495558649223,1060,1764971,2622806
248000,0.0011277802283754964,0.07299721620785649,0.001073210217325069,0.00017271578607033842,1.9194915254237288,1.0,1.3042796878604948,signatures/056fdeeb25787442a0f1b1605160997d.sig.gz,"GCF_000013285.1 Clostridium perfringens ATCC 13124 strain=ATCC 13124, ASM1328v1",056fdeeb25787442a0f1b1605160997d,0.07670893906588308,236000,97,103270000,/nfs3_ib/nfs-ip34/home/def-ilafores/analysis/MethodsComparison/Feces_RA/preproc/SRR5091584/SRR5091584_unmatched_2.fastq,SRR5091584,f1d5e549cd08f6d3d416c232d6d5bc46,219901000,31,DNA,1000,219901,true,0.8033604864133476,0.9205074114212946,0.861933948917321,0.9205074114212946,453,1765424,2622806
694000,0.003155965639083042,0.05681246857717446,0.0010277352081163797,0.0026395394855738474,30.63274336283186,1.0,72.39317787062858,signatures/21dcfee3f1e24fb9aebbbe6b8ae42cad.sig.gz,"GCF_000154845.1 Bacteroides coprocola DSM 17136 strain=DSM 17136, ASM15484v1",21dcfee3f1e24fb9aebbbe6b8ae42cad,0.17445952740070386,226000,98,103044000,/nfs3_ib/nfs-ip34/home/def-ilafores/analysis/MethodsComparison/Feces_RA/preproc/SRR5091584/SRR5091584_unmatched_2.fastq,SRR5091584,f1d5e549cd08f6d3d416c232d6d5bc46,219901000,31,DNA,1000,219901,true,0.8304755430525542,0.945232266777398,0.8878539049149761,0.945232266777398,6923,1772347,2622806
3195000,0.014529265442176252,0.056264066016504126,0.0010231877071955108,0.002199933963853979,25.644444444444446,9.0,28.27842173464547,signatures/368314a9cda1fb73c39f56f1ff8da594.sig.gz,"GCA_900760795.1 Bacteroidaceae bacterium, SRS021948_34",368314a9cda1fb73c39f56f1ff8da594,0.7989497374343586,225000,99,102819000,/nfs3_ib/nfs-ip34/home/def-ilafores/analysis/MethodsComparison/Feces_RA/preproc/SRR5091584/SRR5091584_unmatched_2.fastq,SRR5091584,f1d5e549cd08f6d3d416c232d6d5bc46,219901000,31,DNA,1000,219901,true,0.8724037774172176,0.992785593481525,0.9325946854493713,0.992785593481525,5770,1778117,2622806
434000,0.0019736153996571183,0.054282267792521106,0.0010231877071955108,0.00038699011669181786,4.511111111111111,1.0,16.27270683243329,signatures/928b2d7b80c57c283b973481c1cf1d26.sig.gz,"GCF_020554845.1 Blautia faecis strain=DFI.3.66, ASM2055484v1",928b2d7b80c57c283b973481c1cf1d26,0.10470446320868516,225000,100,102594000,/nfs3_ib/nfs-ip34/home/def-ilafores/analysis/MethodsComparison/Feces_RA/preproc/SRR5091584/SRR5091584_unmatched_2.fastq,SRR5091584,f1d5e549cd08f6d3d416c232d6d5bc46,219901000,31,DNA,1000,219901,true,0.8179945385174077,0.9297923615152083,0.873893450016308,0.9297923615152083,1015,1779132,2622806
701000,0.0031877981455291243,0.1351863550221099,0.0009731651970659524,0.0020401813935151895,25.00467289719626,23.0,20.555031597115693,signatures/3b0c0b515aeaac98f8eecc40f98418e8.sig.gz,GCA_902463235.1 uncultured Faecalibacterium sp. UHGG-TPA_MGYG-HGUT-00512,3b0c0b515aeaac98f8eecc40f98418e8,0.4428300694883133,214000,101,102380000,/nfs3_ib/nfs-ip34/home/def-ilafores/analysis/MethodsComparison/Feces_RA/preproc/SRR5091584/SRR5091584_unmatched_2.fastq,SRR5091584,f1d5e549cd08f6d3d416c232d6d5bc46,219901000,31,DNA,1000,219901,true,0.8307444443685967,0.9740657963206955,0.9024051203446461,0.9740657963206955,5351,1784483,2622806
255000,0.0011596127348215788,0.049836218998596166,0.0009686176961450835,0.00015479604667672714,1.9061032863849765,1.0,2.538087396549696,signatures/b37a0141517537faad74a6d2ac4d5c41.sig.gz,"GCF_000190535.1 Odoribacter splanchnicus DSM 20712 strain=DSM 220712, ASM19053v1",b37a0141517537faad74a6d2ac4d5c41,0.05966307908282639,213000,102,102167000,/nfs3_ib/nfs-ip34/home/def-ilafores/analysis/MethodsComparison/Feces_RA/preproc/SRR5091584/SRR5091584_unmatched_2.fastq,SRR5091584,f1d5e549cd08f6d3d416c232d6d5bc46,219901000,31,DNA,1000,219901,true,0.804082145115542,0.9130753833159032,0.8585787642157225,0.9130753833159032,406,1784889,2622806
2014000,0.009158666854630038,0.04113614103819784,0.0009549751933824766,0.0008384150409904506,10.471428571428572,5.0,23.58897326854108,signatures/20d3ad2db691676c0843017fd7066d73.sig.gz,"GCF_009193325.2 Bacteroides sp. HF-5287 strain=HF-5287, ASM919332v2",20d3ad2db691676c0843017fd7066d73,0.39451518119490697,210000,103,101957000,/nfs3_ib/nfs-ip34/home/def-ilafores/analysis/MethodsComparison/Feces_RA/preproc/SRR5091584/SRR5091584_unmatched_2.fastq,SRR5091584,f1d5e549cd08f6d3d416c232d6d5bc46,219901000,31,DNA,1000,219901,true,0.8595134035401248,0.9704424764207343,0.9149779399804296,0.9704424764207343,2199,1787088,2622806
1174000,0.005338766081100132,0.042135406013499695,0.000936785189699001,0.00024515728574663927,3.121359223300971,2.0,2.5082059687430442,signatures/710cdbb1b39af4ff433ed7fbad6c78ce.sig.gz,"GCF_000614125.1 Bacteroides rodentium JCM 16496 strain=JCM 16496, ASM61412v1",710cdbb1b39af4ff433ed7fbad6c78ce,0.2401309061157701,206000,104,101751000,/nfs3_ib/nfs-ip34/home/def-ilafores/analysis/MethodsComparison/Feces_RA/preproc/SRR5091584/SRR5091584_unmatched_2.fastq,SRR5091584,f1d5e549cd08f6d3d416c232d6d5bc46,219901000,31,DNA,1000,219901,true,0.8446788922473453,0.9550243691800153,0.8998516307136804,0.9550243691800153,643,1787731,2622806
645000,0.002933138093960464,0.054742547425474256,0.0009185951860155252,0.00018301010444539168,2.376237623762376,1.0,4.967919829132054,signatures/b41feede9fdc86f2bd09dd47a8e3856b.sig.gz,GCA_003465495.1 Segatella copri strain=AF10-17 ASM346549v1,b41feede9fdc86f2bd09dd47a8e3856b,0.17479674796747968,202000,105,101549000,/nfs3_ib/nfs-ip34/home/def-ilafores/analysis/MethodsComparison/Feces_RA/preproc/SRR5091584/SRR5091584_unmatched_2.fastq,SRR5091584,f1d5e549cd08f6d3d416c232d6d5bc46,219901000,31,DNA,1000,219901,true,0.8285162841490756,0.9452911498328912,0.8869037169909835,0.9452911498328912,480,1788211,2622806
199000,0.0009049526832529183,0.10945273631840796,0.0009004051823320494,0.00014259537304703437,1.8888888888888888,1.0,1.619882081310641,signatures/dc79372924876388a378ce5ece5a05d9.sig.gz,"GCA_000436835.1 Eubacterium sp. CAG:251, MGS251",dc79372924876388a378ce5ece5a05d9,0.11000552791597568,198000,106,101351000,/nfs3_ib/nfs-ip34/home/def-ilafores/analysis/MethodsComparison/Feces_RA/preproc/SRR5091584/SRR5091584_unmatched_2.fastq,SRR5091584,f1d5e549cd08f6d3d416c232d6d5bc46,219901000,31,DNA,1000,219901,true,0.7976762122893264,0.9312748775425717,0.864475544915949,0.9312748775425717,374,1788585,2622806
224000,0.0010186402062746418,0.06573705179282868,0.0009004051823320494,0.00013611376518126006,1.803030303030303,1.0,1.6716866547918003,signatures/68fb01ed6b048c0394873bac4b6cdd1b.sig.gz,"GCF_015560805.1 Mediterraneibacter glycyrrhizinilyticus strain=BSD2780061687b_171204_B1, ASM1556080v1",68fb01ed6b048c0394873bac4b6cdd1b,0.07436918990703852,198000,107,101153000,/nfs3_ib/nfs-ip34/home/def-ilafores/analysis/MethodsComparison/Feces_RA/preproc/SRR5091584/SRR5091584_unmatched_2.fastq,SRR5091584,f1d5e549cd08f6d3d416c232d6d5bc46,219901000,31,DNA,1000,219901,true,0.8007271281448355,0.9195880610537338,0.8601575945992846,0.9195880610537338,357,1788942,2622806
1264000,0.005748041163978336,0.042932628797886396,0.0008867626795694426,0.00042435467968275197,5.707692307692308,4.0,5.292635648753241,signatures/38d496bbf253b84b1d5c7263cc0903fc.sig.gz,"GCF_002965065.1 Escherichia sp. MOD1-EC7003 strain=MOD1-EC7003, ASM296506v1",38d496bbf253b84b1d5c7263cc0903fc,0.27829150154117127,195000,108,100958000,/nfs3_ib/nfs-ip34/home/def-ilafores/analysis/MethodsComparison/Feces_RA/preproc/SRR5091584/SRR5091584_unmatched_2.fastq,SRR5091584,f1d5e549cd08f6d3d416c232d6d5bc46,219901000,31,DNA,1000,219901,true,0.8466939321599517,0.9595787974251241,0.9031363647925379,0.9595787974251241,1113,1790055,2622806
1248000,0.005675281149244433,0.07227575982209043,0.0008867626795694426,0.002525920712397333,33.97435897435897,34.0,22.4066006523572,signatures/eeb695a1e6e0e337d3fe9bb8e8223271.sig.gz,GCA_948956705.1 uncultured Phocaeicola sp. MGBC101826,eeb695a1e6e0e337d3fe9bb8e8223271,0.4625648628613788,195000,109,100763000,/nfs3_ib/nfs-ip34/home/def-ilafores/analysis/MethodsComparison/Feces_RA/preproc/SRR5091584/SRR5091584_unmatched_2.fastq,SRR5091584,f1d5e549cd08f6d3d416c232d6d5bc46,219901000,31,DNA,1000,219901,true,0.8463460663554389,0.9754367581398494,0.9108914122476441,0.9754367581398494,6625,1796680,2622806
1046000,0.004756685963228907,0.04396112910689495,0.0008640251749650979,0.0005997393631095857,8.278947368421052,2.0,21.7360016404356,signatures/284259e70e0364cec13b6b5c7e16db9f.sig.gz,"GCF_004793765.1 Parabacteroides distasonis strain=NM39_I3, ASM479376v1",284259e70e0364cec13b6b5c7e16db9f,0.24201758445164276,190000,110,100573000,/nfs3_ib/nfs-ip34/home/def-ilafores/analysis/MethodsComparison/Feces_RA/preproc/SRR5091584/SRR5091584_unmatched_2.fastq,SRR5091584,f1d5e549cd08f6d3d416c232d6d5bc46,219901000,31,DNA,1000,219901,true,0.8415391753552912,0.955265502288464,0.8984023388218776,0.955265502288464,1573,1798253,2622806
1150000,0.005229626058999277,0.056451612903225805,0.0008594776740442289,0.0007087828836749649,9.835978835978835,3.0,22.163642870965987,signatures/5690dda55028fe4b6db542ea10f1886c.sig.gz,"GCF_013300725.1 Coprococcus comes strain=MSK.16.63, ASM1330072v1",5690dda55028fe4b6db542ea10f1886c,0.34348864994026285,189000,111,100384000,/nfs3_ib/nfs-ip34/home/def-ilafores/analysis/MethodsComparison/Feces_RA/preproc/SRR5091584/SRR5091584_unmatched_2.fastq,SRR5091584,f1d5e549cd08f6d3d416c232d6d5bc46,219901000,31,DNA,1000,219901,true,0.8441162843455664,0.9661163501020716,0.905116317223819,0.9661163501020716,1859,1800112,2622806
683000,0.0031059431289534836,0.04851537645811241,0.0008321926685190154,0.0006146089340957738,8.808743169398907,6.0,10.354457346716291,signatures/47a8a8805c519f2455918c9990c029e5.sig.gz,"GCF_003481985.1 Clostridium sp. OF09-36 strain=OF09-36, ASM348198v1",47a8a8805c519f2455918c9990c029e5,0.1810710498409332,183000,112,100201000,/nfs3_ib/nfs-ip34/home/def-ilafores/analysis/MethodsComparison/Feces_RA/preproc/SRR5091584/SRR5091584_unmatched_2.fastq,SRR5091584,f1d5e549cd08f6d3d416c232d6d5bc46,219901000,31,DNA,1000,219901,true,0.8300476342489562,0.9463671260442701,0.8882073801466132,0.9463671260442701,1612,1801724,2622806
444000,0.002019090408865808,0.05187991839113961,0.0008094551639146707,0.0002470636410012788,3.640449438202247,2.0,7.914922886067012,signatures/8d6533932a9329431a562a008a9885c3.sig.gz,"GCF_014297355.1 Blautia sp. 2744 strain=2744, ASM1429735v1",8d6533932a9329431a562a008a9885c3,0.12940833576216845,178000,113,100023000,/nfs3_ib/nfs-ip34/home/def-ilafores/analysis/MethodsComparison/Feces_RA/preproc/SRR5091584/SRR5091584_unmatched_2.fastq,SRR5091584,f1d5e549cd08f6d3d416c232d6d5bc46,219901000,31,DNA,1000,219901,true,0.8185958542244497,0.9361676313894599,0.8773817428069548,0.9361676313894599,648,1802372,2622806
423000,0.0019235928895275601,0.04310344827586207,0.0007958126611520639,0.0009554652536253158,14.32,1.0,32.77700239061353,signatures/659be16e24434afee44065c0476f013e.sig.gz,GCF_025567015.1 Waltera acetigignens strain=f_CXY ASM2556701v1,659be16e24434afee44065c0476f013e,0.10418719211822661,175000,114,99848000,/nfs3_ib/nfs-ip34/home/def-ilafores/analysis/MethodsComparison/Feces_RA/preproc/SRR5091584/SRR5091584_unmatched_2.fastq,SRR5091584,f1d5e549cd08f6d3d416c232d6d5bc46,219901000,31,DNA,1000,219901,true,0.8173174045427762,0.9296438303499216,0.873480617446349,0.9296438303499216,2506,1804878,2622806
235000,0.0010686627164042,0.06508422664624809,0.0007730751565477193,0.0001140000442274419,1.7588235294117647,1.0,1.3040925731888695,signatures/09a733b1bc16d57b28af752939010678.sig.gz,"GCF_000153925.1 [Ruminococcus] torques ATCC 27756 strain=ATCC 27756, ASM15392v1",09a733b1bc16d57b28af752939010678,0.08996937212863707,170000,115,99678000,/nfs3_ib/nfs-ip34/home/def-ilafores/analysis/MethodsComparison/Feces_RA/preproc/SRR5091584/SRR5091584_unmatched_2.fastq,SRR5091584,f1d5e549cd08f6d3d416c232d6d5bc46,219901000,31,DNA,1000,219901,true,0.801966357961391,0.9252543147474833,0.8636103363544372,0.9252543147474833,299,1805177,2622806
679000,0.003087753125270008,0.05441081777205409,0.0007685276556268503,0.0012444687102286635,19.31360946745562,4.0,26.964405498635077,signatures/b7fbb7c245964c8787ceff9b2ee964a0.sig.gz,"GCF_003324185.1 Faecalibacterium prausnitzii strain=ATCC 27768, ASM332418v1",b7fbb7c245964c8787ceff9b2ee964a0,0.21860914359304573,169000,116,99509000,/nfs3_ib/nfs-ip34/home/def-ilafores/analysis/MethodsComparison/Feces_RA/preproc/SRR5091584/SRR5091584_unmatched_2.fastq,SRR5091584,f1d5e549cd08f6d3d416c232d6d5bc46,219901000,31,DNA,1000,219901,true,0.8298903756844745,0.9521359827581017,0.8910131792212881,0.9521359827581017,3264,1808441,2622806
702000,0.0031923456464499934,0.06291520125048847,0.0007321476482598987,0.0005844885210724698,9.521739130434783,2.0,23.048177184098243,signatures/1c3ea5fbf00ea2a5dc8cb8d21cd793e8.sig.gz,"GCA_900757715.1 uncultured Veillonella sp., ERS537359_13",1c3ea5fbf00ea2a5dc8cb8d21cd793e8,0.27432590855803046,161000,117,99348000,/nfs3_ib/nfs-ip34/home/def-ilafores/analysis/MethodsComparison/Feces_RA/preproc/SRR5091584/SRR5091584_unmatched_2.fastq,SRR5091584,f1d5e549cd08f6d3d416c232d6d5bc46,219901000,31,DNA,1000,219901,true,0.8307826465476138,0.9591346374255111,0.8949586419865625,0.9591346374255111,1533,1809974,2622806
1104000,0.005020441016639306,0.036771507863089734,0.0007230526464181609,0.0024584357363830953,40.55345911949686,39.0,36.71146168231526,signatures/9daea6eecc92f4d8e1dbe8bf3bb3214a.sig.gz,"GCA_900557085.1 uncultured Bacteroides sp., UMGS2007",9daea6eecc92f4d8e1dbe8bf3bb3214a,0.2553191489361702,159000,118,99189000,/nfs3_ib/nfs-ip34/home/def-ilafores/analysis/MethodsComparison/Feces_RA/preproc/SRR5091584/SRR5091584_unmatched_2.fastq,SRR5091584,f1d5e549cd08f6d3d416c232d6d5bc46,219901000,31,DNA,1000,219901,true,0.8430054510506466,0.9569156506961353,0.899960550873391,0.9569156506961353,6448,1816422,2622806
154000,0.0007003151418138162,0.06954545454545455,0.0006957676408929472,0.0001113311468709466,1.908496732026144,1.0,1.5815913105220112,signatures/3e006854992e86a9a691fd68b9847087.sig.gz,GCF_031191205.1 Haemophilus parainfluenzae ATCC 33392 strain=DSM 8978 ASM3119120v1,3e006854992e86a9a691fd68b9847087,0.07,153000,119,99036000,/nfs3_ib/nfs-ip34/home/def-ilafores/analysis/MethodsComparison/Feces_RA/preproc/SRR5091584/SRR5091584_unmatched_2.fastq,SRR5091584,f1d5e549cd08f6d3d416c232d6d5bc46,219901000,31,DNA,1000,219901,true,0.7911070863471926,0.9177937545619166,0.8544504204545547,0.9177937545619166,292,1816714,2622806
407000,0.0018508328747936572,0.03010625737898465,0.0006957676408929472,0.0003095920933534543,5.30718954248366,2.0,9.567292488754635,signatures/dec6823a28f0aea55b13c3be158528c4.sig.gz,"GCF_000025985.1 Bacteroides fragilis NCTC 9343, ASM2598v1",dec6823a28f0aea55b13c3be158528c4,0.08008658008658008,153000,120,98883000,/nfs3_ib/nfs-ip34/home/def-ilafores/analysis/MethodsComparison/Feces_RA/preproc/SRR5091584/SRR5091584_unmatched_2.fastq,SRR5091584,f1d5e549cd08f6d3d416c232d6d5bc46,219901000,31,DNA,1000,219901,true,0.8163014256733584,0.9217878079711356,0.869044616822247,0.9217878079711356,812,1817526,2622806
215000,0.0009777126979868213,0.03297180043383948,0.0006912201399720783,0.00010637462320888392,1.8355263157894737,1.0,1.102891408903794,signatures/73636d352ef5bf1c92887ac5c9e713c2.sig.gz,"GCF_012317185.1 [Clostridium] innocuum strain=ATCC 14501, ASM1231718v1",73636d352ef5bf1c92887ac5c9e713c2,0.046637744034707156,152000,121,98731000,/nfs3_ib/nfs-ip34/home/def-ilafores/analysis/MethodsComparison/Feces_RA/preproc/SRR5091584/SRR5091584_unmatched_2.fastq,SRR5091584,f1d5e549cd08f6d3d416c232d6d5bc46,219901000,31,DNA,1000,219901,true,0.7996685949800497,0.9058495011544041,0.8527590480672269,0.9058495011544041,279,1817805,2622806
870000,0.003956325801155975,0.054305108967488386,0.0006912201399720783,0.0011239870581354473,19.394736842105264,16.0,16.63270315987248,signatures/1a6ea346590b713f033b7fae8ab21643.sig.gz,"GCF_023347535.1 Faecalibacterium sp. HTFF strain=HTFF, ASM2334753v1",1a6ea346590b713f033b7fae8ab21643,0.3108252947481243,152000,122,98579000,/nfs3_ib/nfs-ip34/home/def-ilafores/analysis/MethodsComparison/Feces_RA/preproc/SRR5091584/SRR5091584_unmatched_2.fastq,SRR5091584,f1d5e549cd08f6d3d416c232d6d5bc46,219901000,31,DNA,1000,219901,true,0.8365526742502613,0.9630072568485858,0.8997799655494235,0.9630072568485858,2948,1820753,2622806
744000,0.003383340685126489,0.07845188284518828,0.0006821251381303405,0.0007179333888972345,12.553333333333333,12.0,7.653789185030435,signatures/92b19d619bec44211e0cd1149887d856.sig.gz,"GCA_905215045.1 uncultured bacterium, ERR1600571-mag-bin.33",92b19d619bec44211e0cd1149887d856,0.3891213389121339,150000,123,98429000,/nfs3_ib/nfs-ip34/home/def-ilafores/analysis/MethodsComparison/Feces_RA/preproc/SRR5091584/SRR5091584_unmatched_2.fastq,SRR5091584,f1d5e549cd08f6d3d416c232d6d5bc46,219901000,31,DNA,1000,219901,true,0.8323413589250509,0.9700116204583238,0.9011764896916874,0.9700116204583238,1883,1822636,2622806
804000,0.003656190740378625,0.04081632653061224,0.0006730301362886026,0.0002920536250107709,5.175675675675675,4.0,5.889427329816721,signatures/c7c1a160793d1ec9d73e128c1ab0fc90.sig.gz,"GCF_003478505.1 Clostridium sp. AF27-2AA strain=AF27-2AA, ASM347850v1",c7c1a160793d1ec9d73e128c1ab0fc90,0.22173193601765032,148000,124,98281000,/nfs3_ib/nfs-ip34/home/def-ilafores/analysis/MethodsComparison/Feces_RA/preproc/SRR5091584/SRR5091584_unmatched_2.fastq,SRR5091584,f1d5e549cd08f6d3d416c232d6d5bc46,219901000,31,DNA,1000,219901,true,0.8344263830492779,0.9525717231629124,0.8934990531060951,0.9525717231629124,766,1823402,2622806
1052000,0.004783970968754121,0.05505279034690799,0.0006639351344468647,0.0029834459735108123,53.5958904109589,64.0,42.70407551163072,signatures/a202d6e19a5a61416204946db31cfb35.sig.gz,"GCA_019411365.1 Roseburia sp., ASM1941136v1",a202d6e19a5a61416204946db31cfb35,0.39668174962292607,146000,125,98135000,/nfs3_ib/nfs-ip34/home/def-ilafores/analysis/MethodsComparison/Feces_RA/preproc/SRR5091584/SRR5091584_unmatched_2.fastq,SRR5091584,f1d5e549cd08f6d3d416c232d6d5bc46,219901000,31,DNA,1000,219901,true,0.84169446040895,0.9706139374255558,0.9061541989172529,0.9706139374255558,7825,1831227,2622806
886000,0.004029085815889877,0.057266982622432856,0.0006593876335259958,0.00015746494403322243,2.8482758620689657,2.0,2.5685928912814298,signatures/5de087f5a9a17c161f71764fddd2d36f.sig.gz,GCA_958454115.1 Blautia wexlerae SRR18940294_bin.27_MetaWRAP_v1.3_MAG,5de087f5a9a17c161f71764fddd2d36f,0.3499210110584518,145000,126,97990000,/nfs3_ib/nfs-ip34/home/def-ilafores/analysis/MethodsComparison/Feces_RA/preproc/SRR5091584/SRR5091584_unmatched_2.fastq,SRR5091584,f1d5e549cd08f6d3d416c232d6d5bc46,219901000,31,DNA,1000,219901,true,0.8370445968132896,0.9666947399875574,0.9018696684004235,0.9666947399875574,413,1831640,2622806
1653000,0.007517019022196352,0.04443763407906834,0.0006593876335259958,0.0016177330690870769,29.26206896551724,4.0,33.46166529022792,signatures/13b91a3b95e974816cbdb5352e0e95f7.sig.gz,GCA_948579315.1 uncultured Phocaeicola sp. MGBC144851,13b91a3b95e974816cbdb5352e0e95f7,0.5065890285013791,145000,127,97845000,/nfs3_ib/nfs-ip34/home/def-ilafores/analysis/MethodsComparison/Feces_RA/preproc/SRR5091584/SRR5091584_unmatched_2.fastq,SRR5091584,f1d5e549cd08f6d3d416c232d6d5bc46,219901000,31,DNA,1000,219901,true,0.854054024502655,0.9783016073895324,0.9161778159460937,0.9783016073895324,4243,1835883,2622806
175000,0.0007958126611520639,0.04221635883905013,0.0006548401326051268,0.00009684284693568644,1.7638888888888888,1.0,1.160615923114815,signatures/0c8b45ec7f1c8bbbe19cb015f398911d.sig.gz,"GCF_900447045.1 Clostridium paraputrificum strain=NCTC11833, 52087_F01",0c8b45ec7f1c8bbbe19cb015f398911d,0.05130460275579009,144000,128,97701000,/nfs3_ib/nfs-ip34/home/def-ilafores/analysis/MethodsComparison/Feces_RA/preproc/SRR5091584/SRR5091584_unmatched_2.fastq,SRR5091584,f1d5e549cd08f6d3d416c232d6d5bc46,219901000,31,DNA,1000,219901,true,0.7943760762010261,0.9086406032184017,0.8515083397097138,0.9086406032184017,254,1836137,2622806
1148000,0.005220531057157539,0.02118832419617721,0.0006502926316842579,0.0001151438573802256,2.111888111888112,1.0,1.718288688041994,signatures/d0bde3e6526ca3c12f402123a43ebfc0.sig.gz,"GCA_019412825.1 Bacteroides thetaiotaomicron, ASM1941282v1",d0bde3e6526ca3c12f402123a43ebfc0,0.17009927396651356,143000,129,97558000,/nfs3_ib/nfs-ip34/home/def-ilafores/analysis/MethodsComparison/Feces_RA/preproc/SRR5091584/SRR5091584_unmatched_2.fastq,SRR5091584,f1d5e549cd08f6d3d416c232d6d5bc46,219901000,31,DNA,1000,219901,true,0.844068888697209,0.9444608286008357,0.8942648586490223,0.9444608286008357,302,1836439,2622806
154000,0.0007003151418138162,0.07465091299677766,0.0006321026280007822,0.00009264886537547954,1.7482014388489209,1.0,1.1385559779027439,signatures/fed98fe06f36d89d113198957fefae2c.sig.gz,"GCA_900542375.1 uncultured Ruminococcaceae bacterium, UMGS454",fed98fe06f36d89d113198957fefae2c,0.08270676691729323,139000,130,97419000,/nfs3_ib/nfs-ip34/home/def-ilafores/analysis/MethodsComparison/Feces_RA/preproc/SRR5091584/SRR5091584_unmatched_2.fastq,SRR5091584,f1d5e549cd08f6d3d416c232d6d5bc46,219901000,31,DNA,1000,219901,true,0.7911070863471926,0.9227455706263643,0.8569263284867785,0.9227455706263643,243,1836682,2622806
733000,0.0033333181749969306,0.049908925318761385,0.0006230076261590443,0.00177329165786566,33.948905109489054,33.0,28.549948845719253,signatures/d5330fc8a7b2b48d024b6fb23f5b2ee5.sig.gz,"GCA_900765705.1 uncultured Faecalibacterium sp., SRS294968_37",d5330fc8a7b2b48d024b6fb23f5b2ee5,0.26703096539162113,137000,131,97282000,/nfs3_ib/nfs-ip34/home/def-ilafores/analysis/MethodsComparison/Feces_RA/preproc/SRR5091584/SRR5091584_unmatched_2.fastq,SRR5091584,f1d5e549cd08f6d3d416c232d6d5bc46,219901000,31,DNA,1000,219901,true,0.8319415194554769,0.9583011028044862,0.8951213111299816,0.9583011028044862,4651,1841333,2622806
363000,0.0016507428342754239,0.022685262981011596,0.0006139126243173064,0.0002398194910336487,4.659259259259259,1.0,12.321112842333896,signatures/ddc3bbfa80864ba686c6a00380ae271a.sig.gz,"GCF_000172175.1 Bacteroides intestinalis DSM 17393 strain=DSM 17393, ASM17217v1",ddc3bbfa80864ba686c6a00380ae271a,0.06099815157116451,135000,132,97147000,/nfs3_ib/nfs-ip34/home/def-ilafores/analysis/MethodsComparison/Feces_RA/preproc/SRR5091584/SRR5091584_unmatched_2.fastq,SRR5091584,f1d5e549cd08f6d3d416c232d6d5bc46,219901000,31,DNA,1000,219901,true,0.813294290084796,0.9137274391449902,0.8635108646148931,0.9137274391449902,629,1841962,2622806
223000,0.0010140927053537729,0.023894436519258204,0.0006093651233964374,0.00008769234171341685,1.7164179104477613,1.0,1.9455726252895909,signatures/e4c612e9ea6fe7869b7583a2f7df7037.sig.gz,"GCF_002075345.1 Citrobacter braakii strain=ATCC 51113, ASM207534v1",e4c612e9ea6fe7869b7583a2f7df7037,0.039764621968616264,134000,133,97013000,/nfs3_ib/nfs-ip34/home/def-ilafores/analysis/MethodsComparison/Feces_RA/preproc/SRR5091584/SRR5091584_unmatched_2.fastq,SRR5091584,f1d5e549cd08f6d3d416c232d6d5bc46,219901000,31,DNA,1000,219901,true,0.8006115662365538,0.9012026898212117,0.8509071280288827,0.9012026898212117,230,1842192,2622806
662000,0.003010445609615236,0.030087276067983462,0.0005957226206338307,0.0002924348960616988,5.854961832061068,2.0,13.015623106323858,signatures/aa21d6a4e240d950eb3b686e2a4fae57.sig.gz,"GCF_004793475.1 Bacteroides sp. NM69_E16B strain=NM69_E16B, ASM479347v1",aa21d6a4e240d950eb3b686e2a4fae57,0.15204409738171795,131000,134,96882000,/nfs3_ib/nfs-ip34/home/def-ilafores/analysis/MethodsComparison/Feces_RA/preproc/SRR5091584/SRR5091584_unmatched_2.fastq,SRR5091584,f1d5e549cd08f6d3d416c232d6d5bc46,219901000,31,DNA,1000,219901,true,0.8292118678873883,0.9410483150774381,0.8851300914824132,0.9410483150774381,767,1842959,2622806
1797000,0.008171859154801479,0.04333221363789049,0.0005866276187920928,0.00020969907801034464,4.263565891472868,3.0,5.072374457121164,signatures/78f6a266a0fffd08c8145495b700d709.sig.gz,"GCA_900556625.1 uncultured Bacteroides sp., UMGS1954",78f6a266a0fffd08c8145495b700d709,0.6036278132348001,129000,135,96753000,/nfs3_ib/nfs-ip34/home/def-ilafores/analysis/MethodsComparison/Feces_RA/preproc/SRR5091584/SRR5091584_unmatched_2.fastq,SRR5091584,f1d5e549cd08f6d3d416c232d6d5bc46,219901000,31,DNA,1000,219901,true,0.8563583013243734,0.9838480746890157,0.9201031880066946,0.9838480746890157,550,1843509,2622806
765000,0.0034788382044647365,0.04629294755877034,0.0005820801178712239,0.0014312915251833342,29.328125,9.5,37.49627260121164,signatures/88f1b5eec91b23fd70f1b11b9f13bd9a.sig.gz,"GCF_023347275.1 Faecalibacterium sp. I3389 strain=I3389, ASM2334727v1",88f1b5eec91b23fd70f1b11b9f13bd9a,0.2766726943942134,128000,136,96625000,/nfs3_ib/nfs-ip34/home/def-ilafores/analysis/MethodsComparison/Feces_RA/preproc/SRR5091584/SRR5091584_unmatched_2.fastq,SRR5091584,f1d5e549cd08f6d3d416c232d6d5bc46,219901000,31,DNA,1000,219901,true,0.833089051144202,0.9593982299770126,0.8962436405606073,0.9593982299770126,3754,1847263,2622806
238000,0.0010823052191668069,0.05085419149781486,0.0005820801178712239,0.00026955863300602486,5.5234375,1.0,11.951702836148229,signatures/be471ee2a9a4d83e479673ce2822bf12.sig.gz,"GCF_018408575.1 Oscillibacter sp. MM50 strain=MM50, ASM1840857v1",be471ee2a9a4d83e479673ce2822bf12,0.09455701231624951,128000,137,96497000,/nfs3_ib/nfs-ip34/home/def-ilafores/analysis/MethodsComparison/Feces_RA/preproc/SRR5091584/SRR5091584_unmatched_2.fastq,SRR5091584,f1d5e549cd08f6d3d416c232d6d5bc46,219901000,31,DNA,1000,219901,true,0.8022945886992598,0.9267399021877997,0.8645172454435297,0.9267399021877997,707,1847970,2622806
341000,0.0015506978140163072,0.038266068759342305,0.0005820801178712239,0.00019978603068621927,4.09375,1.0,12.636404193341553,signatures/2761b9bfb8ee41b7d2e36ef75953884e.sig.gz,"GCF_001406815.1 Roseburia faecis strain=M72, M72",2761b9bfb8ee41b7d2e36ef75953884e,0.10194319880418536,128000,138,96369000,/nfs3_ib/nfs-ip34/home/def-ilafores/analysis/MethodsComparison/Feces_RA/preproc/SRR5091584/SRR5091584_unmatched_2.fastq,SRR5091584,f1d5e549cd08f6d3d416c232d6d5bc46,219901000,31,DNA,1000,219901,true,0.8116557026785151,0.9289911071132999,0.8703234048959074,0.9289911071132999,524,1848494,2622806
811000,0.0036880232468247073,0.06012506012506012,0.000568437615108617,0.0001223880073478557,2.568,2.0,2.580964160929013,signatures/aacac509aee4a29827a7fd61fad0dfd7.sig.gz,"GCF_014306175.1 Veillonella sp. M12 strain=M12, ASM1430617v1",aacac509aee4a29827a7fd61fad0dfd7,0.3900913900913901,125000,139,96244000,/nfs3_ib/nfs-ip34/home/def-ilafores/analysis/MethodsComparison/Feces_RA/preproc/SRR5091584/SRR5091584_unmatched_2.fastq,SRR5091584,f1d5e549cd08f6d3d416c232d6d5bc46,219901000,31,DNA,1000,219901,true,0.8346597531889741,0.9700895319489427,0.9023746425689584,0.9700895319489427,321,1848815,2622806
611000,0.0027785230626509202,0.033714126497631655,0.0005502476114251413,0.0002935787092144825,6.363636363636363,3.0,10.685589276301899,signatures/e74ad9130b727000e44fbbf62543e5bf.sig.gz,"GCF_019734885.1 Coprococcus catus strain=VPIC661, ASM1973488v1",e74ad9130b727000e44fbbf62543e5bf,0.17024240735580942,121000,140,96123000,/nfs3_ib/nfs-ip34/home/def-ilafores/analysis/MethodsComparison/Feces_RA/preproc/SRR5091584/SRR5091584_unmatched_2.fastq,SRR5091584,f1d5e549cd08f6d3d416c232d6d5bc46,219901000,31,DNA,1000,219901,true,0.8270702269617441,0.9444864547874701,0.8857783408746072,0.9444864547874701,770,1849585,2622806
567000,0.002578433022132687,0.03289831430125068,0.0005502476114251413,0.00020893653590848884,4.528925619834711,3.0,6.191268685545505,signatures/c0b7275583c6d00545f71fe5228d88e6.sig.gz,"GCF_003474435.1 Ruminococcus sp. AF46-10NS strain=AF46-10NS, ASM347443v1",c0b7275583c6d00545f71fe5228d88e6,0.15415986949429036,121000,141,96002000,/nfs3_ib/nfs-ip34/home/def-ilafores/analysis/MethodsComparison/Feces_RA/preproc/SRR5091584/SRR5091584_unmatched_2.fastq,SRR5091584,f1d5e549cd08f6d3d416c232d6d5bc46,219901000,31,DNA,1000,219901,true,0.8250786515775871,0.9414679213939369,0.883273286485762,0.9414679213939369,548,1850133,2622806
168000,0.0007639801547059814,0.0379386658235852,0.0005457001105042724,0.00008616725750970525,1.8833333333333333,1.0,1.6642482453715315,signatures/0fd00fe0e4e8c9621563b19e910f942e.sig.gz,GCF_020687385.1 Hominilimicola fabiformis strain=CLA-AA-H232 ASM2068738v1,0fd00fe0e4e8c9621563b19e910f942e,0.053114132153019286,120000,142,95882000,/nfs3_ib/nfs-ip34/home/def-ilafores/analysis/MethodsComparison/Feces_RA/preproc/SRR5091584/SRR5091584_unmatched_2.fastq,SRR5091584,f1d5e549cd08f6d3d416c232d6d5bc46,219901000,31,DNA,1000,219901,true,0.7933306996214048,0.9096571654327255,0.8514939325270652,0.9096571654327255,226,1850359,2622806
1436000,0.006530211322367792,0.02134092121643251,0.0005457001105042724,0.00013115724151919737,2.8666666666666667,2.0,2.3271346234276074,signatures/b4482d10cb2488078dd11fc3de09368a.sig.gz,"GCF_009193295.2 Bacteroides sp. HF-5141 strain=HF-5141, ASM919329v2",b4482d10cb2488078dd11fc3de09368a,0.25537969055664234,120000,143,95762000,/nfs3_ib/nfs-ip34/home/def-ilafores/analysis/MethodsComparison/Feces_RA/preproc/SRR5091584/SRR5091584_unmatched_2.fastq,SRR5091584,f1d5e549cd08f6d3d416c232d6d5bc46,219901000,31,DNA,1000,219901,true,0.850185672340106,0.9569229693767076,0.9035543208584068,0.9569229693767076,344,1850703,2622806
976000,0.004438360898768082,0.025690846286701208,0.0005411526095834034,0.00025621414622354835,5.647058823529412,4.0,5.000148292412898,signatures/16c61a72a7b0e33b078d70321bdf2cda.sig.gz,"GCF_000026225.1 Escherichia fergusonii ATCC 35469 strain=ATCC 35469T, ASM2622v1",16c61a72a7b0e33b078d70321bdf2cda,0.21070811744386875,119000,144,95643000,/nfs3_ib/nfs-ip34/home/def-ilafores/analysis/MethodsComparison/Feces_RA/preproc/SRR5091584/SRR5091584_unmatched_2.fastq,SRR5091584,f1d5e549cd08f6d3d416c232d6d5bc46,219901000,31,DNA,1000,219901,true,0.839660948626173,0.9510060212816793,0.8953334849539262,0.9510060212816793,672,1851375,2622806
389000,0.0017689778582180163,0.032249248428532384,0.0005366051086625345,0.0003416188616313978,7.593220338983051,1.0,20.139444932067754,signatures/cc3f4e6331ad6004e2e014363ff7b343.sig.gz,GCF_025567165.1 Laedolimicola ammoniilytica strain=Sanger_04 ASM2556716v1,cc3f4e6331ad6004e2e014363ff7b343,0.10631320032795846,118000,145,95525000,/nfs3_ib/nfs-ip34/home/def-ilafores/analysis/MethodsComparison/Feces_RA/preproc/SRR5091584/SRR5091584_unmatched_2.fastq,SRR5091584,f1d5e549cd08f6d3d416c232d6d5bc46,219901000,31,DNA,1000,219901,true,0.815111182983091,0.930249803237646,0.8726804931103684,0.930249803237646,896,1852271,2622806
252000,0.001145970232058972,0.02681641072656429,0.0005320576077416655,0.000056809386588257,1.2735042735042734,1.0,1.136977035782283,signatures/a8c995daf67b413b45a7f31c15f510d6.sig.gz,GCF_025151215.1 Parabacteroides merdae ATCC 43184 strain=ATCC 43184 ASM2515121v1,a8c995daf67b413b45a7f31c15f510d6,0.05775842310336924,117000,146,95408000,/nfs3_ib/nfs-ip34/home/def-ilafores/analysis/MethodsComparison/Feces_RA/preproc/SRR5091584/SRR5091584_unmatched_2.fastq,SRR5091584,f1d5e549cd08f6d3d416c232d6d5bc46,219901000,31,DNA,1000,219901,true,0.803775239955946,0.912120270443315,0.8579477551996305,0.912120270443315,149,1852420,2622806
1101000,0.005006798513876699,0.04186046511627907,0.0005320576077416655,0.0014610306671557103,32.75213675213675,34.0,18.4028546572768,signatures/5229119e2aa175d63f96a9ce9dfd479c.sig.gz,"GCF_000146185.1 [Eubacterium] eligens ATCC 27750 strain=ATCC 27750, ASM14618v1",5229119e2aa175d63f96a9ce9dfd479c,0.39391771019677996,117000,147,95291000,/nfs3_ib/nfs-ip34/home/def-ilafores/analysis/MethodsComparison/Feces_RA/preproc/SRR5091584/SRR5091584_unmatched_2.fastq,SRR5091584,f1d5e549cd08f6d3d416c232d6d5bc46,219901000,31,DNA,1000,219901,true,0.842931457723986,0.9703950325994319,0.9066632451617089,0.9703950325994319,3832,1856252,2622806
269000,0.0012232777477137438,0.03458468814661543,0.0005320576077416655,0.000113618773176514,2.547008547008547,1.0,2.898557632746724,signatures/ba9c097781d61e9512f594f3c5dee5f9.sig.gz,"GCA_003573975.1 Clostridiales bacterium CCNA10 strain=CCNA10, ASM357397v1",ba9c097781d61e9512f594f3c5dee5f9,0.07951522317469702,117000,148,95174000,/nfs3_ib/nfs-ip34/home/def-ilafores/analysis/MethodsComparison/Feces_RA/preproc/SRR5091584/SRR5091584_unmatched_2.fastq,SRR5091584,f1d5e549cd08f6d3d416c232d6d5bc46,219901000,31,DNA,1000,219901,true,0.8054696779874607,0.9215749349339066,0.8635223064606836,0.9215749349339066,298,1856550,2622806
244000,0.0011095902246920206,0.03487332339791356,0.0005320576077416655,0.00007663548123650777,1.7179487179487178,1.0,1.1386463236499749,signatures/baeb57fa40d7e53b4bf7a400d364774b.sig.gz,GCF_025567195.1 Alitiscatomonas aceti strain=f_CCE ASM2556719v1,baeb57fa40d7e53b4bf7a400d364774b,0.07272727272727272,117000,149,95057000,/nfs3_ib/nfs-ip34/home/def-ilafores/analysis/MethodsComparison/Feces_RA/preproc/SRR5091584/SRR5091584_unmatched_2.fastq,SRR5091584,f1d5e549cd08f6d3d416c232d6d5bc46,219901000,31,DNA,1000,219901,true,0.8029392078793715,0.9189260392270199,0.8609326235531957,0.9189260392270199,201,1856751,2622806
292000,0.0013278702688937294,0.051670378619153676,0.0005275101068207966,0.00008616725750970525,1.9482758620689655,1.0,1.1806254010875854,signatures/95cfda63759486b7487bac11eced7c9b.sig.gz,"GCA_016466735.1 Weissella confusa strain=DSM 20196, ASM1646673v1",95cfda63759486b7487bac11eced7c9b,0.13006681514476615,116000,150,94941000,/nfs3_ib/nfs-ip34/home/def-ilafores/analysis/MethodsComparison/Feces_RA/preproc/SRR5091584/SRR5091584_unmatched_2.fastq,SRR5091584,f1d5e549cd08f6d3d416c232d6d5bc46,219901000,31,DNA,1000,219901,true,0.8076042007569469,0.936320918210068,0.8719625594835074,0.936320918210068,226,1856977,2622806
1033000,0.004697568451257611,0.023004600920184037,0.0005229626058999276,0.00013039469941734157,2.973913043478261,2.0,3.8049415685742987,signatures/77a7ed2c6c963d84f505bc3ff58ba172.sig.gz,"GCF_019583405.1 Bacteroides fragilis strain=S82, ASM1958340v1",77a7ed2c6c963d84f505bc3ff58ba172,0.20664132826565312,115000,151,94826000,/nfs3_ib/nfs-ip34/home/def-ilafores/analysis/MethodsComparison/Feces_RA/preproc/SRR5091584/SRR5091584_unmatched_2.fastq,SRR5091584,f1d5e549cd08f6d3d416c232d6d5bc46,219901000,31,DNA,1000,219901,true,0.8411997458715345,0.950408324905609,0.8958040353885717,0.950408324905609,342,1857319,2622806
1097000,0.004988608510193223,0.03140773976444195,0.0005093201031373209,0.00015822748613507823,3.705357142857143,2.0,7.8246843761735665,signatures/c904d12975db86fd08a8995198b6cca6.sig.gz,"GCF_013300825.1 Blautia wexlerae strain=MSK.20.46, ASM1330082v1",c904d12975db86fd08a8995198b6cca6,0.30762759394279304,112000,152,94714000,/nfs3_ib/nfs-ip34/home/def-ilafores/analysis/MethodsComparison/Feces_RA/preproc/SRR5091584/SRR5091584_unmatched_2.fastq,SRR5091584,f1d5e549cd08f6d3d416c232d6d5bc46,219901000,31,DNA,1000,219901,true,0.8428324958634895,0.9626860679684237,0.9027592819159567,0.9626860679684237,415,1857734,2622806
173000,0.000786717659310326,0.01908331913443517,0.0005093201031373209,0.00024325093049199978,5.696428571428571,1.0,25.44035015121307,signatures/51d7fd9bdf03a1793a8850d12786c650.sig.gz,GCF_029581355.1 Parabacteroides chongii strain=YMC B3181 ASM2958135v1,51d7fd9bdf03a1793a8850d12786c650,0.029476912591582895,112000,153,94602000,/nfs3_ib/nfs-ip34/home/def-ilafores/analysis/MethodsComparison/Feces_RA/preproc/SRR5091584/SRR5091584_unmatched_2.fastq,SRR5091584,f1d5e549cd08f6d3d416c232d6d5bc46,219901000,31,DNA,1000,219901,true,0.7940815869288883,0.8925415678345172,0.8433115773817028,0.8925415678345172,638,1858372,2622806
230000,0.0010459252117998553,0.017409033877038897,0.000504772602216452,0.00007777929438929147,1.837837837837838,1.0,2.7428548964012736,signatures/93f73424a62c9a7810069426678c2739.sig.gz,"GCF_002234575.2 Enterocloster bolteae strain=ATCC BAA-613, ASM223457v2",93f73424a62c9a7810069426678c2739,0.03607277289836888,111000,154,94491000,/nfs3_ib/nfs-ip34/home/def-ilafores/analysis/MethodsComparison/Feces_RA/preproc/SRR5091584/SRR5091584_unmatched_2.fastq,SRR5091584,f1d5e549cd08f6d3d416c232d6d5bc46,219901000,31,DNA,1000,219901,true,0.8014101879023777,0.8983744751014506,0.8498923315019142,0.8983744751014506,204,1858576,2622806
129000,0.0005866276187920928,0.02746975806451613,0.0004956776003747141,0.00007244149967630087,1.7431192660550459,1.0,1.3774305938309486,signatures/aac68e61987f5f0a907f6ab86eb6432f.sig.gz,"GCF_000808015.1 Terrisporobacter othiniensis strain=08-306576, pear-SPAdes-1.0",aac68e61987f5f0a907f6ab86eb6432f,0.03251008064516129,109000,155,94382000,/nfs3_ib/nfs-ip34/home/def-ilafores/analysis/MethodsComparison/Feces_RA/preproc/SRR5091584/SRR5091584_unmatched_2.fastq,SRR5091584,f1d5e549cd08f6d3d416c232d6d5bc46,219901000,31,DNA,1000,219901,true,0.786599433364643,0.8953659657531329,0.8409826995588879,0.8953659657531329,190,1858766,2622806
738000,0.003356055679601275,0.040313549832026875,0.0004911300994538451,0.00009989301534310964,2.425925925925926,2.0,1.6953296615053068,signatures/97e110f2226d14311d1b11f1aa1b33ac.sig.gz,"GCF_000269965.1 Bifidobacterium longum subsp. infantis ATCC 15697 = JCM 1222 = DSM 20088 strain=JCM 1222, ASM26996v1",97e110f2226d14311d1b11f1aa1b33ac,0.27547592385218367,108000,156,94274000,/nfs3_ib/nfs-ip34/home/def-ilafores/analysis/MethodsComparison/Feces_RA/preproc/SRR5091584/SRR5091584_unmatched_2.fastq,SRR5091584,f1d5e549cd08f6d3d416c232d6d5bc46,219901000,31,DNA,1000,219901,true,0.8321239794783842,0.9592640794352683,0.8956940294568263,0.9592640794352683,262,1859028,2622806
620000,0.0028194505709387406,0.041106415674222054,0.0004865825985329762,0.00013573249413033217,3.3271028037383177,3.0,2.249717327766303,signatures/51f4c8ab65736a50f935d316ef3ae943.sig.gz,GCF_900766055.1 uncultured Parasutterella sp. SRS294991_82,51f4c8ab65736a50f935d316ef3ae943,0.23818670764502498,107000,157,94167000,/nfs3_ib/nfs-ip34/home/def-ilafores/analysis/MethodsComparison/Feces_RA/preproc/SRR5091584/SRR5091584_unmatched_2.fastq,SRR5091584,f1d5e549cd08f6d3d416c232d6d5bc46,219901000,31,DNA,1000,219901,true,0.8274604431793648,0.9547739587421772,0.8911172009607711,0.9547739587421772,356,1859384,2622806
796000,0.0036198107330116733,0.029288702928870293,0.0004774875966912383,0.00018911044126023808,4.723809523809524,3.0,6.6511656523610485,signatures/b2cb449359263424b624c31f539ed929.sig.gz,"GCF_003478035.1 Clostridium sp. OF03-18AA strain=OF03-18AA, ASM347803v1",b2cb449359263424b624c31f539ed929,0.2220362622036262,105000,158,94062000,/nfs3_ib/nfs-ip34/home/def-ilafores/analysis/MethodsComparison/Feces_RA/preproc/SRR5091584/SRR5091584_unmatched_2.fastq,SRR5091584,f1d5e549cd08f6d3d416c232d6d5bc46,219901000,31,DNA,1000,219901,true,0.8341572544157185,0.9526138694003807,0.8933855619080496,0.9526138694003807,496,1859880,2622806
106000,0.00048203509761210727,0.053790983606557374,0.0004774875966912383,0.00004613379716227582,1.1523809523809523,1.0,0.35938975741168006,signatures/82808cf46feab7429accf311e5902f91.sig.gz,"GCF_013487865.1 Lactobacillus johnsonii strain=3DG, ASM1348786v1",82808cf46feab7429accf311e5902f91,0.05430327868852459,105000,159,93957000,/nfs3_ib/nfs-ip34/home/def-ilafores/analysis/MethodsComparison/Feces_RA/preproc/SRR5091584/SRR5091584_unmatched_2.fastq,SRR5091584,f1d5e549cd08f6d3d416c232d6d5bc46,219901000,31,DNA,1000,219901,true,0.7816323714138862,0.9103071148955099,0.845969743154698,0.9103071148955099,121,1860001,2622806
628000,0.002855830578305692,0.025883524141363863,0.00047294009577036937,0.00007396658388001247,1.8653846153846154,1.0,2.2873300370136467,signatures/e8e0033f279e1bbb960e6623eb5d9937.sig.gz,"GCA_003463005.1 Prevotella copri strain=OF03-3, ASM346300v1",e8e0033f279e1bbb960e6623eb5d9937,0.1562966650074664,104000,160,93853000,/nfs3_ib/nfs-ip34/home/def-ilafores/analysis/MethodsComparison/Feces_RA/preproc/SRR5091584/SRR5091584_unmatched_2.fastq,SRR5091584,f1d5e549cd08f6d3d416c232d6d5bc46,219901000,31,DNA,1000,219901,true,0.827802727261201,0.9418860782997308,0.8848444027804658,0.9418860782997308,194,1860195,2622806
108000,0.0004911300994538451,0.07055630936227951,0.00047294009577036937,0.00006901006021794979,1.7403846153846154,1.0,1.3657569914751728,signatures/13d7844cb12f329350fe89ae98011264.sig.gz,"GCF_001438695.1 Fructobacillus fructosus KCTC 3544 strain=DSM 20349, ASM143869v1",13d7844cb12f329350fe89ae98011264,0.07327001356852103,104000,161,93749000,/nfs3_ib/nfs-ip34/home/def-ilafores/analysis/MethodsComparison/Feces_RA/preproc/SRR5091584/SRR5091584_unmatched_2.fastq,SRR5091584,f1d5e549cd08f6d3d416c232d6d5bc46,219901000,31,DNA,1000,219901,true,0.7821038159933271,0.9191464590563381,0.8506251375248326,0.9191464590563381,181,1860376,2622806
568000,0.002582980523053556,0.05526036131774708,0.00047294009577036937,0.00010675589425981182,2.6923076923076925,2.0,1.6176723726779298,signatures/20c6805c55948bc2e73fd12614f68938.sig.gz,GCF_959028125.1 uncultured Bifidobacterium sp. ERR10149229_bin.50_MetaWRAP_v1.3_MAG,20c6805c55948bc2e73fd12614f68938,0.3018065887353879,104000,162,93645000,/nfs3_ib/nfs-ip34/home/def-ilafores/analysis/MethodsComparison/Feces_RA/preproc/SRR5091584/SRR5091584_unmatched_2.fastq,SRR5091584,f1d5e549cd08f6d3d416c232d6d5bc46,219901000,31,DNA,1000,219901,true,0.82512555237709,0.9620930012332981,0.893609276805194,0.9620930012332981,280,1860656,2622806
740000,0.003365150681443013,0.04618834080717489,0.0004683925948495005,0.00181866291292608,46.310679611650485,48.0,21.952300065799594,signatures/93cdc16ca0cdf655b8e92dd131cbe69f.sig.gz,GCA_902463905.1 uncultured Faecalibacterium sp. UHGG-TPA_MGYG-HGUT-00589,93cdc16ca0cdf655b8e92dd131cbe69f,0.33183856502242154,103000,163,93542000,/nfs3_ib/nfs-ip34/home/def-ilafores/analysis/MethodsComparison/Feces_RA/preproc/SRR5091584/SRR5091584_unmatched_2.fastq,SRR5091584,f1d5e549cd08f6d3d416c232d6d5bc46,219901000,31,DNA,1000,219901,true,0.8321966287264086,0.9650415839500707,0.8986191063382396,0.9650415839500707,4770,1865426,2622806
625000,0.0028421880755430855,0.026827985270910047,0.00046384509392863153,0.00027909040927922234,7.176470588235294,4.0,12.394979822418211,signatures/a8487ccc34a799adb014d58e14274aaf.sig.gz,GCA_025758065.1 Lachnospiraceae bacterium ASM2575806v1,a8487ccc34a799adb014d58e14274aaf,0.1643871646501841,102000,164,93440000,/nfs3_ib/nfs-ip34/home/def-ilafores/analysis/MethodsComparison/Feces_RA/preproc/SRR5091584/SRR5091584_unmatched_2.fastq,SRR5091584,f1d5e549cd08f6d3d416c232d6d5bc46,219901000,31,DNA,1000,219901,true,0.8276748678717228,0.9434207330794466,0.8855478004755848,0.9434207330794466,732,1866158,2622806
646000,0.0029376855948813328,0.017666608361028513,0.0004592975930077626,0.00012048165209321619,3.128712871287129,1.0,5.158216297617098,signatures/6817823d912d4eca873d80488f70d0b5.sig.gz,"GCF_002269255.1 Klebsiella quasivariicola strain=KPN1705, ASM226925v1",6817823d912d4eca873d80488f70d0b5,0.11299632674479622,101000,165,93339000,/nfs3_ib/nfs-ip34/home/def-ilafores/analysis/MethodsComparison/Feces_RA/preproc/SRR5091584/SRR5091584_unmatched_2.fastq,SRR5091584,f1d5e549cd08f6d3d416c232d6d5bc46,219901000,31,DNA,1000,219901,true,0.8285576892689998,0.9320810702600499,0.8803193797645248,0.9320810702600499,316,1866474,2622806
700000,0.0031832506446082555,0.0125,0.0004592975930077626,0.0006618865444108332,17.18811881188119,4.0,24.562594467119734,signatures/6672ed00a5e62028f3d25099a8b409db.sig.gz,GCF_900761785.1 uncultured Bacteroides sp. SRS098827_17,6672ed00a5e62028f3d25099a8b409db,0.08663366336633663,101000,166,93238000,/nfs3_ib/nfs-ip34/home/def-ilafores/analysis/MethodsComparison/Feces_RA/preproc/SRR5091584/SRR5091584_unmatched_2.fastq,SRR5091584,f1d5e549cd08f6d3d416c232d6d5bc46,219901000,31,DNA,1000,219901,true,0.8307061894144017,0.9241273601520644,0.8774167747832331,0.9241273601520644,1736,1868210,2622806
114000,0.0005184151049790588,0.031210986267166042,0.00045475009208689363,0.00026498338039489006,6.95,1.0,19.075311268757844,signatures/71cd5717c8879393705f7c316ebcc53d.sig.gz,"GCF_000834015.1 Prevotella pectinovora strain=P4-76, ASM83401v1",71cd5717c8879393705f7c316ebcc53d,0.035580524344569285,100000,167,93138000,/nfs3_ib/nfs-ip34/home/def-ilafores/analysis/MethodsComparison/Feces_RA/preproc/SRR5091584/SRR5091584_unmatched_2.fastq,SRR5091584,f1d5e549cd08f6d3d416c232d6d5bc46,219901000,31,DNA,1000,219901,true,0.783469076550405,0.8979763820787592,0.840722729314582,0.8979763820787592,695,1868905,2622806
153000,0.0006957676408929472,0.028029445073612685,0.0004502025911660247,0.00007167895757444509,1.898989898989899,1.0,1.4667696210073655,signatures/63a22fd5a0dd13e0f57deb0d065dc702.sig.gz,"GCF_000320405.1 Clostridium celatum DSM 1785 strain=DSM 1785, ASM32040v1",63a22fd5a0dd13e0f57deb0d065dc702,0.043318233295583236,99000,168,93039000,/nfs3_ib/nfs-ip34/home/def-ilafores/analysis/MethodsComparison/Feces_RA/preproc/SRR5091584/SRR5091584_unmatched_2.fastq,SRR5091584,f1d5e549cd08f6d3d416c232d6d5bc46,219901000,31,DNA,1000,219901,true,0.7909408518691315,0.9036944948503922,0.8473176733597618,0.9036944948503922,188,1869093,2622806
124000,0.0005638901141877482,0.03134895503483217,0.0004502025911660247,0.00007968564964393097,2.111111111111111,1.0,4.844842908272274,signatures/c24056ad1a24ed9b35070ddd9c533932.sig.gz,"GCA_902362365.1 Clostridiaceae bacterium, MGYG-HGUT-00001",c24056ad1a24ed9b35070ddd9c533932,0.03926535782140595,99000,169,92940000,/nfs3_ib/nfs-ip34/home/def-ilafores/analysis/MethodsComparison/Feces_RA/preproc/SRR5091584/SRR5091584_unmatched_2.fastq,SRR5091584,f1d5e549cd08f6d3d416c232d6d5bc46,219901000,31,DNA,1000,219901,true,0.7855970102084697,0.9008354527070225,0.843216231457746,0.9008354527070225,209,1869302,2622806
996000,0.00452931091718546,0.019878296146044624,0.0004456550902451558,0.0001791973939361127,4.795918367346939,3.0,3.6810579215637906,signatures/508fc5149090b0f21b10913fa9e34604.sig.gz,"GCF_005843885.1 Escherichia sp. E4742 strain=E4742, ASM584388v1",508fc5149090b0f21b10913fa9e34604,0.20202839756592292,98000,170,92842000,/nfs3_ib/nfs-ip34/home/def-ilafores/analysis/MethodsComparison/Feces_RA/preproc/SRR5091584/SRR5091584_unmatched_2.fastq,SRR5091584,f1d5e549cd08f6d3d416c232d6d5bc46,219901000,31,DNA,1000,219901,true,0.8402105557206927,0.9497164249363292,0.894963490328511,0.9497164249363292,470,1869772,2622806
344000,0.001564340316778914,0.0169814590192341,0.0004456550902451558,0.0006260470656236107,16.755102040816325,4.0,29.671005989318246,signatures/491b4aa96e3418874458ad3fce74fb3b.sig.gz,GCA_030844565.1 Bacteroides ovatus ASM3084456v1,491b4aa96e3418874458ad3fce74fb3b,0.05960838676139317,98000,171,92744000,/nfs3_ib/nfs-ip34/home/def-ilafores/analysis/MethodsComparison/Feces_RA/preproc/SRR5091584/SRR5091584_unmatched_2.fastq,SRR5091584,f1d5e549cd08f6d3d416c232d6d5bc46,219901000,31,DNA,1000,219901,true,0.8118850718064564,0.9130483712162509,0.8624667215113537,0.9130483712162509,1642,1871414,2622806
285000,0.001296037762447647,0.04443426477324782,0.00044110758932428684,0.00006786624706516609,1.8350515463917525,1.0,1.4761360285090792,signatures/dbd15eddd1d077ef23fe41235986f0cd.sig.gz,"GCF_000785515.1 Streptococcus salivarius strain=NCTC 8618, ASM78551v1",dbd15eddd1d077ef23fe41235986f0cd,0.13055428309665598,97000,172,92647000,/nfs3_ib/nfs-ip34/home/def-ilafores/analysis/MethodsComparison/Feces_RA/preproc/SRR5091584/SRR5091584_unmatched_2.fastq,SRR5091584,f1d5e549cd08f6d3d416c232d6d5bc46,219901000,31,DNA,1000,219901,true,0.8069723122605332,0.936433912432062,0.8717031123462976,0.936433912432062,178,1871592,2622806
97000,0.00044110758932428684,0.037065938353492,0.00043201258748254895,0.000056809386588257,1.568421052631579,1.0,1.0921020925762475,signatures/0512d11d7e7db3649d851cd56e72ae09.sig.gz,GCF_029023865.1 Lactococcus lactis strain=DSM 20481 ASM2902386v1,0512d11d7e7db3649d851cd56e72ae09,0.03784627389777604,95000,173,92552000,/nfs3_ib/nfs-ip34/home/def-ilafores/analysis/MethodsComparison/Feces_RA/preproc/SRR5091584/SRR5091584_unmatched_2.fastq,SRR5091584,f1d5e549cd08f6d3d416c232d6d5bc46,219901000,31,DNA,1000,219901,true,0.7793983839497834,0.8997664146329798,0.8395823992913816,0.8997664146329798,149,1871741,2622806
107000,0.0004865825985329762,0.031292059219380886,0.0004229175856408111,0.0000556655734354733,1.5698924731182795,1.0,1.2128155234058944,signatures/7921b168771dbcccaff0779e4575521e.sig.gz,"GCF_900461085.1 Clostridium baratii strain=NCTC10986, 52295_F01",7921b168771dbcccaff0779e4575521e,0.03600269179004038,93000,174,92459000,/nfs3_ib/nfs-ip34/home/def-ilafores/analysis/MethodsComparison/Feces_RA/preproc/SRR5091584/SRR5091584_unmatched_2.fastq,SRR5091584,f1d5e549cd08f6d3d416c232d6d5bc46,219901000,31,DNA,1000,219901,true,0.7818691596929415,0.8983181209737845,0.840093640333363,0.8983181209737845,146,1871887,2622806
579000,0.0026330030331831143,0.023356181772023355,0.00041837008471994216,0.000454475092706056,12.956521739130435,2.5,18.279777995202117,signatures/9b37ff955b2758a3120db28694fa909f.sig.gz,"GCA_019415065.1 Bacteroides sp., ASM1941506v1",9b37ff955b2758a3120db28694fa909f,0.146991622239147,92000,175,92367000,/nfs3_ib/nfs-ip34/home/def-ilafores/analysis/MethodsComparison/Feces_RA/preproc/SRR5091584/SRR5091584_unmatched_2.fastq,SRR5091584,f1d5e549cd08f6d3d416c232d6d5bc46,219901000,31,DNA,1000,219901,true,0.8256362517045784,0.9400229796380105,0.8828296156712945,0.9400229796380105,1192,1873079,2622806
275000,0.0012505627532389575,0.025576166385609892,0.0004138225837990732,0.002147318558825929,61.89010989010989,69.0,55.02336178157572,signatures/414bbe2ea74e8b8695fa300df29056f9.sig.gz,GCF_020686965.1 Hominiventricola filiformis strain=CLA-AA-H276 ASM2068696v1,414bbe2ea74e8b8695fa300df29056f9,0.07729061270376616,91000,176,92276000,/nfs3_ib/nfs-ip34/home/def-ilafores/analysis/MethodsComparison/Feces_RA/preproc/SRR5091584/SRR5091584_unmatched_2.fastq,SRR5091584,f1d5e549cd08f6d3d416c232d6d5bc46,219901000,31,DNA,1000,219901,true,0.8060430572632223,0.9207317533752906,0.8633874053192565,0.9207317533752906,5632,1878711,2622806
367000,0.0016689328379588997,0.027286356821589204,0.0004138225837990732,0.00008692979961156105,2.5054945054945055,2.0,3.571479289580702,signatures/853f171c0393206ce274892b71b6f556.sig.gz,"GCF_900209925.1 Anaerobutyricum hallii, EH1",853f171c0393206ce274892b71b6f556,0.11004497751124438,91000,177,92185000,/nfs3_ib/nfs-ip34/home/def-ilafores/analysis/MethodsComparison/Feces_RA/preproc/SRR5091584/SRR5091584_unmatched_2.fastq,SRR5091584,f1d5e549cd08f6d3d416c232d6d5bc46,219901000,31,DNA,1000,219901,true,0.8135818539220647,0.931285648861546,0.8724337513918053,0.931285648861546,228,1878939,2622806
518000,0.002355605477010109,0.022211253701875617,0.00040927508287820426,0.0005944015683965951,17.322222222222223,1.0,32.23897840185172,signatures/2297ea50ecdd1c8050ea75a720bbf9de.sig.gz,"GCF_000174195.1 Roseburia inulinivorans DSM 16841 strain=DSM 16841, ASM17419v1",2297ea50ecdd1c8050ea75a720bbf9de,0.12783810463968412,90000,178,92095000,/nfs3_ib/nfs-ip34/home/def-ilafores/analysis/MethodsComparison/Feces_RA/preproc/SRR5091584/SRR5091584_unmatched_2.fastq,SRR5091584,f1d5e549cd08f6d3d416c232d6d5bc46,219901000,31,DNA,1000,219901,true,0.8226765434915683,0.9357990308118088,0.8792377871516885,0.9357990308118088,1559,1880498,2622806
1309000,0.0059526787054174374,0.04087193460490463,0.00040927508287820426,0.0005059466845813225,14.744444444444444,2.0,23.03165025742287,signatures/206e886e325a99e9343ff83786ab0f29.sig.gz,GCA_959599425.1 uncultured Phocaeicola sp. SRR16280055_bin.21_MetaWRAP_v1.3_MAG,206e886e325a99e9343ff83786ab0f29,0.5944595821980018,90000,179,92005000,/nfs3_ib/nfs-ip34/home/def-ilafores/analysis/MethodsComparison/Feces_RA/preproc/SRR5091584/SRR5091584_unmatched_2.fastq,SRR5091584,f1d5e549cd08f6d3d416c232d6d5bc46,219901000,31,DNA,1000,219901,true,0.8476499298156551,0.9833624568128112,0.9155061933142332,0.9833624568128112,1327,1881825,2622806
685000,0.0031150381307952215,0.02835538752362949,0.00040927508287820426,0.0008151575068838489,23.755555555555556,23.0,20.94771857697746,signatures/463a8ff2f26f37a3c67c2a86a64398f8.sig.gz,"GCF_023347235.1 Faecalibacterium sp. I4179 strain=I4179, ASM2334723v1",463a8ff2f26f37a3c67c2a86a64398f8,0.21581600504095777,90000,180,91915000,/nfs3_ib/nfs-ip34/home/def-ilafores/analysis/MethodsComparison/Feces_RA/preproc/SRR5091584/SRR5091584_unmatched_2.fastq,SRR5091584,f1d5e549cd08f6d3d416c232d6d5bc46,219901000,31,DNA,1000,219901,true,0.8301259296057497,0.9517411067815202,0.890933518193635,0.9517411067815202,2138,1883963,2622806
425000,0.001932687891369298,0.024895104895104894,0.00040472758195733537,0.00014869570986188074,4.382022471910112,2.0,9.80770806471324,signatures/6fb5d9fae55cc8ecb2a67f82352fb7a7.sig.gz,GCF_025147765.1 Blautia obeum ATCC 29174 strain=ATCC 29174 ASM2514776v1,6fb5d9fae55cc8ecb2a67f82352fb7a7,0.11888111888111888,89000,181,91826000,/nfs3_ib/nfs-ip34/home/def-ilafores/analysis/MethodsComparison/Feces_RA/preproc/SRR5091584/SRR5091584_unmatched_2.fastq,SRR5091584,f1d5e549cd08f6d3d416c232d6d5bc46,219901000,31,DNA,1000,219901,true,0.817441777808929,0.9336087894968713,0.8755252836529002,0.9336087894968713,390,1884353,2622806
146000,0.0006639351344468647,0.04367245657568238,0.0004001800810364664,0.00006290972340310339,1.875,2.0,1.1659223816361017,signatures/f196c6906a5ba22b5ea575c042c2270d.sig.gz,GCF_905205995.1 uncultured Haemophilus sp. ERR1430443-mag-bin.35,f196c6906a5ba22b5ea575c042c2270d,0.07245657568238213,88000,182,91738000,/nfs3_ib/nfs-ip34/home/def-ilafores/analysis/MethodsComparison/Feces_RA/preproc/SRR5091584/SRR5091584_unmatched_2.fastq,SRR5091584,f1d5e549cd08f6d3d416c232d6d5bc46,219901000,31,DNA,1000,219901,true,0.7897468898165578,0.9188155071188955,0.8542811984677267,0.9188155071188955,165,1884518,2622806
924000,0.004201890850882897,0.04263565891472868,0.0004001800810364664,0.00044418077433100277,13.238636363636363,13.0,7.2205425353038555,signatures/1eec876ad36c7c0dc8f80b0f76f15058.sig.gz,"GCA_019423795.1 Clostridiales bacterium, ASM1942379v1",1eec876ad36c7c0dc8f80b0f76f15058,0.4476744186046512,88000,183,91650000,/nfs3_ib/nfs-ip34/home/def-ilafores/analysis/MethodsComparison/Feces_RA/preproc/SRR5091584/SRR5091584_unmatched_2.fastq,SRR5091584,f1d5e549cd08f6d3d416c232d6d5bc46,219901000,31,DNA,1000,219901,true,0.8381792938986935,0.9744077256981305,0.906293509798412,0.9744077256981305,1165,1885683,2622806
334000,0.0015188653075702248,0.0309939437121482,0.00039563258011559747,0.00020016730173714716,6.0344827586206895,2.0,16.207312295963764,signatures/206d87ad2132d97a779f4544c9be4248.sig.gz,"GCF_014287875.1 Flintibacter sp. BX5 strain=BX5, ASM1428787v1",206d87ad2132d97a779f4544c9be4248,0.11898824367652298,87000,184,91563000,/nfs3_ib/nfs-ip34/home/def-ilafores/analysis/MethodsComparison/Feces_RA/preproc/SRR5091584/SRR5091584_unmatched_2.fastq,SRR5091584,f1d5e549cd08f6d3d416c232d6d5bc46,219901000,31,DNA,1000,219901,true,0.8111128216039288,0.9336359158286264,0.8723743687162776,0.9336359158286264,525,1886208,2622806
97000,0.00044110758932428684,0.02975376196990424,0.00039563258011559747,0.00005528430238454541,1.6666666666666667,1.0,0.9549227165776374,signatures/2b411407f9ab72e2f08fa78b76246498.sig.gz,"GCF_013046825.1 Turicibacter sanguinis strain=MOL361, ASM1304682v1",2b411407f9ab72e2f08fa78b76246498,0.03317373461012312,87000,185,91476000,/nfs3_ib/nfs-ip34/home/def-ilafores/analysis/MethodsComparison/Feces_RA/preproc/SRR5091584/SRR5091584_unmatched_2.fastq,SRR5091584,f1d5e549cd08f6d3d416c232d6d5bc46,219901000,31,DNA,1000,219901,true,0.7793983839497834,0.8959498255163787,0.8376741047330811,0.8959498255163787,145,1886353,2622806
657000,0.0029877081050108914,0.036720751494449186,0.0003910850791947285,0.00007396658388001247,2.255813953488372,2.0,1.7466649051744565,signatures/b44ebb2625547be81da6aaf2d3994bde.sig.gz,GCA_014332815.1 Weissella confusa strain=FS54 ASM1433281v1,b44ebb2625547be81da6aaf2d3994bde,0.28052946199829204,86000,186,91390000,/nfs3_ib/nfs-ip34/home/def-ilafores/analysis/MethodsComparison/Feces_RA/preproc/SRR5091584/SRR5091584_unmatched_2.fastq,SRR5091584,f1d5e549cd08f6d3d416c232d6d5bc46,219901000,31,DNA,1000,219901,true,0.8290090958828962,0.9598267605452336,0.894417928214065,0.9598267605452336,194,1886547,2622806
299000,0.001359702775339812,0.023255813953488372,0.0003819900773529907,0.00033208708535820033,10.369047619047619,6.0,17.167091831469687,signatures/9415667d246ab94c4a69e48468fb50b3.sig.gz,"GCF_900129655.1 Bacteroides clarus YIT 12056 strain=YIT 12056, IMG-taxon 2695420967 annotated assembly",9415667d246ab94c4a69e48468fb50b3,0.08277962347729789,84000,187,91306000,/nfs3_ib/nfs-ip34/home/def-ilafores/analysis/MethodsComparison/Feces_RA/preproc/SRR5091584/SRR5091584_unmatched_2.fastq,SRR5091584,f1d5e549cd08f6d3d416c232d6d5bc46,219901000,31,DNA,1000,219901,true,0.8082215965867844,0.9227717803743684,0.8654966884805764,0.9227717803743684,871,1887418,2622806
744000,0.003383340685126489,0.04001905669366365,0.0003819900773529907,0.00007091641547258929,2.2142857142857144,1.0,1.8585159758939551,signatures/52a456fdd9095e7636bceb46dfe83d48.sig.gz,"GCA_915066865.1 uncultured Veillonella sp., SRR1044034_bin.2_metaWRAP_v1.1_MAG",52a456fdd9095e7636bceb46dfe83d48,0.354454502143878,84000,188,91222000,/nfs3_ib/nfs-ip34/home/def-ilafores/analysis/MethodsComparison/Feces_RA/preproc/SRR5091584/SRR5091584_unmatched_2.fastq,SRR5091584,f1d5e549cd08f6d3d416c232d6d5bc46,219901000,31,DNA,1000,219901,true,0.8323413589250509,0.9670962370227265,0.8997187979738888,0.9670962370227265,186,1887604,2622806
753000,0.003424268193414309,0.029411764705882353,0.00037744257643212173,0.00013573249413033217,4.289156626506024,3.0,4.108557394881371,signatures/783cf8ed6e6236b3d966599c5f94e9f8.sig.gz,GCA_902496665.1 uncultured Clostridium sp. UHGG-TPA_MGYG-HGUT-04582,783cf8ed6e6236b3d966599c5f94e9f8,0.26683203401842664,83000,189,91139000,/nfs3_ib/nfs-ip34/home/def-ilafores/analysis/MethodsComparison/Feces_RA/preproc/SRR5091584/SRR5091584_unmatched_2.fastq,SRR5091584,f1d5e549cd08f6d3d416c232d6d5bc46,219901000,31,DNA,1000,219901,true,0.8326642677749743,0.9582780651347541,0.8954711664548642,0.9582780651347541,356,1887960,2622806
227000,0.0010322827090372487,0.03349475383373689,0.00037744257643212173,0.00007053514442166139,2.2289156626506026,1.0,3.5101412500491844,signatures/0fa52b16ef37ab178f2b54115192a175.sig.gz,"GCF_003865035.1 Anaerotignum faecicola strain=KCTC 15736, ASM386503v1",0fa52b16ef37ab178f2b54115192a175,0.09160613397901533,83000,190,91056000,/nfs3_ib/nfs-ip34/home/def-ilafores/analysis/MethodsComparison/Feces_RA/preproc/SRR5091584/SRR5091584_unmatched_2.fastq,SRR5091584,f1d5e549cd08f6d3d416c232d6d5bc46,219901000,31,DNA,1000,219901,true,0.8010708420933734,0.9257925792119377,0.8634317106526556,0.9257925792119377,185,1888145,2622806
559000,0.0025420530147657354,0.023190835428890753,0.00037744257643212173,0.00013420740992662057,4.240963855421687,3.0,4.076350722835444,signatures/e10a6daf2b20df057b3f9f1ce4135078.sig.gz,"GCF_018919065.1 Blautia sp. MSJ-9 strain=MSJ-9, ASM1891906v1",e10a6daf2b20df057b3f9f1ce4135078,0.15618887957530037,83000,191,90973000,/nfs3_ib/nfs-ip34/home/def-ilafores/analysis/MethodsComparison/Feces_RA/preproc/SRR5091584/SRR5091584_unmatched_2.fastq,SRR5091584,f1d5e549cd08f6d3d416c232d6d5bc46,219901000,31,DNA,1000,219901,true,0.8247005373461932,0.9418651182648996,0.8832828278055465,0.9418651182648996,352,1888497,2622806
509000,0.002314677968722289,0.02185501066098081,0.0003728950755112528,0.0003019666723348963,9.658536585365853,3.0,20.30752564588846,signatures/bd565496e63fae7da474a7dfe2ad2126.sig.gz,"GCF_003461955.1 Ruminococcus sp. AM36-2AA strain=AM36-2AA, ASM346195v1",bd565496e63fae7da474a7dfe2ad2126,0.13566098081023453,82000,192,90891000,/nfs3_ib/nfs-ip34/home/def-ilafores/analysis/MethodsComparison/Feces_RA/preproc/SRR5091584/SRR5091584_unmatched_2.fastq,SRR5091584,f1d5e549cd08f6d3d416c232d6d5bc46,219901000,31,DNA,1000,219901,true,0.8222115382672627,0.9375936900145316,0.8799026141408972,0.9375936900145316,792,1889289,2622806
366000,0.0016643853370380307,0.024151635585447875,0.000359252572748646,0.0000571906576391849,1.8987341772151898,2.0,1.3081529805330443,signatures/888d5c9074f0eba4fb60a0b7f12b8960.sig.gz,"GCF_900120195.1 Blautia sp. Marseille-P3087 strain=Marseille-P3087, PRJEB18016",888d5c9074f0eba4fb60a0b7f12b8960,0.11189238764903699,79000,193,90812000,/nfs3_ib/nfs-ip34/home/def-ilafores/analysis/MethodsComparison/Feces_RA/preproc/SRR5091584/SRR5091584_unmatched_2.fastq,SRR5091584,f1d5e549cd08f6d3d416c232d6d5bc46,219901000,31,DNA,1000,219901,true,0.8135102483633496,0.9317859261223077,0.8726480872428286,0.9317859261223077,150,1889439,2622806
251000,0.001141422731138103,0.01900121802679659,0.00035470507182777704,0.00005299667607897801,1.7820512820512822,1.0,1.9457213802797781,signatures/3f5e042dde22a559937bb52d73a1aae8.sig.gz,GCF_019249655.2 Segatella copri strain=HDE06 ASM1924965v2,3f5e042dde22a559937bb52d73a1aae8,0.06114494518879415,78000,194,90734000,/nfs3_ib/nfs-ip34/home/def-ilafores/analysis/MethodsComparison/Feces_RA/preproc/SRR5091584/SRR5091584_unmatched_2.fastq,SRR5091584,f1d5e549cd08f6d3d416c232d6d5bc46,219901000,31,DNA,1000,219901,true,0.8036721520634561,0.9137982892113938,0.858735220637425,0.9137982892113938,139,1889578,2622806
83000,0.00037744257643212173,0.019568489713998997,0.00035470507182777704,0.00004232108665299683,1.4230769230769231,1.0,0.7253510338366993,signatures/c88f7e1fe2c6e7904c59be86aea70d58.sig.gz,"GCF_014384995.1 Zhenhengia yiwuensis strain=NSJ-12, ASM1438499v1",c88f7e1fe2c6e7904c59be86aea70d58,0.02082288008028098,78000,195,90656000,/nfs3_ib/nfs-ip34/home/def-ilafores/analysis/MethodsComparison/Feces_RA/preproc/SRR5091584/SRR5091584_unmatched_2.fastq,SRR5091584,f1d5e549cd08f6d3d416c232d6d5bc46,219901000,31,DNA,1000,219901,true,0.7754893449802353,0.8825907684386659,0.8290400567094506,0.8825907684386659,111,1889689,2622806
850000,0.003865375782738596,0.02361963190184049,0.0003501575709069081,0.0018701345048013464,63.701298701298704,62.0,30.74235833042045,signatures/6f09b1e12da46f6b224751091ec7f9e0.sig.gz,"GCA_934317215.1 uncultured Roseburia sp., ERR7745427_bin.39",6f09b1e12da46f6b224751091ec7f9e0,0.2607361963190184,77000,196,90579000,/nfs3_ib/nfs-ip34/home/def-ilafores/analysis/MethodsComparison/Feces_RA/preproc/SRR5091584/SRR5091584_unmatched_2.fastq,SRR5091584,f1d5e549cd08f6d3d416c232d6d5bc46,219901000,31,DNA,1000,219901,true,0.835925309925642,0.9575639437030795,0.8967446268143607,0.9575639437030795,4905,1894594,2622806
477000,0.002169157939254483,0.0170316301703163,0.0003501575709069081,0.0009627094035929459,32.79220779220779,2.0,77.83638144816237,signatures/9a96d8e0de2f121979afa404181989bc.sig.gz,"GCF_013618865.1 Bacteroides sp. AGMB03916 strain=AGMB03916, ASM1361886v1",9a96d8e0de2f121979afa404181989bc,0.10550763105507631,77000,197,90502000,/nfs3_ib/nfs-ip34/home/def-ilafores/analysis/MethodsComparison/Feces_RA/preproc/SRR5091584/SRR5091584_unmatched_2.fastq,SRR5091584,f1d5e549cd08f6d3d416c232d6d5bc46,219901000,31,DNA,1000,219901,true,0.8204911648200889,0.9300215846946885,0.8752563747573887,0.9300215846946885,2525,1897119,2622806
160000,0.0007276001473390299,0.042053522665210265,0.0003501575709069081,0.00007930437859300307,2.7012987012987013,2.0,2.2335397046115473,signatures/eeab5f1182956f3f4388bc491b467bfd.sig.gz,"GCA_900544475.1 uncultured Butyricicoccus sp., UMGS682",eeab5f1182956f3f4388bc491b467bfd,0.08738394320043692,77000,198,90425000,/nfs3_ib/nfs-ip34/home/def-ilafores/analysis/MethodsComparison/Feces_RA/preproc/SRR5091584/SRR5091584_unmatched_2.fastq,SRR5091584,f1d5e549cd08f6d3d416c232d6d5bc46,219901000,31,DNA,1000,219901,true,0.7920830773232405,0.9243844549610462,0.8582337661421433,0.9243844549610462,208,1897327,2622806
277000,0.0012596577550806954,0.022603978300180832,0.00034106256906517025,0.00008807361276434475,3.08,1.0,8.051103444042104,signatures/c7f0f63b1e20051e05be14074e3f6057.sig.gz,GCF_000020605.1 Agathobacter rectalis ATCC 33656 strain=ATCC 33656 ASM2060v1,c7f0f63b1e20051e05be14074e3f6057,0.08348402652200121,75000,199,90350000,/nfs3_ib/nfs-ip34/home/def-ilafores/analysis/MethodsComparison/Feces_RA/preproc/SRR5091584/SRR5091584_unmatched_2.fastq,SRR5091584,f1d5e549cd08f6d3d416c232d6d5bc46,219901000,31,DNA,1000,219901,true,0.8062314959730157,0.923024040422559,0.8646277681977874,0.923024040422559,231,1897558,2622806
212000,0.0009640701952242145,0.015876375952582556,0.00034106256906517025,0.00004232108665299683,1.48,1.0,0.8541662601625051,signatures/8846ab4d9c9c80f7b9f88cf9fbf1a878.sig.gz,"GCF_011064845.1 Citrobacter freundii ATCC 8090 = MTCC 1658 = NBRC 12681 strain=ATCC 8090, ASM1106484v1",8846ab4d9c9c80f7b9f88cf9fbf1a878,0.04487722269263336,75000,200,90275000,/nfs3_ib/nfs-ip34/home/def-ilafores/analysis/MethodsComparison/Feces_RA/preproc/SRR5091584/SRR5091584_unmatched_2.fastq,SRR5091584,f1d5e549cd08f6d3d416c232d6d5bc46,219901000,31,DNA,1000,219901,true,0.799306201443978,0.9047257825026742,0.8520159919733261,0.9047257825026742,111,1897669,2622806
132000,0.0006002701215546997,0.03112033195020747,0.00034106256906517025,0.00003431439458351094,1.2,1.0,0.5887840577551898,signatures/a82c0a649a959e8faf2ec11dca435245.sig.gz,"GCF_014288065.1 Ruminococcus sp. NSJ-71 strain=NSJ-71, ASM1428806v1",a82c0a649a959e8faf2ec11dca435245,0.054771784232365145,75000,201,90200000,/nfs3_ib/nfs-ip34/home/def-ilafores/analysis/MethodsComparison/Feces_RA/preproc/SRR5091584/SRR5091584_unmatched_2.fastq,SRR5091584,f1d5e549cd08f6d3d416c232d6d5bc46,219901000,31,DNA,1000,219901,true,0.7871829897846515,0.9105594097237584,0.8488711997542049,0.9105594097237584,90,1897759,2622806
946000,0.004301935871142014,0.020638414969730325,0.00034106256906517025,0.00016242146769528514,5.68,2.0,13.20420135159008,signatures/b6c8062e93e41571a0a6b95431f1f8fa.sig.gz,GCA_948742525.1 Bacteroides caecimuris MGBC150249,b6c8062e93e41571a0a6b95431f1f8fa,0.26031920748486514,75000,202,90125000,/nfs3_ib/nfs-ip34/home/def-ilafores/analysis/MethodsComparison/Feces_RA/preproc/SRR5091584/SRR5091584_unmatched_2.fastq,SRR5091584,f1d5e549cd08f6d3d416c232d6d5bc46,219901000,31,DNA,1000,219901,true,0.8388157539912204,0.9575145051798634,0.898165129585542,0.9575145051798634,426,1898185,2622806
469000,0.0021327779318875313,0.014610069101678183,0.0003365150681443013,0.00045981288741904665,16.2972972972973,5.0,20.80522915670398,signatures/894ebfeac80d6a527fbc03d1d52101ee.sig.gz,"GCA_900762515.1 uncultured Odoribacter sp., SRS144506_36",894ebfeac80d6a527fbc03d1d52101ee,0.09259624876604146,74000,203,90051000,/nfs3_ib/nfs-ip34/home/def-ilafores/analysis/MethodsComparison/Feces_RA/preproc/SRR5091584/SRR5091584_unmatched_2.fastq,SRR5091584,f1d5e549cd08f6d3d416c232d6d5bc46,219901000,31,DNA,1000,219901,true,0.8200436237010363,0.9261136877022162,0.8730786557016263,0.9261136877022162,1206,1899391,2622806
79000,0.000359252572748646,0.021270480022995114,0.0003365150681443013,0.00004727761031505952,1.6756756756756757,1.0,1.0148639651631666,signatures/85180973bcf7ff8f6fcf5e290ed49454.sig.gz,"GCF_000024265.1 Eggerthella lenta DSM 2243 strain=DSM 2243, ASM2426v1",85180973bcf7ff8f6fcf5e290ed49454,0.02270767461914343,74000,204,89977000,/nfs3_ib/nfs-ip34/home/def-ilafores/analysis/MethodsComparison/Feces_RA/preproc/SRR5091584/SRR5091584_unmatched_2.fastq,SRR5091584,f1d5e549cd08f6d3d416c232d6d5bc46,219901000,31,DNA,1000,219901,true,0.7742547302425372,0.885061219294925,0.8296579747687312,0.885061219294925,124,1899515,2622806
556000,0.0025284105120031287,0.02549772965420887,0.00033196756722343236,0.0006226156261652597,22.36986301369863,15.0,25.123534155735047,signatures/975ff2182ed7ebf52419fe49c4a7985d.sig.gz,"GCF_002549775.1 Faecalibacterium prausnitzii strain=CNCM I 4541, ASM254977v1",975ff2182ed7ebf52419fe49c4a7985d,0.19420188613342648,73000,205,89904000,/nfs3_ib/nfs-ip34/home/def-ilafores/analysis/MethodsComparison/Feces_RA/preproc/SRR5091584/SRR5091584_unmatched_2.fastq,SRR5091584,f1d5e549cd08f6d3d416c232d6d5bc46,219901000,31,DNA,1000,219901,true,0.8245573929597354,0.9485067670200279,0.8865320799898817,0.9485067670200279,1633,1901148,2622806
778000,0.0035379557164360326,0.027883880825057297,0.00033196756722343236,0.0009444083931484067,33.93150684931507,35.0,21.00706258740909,signatures/7108e92619b903654cd875e33d69a01d.sig.gz,GCA_003464165.1 Eubacterium sp. AM49-13BH strain=AM49-13BH ASM346416v1,7108e92619b903654cd875e33d69a01d,0.29717341482047366,73000,206,89831000,/nfs3_ib/nfs-ip34/home/def-ilafores/analysis/MethodsComparison/Feces_RA/preproc/SRR5091584/SRR5091584_unmatched_2.fastq,SRR5091584,f1d5e549cd08f6d3d416c232d6d5bc46,219901000,31,DNA,1000,219901,true,0.833542017004987,0.9616129894098611,0.897577503207424,0.9616129894098611,2477,1903625,2622806
834000,0.003792615768004693,0.016636280765724702,0.00033196756722343236,0.0001315385125701253,4.726027397260274,3.0,4.266018239024272,signatures/25b34dd87c6b4bbf7d36e3fcfbbf0b67.sig.gz,"GCF_011881725.1 Escherichia coli strain=SCPM-O-B-8794, ASM1188172v1",25b34dd87c6b4bbf7d36e3fcfbbf0b67,0.19006381039197812,73000,207,89758000,/nfs3_ib/nfs-ip34/home/def-ilafores/analysis/MethodsComparison/Feces_RA/preproc/SRR5091584/SRR5091584_unmatched_2.fastq,SRR5091584,f1d5e549cd08f6d3d416c232d6d5bc46,219901000,31,DNA,1000,219901,true,0.8354130461608809,0.9478479853896218,0.8916305157752513,0.9478479853896218,345,1903970,2622806
546000,0.0024829355027944392,0.013592599584670568,0.0003274200663025634,0.00033971250637675833,12.375,9.0,12.482696356690463,signatures/e98f7803904fe26755ff11a8c31dc48a.sig.gz,"GCF_003865075.1 Bacteroides sp. KCTC 15687 strain=KCTC 15687, ASM386507v1",e98f7803904fe26755ff11a8c31dc48a,0.10307721351708514,72000,208,89686000,/nfs3_ib/nfs-ip34/home/def-ilafores/analysis/MethodsComparison/Feces_RA/preproc/SRR5091584/SRR5091584_unmatched_2.fastq,SRR5091584,f1d5e549cd08f6d3d416c232d6d5bc46,219901000,31,DNA,1000,219901,true,0.8240747873196721,0.9293226833262469,0.8766987353229595,0.9293226833262469,891,1904861,2622806
358000,0.0016280053296710794,0.03782631859350027,0.0003228725653816945,0.00028214057768664554,10.422535211267606,10.0,5.942593856365914,signatures/5ced1ecdce79d2e70d60e340e02841fd.sig.gz,"GCA_900772675.1 Lachnospiraceae bacterium, SRS883021_119",5ced1ecdce79d2e70d60e340e02841fd,0.19072988811933936,71000,209,89615000,/nfs3_ib/nfs-ip34/home/def-ilafores/analysis/MethodsComparison/Feces_RA/preproc/SRR5091584/SRR5091584_unmatched_2.fastq,SRR5091584,f1d5e549cd08f6d3d416c232d6d5bc46,219901000,31,DNA,1000,219901,true,0.8129304918599215,0.9479549566469152,0.8804427242534183,0.9479549566469152,740,1905601,2622806
305000,0.0013869877808650255,0.016569428238039672,0.0003228725653816945,0.0014312915251833342,52.87323943661972,58.0,36.00701401838445,signatures/bb9013a4e54fd785cd0dbda290c0bf70.sig.gz,"GCF_000195635.1 Bacteroides fluxus YIT 12057 strain=YIT 12057, ASM19563v1",bb9013a4e54fd785cd0dbda290c0bf70,0.07117852975495916,71000,210,89544000,/nfs3_ib/nfs-ip34/home/def-ilafores/analysis/MethodsComparison/Feces_RA/preproc/SRR5091584/SRR5091584_unmatched_2.fastq,SRR5091584,f1d5e549cd08f6d3d416c232d6d5bc46,219901000,31,DNA,1000,219901,true,0.8087397597435824,0.9182881931319409,0.8635139764377616,0.9182881931319409,3754,1909355,2622806
79000,0.000359252572748646,0.01637831603229527,0.0003228725653816945,0.000036983291940006235,1.3661971830985915,1.0,0.6968629226396047,signatures/c1d1d420086474fd92228233ded19725.sig.gz,"GCF_000385375.1 Methyloversatilis discipulorum strain=RZ18-153, ASM38537v1",c1d1d420086474fd92228233ded19725,0.018223760092272202,71000,211,89473000,/nfs3_ib/nfs-ip34/home/def-ilafores/analysis/MethodsComparison/Feces_RA/preproc/SRR5091584/SRR5091584_unmatched_2.fastq,SRR5091584,f1d5e549cd08f6d3d416c232d6d5bc46,219901000,31,DNA,1000,219901,true,0.7742547302425372,0.8788030348666122,0.8265288825545747,0.8788030348666122,97,1909452,2622806
142000,0.000645745130763389,0.019460661662496524,0.00031832506446082557,0.00004384617085670843,1.6428571428571428,1.0,1.159257327352477,signatures/79a393fb99d8977a1fe96a36cabdd09c.sig.gz,"GCF_000265365.1 Alistipes finegoldii DSM 17242 strain=DSM 17242, ASM26536v1",79a393fb99d8977a1fe96a36cabdd09c,0.03947734222963581,70000,212,89403000,/nfs3_ib/nfs-ip34/home/def-ilafores/analysis/MethodsComparison/Feces_RA/preproc/SRR5091584/SRR5091584_unmatched_2.fastq,SRR5091584,f1d5e549cd08f6d3d416c232d6d5bc46,219901000,31,DNA,1000,219901,true,0.7890395028025219,0.9009919281368206,0.8450157154696712,0.9009919281368206,115,1909567,2622806
401000,0.0018235478692684435,0.0203240058910162,0.0003137775635399566,0.0007118330520823881,27.057971014492754,3.0,34.530760937976474,signatures/b7f720c5058766763a7cb78fd28b6290.sig.gz,"GCF_014287635.1 Roseburia sp. BX1005 strain=BX1005, ASM1428763v1",b7f720c5058766763a7cb78fd28b6290,0.11811487481590574,69000,213,89334000,/nfs3_ib/nfs-ip34/home/def-ilafores/analysis/MethodsComparison/Feces_RA/preproc/SRR5091584/SRR5091584_unmatched_2.fastq,SRR5091584,f1d5e549cd08f6d3d416c232d6d5bc46,219901000,31,DNA,1000,219901,true,0.8159104383287255,0.9334140672501244,0.874662252789425,0.9334140672501244,1867,1911434,2622806
170000,0.0007730751565477193,0.01242571582928147,0.0003137775635399566,0.0000587157418428965,2.2318840579710146,2.0,1.7457603097278889,signatures/6d962b27785e3ae21a671ec972514258.sig.gz,GCF_030444555.1 Enterobacter asburiae strain=MP4m4 ASM3044455v1,6d962b27785e3ae21a671ec972514258,0.03061408247793985,69000,214,89265000,/nfs3_ib/nfs-ip34/home/def-ilafores/analysis/MethodsComparison/Feces_RA/preproc/SRR5091584/SRR5091584_unmatched_2.fastq,SRR5091584,f1d5e549cd08f6d3d416c232d6d5bc46,219901000,31,DNA,1000,219901,true,0.7936336167465866,0.8936320780441517,0.8436328473953691,0.8936320780441517,154,1911588,2622806
577000,0.0026239080313413764,0.016682785299806577,0.0003137775635399566,0.0002768027829736549,10.521739130434783,5.0,17.85416664368972,signatures/0406dc9599017bcdf1976c899edbe0f3.sig.gz,"GCA_003478355.1 Lachnospiraceae bacterium AM48-27BH strain=AM48-27BH, ASM347835v1",0406dc9599017bcdf1976c899edbe0f3,0.13950676982591875,69000,215,89196000,/nfs3_ib/nfs-ip34/home/def-ilafores/analysis/MethodsComparison/Feces_RA/preproc/SRR5091584/SRR5091584_unmatched_2.fastq,SRR5091584,f1d5e549cd08f6d3d416c232d6d5bc46,219901000,31,DNA,1000,219901,true,0.8255440995672289,0.9384395432306782,0.8819918213989535,0.9384395432306782,726,1912314,2622806
708000,0.003219630651975207,0.019156024430871738,0.0003137775635399566,0.0001284883441627021,4.884057971014493,3.0,8.010023126645327,signatures/ae3113259fd1a32557f288c504d24250.sig.gz,"GCF_014297245.1 Blautia sp. M29 strain=M29, ASM1429724v1",ae3113259fd1a32557f288c504d24250,0.1965574680732926,69000,216,89127000,/nfs3_ib/nfs-ip34/home/def-ilafores/analysis/MethodsComparison/Feces_RA/preproc/SRR5091584/SRR5091584_unmatched_2.fastq,SRR5091584,f1d5e549cd08f6d3d416c232d6d5bc46,219901000,31,DNA,1000,219901,true,0.8310107595779828,0.9488757338161065,0.8899432466970446,0.9488757338161065,337,1912651,2622806
611000,0.0027785230626509202,0.01872762324428532,0.00030923006261908767,0.00012162546524599989,4.6911764705882355,3.5,5.219469639896309,signatures/5036bf2e3e86e6d799b60e324faa70e4.sig.gz,"GCA_022717655.1 Firmicutes bacterium, ASM2271765v1",5036bf2e3e86e6d799b60e324faa70e4,0.16827320297438722,68000,217,89059000,/nfs3_ib/nfs-ip34/home/def-ilafores/analysis/MethodsComparison/Feces_RA/preproc/SRR5091584/SRR5091584_unmatched_2.fastq,SRR5091584,f1d5e549cd08f6d3d416c232d6d5bc46,219901000,31,DNA,1000,219901,true,0.8270702269617441,0.9441320500379886,0.8856011384998663,0.9441320500379886,319,1912970,2622806
170000,0.0007730751565477193,0.026019417475728154,0.0003046825616982187,0.00004346489980578053,1.7014925373134329,1.0,1.293092156256148,signatures/7c79046077fab5f8e1d2b5c35f52c42c.sig.gz,GCF_025567415.1 Dorea ammoniilytica strain=Sanger_02 ASM2556741v1,7c79046077fab5f8e1d2b5c35f52c42c,0.06601941747572816,67000,218,88992000,/nfs3_ib/nfs-ip34/home/def-ilafores/analysis/MethodsComparison/Feces_RA/preproc/SRR5091584/SRR5091584_unmatched_2.fastq,SRR5091584,f1d5e549cd08f6d3d416c232d6d5bc46,219901000,31,DNA,1000,219901,true,0.7936336167465866,0.9160620527543301,0.8548478347504583,0.9160620527543301,114,1913084,2622806
67000,0.0003046825616982187,0.026519787841697267,0.0002955875598564809,0.00003431439458351094,1.3846153846153846,1.0,0.816979572144723,signatures/274d37fe38c89456352e287313491fb8.sig.gz,"GCF_010669225.1 Megamonas funiformis strain=JCM 14723, ASM1066922v1",274d37fe38c89456352e287313491fb8,0.02733578131374949,65000,219,88927000,/nfs3_ib/nfs-ip34/home/def-ilafores/analysis/MethodsComparison/Feces_RA/preproc/SRR5091584/SRR5091584_unmatched_2.fastq,SRR5091584,f1d5e549cd08f6d3d416c232d6d5bc46,219901000,31,DNA,1000,219901,true,0.7701507256952626,0.8903730036394603,0.8302618646673614,0.8903730036394603,90,1913174,2622806
582000,0.002646645535945721,0.017952314165497897,0.00029104005893561193,0.00004155854455114103,1.703125,1.0,1.577970289446224,signatures/d504d8a2fd1c1b7711a932c9d66e1250.sig.gz,GCF_026015465.1 Segatella copri strain=N016-9 ASM2601546v1,d504d8a2fd1c1b7711a932c9d66e1250,0.1632538569424965,64000,220,88863000,/nfs3_ib/nfs-ip34/home/def-ilafores/analysis/MethodsComparison/Feces_RA/preproc/SRR5091584/SRR5091584_unmatched_2.fastq,SRR5091584,f1d5e549cd08f6d3d416c232d6d5bc46,219901000,31,DNA,1000,219901,true,0.8257739039365775,0.9432102212220379,0.8844920625793077,0.9432102212220379,109,1913283,2622806
158000,0.000718505145497292,0.01527081842042472,0.00029104005893561193,0.000045371255060420026,1.859375,1.0,1.3330789959244727,signatures/b26aab063eb700270cfd006c85251719.sig.gz,"GCF_004353185.1 Clostridium cuniculi strain=1, ASM435318v1",b26aab063eb700270cfd006c85251719,0.03769983297542353,64000,221,88799000,/nfs3_ib/nfs-ip34/home/def-ilafores/analysis/MethodsComparison/Feces_RA/preproc/SRR5091584/SRR5091584_unmatched_2.fastq,SRR5091584,f1d5e549cd08f6d3d416c232d6d5bc46,219901000,31,DNA,1000,219901,true,0.7917617412143938,0.899653896676814,0.8457078189456039,0.899653896676814,119,1913402,2622806
510000,0.0023192254696431575,0.014716187806587245,0.000286492558014743,0.0009074251012084005,37.77777777777778,39.0,31.066464563232067,signatures/92513d78fb79a882867eed9d506fc892.sig.gz,"GCF_021730445.1 Phocaeicola faecalis strain=FXJYN30E22, ASM2173044v1",92513d78fb79a882867eed9d506fc892,0.11913104414856342,63000,222,88736000,/nfs3_ib/nfs-ip34/home/def-ilafores/analysis/MethodsComparison/Feces_RA/preproc/SRR5091584/SRR5091584_unmatched_2.fastq,SRR5091584,f1d5e549cd08f6d3d416c232d6d5bc46,219901000,31,DNA,1000,219901,true,0.8222635967579519,0.9336720392912994,0.8779678180246256,0.9336720392912994,2380,1915782,2622806
627000,0.002851283077384823,0.01054569802477402,0.000286492558014743,0.0001292508862645579,5.380952380952381,2.0,10.609113439956209,signatures/723b884481420dddcbc68522388758ed.sig.gz,"GCF_900106755.1 Bacteroides faecis MAJ27 strain=MAJ27, IMG-taxon 2693429916 annotated assembly",723b884481420dddcbc68522388758ed,0.1049548041513224,63000,223,88673000,/nfs3_ib/nfs-ip34/home/def-ilafores/analysis/MethodsComparison/Feces_RA/preproc/SRR5091584/SRR5091584_unmatched_2.fastq,SRR5091584,f1d5e549cd08f6d3d416c232d6d5bc46,219901000,31,DNA,1000,219901,true,0.8277601732642715,0.9298639905385424,0.8788120819014069,0.9298639905385424,339,1916121,2622806
955000,0.0043428633794298345,0.014363885088919288,0.000286492558014743,0.0001262007178571347,5.253968253968254,4.0,4.656343186665697,signatures/cb4eb8b2772cce4c70d0738099004a98.sig.gz,GCF_029876145.1 Escherichia ruysiae strain=S1-IND-07-A ASM2987614v1,cb4eb8b2772cce4c70d0738099004a98,0.21773825809393524,63000,224,88610000,/nfs3_ib/nfs-ip34/home/def-ilafores/analysis/MethodsComparison/Feces_RA/preproc/SRR5091584/SRR5091584_unmatched_2.fastq,SRR5091584,f1d5e549cd08f6d3d416c232d6d5bc46,219901000,31,DNA,1000,219901,true,0.8390720045645351,0.9520133889428216,0.8955426967536784,0.9520133889428216,331,1916452,2622806
217000,0.0009868076998285592,0.02073578595317726,0.0002819450570938741,0.00020474255434828196,8.661290322580646,1.0,24.20540032279327,signatures/dfa3dbf060ad74d93551cac84a908cf9.sig.gz,GCA_025758045.1 Oscillospiraceae bacterium ASM2575804v1,dfa3dbf060ad74d93551cac84a908cf9,0.0725752508361204,62000,225,88548000,/nfs3_ib/nfs-ip34/home/def-ilafores/analysis/MethodsComparison/Feces_RA/preproc/SRR5091584/SRR5091584_unmatched_2.fastq,SRR5091584,f1d5e549cd08f6d3d416c232d6d5bc46,219901000,31,DNA,1000,219901,true,0.7999074820011655,0.9188640141467548,0.8593857480739602,0.9188640141467548,537,1916989,2622806
362000,0.001646195333354555,0.023996852871754525,0.00027739755617300514,0.00014831443881095286,6.377049180327869,3.0,16.839808353749866,signatures/4f1f5b624ed155579fa4ba377193c4ab.sig.gz,"GCF_900015215.1 Romboutsia ilealis strain=CRIB, CRIB_assembly_V1",4f1f5b624ed155579fa4ba377193c4ab,0.14240755310778913,61000,226,88487000,/nfs3_ib/nfs-ip34/home/def-ilafores/analysis/MethodsComparison/Feces_RA/preproc/SRR5091584/SRR5091584_unmatched_2.fastq,SRR5091584,f1d5e549cd08f6d3d416c232d6d5bc46,219901000,31,DNA,1000,219901,true,0.8132219200184774,0.9390627501072187,0.8761423350628481,0.9390627501072187,389,1917378,2622806
572000,0.0026011705267370315,0.02077656675749319,0.00027739755617300514,0.0005814383526650466,25.0,21.0,24.212176857868883,signatures/78db35fa6d9edc0fa99c8623efbe174d.sig.gz,"GCF_023347295.1 Faecalibacterium sp. I3333 strain=I3333, ASM2334729v1",78db35fa6d9edc0fa99c8623efbe174d,0.19482288828337874,61000,227,88426000,/nfs3_ib/nfs-ip34/home/def-ilafores/analysis/MethodsComparison/Feces_RA/preproc/SRR5091584/SRR5091584_unmatched_2.fastq,SRR5091584,f1d5e549cd08f6d3d416c232d6d5bc46,219901000,31,DNA,1000,219901,true,0.8253123599241657,0.9486044563907855,0.8869584081574756,0.9486044563907855,1525,1918903,2622806
219000,0.000995902701670297,0.017733694018635407,0.00026830255433126724,0.00008616725750970525,3.830508474576271,1.0,9.737490962764905,signatures/a0e45b07597836dbbf25c50a48739743.sig.gz,"GCA_020687125.1 Oscillospiraceae bacterium CLA-AA-H269 strain=CLA-AA-H269, ASM2068712v1",a0e45b07597836dbbf25c50a48739743,0.06582506762849413,59000,228,88367000,/nfs3_ib/nfs-ip34/home/def-ilafores/analysis/MethodsComparison/Feces_RA/preproc/SRR5091584/SRR5091584_unmatched_2.fastq,SRR5091584,f1d5e549cd08f6d3d416c232d6d5bc46,219901000,31,DNA,1000,219901,true,0.8001442477515323,0.9159749373225262,0.8580595925370292,0.9159749373225262,226,1919129,2622806
111000,0.000504772602216452,0.012082736022936719,0.00026830255433126724,0.00007892310754207517,3.5084745762711864,3.0,2.553647317511757,signatures/91ee2167e58c2c3056dfac3ebe2a14c0.sig.gz,"GCA_023459495.1 Firmicutes bacterium, ASM2345949v1",91ee2167e58c2c3056dfac3ebe2a14c0,0.022731927093999592,59000,229,88308000,/nfs3_ib/nfs-ip34/home/def-ilafores/analysis/MethodsComparison/Feces_RA/preproc/SRR5091584/SRR5091584_unmatched_2.fastq,SRR5091584,f1d5e549cd08f6d3d416c232d6d5bc46,219901000,31,DNA,1000,219901,true,0.7827953745374754,0.8850916961871341,0.8339435353623048,0.8850916961871341,207,1919336,2622806
143000,0.0006502926316842579,0.014482081492390771,0.00026830255433126724,0.00004880269451877112,2.169491525423729,1.0,2.415715091328146,signatures/a99098ed1af6e51a53d2d903025a5def.sig.gz,"GCF_019734195.1 Clostridium sp. K13 strain=K13, ASM1973419v1",a99098ed1af6e51a53d2d903025a5def,0.0351006381934217,59000,230,88249000,/nfs3_ib/nfs-ip34/home/def-ilafores/analysis/MethodsComparison/Feces_RA/preproc/SRR5091584/SRR5091584_unmatched_2.fastq,SRR5091584,f1d5e549cd08f6d3d416c232d6d5bc46,219901000,31,DNA,1000,219901,true,0.7892181405063716,0.8975831225018487,0.8434006315041102,0.8975831225018487,128,1919464,2622806
668000,0.0030377306151404496,0.022745098039215685,0.0002637550534103983,0.00007663548123650777,3.4655172413793105,2.5,3.201376413256946,signatures/30722b2c2fd9cb373ad391f527e6453d.sig.gz,"GCA_002492145.1 Sutterellaceae bacterium UBA7131, ASM249214v1",30722b2c2fd9cb373ad391f527e6453d,0.2619607843137255,58000,231,88191000,/nfs3_ib/nfs-ip34/home/def-ilafores/analysis/MethodsComparison/Feces_RA/preproc/SRR5091584/SRR5091584_unmatched_2.fastq,SRR5091584,f1d5e549cd08f6d3d416c232d6d5bc46,219901000,31,DNA,1000,219901,true,0.8294532469349892,0.9577086907491169,0.8935809688420531,0.9577086907491169,201,1919665,2622806
335000,0.0015234128084910938,0.02223926380368098,0.0002637550534103983,0.00009112378117176795,4.120689655172414,2.0,4.6980464986721975,signatures/914bcf62eecc3d9d979a49f30f079bec.sig.gz,"GCA_900546495.1 uncultured Lachnospiraceae bacterium, UMGS894",914bcf62eecc3d9d979a49f30f079bec,0.12845092024539878,58000,232,88133000,/nfs3_ib/nfs-ip34/home/def-ilafores/analysis/MethodsComparison/Feces_RA/preproc/SRR5091584/SRR5091584_unmatched_2.fastq,SRR5091584,f1d5e549cd08f6d3d416c232d6d5bc46,219901000,31,DNA,1000,219901,true,0.8111910464496328,0.9359434034946635,0.8735672249721482,0.9359434034946635,239,1919904,2622806
157000,0.000713957644576423,0.015299393299920866,0.0002637550534103983,0.00009913047324125384,4.482758620689655,3.0,6.863801548730609,signatures/5438c078b0a156d97f3fa3894640469e.sig.gz,"GCF_014337235.1 Eubacterium sp. NSJ-61 strain=NSJ-61, ASM1433723v1",5438c078b0a156d97f3fa3894640469e,0.04141387496702717,58000,233,88075000,/nfs3_ib/nfs-ip34/home/def-ilafores/analysis/MethodsComparison/Feces_RA/preproc/SRR5091584/SRR5091584_unmatched_2.fastq,SRR5091584,f1d5e549cd08f6d3d416c232d6d5bc46,219901000,31,DNA,1000,219901,true,0.7915995940921308,0.9023848641199399,0.8469922291060353,0.9023848641199399,260,1920164,2622806
145000,0.0006593876335259958,0.0076788360501145085,0.0002592075524895294,0.00005452176028268961,2.508771929824561,2.0,2.310333818194411,signatures/9e874553e32e3e45ca8f11c1e28ad2c7.sig.gz,"GCF_001881565.1 Eisenbergiella tayi strain=DSM 26961, ASM188156v1",9e874553e32e3e45ca8f11c1e28ad2c7,0.019533881180115856,57000,234,88018000,/nfs3_ib/nfs-ip34/home/def-ilafores/analysis/MethodsComparison/Feces_RA/preproc/SRR5091584/SRR5091584_unmatched_2.fastq,SRR5091584,f1d5e549cd08f6d3d416c232d6d5bc46,219901000,31,DNA,1000,219901,true,0.7895718177715627,0.880773311484897,0.8351725646282299,0.880773311484897,143,1920307,2622806
815000,0.003706213250508183,0.010867492850333652,0.0002592075524895294,0.0005116657503452409,23.54385964912281,18.0,22.93015342251991,signatures/bd900aa1b470c647fd1600f92d2d24ad.sig.gz,"GCF_024622025.1 Phocaeicola sartorii strain=DSM 21941, ASM2462202v1",bd900aa1b470c647fd1600f92d2d24ad,0.1553860819828408,57000,235,87961000,/nfs3_ib/nfs-ip34/home/def-ilafores/analysis/MethodsComparison/Feces_RA/preproc/SRR5091584/SRR5091584_unmatched_2.fastq,SRR5091584,f1d5e549cd08f6d3d416c232d6d5bc46,219901000,31,DNA,1000,219901,true,0.8347922338739129,0.9417085638241144,0.8882503988490136,0.9417085638241144,1342,1921649,2622806
344000,0.001564340316778914,0.014485256078634247,0.00025466005156866045,0.000397665706117799,18.625,2.0,31.895791538338447,signatures/c1ba8d0ce9c6c98a462fa26151e71b3a.sig.gz,GCF_025567525.1 Gallintestinimicrobium propionicum strain=Sanger_16 ASM2556752v1,c1ba8d0ce9c6c98a462fa26151e71b3a,0.08898085876875324,56000,236,87905000,/nfs3_ib/nfs-ip34/home/def-ilafores/analysis/MethodsComparison/Feces_RA/preproc/SRR5091584/SRR5091584_unmatched_2.fastq,SRR5091584,f1d5e549cd08f6d3d416c232d6d5bc46,219901000,31,DNA,1000,219901,true,0.8118850718064564,0.9249246240205824,0.8684048479135194,0.9249246240205824,1043,1922692,2622806
1460000,0.006639351344468647,0.008832807570977918,0.00025466005156866045,0.00008921742591712845,4.178571428571429,1.5,9.715795575940724,signatures/8182caaf670814ebbeb9046e1a4982b9.sig.gz,"GCA_902362375.1 Bacteroidaceae bacterium, MGYG-HGUT-00013",8182caaf670814ebbeb9046e1a4982b9,0.2302839116719243,56000,237,87849000,/nfs3_ib/nfs-ip34/home/def-ilafores/analysis/MethodsComparison/Feces_RA/preproc/SRR5091584/SRR5091584_unmatched_2.fastq,SRR5091584,f1d5e549cd08f6d3d416c232d6d5bc46,219901000,31,DNA,1000,219901,true,0.8506403680107276,0.9537353017538263,0.9021878348822769,0.9537353017538263,234,1922926,2622806
512000,0.0023283204714848954,0.02396234488660676,0.00025466005156866045,0.00004804015241691532,2.25,2.0,1.617427410603465,signatures/989f95eb6a92b81ce4653530dd63443a.sig.gz,"GCA_934309195.1 uncultured Dorea sp., ERR7738244_bin.78",989f95eb6a92b81ce4653530dd63443a,0.21908429610611896,56000,238,87793000,/nfs3_ib/nfs-ip34/home/def-ilafores/analysis/MethodsComparison/Feces_RA/preproc/SRR5091584/SRR5091584_unmatched_2.fastq,SRR5091584,f1d5e549cd08f6d3d416c232d6d5bc46,219901000,31,DNA,1000,219901,true,0.8223674180515621,0.9522026704447722,0.8872850442481672,0.9522026704447722,126,1923052,2622806
172000,0.000782170158389457,0.01333968556455455,0.00025466005156866045,0.0005852510631743255,27.410714285714285,5.0,31.36409274593337,signatures/cd255e017b4d3015ea771faa413a355b.sig.gz,"GCF_000233955.1 Paraprevotella clara YIT 11840 strain=YIT 11840, ASM23395v1",cd255e017b4d3015ea771faa413a355b,0.04097189137684612,56000,239,87737000,/nfs3_ib/nfs-ip34/home/def-ilafores/analysis/MethodsComparison/Feces_RA/preproc/SRR5091584/SRR5091584_unmatched_2.fastq,SRR5091584,f1d5e549cd08f6d3d416c232d6d5bc46,219901000,31,DNA,1000,219901,true,0.7939331045414034,0.9020725849090422,0.8480028447252228,0.9020725849090422,1535,1924587,2622806
135000,0.0006139126243173064,0.008316951459246939,0.0002501125506477915,0.00002402007620845766,1.1454545454545455,1.0,0.5193766129849346,signatures/4e1788a417277623d5d9145c388358e7.sig.gz,GCF_028539415.1 Bacteroides cellulosilyticus DSM 14838 strain=DSM 14838 ASM2853941v1,4e1788a417277623d5d9145c388358e7,0.020414335399969757,55000,240,87682000,/nfs3_ib/nfs-ip34/home/def-ilafores/analysis/MethodsComparison/Feces_RA/preproc/SRR5091584/SRR5091584_unmatched_2.fastq,SRR5091584,f1d5e549cd08f6d3d416c232d6d5bc46,219901000,31,DNA,1000,219901,true,0.7877538498979464,0.8820268019119104,0.8348903259049284,0.8820268019119104,63,1924650,2622806
650000,0.0029558755985648086,0.019869942196531792,0.0002501125506477915,0.00007892310754207517,3.7636363636363637,2.0,3.4796219040351666,signatures/28efb86d1925982ebf3690ca58174d20.sig.gz,"GCA_934370915.1 uncultured Lachnospiraceae bacterium, ERR7738605_bin.28",28efb86d1925982ebf3690ca58174d20,0.23482658959537572,55000,241,87627000,/nfs3_ib/nfs-ip34/home/def-ilafores/analysis/MethodsComparison/Feces_RA/preproc/SRR5091584/SRR5091584_unmatched_2.fastq,SRR5091584,f1d5e549cd08f6d3d416c232d6d5bc46,219901000,31,DNA,1000,219901,true,0.828722691821574,0.9543364791065059,0.8915295854640399,0.9543364791065059,207,1924857,2622806
703000,0.003196893147370862,0.012482662968099861,0.00024556504972692256,0.0001117124179218745,5.425925925925926,3.0,6.202155694093166,signatures/9f8ee440e15d203543396b77b2bae2e7.sig.gz,GCA_003477525.1 Ruminococcus sp. AF41-9 strain=AF41-9 ASM347752v1,9f8ee440e15d203543396b77b2bae2e7,0.16250577901063337,54000,242,87573000,/nfs3_ib/nfs-ip34/home/def-ilafores/analysis/MethodsComparison/Feces_RA/preproc/SRR5091584/SRR5091584_unmatched_2.fastq,SRR5091584,f1d5e549cd08f6d3d416c232d6d5bc46,219901000,31,DNA,1000,219901,true,0.8308207960992825,0.9430704895149611,0.8869456428071218,0.9430704895149611,293,1925150,2622806
476000,0.0021646104383336137,0.024623803009575923,0.00024556504972692256,0.0003545820773629464,17.22222222222222,12.0,16.719545743725913,signatures/3765028b477e05aab7ca46cf4971501b.sig.gz,"GCA_934511465.1 uncultured Faecalibacterium sp., ERR7745828_bin.158",3765028b477e05aab7ca46cf4971501b,0.21705426356589147,54000,243,87519000,/nfs3_ib/nfs-ip34/home/def-ilafores/analysis/MethodsComparison/Feces_RA/preproc/SRR5091584/SRR5091584_unmatched_2.fastq,SRR5091584,f1d5e549cd08f6d3d416c232d6d5bc46,219901000,31,DNA,1000,219901,true,0.8204356211248793,0.9519167704543132,0.8861761957895963,0.9519167704543132,930,1926080,2622806
55000,0.0002501125506477915,0.010072747621712367,0.00024556504972692256,0.00002897659987052035,1.4074074074074074,1.0,0.7332959212304935,signatures/6b5288178b869b3a2d2920abebf3f4c5.sig.gz,"GCF_000964545.1 Comamonas thiooxydans strain=DSM 17888, ASM96454v1",6b5288178b869b3a2d2920abebf3f4c5,0.010259279985077412,54000,244,87465000,/nfs3_ib/nfs-ip34/home/def-ilafores/analysis/MethodsComparison/Feces_RA/preproc/SRR5091584/SRR5091584_unmatched_2.fastq,SRR5091584,f1d5e549cd08f6d3d416c232d6d5bc46,219901000,31,DNA,1000,219901,true,0.7652631870258728,0.8626655995853387,0.8139643933056058,0.8626655995853387,76,1926156,2622806
161000,0.0007321476482598987,0.01820020222446916,0.00024556504972692256,0.000037745834041862035,1.8333333333333333,2.0,1.243501626977744,signatures/44d064decffc4be1aefc6566373b087b.sig.gz,"GCF_015667935.1 Clostridium sp. 1001270J_160509_D11 strain=1001270J_160509_D11, ASM1566793v1",44d064decffc4be1aefc6566373b087b,0.05426356589147287,54000,245,87411000,/nfs3_ib/nfs-ip34/home/def-ilafores/analysis/MethodsComparison/Feces_RA/preproc/SRR5091584/SRR5091584_unmatched_2.fastq,SRR5091584,f1d5e549cd08f6d3d416c232d6d5bc46,219901000,31,DNA,1000,219901,true,0.7922422905166645,0.9102856324165732,0.8512639614666189,0.9102856324165732,99,1926255,2622806
561000,0.0025511480166074733,0.015164520743919885,0.00024101754880605363,0.00007472912598186827,3.69811320754717,2.0,5.423863782102817,signatures/f299b236b2c90ca07a476b089611b3c0.sig.gz,"GCF_013304825.1 Blautia schinkii strain=MSK.6.26, ASM1330482v1",f299b236b2c90ca07a476b089611b3c0,0.16051502145922747,53000,246,87358000,/nfs3_ib/nfs-ip34/home/def-ilafores/analysis/MethodsComparison/Feces_RA/preproc/SRR5091584/SRR5091584_unmatched_2.fastq,SRR5091584,f1d5e549cd08f6d3d416c232d6d5bc46,219901000,31,DNA,1000,219901,true,0.8247955545030665,0.9426955860102532,0.8837455702566599,0.9426955860102532,196,1926451,2622806
180000,0.0008185501657564085,0.02206194314806958,0.00023647004788518469,0.0002966288776219057,14.961538461538462,12.5,14.975571824784858,signatures/b669ae6f1764f371f95c32067b3a6e5c.sig.gz,"GCA_905216215.1 uncultured bacterium, SRR7721880-mag-bin.41",b669ae6f1764f371f95c32067b3a6e5c,0.07636826474331777,52000,247,87306000,/nfs3_ib/nfs-ip34/home/def-ilafores/analysis/MethodsComparison/Feces_RA/preproc/SRR5091584/SRR5091584_unmatched_2.fastq,SRR5091584,f1d5e549cd08f6d3d416c232d6d5bc46,219901000,31,DNA,1000,219901,true,0.7950982840004058,0.920375253252944,0.8577367686266749,0.920375253252944,778,1927229,2622806
140000,0.0006366501289216511,0.008616404308202154,0.00023647004788518469,0.000039652189296501535,2.0,1.0,2.54195563720897,signatures/420d475a10a0d7f2dd3f44da9d2fe498.sig.gz,"GCF_003434055.1 Enterocloster aldensis strain=AF19-9LB, ASM343405v1",420d475a10a0d7f2dd3f44da9d2fe498,0.0231980115990058,52000,248,87254000,/nfs3_ib/nfs-ip34/home/def-ilafores/analysis/MethodsComparison/Feces_RA/preproc/SRR5091584/SRR5091584_unmatched_2.fastq,SRR5091584,f1d5e549cd08f6d3d416c232d6d5bc46,219901000,31,DNA,1000,219901,true,0.7886785454759961,0.8856713683601001,0.8371749569180481,0.8856713683601001,104,1927333,2622806
157000,0.000713957644576423,0.014364640883977901,0.00023647004788518469,0.000027451515666808755,1.3846153846153846,1.0,0.880424857096892,signatures/74059216b7cd65a7ff314267c1b83b8e.sig.gz,"GCF_005121165.3 Dysosmobacter welbionis strain=J115, ASM512116v3",74059216b7cd65a7ff314267c1b83b8e,0.04337016574585635,52000,249,87202000,/nfs3_ib/nfs-ip34/home/def-ilafores/analysis/MethodsComparison/Feces_RA/preproc/SRR5091584/SRR5091584_unmatched_2.fastq,SRR5091584,f1d5e549cd08f6d3d416c232d6d5bc46,219901000,31,DNA,1000,219901,true,0.7915995940921308,0.9037294230511493,0.8476645085716401,0.9037294230511493,72,1927405,2622806
142000,0.000645745130763389,0.014722863741339492,0.00023192254696431577,0.00003355185248165514,1.7254901960784315,1.0,1.2379367935423213,signatures/0c706e2e77e69ee6449ae476178dc285.sig.gz,GCA_027692445.1 Clostridiaceae bacterium OF42-15pH9A strain=OF42-15pH9A ASM2769244v1,0c706e2e77e69ee6449ae476178dc285,0.040993071593533485,51000,250,87151000,/nfs3_ib/nfs-ip34/home/def-ilafores/analysis/MethodsComparison/Feces_RA/preproc/SRR5091584/SRR5091584_unmatched_2.fastq,SRR5091584,f1d5e549cd08f6d3d416c232d6d5bc46,219901000,31,DNA,1000,219901,true,0.7890395028025219,0.902087623791599,0.8455635632970604,0.902087623791599,88,1927493,2622806
52000,0.00023647004788518469,0.01802120141342756,0.00023192254696431577,0.00003317058143072724,1.7058823529411764,1.0,1.287863676366512,signatures/02b170c1c65259d332d2411d92d0f08f.sig.gz,"GCF_000478885.1 Adlercreutzia equolifaciens DSM 19450 strain=DSM 19450, ASM47888v1",02b170c1c65259d332d2411d92d0f08f,0.018374558303886925,51000,251,87100000,/nfs3_ib/nfs-ip34/home/def-ilafores/analysis/MethodsComparison/Feces_RA/preproc/SRR5091584/SRR5091584_unmatched_2.fastq,SRR5091584,f1d5e549cd08f6d3d416c232d6d5bc46,219901000,31,DNA,1000,219901,true,0.7638798194086852,0.8790366791144097,0.8214582492615474,0.8790366791144097,87,1927580,2622806
163000,0.0007412426501016366,0.022869955156950672,0.00023192254696431577,0.0002962476065709778,15.235294117647058,10.0,15.885112323837872,signatures/975ceaed9153d1f601d7af09bdc51353.sig.gz,"GCA_900760745.1 Bacilli bacterium, SRS020869_41",975ceaed9153d1f601d7af09bdc51353,0.07309417040358744,51000,252,87049000,/nfs3_ib/nfs-ip34/home/def-ilafores/analysis/MethodsComparison/Feces_RA/preproc/SRR5091584/SRR5091584_unmatched_2.fastq,SRR5091584,f1d5e549cd08f6d3d416c232d6d5bc46,219901000,31,DNA,1000,219901,true,0.7925578660373963,0.9190752185374064,0.8558165422874013,0.9190752185374064,777,1928357,2622806
