intersect_bp,f_orig_query,f_match,f_unique_to_query,f_unique_weighted,average_abund,median_abund,std_abund,match_filename,match_name,match_md5,f_match_orig,unique_intersect_bp,gather_result_rank,remaining_bp,query_filename,query_name,query_md5,query_bp,ksize,moltype,scaled,query_n_hashes,query_abundance,query_containment_ani,match_containment_ani,average_containment_ani,max_containment_ani,n_unique_weighted_found,sum_weighted_found,total_weighted_hashes
4374000,0.02139513497913803,0.7938294010889292,0.02139513497913803,0.03613188932070885,8.808184727937814,7.0,25.940622232292778,signatures/f906f0ea3324bc6db880a742f3f0b0ba.sig.gz,"GCF_013009555.1 Bacteroides dorei strain=DSM 17855, ASM1300955v1",f906f0ea3324bc6db880a742f3f0b0ba,0.7938294010889292,4374000,0,200065000,/nfs3_ib/nfs-ip34/home/def-ilafores/analysis/MethodsComparison/Feces_RA/preproc/SRR5091474/SRR5091474_unmatched_2.fastq,SRR5091474,c05751dbcea27bc40a766fc5dc8e185a,204439000,31,DNA,1000,204439,true,0.8833629793108918,0.9925797092150748,0.9379713442629833,0.9925797092150748,38527,38527,1066288
2475000,0.012106300656919668,0.5066666666666667,0.012081843483875386,0.00427464249808682,1.8453441295546558,2.0,1.2790623870933249,signatures/5feebdfe795727335c87e462e7a7cc14.sig.gz,"GCF_000012845.1 Parabacteroides distasonis ATCC 8503 strain=ATCC 8503, ASM1284v1",5feebdfe795727335c87e462e7a7cc14,0.5076923076923077,2470000,1,197595000,/nfs3_ib/nfs-ip34/home/def-ilafores/analysis/MethodsComparison/Feces_RA/preproc/SRR5091474/SRR5091474_unmatched_2.fastq,SRR5091474,c05751dbcea27bc40a766fc5dc8e185a,204439000,31,DNA,1000,204439,true,0.8672846498655116,0.9783702641759765,0.922827457020744,0.9783702641759765,4558,43085,1066288
2403000,0.011754117365082004,0.6461248654467169,0.011744334495864293,0.2543065288177303,112.93794252394835,120.0,91.69905269678496,signatures/988b2ef58a54374a65546dbc194ca3be.sig.gz,GCA_015074785.1 Segatella copri strain=YF2 ASM1507478v1,988b2ef58a54374a65546dbc194ca3be,0.6466630785791173,2401000,2,195194000,/nfs3_ib/nfs-ip34/home/def-ilafores/analysis/MethodsComparison/Feces_RA/preproc/SRR5091474/SRR5091474_unmatched_2.fastq,SRR5091474,c05751dbcea27bc40a766fc5dc8e185a,204439000,31,DNA,1000,204439,true,0.8664590959853213,0.9860361579689438,0.9262476269771326,0.9860361579689438,271164,314249,1066288
2384000,0.011661180107513732,0.5195948921180097,0.011543785676901178,0.004861725912699008,2.1966101694915254,1.0,6.4978083945879765,signatures/2fc80b3803e2d9af5d93edb14dd1cc3b.sig.gz,GCF_025147485.1 Bacteroides uniformis strain=ATCC 8492 ASM2514748v1,2fc80b3803e2d9af5d93edb14dd1cc3b,0.5248789079700572,2360000,3,192834000,/nfs3_ib/nfs-ip34/home/def-ilafores/analysis/MethodsComparison/Feces_RA/preproc/SRR5091474/SRR5091474_unmatched_2.fastq,SRR5091474,c05751dbcea27bc40a766fc5dc8e185a,204439000,31,DNA,1000,204439,true,0.8662372491605493,0.979421535557288,0.9228293923589186,0.979421535557288,5184,319433,1066288
2329000,0.011392151204026629,0.5850899742930591,0.011132905169757238,0.03224738532178924,15.107644991212654,15.0,11.346449995234403,signatures/0af939165079e9d7e74d2ed29256e457.sig.gz,"GCF_003437535.1 Bacteroides plebeius strain=TF10-3AC, ASM343753v1",0af939165079e9d7e74d2ed29256e457,0.5987146529562982,2276000,4,190558000,/nfs3_ib/nfs-ip34/home/def-ilafores/analysis/MethodsComparison/Feces_RA/preproc/SRR5091474/SRR5091474_unmatched_2.fastq,SRR5091474,c05751dbcea27bc40a766fc5dc8e185a,204439000,31,DNA,1000,204439,true,0.8655852806254174,0.9835887318514043,0.9245870062384108,0.9835887318514043,34385,353818,1066288
2202000,0.010770939008701862,0.48099867432611576,0.01064865314348045,0.0035525111414552164,1.7400091869545247,1.0,1.4330640519028957,signatures/47030cb09435e5a03e1ce6a49f0753a5.sig.gz,"GCF_002222615.2 Bacteroides caccae strain=ATCC 43185, ASM222261v2",47030cb09435e5a03e1ce6a49f0753a5,0.48652231551038444,2177000,5,188381000,/nfs3_ib/nfs-ip34/home/def-ilafores/analysis/MethodsComparison/Feces_RA/preproc/SRR5091474/SRR5091474_unmatched_2.fastq,SRR5091474,c05751dbcea27bc40a766fc5dc8e185a,204439000,31,DNA,1000,204439,true,0.8640210208557388,0.9770269443362571,0.920523982595998,0.9770269443362571,3788,357606,1066288
2099000,0.01026712124398965,0.687745740498034,0.01026712124398965,0.012858627312696007,6.532158170557408,5.0,7.624669076410307,signatures/58b144de4acaed89ce9d8071641d7213.sig.gz,"GCF_023347255.1 Faecalibacterium sp. I4384 strain=I4384, ASM2334725v1",58b144de4acaed89ce9d8071641d7213,0.687745740498034,2099000,6,186282000,/nfs3_ib/nfs-ip34/home/def-ilafores/analysis/MethodsComparison/Feces_RA/preproc/SRR5091474/SRR5091474_unmatched_2.fastq,SRR5091474,c05751dbcea27bc40a766fc5dc8e185a,204439000,31,DNA,1000,204439,true,0.8626868608520324,0.9879972573693063,0.9253420591106694,0.9879972573693063,13711,371317,1066288
2082000,0.01018396685563909,0.5098522167487685,0.010125269640332814,0.007166919256335999,3.6917874396135266,3.0,7.2761724950031486,signatures/659be16e24434afee44065c0476f013e.sig.gz,GCF_025567015.1 Waltera acetigignens strain=f_CXY ASM2556701v1,659be16e24434afee44065c0476f013e,0.512807881773399,2070000,7,184212000,/nfs3_ib/nfs-ip34/home/def-ilafores/analysis/MethodsComparison/Feces_RA/preproc/SRR5091474/SRR5091474_unmatched_2.fastq,SRR5091474,c05751dbcea27bc40a766fc5dc8e185a,204439000,31,DNA,1000,204439,true,0.8624605863224477,0.9786867299168825,0.9205736581196651,0.9786867299168825,7642,378959,1066288
2017000,0.009866023606063421,0.667000668002672,0.009768194913886294,0.008234173131461669,4.396594892338507,4.0,3.034264088782425,signatures/26a39e5fdeb7c2d1c6b61c8b390b7046.sig.gz,"GCF_020564355.1 Lachnospira pectinoschiza strain=SL.1.13, ASM2056435v1",26a39e5fdeb7c2d1c6b61c8b390b7046,0.6736806947227789,1997000,8,182215000,/nfs3_ib/nfs-ip34/home/def-ilafores/analysis/MethodsComparison/Feces_RA/preproc/SRR5091474/SRR5091474_unmatched_2.fastq,SRR5091474,c05751dbcea27bc40a766fc5dc8e185a,204439000,31,DNA,1000,204439,true,0.8615786093454953,0.9873389302702585,0.924458769807877,0.9873389302702585,8780,387739,1066288
2018000,0.009870915040672279,0.2957486136783734,0.00939155444900435,0.0029569872304668157,1.6421875,1.0,0.9506529588535889,signatures/514bdd6aa640f40cc6414be0e11ec2f6.sig.gz,"GCF_001314995.1 Bacteroides ovatus strain=ATCC 8483, ASM131499v1",514bdd6aa640f40cc6414be0e11ec2f6,0.3108441158348737,1920000,9,180295000,/nfs3_ib/nfs-ip34/home/def-ilafores/analysis/MethodsComparison/Feces_RA/preproc/SRR5091474/SRR5091474_unmatched_2.fastq,SRR5091474,c05751dbcea27bc40a766fc5dc8e185a,204439000,31,DNA,1000,204439,true,0.8615923853460544,0.963009137825581,0.9123007615858176,0.963009137825581,3153,390892,1066288
2014000,0.009851349302236852,0.2941269841269841,0.009063828330210967,0.00294291973650646,1.6934700485698866,1.0,12.952274281363884,signatures/df098e390010d8add7b59e4ff0574d30.sig.gz,"GCF_000011065.1 Bacteroides thetaiotaomicron VPI-5482 strain=VPI-5482, ASM1106v1",df098e390010d8add7b59e4ff0574d30,0.3196825396825397,1853000,10,178442000,/nfs3_ib/nfs-ip34/home/def-ilafores/analysis/MethodsComparison/Feces_RA/preproc/SRR5091474/SRR5091474_unmatched_2.fastq,SRR5091474,c05751dbcea27bc40a766fc5dc8e185a,204439000,31,DNA,1000,204439,true,0.8615372416507234,0.9638804924427424,0.9127088670467329,0.9638804924427424,3138,394030,1066288
1818000,0.008892628118900993,0.548995739500913,0.008824148034377002,0.010665036087811173,6.303769401330377,6.0,3.176753000712171,signatures/792a9a5c23c3a89112df1d8f3df149e3.sig.gz,GCF_025567285.1 Coprococcus aceti strain=H2_11 ASM2556728v1,792a9a5c23c3a89112df1d8f3df149e3,0.5532562385879489,1804000,11,176638000,/nfs3_ib/nfs-ip34/home/def-ilafores/analysis/MethodsComparison/Feces_RA/preproc/SRR5091474/SRR5091474_unmatched_2.fastq,SRR5091474,c05751dbcea27bc40a766fc5dc8e185a,204439000,31,DNA,1000,204439,true,0.8586964780545047,0.9810865020031181,0.9198914900288113,0.9810865020031181,11372,405402,1066288
1875000,0.009171439891605808,0.5822784810126582,0.008325221704273647,0.008007217562234593,5.016451233842538,4.0,4.316607679630246,signatures/df3b4f1c13844c81b29c16b0c900e1c5.sig.gz,GCA_025757845.1 Oscillospiraceae bacterium ASM2575784v1,df3b4f1c13844c81b29c16b0c900e1c5,0.6414642490591858,1702000,12,174936000,/nfs3_ib/nfs-ip34/home/def-ilafores/analysis/MethodsComparison/Feces_RA/preproc/SRR5091474/SRR5091474_unmatched_2.fastq,SRR5091474,c05751dbcea27bc40a766fc5dc8e185a,204439000,31,DNA,1000,204439,true,0.8595520455727947,0.9857794414930644,0.9226657435329295,0.9857794414930644,8538,413940,1066288
1764000,0.008628490650022745,0.609009009009009,0.008266524488967369,0.02027501012859565,12.792307692307693,12.5,5.280426063139604,signatures/1c86d14b5e74b8fcf07a707c63c50911.sig.gz,GCF_003458705.1 Eubacterium sp. AF22-9 strain=AF22-9 ASM345870v1,1c86d14b5e74b8fcf07a707c63c50911,0.6356756756756756,1690000,13,173246000,/nfs3_ib/nfs-ip34/home/def-ilafores/analysis/MethodsComparison/Feces_RA/preproc/SRR5091474/SRR5091474_unmatched_2.fastq,SRR5091474,c05751dbcea27bc40a766fc5dc8e185a,204439000,31,DNA,1000,204439,true,0.8578616483992088,0.985491223826394,0.9216764361128014,0.985491223826394,21619,435559,1066288
1672000,0.008178478666007953,0.3932825154835636,0.008075758539221968,0.003565640802484882,2.302846759539673,2.0,1.917210872311612,signatures/cd255e017b4d3015ea771faa413a355b.sig.gz,"GCF_000233955.1 Paraprevotella clara YIT 11840 strain=YIT 11840, ASM23395v1",cd255e017b4d3015ea771faa413a355b,0.3982848975702716,1651000,14,171595000,/nfs3_ib/nfs-ip34/home/def-ilafores/analysis/MethodsComparison/Feces_RA/preproc/SRR5091474/SRR5091474_unmatched_2.fastq,SRR5091474,c05751dbcea27bc40a766fc5dc8e185a,204439000,31,DNA,1000,204439,true,0.8563806694040434,0.9707402272504487,0.9135604483272461,0.9707402272504487,3802,439361,1066288
1624000,0.007943689804782845,0.6253369272237197,0.007943689804782845,0.002746912653992167,1.8035714285714286,2.0,0.9920680760704159,signatures/ac00734d7603724fd67712b66814b153.sig.gz,"GCA_900542145.1 uncultured Ruminococcaceae bacterium, UMGS423",ac00734d7603724fd67712b66814b153,0.6253369272237197,1624000,15,169971000,/nfs3_ib/nfs-ip34/home/def-ilafores/analysis/MethodsComparison/Feces_RA/preproc/SRR5091474/SRR5091474_unmatched_2.fastq,SRR5091474,c05751dbcea27bc40a766fc5dc8e185a,204439000,31,DNA,1000,204439,true,0.8555763734635875,0.98497007174348,0.9202732226035337,0.98497007174348,2929,442290,1066288
1575000,0.00770400950894888,0.5508265916285614,0.007659986597469172,0.004133967558483262,2.814814814814815,2.0,1.7765134925482016,signatures/5dc2f5d267187c4e6e4642ffb4f5dea4.sig.gz,"GCA_900545175.1 uncultured Clostridiales bacterium, UMGS754",5dc2f5d267187c4e6e4642ffb4f5dea4,0.5539922616953922,1566000,16,168405000,/nfs3_ib/nfs-ip34/home/def-ilafores/analysis/MethodsComparison/Feces_RA/preproc/SRR5091474/SRR5091474_unmatched_2.fastq,SRR5091474,c05751dbcea27bc40a766fc5dc8e185a,204439000,31,DNA,1000,204439,true,0.8547312341461698,0.981128577700948,0.9179299059235588,0.981128577700948,4408,446698,1066288
1631000,0.00797792984704484,0.3442585377034151,0.00734693478250236,0.001939438500667737,1.3768308921438082,1.0,0.8267795297679298,signatures/a8c995daf67b413b45a7f31c15f510d6.sig.gz,GCF_025151215.1 Parabacteroides merdae ATCC 43184 strain=ATCC 43184 ASM2515121v1,a8c995daf67b413b45a7f31c15f510d6,0.3738253495301398,1502000,17,166903000,/nfs3_ib/nfs-ip34/home/def-ilafores/analysis/MethodsComparison/Feces_RA/preproc/SRR5091474/SRR5091474_unmatched_2.fastq,SRR5091474,c05751dbcea27bc40a766fc5dc8e185a,204439000,31,DNA,1000,204439,true,0.855695088281285,0.9687575961938252,0.9122263422375552,0.9687575961938252,2068,448766,1066288
1466000,0.007170843136583529,0.5949675324675324,0.007170843136583529,0.003387452545653707,2.4638472032742156,2.0,1.878757517673281,signatures/8de6a56dece2b0b235d66a08de9380be.sig.gz,"GCF_000297775.1 Sutterella wadsworthensis 2_1_59BFAA strain=2_1_59BFAA, Sutt_wads_2_1_59BFAA_V1",8de6a56dece2b0b235d66a08de9380be,0.5949675324675324,1466000,18,165437000,/nfs3_ib/nfs-ip34/home/def-ilafores/analysis/MethodsComparison/Feces_RA/preproc/SRR5091474/SRR5091474_unmatched_2.fastq,SRR5091474,c05751dbcea27bc40a766fc5dc8e185a,204439000,31,DNA,1000,204439,true,0.8527561219189523,0.9833895506985626,0.9180728363087575,0.9833895506985626,3612,452378,1066288
1600000,0.00782629537417029,0.47413206262763785,0.006813768410137009,0.00515057845535165,3.942569992821249,3.0,4.275290496498606,signatures/c7d4730d7ef725fd5e285130d735d8de.sig.gz,"GCF_020687245.1 Faecalibacterium longum CLA-AA-H243 strain=CLA-AA-H243, ASM2068724v1",c7d4730d7ef725fd5e285130d735d8de,0.5445881552076243,1393000,19,164044000,/nfs3_ib/nfs-ip34/home/def-ilafores/analysis/MethodsComparison/Feces_RA/preproc/SRR5091474/SRR5091474_unmatched_2.fastq,SRR5091474,c05751dbcea27bc40a766fc5dc8e185a,204439000,31,DNA,1000,204439,true,0.8551655577667924,0.980586863028047,0.9178762103974196,0.980586863028047,5492,457870,1066288
1417000,0.006931162840749563,0.47537619699042405,0.00679909410631044,0.002623118707141035,2.012230215827338,2.0,1.3169596789277689,signatures/2cc5caec028aaa6ce42b3f85da58941a.sig.gz,GCF_025567215.1 Huintestinicola butyrica strain=Sanger_06 ASM2556721v1,2cc5caec028aaa6ce42b3f85da58941a,0.484610123119015,1390000,20,162654000,/nfs3_ib/nfs-ip34/home/def-ilafores/analysis/MethodsComparison/Feces_RA/preproc/SRR5091474/SRR5091474_unmatched_2.fastq,SRR5091474,c05751dbcea27bc40a766fc5dc8e185a,204439000,31,DNA,1000,204439,true,0.8518214734483968,0.9769028360028462,0.9143621547256215,0.9769028360028462,2797,460667,1066288
1386000,0.006779528367875014,0.2960482250502344,0.006486042291343628,0.002249861200726258,1.8092006033182504,1.0,2.1198494056759634,signatures/20e22b7a195404638366fe78b372a400.sig.gz,GCF_025148125.1 Blautia wexlerae DSM 19850 strain=DSM 19850 ASM2514812v1,20e22b7a195404638366fe78b372a400,0.30944407233757537,1326000,21,161328000,/nfs3_ib/nfs-ip34/home/def-ilafores/analysis/MethodsComparison/Feces_RA/preproc/SRR5091474/SRR5091474_unmatched_2.fastq,SRR5091474,c05751dbcea27bc40a766fc5dc8e185a,204439000,31,DNA,1000,204439,true,0.8512138727654737,0.9628689159264837,0.9070413943459787,0.9628689159264837,2399,463066,1066288
1337000,0.0065398480720410485,0.4946605644546148,0.006344190687686792,0.0024242981258346713,1.9930609097918273,2.0,1.5909675530832996,signatures/f688e4f928dd46c9b090e97a39a1952a.sig.gz,GCF_025152405.1 [Ruminococcus] lactaris ATCC 29176 strain=ATCC 29176 ASM2515240v1,f688e4f928dd46c9b090e97a39a1952a,0.5099160945842868,1297000,22,160031000,/nfs3_ib/nfs-ip34/home/def-ilafores/analysis/MethodsComparison/Feces_RA/preproc/SRR5091474/SRR5091474_unmatched_2.fastq,SRR5091474,c05751dbcea27bc40a766fc5dc8e185a,204439000,31,DNA,1000,204439,true,0.8502261155398555,0.9785082121526683,0.9143671638462618,0.9785082121526683,2585,465651,1066288
1380000,0.006750179760221875,0.40896,0.00625125343011852,0.0026587563585072703,2.2183098591549295,2.0,2.0187097378545396,signatures/d4fd080d293594c8d9ae0a347ac64fa4.sig.gz,"GCF_900167555.1 Gemmiger formicilis strain=ATCC 27749, IMG-taxon 2590828806 annotated assembly",d4fd080d293594c8d9ae0a347ac64fa4,0.4416,1278000,23,158753000,/nfs3_ib/nfs-ip34/home/def-ilafores/analysis/MethodsComparison/Feces_RA/preproc/SRR5091474/SRR5091474_unmatched_2.fastq,SRR5091474,c05751dbcea27bc40a766fc5dc8e185a,204439000,31,DNA,1000,204439,true,0.8510947550483743,0.973978397909531,0.9125365764789526,0.973978397909531,2835,468486,1066288
1308000,0.006397996468384212,0.3663961526901112,0.00596265878819599,0.0022357937067659017,1.955701394585726,1.0,1.957214180011416,signatures/a0e45b07597836dbbf25c50a48739743.sig.gz,"GCA_020687125.1 Oscillospiraceae bacterium CLA-AA-H269 strain=CLA-AA-H269, ASM2068712v1",a0e45b07597836dbbf25c50a48739743,0.3931469792605951,1219000,24,157534000,/nfs3_ib/nfs-ip34/home/def-ilafores/analysis/MethodsComparison/Feces_RA/preproc/SRR5091474/SRR5091474_unmatched_2.fastq,SRR5091474,c05751dbcea27bc40a766fc5dc8e185a,204439000,31,DNA,1000,204439,true,0.8496248879956689,0.9703337276343731,0.909979307815021,0.9703337276343731,2384,470870,1066288
1310000,0.006407779337601925,0.3617339312406577,0.005918635876716282,0.0021898398931620724,1.9297520661157024,1.0,2.1166457414331608,signatures/2761b9bfb8ee41b7d2e36ef75953884e.sig.gz,"GCF_001406815.1 Roseburia faecis strain=M72, M72",2761b9bfb8ee41b7d2e36ef75953884e,0.39162929745889385,1210000,25,156324000,/nfs3_ib/nfs-ip34/home/def-ilafores/analysis/MethodsComparison/Feces_RA/preproc/SRR5091474/SRR5091474_unmatched_2.fastq,SRR5091474,c05751dbcea27bc40a766fc5dc8e185a,204439000,31,DNA,1000,204439,true,0.8496667641380669,0.970212668451511,0.9099397162947889,0.970212668451511,2335,473205,1066288
1566000,0.007659986597469172,0.37218287186091437,0.005654498407838035,0.009250784028330057,8.53287197231834,8.0,4.805179485020604,signatures/b7fbb7c245964c8787ceff9b2ee964a0.sig.gz,"GCF_003324185.1 Faecalibacterium prausnitzii strain=ATCC 27768, ASM332418v1",b7fbb7c245964c8787ceff9b2ee964a0,0.5041854475209272,1156000,26,155168000,/nfs3_ib/nfs-ip34/home/def-ilafores/analysis/MethodsComparison/Feces_RA/preproc/SRR5091474/SRR5091474_unmatched_2.fastq,SRR5091474,c05751dbcea27bc40a766fc5dc8e185a,204439000,31,DNA,1000,204439,true,0.8545732427283039,0.9781515307605557,0.9163623867444298,0.9781515307605557,9864,483069,1066288
1224000,0.005987115961240272,0.318232044198895,0.005634932669402609,0.0016515237909457857,1.5286458333333333,1.0,1.4108504033656741,signatures/74059216b7cd65a7ff314267c1b83b8e.sig.gz,"GCF_005121165.3 Dysosmobacter welbionis strain=J115, ASM512116v3",74059216b7cd65a7ff314267c1b83b8e,0.33812154696132596,1152000,27,154016000,/nfs3_ib/nfs-ip34/home/def-ilafores/analysis/MethodsComparison/Feces_RA/preproc/SRR5091474/SRR5091474_unmatched_2.fastq,SRR5091474,c05751dbcea27bc40a766fc5dc8e185a,204439000,31,DNA,1000,204439,true,0.8478076757310944,0.9656256679644497,0.906716671847772,0.9656256679644497,1761,484830,1066288
1245000,0.006089836088026257,0.33664858348402654,0.005463732458092634,0.0026990831745269572,2.576544315129812,2.0,1.7929298781454452,signatures/c7f0f63b1e20051e05be14074e3f6057.sig.gz,GCF_000020605.1 Agathobacter rectalis ATCC 33656 strain=ATCC 33656 ASM2060v1,c7f0f63b1e20051e05be14074e3f6057,0.3752260397830018,1117000,28,152899000,/nfs3_ib/nfs-ip34/home/def-ilafores/analysis/MethodsComparison/Feces_RA/preproc/SRR5091474/SRR5091474_unmatched_2.fastq,SRR5091474,c05751dbcea27bc40a766fc5dc8e185a,204439000,31,DNA,1000,204439,true,0.8482730404873731,0.968874476305787,0.9085737583965801,0.968874476305787,2878,487708,1066288
1099000,0.005375686635133218,0.38976377952755903,0.005326772289044654,0.001823147217262128,1.7851239669421488,1.0,1.3638784324754138,signatures/cf96f0d6d46dca440c4395c95cbd3db9.sig.gz,"GCA_004557565.1 Bacteroidales bacterium, ASM455756v1",cf96f0d6d46dca440c4395c95cbd3db9,0.3933428775948461,1089000,29,151810000,/nfs3_ib/nfs-ip34/home/def-ilafores/analysis/MethodsComparison/Feces_RA/preproc/SRR5091474/SRR5091474_unmatched_2.fastq,SRR5091474,c05751dbcea27bc40a766fc5dc8e185a,204439000,31,DNA,1000,204439,true,0.844866697681854,0.9703493206654564,0.9076080091736551,0.9703493206654564,1944,489652,1066288
1106000,0.0054099266773952135,0.2297180043383948,0.005180029250778961,0.0012913959455606741,1.3002832861189801,1.0,1.2790569571876347,signatures/e55bfe44d199f02a0f8c1befd7e6019c.sig.gz,"GCF_014647335.1 Butyricimonas faecihominis strain=JCM 18676, ASM1464733v1",e55bfe44d199f02a0f8c1befd7e6019c,0.23991323210412147,1059000,30,150751000,/nfs3_ib/nfs-ip34/home/def-ilafores/analysis/MethodsComparison/Feces_RA/preproc/SRR5091474/SRR5091474_unmatched_2.fastq,SRR5091474,c05751dbcea27bc40a766fc5dc8e185a,204439000,31,DNA,1000,204439,true,0.8450397557591286,0.9549964307599478,0.9000180932595382,0.9549964307599478,1377,491029,1066288
1161000,0.005678955580882317,0.3496340652029275,0.00514089777390811,0.0015915024833816004,1.61465271170314,1.0,1.1270121442141843,signatures/96fbb89adb1fc083c4c3d4bfc23b5847.sig.gz,"GCA_003486385.1 Eubacterium sp., ASM348638v1",96fbb89adb1fc083c4c3d4bfc23b5847,0.38622754491017963,1051000,31,149700000,/nfs3_ib/nfs-ip34/home/def-ilafores/analysis/MethodsComparison/Feces_RA/preproc/SRR5091474/SRR5091474_unmatched_2.fastq,SRR5091474,c05751dbcea27bc40a766fc5dc8e185a,204439000,31,DNA,1000,204439,true,0.8463637370271181,0.969778078232308,0.9080709076297131,0.969778078232308,1697,492726,1066288
1409000,0.006892031363878712,0.32849020846494,0.005087091993210688,0.00273003166123974,2.7990384615384616,2.0,2.2358527538686994,signatures/1536305f1db2c6485876fc17c9a7e45f.sig.gz,"GCF_010509575.1 Faecalibacterium prausnitzii A2-165 strain=JCM 31915, ASM1050957v1",1536305f1db2c6485876fc17c9a7e45f,0.44504106127605814,1040000,32,148660000,/nfs3_ib/nfs-ip34/home/def-ilafores/analysis/MethodsComparison/Feces_RA/preproc/SRR5091474/SRR5091474_unmatched_2.fastq,SRR5091474,c05751dbcea27bc40a766fc5dc8e185a,204439000,31,DNA,1000,204439,true,0.851665914063584,0.9742223018100551,0.9129441079368196,0.9742223018100551,2911,495637,1066288
1160000,0.005674064146273461,0.2827050997782705,0.00498926330103356,0.0017931365634800355,1.8745098039215686,1.0,1.5916255271047057,signatures/48227f0b50ffcdb8b37511d627bd1277.sig.gz,"GCF_014297285.1 Dysosmobacter sp. BX15 strain=BX15, ASM1429728v1",48227f0b50ffcdb8b37511d627bd1277,0.3215077605321508,1020000,33,147640000,/nfs3_ib/nfs-ip34/home/def-ilafores/analysis/MethodsComparison/Feces_RA/preproc/SRR5091474/SRR5091474_unmatched_2.fastq,SRR5091474,c05751dbcea27bc40a766fc5dc8e185a,204439000,31,DNA,1000,204439,true,0.8463402112379992,0.9640575282123939,0.9051988697251965,0.9640575282123939,1912,497549,1066288
1019000,0.004984371866424703,0.3519031141868512,0.004974588997206991,0.0014545788755008027,1.5250737463126844,1.0,0.8789075521465739,signatures/ce22b42f3eebd9f4d4b76c6a136629f8.sig.gz,"GCF_003315195.1 Sutterella wadsworthensis strain=DSM 14016, ASM331519v1",ce22b42f3eebd9f4d4b76c6a136629f8,0.3525951557093426,1017000,34,146623000,/nfs3_ib/nfs-ip34/home/def-ilafores/analysis/MethodsComparison/Feces_RA/preproc/SRR5091474/SRR5091474_unmatched_2.fastq,SRR5091474,c05751dbcea27bc40a766fc5dc8e185a,204439000,31,DNA,1000,204439,true,0.8428093964670541,0.9669321733027277,0.9048707848848909,0.9669321733027277,1551,499100,1066288
1014000,0.004959914693380422,0.5854503464203233,0.004959914693380422,0.002924163077892652,3.0749506903353057,3.0,1.7258630598387827,signatures/210696750d5627775fd0c5e3b29283fe.sig.gz,"GCA_000434995.1 Firmicutes bacterium CAG:341, MGS341",210696750d5627775fd0c5e3b29283fe,0.5854503464203233,1014000,35,145609000,/nfs3_ib/nfs-ip34/home/def-ilafores/analysis/MethodsComparison/Feces_RA/preproc/SRR5091474/SRR5091474_unmatched_2.fastq,SRR5091474,c05751dbcea27bc40a766fc5dc8e185a,204439000,31,DNA,1000,204439,true,0.8426756763595014,0.9828781478623834,0.9127769121109424,0.9828781478623834,3118,502218,1066288
1088000,0.0053218808544357975,0.23789731051344742,0.0047593658744173074,0.0013495415872634786,1.4789311408016443,1.0,1.5175635285186122,signatures/9339949239b5932e2aee9a8671988c41.sig.gz,GCF_025566865.1 Blautia acetigignens strain=Sanger_28 ASM2556686v1,9339949239b5932e2aee9a8671988c41,0.26601466992665035,973000,36,144636000,/nfs3_ib/nfs-ip34/home/def-ilafores/analysis/MethodsComparison/Feces_RA/preproc/SRR5091474/SRR5091474_unmatched_2.fastq,SRR5091474,c05751dbcea27bc40a766fc5dc8e185a,204439000,31,DNA,1000,204439,true,0.8445925821807037,0.9581832337765366,0.9013879079786201,0.9581832337765366,1439,503657,1066288
971000,0.004749583005199595,0.5458122540753232,0.004749583005199595,0.0021776480650630976,2.3913491246138,2.0,1.4877762602152578,signatures/47cadd337e10f15764f908c2ed756177.sig.gz,"GCA_000432435.1 Eubacterium sp. CAG:180, MGS180",47cadd337e10f15764f908c2ed756177,0.5458122540753232,971000,37,143665000,/nfs3_ib/nfs-ip34/home/def-ilafores/analysis/MethodsComparison/Feces_RA/preproc/SRR5091474/SRR5091474_unmatched_2.fastq,SRR5091474,c05751dbcea27bc40a766fc5dc8e185a,204439000,31,DNA,1000,204439,true,0.8414986094284068,0.9806578863158404,0.9110782478721235,0.9806578863158404,2322,505979,1066288
991000,0.0048474116973767235,0.3667676003028009,0.004739800135981882,0.0016177618054409315,1.7801857585139318,1.0,1.2978427630213125,signatures/95dea09cff7a15ab6264955203811833.sig.gz,"GCA_900540635.1 uncultured Clostridiales bacterium, UMGS273",95dea09cff7a15ab6264955203811833,0.3750946252838758,969000,38,142696000,/nfs3_ib/nfs-ip34/home/def-ilafores/analysis/MethodsComparison/Feces_RA/preproc/SRR5091474/SRR5091474_unmatched_2.fastq,SRR5091474,c05751dbcea27bc40a766fc5dc8e185a,204439000,31,DNA,1000,204439,true,0.8420522278866874,0.9688635284329561,0.9054578781598217,0.9688635284329561,1725,507704,1066288
1073000,0.005248509335302951,0.2810615199034982,0.004558817055454194,0.0013776765751841904,1.5761802575107295,1.0,1.3591176771019842,signatures/2023c0f479da06b35c0c857a2d652a0d.sig.gz,"GCF_003480435.1 Clostridium sp. AM30-24 strain=AM30-24, ASM348043v1",2023c0f479da06b35c0c857a2d652a0d,0.3235826296743064,932000,39,141764000,/nfs3_ib/nfs-ip34/home/def-ilafores/analysis/MethodsComparison/Feces_RA/preproc/SRR5091474/SRR5091474_unmatched_2.fastq,SRR5091474,c05751dbcea27bc40a766fc5dc8e185a,204439000,31,DNA,1000,204439,true,0.8442144341955499,0.9642576009664608,0.9042360175810054,0.9642576009664608,1469,509173,1066288
1051000,0.00514089777390811,0.24271844660194175,0.004157719417527967,0.0012670122893627238,1.5894117647058823,1.0,1.2154421639795283,signatures/2c4be6d3f461c9f71df87a5d7ae22e2f.sig.gz,"GCF_000225345.1 Roseburia hominis A2-183 strain=A2-183, ASM22534v1",2c4be6d3f461c9f71df87a5d7ae22e2f,0.3001142204454597,850000,40,140914000,/nfs3_ib/nfs-ip34/home/def-ilafores/analysis/MethodsComparison/Feces_RA/preproc/SRR5091474/SRR5091474_unmatched_2.fastq,SRR5091474,c05751dbcea27bc40a766fc5dc8e185a,204439000,31,DNA,1000,204439,true,0.8436504594325626,0.9619184983390539,0.9027844788858082,0.9619184983390539,1351,510524,1066288
845000,0.0041332622444836846,0.37082601054481545,0.004128370809874828,0.0014658328706690874,1.8518957345971565,1.0,1.9834884078335937,signatures/ff61f642ff8eb1078e1d7af9c3361959.sig.gz,"GCA_000433635.1 Ruminococcus sp. CAG:254, MGS254",ff61f642ff8eb1078e1d7af9c3361959,0.37126537785588754,844000,41,140070000,/nfs3_ib/nfs-ip34/home/def-ilafores/analysis/MethodsComparison/Feces_RA/preproc/SRR5091474/SRR5091474_unmatched_2.fastq,SRR5091474,c05751dbcea27bc40a766fc5dc8e185a,204439000,31,DNA,1000,204439,true,0.8377341593567159,0.9685428808899447,0.9031385201233303,0.9685428808899447,1563,512087,1066288
832000,0.004069673594568551,0.3272942103190232,0.004064782159959694,0.0011010158606305238,1.4127557160048134,1.0,0.7337692524060899,signatures/84af8d4639db5eed1b8a08ff39087ae6.sig.gz,"GCF_001042595.1 Bifidobacterium dentium JCM 1195 = DSM 20436 strain=JCM 1195, ASM104259v1",84af8d4639db5eed1b8a08ff39087ae6,0.32768806616778257,831000,42,139239000,/nfs3_ib/nfs-ip34/home/def-ilafores/analysis/MethodsComparison/Feces_RA/preproc/SRR5091474/SRR5091474_unmatched_2.fastq,SRR5091474,c05751dbcea27bc40a766fc5dc8e185a,204439000,31,DNA,1000,204439,true,0.8373152838972991,0.9646498421970998,0.9009825630471995,0.9646498421970998,1174,513261,1066288
769000,0.0037615132142105956,0.4491822429906542,0.0037615132142105956,0.001220120642828204,1.6918075422626788,1.0,0.9822603292291945,signatures/722eab819298426e9017040f67c417bc.sig.gz,"GCA_003525075.1 Clostridiales bacterium, ASM352507v1",722eab819298426e9017040f67c417bc,0.4491822429906542,769000,43,138470000,/nfs3_ib/nfs-ip34/home/def-ilafores/analysis/MethodsComparison/Feces_RA/preproc/SRR5091474/SRR5091474_unmatched_2.fastq,SRR5091474,c05751dbcea27bc40a766fc5dc8e185a,204439000,31,DNA,1000,204439,true,0.8351911621627672,0.9745134222227676,0.9048522921927674,0.9745134222227676,1301,514562,1066288
970000,0.004744691570590738,0.20152993932999208,0.0037370560411663137,0.0010447458847891002,1.4581151832460733,1.0,1.2436538833201207,signatures/0c12e5258167a95b3340bc8d07d5f489.sig.gz,GCF_027667425.1 Fusicatenibacter saccharivorans strain=AM67-22ACA ASM2766742v1,0c12e5258167a95b3340bc8d07d5f489,0.25586916380902136,764000,44,137706000,/nfs3_ib/nfs-ip34/home/def-ilafores/analysis/MethodsComparison/Feces_RA/preproc/SRR5091474/SRR5091474_unmatched_2.fastq,SRR5091474,c05751dbcea27bc40a766fc5dc8e185a,204439000,31,DNA,1000,204439,true,0.8414706396523048,0.9569820786259401,0.8992263591391225,0.9569820786259401,1114,515676,1066288
781000,0.003820210429516873,0.28145941921072226,0.0036979245642954624,0.0011263373497591646,1.5886243386243386,1.0,0.9657235199991702,signatures/9d84e0b2eb5d90f664b654f13a2aef29.sig.gz,"GCF_018918345.1 Butyricicoccus sp. MSJd-7 strain=MSJd-7, ASM1891834v1",9d84e0b2eb5d90f664b654f13a2aef29,0.2907669396872673,756000,45,136950000,/nfs3_ib/nfs-ip34/home/def-ilafores/analysis/MethodsComparison/Feces_RA/preproc/SRR5091474/SRR5091474_unmatched_2.fastq,SRR5091474,c05751dbcea27bc40a766fc5dc8e185a,204439000,31,DNA,1000,204439,true,0.8356084357391879,0.960937188089648,0.8982728119144179,0.960937188089648,1201,516877,1066288
712000,0.0034827014415057794,0.326156665139716,0.0034827014415057794,0.001238877301442012,1.8553370786516854,1.0,1.5962120360109022,signatures/dbd15eddd1d077ef23fe41235986f0cd.sig.gz,"GCF_000785515.1 Streptococcus salivarius strain=NCTC 8618, ASM78551v1",dbd15eddd1d077ef23fe41235986f0cd,0.326156665139716,712000,46,136238000,/nfs3_ib/nfs-ip34/home/def-ilafores/analysis/MethodsComparison/Feces_RA/preproc/SRR5091474/SRR5091474_unmatched_2.fastq,SRR5091474,c05751dbcea27bc40a766fc5dc8e185a,204439000,31,DNA,1000,204439,true,0.8331188784209206,0.9645040882624734,0.8988114833416969,0.9645040882624734,1321,518198,1066288
704000,0.003443569964634928,0.35359116022099446,0.003443569964634928,0.0010034812358387228,1.5198863636363635,1.0,0.8340427206169053,signatures/daa715deb12bfd8948028381c59ef9e8.sig.gz,"GCA_934481385.1 uncultured Oscillospiraceae bacterium, ERR7738566_bin.71",daa715deb12bfd8948028381c59ef9e8,0.35359116022099446,704000,47,135534000,/nfs3_ib/nfs-ip34/home/def-ilafores/analysis/MethodsComparison/Feces_RA/preproc/SRR5091474/SRR5091474_unmatched_2.fastq,SRR5091474,c05751dbcea27bc40a766fc5dc8e185a,204439000,31,DNA,1000,204439,true,0.8328152604428063,0.9670201618946639,0.8999177111687351,0.9670201618946639,1070,519268,1066288
698000,0.003414221356981789,0.3718700053276505,0.003414221356981789,0.00211199975991477,3.226361031518625,3.0,1.8090171138955091,signatures/f1b237f486ef95bbf840cd4739d9d266.sig.gz,"GCA_019117495.1 Candidatus Fusicatenibacter intestinipullorum, ASM1911749v1",f1b237f486ef95bbf840cd4739d9d266,0.3718700053276505,698000,48,134836000,/nfs3_ib/nfs-ip34/home/def-ilafores/analysis/MethodsComparison/Feces_RA/preproc/SRR5091474/SRR5091474_unmatched_2.fastq,SRR5091474,c05751dbcea27bc40a766fc5dc8e185a,204439000,31,DNA,1000,204439,true,0.832585347769896,0.9685937224168569,0.9005895350933765,0.9685937224168569,2252,521520,1066288
1469000,0.007185517440410098,0.12034782608695652,0.0033848727493286505,0.0014920921927284185,2.2991329479768785,1.0,5.8961483802741235,signatures/c08f8e47dd318b08d89c36c36e6da9e1.sig.gz,"GCF_000210075.1 Bacteroides xylanisolvens XB1A strain=XB1A, ASM21007v1",c08f8e47dd318b08d89c36c36e6da9e1,0.2554782608695652,692000,49,134144000,/nfs3_ib/nfs-ip34/home/def-ilafores/analysis/MethodsComparison/Feces_RA/preproc/SRR5091474/SRR5091474_unmatched_2.fastq,SRR5091474,c05751dbcea27bc40a766fc5dc8e185a,204439000,31,DNA,1000,204439,true,0.8528123587406491,0.9569348816313181,0.9048736201859836,0.9569348816313181,1591,523111,1066288
692000,0.0033848727493286505,0.387241186345831,0.0033848727493286505,0.001265136623501343,1.949421965317919,2.0,1.0746889379140134,signatures/f3a1af2892e627c41441543c08d3d244.sig.gz,"GCA_905187815.1 uncultured Methanomassiliicoccaceae bacterium, ERR321628-mag-bin.21",f3a1af2892e627c41441543c08d3d244,0.387241186345831,692000,50,133452000,/nfs3_ib/nfs-ip34/home/def-ilafores/analysis/MethodsComparison/Feces_RA/preproc/SRR5091474/SRR5091474_unmatched_2.fastq,SRR5091474,c05751dbcea27bc40a766fc5dc8e185a,204439000,31,DNA,1000,204439,true,0.832353514510346,0.969860075780538,0.901106795145442,0.969860075780538,1349,524460,1066288
899000,0.004397399713361932,0.22909698996655517,0.0033506327070666557,0.001032554056690125,1.6072992700729927,1.0,1.4241727031998659,signatures/dfa3dbf060ad74d93551cac84a908cf9.sig.gz,GCA_025758045.1 Oscillospiraceae bacterium ASM2575804v1,dfa3dbf060ad74d93551cac84a908cf9,0.30066889632107024,685000,51,132767000,/nfs3_ib/nfs-ip34/home/def-ilafores/analysis/MethodsComparison/Feces_RA/preproc/SRR5091474/SRR5091474_unmatched_2.fastq,SRR5091474,c05751dbcea27bc40a766fc5dc8e185a,204439000,31,DNA,1000,204439,true,0.8394098530859606,0.9619757965674517,0.9006928248267061,0.9619757965674517,1101,525561,1066288
680000,0.0033261755340223734,0.34587995930824006,0.0033261755340223734,0.0011366535119967588,1.7823529411764707,1.0,1.8793726406679834,signatures/36fd5055189faf424e1780434bc41601.sig.gz,"GCF_001435955.1 Lactobacillus salivarius DSM 20555 = ATCC 11741 strain=DSM 20555, ASM143595v1",36fd5055189faf424e1780434bc41601,0.34587995930824006,680000,52,132087000,/nfs3_ib/nfs-ip34/home/def-ilafores/analysis/MethodsComparison/Feces_RA/preproc/SRR5091474/SRR5091474_unmatched_2.fastq,SRR5091474,c05751dbcea27bc40a766fc5dc8e185a,204439000,31,DNA,1000,204439,true,0.8318839537476078,0.9663325882609874,0.8991082710042977,0.9663325882609874,1212,526773,1066288
1052000,0.005145789208516966,0.16399416909620992,0.003301718360978091,0.0009265789355221104,1.4637037037037037,1.0,1.3310317583882567,signatures/06f53d8a347ef84d19961ba77261cd81.sig.gz,GCA_003471165.1 Ruminococcus sp. AM22-13 strain=AM22-13 ASM347116v1,06f53d8a347ef84d19961ba77261cd81,0.2555879494655005,675000,53,131412000,/nfs3_ib/nfs-ip34/home/def-ilafores/analysis/MethodsComparison/Feces_RA/preproc/SRR5091474/SRR5091474_unmatched_2.fastq,SRR5091474,c05751dbcea27bc40a766fc5dc8e185a,204439000,31,DNA,1000,204439,true,0.8436763414586687,0.9569481323065611,0.9003122368826149,0.9569481323065611,988,527761,1066288
734000,0.0035903130029006206,0.18374164810690424,0.003228346841845245,0.0008515523010668788,1.3757575757575757,1.0,1.2460921467532742,signatures/b3b322c4f9b285ce8bc5b4d266f94fe4.sig.gz,"GCA_001414325.1 Lachnospiraceae bacterium TF01-11 strain=TF01-11, ASM141432v1",b3b322c4f9b285ce8bc5b4d266f94fe4,0.20434298440979956,660000,54,130752000,/nfs3_ib/nfs-ip34/home/def-ilafores/analysis/MethodsComparison/Feces_RA/preproc/SRR5091474/SRR5091474_unmatched_2.fastq,SRR5091474,c05751dbcea27bc40a766fc5dc8e185a,204439000,31,DNA,1000,204439,true,0.8339371102289852,0.9500654825453053,0.8920012963871453,0.9500654825453053,908,528669,1066288
2115000,0.010345384197731353,0.17081477600209588,0.003189215364974393,0.06258534279669282,102.35276073619632,115.0,62.018882749786066,signatures/55d86bef1a7f2b0d2b701b4104aeed2b.sig.gz,GCA_026015625.1 Segatella copri strain=H019-1 ASM2601562v1,55d86bef1a7f2b0d2b701b4104aeed2b,0.5541000785957558,652000,55,130100000,/nfs3_ib/nfs-ip34/home/def-ilafores/analysis/MethodsComparison/Feces_RA/preproc/SRR5091474/SRR5091474_unmatched_2.fastq,SRR5091474,c05751dbcea27bc40a766fc5dc8e185a,204439000,31,DNA,1000,204439,true,0.86289821083507,0.9811347366481539,0.9220164737416119,0.9811347366481539,66734,595403,1066288
642000,0.003140301018885829,0.2292560801144492,0.0031354095842769727,0.0008224794802154765,1.3681747269890796,1.0,0.7910485590813079,signatures/59bfa4ed192c2f53322a3feb7d755c9c.sig.gz,GCF_900540255.1 uncultured Clostridium sp. UMGS222,59bfa4ed192c2f53322a3feb7d755c9c,0.2296137339055794,641000,56,129459000,/nfs3_ib/nfs-ip34/home/def-ilafores/analysis/MethodsComparison/Feces_RA/preproc/SRR5091474/SRR5091474_unmatched_2.fastq,SRR5091474,c05751dbcea27bc40a766fc5dc8e185a,204439000,31,DNA,1000,204439,true,0.8303422529360236,0.9536456404847259,0.8919939467103748,0.9536456404847259,877,596280,1066288
628000,0.003071820934361839,0.21033210332103322,0.0030669294997529824,0.0007671473373047432,1.3046251993620415,1.0,0.5934471875985765,signatures/a5ad7c2533187a7fdaf238ebeb236ee8.sig.gz,GCF_951793255.1 Desulfovibrio piger DSM32187,a5ad7c2533187a7fdaf238ebeb236ee8,0.21066756122106675,627000,57,128832000,/nfs3_ib/nfs-ip34/home/def-ilafores/analysis/MethodsComparison/Feces_RA/preproc/SRR5091474/SRR5091474_unmatched_2.fastq,SRR5091474,c05751dbcea27bc40a766fc5dc8e185a,204439000,31,DNA,1000,204439,true,0.8297518983859192,0.9510001160321084,0.8903760072090139,0.9510001160321084,818,597098,1066288
647000,0.0031647581919301113,0.2518518518518518,0.002993557980620136,0.0007455771798988641,1.2990196078431373,1.0,0.5944726500367162,signatures/4a7e38e0e3592b1aa463e455740ac3a1.sig.gz,"GCA_004000625.1 Candidatus Cibiobacter qucibialis, ASM400062v1",4a7e38e0e3592b1aa463e455740ac3a1,0.26625514403292183,612000,58,128220000,/nfs3_ib/nfs-ip34/home/def-ilafores/analysis/MethodsComparison/Feces_RA/preproc/SRR5091474/SRR5091474_unmatched_2.fastq,SRR5091474,c05751dbcea27bc40a766fc5dc8e185a,204439000,31,DNA,1000,204439,true,0.8305500785388993,0.9582111630546218,0.8943806207967606,0.9582111630546218,795,597893,1066288
602000,0.0029446436345315716,0.16421291053227632,0.0028370320731367304,0.0007399501823147218,1.360344827586207,1.0,1.5107020125587673,signatures/63a22fd5a0dd13e0f57deb0d065dc702.sig.gz,"GCF_000320405.1 Clostridium celatum DSM 1785 strain=DSM 1785, ASM32040v1",63a22fd5a0dd13e0f57deb0d065dc702,0.17044167610419025,580000,59,127640000,/nfs3_ib/nfs-ip34/home/def-ilafores/analysis/MethodsComparison/Feces_RA/preproc/SRR5091474/SRR5091474_unmatched_2.fastq,SRR5091474,c05751dbcea27bc40a766fc5dc8e185a,204439000,31,DNA,1000,204439,true,0.8286209225037732,0.9445220965874372,0.8865715095456053,0.9445220965874372,789,598682,1066288
636000,0.0031109524112326904,0.17256362507759157,0.002719637642524176,0.0006471047221763726,1.2410071942446044,1.0,0.5716709006528832,signatures/d857a1209d50af1cfcfc6c682397f261.sig.gz,"GCF_000173975.1 Anaerobutyricum hallii DSM 3353 strain=DSM 3353, ASM17397v1",d857a1209d50af1cfcfc6c682397f261,0.1973929236499069,556000,60,127084000,/nfs3_ib/nfs-ip34/home/def-ilafores/analysis/MethodsComparison/Feces_RA/preproc/SRR5091474/SRR5091474_unmatched_2.fastq,SRR5091474,c05751dbcea27bc40a766fc5dc8e185a,204439000,31,DNA,1000,204439,true,0.8300907846300262,0.9490055682322538,0.8895481764311399,0.9490055682322538,690,599372,1066288
570000,0.002788117727048166,0.1906561319134318,0.0027147462079153196,0.0006846180394039884,1.3153153153153154,1.0,0.6789231269355639,signatures/c6bad6b80328a581c7aeb7d96b867f9b.sig.gz,"GCF_000154445.1 Intestinibacter bartlettii DSM 16795 strain=DSM 16795, ASM15444v1",c6bad6b80328a581c7aeb7d96b867f9b,0.19580900034352455,555000,61,126529000,/nfs3_ib/nfs-ip34/home/def-ilafores/analysis/MethodsComparison/Feces_RA/preproc/SRR5091474/SRR5091474_unmatched_2.fastq,SRR5091474,c05751dbcea27bc40a766fc5dc8e185a,204439000,31,DNA,1000,204439,true,0.8271622023981579,0.9487589634505214,0.8879605829243395,0.9487589634505214,730,600102,1066288
668000,0.0032674783187160964,0.1631374888159857,0.0026756147310444682,0.0007521420104136968,1.4661791590493602,1.0,1.654932417384603,signatures/7ce01a2b906489a12149e88195eade6e.sig.gz,"GCF_020687205.1 Hominisplanchenecus faecis strain=CLA-AA-H246, ASM2068720v1",7ce01a2b906489a12149e88195eade6e,0.19922457500745602,547000,62,125982000,/nfs3_ib/nfs-ip34/home/def-ilafores/analysis/MethodsComparison/Feces_RA/preproc/SRR5091474/SRR5091474_unmatched_2.fastq,SRR5091474,c05751dbcea27bc40a766fc5dc8e185a,204439000,31,DNA,1000,204439,true,0.8314063044268127,0.9492883658790952,0.890347335152954,0.9492883658790952,802,600904,1066288
699000,0.0034191127915906457,0.17597402597402598,0.002651157558000186,0.000849676635205498,1.6715867158671587,1.0,1.4739699858657662,signatures/1a61bc75384814965146b3c8fd1a27a5.sig.gz,GCF_025150245.1 Dorea formicigenerans strain=ATCC 27755 ASM2515024v1,1a61bc75384814965146b3c8fd1a27a5,0.22694805194805195,542000,63,125440000,/nfs3_ib/nfs-ip34/home/def-ilafores/analysis/MethodsComparison/Feces_RA/preproc/SRR5091474/SRR5091474_unmatched_2.fastq,SRR5091474,c05751dbcea27bc40a766fc5dc8e185a,204439000,31,DNA,1000,204439,true,0.8326237990463856,0.9532864810787721,0.8929551400625788,0.9532864810787721,906,601810,1066288
541000,0.0026462661233913293,0.3534426229508197,0.0026364832541736164,0.0008271686448689284,1.6363636363636365,1.0,0.857929587787727,signatures/40585cc0c603ed3401284859917b3ea5.sig.gz,"GCA_900552135.1 uncultured Clostridium sp., UMGS1476",40585cc0c603ed3401284859917b3ea5,0.35475409836065575,539000,64,124901000,/nfs3_ib/nfs-ip34/home/def-ilafores/analysis/MethodsComparison/Feces_RA/preproc/SRR5091474/SRR5091474_unmatched_2.fastq,SRR5091474,c05751dbcea27bc40a766fc5dc8e185a,204439000,31,DNA,1000,204439,true,0.8257700849731074,0.9671225946474681,0.8964463398102878,0.9671225946474681,882,602692,1066288
677000,0.003311501230195804,0.12925006028454306,0.0026218089503470474,0.0007784013324730279,1.5485074626865671,1.0,1.8216867316999847,signatures/9216287e15b5df82656d9407b3ab0a7c.sig.gz,GCF_025146565.1 Bacteroides eggerthii strain=DSM 20697 ASM2514656v1,9216287e15b5df82656d9407b3ab0a7c,0.1632505425608874,536000,65,124365000,/nfs3_ib/nfs-ip34/home/def-ilafores/analysis/MethodsComparison/Feces_RA/preproc/SRR5091474/SRR5091474_unmatched_2.fastq,SRR5091474,c05751dbcea27bc40a766fc5dc8e185a,204439000,31,DNA,1000,204439,true,0.8317653107277585,0.9432096035042167,0.8874874571159876,0.9432096035042167,830,603522,1066288
556000,0.002719637642524176,0.20529547198772063,0.0026169175157381907,0.0006743018771663941,1.3439252336448597,1.0,0.7034198929600014,signatures/7210cf649ef9f8e195811dbdfaede100.sig.gz,"GCA_000436475.1 Eubacterium sp. CAG:248, MGS248",7210cf649ef9f8e195811dbdfaede100,0.21335379892555642,535000,66,123830000,/nfs3_ib/nfs-ip34/home/def-ilafores/analysis/MethodsComparison/Feces_RA/preproc/SRR5091474/SRR5091474_unmatched_2.fastq,SRR5091474,c05751dbcea27bc40a766fc5dc8e185a,204439000,31,DNA,1000,204439,true,0.8264989225151496,0.9513888926560802,0.8889439075856149,0.9513888926560802,719,604241,1066288
568000,0.0027783348578304533,0.20037950664136622,0.002582677473476196,0.0006274102306318743,1.2670454545454546,1.0,0.7089078653606885,signatures/dbad8d6c6fde1592b0a50565f9a19845.sig.gz,"GCF_003460505.1 Eubacterium sp. AF36-5BH strain=AF36-5BH, ASM346050v1",dbad8d6c6fde1592b0a50565f9a19845,0.21555977229601517,528000,67,123302000,/nfs3_ib/nfs-ip34/home/def-ilafores/analysis/MethodsComparison/Feces_RA/preproc/SRR5091474/SRR5091474_unmatched_2.fastq,SRR5091474,c05751dbcea27bc40a766fc5dc8e185a,204439000,31,DNA,1000,204439,true,0.8270684197390782,0.951704634936563,0.8893865273378205,0.951704634936563,669,604910,1066288
607000,0.002969100807575854,0.14363438520130578,0.002582677473476196,0.0006217832330477319,1.2556818181818181,1.0,0.8124072843900568,signatures/a6edb8082fd7164fb0ee7ab7745fcb67.sig.gz,"GCF_000577815.1 Clostridium saudiense strain=JCC, JCC",a6edb8082fd7164fb0ee7ab7745fcb67,0.16512513601741022,528000,68,122774000,/nfs3_ib/nfs-ip34/home/def-ilafores/analysis/MethodsComparison/Feces_RA/preproc/SRR5091474/SRR5091474_unmatched_2.fastq,SRR5091474,c05751dbcea27bc40a766fc5dc8e185a,204439000,31,DNA,1000,204439,true,0.8288420426517153,0.9435570575126062,0.8861995500821608,0.9435570575126062,663,605573,1066288
525000,0.0025680031696496265,0.17920656634746923,0.0025631117350407703,0.000648042555107063,1.3187022900763359,1.0,1.1945939914877246,signatures/2b411407f9ab72e2f08fa78b76246498.sig.gz,"GCF_013046825.1 Turicibacter sanguinis strain=MOL361, ASM1304682v1",2b411407f9ab72e2f08fa78b76246498,0.1795485636114911,524000,69,122250000,/nfs3_ib/nfs-ip34/home/def-ilafores/analysis/MethodsComparison/Feces_RA/preproc/SRR5091474/SRR5091474_unmatched_2.fastq,SRR5091474,c05751dbcea27bc40a766fc5dc8e185a,204439000,31,DNA,1000,204439,true,0.8249707799011087,0.9461093898493922,0.8855400848752504,0.9461093898493922,691,606264,1066288
583000,0.0028517063769632994,0.12420225822287678,0.0024750659120813543,0.000572078087721141,1.2055335968379446,1.0,0.527175533705478,signatures/a99098ed1af6e51a53d2d903025a5def.sig.gz,"GCF_019734195.1 Clostridium sp. K13 strain=K13, ASM1973419v1",a99098ed1af6e51a53d2d903025a5def,0.14310260186548845,506000,70,121744000,/nfs3_ib/nfs-ip34/home/def-ilafores/analysis/MethodsComparison/Feces_RA/preproc/SRR5091474/SRR5091474_unmatched_2.fastq,SRR5091474,c05751dbcea27bc40a766fc5dc8e185a,204439000,31,DNA,1000,204439,true,0.8277641371318448,0.9392102499612391,0.883487193546542,0.9392102499612391,610,606874,1066288
554000,0.002709854773306463,0.1627831715210356,0.0024603916082547852,0.0006114670708101376,1.2962226640159045,1.0,1.08748786978142,signatures/86d52276513917f0f99c524dcf5033f6.sig.gz,"GCF_014384985.1 Jutongia huaianensis strain=NSJ-37, ASM1438498v1",86d52276513917f0f99c524dcf5033f6,0.17928802588996764,503000,71,121241000,/nfs3_ib/nfs-ip34/home/def-ilafores/analysis/MethodsComparison/Feces_RA/preproc/SRR5091474/SRR5091474_unmatched_2.fastq,SRR5091474,c05751dbcea27bc40a766fc5dc8e185a,204439000,31,DNA,1000,204439,true,0.8264028513985692,0.9460650725334566,0.8862339619660129,0.9460650725334566,652,607526,1066288
537000,0.0026267003849559036,0.17618040873854826,0.0024457173044282157,0.0006020887415032337,1.284,1.0,0.8290621207123146,signatures/626721b74388407d32907567679c1ac3.sig.gz,"GCF_003024685.1 Faecalibacillus intestinalis strain=SNUG30099, ASM302468v1",626721b74388407d32907567679c1ac3,0.18921775898520085,500000,72,120741000,/nfs3_ib/nfs-ip34/home/def-ilafores/analysis/MethodsComparison/Feces_RA/preproc/SRR5091474/SRR5091474_unmatched_2.fastq,SRR5091474,c05751dbcea27bc40a766fc5dc8e185a,204439000,31,DNA,1000,204439,true,0.8255724250196772,0.947711586298679,0.8866420056591782,0.947711586298679,642,608168,1066288
781000,0.003820210429516873,0.1891271056661562,0.002416368696775077,0.0008346713083144516,1.8016194331983806,1.0,2.0214230689269286,signatures/5738d7e42dd0c6cc15d94495876c467c.sig.gz,"GCF_003287495.1 Faecalibacterium prausnitzii strain=APC923/61-1, ASM328749v1",5738d7e42dd0c6cc15d94495876c467c,0.29900459418070446,494000,73,120247000,/nfs3_ib/nfs-ip34/home/def-ilafores/analysis/MethodsComparison/Feces_RA/preproc/SRR5091474/SRR5091474_unmatched_2.fastq,SRR5091474,c05751dbcea27bc40a766fc5dc8e185a,204439000,31,DNA,1000,204439,true,0.8356084357391879,0.9618035652980386,0.8987060005186132,0.9618035652980386,890,609058,1066288
753000,0.003683250260468893,0.11969397828232971,0.002372345785295369,0.000714628693186081,1.5711340206185567,1.0,2.0096652418003185,signatures/2297ea50ecdd1c8050ea75a720bbf9de.sig.gz,"GCF_000174195.1 Roseburia inulinivorans DSM 16841 strain=DSM 16841, ASM17419v1",2297ea50ecdd1c8050ea75a720bbf9de,0.18583415597235933,485000,74,119762000,/nfs3_ib/nfs-ip34/home/def-ilafores/analysis/MethodsComparison/Feces_RA/preproc/SRR5091474/SRR5091474_unmatched_2.fastq,SRR5091474,c05751dbcea27bc40a766fc5dc8e185a,204439000,31,DNA,1000,204439,true,0.8346248860405137,0.9471601213623658,0.8908925037014397,0.9471601213623658,762,609820,1066288
486000,0.002377237219904226,0.16574585635359115,0.0023478886122510873,0.0005711402547904506,1.26875,1.0,0.8712195116616707,signatures/68febb7358a4837cbde8eb55523b5d94.sig.gz,"GCF_900106845.1 Romboutsia timonensis strain=Marseille-P326, PRJEB14233",68febb7358a4837cbde8eb55523b5d94,0.16781767955801105,480000,75,119282000,/nfs3_ib/nfs-ip34/home/def-ilafores/analysis/MethodsComparison/Feces_RA/preproc/SRR5091474/SRR5091474_unmatched_2.fastq,SRR5091474,c05751dbcea27bc40a766fc5dc8e185a,204439000,31,DNA,1000,204439,true,0.8229191675796834,0.944049496384796,0.8834843319822396,0.944049496384796,609,610429,1066288
666000,0.0032576954494983835,0.1402291917973462,0.0022745170931182408,0.0006264723977011839,1.4365591397849462,1.0,1.2787582136913644,signatures/fc95d81881dbf484815547131bbb9759.sig.gz,"GCA_003480725.1 Clostridiaceae bacterium AM27-36LB strain=AM27-36LB, ASM348072v1",fc95d81881dbf484815547131bbb9759,0.2008443908323281,465000,76,118817000,/nfs3_ib/nfs-ip34/home/def-ilafores/analysis/MethodsComparison/Feces_RA/preproc/SRR5091474/SRR5091474_unmatched_2.fastq,SRR5091474,c05751dbcea27bc40a766fc5dc8e185a,204439000,31,DNA,1000,204439,true,0.8313258897903217,0.9495363685345877,0.8904311291624547,0.9495363685345877,668,611097,1066288
726000,0.0035511815260297693,0.15421357898328217,0.002210928443203107,0.0007014990321564155,1.654867256637168,1.0,1.5257083746005007,signatures/5e84b8efe1510d6c4284a6a7850c9bc5.sig.gz,GCA_025757985.1 Oscillospiraceae bacterium ASM2575798v1,5e84b8efe1510d6c4284a6a7850c9bc5,0.24769703172978505,452000,77,118365000,/nfs3_ib/nfs-ip34/home/def-ilafores/analysis/MethodsComparison/Feces_RA/preproc/SRR5091474/SRR5091474_unmatched_2.fastq,SRR5091474,c05751dbcea27bc40a766fc5dc8e185a,204439000,31,DNA,1000,204439,true,0.8336423517430356,0.9559805538615287,0.8948114528022821,0.9559805538615287,748,611845,1066288
633000,0.003096278107406121,0.09674639086403793,0.0021962541393765376,0.0008928169500172561,2.1202672605790647,1.0,19.939412994731097,signatures/d4b0f7a75de0de86779fc9973ed01479.sig.gz,GCF_025148635.1 Butyricimonas virosa strain=DSM 23226 ASM2514863v1,d4b0f7a75de0de86779fc9973ed01479,0.1363930187459599,449000,78,117916000,/nfs3_ib/nfs-ip34/home/def-ilafores/analysis/MethodsComparison/Feces_RA/preproc/SRR5091474/SRR5091474_unmatched_2.fastq,SRR5091474,c05751dbcea27bc40a766fc5dc8e185a,204439000,31,DNA,1000,204439,true,0.829964188270515,0.93775646969652,0.8838603289835175,0.93775646969652,952,612797,1066288
460000,0.0022500599200739584,0.16117348786671495,0.002176688400941112,0.0005233107753252405,1.253932584269663,1.0,0.7618806093285551,signatures/8317326ae5ef3674e3dda660148cf06f.sig.gz,"GCF_024499055.1 Turicibacter bilis strain=MMM721, ASM2449905v1",8317326ae5ef3674e3dda660148cf06f,0.16660630206446939,445000,79,117471000,/nfs3_ib/nfs-ip34/home/def-ilafores/analysis/MethodsComparison/Feces_RA/preproc/SRR5091474/SRR5091474_unmatched_2.fastq,SRR5091474,c05751dbcea27bc40a766fc5dc8e185a,204439000,31,DNA,1000,204439,true,0.821460917528524,0.9438289010579856,0.8826449092932548,0.9438289010579856,558,613355,1066288
1337000,0.0065398480720410485,0.09865878608774721,0.0021228826202436915,0.001189172156115421,2.921658986175115,2.0,3.0394246687307938,signatures/6bae471e5a4f273d83204d975d3e2077.sig.gz,"GCA_019417795.1 Clostridiales bacterium, ASM1941779v1",6bae471e5a4f273d83204d975d3e2077,0.30393271197999544,434000,80,117037000,/nfs3_ib/nfs-ip34/home/def-ilafores/analysis/MethodsComparison/Feces_RA/preproc/SRR5091474/SRR5091474_unmatched_2.fastq,SRR5091474,c05751dbcea27bc40a766fc5dc8e185a,204439000,31,DNA,1000,204439,true,0.8502261155398555,0.9623108920859657,0.9062685038129106,0.9623108920859657,1268,614623,1066288
453000,0.0022158198778119633,0.1866840731070496,0.002098425447199409,0.0004951757874045286,1.2307692307692308,1.0,0.47832713092763146,signatures/abf22064a79abd2d037eeb2bae4fa9e9.sig.gz,"GCA_900557165.1 uncultured Clostridium sp., UMGS2014",abf22064a79abd2d037eeb2bae4fa9e9,0.19712793733681463,429000,81,116608000,/nfs3_ib/nfs-ip34/home/def-ilafores/analysis/MethodsComparison/Feces_RA/preproc/SRR5091474/SRR5091474_unmatched_2.fastq,SRR5091474,c05751dbcea27bc40a766fc5dc8e185a,204439000,31,DNA,1000,204439,true,0.8210546766981345,0.9489644455732543,0.8850095611356944,0.9489644455732543,528,615151,1066288
661000,0.003233238276454101,0.10975609756097561,0.0020250539280665626,0.0005129946130876461,1.321256038647343,1.0,1.0147141465351266,signatures/47a8a8805c519f2455918c9990c029e5.sig.gz,"GCF_003481985.1 Clostridium sp. OF09-36 strain=OF09-36, ASM348198v1",47a8a8805c519f2455918c9990c029e5,0.1752386002120891,414000,82,116194000,/nfs3_ib/nfs-ip34/home/def-ilafores/analysis/MethodsComparison/Feces_RA/preproc/SRR5091474/SRR5091474_unmatched_2.fastq,SRR5091474,c05751dbcea27bc40a766fc5dc8e185a,204439000,31,DNA,1000,204439,true,0.8311238262495658,0.9453681367574114,0.8882459815034887,0.9453681367574114,547,615698,1066288
420000,0.002054402535719701,0.114159046827376,0.0020152710588488497,0.00043046531518689134,1.1140776699029127,1.0,0.3991445631809365,signatures/aa9e1cae8cdb9ffad29d5e57edbea378.sig.gz,"GCF_900048895.1 Neglecta timonensis strain=SN17, PRJEB12697",aa9e1cae8cdb9ffad29d5e57edbea378,0.11637572734829593,412000,83,115782000,/nfs3_ib/nfs-ip34/home/def-ilafores/analysis/MethodsComparison/Feces_RA/preproc/SRR5091474/SRR5091474_unmatched_2.fastq,SRR5091474,c05751dbcea27bc40a766fc5dc8e185a,204439000,31,DNA,1000,204439,true,0.8190538137353892,0.9329675300225256,0.8760106718789574,0.9329675300225256,459,616157,1066288
411000,0.0020103796242399935,0.2196036422067488,0.002005488189631137,0.0005298756058400733,1.3780487804878048,1.0,0.702612614052254,signatures/1cdc657d4ab1ecaed4f941cb864ad272.sig.gz,"GCA_900756875.1 Pasteurellaceae bacterium, ERS537260_13",1cdc657d4ab1ecaed4f941cb864ad272,0.22013926084627744,410000,84,115372000,/nfs3_ib/nfs-ip34/home/def-ilafores/analysis/MethodsComparison/Feces_RA/preproc/SRR5091474/SRR5091474_unmatched_2.fastq,SRR5091474,c05751dbcea27bc40a766fc5dc8e185a,204439000,31,DNA,1000,204439,true,0.8184816932729562,0.9523502358319691,0.8854159645524626,0.9523502358319691,565,616722,1066288
415000,0.0020299453626754192,0.16916043225270158,0.0019908138858045674,0.0007633960055819816,2.0,1.0,7.458319893014488,signatures/66e539e34311ca3e47333102ed9c0f8d.sig.gz,"GCA_905208635.1 uncultured Collinsella sp., ERR1430467-mag-bin.5",66e539e34311ca3e47333102ed9c0f8d,0.17248545303408147,407000,85,114965000,/nfs3_ib/nfs-ip34/home/def-ilafores/analysis/MethodsComparison/Feces_RA/preproc/SRR5091474/SRR5091474_unmatched_2.fastq,SRR5091474,c05751dbcea27bc40a766fc5dc8e185a,204439000,31,DNA,1000,204439,true,0.8187374508186959,0.9448853424803437,0.8818113966495198,0.9448853424803437,814,617536,1066288
564000,0.002758769119395027,0.12192874692874693,0.0019418995397160034,0.0004717299641372687,1.2670025188916876,1.0,0.9676085623683095,signatures/475be866757b5ae72a1570438ae17b63.sig.gz,"GCF_003478335.1 Clostridium sp. AM49-4BH strain=AM49-4BH, ASM347833v1",475be866757b5ae72a1570438ae17b63,0.1732186732186732,397000,86,114568000,/nfs3_ib/nfs-ip34/home/def-ilafores/analysis/MethodsComparison/Feces_RA/preproc/SRR5091474/SRR5091474_unmatched_2.fastq,SRR5091474,c05751dbcea27bc40a766fc5dc8e185a,204439000,31,DNA,1000,204439,true,0.8268798918480182,0.9450146451904966,0.8859472685192574,0.9450146451904966,503,618039,1066288
562000,0.0027489862501773143,0.11455018802429852,0.0019370081051071468,0.0004642273006917456,1.25,1.0,0.6556860852757532,signatures/4d1fd4a988e75787682a232c846bb78e.sig.gz,GCF_025567265.1 Dorea amylophila strain=H5_25 ASM2556726v1,4d1fd4a988e75787682a232c846bb78e,0.16256870118599942,396000,87,114172000,/nfs3_ib/nfs-ip34/home/def-ilafores/analysis/MethodsComparison/Feces_RA/preproc/SRR5091474/SRR5091474_unmatched_2.fastq,SRR5091474,c05751dbcea27bc40a766fc5dc8e185a,204439000,31,DNA,1000,204439,true,0.8267851421332864,0.9430822665515992,0.8849337043424428,0.9430822665515992,495,618534,1066288
619000,0.003027798022882131,0.11264367816091954,0.001917442366671721,0.0005233107753252405,1.4234693877551021,1.0,1.8166632914134124,signatures/973528e45f46317bdf684a7aee9fd592.sig.gz,"GCF_003122485.1 Eubacterium ramulus strain=21, ASM312248v1",973528e45f46317bdf684a7aee9fd592,0.17787356321839082,392000,88,113780000,/nfs3_ib/nfs-ip34/home/def-ilafores/analysis/MethodsComparison/Feces_RA/preproc/SRR5091474/SRR5091474_unmatched_2.fastq,SRR5091474,c05751dbcea27bc40a766fc5dc8e185a,204439000,31,DNA,1000,204439,true,0.8293656212127386,0.9458233802166047,0.8875945007146717,0.9458233802166047,558,619092,1066288
392000,0.001917442366671721,0.07982081042557523,0.001917442366671721,0.00042858964932551057,1.1658163265306123,1.0,0.45798454538889954,signatures/60bfe150353edefcbd7db7314951359d.sig.gz,"GCF_003697165.2 Escherichia coli DSM 30083 = JCM 1649 = ATCC 11775 strain=ATCC 11775, ASM369716v2",60bfe150353edefcbd7db7314951359d,0.07982081042557523,392000,89,113388000,/nfs3_ib/nfs-ip34/home/def-ilafores/analysis/MethodsComparison/Feces_RA/preproc/SRR5091474/SRR5091474_unmatched_2.fastq,SRR5091474,c05751dbcea27bc40a766fc5dc8e185a,204439000,31,DNA,1000,204439,true,0.8172329737765406,0.9216889724074087,0.8694609730919747,0.9216889724074087,457,619549,1066288
406000,0.001985922451195711,0.12767357683448502,0.0018978766282362954,0.0004989271191272902,1.3711340206185567,1.0,1.7736303711254726,signatures/655feb99de6d4affd517d5ed2f459c94.sig.gz,"GCA_000154345.1 [Clostridium] leptum DSM 753 strain=DSM 753, ASM15434v1",655feb99de6d4affd517d5ed2f459c94,0.13359657782165185,388000,90,113000000,/nfs3_ib/nfs-ip34/home/def-ilafores/analysis/MethodsComparison/Feces_RA/preproc/SRR5091474/SRR5091474_unmatched_2.fastq,SRR5091474,c05751dbcea27bc40a766fc5dc8e185a,204439000,31,DNA,1000,204439,true,0.8181585873597749,0.9371300182455974,0.8776443028026861,0.9371300182455974,532,620081,1066288
567000,0.0027734434232215967,0.1521652761223679,0.0018734194551920133,0.0005139324460183366,1.4308093994778068,1.0,1.412288893705894,signatures/be471ee2a9a4d83e479673ce2822bf12.sig.gz,"GCF_018408575.1 Oscillibacter sp. MM50 strain=MM50, ASM1840857v1",be471ee2a9a4d83e479673ce2822bf12,0.22526817640047675,383000,91,112617000,/nfs3_ib/nfs-ip34/home/def-ilafores/analysis/MethodsComparison/Feces_RA/preproc/SRR5091474/SRR5091474_unmatched_2.fastq,SRR5091474,c05751dbcea27bc40a766fc5dc8e185a,204439000,31,DNA,1000,204439,true,0.827021408505433,0.9530580408125843,0.8900397246590086,0.9530580408125843,548,620629,1066288
394000,0.001927225235889434,0.08753252898036433,0.0018098308052768796,0.0006002130756418529,1.7297297297297298,1.0,5.49126406285794,signatures/d514a5392eaf202adc6934a4db7121cf.sig.gz,"GCA_000803105.1 Coprobacter secundus strain=177, ASM80310v1",d514a5392eaf202adc6934a4db7121cf,0.09321031464395553,370000,92,112247000,/nfs3_ib/nfs-ip34/home/def-ilafores/analysis/MethodsComparison/Feces_RA/preproc/SRR5091474/SRR5091474_unmatched_2.fastq,SRR5091474,c05751dbcea27bc40a766fc5dc8e185a,204439000,31,DNA,1000,204439,true,0.8173671446410707,0.9263111728325805,0.8718391587368256,0.9263111728325805,640,621269,1066288
1228000,0.006006681699675698,0.08470261513538532,0.001790265066841454,0.003339623066188497,9.729508196721312,8.0,8.495614637219626,signatures/4fede25466357d8494c5b32e1ffd6afe.sig.gz,"GCF_000187895.1 Bacteroides plebeius DSM 17135 strain=DSM 17135, ASM18789v1",4fede25466357d8494c5b32e1ffd6afe,0.2841934737329322,366000,93,111881000,/nfs3_ib/nfs-ip34/home/def-ilafores/analysis/MethodsComparison/Feces_RA/preproc/SRR5091474/SRR5091474_unmatched_2.fastq,SRR5091474,c05751dbcea27bc40a766fc5dc8e185a,204439000,31,DNA,1000,204439,true,0.8478969093304054,0.960228624986637,0.9040627671585212,0.960228624986637,3561,624830,1066288
357000,0.001746242155361746,0.1396078431372549,0.0017413507207528897,0.0003826358357216812,1.146067415730337,1.0,0.4050402060151894,signatures/30722b2c2fd9cb373ad391f527e6453d.sig.gz,"GCA_002492145.1 Sutterellaceae bacterium UBA7131, ASM249214v1",30722b2c2fd9cb373ad391f527e6453d,0.14,356000,94,111525000,/nfs3_ib/nfs-ip34/home/def-ilafores/analysis/MethodsComparison/Feces_RA/preproc/SRR5091474/SRR5091474_unmatched_2.fastq,SRR5091474,c05751dbcea27bc40a766fc5dc8e185a,204439000,31,DNA,1000,204439,true,0.8147711222606526,0.9385463889384397,0.8766587555995462,0.9385463889384397,408,625238,1066288
599000,0.0029299693307050026,0.11897539602291878,0.0017266764169263204,0.0005805185840973546,1.753541076487252,1.0,1.598120420121058,signatures/a6be66ce83fd1772452d8972fe7fcb22.sig.gz,"GCF_009695995.1 Lachnospiraceae bacterium WCA3-601-WT-6H strain=WCA3-601-WT-6H, ASM969599v1",a6be66ce83fd1772452d8972fe7fcb22,0.20188742837883383,353000,95,111172000,/nfs3_ib/nfs-ip34/home/def-ilafores/analysis/MethodsComparison/Feces_RA/preproc/SRR5091474/SRR5091474_unmatched_2.fastq,SRR5091474,c05751dbcea27bc40a766fc5dc8e185a,204439000,31,DNA,1000,204439,true,0.8284873957308241,0.9496950408497208,0.8890912182902724,0.9496950408497208,619,625857,1066288
627000,0.0030669294997529824,0.0825426944971537,0.001702219243882038,0.0004257761505334394,1.3045977011494252,1.0,1.0053201063922652,signatures/e869cf0b15c41500b90acfad5f73aa6d.sig.gz,"GCF_900537995.1 Roseburia intestinalis L1-82 strain=L1-82, Roseburia intestinalis strain L1-82",e869cf0b15c41500b90acfad5f73aa6d,0.148719165085389,348000,96,110824000,/nfs3_ib/nfs-ip34/home/def-ilafores/analysis/MethodsComparison/Feces_RA/preproc/SRR5091474/SRR5091474_unmatched_2.fastq,SRR5091474,c05751dbcea27bc40a766fc5dc8e185a,204439000,31,DNA,1000,204439,true,0.8297092441899697,0.9403773482274809,0.8850432962087253,0.9403773482274809,454,626311,1066288
358000,0.0017511335899706025,0.16260162601626016,0.0016630877670111867,0.00041077082364239303,1.2882352941176471,1.0,0.636518428124874,signatures/e58623ed5f51355298bb790ee7073caa.sig.gz,"GCF_016648925.1 Streptococcus parasanguinis strain=1.1, ASM1664892v1",e58623ed5f51355298bb790ee7073caa,0.17120994739359158,340000,97,110484000,/nfs3_ib/nfs-ip34/home/def-ilafores/analysis/MethodsComparison/Feces_RA/preproc/SRR5091474/SRR5091474_unmatched_2.fastq,SRR5091474,c05751dbcea27bc40a766fc5dc8e185a,204439000,31,DNA,1000,204439,true,0.8148446443372621,0.9446591354593235,0.8797518898982928,0.9446591354593235,438,626749,1066288
368000,0.0018000479360591667,0.21681997371879105,0.0016141734209226225,0.0004576624701769128,1.4787878787878788,1.0,0.8134317783532273,signatures/050fd39c7d451dba84dafe63230bfe78.sig.gz,"GCA_000435175.1 Clostridium sp. CAG:245, MGS245",050fd39c7d451dba84dafe63230bfe78,0.24178712220762155,330000,98,110154000,/nfs3_ib/nfs-ip34/home/def-ilafores/analysis/MethodsComparison/Feces_RA/preproc/SRR5091474/SRR5091474_unmatched_2.fastq,SRR5091474,c05751dbcea27bc40a766fc5dc8e185a,204439000,31,DNA,1000,204439,true,0.8155691252688517,0.9552361450329528,0.8854026351509023,0.9552361450329528,488,627237,1066288
613000,0.0029984494152289925,0.09987819732034105,0.0016043905517049094,0.0006733640442357037,2.1890243902439024,1.0,4.157083466882119,signatures/c9db8a0f1ca1dc314b40e6758f8144cd.sig.gz,"GCA_001312505.1 [Ruminococcus] faecis JCM 15917 strain=JCM 15917, ASM131250v1",c9db8a0f1ca1dc314b40e6758f8144cd,0.1866626065773447,328000,99,109826000,/nfs3_ib/nfs-ip34/home/def-ilafores/analysis/MethodsComparison/Feces_RA/preproc/SRR5091474/SRR5091474_unmatched_2.fastq,SRR5091474,c05751dbcea27bc40a766fc5dc8e185a,204439000,31,DNA,1000,204439,true,0.8291050718110535,0.9472960364587655,0.8882005541349095,0.9472960364587655,718,627955,1066288
385000,0.0018832023244097261,0.12423780487804878,0.0015946076824871966,0.0003863871674444428,1.2638036809815951,1.0,0.649003207937242,signatures/9d842f452bc2873386caa06583d801ad.sig.gz,GCF_030296915.1 Anaerostipes hadrus ATCC 29173 = JCM 17467 strain=JCM 17467 ASM3029691v1,9d842f452bc2873386caa06583d801ad,0.14672256097560976,326000,100,109500000,/nfs3_ib/nfs-ip34/home/def-ilafores/analysis/MethodsComparison/Feces_RA/preproc/SRR5091474/SRR5091474_unmatched_2.fastq,SRR5091474,c05751dbcea27bc40a766fc5dc8e185a,204439000,31,DNA,1000,204439,true,0.8167581015772876,0.9399674250004263,0.8783627632888569,0.9399674250004263,412,628367,1066288
1252000,0.006124076130288252,0.10239445494643983,0.0015897162478783402,0.0022733070239935177,7.458461538461538,7.0,5.586436660001886,signatures/463a8ff2f26f37a3c67c2a86a64398f8.sig.gz,"GCF_023347235.1 Faecalibacterium sp. I4179 strain=I4179, ASM2334723v1",463a8ff2f26f37a3c67c2a86a64398f8,0.39445494643982354,325000,101,109175000,/nfs3_ib/nfs-ip34/home/def-ilafores/analysis/MethodsComparison/Feces_RA/preproc/SRR5091474/SRR5091474_unmatched_2.fastq,SRR5091474,c05751dbcea27bc40a766fc5dc8e185a,204439000,31,DNA,1000,204439,true,0.8484264752890205,0.970437696467812,0.9094320858784162,0.970437696467812,2424,630791,1066288
733000,0.0035854215682917644,0.0898186889818689,0.001575041944051771,0.00038544933451375237,1.2763975155279503,1.0,0.8568333674765224,signatures/b2cb449359263424b624c31f539ed929.sig.gz,"GCF_003478035.1 Clostridium sp. OF03-18AA strain=OF03-18AA, ASM347803v1",b2cb449359263424b624c31f539ed929,0.20446304044630403,322000,102,108853000,/nfs3_ib/nfs-ip34/home/def-ilafores/analysis/MethodsComparison/Feces_RA/preproc/SRR5091474/SRR5091474_unmatched_2.fastq,SRR5091474,c05751dbcea27bc40a766fc5dc8e185a,204439000,31,DNA,1000,204439,true,0.8339004359144041,0.9500834833815959,0.8919919596479999,0.9500834833815959,411,631202,1066288
1922000,0.00940133731822206,0.08194622279129321,0.001565259074834058,0.025747265279174106,85.79375,101.5,62.84714560692075,signatures/81c6a95163157fb91174ff63c1c0eb2b.sig.gz,GCA_026015295.1 Segatella copri strain=Ind63-31 ASM2601529v1,81c6a95163157fb91174ff63c1c0eb2b,0.4921895006402049,320000,103,108533000,/nfs3_ib/nfs-ip34/home/def-ilafores/analysis/MethodsComparison/Feces_RA/preproc/SRR5091474/SRR5091474_unmatched_2.fastq,SRR5091474,c05751dbcea27bc40a766fc5dc8e185a,204439000,31,DNA,1000,204439,true,0.8602387871725247,0.9773920120194247,0.9188153995959747,0.9773920120194247,27454,658656,1066288
493000,0.0024114772621662206,0.08103225806451612,0.0015359104671809195,0.0003873250003751332,1.3152866242038217,1.0,1.503484937092196,signatures/873a8b7cc5e0a6e07152a8bfd5c774b1.sig.gz,"GCF_003473545.1 Clostridium sp. AM22-11AC strain=AM22-11AC, ASM347354v1",873a8b7cc5e0a6e07152a8bfd5c774b1,0.1272258064516129,314000,104,108219000,/nfs3_ib/nfs-ip34/home/def-ilafores/analysis/MethodsComparison/Feces_RA/preproc/SRR5091474/SRR5091474_unmatched_2.fastq,SRR5091474,c05751dbcea27bc40a766fc5dc8e185a,204439000,31,DNA,1000,204439,true,0.8232988744060853,0.9356541095668433,0.8794764919864643,0.9356541095668433,413,659069,1066288
551000,0.002695180469479894,0.07575392038600724,0.0015359104671809195,0.000344184685563375,1.1687898089171975,1.0,0.4299834840828654,signatures/928b2d7b80c57c283b973481c1cf1d26.sig.gz,"GCF_020554845.1 Blautia faecis strain=DFI.3.66, ASM2055484v1",928b2d7b80c57c283b973481c1cf1d26,0.13293124246079613,314000,105,107905000,/nfs3_ib/nfs-ip34/home/def-ilafores/analysis/MethodsComparison/Feces_RA/preproc/SRR5091474/SRR5091474_unmatched_2.fastq,SRR5091474,c05751dbcea27bc40a766fc5dc8e185a,204439000,31,DNA,1000,204439,true,0.826258113548219,0.9369791033387749,0.8816186084434969,0.9369791033387749,367,659436,1066288
549000,0.002685397600262181,0.07765293383270912,0.0015212361633543503,0.00037044400762270606,1.270096463022508,1.0,0.816454370979191,signatures/2a410b832a719fa88b97ddf5d0e066c5.sig.gz,"GCF_003461245.1 Blautia sp. AF19-10LB strain=AF19-10LB, ASM346124v1",2a410b832a719fa88b97ddf5d0e066c5,0.13707865168539327,311000,106,107594000,/nfs3_ib/nfs-ip34/home/def-ilafores/analysis/MethodsComparison/Feces_RA/preproc/SRR5091474/SRR5091474_unmatched_2.fastq,SRR5091474,c05751dbcea27bc40a766fc5dc8e185a,204439000,31,DNA,1000,204439,true,0.8261611973529195,0.9379081655590941,0.8820346814560067,0.9379081655590941,395,659831,1066288
408000,0.001995705320413424,0.10380856083586114,0.001506561859527781,0.00033949552090992304,1.1753246753246753,1.0,0.45058572102157307,signatures/44d064decffc4be1aefc6566373b087b.sig.gz,"GCF_015667935.1 Clostridium sp. 1001270J_160509_D11 strain=1001270J_160509_D11, ASM1566793v1",44d064decffc4be1aefc6566373b087b,0.13751263902932254,308000,107,107286000,/nfs3_ib/nfs-ip34/home/def-ilafores/analysis/MethodsComparison/Feces_RA/preproc/SRR5091474/SRR5091474_unmatched_2.fastq,SRR5091474,c05751dbcea27bc40a766fc5dc8e185a,204439000,31,DNA,1000,204439,true,0.8182882893623356,0.9380038059689437,0.8781460476656396,0.9380038059689437,362,660193,1066288
313000,0.001531019032572063,0.10553454795462358,0.0015016704249189246,0.00035543868073165976,1.234527687296417,1.0,0.5447827960169259,signatures/b6273adea5d5c285fe4ed6563af91c7d.sig.gz,"GCA_000437595.1 Faecalibacterium sp. CAG:74, MGS74",b6273adea5d5c285fe4ed6563af91c7d,0.1075971124097628,307000,108,106979000,/nfs3_ib/nfs-ip34/home/def-ilafores/analysis/MethodsComparison/Feces_RA/preproc/SRR5091474/SRR5091474_unmatched_2.fastq,SRR5091474,c05751dbcea27bc40a766fc5dc8e185a,204439000,31,DNA,1000,204439,true,0.8113213829070751,0.9306101003298433,0.8709657416184592,0.9306101003298433,379,660572,1066288
456000,0.0022304941816385327,0.11742133537989255,0.001496778990310068,0.00034324685263268463,1.196078431372549,1.0,0.485863203661328,signatures/d3662e3e25bc6f3df72d2f3b05edc233.sig.gz,GCF_029218125.1 Neopoerus faecalis strain=CMD_1836 ASM2921812v1,d3662e3e25bc6f3df72d2f3b05edc233,0.17498081350729086,306000,109,106673000,/nfs3_ib/nfs-ip34/home/def-ilafores/analysis/MethodsComparison/Feces_RA/preproc/SRR5091474/SRR5091474_unmatched_2.fastq,SRR5091474,c05751dbcea27bc40a766fc5dc8e185a,204439000,31,DNA,1000,204439,true,0.8212295186178443,0.945323243685167,0.8832763811515056,0.945323243685167,366,660938,1066288
413000,0.0020201624934577064,0.10413051023950018,0.0014674303826569294,0.0003423090197019942,1.2166666666666666,1.0,0.538258508731838,signatures/46922b0d9f13019dd9169cb0ebafd30f.sig.gz,"GCF_900148495.1 Negativibacillus massiliensis strain=Marseille-P3213, PRJEB16359",46922b0d9f13019dd9169cb0ebafd30f,0.1433530024297119,300000,110,106373000,/nfs3_ib/nfs-ip34/home/def-ilafores/analysis/MethodsComparison/Feces_RA/preproc/SRR5091474/SRR5091474_unmatched_2.fastq,SRR5091474,c05751dbcea27bc40a766fc5dc8e185a,204439000,31,DNA,1000,204439,true,0.81860987169266,0.9392632189231931,0.8789365453079265,0.9392632189231931,365,661303,1066288
363000,0.0017755907630148846,0.11420932009167303,0.001462538948048073,0.00035825217952373093,1.2775919732441472,1.0,0.5896540174288812,signatures/495a6434f7a904cfbf64e101b857c18c.sig.gz,"GCF_018918025.1 Oscillibacter sp. MSJ-31 strain=MSJ-31, ASM1891802v1",495a6434f7a904cfbf64e101b857c18c,0.13865546218487396,299000,111,106074000,/nfs3_ib/nfs-ip34/home/def-ilafores/analysis/MethodsComparison/Feces_RA/preproc/SRR5091474/SRR5091474_unmatched_2.fastq,SRR5091474,c05751dbcea27bc40a766fc5dc8e185a,204439000,31,DNA,1000,204439,true,0.8152092991732249,0.9382542662558214,0.8767317827145231,0.9382542662558214,382,661685,1066288
412000,0.0020152710588488497,0.07229813664596273,0.0014234074711772216,0.0014086250618969734,5.161512027491409,4.0,4.332966783879029,signatures/521ce3c2ee639c97c11cb3a9863fa803.sig.gz,"GCF_018390535.1 Bacteroides sp. NSJ-90 strain=NSJ-90, ASM1839053v1",521ce3c2ee639c97c11cb3a9863fa803,0.10236024844720497,291000,112,105783000,/nfs3_ib/nfs-ip34/home/def-ilafores/analysis/MethodsComparison/Feces_RA/preproc/SRR5091474/SRR5091474_unmatched_2.fastq,SRR5091474,c05751dbcea27bc40a766fc5dc8e185a,204439000,31,DNA,1000,204439,true,0.8185458577520773,0.9291134619436483,0.8738296598478628,0.9291134619436483,1502,663187,1066288
281000,0.0013744931250886572,0.1265765765765766,0.0013744931250886572,0.00031323619885059197,1.188612099644128,1.0,0.42603676649045363,signatures/2574bf58484894f914695c42b18e748c.sig.gz,"GCA_018376995.1 Veillonella sp., ASM1837699v1",2574bf58484894f914695c42b18e748c,0.1265765765765766,281000,113,105502000,/nfs3_ib/nfs-ip34/home/def-ilafores/analysis/MethodsComparison/Feces_RA/preproc/SRR5091474/SRR5091474_unmatched_2.fastq,SRR5091474,c05751dbcea27bc40a766fc5dc8e185a,204439000,31,DNA,1000,204439,true,0.8085037125046022,0.9354997080569067,0.8720017102807545,0.9354997080569067,334,663521,1066288
396000,0.0019370081051071468,0.07268370607028754,0.0013353616482178058,0.0003141740317812824,1.2271062271062272,1.0,0.9491067979898405,signatures/981003820b07cf0506a203ee425a0184.sig.gz,GCF_025567095.1 Anthropogastromicrobium aceti strain=H6_35 ASM2556709v1,981003820b07cf0506a203ee425a0184,0.10543130990415335,273000,114,105229000,/nfs3_ib/nfs-ip34/home/def-ilafores/analysis/MethodsComparison/Feces_RA/preproc/SRR5091474/SRR5091474_unmatched_2.fastq,SRR5091474,c05751dbcea27bc40a766fc5dc8e185a,204439000,31,DNA,1000,204439,true,0.8175006580172883,0.929999875464195,0.8737502667407417,0.929999875464195,335,663856,1066288
424000,0.002073968274155127,0.07532321528948847,0.0013109044751735237,0.00029823087195954566,1.1865671641791045,1.0,0.4912352758457412,signatures/414bbe2ea74e8b8695fa300df29056f9.sig.gz,GCF_020686965.1 Hominiventricola filiformis strain=CLA-AA-H276 ASM2068696v1,414bbe2ea74e8b8695fa300df29056f9,0.11916807195053401,268000,115,104961000,/nfs3_ib/nfs-ip34/home/def-ilafores/analysis/MethodsComparison/Feces_RA/preproc/SRR5091474/SRR5091474_unmatched_2.fastq,SRR5091474,c05751dbcea27bc40a766fc5dc8e185a,204439000,31,DNA,1000,204439,true,0.8193042907814791,0.9336813991724946,0.8764928449769869,0.9336813991724946,318,664174,1066288
724000,0.0035413986568120564,0.061488673139158574,0.0013011216059558108,0.00029823087195954566,1.1954887218045114,1.0,0.5478412400585525,signatures/9f8ee440e15d203543396b77b2bae2e7.sig.gz,GCA_003477525.1 Ruminococcus sp. AF41-9 strain=AF41-9 ASM347752v1,9f8ee440e15d203543396b77b2bae2e7,0.1673601479426722,266000,116,104695000,/nfs3_ib/nfs-ip34/home/def-ilafores/analysis/MethodsComparison/Feces_RA/preproc/SRR5091474/SRR5091474_unmatched_2.fastq,SRR5091474,c05751dbcea27bc40a766fc5dc8e185a,204439000,31,DNA,1000,204439,true,0.8335681710276203,0.9439663602095641,0.8887672656185922,0.9439663602095641,318,664492,1066288
260000,0.001271772998302672,0.05584415584415584,0.0012619901290849592,0.0002569662230091683,1.062015503875969,1.0,0.24118370831169067,signatures/041b346dcc5de03f7acd76a2a2785d89.sig.gz,"GCA_019418225.1 Clostridiales bacterium, ASM1941822v1",041b346dcc5de03f7acd76a2a2785d89,0.05627705627705628,258000,117,104437000,/nfs3_ib/nfs-ip34/home/def-ilafores/analysis/MethodsComparison/Feces_RA/preproc/SRR5091474/SRR5091474_unmatched_2.fastq,SRR5091474,c05751dbcea27bc40a766fc5dc8e185a,204439000,31,DNA,1000,204439,true,0.8064804760024815,0.9113561083757953,0.8589182921891384,0.9113561083757953,274,664766,1066288
684000,0.003345741272457799,0.11208406304728546,0.0012522072598672464,0.00039670332968203714,1.65234375,1.0,0.9803909331669365,signatures/9c3e18fe8819a5356cca94ed98c26da2.sig.gz,"GCF_002094975.1 Streptococcus salivarius strain=ATCC 25975, ASM209497v1",9c3e18fe8819a5356cca94ed98c26da2,0.29947460595446584,256000,118,104181000,/nfs3_ib/nfs-ip34/home/def-ilafores/analysis/MethodsComparison/Feces_RA/preproc/SRR5091474/SRR5091474_unmatched_2.fastq,SRR5091474,c05751dbcea27bc40a766fc5dc8e185a,204439000,31,DNA,1000,204439,true,0.83204135892002,0.9618522985566348,0.8969468287383273,0.9618522985566348,423,665189,1066288
267000,0.0013060130405646673,0.1240234375,0.0012424243906495336,0.00028228771213780894,1.18503937007874,1.0,0.42696119799313054,signatures/a3dfec5e883625971d7d60d2b91dc61a.sig.gz,"GCA_900549405.1 uncultured Clostridiales bacterium, UMGS1178",a3dfec5e883625971d7d60d2b91dc61a,0.13037109375,254000,119,103927000,/nfs3_ib/nfs-ip34/home/def-ilafores/analysis/MethodsComparison/Feces_RA/preproc/SRR5091474/SRR5091474_unmatched_2.fastq,SRR5091474,c05751dbcea27bc40a766fc5dc8e185a,204439000,31,DNA,1000,204439,true,0.8071719267274642,0.9363914974229238,0.8717817120751941,0.9363914974229238,301,665490,1066288
254000,0.0012424243906495336,0.05546995377503852,0.0012326415214318207,0.000263531053524001,1.1150793650793651,1.0,0.3544652713903283,signatures/aa387c39ac911f35b9a9d7259ce43062.sig.gz,"GCF_000701705.1 Bilophila wadsworthia ATCC 49260 strain=ATCC 49260, ASM70170v1",aa387c39ac911f35b9a9d7259ce43062,0.055910191503411845,252000,120,103675000,/nfs3_ib/nfs-ip34/home/def-ilafores/analysis/MethodsComparison/Feces_RA/preproc/SRR5091474/SRR5091474_unmatched_2.fastq,SRR5091474,c05751dbcea27bc40a766fc5dc8e185a,204439000,31,DNA,1000,204439,true,0.8058733113414224,0.9111638546939875,0.8585185830177049,0.9111638546939875,281,665771,1066288
341000,0.0016679792016200431,0.1069747539580659,0.0012228586522141079,0.00031511186471197273,1.344,1.0,1.2687253445880242,signatures/2e8f8e349a6c7ac173d5f4f52e009efc.sig.gz,GCA_025757645.1 Clostridiales bacterium ASM2575764v1,2e8f8e349a6c7ac173d5f4f52e009efc,0.14591356439880188,250000,121,103425000,/nfs3_ib/nfs-ip34/home/def-ilafores/analysis/MethodsComparison/Feces_RA/preproc/SRR5091474/SRR5091474_unmatched_2.fastq,SRR5091474,c05751dbcea27bc40a766fc5dc8e185a,204439000,31,DNA,1000,204439,true,0.8135668534959424,0.939799790953965,0.8766833222249537,0.939799790953965,336,666107,1066288
1050000,0.005136006339299253,0.08283031522468143,0.0012081843483875386,0.00235020932431013,10.145748987854251,11.0,6.586316645070949,signatures/202b4a96ab763ae8b9d9aa34459e999a.sig.gz,"GCF_009680455.1 Lachnospira eligens strain=BIOML-A1, ASM968045v1",202b4a96ab763ae8b9d9aa34459e999a,0.352112676056338,247000,122,103178000,/nfs3_ib/nfs-ip34/home/def-ilafores/analysis/MethodsComparison/Feces_RA/preproc/SRR5091474/SRR5091474_unmatched_2.fastq,SRR5091474,c05751dbcea27bc40a766fc5dc8e185a,204439000,31,DNA,1000,204439,true,0.8436245535637708,0.9668894637823714,0.9052570086730711,0.9668894637823714,2506,668613,1066288
294000,0.0014380817750037909,0.07784810126582278,0.0012032929137786822,0.0002757228816229762,1.1951219512195121,1.0,0.5204522202692431,signatures/b6d8d2dfdb7d6c7ed581d206bd3f104c.sig.gz,"GCF_003477605.1 Clostridium sp. AF37-5 strain=AF37-5, ASM347760v1",b6d8d2dfdb7d6c7ed581d206bd3f104c,0.0930379746835443,246000,123,102932000,/nfs3_ib/nfs-ip34/home/def-ilafores/analysis/MethodsComparison/Feces_RA/preproc/SRR5091474/SRR5091474_unmatched_2.fastq,SRR5091474,c05751dbcea27bc40a766fc5dc8e185a,204439000,31,DNA,1000,204439,true,0.8096840784474498,0.9262558752607714,0.8679699768541106,0.9262558752607714,294,668907,1066288
846000,0.004138153679092541,0.050061804697156986,0.001188618609952113,0.00035168734900889817,1.5432098765432098,1.0,2.150984362940463,signatures/20f6f4671cb02947dd549a7f52b244a0.sig.gz,GCA_947646015.1 uncultured Bacteroides sp. SRR17794261_bin.38_metawrap_v1.3_MAG,20f6f4671cb02947dd549a7f52b244a0,0.17428924598269468,243000,124,102689000,/nfs3_ib/nfs-ip34/home/def-ilafores/analysis/MethodsComparison/Feces_RA/preproc/SRR5091474/SRR5091474_unmatched_2.fastq,SRR5091474,c05751dbcea27bc40a766fc5dc8e185a,204439000,31,DNA,1000,204439,true,0.8377661217472887,0.9452024915831265,0.8914843066652076,0.9452024915831265,375,669282,1066288
471000,0.0023038657007713793,0.06769230769230769,0.0011837271753432565,0.00033668202211785186,1.4834710743801653,1.0,2.083419277420401,signatures/6fb5d9fae55cc8ecb2a67f82352fb7a7.sig.gz,GCF_025147765.1 Blautia obeum ATCC 29174 strain=ATCC 29174 ASM2514776v1,6fb5d9fae55cc8ecb2a67f82352fb7a7,0.13174825174825175,242000,125,102447000,/nfs3_ib/nfs-ip34/home/def-ilafores/analysis/MethodsComparison/Feces_RA/preproc/SRR5091474/SRR5091474_unmatched_2.fastq,SRR5091474,c05751dbcea27bc40a766fc5dc8e185a,204439000,31,DNA,1000,204439,true,0.8220873639985165,0.9367089567279415,0.879398160363229,0.9367089567279415,359,669641,1066288
324000,0.0015848248132694837,0.09613083366573594,0.0011788357407344,0.00028979037558333207,1.2821576763485478,1.0,0.6594769649156457,signatures/4049ee265261a299e4ce50ad457eeb89.sig.gz,"GCF_014306455.1 Catenibacterium sp. NSJ-22 strain=NSJ-22, ASM1430645v1",4049ee265261a299e4ce50ad457eeb89,0.1292381332269645,241000,126,102206000,/nfs3_ib/nfs-ip34/home/def-ilafores/analysis/MethodsComparison/Feces_RA/preproc/SRR5091474/SRR5091474_unmatched_2.fastq,SRR5091474,c05751dbcea27bc40a766fc5dc8e185a,204439000,31,DNA,1000,204439,true,0.8122258642647864,0.9361278873287571,0.8741768757967717,0.9361278873287571,309,669950,1066288
682000,0.0033359584032400863,0.06364359586316627,0.0011739443061255437,0.0006377263928694686,2.8333333333333335,2.0,6.896053621859068,signatures/fd614f4c3446e179c3d28955006b19b2.sig.gz,"GCF_000205165.1 Paraprevotella xylaniphila YIT 11841 strain=YIT 11841, ASM20516v1",fd614f4c3446e179c3d28955006b19b2,0.18085388491116414,240000,127,101966000,/nfs3_ib/nfs-ip34/home/def-ilafores/analysis/MethodsComparison/Feces_RA/preproc/SRR5091474/SRR5091474_unmatched_2.fastq,SRR5091474,c05751dbcea27bc40a766fc5dc8e185a,204439000,31,DNA,1000,204439,true,0.8319627680110925,0.9463304915010623,0.8891466297560774,0.9463304915010623,680,670630,1066288
401000,0.001961465278151429,0.10863636363636364,0.0011690528715166872,0.00030010653782092643,1.3389121338912133,1.0,0.827225329289198,signatures/3e006854992e86a9a691fd68b9847087.sig.gz,GCF_031191205.1 Haemophilus parainfluenzae ATCC 33392 strain=DSM 8978 ASM3119120v1,3e006854992e86a9a691fd68b9847087,0.18227272727272728,239000,128,101727000,/nfs3_ib/nfs-ip34/home/def-ilafores/analysis/MethodsComparison/Feces_RA/preproc/SRR5091474/SRR5091474_unmatched_2.fastq,SRR5091474,c05751dbcea27bc40a766fc5dc8e185a,204439000,31,DNA,1000,204439,true,0.8178316074845801,0.9465690770608749,0.8822003422727275,0.9465690770608749,320,670950,1066288
245000,0.0011984014791698258,0.11058601134215501,0.001144595698472405,0.0002691580511081434,1.2264957264957266,1.0,0.581023729952626,signatures/2544bd958bd1336ed054dcf2fff5f872.sig.gz,"GCF_000186445.1 Streptococcus agalactiae ATCC 13813 strain=ATCC 13813, ASM18644v1",2544bd958bd1336ed054dcf2fff5f872,0.11578449905482041,234000,129,101493000,/nfs3_ib/nfs-ip34/home/def-ilafores/analysis/MethodsComparison/Feces_RA/preproc/SRR5091474/SRR5091474_unmatched_2.fastq,SRR5091474,c05751dbcea27bc40a766fc5dc8e185a,204439000,31,DNA,1000,204439,true,0.8049360267915411,0.9328142563780943,0.8688751415848177,0.9328142563780943,287,671237,1066288
289000,0.0014136246019595088,0.08876669285153181,0.0011054642216015535,0.00026259322059331064,1.238938053097345,1.0,1.2744899120768236,signatures/6febeb764d7d5f08ed9a060afaab0854.sig.gz,"GCF_014287435.1 Roseburia sp. NSJ-9 strain=NSJ-9, ASM1428743v1",6febeb764d7d5f08ed9a060afaab0854,0.11351139041633936,226000,130,101267000,/nfs3_ib/nfs-ip34/home/def-ilafores/analysis/MethodsComparison/Feces_RA/preproc/SRR5091474/SRR5091474_unmatched_2.fastq,SRR5091474,c05751dbcea27bc40a766fc5dc8e185a,204439000,31,DNA,1000,204439,true,0.8092361838214632,0.9322178218900737,0.8707270028557685,0.9322178218900737,280,671517,1066288
1261000,0.00616809904176796,0.048487449045269256,0.0011054642216015535,0.00030854703419713996,1.4557522123893805,1.0,0.6978396566467905,signatures/c7357052beed930961bb4cc339dd0845.sig.gz,GCA_948436425.1 uncultured Bacteroides sp. SRR17684645_bin.52_metawrap_v1.3_MAG,c7357052beed930961bb4cc339dd0845,0.27054280197382535,226000,131,101041000,/nfs3_ib/nfs-ip34/home/def-ilafores/analysis/MethodsComparison/Feces_RA/preproc/SRR5091474/SRR5091474_unmatched_2.fastq,SRR5091474,c05751dbcea27bc40a766fc5dc8e185a,204439000,31,DNA,1000,204439,true,0.8486225332882006,0.9587050868592104,0.9036638100737056,0.9587050868592104,329,671846,1066288
275000,0.0013451445174355186,0.05839605502206073,0.001100572786992697,0.0002288312350884564,1.0844444444444445,1.0,0.29360257004291085,signatures/2de6b86d95365c349243cb609e5c2a62.sig.gz,"GCF_000239295.1 Flavonifractor plautii ATCC 29863 strain=ATCC 29863, ASM23929v1",2de6b86d95365c349243cb609e5c2a62,0.07137295613807423,225000,132,100816000,/nfs3_ib/nfs-ip34/home/def-ilafores/analysis/MethodsComparison/Feces_RA/preproc/SRR5091474/SRR5091474_unmatched_2.fastq,SRR5091474,c05751dbcea27bc40a766fc5dc8e185a,204439000,31,DNA,1000,204439,true,0.8079409923638896,0.918369000344837,0.8631549963543633,0.918369000344837,244,672090,1066288
221000,0.0010810070485572714,0.08182154757497223,0.0010810070485572714,0.00023820956439536036,1.1493212669683257,1.0,0.4150581826413981,signatures/f3a90d4e5528864a5bcc8434b0d0c3b1.sig.gz,"GCF_000020225.1 Akkermansia muciniphila ATCC BAA-835 strain=ATCC BAA-835, ASM2022v1",f3a90d4e5528864a5bcc8434b0d0c3b1,0.08182154757497223,221000,133,100595000,/nfs3_ib/nfs-ip34/home/def-ilafores/analysis/MethodsComparison/Feces_RA/preproc/SRR5091474/SRR5091474_unmatched_2.fastq,SRR5091474,c05751dbcea27bc40a766fc5dc8e185a,204439000,31,DNA,1000,204439,true,0.8022635283475217,0.922425320482556,0.8623444244150389,0.922425320482556,254,672344,1066288
259000,0.0012668815636938157,0.08385093167701864,0.0010565498755129893,0.00025133922542502587,1.2407407407407407,1.0,0.6066051612651556,signatures/b040dfb453f30619bcde18064e5c3059.sig.gz,"GCA_900547405.1 uncultured Clostridiales bacterium, UMGS977",b040dfb453f30619bcde18064e5c3059,0.10054347826086957,216000,134,100379000,/nfs3_ib/nfs-ip34/home/def-ilafores/analysis/MethodsComparison/Feces_RA/preproc/SRR5091474/SRR5091474_unmatched_2.fastq,SRR5091474,c05751dbcea27bc40a766fc5dc8e185a,204439000,31,DNA,1000,204439,true,0.8063802297037964,0.9285768835324484,0.8674785566181225,0.9285768835324484,268,672612,1066288
473000,0.002313648569989092,0.0553543714433523,0.0010467670062952762,0.00026634455231607223,1.3271028037383177,1.0,1.048146570104604,signatures/c1ba8d0ce9c6c98a462fa26151e71b3a.sig.gz,GCF_025567525.1 Gallintestinimicrobium propionicum strain=Sanger_16 ASM2556752v1,c1ba8d0ce9c6c98a462fa26151e71b3a,0.12234868080703569,214000,135,100165000,/nfs3_ib/nfs-ip34/home/def-ilafores/analysis/MethodsComparison/Feces_RA/preproc/SRR5091474/SRR5091474_unmatched_2.fastq,SRR5091474,c05751dbcea27bc40a766fc5dc8e185a,204439000,31,DNA,1000,204439,true,0.8221997402671006,0.9344750685781477,0.8783374044226242,0.9344750685781477,284,672896,1066288
350000,0.001712002113099751,0.07294938917975567,0.0010223098332509941,0.000263531053524001,1.3444976076555024,1.0,0.8561518787387903,signatures/5998c1d4c3c14df80fd6cff6ba682767.sig.gz,"GCA_003096535.1 Agathobaculum butyriciproducens strain=DSM 100391, ASM309653v1",5998c1d4c3c14df80fd6cff6ba682767,0.12216404886561955,209000,136,99956000,/nfs3_ib/nfs-ip34/home/def-ilafores/analysis/MethodsComparison/Feces_RA/preproc/SRR5091474/SRR5091474_unmatched_2.fastq,SRR5091474,c05751dbcea27bc40a766fc5dc8e185a,204439000,31,DNA,1000,204439,true,0.8142508172085937,0.9344295455768328,0.8743401813927132,0.9344295455768328,281,673177,1066288
1829000,0.008946433899598413,0.0412,0.0010076355294244249,0.0010710052068484313,5.543689320388349,4.0,5.099546332438023,signatures/960cc77fc7b96d595712107aaa1524b5.sig.gz,"GCF_000012825.1 Bacteroides vulgatus ATCC 8482 strain=ATCC 8482, ASM1282v1",960cc77fc7b96d595712107aaa1524b5,0.3658,206000,137,99750000,/nfs3_ib/nfs-ip34/home/def-ilafores/analysis/MethodsComparison/Feces_RA/preproc/SRR5091474/SRR5091474_unmatched_2.fastq,SRR5091474,c05751dbcea27bc40a766fc5dc8e185a,204439000,31,DNA,1000,204439,true,0.8588635903782518,0.9680796415680456,0.9134716159731486,0.9680796415680456,1142,674319,1066288
1437000,0.007028991532926692,0.037434126839905504,0.0010076355294244249,0.0003094848671278304,1.6019417475728155,1.0,1.0505643959342583,signatures/48ac22e23336bd18ad59549f5bb90daa.sig.gz,GCF_958387885.1 uncultured Bacteroides sp. SRR17798034_bin.10_MetaWRAP_v1.3_MAG,48ac22e23336bd18ad59549f5bb90daa,0.2611302925676903,206000,138,99544000,/nfs3_ib/nfs-ip34/home/def-ilafores/analysis/MethodsComparison/Feces_RA/preproc/SRR5091474/SRR5091474_unmatched_2.fastq,SRR5091474,c05751dbcea27bc40a766fc5dc8e185a,204439000,31,DNA,1000,204439,true,0.8522066840239465,0.9576105977841366,0.9049086409040416,0.9576105977841366,330,674649,1066288
981000,0.00479849735128816,0.08202020202020202,0.0009929612255978556,0.0005026784508500517,2.6403940886699506,2.0,2.177752228974291,signatures/363d223ee3759cea7ec9a3f62c7a0463.sig.gz,"GCA_934514285.1 uncultured Faecalibacterium sp., ERR7738148_bin.55",363d223ee3759cea7ec9a3f62c7a0463,0.39636363636363636,203000,139,99341000,/nfs3_ib/nfs-ip34/home/def-ilafores/analysis/MethodsComparison/Feces_RA/preproc/SRR5091474/SRR5091474_unmatched_2.fastq,SRR5091474,c05751dbcea27bc40a766fc5dc8e185a,204439000,31,DNA,1000,204439,true,0.8417767840225374,0.9705888189685709,0.9061828014955542,0.9705888189685709,536,675185,1066288
666000,0.0032576954494983835,0.07127808988764045,0.0009929612255978556,0.0004801704605134823,2.522167487684729,2.0,1.3872222063463326,signatures/3784007bacdb5e1a673c9a775abe80cf.sig.gz,GCA_937935345.1 uncultured Lachnobacterium sp. SRR1761720_bin.57_CONCOCT_v1.1_MAG,3784007bacdb5e1a673c9a775abe80cf,0.23384831460674158,203000,140,99138000,/nfs3_ib/nfs-ip34/home/def-ilafores/analysis/MethodsComparison/Feces_RA/preproc/SRR5091474/SRR5091474_unmatched_2.fastq,SRR5091474,c05751dbcea27bc40a766fc5dc8e185a,204439000,31,DNA,1000,204439,true,0.8313258897903217,0.9542079710172535,0.8927669304037876,0.9542079710172535,512,675697,1066288
206000,0.0010076355294244249,0.08949933540097474,0.0009880697909889992,0.00021663940698948126,1.1435643564356435,1.0,0.4270357977862306,signatures/70637202227fbc5a87213d06626ae00c.sig.gz,"GCA_900542395.1 uncultured Clostridiales bacterium, UMGS459",70637202227fbc5a87213d06626ae00c,0.09127159946832078,202000,141,98936000,/nfs3_ib/nfs-ip34/home/def-ilafores/analysis/MethodsComparison/Feces_RA/preproc/SRR5091474/SRR5091474_unmatched_2.fastq,SRR5091474,c05751dbcea27bc40a766fc5dc8e185a,204439000,31,DNA,1000,204439,true,0.8004466107606102,0.9256833253115379,0.863064968036074,0.9256833253115379,231,675928,1066288
199000,0.0009733954871624299,0.1565217391304348,0.0009685040525535734,0.00022039073871224285,1.1868686868686869,1.0,0.4385804614215045,signatures/4bc505c53729b6cda042081a1eff8669.sig.gz,"GCA_000431795.1 Clostridium sp. CAG:302, MGS302",4bc505c53729b6cda042081a1eff8669,0.15731225296442689,198000,142,98738000,/nfs3_ib/nfs-ip34/home/def-ilafores/analysis/MethodsComparison/Feces_RA/preproc/SRR5091474/SRR5091474_unmatched_2.fastq,SRR5091474,c05751dbcea27bc40a766fc5dc8e185a,204439000,31,DNA,1000,204439,true,0.799554446545709,0.9420828862803431,0.870818666413026,0.9420828862803431,235,676163,1066288
1908000,0.009332857233698071,0.047784967645594825,0.0009391554449004349,0.01528761460318413,84.90104166666667,96.0,59.251807276922776,signatures/e8e0033f279e1bbb960e6623eb5d9937.sig.gz,"GCA_003463005.1 Prevotella copri strain=OF03-3, ASM346300v1",e8e0033f279e1bbb960e6623eb5d9937,0.47486311597809855,192000,143,98546000,/nfs3_ib/nfs-ip34/home/def-ilafores/analysis/MethodsComparison/Feces_RA/preproc/SRR5091474/SRR5091474_unmatched_2.fastq,SRR5091474,c05751dbcea27bc40a766fc5dc8e185a,204439000,31,DNA,1000,204439,true,0.8600359407702111,0.9762627612237351,0.9181493509969731,0.9762627612237351,16301,692464,1066288
404000,0.0019761395819779984,0.04944765912677538,0.0009195897064650092,0.00037513317227615806,2.127659574468085,1.0,3.686473384112521,signatures/a8487ccc34a799adb014d58e14274aaf.sig.gz,GCA_025758065.1 Lachnospiraceae bacterium ASM2575806v1,a8487ccc34a799adb014d58e14274aaf,0.10625986322987901,188000,144,98358000,/nfs3_ib/nfs-ip34/home/def-ilafores/analysis/MethodsComparison/Feces_RA/preproc/SRR5091474/SRR5091474_unmatched_2.fastq,SRR5091474,c05751dbcea27bc40a766fc5dc8e185a,204439000,31,DNA,1000,204439,true,0.8180282655617223,0.9302347446051558,0.8741315050834391,0.9302347446051558,400,692864,1066288
397000,0.0019418995397160034,0.09375,0.000895132533420727,0.00023445823267259877,1.366120218579235,1.0,0.7184909251975348,signatures/f36333f9da6edb7f51a47e53ee965efa.sig.gz,"GCF_003253005.1 Haemophilus parainfluenzae strain=C2008003258, ASM325300v1",f36333f9da6edb7f51a47e53ee965efa,0.2033811475409836,183000,145,98175000,/nfs3_ib/nfs-ip34/home/def-ilafores/analysis/MethodsComparison/Feces_RA/preproc/SRR5091474/SRR5091474_unmatched_2.fastq,SRR5091474,c05751dbcea27bc40a766fc5dc8e185a,204439000,31,DNA,1000,204439,true,0.8175671701880569,0.9499208970916058,0.8837440336398313,0.9499208970916058,250,693114,1066288
209000,0.0010223098332509941,0.04202262756869083,0.0008902410988118705,0.00019600708251429257,1.1483516483516483,1.0,0.4508508774595811,signatures/20bc87ab4f2c62c8b621bcd36cab9825.sig.gz,"GCF_014287825.1 Clostridium sp. NSJ-6 strain=NSJ-6, ASM1428782v1",20bc87ab4f2c62c8b621bcd36cab9825,0.048256753636573536,182000,146,97993000,/nfs3_ib/nfs-ip34/home/def-ilafores/analysis/MethodsComparison/Feces_RA/preproc/SRR5091474/SRR5091474_unmatched_2.fastq,SRR5091474,c05751dbcea27bc40a766fc5dc8e185a,204439000,31,DNA,1000,204439,true,0.800820017949061,0.9068472332701062,0.8538336256095835,0.9068472332701062,209,693323,1066288
308000,0.001506561859527781,0.06419400855920114,0.0008804582295941577,0.0003404333538406134,2.0166666666666666,1.0,6.767959646583144,signatures/7ab97adfe1aa84492d9fd6e33d09a40b.sig.gz,"GCF_014287955.1 Lachnospira sp. NSJ-43 strain=NSJ-43, ASM1428795v1",7ab97adfe1aa84492d9fd6e33d09a40b,0.10984308131241084,180000,147,97813000,/nfs3_ib/nfs-ip34/home/def-ilafores/analysis/MethodsComparison/Feces_RA/preproc/SRR5091474/SRR5091474_unmatched_2.fastq,SRR5091474,c05751dbcea27bc40a766fc5dc8e185a,204439000,31,DNA,1000,204439,true,0.8109000394854526,0.9312304836905975,0.871065261588025,0.9312304836905975,363,693686,1066288
194000,0.0009489383141181477,0.09516214779372674,0.0008755667949853013,0.00018662875320738862,1.111731843575419,1.0,0.36437260020380624,signatures/3bda12ee640dea0c4d0c5ae4118a3a10.sig.gz,"GCA_004556345.1 Clostridiales bacterium, ASM455634v1",3bda12ee640dea0c4d0c5ae4118a3a10,0.10313662945241893,179000,148,97634000,/nfs3_ib/nfs-ip34/home/def-ilafores/analysis/MethodsComparison/Feces_RA/preproc/SRR5091474/SRR5091474_unmatched_2.fastq,SRR5091474,c05751dbcea27bc40a766fc5dc8e185a,204439000,31,DNA,1000,204439,true,0.7988983934374794,0.9293399585631031,0.8641191760002913,0.9293399585631031,199,693885,1066288
230000,0.0011250299600369792,0.05963149078726968,0.0008706753603764448,0.00019506924958360218,1.1685393258426966,1.0,0.4169432655118982,signatures/895261fc11cddcef03130c56a5c81d58.sig.gz,"GCA_003477405.1 Ruminococcaceae bacterium AM07-15 strain=AM07-15, ASM347740v1",895261fc11cddcef03130c56a5c81d58,0.07705192629815745,178000,149,97456000,/nfs3_ib/nfs-ip34/home/def-ilafores/analysis/MethodsComparison/Feces_RA/preproc/SRR5091474/SRR5091474_unmatched_2.fastq,SRR5091474,c05751dbcea27bc40a766fc5dc8e185a,204439000,31,DNA,1000,204439,true,0.80329721429873,0.9206398942833326,0.8619685542910314,0.9206398942833326,208,694093,1066288
205000,0.0010027440948155684,0.04888888888888889,0.000860892491158732,0.0001913179178608406,1.1590909090909092,1.0,0.6286053039063332,signatures/d8f4b1972268c610dcfc696b6c303ef4.sig.gz,"GCF_000327285.1 Holdemania massiliensis AP2 strain=AP2, ASM32728v1",d8f4b1972268c610dcfc696b6c303ef4,0.05694444444444444,176000,150,97280000,/nfs3_ib/nfs-ip34/home/def-ilafores/analysis/MethodsComparison/Feces_RA/preproc/SRR5091474/SRR5091474_unmatched_2.fastq,SRR5091474,c05751dbcea27bc40a766fc5dc8e185a,204439000,31,DNA,1000,204439,true,0.8003209714279266,0.9117027603030927,0.8560118658655096,0.9117027603030927,204,694297,1066288
256000,0.0012522072598672464,0.07246376811594203,0.0008560010565498755,0.00022320423750431403,1.36,1.0,1.323026832683298,signatures/0c27e38f5990e49c33434011e5c9e03c.sig.gz,"GCF_002834235.1 Ruminococcus bromii strain=5AMG, ASM283423v1",0c27e38f5990e49c33434011e5c9e03c,0.10600414078674948,175000,151,97105000,/nfs3_ib/nfs-ip34/home/def-ilafores/analysis/MethodsComparison/Feces_RA/preproc/SRR5091474/SRR5091474_unmatched_2.fastq,SRR5091474,c05751dbcea27bc40a766fc5dc8e185a,204439000,31,DNA,1000,204439,true,0.8060772276973681,0.9301624448738097,0.8681198362855889,0.9301624448738097,238,694535,1066288
381000,0.0018636365859743004,0.0521978021978022,0.0008364353181144498,0.00019975841423705416,1.2456140350877194,1.0,0.8841826784809932,signatures/9e471117913907283503d1bbd660072a.sig.gz,"GCF_003480315.1 Clostridium sp. AM33-3 strain=AM33-3, ASM348031v1",9e471117913907283503d1bbd660072a,0.1163003663003663,171000,152,96934000,/nfs3_ib/nfs-ip34/home/def-ilafores/analysis/MethodsComparison/Feces_RA/preproc/SRR5091474/SRR5091474_unmatched_2.fastq,SRR5091474,c05751dbcea27bc40a766fc5dc8e185a,204439000,31,DNA,1000,204439,true,0.8164829805611469,0.9329480349222313,0.874715507741689,0.9329480349222313,213,694748,1066288
322000,0.001575041944051771,0.045936395759717315,0.0008266524488967369,0.0002485257266329547,1.5680473372781065,1.0,2.2708175099376993,signatures/00a8594ef7630a9c5be143440e63af25.sig.gz,"GCF_014385005.1 Jingyaoa shaoxingensis strain=NSJ-46, ASM1438500v1",00a8594ef7630a9c5be143440e63af25,0.08752378363685784,169000,153,96765000,/nfs3_ib/nfs-ip34/home/def-ilafores/analysis/MethodsComparison/Feces_RA/preproc/SRR5091474/SRR5091474_unmatched_2.fastq,SRR5091474,c05751dbcea27bc40a766fc5dc8e185a,204439000,31,DNA,1000,204439,true,0.8120636456795259,0.9244321371301617,0.8682478914048438,0.9244321371301617,265,695013,1066288
914000,0.004470771232494779,0.06083788706739526,0.0008168695796790241,0.0007249448554236754,4.62874251497006,3.0,4.157802013132425,signatures/d5330fc8a7b2b48d024b6fb23f5b2ee5.sig.gz,"GCA_900765705.1 uncultured Faecalibacterium sp., SRS294968_37",d5330fc8a7b2b48d024b6fb23f5b2ee5,0.33296903460837884,167000,154,96598000,/nfs3_ib/nfs-ip34/home/def-ilafores/analysis/MethodsComparison/Feces_RA/preproc/SRR5091474/SRR5091474_unmatched_2.fastq,SRR5091474,c05751dbcea27bc40a766fc5dc8e185a,204439000,31,DNA,1000,204439,true,0.8398580425528454,0.965147460913693,0.9025027517332691,0.965147460913693,773,695786,1066288
184000,0.0009000239680295834,0.033588093322606594,0.0008168695796790241,0.00016693426166289031,1.0658682634730539,1.0,0.2711193155130963,signatures/cc542d90d796ddba111a81d6311906cb.sig.gz,"GCF_001571285.1 Kluyvera cryocrescens NBRC 102467 strain=NBRC 102467, ASM157128v1",cc542d90d796ddba111a81d6311906cb,0.03700724054706356,167000,155,96431000,/nfs3_ib/nfs-ip34/home/def-ilafores/analysis/MethodsComparison/Feces_RA/preproc/SRR5091474/SRR5091474_unmatched_2.fastq,SRR5091474,c05751dbcea27bc40a766fc5dc8e185a,204439000,31,DNA,1000,204439,true,0.7975356981895266,0.8991159461356072,0.8483258221625669,0.8991159461356072,178,695964,1066288
172000,0.0008413267527233062,0.08776595744680851,0.0008070867104613112,0.0001744369251084135,1.1272727272727272,1.0,0.3839765833080524,signatures/25d9434efebd27fb2b5a616278c349ff.sig.gz,"GCF_014287335.1 Streptococcus sp. NSJ-17 strain=NSJ-17, ASM1428733v1",25d9434efebd27fb2b5a616278c349ff,0.09148936170212765,165000,156,96266000,/nfs3_ib/nfs-ip34/home/def-ilafores/analysis/MethodsComparison/Feces_RA/preproc/SRR5091474/SRR5091474_unmatched_2.fastq,SRR5091474,c05751dbcea27bc40a766fc5dc8e185a,204439000,31,DNA,1000,204439,true,0.7958025251549956,0.9257544870861943,0.860778506120595,0.9257544870861943,186,696150,1066288
1845000,0.009024696853340116,0.0338123415046492,0.000782629537417029,0.0006302237294239455,4.2,2.0,4.449438166780162,signatures/74682f4f7d98823d43fc073dc9b6e96e.sig.gz,GCA_959606905.1 uncultured Bacteroides sp. SRR16244388_bin.36_MetaWRAP_v1.3_MAG,74682f4f7d98823d43fc073dc9b6e96e,0.38989856297548603,160000,157,96106000,/nfs3_ib/nfs-ip34/home/def-ilafores/analysis/MethodsComparison/Feces_RA/preproc/SRR5091474/SRR5091474_unmatched_2.fastq,SRR5091474,c05751dbcea27bc40a766fc5dc8e185a,204439000,31,DNA,1000,204439,true,0.8591049346983449,0.970074059617417,0.914589497157881,0.970074059617417,672,696822,1066288
999000,0.004886543174247575,0.023559045784560674,0.0007777381028081726,0.000192255750791531,1.2893081761006289,1.0,0.5301704003951597,signatures/d0bde3e6526ca3c12f402123a43ebfc0.sig.gz,"GCA_019412825.1 Bacteroides thetaiotaomicron, ASM1941282v1",d0bde3e6526ca3c12f402123a43ebfc0,0.14802192917469253,159000,158,95947000,/nfs3_ib/nfs-ip34/home/def-ilafores/analysis/MethodsComparison/Feces_RA/preproc/SRR5091474/SRR5091474_unmatched_2.fastq,SRR5091474,c05751dbcea27bc40a766fc5dc8e185a,204439000,31,DNA,1000,204439,true,0.8422706531673182,0.9402348070320855,0.8912527300997019,0.9402348070320855,205,697027,1066288
565000,0.002763660554003884,0.04798056483449742,0.0007728466681993162,0.00023258256681121797,1.5696202531645569,1.0,1.1603528959476568,signatures/ad88132eb529dcc3d2bfa18338979035.sig.gz,"GCF_018784445.1 Gemmiger formicilis strain=MCC627, ASM1878444v1",ad88132eb529dcc3d2bfa18338979035,0.17157607045247494,158000,159,95789000,/nfs3_ib/nfs-ip34/home/def-ilafores/analysis/MethodsComparison/Feces_RA/preproc/SRR5091474/SRR5091474_unmatched_2.fastq,SRR5091474,c05751dbcea27bc40a766fc5dc8e185a,204439000,31,DNA,1000,204439,true,0.8269271448400674,0.9447242326943436,0.8858256887672055,0.9447242326943436,248,697275,1066288
162000,0.0007924124066347419,0.07684824902723736,0.0007728466681993162,0.00016318292994012875,1.1012658227848102,1.0,0.30168038703324,signatures/12bca26e96a1ce1c218fa7ffafa888ce.sig.gz,"GCF_000686605.1 Streptococcus sobrinus DSM 20742 = ATCC 33478 strain=DSM 20742, ASM68660v1",12bca26e96a1ce1c218fa7ffafa888ce,0.07879377431906615,158000,160,95631000,/nfs3_ib/nfs-ip34/home/def-ilafores/analysis/MethodsComparison/Feces_RA/preproc/SRR5091474/SRR5091474_unmatched_2.fastq,SRR5091474,c05751dbcea27bc40a766fc5dc8e185a,204439000,31,DNA,1000,204439,true,0.7942663615796738,0.9213040168037092,0.8577851891916914,0.9213040168037092,174,697449,1066288
1418000,0.00693605427535842,0.04043829898252022,0.0007581723643727469,0.013588261332773134,93.47741935483872,86.0,173.2904083299094,signatures/25193ca20fa965045f4893947deacea0.sig.gz,"GCF_019127135.1 Prevotella copri strain=MSK.21.95, ASM1912713v1",25193ca20fa965045f4893947deacea0,0.369945212627185,155000,161,95476000,/nfs3_ib/nfs-ip34/home/def-ilafores/analysis/MethodsComparison/Feces_RA/preproc/SRR5091474/SRR5091474_unmatched_2.fastq,SRR5091474,c05751dbcea27bc40a766fc5dc8e185a,204439000,31,DNA,1000,204439,true,0.8518408585812706,0.9684315926340423,0.9101362256076564,0.9684315926340423,14489,711938,1066288
790000,0.0038642333409965807,0.09791535060012634,0.0007581723643727469,0.000652731719760515,4.490322580645161,4.0,2.8542390476452764,signatures/3b0c0b515aeaac98f8eecc40f98418e8.sig.gz,GCA_902463235.1 uncultured Faecalibacterium sp. UHGG-TPA_MGYG-HGUT-00512,3b0c0b515aeaac98f8eecc40f98418e8,0.4990524320909665,155000,162,95321000,/nfs3_ib/nfs-ip34/home/def-ilafores/analysis/MethodsComparison/Feces_RA/preproc/SRR5091474/SRR5091474_unmatched_2.fastq,SRR5091474,c05751dbcea27bc40a766fc5dc8e185a,204439000,31,DNA,1000,204439,true,0.8359173389728087,0.9778286997831002,0.9068730193779544,0.9778286997831002,696,712634,1066288
168000,0.0008217610142878805,0.07083333333333333,0.000748389495155034,0.00017537475803910388,1.2222222222222223,1.0,0.6388533664464,signatures/4a1943cef878ce8b6d6625ec2358cbd9.sig.gz,"GCA_003525905.1 Clostridiales bacterium, ASM352590v1",4a1943cef878ce8b6d6625ec2358cbd9,0.07777777777777778,153000,163,95168000,/nfs3_ib/nfs-ip34/home/def-ilafores/analysis/MethodsComparison/Feces_RA/preproc/SRR5091474/SRR5091474_unmatched_2.fastq,SRR5091474,c05751dbcea27bc40a766fc5dc8e185a,204439000,31,DNA,1000,204439,true,0.7951987017928529,0.9209183912287312,0.858058546510792,0.9209183912287312,187,712821,1066288
162000,0.0007924124066347419,0.027606247729749366,0.0007434980605461775,0.00015943159821736716,1.118421052631579,1.0,0.34286353212619425,signatures/2e21b560563bbc94b08ae516434585ff.sig.gz,"GCF_009695545.1 Victivallaceae bacterium BBE-744-WT-12 strain=BBE-744-WT-12, ASM969554v1",2e21b560563bbc94b08ae516434585ff,0.029422448238285506,152000,164,95016000,/nfs3_ib/nfs-ip34/home/def-ilafores/analysis/MethodsComparison/Feces_RA/preproc/SRR5091474/SRR5091474_unmatched_2.fastq,SRR5091474,c05751dbcea27bc40a766fc5dc8e185a,204439000,31,DNA,1000,204439,true,0.7942663615796738,0.8924883219934114,0.8433773417865427,0.8924883219934114,170,712991,1066288
151000,0.0007386066259373211,0.04848093083387201,0.0007337151913284647,0.0001547424335639152,1.1,1.0,0.3,signatures/0577121652a91194533e84a2dee7741c.sig.gz,"GCA_905209085.1 uncultured Clostridiales bacterium, ERR1600743-mag-bin.83",0577121652a91194533e84a2dee7741c,0.04880413703943116,150000,165,94866000,/nfs3_ib/nfs-ip34/home/def-ilafores/analysis/MethodsComparison/Feces_RA/preproc/SRR5091474/SRR5091474_unmatched_2.fastq,SRR5091474,c05751dbcea27bc40a766fc5dc8e185a,204439000,31,DNA,1000,204439,true,0.7924667894624733,0.9071772480590184,0.8498220187607459,0.9071772480590184,165,713156,1066288
592000,0.0028957292884430074,0.06208053691275168,0.0007239323221107519,0.00021663940698948126,1.5608108108108107,1.0,0.9243430929025432,signatures/064f37e0e8408f176a29afe33224f971.sig.gz,"GCF_009738225.1 Streptococcus salivarius strain=ICDC2, ASM973822v1",064f37e0e8408f176a29afe33224f971,0.2483221476510067,148000,166,94718000,/nfs3_ib/nfs-ip34/home/def-ilafores/analysis/MethodsComparison/Feces_RA/preproc/SRR5091474/SRR5091474_unmatched_2.fastq,SRR5091474,c05751dbcea27bc40a766fc5dc8e185a,204439000,31,DNA,1000,204439,true,0.8281732991933649,0.9560582854130651,0.892115792303215,0.9560582854130651,231,713387,1066288
755000,0.0036930331296866057,0.03994565217391304,0.0007190408875018954,0.00018662875320738862,1.3537414965986394,1.0,0.8148512746769548,signatures/c2d8b6207a026871224ccd15d94fc35d.sig.gz,"GCF_003435375.1 Clostridium sp. AM34-11AC strain=AM34-11AC, ASM343537v1",c2d8b6207a026871224ccd15d94fc35d,0.20516304347826086,147000,167,94571000,/nfs3_ib/nfs-ip34/home/def-ilafores/analysis/MethodsComparison/Feces_RA/preproc/SRR5091474/SRR5091474_unmatched_2.fastq,SRR5091474,c05751dbcea27bc40a766fc5dc8e185a,204439000,31,DNA,1000,204439,true,0.8346963039479206,0.9501882364495318,0.8924422701987262,0.9501882364495318,199,713586,1066288
151000,0.0007386066259373211,0.07507660878447395,0.0007190408875018954,0.00016318292994012875,1.183673469387755,1.0,0.8082938120355978,signatures/5829d46b7921c18901a080b82380443c.sig.gz,"GCA_904394705.1 Candidatus Avimicrobium caecorum, Coassembly_mag_137",5829d46b7921c18901a080b82380443c,0.07711950970377937,147000,168,94424000,/nfs3_ib/nfs-ip34/home/def-ilafores/analysis/MethodsComparison/Feces_RA/preproc/SRR5091474/SRR5091474_unmatched_2.fastq,SRR5091474,c05751dbcea27bc40a766fc5dc8e185a,204439000,31,DNA,1000,204439,true,0.7924667894624733,0.9206659318512864,0.8565663606568799,0.9206659318512864,174,713760,1066288
376000,0.0018391794129300183,0.042844651705042265,0.0007190408875018954,0.00017349909217772308,1.2585034013605443,1.0,0.7103552371268904,signatures/8d6533932a9329431a562a008a9885c3.sig.gz,"GCF_014297355.1 Blautia sp. 2744 strain=2744, ASM1429735v1",8d6533932a9329431a562a008a9885c3,0.1095890410958904,147000,169,94277000,/nfs3_ib/nfs-ip34/home/def-ilafores/analysis/MethodsComparison/Feces_RA/preproc/SRR5091474/SRR5091474_unmatched_2.fastq,SRR5091474,c05751dbcea27bc40a766fc5dc8e185a,204439000,31,DNA,1000,204439,true,0.8161351214782554,0.9311609313528973,0.8736480264155764,0.9311609313528973,185,713945,1066288
259000,0.0012668815636938157,0.04986149584487535,0.0007043665836753262,0.00015661809942529598,1.1597222222222223,1.0,0.3848375278471502,signatures/f264b62f2a1798cf106db911e66dcf25.sig.gz,GCF_025150745.1 Eubacterium ventriosum strain=ATCC 27560 ASM2515074v1,f264b62f2a1798cf106db911e66dcf25,0.0896814404432133,144000,170,94133000,/nfs3_ib/nfs-ip34/home/def-ilafores/analysis/MethodsComparison/Feces_RA/preproc/SRR5091474/SRR5091474_unmatched_2.fastq,SRR5091474,c05751dbcea27bc40a766fc5dc8e185a,204439000,31,DNA,1000,204439,true,0.8063802297037964,0.9251586465452356,0.865769438124516,0.9251586465452356,167,714112,1066288
171000,0.0008364353181144498,0.051209103840682786,0.0007043665836753262,0.0001763125909697943,1.3055555555555556,1.0,0.8439143072757396,signatures/3085eeec4919397105926f4ea1ff090f.sig.gz,"GCA_000980705.1 Ruminococcus sp. UNK.MGS-30, ASM98070v1",3085eeec4919397105926f4ea1ff090f,0.060810810810810814,144000,171,93989000,/nfs3_ib/nfs-ip34/home/def-ilafores/analysis/MethodsComparison/Feces_RA/preproc/SRR5091474/SRR5091474_unmatched_2.fastq,SRR5091474,c05751dbcea27bc40a766fc5dc8e185a,204439000,31,DNA,1000,204439,true,0.7956528533894615,0.9136367789184898,0.8546448161539757,0.9136367789184898,188,714300,1066288
358000,0.0017511335899706025,0.06394316163410302,0.0007043665836753262,0.00017349909217772308,1.2847222222222223,1.0,0.7606940767450879,signatures/173ff7186352092145092768c0e2c53e.sig.gz,GCA_027671585.1 Coriobacteriaceae bacterium AM22-12AC-r strain=AM22-12AC-r ASM2767158v1,173ff7186352092145092768c0e2c53e,0.15896980461811722,144000,172,93845000,/nfs3_ib/nfs-ip34/home/def-ilafores/analysis/MethodsComparison/Feces_RA/preproc/SRR5091474/SRR5091474_unmatched_2.fastq,SRR5091474,c05751dbcea27bc40a766fc5dc8e185a,204439000,31,DNA,1000,204439,true,0.8148446443372621,0.9424014727525702,0.8786230585449162,0.9424014727525702,185,714485,1066288
290000,0.0014185160365683652,0.03742751713231418,0.0006945837144576133,0.00014442627132632086,1.0845070422535212,1.0,0.2781467275793168,signatures/7cd4b3339789e10ae81fb36d32edd892.sig.gz,"GCF_020686945.1 Fusicatenibacter sp. CLA-AA-H277 strain=CLA-AA-H277, ASM2068694v1",7cd4b3339789e10ae81fb36d32edd892,0.0764364786505008,142000,173,93703000,/nfs3_ib/nfs-ip34/home/def-ilafores/analysis/MethodsComparison/Feces_RA/preproc/SRR5091474/SRR5091474_unmatched_2.fastq,SRR5091474,c05751dbcea27bc40a766fc5dc8e185a,204439000,31,DNA,1000,204439,true,0.8093263595499747,0.9204017611702884,0.8648640603601315,0.9204017611702884,154,714639,1066288
234000,0.001144595698472405,0.0404422461448938,0.000679909410631044,0.00014067493960355927,1.079136690647482,1.0,0.26995198617688804,signatures/4effc200458b2ee60a5b0ef5aeeedfee.sig.gz,GCF_900547475.1 uncultured Clostridium sp. UMGS990,4effc200458b2ee60a5b0ef5aeeedfee,0.06808263020075647,139000,174,93564000,/nfs3_ib/nfs-ip34/home/def-ilafores/analysis/MethodsComparison/Feces_RA/preproc/SRR5091474/SRR5091474_unmatched_2.fastq,SRR5091474,c05751dbcea27bc40a766fc5dc8e185a,204439000,31,DNA,1000,204439,true,0.8037441222816862,0.9169718647123531,0.8603579934970197,0.9169718647123531,150,714789,1066288
423000,0.0020690768395462706,0.05690721649484536,0.0006750179760221875,0.00027853638041504735,2.152173913043478,1.0,1.996018405977417,signatures/f6429d724d5b86af3c741638eedd8b73.sig.gz,"GCA_003447295.1 Lachnospiraceae bacterium, ASM344729v1",f6429d724d5b86af3c741638eedd8b73,0.17443298969072166,138000,175,93426000,/nfs3_ib/nfs-ip34/home/def-ilafores/analysis/MethodsComparison/Feces_RA/preproc/SRR5091474/SRR5091474_unmatched_2.fastq,SRR5091474,c05751dbcea27bc40a766fc5dc8e185a,204439000,31,DNA,1000,204439,true,0.819241886586868,0.945227628277364,0.882234757432116,0.945227628277364,297,715086,1066288
282000,0.0013793845596975136,0.027692934229281204,0.0006652351068044747,0.00028228771213780894,2.213235294117647,1.0,4.399879824955273,signatures/a17817b17fc8d3307313b0166e1cb3ee.sig.gz,"GCF_900155425.1 Parabacteroides massiliensis strain=SN4, PRJEB18759",a17817b17fc8d3307313b0166e1cb3ee,0.05742211362248015,136000,176,93290000,/nfs3_ib/nfs-ip34/home/def-ilafores/analysis/MethodsComparison/Feces_RA/preproc/SRR5091474/SRR5091474_unmatched_2.fastq,SRR5091474,c05751dbcea27bc40a766fc5dc8e185a,204439000,31,DNA,1000,204439,true,0.8085963671644595,0.9119484634842424,0.860272415324351,0.9119484634842424,301,715387,1066288
142000,0.0006945837144576133,0.11278195488721804,0.0006603436721956183,0.000151928934771844,1.2,1.0,0.418108616049484,signatures/71bb64c9fe08092a3a00c411e4fb9c66.sig.gz,"GCA_934101145.1 uncultured Clostridia bacterium, ERR7738222_bin.235",71bb64c9fe08092a3a00c411e4fb9c66,0.11862990810359231,135000,177,93155000,/nfs3_ib/nfs-ip34/home/def-ilafores/analysis/MethodsComparison/Feces_RA/preproc/SRR5091474/SRR5091474_unmatched_2.fastq,SRR5091474,c05751dbcea27bc40a766fc5dc8e185a,204439000,31,DNA,1000,204439,true,0.7908974007828935,0.933545084563151,0.8622212426730222,0.933545084563151,162,715549,1066288
335000,0.0016386305939669046,0.030011198208286675,0.0006554522375867618,0.0006086535720180664,4.843283582089552,2.0,14.27389563786898,signatures/a65db27ac6f6490cca7eeb016c93eea7.sig.gz,"GCF_000382445.1 Bacteroides massiliensis B84634 = Timone 84634 = DSM 17679 = JCM 13223 strain=DSM 17679, Bact_mass_DSM_17679_V1",a65db27ac6f6490cca7eeb016c93eea7,0.07502799552071669,134000,178,93021000,/nfs3_ib/nfs-ip34/home/def-ilafores/analysis/MethodsComparison/Feces_RA/preproc/SRR5091474/SRR5091474_unmatched_2.fastq,SRR5091474,c05751dbcea27bc40a766fc5dc8e185a,204439000,31,DNA,1000,204439,true,0.8131011031724474,0.9198497233191065,0.866475413245777,0.9198497233191065,649,716198,1066288
1029000,0.005033286212513268,0.03538627768773636,0.0006407779337601926,0.0018540957039749112,15.091603053435115,14.0,5.603230232042326,signatures/19b182aa375aae156dab011d86e5486c.sig.gz,GCA_945965395.1 uncultured Bacteroides sp. SRR12203260_bin.2_metaWRAP_v1.3_MAG,19b182aa375aae156dab011d86e5486c,0.2779578606158833,131000,179,92890000,/nfs3_ib/nfs-ip34/home/def-ilafores/analysis/MethodsComparison/Feces_RA/preproc/SRR5091474/SRR5091474_unmatched_2.fastq,SRR5091474,c05751dbcea27bc40a766fc5dc8e185a,204439000,31,DNA,1000,204439,true,0.8430749423534065,0.9595416652504039,0.9013083038019052,0.9595416652504039,1977,718175,1066288
252000,0.0012326415214318207,0.06431026018654884,0.0006407779337601926,0.00014255060546494006,1.1603053435114503,1.0,0.4423530746397075,signatures/67c65ed0334c2a6f06b9e2579342b4b1.sig.gz,"GCF_010120595.1 Streptococcus thermophilus strain=ATCC 19258, ASM1012059v1",67c65ed0334c2a6f06b9e2579342b4b1,0.12371134020618557,131000,180,92759000,/nfs3_ib/nfs-ip34/home/def-ilafores/analysis/MethodsComparison/Feces_RA/preproc/SRR5091474/SRR5091474_unmatched_2.fastq,SRR5091474,c05751dbcea27bc40a766fc5dc8e185a,204439000,31,DNA,1000,204439,true,0.8056678351804979,0.9348090053977159,0.8702384202891069,0.9348090053977159,152,718327,1066288
138000,0.0006750179760221875,0.04021033096195484,0.000635886499151336,0.00013879927374217847,1.1384615384615384,1.0,0.3453837587791331,signatures/056fdeeb25787442a0f1b1605160997d.sig.gz,"GCF_000013285.1 Clostridium perfringens ATCC 13124 strain=ATCC 13124, ASM1328v1",056fdeeb25787442a0f1b1605160997d,0.04268481286730591,130000,181,92629000,/nfs3_ib/nfs-ip34/home/def-ilafores/analysis/MethodsComparison/Feces_RA/preproc/SRR5091474/SRR5091474_unmatched_2.fastq,SRR5091474,c05751dbcea27bc40a766fc5dc8e185a,204439000,31,DNA,1000,204439,true,0.79016874935115,0.9032651830321976,0.8467169661916738,0.9032651830321976,148,718475,1066288
155000,0.0007581723643727469,0.04380053908355795,0.000635886499151336,0.0001303587773659649,1.0692307692307692,1.0,0.2538461538461538,signatures/a4b84820347df41b4e179c121a5d09eb.sig.gz,"GCA_905214955.1 uncultured bacterium, ERR1430502-mag-bin.37",a4b84820347df41b4e179c121a5d09eb,0.052223719676549867,130000,182,92499000,/nfs3_ib/nfs-ip34/home/def-ilafores/analysis/MethodsComparison/Feces_RA/preproc/SRR5091474/SRR5091474_unmatched_2.fastq,SRR5091474,c05751dbcea27bc40a766fc5dc8e185a,204439000,31,DNA,1000,204439,true,0.7931354348145764,0.909161207602529,0.8511483212085527,0.909161207602529,139,718614,1066288
857000,0.004191959459789962,0.06210881078478575,0.0006309950645424796,0.0008318578095223804,6.875968992248062,6.0,4.638911513496056,signatures/1199bb7ceeef5b5106f83b0a80c5b1c4.sig.gz,"GCA_905215595.1 uncultured bacterium, ERR1600666-mag-bin.42",1199bb7ceeef5b5106f83b0a80c5b1c4,0.4126143476167549,129000,183,92370000,/nfs3_ib/nfs-ip34/home/def-ilafores/analysis/MethodsComparison/Feces_RA/preproc/SRR5091474/SRR5091474_unmatched_2.fastq,SRR5091474,c05751dbcea27bc40a766fc5dc8e185a,204439000,31,DNA,1000,204439,true,0.8381153148583907,0.9718476840115265,0.9049814994349586,0.9718476840115265,887,719501,1066288
990000,0.004842520262767867,0.026181223154019228,0.0006261036299336232,0.00017537475803910388,1.4609375,1.0,1.0375929457613668,signatures/710cdbb1b39af4ff433ed7fbad6c78ce.sig.gz,"GCF_000614125.1 Bacteroides rodentium JCM 16496 strain=JCM 16496, ASM61412v1",710cdbb1b39af4ff433ed7fbad6c78ce,0.20249539783186746,128000,184,92242000,/nfs3_ib/nfs-ip34/home/def-ilafores/analysis/MethodsComparison/Feces_RA/preproc/SRR5091474/SRR5091474_unmatched_2.fastq,SRR5091474,c05751dbcea27bc40a766fc5dc8e185a,204439000,31,DNA,1000,204439,true,0.8420248048325828,0.9497871627563389,0.8959059837944608,0.9497871627563389,187,719688,1066288
531000,0.002597351777302765,0.04120700843608047,0.0006212121953247668,0.0007558933421364585,6.346456692913386,6.0,3.133205329044246,signatures/77a3e7c3120575d9da787e808e54cdea.sig.gz,GCF_025149915.1 Coprococcus eutactus strain=ATCC 27759 ASM2514991v1,77a3e7c3120575d9da787e808e54cdea,0.17229072031148604,127000,185,92115000,/nfs3_ib/nfs-ip34/home/def-ilafores/analysis/MethodsComparison/Feces_RA/preproc/SRR5091474/SRR5091474_unmatched_2.fastq,SRR5091474,c05751dbcea27bc40a766fc5dc8e185a,204439000,31,DNA,1000,204439,true,0.8252732472338262,0.9448509121461536,0.88506207968999,0.9448509121461536,806,720494,1066288
514000,0.0025141973889522056,0.03167420814479638,0.0006163207607159104,0.00040514382605825067,3.4285714285714284,1.0,8.978305927304051,signatures/21dcfee3f1e24fb9aebbbe6b8ae42cad.sig.gz,"GCF_000154845.1 Bacteroides coprocola DSM 17136 strain=DSM 17136, ASM15484v1",21dcfee3f1e24fb9aebbbe6b8ae42cad,0.12921065862242334,126000,186,91989000,/nfs3_ib/nfs-ip34/home/def-ilafores/analysis/MethodsComparison/Feces_RA/preproc/SRR5091474/SRR5091474_unmatched_2.fastq,SRR5091474,c05751dbcea27bc40a766fc5dc8e185a,204439000,31,DNA,1000,204439,true,0.8244074641231056,0.936121466975252,0.8802644655491788,0.936121466975252,432,720926,1066288
656000,0.003208781103409819,0.04713804713804714,0.0006163207607159104,0.000299168704890236,2.5317460317460316,2.0,1.6265969341830748,signatures/baf0265542e4c5fd56de62f0b42ebc97.sig.gz,"GCA_902786155.1 uncultured Lachnospiraceae bacterium, Rumen uncultured genome RUG13138",baf0265542e4c5fd56de62f0b42ebc97,0.2454171343060232,126000,187,91863000,/nfs3_ib/nfs-ip34/home/def-ilafores/analysis/MethodsComparison/Feces_RA/preproc/SRR5091474/SRR5091474_unmatched_2.fastq,SRR5091474,c05751dbcea27bc40a766fc5dc8e185a,204439000,31,DNA,1000,204439,true,0.8309202780974386,0.9556954365993579,0.8933078573483982,0.9556954365993579,319,721245,1066288
145000,0.0007092580182841826,0.06121449559255632,0.0006114293261070539,0.00013317227615803611,1.136,1.0,0.42603286258221906,signatures/c64242b3a6215455e5c7b11a8f869a61.sig.gz,"GCF_002959915.1 Veillonella atypica KON strain=ATCC 17744, ASM295991v1",c64242b3a6215455e5c7b11a8f869a61,0.07100881488736532,125000,188,91738000,/nfs3_ib/nfs-ip34/home/def-ilafores/analysis/MethodsComparison/Feces_RA/preproc/SRR5091474/SRR5091474_unmatched_2.fastq,SRR5091474,c05751dbcea27bc40a766fc5dc8e185a,204439000,31,DNA,1000,204439,true,0.7914309691580089,0.9182174816836088,0.8548242254208089,0.9182174816836088,142,721387,1066288
574000,0.002807683465483592,0.04646769928220627,0.0006016464568893411,0.0002091367435439581,1.8130081300813008,2.0,1.0695306583741273,signatures/9a20197884bd1dae7dfee0d88793964b.sig.gz,GCA_945963595.1 uncultured Clostridia bacterium ERR2020030_bin.1_metaWRAP_v1.3_MAG,9a20197884bd1dae7dfee0d88793964b,0.2168492633169626,123000,189,91615000,/nfs3_ib/nfs-ip34/home/def-ilafores/analysis/MethodsComparison/Feces_RA/preproc/SRR5091474/SRR5091474_unmatched_2.fastq,SRR5091474,c05751dbcea27bc40a766fc5dc8e185a,204439000,31,DNA,1000,204439,true,0.8273488161759648,0.9518877554992963,0.8896182858376305,0.9518877554992963,223,721610,1066288
292000,0.001428298905786078,0.0568075117370892,0.0005918635876716282,0.0001547424335639152,1.3636363636363635,1.0,0.7041787902195301,signatures/5e8b0fbe7c849c05b6e9e5e3bbf969f2.sig.gz,"GCF_000164675.2 Streptococcus parasanguinis ATCC 15912 strain=ATCC 15912, ASM16467v2",5e8b0fbe7c849c05b6e9e5e3bbf969f2,0.13708920187793427,121000,190,91494000,/nfs3_ib/nfs-ip34/home/def-ilafores/analysis/MethodsComparison/Feces_RA/preproc/SRR5091474/SRR5091474_unmatched_2.fastq,SRR5091474,c05751dbcea27bc40a766fc5dc8e185a,204439000,31,DNA,1000,204439,true,0.8095058117766698,0.9379104940417728,0.8737081529092213,0.9379104940417728,165,721775,1066288
1065000,0.005209377858432099,0.04329159212880143,0.0005918635876716282,0.0012670122893627238,11.165289256198347,11.0,4.544267313021829,signatures/5229119e2aa175d63f96a9ce9dfd479c.sig.gz,"GCF_000146185.1 [Eubacterium] eligens ATCC 27750 strain=ATCC 27750, ASM14618v1",5229119e2aa175d63f96a9ce9dfd479c,0.3810375670840787,121000,191,91373000,/nfs3_ib/nfs-ip34/home/def-ilafores/analysis/MethodsComparison/Feces_RA/preproc/SRR5091474/SRR5091474_unmatched_2.fastq,SRR5091474,c05751dbcea27bc40a766fc5dc8e185a,204439000,31,DNA,1000,204439,true,0.8440106582260474,0.9693549494405299,0.9066828038332886,0.9693549494405299,1351,723126,1066288
248000,0.001213075782996395,0.03814802738832736,0.0005722978492362025,0.00014255060546494006,1.2991452991452992,1.0,0.5432563617801945,signatures/9ab671fa6983f6c9a2d4ab9bd5e10b75.sig.gz,GCA_902474825.1 uncultured Eubacteriales bacterium UHGG-TPA_MGYG-HGUT-02006,9ab671fa6983f6c9a2d4ab9bd5e10b75,0.08086077600260841,117000,192,91256000,/nfs3_ib/nfs-ip34/home/def-ilafores/analysis/MethodsComparison/Feces_RA/preproc/SRR5091474/SRR5091474_unmatched_2.fastq,SRR5091474,c05751dbcea27bc40a766fc5dc8e185a,204439000,31,DNA,1000,204439,true,0.8052521050457689,0.9220739206025764,0.8636630128241727,0.9220739206025764,152,723278,1066288
1119000,0.005473515327310347,0.03267243786651773,0.0005722978492362025,0.00014442627132632086,1.3162393162393162,1.0,0.6749431460649451,signatures/300d2de3c2c21f7c37b9a66b2c49f0e7.sig.gz,"GCA_900755095.1 uncultured Bacteroides sp., ERS473029_19",300d2de3c2c21f7c37b9a66b2c49f0e7,0.31248254677464393,117000,193,91139000,/nfs3_ib/nfs-ip34/home/def-ilafores/analysis/MethodsComparison/Feces_RA/preproc/SRR5091474/SRR5091474_unmatched_2.fastq,SRR5091474,c05751dbcea27bc40a766fc5dc8e185a,204439000,31,DNA,1000,204439,true,0.8453583556177598,0.9631724614358605,0.9042654085268103,0.9631724614358605,154,723432,1066288
900000,0.004402291147970788,0.041443372633083245,0.000567406414627346,0.0003629413441771829,3.336206896551724,3.0,2.315405548439742,signatures/1a6ea346590b713f033b7fae8ab21643.sig.gz,"GCF_023347535.1 Faecalibacterium sp. HTFF strain=HTFF, ASM2334753v1",1a6ea346590b713f033b7fae8ab21643,0.3215434083601286,116000,194,91023000,/nfs3_ib/nfs-ip34/home/def-ilafores/analysis/MethodsComparison/Feces_RA/preproc/SRR5091474/SRR5091474_unmatched_2.fastq,SRR5091474,c05751dbcea27bc40a766fc5dc8e185a,204439000,31,DNA,1000,204439,true,0.8394399567274559,0.964060976151369,0.9017504664394125,0.964060976151369,387,723819,1066288
363000,0.0017755907630148846,0.03430479659987857,0.0005527321108007768,0.00014161277253424965,1.336283185840708,1.0,0.974094718995895,signatures/41ced143ca0b5e61a031abb93ac88d51.sig.gz,GCF_020687045.1 Brotocaccenecus cirricatena strain=CLA-AA-H272 ASM2068704v1,41ced143ca0b5e61a031abb93ac88d51,0.11020036429872496,113000,195,90910000,/nfs3_ib/nfs-ip34/home/def-ilafores/analysis/MethodsComparison/Feces_RA/preproc/SRR5091474/SRR5091474_unmatched_2.fastq,SRR5091474,c05751dbcea27bc40a766fc5dc8e185a,204439000,31,DNA,1000,204439,true,0.8152092991732249,0.9313280393601222,0.8732686692666736,0.9313280393601222,151,723970,1066288
155000,0.0007581723643727469,0.035725576983876066,0.0005527321108007768,0.0002804120462764281,2.646017699115044,1.0,4.337366669766959,signatures/0fd00fe0e4e8c9621563b19e910f942e.sig.gz,GCF_020687385.1 Hominilimicola fabiformis strain=CLA-AA-H232 ASM2068738v1,0fd00fe0e4e8c9621563b19e910f942e,0.04900411002213089,113000,196,90797000,/nfs3_ib/nfs-ip34/home/def-ilafores/analysis/MethodsComparison/Feces_RA/preproc/SRR5091474/SRR5091474_unmatched_2.fastq,SRR5091474,c05751dbcea27bc40a766fc5dc8e185a,204439000,31,DNA,1000,204439,true,0.7931354348145764,0.9072969181300597,0.8502161764723181,0.9072969181300597,299,724269,1066288
133000,0.0006505608029779054,0.051811095827602016,0.0005527321108007768,0.00011253995168284741,1.0619469026548674,1.0,0.30579031049860167,signatures/7b84dbbb3f681c53d36cf76d788fd1fa.sig.gz,"GCA_020555865.1 bacterium 210917-DFI.7.65 strain=DFI.7.65, ASM2055586v1",7b84dbbb3f681c53d36cf76d788fd1fa,0.06098120128381476,113000,197,90684000,/nfs3_ib/nfs-ip34/home/def-ilafores/analysis/MethodsComparison/Feces_RA/preproc/SRR5091474/SRR5091474_unmatched_2.fastq,SRR5091474,c05751dbcea27bc40a766fc5dc8e185a,204439000,31,DNA,1000,204439,true,0.7892286371916082,0.9137192474501615,0.8514739423208848,0.9137192474501615,120,724389,1066288
768000,0.0037566217796017394,0.05022421524663677,0.0005478406761919203,0.00037700883813753883,3.5892857142857144,3.0,2.0897435395819475,signatures/93cdc16ca0cdf655b8e92dd131cbe69f.sig.gz,GCA_902463905.1 uncultured Faecalibacterium sp. UHGG-TPA_MGYG-HGUT-00589,93cdc16ca0cdf655b8e92dd131cbe69f,0.34439461883408073,112000,198,90572000,/nfs3_ib/nfs-ip34/home/def-ilafores/analysis/MethodsComparison/Feces_RA/preproc/SRR5091474/SRR5091474_unmatched_2.fastq,SRR5091474,c05751dbcea27bc40a766fc5dc8e185a,204439000,31,DNA,1000,204439,true,0.8351561054434974,0.9661984447748837,0.9006772751091905,0.9661984447748837,402,724791,1066288
931000,0.004553925620845338,0.025901942645698426,0.0005478406761919203,0.003904198490464115,37.169642857142854,14.0,52.421010031566475,signatures/9daea6eecc92f4d8e1dbe8bf3bb3214a.sig.gz,"GCA_900557085.1 uncultured Bacteroides sp., UMGS2007",9daea6eecc92f4d8e1dbe8bf3bb3214a,0.21530989824236818,112000,199,90460000,/nfs3_ib/nfs-ip34/home/def-ilafores/analysis/MethodsComparison/Feces_RA/preproc/SRR5091474/SRR5091474_unmatched_2.fastq,SRR5091474,c05751dbcea27bc40a766fc5dc8e185a,204439000,31,DNA,1000,204439,true,0.8403574650753822,0.951669027750979,0.8960132464131806,0.951669027750979,4163,728954,1066288
111000,0.0005429492415830639,0.04152637485970819,0.0005429492415830639,0.00011160211875215701,1.072072072072072,1.0,0.29136867799632843,signatures/f5aede6d3cc8a4e12659fbec64615690.sig.gz,"GCA_934479825.1 uncultured Eubacteriales bacterium, ERR7738665_bin.116",f5aede6d3cc8a4e12659fbec64615690,0.04152637485970819,111000,200,90349000,/nfs3_ib/nfs-ip34/home/def-ilafores/analysis/MethodsComparison/Feces_RA/preproc/SRR5091474/SRR5091474_unmatched_2.fastq,SRR5091474,c05751dbcea27bc40a766fc5dc8e185a,204439000,31,DNA,1000,204439,true,0.784638569891107,0.9024638348479954,0.8435512023695513,0.9024638348479954,119,729073,1066288
282000,0.0013793845596975136,0.031718569780853516,0.0005380578069742075,0.00012285611392044176,1.190909090909091,1.0,0.9194410806715384,signatures/05df2d9cef43af2f34e1eb0c217ff27b.sig.gz,"GCF_020687435.1 Blautia sp. CLA-AA-H217 strain=CLA-AA-H217, ASM2068743v1",05df2d9cef43af2f34e1eb0c217ff27b,0.08131487889273356,110000,201,90239000,/nfs3_ib/nfs-ip34/home/def-ilafores/analysis/MethodsComparison/Feces_RA/preproc/SRR5091474/SRR5091474_unmatched_2.fastq,SRR5091474,c05751dbcea27bc40a766fc5dc8e185a,204439000,31,DNA,1000,204439,true,0.8085963671644595,0.9222405083322758,0.8654184377483676,0.9222405083322758,131,729204,1066288
414000,0.0020250539280665626,0.03288490284005979,0.0005380578069742075,0.00012004261512837058,1.1636363636363636,1.0,0.580395989073177,signatures/58c1aa2ce53e4bd227085676f11d8646.sig.gz,"GCF_003481825.1 Clostridium sp. OM02-18AC strain=OM02-18AC, ASM348182v1",58c1aa2ce53e4bd227085676f11d8646,0.12376681614349776,110000,202,90129000,/nfs3_ib/nfs-ip34/home/def-ilafores/analysis/MethodsComparison/Feces_RA/preproc/SRR5091474/SRR5091474_unmatched_2.fastq,SRR5091474,c05751dbcea27bc40a766fc5dc8e185a,204439000,31,DNA,1000,204439,true,0.818673735811108,0.9348225249439021,0.8767481303775051,0.9348225249439021,128,729332,1066288
1903000,0.009308400060653789,0.02953929539295393,0.0005331663723653511,0.009322059331062527,91.19266055045871,111.0,59.68179798190286,signatures/b41feede9fdc86f2bd09dd47a8e3856b.sig.gz,GCA_003465495.1 Segatella copri strain=AF10-17 ASM346549v1,b41feede9fdc86f2bd09dd47a8e3856b,0.5157181571815718,109000,203,90020000,/nfs3_ib/nfs-ip34/home/def-ilafores/analysis/MethodsComparison/Feces_RA/preproc/SRR5091474/SRR5091474_unmatched_2.fastq,SRR5091474,c05751dbcea27bc40a766fc5dc8e185a,204439000,31,DNA,1000,204439,true,0.8599631463942946,0.9788654081299275,0.919414277262111,0.9788654081299275,9940,739272,1066288
162000,0.0007924124066347419,0.03920863309352518,0.0005331663723653511,0.00010878861996008583,1.0642201834862386,1.0,0.2800795875683256,signatures/ed58d2fb6ae65af8084ac6cab71ecbe5.sig.gz,"GCF_002874775.1 Monoglobus pectinilyticus strain=14, ASM287477v1",ed58d2fb6ae65af8084ac6cab71ecbe5,0.05827338129496403,109000,204,89911000,/nfs3_ib/nfs-ip34/home/def-ilafores/analysis/MethodsComparison/Feces_RA/preproc/SRR5091474/SRR5091474_unmatched_2.fastq,SRR5091474,c05751dbcea27bc40a766fc5dc8e185a,204439000,31,DNA,1000,204439,true,0.7942663615796738,0.9123814747677496,0.8533239181737117,0.9123814747677496,116,739388,1066288
855000,0.004182176590572249,0.029725182277061134,0.0005184920685387817,0.00014630193718770162,1.471698113207547,1.0,0.791553847675586,signatures/c904d12975db86fd08a8995198b6cca6.sig.gz,"GCF_013300825.1 Blautia wexlerae strain=MSK.20.46, ASM1330082v1",c904d12975db86fd08a8995198b6cca6,0.2397644419517667,106000,205,89805000,/nfs3_ib/nfs-ip34/home/def-ilafores/analysis/MethodsComparison/Feces_RA/preproc/SRR5091474/SRR5091474_unmatched_2.fastq,SRR5091474,c05751dbcea27bc40a766fc5dc8e185a,204439000,31,DNA,1000,204439,true,0.8380521490374072,0.9549773194523825,0.8965147342448949,0.9549773194523825,156,739544,1066288
106000,0.0005184920685387817,0.058365758754863814,0.0005136006339299253,0.00012285611392044176,1.2476190476190476,1.0,1.1611238593621462,signatures/7f8cf3d1ff7d5663c0a23a8289c1acd0.sig.gz,"GCF_013394085.1 Lactobacillus fermentum strain=DSM 20052, ASM1339408v1",7f8cf3d1ff7d5663c0a23a8289c1acd0,0.05892162312395775,105000,206,89700000,/nfs3_ib/nfs-ip34/home/def-ilafores/analysis/MethodsComparison/Feces_RA/preproc/SRR5091474/SRR5091474_unmatched_2.fastq,SRR5091474,c05751dbcea27bc40a766fc5dc8e185a,204439000,31,DNA,1000,204439,true,0.7834728283226785,0.9127071274316741,0.8480899778771763,0.9127071274316741,131,739675,1066288
109000,0.0005331663723653511,0.03521842194378598,0.0005087091993210689,0.00010503728823732424,1.0769230769230769,1.0,0.26646935501059643,signatures/48048217736aa191c2ae0a5f819474a3.sig.gz,"GCA_905215015.1 uncultured bacterium, ERR1430526-mag-bin.48",48048217736aa191c2ae0a5f819474a3,0.036911615306468,104000,207,89596000,/nfs3_ib/nfs-ip34/home/def-ilafores/analysis/MethodsComparison/Feces_RA/preproc/SRR5091474/SRR5091474_unmatched_2.fastq,SRR5091474,c05751dbcea27bc40a766fc5dc8e185a,204439000,31,DNA,1000,204439,true,0.7841784935747627,0.8990409077597235,0.841609700667243,0.8990409077597235,112,739787,1066288
342000,0.0016728706362288996,0.01932820416588478,0.0005038177647122124,0.0001303587773659649,1.3495145631067962,1.0,2.0841926464825637,signatures/36bb9301189d48be24ee9b00d0e2e161.sig.gz,"GCF_000194175.1 Escherichia coli 1.2741 strain=1.2741, ASM19417v2",36bb9301189d48be24ee9b00d0e2e161,0.06417714392944267,103000,208,89493000,/nfs3_ib/nfs-ip34/home/def-ilafores/analysis/MethodsComparison/Feces_RA/preproc/SRR5091474/SRR5091474_unmatched_2.fastq,SRR5091474,c05751dbcea27bc40a766fc5dc8e185a,204439000,31,DNA,1000,204439,true,0.8136437066448428,0.9152261061222854,0.8644349063835641,0.9152261061222854,139,739926,1066288
851000,0.0041626108521368235,0.023600185099490977,0.000498926330103356,0.00021945290578155246,2.2941176470588234,1.0,3.069739195967176,signatures/284259e70e0364cec13b6b5c7e16db9f.sig.gz,"GCF_004793765.1 Parabacteroides distasonis strain=NM39_I3, ASM479376v1",284259e70e0364cec13b6b5c7e16db9f,0.1968995835261453,102000,209,89391000,/nfs3_ib/nfs-ip34/home/def-ilafores/analysis/MethodsComparison/Feces_RA/preproc/SRR5091474/SRR5091474_unmatched_2.fastq,SRR5091474,c05751dbcea27bc40a766fc5dc8e185a,204439000,31,DNA,1000,204439,true,0.8379253872778236,0.9489289648977367,0.8934271760877801,0.9489289648977367,234,740160,1066288
181000,0.0008853496642030141,0.030704394942805538,0.000498926330103356,0.00010597512116801464,1.107843137254902,1.0,0.36800636037496975,signatures/ac6ff4cab85d8673ba368b5f66dcfee5.sig.gz,"GCF_018408705.1 Oscillibacter sp. MM59 strain=MM59, ASM1840870v1",ac6ff4cab85d8673ba368b5f66dcfee5,0.05448524984948826,102000,210,89289000,/nfs3_ib/nfs-ip34/home/def-ilafores/analysis/MethodsComparison/Feces_RA/preproc/SRR5091474/SRR5091474_unmatched_2.fastq,SRR5091474,c05751dbcea27bc40a766fc5dc8e185a,204439000,31,DNA,1000,204439,true,0.7971128918803106,0.9104053574262261,0.8537591246532683,0.9104053574262261,113,740273,1066288
434000,0.0021228826202436915,0.03332244364586737,0.000498926330103356,0.0001341101090887265,1.4019607843137254,1.0,0.6606562976012331,signatures/b4eb8ad688ad5c450d509afd79a0f910.sig.gz,"GCA_902781225.1 uncultured Lachnospiraceae bacterium, Rumen uncultured genome RUG12649",b4eb8ad688ad5c450d509afd79a0f910,0.14178373080692583,102000,211,89187000,/nfs3_ib/nfs-ip34/home/def-ilafores/analysis/MethodsComparison/Feces_RA/preproc/SRR5091474/SRR5091474_unmatched_2.fastq,SRR5091474,c05751dbcea27bc40a766fc5dc8e185a,204439000,31,DNA,1000,204439,true,0.8199206149630972,0.938929771125355,0.8794251930442261,0.938929771125355,143,740416,1066288
101000,0.0004940348954944996,0.04284490145672665,0.0004891434608856432,0.00010128595651456267,1.08,1.0,0.27129319932501067,signatures/46320552298cf5340c49a5455dff183f.sig.gz,"GCF_001436025.1 Lactobacillus mucosae DSM 13345 strain=DSM 13345, ASM143602v1",46320552298cf5340c49a5455dff183f,0.043273350471293916,100000,212,89087000,/nfs3_ib/nfs-ip34/home/def-ilafores/analysis/MethodsComparison/Feces_RA/preproc/SRR5091474/SRR5091474_unmatched_2.fastq,SRR5091474,c05751dbcea27bc40a766fc5dc8e185a,204439000,31,DNA,1000,204439,true,0.7822526088032856,0.9036642753548503,0.8429584420790679,0.9036642753548503,108,740524,1066288
1087000,0.005316989419826941,0.0325626831650928,0.0004891434608856432,0.0006827423735426076,7.28,7.0,4.939797566702507,signatures/b11818d1b4bf0d22ae3d2662e33873ee.sig.gz,"GCF_003287405.1 Faecalibacterium prausnitzii strain=APC923/51-1, ASM328740v1",b11818d1b4bf0d22ae3d2662e33873ee,0.35395636600455876,100000,213,88987000,/nfs3_ib/nfs-ip34/home/def-ilafores/analysis/MethodsComparison/Feces_RA/preproc/SRR5091474/SRR5091474_unmatched_2.fastq,SRR5091474,c05751dbcea27bc40a766fc5dc8e185a,204439000,31,DNA,1000,204439,true,0.8445675297486558,0.967052364657251,0.9058099472029534,0.967052364657251,728,741252,1066288
372000,0.0018196136744945924,0.047075606276747506,0.0004842520262767867,0.00012473177978182255,1.3434343434343434,1.0,0.6840405233671522,signatures/1f52a462b6a1ef292b93df358fd40c3d.sig.gz,GCF_900450995.1 Haemophilus parainfluenzae strain=NCTC10672 33922_D01,1f52a462b6a1ef292b93df358fd40c3d,0.1768901569186876,99000,214,88888000,/nfs3_ib/nfs-ip34/home/def-ilafores/analysis/MethodsComparison/Feces_RA/preproc/SRR5091474/SRR5091474_unmatched_2.fastq,SRR5091474,c05751dbcea27bc40a766fc5dc8e185a,204439000,31,DNA,1000,204439,true,0.8158535958170682,0.9456542448569234,0.8807539203369958,0.9456542448569234,133,741385,1066288
664000,0.0032479125802806707,0.04522613065326633,0.0004842520262767867,0.00016318292994012875,1.7575757575757576,1.0,1.0059510710725956,signatures/c0340cc532c0a9a2b4e1c7e77225d4c1.sig.gz,"GCA_934835795.1 Oscillibacter sp. ER4, MTG222_bin.50.fa",c0340cc532c0a9a2b4e1c7e77225d4c1,0.3033348560986752,99000,215,88789000,/nfs3_ib/nfs-ip34/home/def-ilafores/analysis/MethodsComparison/Feces_RA/preproc/SRR5091474/SRR5091474_unmatched_2.fastq,SRR5091474,c05751dbcea27bc40a766fc5dc8e185a,204439000,31,DNA,1000,204439,true,0.8312452411178602,0.9622497716463161,0.8967475063820882,0.9622497716463161,174,741559,1066288
519000,0.002538654561996488,0.04425569959767546,0.0004842520262767867,0.0001763125909697943,1.898989898989899,2.0,1.218501725252543,signatures/0a1c55811a75bf97bcc40c56360ad197.sig.gz,GCF_934330165.1 uncultured Mediterraneibacter sp. ERR7738201_bin.85,0a1c55811a75bf97bcc40c56360ad197,0.2320071524362986,99000,216,88690000,/nfs3_ib/nfs-ip34/home/def-ilafores/analysis/MethodsComparison/Feces_RA/preproc/SRR5091474/SRR5091474_unmatched_2.fastq,SRR5091474,c05751dbcea27bc40a766fc5dc8e185a,204439000,31,DNA,1000,204439,true,0.824664948630774,0.9539646951205343,0.8893148218756541,0.9539646951205343,188,741747,1066288
215000,0.0010516584409041327,0.029705971506517128,0.00047936059166793027,0.00010409945530663386,1.1326530612244898,1.0,0.3948069820847573,signatures/3e682b689eef8f4d4ab760d3a9715911.sig.gz,"GCA_900543885.1 uncultured Clostridium sp., UMGS615",3e682b689eef8f4d4ab760d3a9715911,0.06517126401939982,98000,217,88592000,/nfs3_ib/nfs-ip34/home/def-ilafores/analysis/MethodsComparison/Feces_RA/preproc/SRR5091474/SRR5091474_unmatched_2.fastq,SRR5091474,c05751dbcea27bc40a766fc5dc8e185a,204439000,31,DNA,1000,204439,true,0.8015515205652747,0.9156800380113773,0.858615779288326,0.9156800380113773,111,741858,1066288
118000,0.0005771892838450589,0.03127992339610597,0.00047936059166793027,0.00009847245772249149,1.0714285714285714,1.0,0.2575393768188564,signatures/8b4961ccc8d9a710a1f56eb34232f6b5.sig.gz,"GCA_900540805.1 uncultured Clostridiales bacterium, UMGS285",8b4961ccc8d9a710a1f56eb34232f6b5,0.03766358123204596,98000,218,88494000,/nfs3_ib/nfs-ip34/home/def-ilafores/analysis/MethodsComparison/Feces_RA/preproc/SRR5091474/SRR5091474_unmatched_2.fastq,SRR5091474,c05751dbcea27bc40a766fc5dc8e185a,204439000,31,DNA,1000,204439,true,0.7861879724704385,0.8996259773209969,0.8429069748957176,0.8996259773209969,105,741963,1066288
108000,0.0005282749377564947,0.03693623639191291,0.000464686287841361,0.0000965967918611107,1.0842105263157895,1.0,0.4016586111229245,signatures/11b12ed097cb7e30959e8560eed13c72.sig.gz,"GCA_000432135.1 Firmicutes bacterium CAG:124, MGS124",11b12ed097cb7e30959e8560eed13c72,0.041990668740279936,95000,219,88399000,/nfs3_ib/nfs-ip34/home/def-ilafores/analysis/MethodsComparison/Feces_RA/preproc/SRR5091474/SRR5091474_unmatched_2.fastq,SRR5091474,c05751dbcea27bc40a766fc5dc8e185a,204439000,31,DNA,1000,204439,true,0.7839453829808023,0.9027875763042856,0.843366479642544,0.9027875763042856,103,742066,1066288
1689000,0.008261633054358513,0.025806451612903226,0.0004500119840147917,0.006401647584892637,74.19565217391305,83.5,59.098156951037396,signatures/d504d8a2fd1c1b7711a932c9d66e1250.sig.gz,GCF_026015465.1 Segatella copri strain=N016-9 ASM2601546v1,d504d8a2fd1c1b7711a932c9d66e1250,0.4737727910238429,92000,220,88307000,/nfs3_ib/nfs-ip34/home/def-ilafores/analysis/MethodsComparison/Feces_RA/preproc/SRR5091474/SRR5091474_unmatched_2.fastq,SRR5091474,c05751dbcea27bc40a766fc5dc8e185a,204439000,31,DNA,1000,204439,true,0.8566601747590319,0.9761903717352756,0.9164252732471537,0.9761903717352756,6826,748892,1066288
103000,0.0005038177647122124,0.03326023391812866,0.00044512054940593526,0.0000956589589304203,1.120879120879121,1.0,0.35811364256704004,signatures/52d45f84e01c4ac6b8a87f5bc1894ec7.sig.gz,"GCF_004340975.1 Frisingicoccus caecimuris strain=DSM 28559, ASM434097v1",52d45f84e01c4ac6b8a87f5bc1894ec7,0.03764619883040936,91000,221,88216000,/nfs3_ib/nfs-ip34/home/def-ilafores/analysis/MethodsComparison/Feces_RA/preproc/SRR5091474/SRR5091474_unmatched_2.fastq,SRR5091474,c05751dbcea27bc40a766fc5dc8e185a,204439000,31,DNA,1000,204439,true,0.7827475646113509,0.8996125810024886,0.8411800728069198,0.8996125810024886,102,748994,1066288
740000,0.003619661610553759,0.027581979773214832,0.00044022911479707884,0.00037231967348408683,4.411111111111111,3.5,3.454126178112344,signatures/13b91a3b95e974816cbdb5352e0e95f7.sig.gz,GCA_948579315.1 uncultured Phocaeicola sp. MGBC144851,13b91a3b95e974816cbdb5352e0e95f7,0.22678516702421084,90000,222,88126000,/nfs3_ib/nfs-ip34/home/def-ilafores/analysis/MethodsComparison/Feces_RA/preproc/SRR5091474/SRR5091474_unmatched_2.fastq,SRR5091474,c05751dbcea27bc40a766fc5dc8e185a,204439000,31,DNA,1000,204439,true,0.8341561458738915,0.9532644027071903,0.893710274290541,0.9532644027071903,397,749391,1066288
278000,0.001359818821262088,0.03943908851884312,0.00044022911479707884,0.00010034812358387227,1.1888888888888889,1.0,0.3914203323068565,signatures/29c3e39ff322ebf52b6e1ba041c86f3f.sig.gz,GCF_018366045.1 Veillonella parvula ASM1836604v1,29c3e39ff322ebf52b6e1ba041c86f3f,0.12182296231375986,90000,223,88036000,/nfs3_ib/nfs-ip34/home/def-ilafores/analysis/MethodsComparison/Feces_RA/preproc/SRR5091474/SRR5091474_unmatched_2.fastq,SRR5091474,c05751dbcea27bc40a766fc5dc8e185a,204439000,31,DNA,1000,204439,true,0.8082238216211518,0.93434527160716,0.8712845466141559,0.93434527160716,107,749498,1066288
1084000,0.005302315116000372,0.02963215258855586,0.0004255548109705095,0.0005214351094638596,6.390804597701149,6.0,4.562103572672913,signatures/78db35fa6d9edc0fa99c8623efbe174d.sig.gz,"GCF_023347295.1 Faecalibacterium sp. I3333 strain=I3333, ASM2334729v1",78db35fa6d9edc0fa99c8623efbe174d,0.3692098092643052,87000,224,87949000,/nfs3_ib/nfs-ip34/home/def-ilafores/analysis/MethodsComparison/Feces_RA/preproc/SRR5091474/SRR5091474_unmatched_2.fastq,SRR5091474,c05751dbcea27bc40a766fc5dc8e185a,204439000,31,DNA,1000,204439,true,0.8444922384078674,0.9683694322720142,0.9064308353399408,0.9683694322720142,556,750054,1066288
112000,0.0005478406761919203,0.058663028649386086,0.0004206633763616531,0.00009753462479180109,1.2093023255813953,1.0,0.4604416249586821,signatures/5b99fec61aae4bdd58e899db6583881a.sig.gz,"GCA_000438255.1 Clostridium sp. CAG:389, MGS389",5b99fec61aae4bdd58e899db6583881a,0.07639836289222374,86000,225,87863000,/nfs3_ib/nfs-ip34/home/def-ilafores/analysis/MethodsComparison/Feces_RA/preproc/SRR5091474/SRR5091474_unmatched_2.fastq,SRR5091474,c05751dbcea27bc40a766fc5dc8e185a,204439000,31,DNA,1000,204439,true,0.7848656080348199,0.920386952214006,0.8526262801244129,0.920386952214006,104,750158,1066288
123000,0.0006016464568893411,0.03724802804557406,0.0004157719417527967,0.00009378329306903952,1.1764705882352942,1.0,0.5128116404165498,signatures/1f6e6294c82260816b4a5d811adbeeac.sig.gz,"GCF_018918145.1 Anaerotignum sp. MSJ-24 strain=MSJ-24, ASM1891814v1",1f6e6294c82260816b4a5d811adbeeac,0.05390008764241893,85000,226,87778000,/nfs3_ib/nfs-ip34/home/def-ilafores/analysis/MethodsComparison/Feces_RA/preproc/SRR5091474/SRR5091474_unmatched_2.fastq,SRR5091474,c05751dbcea27bc40a766fc5dc8e185a,204439000,31,DNA,1000,204439,true,0.7872411478792078,0.9100883003672665,0.8486647241232372,0.9100883003672665,100,750258,1066288
1814000,0.008873062380465566,0.024024872809496892,0.0004157719417527967,0.005670137898954129,71.12941176470588,72.0,62.391135915532516,signatures/d3a4257859b240f07f8d78e17fe24368.sig.gz,"GCA_021622245.1 Prevotella copri, ASM2162224v1",d3a4257859b240f07f8d78e17fe24368,0.5127190503109101,85000,227,87693000,/nfs3_ib/nfs-ip34/home/def-ilafores/analysis/MethodsComparison/Feces_RA/preproc/SRR5091474/SRR5091474_unmatched_2.fastq,SRR5091474,c05751dbcea27bc40a766fc5dc8e185a,204439000,31,DNA,1000,204439,true,0.8586354672317504,0.9786812606321783,0.9186583639319643,0.9786812606321783,6046,756304,1066288
134000,0.0006554522375867618,0.02936096718480138,0.0004157719417527967,0.00008628062962351635,1.0823529411764705,1.0,0.3148020743590506,signatures/8ac40930d9d76ec404ee8c7d650add64.sig.gz,GCF_025567315.1 Agathobaculum ammoniilyticum strain=Sanger_34 ASM2556731v1,8ac40930d9d76ec404ee8c7d650add64,0.046286701208981,85000,228,87608000,/nfs3_ib/nfs-ip34/home/def-ilafores/analysis/MethodsComparison/Feces_RA/preproc/SRR5091474/SRR5091474_unmatched_2.fastq,SRR5091474,c05751dbcea27bc40a766fc5dc8e185a,204439000,31,DNA,1000,204439,true,0.789419365157801,0.9056287496769898,0.8475240574173954,0.9056287496769898,92,756396,1066288
223000,0.0010907899177749843,0.033091202582728005,0.00040109763792622736,0.0001359857749501073,1.7682926829268293,1.0,2.125907441758006,signatures/0fa52b16ef37ab178f2b54115192a175.sig.gz,"GCF_003865035.1 Anaerotignum faecicola strain=KCTC 15736, ASM386503v1",0fa52b16ef37ab178f2b54115192a175,0.08999192897497982,82000,229,87526000,/nfs3_ib/nfs-ip34/home/def-ilafores/analysis/MethodsComparison/Feces_RA/preproc/SRR5091474/SRR5091474_unmatched_2.fastq,SRR5091474,c05751dbcea27bc40a766fc5dc8e185a,204439000,31,DNA,1000,204439,true,0.8024967121724542,0.9252617969668323,0.8638792545696432,0.9252617969668323,145,756541,1066288
370000,0.0018098308052768796,0.034365719134493,0.00039620620331737094,0.00009847245772249149,1.2962962962962963,1.0,0.5078262666963735,signatures/5c2f8f2a402acc319064eefed809db8d.sig.gz,"GCF_902364885.1 Collinsella aerofaciens, MGYG-HGUT-00257",5c2f8f2a402acc319064eefed809db8d,0.15697921086126432,81000,230,87445000,/nfs3_ib/nfs-ip34/home/def-ilafores/analysis/MethodsComparison/Feces_RA/preproc/SRR5091474/SRR5091474_unmatched_2.fastq,SRR5091474,c05751dbcea27bc40a766fc5dc8e185a,204439000,31,DNA,1000,204439,true,0.8157117325638255,0.9420184828072191,0.8788651076855223,0.9420184828072191,105,756646,1066288
335000,0.0016386305939669046,0.03695255474452555,0.00039620620331737094,0.00009378329306903952,1.2345679012345678,1.0,0.6140656847133771,signatures/255948df5441d153d16b931037649810.sig.gz,"GCF_001813105.1 Streptococcus sp. HMSC072C09 strain=HMSC072C09, ASM181310v1",255948df5441d153d16b931037649810,0.15282846715328466,81000,231,87364000,/nfs3_ib/nfs-ip34/home/def-ilafores/analysis/MethodsComparison/Feces_RA/preproc/SRR5091474/SRR5091474_unmatched_2.fastq,SRR5091474,c05751dbcea27bc40a766fc5dc8e185a,204439000,31,DNA,1000,204439,true,0.8131011031724474,0.9412045289971045,0.8771528160847759,0.9412045289971045,100,756746,1066288
353000,0.0017266764169263204,0.024763069397737696,0.00039620620331737094,0.00008440496376213555,1.1111111111111112,1.0,0.35136418446315315,signatures/888d5c9074f0eba4fb60a0b7f12b8960.sig.gz,"GCF_900120195.1 Blautia sp. Marseille-P3087 strain=Marseille-P3087, PRJEB18016",888d5c9074f0eba4fb60a0b7f12b8960,0.10791806786915316,81000,232,87283000,/nfs3_ib/nfs-ip34/home/def-ilafores/analysis/MethodsComparison/Feces_RA/preproc/SRR5091474/SRR5091474_unmatched_2.fastq,SRR5091474,c05751dbcea27bc40a766fc5dc8e185a,204439000,31,DNA,1000,204439,true,0.8144750271458725,0.9306995181647123,0.8725872726552923,0.9306995181647123,90,756836,1066288
83000,0.00040598907253508383,0.02768166089965398,0.0003913147687085145,0.00007971579910868358,1.0625,1.0,0.2891258376555095,signatures/e90de3442904ac662177bfb24b6a935e.sig.gz,GCA_958477305.1 uncultured Oscillospiraceae bacterium SRR17382081_bin.10_MetaWRAP_v1.3_MAG,e90de3442904ac662177bfb24b6a935e,0.028719723183391003,80000,233,87203000,/nfs3_ib/nfs-ip34/home/def-ilafores/analysis/MethodsComparison/Feces_RA/preproc/SRR5091474/SRR5091474_unmatched_2.fastq,SRR5091474,c05751dbcea27bc40a766fc5dc8e185a,204439000,31,DNA,1000,204439,true,0.7773153373199357,0.8917926302280961,0.8345539837740159,0.8917926302280961,85,756921,1066288
655000,0.0032038896688009627,0.019672131147540985,0.00038153189949080167,0.00009941029065318187,1.358974358974359,1.0,0.61964338326126,signatures/e9ec7274e8258dd4be5e60bc6fb66cda.sig.gz,GCA_948847595.1 uncultured Bacteroides sp. MGBC156522,e9ec7274e8258dd4be5e60bc6fb66cda,0.16519546027742749,78000,234,87125000,/nfs3_ib/nfs-ip34/home/def-ilafores/analysis/MethodsComparison/Feces_RA/preproc/SRR5091474/SRR5091474_unmatched_2.fastq,SRR5091474,c05751dbcea27bc40a766fc5dc8e185a,204439000,31,DNA,1000,204439,true,0.8308793883558375,0.9435700176311961,0.8872247029935167,0.9435700176311961,106,757027,1066288
225000,0.001100572786992697,0.01936925751179538,0.00038153189949080167,0.00015661809942529598,2.141025641025641,1.0,3.1530382538294353,signatures/58b90d0235337728c5561352b275e9fd.sig.gz,"GCA_902363665.1 Lachnospiraceae bacterium, MGYG-HGUT-00137",58b90d0235337728c5561352b275e9fd,0.05587285820710206,78000,235,87047000,/nfs3_ib/nfs-ip34/home/def-ilafores/analysis/MethodsComparison/Feces_RA/preproc/SRR5091474/SRR5091474_unmatched_2.fastq,SRR5091474,c05751dbcea27bc40a766fc5dc8e185a,204439000,31,DNA,1000,204439,true,0.802727880842674,0.911144221972506,0.85693605140759,0.911144221972506,167,757194,1066288
108000,0.0005282749377564947,0.029624003038359287,0.00038153189949080167,0.00008252929790075477,1.1282051282051282,1.0,0.33431807206167435,signatures/639f30a8478efa9dafd0dc7ed3dead0c.sig.gz,"GCF_014287815.1 Clostridium sp. NSJ-42 strain=NSJ-42, ASM1428781v1",639f30a8478efa9dafd0dc7ed3dead0c,0.041017850360805165,78000,236,86969000,/nfs3_ib/nfs-ip34/home/def-ilafores/analysis/MethodsComparison/Feces_RA/preproc/SRR5091474/SRR5091474_unmatched_2.fastq,SRR5091474,c05751dbcea27bc40a766fc5dc8e185a,204439000,31,DNA,1000,204439,true,0.7839453829808023,0.9021052082612676,0.8430252956210349,0.9021052082612676,88,757282,1066288
77000,0.00037664046488194525,0.03254437869822485,0.00037664046488194525,0.00007784013324730279,1.077922077922078,1.0,0.3127686903582415,signatures/767c82901d78b5323738f0e29d62092e.sig.gz,"GCA_944392655.1 uncultured Victivallaceae bacterium, BRZ_AG__bin40",767c82901d78b5323738f0e29d62092e,0.03254437869822485,77000,237,86892000,/nfs3_ib/nfs-ip34/home/def-ilafores/analysis/MethodsComparison/Feces_RA/preproc/SRR5091474/SRR5091474_unmatched_2.fastq,SRR5091474,c05751dbcea27bc40a766fc5dc8e185a,204439000,31,DNA,1000,204439,true,0.7754361286411086,0.8953964214615852,0.8354162750513469,0.8953964214615852,83,757365,1066288
488000,0.0023870200891219387,0.04427832087406555,0.00037664046488194525,0.00033574418918716145,4.64935064935065,1.0,5.888060192040922,signatures/2bc7ad025d7a7c1e9e8216130886e72e.sig.gz,"GCA_019424245.1 Clostridiales bacterium, ASM1942424v1",2bc7ad025d7a7c1e9e8216130886e72e,0.2806210465784934,77000,238,86815000,/nfs3_ib/nfs-ip34/home/def-ilafores/analysis/MethodsComparison/Feces_RA/preproc/SRR5091474/SRR5091474_unmatched_2.fastq,SRR5091474,c05751dbcea27bc40a766fc5dc8e185a,204439000,31,DNA,1000,204439,true,0.8230281925297419,0.9598368671770463,0.891432529853394,0.9598368671770463,358,757723,1066288
370000,0.0018098308052768796,0.034703196347031964,0.00037174903027308877,0.00011160211875215701,1.5657894736842106,1.0,0.863522868922621,signatures/97e55b19b948bc3884bafc758cb1a6a6.sig.gz,"GCA_900544105.1 uncultured Oscillibacter sp., UMGS638",97e55b19b948bc3884bafc758cb1a6a6,0.1689497716894977,76000,239,86739000,/nfs3_ib/nfs-ip34/home/def-ilafores/analysis/MethodsComparison/Feces_RA/preproc/SRR5091474/SRR5091474_unmatched_2.fastq,SRR5091474,c05751dbcea27bc40a766fc5dc8e185a,204439000,31,DNA,1000,204439,true,0.8157117325638255,0.9442542650316724,0.879982998797749,0.9442542650316724,119,757842,1066288
112000,0.0005478406761919203,0.028700906344410877,0.00037174903027308877,0.00011253995168284741,1.5789473684210527,1.0,2.706051492754793,signatures/240bf7879024fa7c82f37bb3e56f337b.sig.gz,"GCF_000270305.1 Clostridium sp. SY8519 strain=SY8519, ASM27030v1",240bf7879024fa7c82f37bb3e56f337b,0.04229607250755287,76000,240,86663000,/nfs3_ib/nfs-ip34/home/def-ilafores/analysis/MethodsComparison/Feces_RA/preproc/SRR5091474/SRR5091474_unmatched_2.fastq,SRR5091474,c05751dbcea27bc40a766fc5dc8e185a,204439000,31,DNA,1000,204439,true,0.7848656080348199,0.9029986439501273,0.8439321259924736,0.9029986439501273,120,757962,1066288
382000,0.0018685280205831569,0.03398926654740608,0.00037174903027308877,0.00012754527857389373,1.7894736842105263,1.0,1.1506953215302864,signatures/3c308a688e977ea1ff17cb1ca4f24b41.sig.gz,GCA_902464115.1 uncultured Ruminococcus sp. UHGG-TPA_MGYG-HGUT-00605,3c308a688e977ea1ff17cb1ca4f24b41,0.1708407871198569,76000,241,86587000,/nfs3_ib/nfs-ip34/home/def-ilafores/analysis/MethodsComparison/Feces_RA/preproc/SRR5091474/SRR5091474_unmatched_2.fastq,SRR5091474,c05751dbcea27bc40a766fc5dc8e185a,204439000,31,DNA,1000,204439,true,0.8165520219485636,0.9445933616626387,0.8805726918056012,0.9445933616626387,136,758098,1066288
993000,0.004857194566594437,0.011987381703470032,0.00037174903027308877,0.00014536410425701124,2.039473684210526,1.0,2.5774364532147263,signatures/8182caaf670814ebbeb9046e1a4982b9.sig.gz,"GCA_902362375.1 Bacteroidaceae bacterium, MGYG-HGUT-00013",8182caaf670814ebbeb9046e1a4982b9,0.15662460567823344,76000,242,86511000,/nfs3_ib/nfs-ip34/home/def-ilafores/analysis/MethodsComparison/Feces_RA/preproc/SRR5091474/SRR5091474_unmatched_2.fastq,SRR5091474,c05751dbcea27bc40a766fc5dc8e185a,204439000,31,DNA,1000,204439,true,0.8421069937487946,0.9419497639688502,0.8920283788588224,0.9419497639688502,155,758253,1066288
148000,0.0007239323221107519,0.029013539651837523,0.00036685759566423235,0.0000769023003166124,1.0933333333333333,1.0,0.3714236873915764,signatures/c4df3cb13bb82c8cbde38dc68faea211.sig.gz,"GCF_014288055.1 Agathobaculum sp. M2 strain=M2, ASM1428805v1",c4df3cb13bb82c8cbde38dc68faea211,0.05725338491295938,75000,243,86436000,/nfs3_ib/nfs-ip34/home/def-ilafores/analysis/MethodsComparison/Feces_RA/preproc/SRR5091474/SRR5091474_unmatched_2.fastq,SRR5091474,c05751dbcea27bc40a766fc5dc8e185a,204439000,31,DNA,1000,204439,true,0.791953959427521,0.9118618996177745,0.8519079295226477,0.9118618996177745,82,758335,1066288
200000,0.0009782869217712863,0.026928675400291122,0.00036196616105537593,0.00008346713083144516,1.2027027027027026,1.0,0.5447471451553073,signatures/bd30a80e9e49a6b7322d7f92c2d7f7d5.sig.gz,GCF_025567465.1 Roseburia amylophila strain=Sanger_19 ASM2556746v1,bd30a80e9e49a6b7322d7f92c2d7f7d5,0.07278020378457059,74000,244,86362000,/nfs3_ib/nfs-ip34/home/def-ilafores/analysis/MethodsComparison/Feces_RA/preproc/SRR5091474/SRR5091474_unmatched_2.fastq,SRR5091474,c05751dbcea27bc40a766fc5dc8e185a,204439000,31,DNA,1000,204439,true,0.7996837408728505,0.9189476057054569,0.8593156732891537,0.9189476057054569,89,758424,1066288
338000,0.0016533048977934739,0.02664233576642336,0.0003570747264465195,0.0004182734870879162,6.109589041095891,6.0,3.059060845385444,signatures/cb82578b5eac758bf51c9fcc5a44cb75.sig.gz,"GCA_900548215.1 uncultured Coprococcus sp., UMGS1059",cb82578b5eac758bf51c9fcc5a44cb75,0.12335766423357664,73000,245,86289000,/nfs3_ib/nfs-ip34/home/def-ilafores/analysis/MethodsComparison/Feces_RA/preproc/SRR5091474/SRR5091474_unmatched_2.fastq,SRR5091474,c05751dbcea27bc40a766fc5dc8e185a,204439000,31,DNA,1000,204439,true,0.8133349784794539,0.934722675997632,0.874028827238543,0.934722675997632,446,758870,1066288
74000,0.00036196616105537593,0.025795053003533568,0.0003570747264465195,0.00007877796617799318,1.1506849315068493,1.0,0.39417793342296326,signatures/02b170c1c65259d332d2411d92d0f08f.sig.gz,"GCF_000478885.1 Adlercreutzia equolifaciens DSM 19450 strain=DSM 19450, ASM47888v1",02b170c1c65259d332d2411d92d0f08f,0.026148409893992933,73000,246,86216000,/nfs3_ib/nfs-ip34/home/def-ilafores/analysis/MethodsComparison/Feces_RA/preproc/SRR5091474/SRR5091474_unmatched_2.fastq,SRR5091474,c05751dbcea27bc40a766fc5dc8e185a,204439000,31,DNA,1000,204439,true,0.7744426982296292,0.8890984392601221,0.8317705687448756,0.8890984392601221,84,758954,1066288
161000,0.0007875209720258854,0.038855909336211546,0.0003521832918376631,0.00007502663445523161,1.1111111111111112,1.0,0.35572912430182496,signatures/5a55546a82e728ed0531da8d42e4601f.sig.gz,"GCF_900636475.1 Streptococcus anginosus strain=NCTC10713, 42197_F01",5a55546a82e728ed0531da8d42e4601f,0.0868861305990286,72000,247,86144000,/nfs3_ib/nfs-ip34/home/def-ilafores/analysis/MethodsComparison/Feces_RA/preproc/SRR5091474/SRR5091474_unmatched_2.fastq,SRR5091474,c05751dbcea27bc40a766fc5dc8e185a,204439000,31,DNA,1000,204439,true,0.7941077298847671,0.9242141116168918,0.8591609207508295,0.9242141116168918,80,759034,1066288
422000,0.002064185404937414,0.021220159151193633,0.0003521832918376631,0.00015568026649460557,2.3055555555555554,2.0,1.4302184068728891,signatures/aaf64c896b57b54ab4fa83cb430314d8.sig.gz,"GCA_900772845.1 Lachnospiraceae bacterium, SRS883029_98",aaf64c896b57b54ab4fa83cb430314d8,0.12437371058060713,72000,248,86072000,/nfs3_ib/nfs-ip34/home/def-ilafores/analysis/MethodsComparison/Feces_RA/preproc/SRR5091474/SRR5091474_unmatched_2.fastq,SRR5091474,c05751dbcea27bc40a766fc5dc8e185a,204439000,31,DNA,1000,204439,true,0.8191793394599306,0.9349700439771439,0.8770746917185372,0.9349700439771439,166,759200,1066288
413000,0.0020201624934577064,0.040654997176736304,0.0003521832918376631,0.00008065363203937398,1.1944444444444444,1.0,0.5436218275216924,signatures/5c3ba9328e76b6fd2a95a5bd40123319.sig.gz,GCF_902466845.1 uncultured Haemophilus sp. UHGG-TPA_MGYG-HGUT-00860,5c3ba9328e76b6fd2a95a5bd40123319,0.233201581027668,72000,249,86000000,/nfs3_ib/nfs-ip34/home/def-ilafores/analysis/MethodsComparison/Feces_RA/preproc/SRR5091474/SRR5091474_unmatched_2.fastq,SRR5091474,c05751dbcea27bc40a766fc5dc8e185a,204439000,31,DNA,1000,204439,true,0.81860987169266,0.9541227288757828,0.8863663002842214,0.9541227288757828,86,759286,1066288
775000,0.0037908618218637346,0.02418542156533423,0.0003521832918376631,0.00013504794201941688,2.0,1.0,2.1858128414339997,signatures/78f6a266a0fffd08c8145495b700d709.sig.gz,"GCA_900556625.1 uncultured Bacteroides sp., UMGS1954",78f6a266a0fffd08c8145495b700d709,0.2603291904601948,72000,250,85928000,/nfs3_ib/nfs-ip34/home/def-ilafores/analysis/MethodsComparison/Feces_RA/preproc/SRR5091474/SRR5091474_unmatched_2.fastq,SRR5091474,c05751dbcea27bc40a766fc5dc8e185a,204439000,31,DNA,1000,204439,true,0.8354005805327237,0.9575156896643954,0.8964581350985595,0.9575156896643954,144,759430,1066288
543000,0.002656048992609042,0.01607717041800643,0.0003424004226199502,0.00012004261512837058,1.8285714285714285,1.0,1.7152378308347012,signatures/aa21d6a4e240d950eb3b686e2a4fae57.sig.gz,"GCF_004793475.1 Bacteroides sp. NM69_E16B strain=NM69_E16B, ASM479347v1",aa21d6a4e240d950eb3b686e2a4fae57,0.12471290767110703,70000,251,85858000,/nfs3_ib/nfs-ip34/home/def-ilafores/analysis/MethodsComparison/Feces_RA/preproc/SRR5091474/SRR5091474_unmatched_2.fastq,SRR5091474,c05751dbcea27bc40a766fc5dc8e185a,204439000,31,DNA,1000,204439,true,0.8258683851958388,0.9350521900992697,0.8804602876475542,0.9350521900992697,128,759558,1066288
124000,0.0006065378914981975,0.020242914979757085,0.0003424004226199502,0.00007502663445523161,1.1428571428571428,1.0,0.3886134431067269,signatures/6057e3bdb2dafbdbccd937ca17ba58a0.sig.gz,"GCF_001405015.1 Clostridium disporicum strain=2789STDY5834856, 13470_2#75",6057e3bdb2dafbdbccd937ca17ba58a0,0.035858877964141125,70000,252,85788000,/nfs3_ib/nfs-ip34/home/def-ilafores/analysis/MethodsComparison/Feces_RA/preproc/SRR5091474/SRR5091474_unmatched_2.fastq,SRR5091474,c05751dbcea27bc40a766fc5dc8e185a,204439000,31,DNA,1000,204439,true,0.787446802384233,0.8982021431525301,0.8428244727683816,0.8982021431525301,80,759638,1066288
255000,0.00124731582525839,0.018651745270450305,0.0003424004226199502,0.00007784013324730279,1.1857142857142857,1.0,0.5680255814877438,signatures/24cb2f7055942e2ac04d51117f90e805.sig.gz,"GCA_902363135.1 Lachnospiraceae bacterium, MGYG-HGUT-00092",24cb2f7055942e2ac04d51117f90e805,0.06794564348521183,70000,253,85718000,/nfs3_ib/nfs-ip34/home/def-ilafores/analysis/MethodsComparison/Feces_RA/preproc/SRR5091474/SRR5091474_unmatched_2.fastq,SRR5091474,c05751dbcea27bc40a766fc5dc8e185a,204439000,31,DNA,1000,204439,true,0.8059754629889273,0.916912290320535,0.8614438766547312,0.916912290320535,83,759721,1066288
69000,0.00033750898801109376,0.02927450148493848,0.00033750898801109376,0.00007033746980177963,1.0869565217391304,1.0,0.2817713347133852,signatures/3d0dfb3e84cae72bb819df8873e40343.sig.gz,"GCF_005696695.1 Schaalia odontolytica strain=XH001, ASM569669v1",3d0dfb3e84cae72bb819df8873e40343,0.02927450148493848,69000,254,85649000,/nfs3_ib/nfs-ip34/home/def-ilafores/analysis/MethodsComparison/Feces_RA/preproc/SRR5091474/SRR5091474_unmatched_2.fastq,SRR5091474,c05751dbcea27bc40a766fc5dc8e185a,204439000,31,DNA,1000,204439,true,0.7726969617609956,0.8923432022977389,0.8325200820293672,0.8923432022977389,75,759796,1066288
350000,0.001712002113099751,0.02657288003126221,0.00033261755340223734,0.0002288312350884564,3.588235294117647,1.0,4.469620638322567,signatures/1c3ea5fbf00ea2a5dc8cb8d21cd793e8.sig.gz,"GCA_900757715.1 uncultured Veillonella sp., ERS537359_13",1c3ea5fbf00ea2a5dc8cb8d21cd793e8,0.13677217663149668,68000,255,85581000,/nfs3_ib/nfs-ip34/home/def-ilafores/analysis/MethodsComparison/Feces_RA/preproc/SRR5091474/SRR5091474_unmatched_2.fastq,SRR5091474,c05751dbcea27bc40a766fc5dc8e185a,204439000,31,DNA,1000,204439,true,0.8142508172085937,0.9378404491074558,0.8760456331580248,0.9378404491074558,244,760040,1066288
676000,0.0033066097955869477,0.023869801084990958,0.0003228346841845245,0.0002100745764746485,3.393939393939394,2.0,3.1134059488585017,signatures/88f1b5eec91b23fd70f1b11b9f13bd9a.sig.gz,"GCF_023347275.1 Faecalibacterium sp. I3389 strain=I3389, ASM2334727v1",88f1b5eec91b23fd70f1b11b9f13bd9a,0.24448462929475587,66000,256,85515000,/nfs3_ib/nfs-ip34/home/def-ilafores/analysis/MethodsComparison/Feces_RA/preproc/SRR5091474/SRR5091474_unmatched_2.fastq,SRR5091474,c05751dbcea27bc40a766fc5dc8e185a,204439000,31,DNA,1000,204439,true,0.8317256499676011,0.9555780809924025,0.8936518654800019,0.9555780809924025,224,760264,1066288
335000,0.0016386305939669046,0.024509803921568627,0.000317943249575668,0.000075964467385922,1.2461538461538462,1.0,0.6570509693557729,signatures/a202d6e19a5a61416204946db31cfb35.sig.gz,"GCA_019411365.1 Roseburia sp., ASM1941136v1",a202d6e19a5a61416204946db31cfb35,0.12631975867269984,65000,257,85450000,/nfs3_ib/nfs-ip34/home/def-ilafores/analysis/MethodsComparison/Feces_RA/preproc/SRR5091474/SRR5091474_unmatched_2.fastq,SRR5091474,c05751dbcea27bc40a766fc5dc8e185a,204439000,31,DNA,1000,204439,true,0.8131011031724474,0.9354384193241422,0.8742697612482948,0.9354384193241422,81,760345,1066288
96000,0.00046957772245021743,0.020224019912881145,0.000317943249575668,0.00006471047221763726,1.0615384615384615,1.0,0.2403153746432817,signatures/258760aab9c6ac2bdd2f8461544f96e1.sig.gz,"GCF_004154955.1 Intestinimonas butyriciproducens strain=SRB-521-5-I, ASM415495v1",258760aab9c6ac2bdd2f8461544f96e1,0.029869321717486,65000,258,85385000,/nfs3_ib/nfs-ip34/home/def-ilafores/analysis/MethodsComparison/Feces_RA/preproc/SRR5091474/SRR5091474_unmatched_2.fastq,SRR5091474,c05751dbcea27bc40a766fc5dc8e185a,204439000,31,DNA,1000,204439,true,0.7809724708253342,0.892922407042053,0.8369474389336935,0.892922407042053,69,760414,1066288
212000,0.0010369841370775634,0.022138964577656677,0.000317943249575668,0.00008815629548489714,1.4461538461538461,1.0,1.008132610794208,signatures/b86b7d8d4777d9c9b2cedda7bf323a61.sig.gz,"GCA_004554775.1 Subdoligranulum variabile, ASM455477v1",b86b7d8d4777d9c9b2cedda7bf323a61,0.07220708446866485,65000,259,85320000,/nfs3_ib/nfs-ip34/home/def-ilafores/analysis/MethodsComparison/Feces_RA/preproc/SRR5091474/SRR5091474_unmatched_2.fastq,SRR5091474,c05751dbcea27bc40a766fc5dc8e185a,204439000,31,DNA,1000,204439,true,0.8011882737256404,0.9187132793942628,0.8599507765599517,0.9187132793942628,94,760508,1066288
95000,0.000464686287841361,0.024051108605787297,0.0003130518149668116,0.00007971579910868358,1.328125,1.0,1.046641765063386,signatures/47110158281adb158ae3c95fa9af9cf0.sig.gz,"GCA_900542445.1 uncultured Clostridiales bacterium, UMGS462",47110158281adb158ae3c95fa9af9cf0,0.03570086433671552,64000,260,85256000,/nfs3_ib/nfs-ip34/home/def-ilafores/analysis/MethodsComparison/Feces_RA/preproc/SRR5091474/SRR5091474_unmatched_2.fastq,SRR5091474,c05751dbcea27bc40a766fc5dc8e185a,204439000,31,DNA,1000,204439,true,0.7807087154730219,0.8980741938463536,0.8393914546596877,0.8980741938463536,85,760593,1066288
755000,0.0036930331296866057,0.02406417112299465,0.0003081603803579552,0.0006049022402953049,10.238095238095237,10.0,5.026009448365242,signatures/7108e92619b903654cd875e33d69a01d.sig.gz,GCA_003464165.1 Eubacterium sp. AM49-13BH strain=AM49-13BH ASM346416v1,7108e92619b903654cd875e33d69a01d,0.28838808250572956,63000,261,85193000,/nfs3_ib/nfs-ip34/home/def-ilafores/analysis/MethodsComparison/Feces_RA/preproc/SRR5091474/SRR5091474_unmatched_2.fastq,SRR5091474,c05751dbcea27bc40a766fc5dc8e185a,204439000,31,DNA,1000,204439,true,0.8346963039479206,0.9606825744031265,0.8976894391755236,0.9606825744031265,645,761238,1066288
70000,0.0003424004226199502,0.021406727828746176,0.0003081603803579552,0.00006095914049487568,1.0317460317460319,1.0,0.17532319074900415,signatures/99c192c72bbc80a22f6d70bd51c113d4.sig.gz,"GCA_905214365.1 uncultured bacterium, ERR1600754-mag-bin.61",99c192c72bbc80a22f6d70bd51c113d4,0.02378525314305131,63000,262,85130000,/nfs3_ib/nfs-ip34/home/def-ilafores/analysis/MethodsComparison/Feces_RA/preproc/SRR5091474/SRR5091474_unmatched_2.fastq,SRR5091474,c05751dbcea27bc40a766fc5dc8e185a,204439000,31,DNA,1000,204439,true,0.7730556944825644,0.8863858848065351,0.8297207896445498,0.8863858848065351,65,761303,1066288
172000,0.0008413267527233062,0.009880803011292346,0.0003081603803579552,0.00007033746980177963,1.1904761904761905,1.0,0.8137146424111934,signatures/93f73424a62c9a7810069426678c2739.sig.gz,"GCF_002234575.2 Enterocloster bolteae strain=ATCC BAA-613, ASM223457v2",93f73424a62c9a7810069426678c2739,0.026976160602258468,63000,263,85067000,/nfs3_ib/nfs-ip34/home/def-ilafores/analysis/MethodsComparison/Feces_RA/preproc/SRR5091474/SRR5091474_unmatched_2.fastq,SRR5091474,c05751dbcea27bc40a766fc5dc8e185a,204439000,31,DNA,1000,204439,true,0.7958025251549956,0.8899927238570763,0.842897624506036,0.8899927238570763,75,761378,1066288
324000,0.0015848248132694837,0.01930862659607599,0.00030326894574909876,0.00010409945530663386,1.7903225806451613,2.0,1.0022087988971602,signatures/1f146f3e047f346a8f9e4d0d9b67cfdb.sig.gz,GCA_958446835.1 uncultured Eubacterium sp. ERR9609750_bin.3_MetaWRAP_v1.3_MAG,1f146f3e047f346a8f9e4d0d9b67cfdb,0.10090314543755839,62000,264,85005000,/nfs3_ib/nfs-ip34/home/def-ilafores/analysis/MethodsComparison/Feces_RA/preproc/SRR5091474/SRR5091474_unmatched_2.fastq,SRR5091474,c05751dbcea27bc40a766fc5dc8e185a,204439000,31,DNA,1000,204439,true,0.8122258642647864,0.9286838511830614,0.870454857723924,0.9286838511830614,111,761489,1066288
387000,0.001892985193627439,0.03117144293614882,0.00030326894574909876,0.0000769023003166124,1.3225806451612903,1.0,0.6419273787784644,signatures/9f105d955c072d7992d3582b3ea1c2d7.sig.gz,GCF_902463925.1 uncultured Streptococcus sp. UHGG-TPA_MGYG-HGUT-00580,9f105d955c072d7992d3582b3ea1c2d7,0.19457013574660634,62000,265,84943000,/nfs3_ib/nfs-ip34/home/def-ilafores/analysis/MethodsComparison/Feces_RA/preproc/SRR5091474/SRR5091474_unmatched_2.fastq,SRR5091474,c05751dbcea27bc40a766fc5dc8e185a,204439000,31,DNA,1000,204439,true,0.8168946264292866,0.9485647324993608,0.8827296794643237,0.9485647324993608,82,761571,1066288
244000,0.0011935100445609693,0.021358543417366947,0.00029837751114024233,0.00016224509700943834,2.8360655737704916,2.0,1.8920049896725912,signatures/34c015d1498c124b3727c1f149c1b735.sig.gz,"GCA_934394665.1 uncultured Acetatifactor sp., ERR7738167_bin.91",34c015d1498c124b3727c1f149c1b735,0.08543417366946779,61000,266,84882000,/nfs3_ib/nfs-ip34/home/def-ilafores/analysis/MethodsComparison/Feces_RA/preproc/SRR5091474/SRR5091474_unmatched_2.fastq,SRR5091474,c05751dbcea27bc40a766fc5dc8e185a,204439000,31,DNA,1000,204439,true,0.8048298345557061,0.9237118263773785,0.8642708304665423,0.9237118263773785,173,761744,1066288
643000,0.0031451924534946856,0.027968821641448878,0.00029837751114024233,0.00039013849916720437,6.819672131147541,7.0,4.618239664354812,signatures/6ca2111c2894b1999e499528bbd2e219.sig.gz,"GCA_934532365.1 uncultured Faecalibacterium sp., ERR7745924_bin.367",6ca2111c2894b1999e499528bbd2e219,0.2948188904172398,61000,267,84821000,/nfs3_ib/nfs-ip34/home/def-ilafores/analysis/MethodsComparison/Feces_RA/preproc/SRR5091474/SRR5091474_unmatched_2.fastq,SRR5091474,c05751dbcea27bc40a766fc5dc8e185a,204439000,31,DNA,1000,204439,true,0.8303839430711035,0.9613662705620005,0.895875106816552,0.9613662705620005,416,762160,1066288
86000,0.0004206633763616531,0.020039421813403416,0.00029837751114024233,0.00006564830514832766,1.1475409836065573,1.0,0.7858599878168447,signatures/245cce7c17ed189565ed35f57884004e.sig.gz,GCF_025567495.1 Hominimerdicola aceti strain=Sanger_31 ASM2556749v1,245cce7c17ed189565ed35f57884004e,0.028252299605781867,61000,268,84760000,/nfs3_ib/nfs-ip34/home/def-ilafores/analysis/MethodsComparison/Feces_RA/preproc/SRR5091474/SRR5091474_unmatched_2.fastq,SRR5091474,c05751dbcea27bc40a766fc5dc8e185a,204439000,31,DNA,1000,204439,true,0.77820616653586,0.8913207019905786,0.8347634342632193,0.8913207019905786,70,762230,1066288
542000,0.002651157558000186,0.021809081158383984,0.00029837751114024233,0.0003094848671278304,5.409836065573771,4.0,4.392157874302521,signatures/b9efc27b039945043d519688f02fc3e8.sig.gz,"GCF_019967995.1 Faecalibacterium prausnitzii strain=Fp77, ASM1996799v1",b9efc27b039945043d519688f02fc3e8,0.19377904898105114,61000,269,84699000,/nfs3_ib/nfs-ip34/home/def-ilafores/analysis/MethodsComparison/Feces_RA/preproc/SRR5091474/SRR5091474_unmatched_2.fastq,SRR5091474,c05751dbcea27bc40a766fc5dc8e185a,204439000,31,DNA,1000,204439,true,0.8258192789633028,0.948440077684027,0.8871296783236648,0.948440077684027,330,762560,1066288
1739000,0.008506204784801335,0.015625,0.0002934860765313859,0.004023303272661795,71.5,65.5,66.77936307972196,signatures/1711bf6a9eacad7f729191eb7b4f8c3b.sig.gz,GCA_949820605.1 Segatella copri Prevotella_copri_Bg131,1711bf6a9eacad7f729191eb7b4f8c3b,0.45286458333333335,60000,270,84639000,/nfs3_ib/nfs-ip34/home/def-ilafores/analysis/MethodsComparison/Feces_RA/preproc/SRR5091474/SRR5091474_unmatched_2.fastq,SRR5091474,c05751dbcea27bc40a766fc5dc8e185a,204439000,31,DNA,1000,204439,true,0.8574667432293269,0.9747701131824943,0.9161184282059106,0.9747701131824943,4290,766850,1066288
421000,0.0020592939703285578,0.021375133594584966,0.0002934860765313859,0.0000769023003166124,1.3666666666666667,1.0,0.5763872155263526,signatures/206d87ad2132d97a779f4544c9be4248.sig.gz,"GCF_014287875.1 Flintibacter sp. BX5 strain=BX5, ASM1428787v1",206d87ad2132d97a779f4544c9be4248,0.14998218738867117,60000,271,84579000,/nfs3_ib/nfs-ip34/home/def-ilafores/analysis/MethodsComparison/Feces_RA/preproc/SRR5091474/SRR5091474_unmatched_2.fastq,SRR5091474,c05751dbcea27bc40a766fc5dc8e185a,204439000,31,DNA,1000,204439,true,0.8191166487334222,0.9406339183722585,0.8798752835528403,0.9406339183722585,82,766932,1066288
458000,0.0022402770508562456,0.01547904990659194,0.000283703207313673,0.000075964467385922,1.396551724137931,1.0,1.016071799872936,signatures/cb9cfd710212a550257ed974f220e156.sig.gz,"GCF_009707925.1 Blautia luti DSM 14534 strain=DSM 14534, ASM970792v1",cb9cfd710212a550257ed974f220e156,0.12223111822791567,58000,272,84521000,/nfs3_ib/nfs-ip34/home/def-ilafores/analysis/MethodsComparison/Feces_RA/preproc/SRR5091474/SRR5091474_unmatched_2.fastq,SRR5091474,c05751dbcea27bc40a766fc5dc8e185a,204439000,31,DNA,1000,204439,true,0.8213454625438747,0.9344460899486859,0.8778957762462803,0.9344460899486859,81,767013,1066288
366000,0.001790265066841454,0.028287841191066997,0.0002788117727048166,0.00006846180394039884,1.280701754385965,1.0,0.4868223482635653,signatures/f196c6906a5ba22b5ea575c042c2270d.sig.gz,GCF_905205995.1 uncultured Haemophilus sp. ERR1430443-mag-bin.35,f196c6906a5ba22b5ea575c042c2270d,0.18163771712158808,57000,273,84464000,/nfs3_ib/nfs-ip34/home/def-ilafores/analysis/MethodsComparison/Feces_RA/preproc/SRR5091474/SRR5091474_unmatched_2.fastq,SRR5091474,c05751dbcea27bc40a766fc5dc8e185a,204439000,31,DNA,1000,204439,true,0.815425765954139,0.9464625198714121,0.8809441429127756,0.9464625198714121,73,767086,1066288
66000,0.0003228346841845245,0.02544642857142857,0.0002788117727048166,0.00005908347463349489,1.105263157894737,1.0,0.3595421321389333,signatures/4a2b47d34bd15d9d4bd0eea00bcee953.sig.gz,"GCF_000196555.1 Bifidobacterium longum subsp. longum JCM 1217 strain=JCM 1217, ASM19655v1",4a2b47d34bd15d9d4bd0eea00bcee953,0.029464285714285714,57000,274,84407000,/nfs3_ib/nfs-ip34/home/def-ilafores/analysis/MethodsComparison/Feces_RA/preproc/SRR5091474/SRR5091474_unmatched_2.fastq,SRR5091474,c05751dbcea27bc40a766fc5dc8e185a,204439000,31,DNA,1000,204439,true,0.7715897640978193,0.8925292319368562,0.8320594980173377,0.8925292319368562,63,767149,1066288
427000,0.0020886425779816963,0.023123732251521298,0.0002788117727048166,0.0003376198550485422,6.315789473684211,6.0,2.896809465340392,signatures/8151a853d6313fbcaee3d5ba304d80c6.sig.gz,"GCA_934247115.1 uncultured Coprococcus sp., ERR7738959_bin.217",8151a853d6313fbcaee3d5ba304d80c6,0.17322515212981746,57000,275,84350000,/nfs3_ib/nfs-ip34/home/def-ilafores/analysis/MethodsComparison/Feces_RA/preproc/SRR5091474/SRR5091474_unmatched_2.fastq,SRR5091474,c05751dbcea27bc40a766fc5dc8e185a,204439000,31,DNA,1000,204439,true,0.8194906523740848,0.9450157853780644,0.8822532188760746,0.9450157853780644,360,767509,1066288
496000,0.00242615156599279,0.01364190012180268,0.00027392033809596017,0.006486052548654773,123.5,90.0,363.5519711324445,signatures/3f5e042dde22a559937bb52d73a1aae8.sig.gz,GCF_019249655.2 Segatella copri strain=HDE06 ASM1924965v2,3f5e042dde22a559937bb52d73a1aae8,0.12082825822168088,56000,276,84294000,/nfs3_ib/nfs-ip34/home/def-ilafores/analysis/MethodsComparison/Feces_RA/preproc/SRR5091474/SRR5091474_unmatched_2.fastq,SRR5091474,c05751dbcea27bc40a766fc5dc8e185a,204439000,31,DNA,1000,204439,true,0.8234600111617971,0.9340981947191574,0.8787791029404772,0.9340981947191574,6916,774425,1066288
151000,0.0007386066259373211,0.008743169398907104,0.00027392033809596017,0.00005439430998004292,1.0357142857142858,1.0,0.18557687223952263,signatures/77a5975adbf3dbbc2be7beba4b4c4989.sig.gz,"GCF_000233455.1 [Clostridium] citroniae WAL-17108 strain=WAL-17108, Clos_citr_WAL_17108_V1",77a5975adbf3dbbc2be7beba4b4c4989,0.023575331772053083,56000,277,84238000,/nfs3_ib/nfs-ip34/home/def-ilafores/analysis/MethodsComparison/Feces_RA/preproc/SRR5091474/SRR5091474_unmatched_2.fastq,SRR5091474,c05751dbcea27bc40a766fc5dc8e185a,204439000,31,DNA,1000,204439,true,0.7924667894624733,0.8861324469543217,0.8392996182083975,0.8861324469543217,58,774483,1066288
70000,0.0003424004226199502,0.028527763627101375,0.00027392033809596017,0.00006095914049487568,1.1607142857142858,1.0,0.8189013919855787,signatures/ff29f5facedfef39fc2c7dae992f6962.sig.gz,"GCA_900552585.1 uncultured Coriobacteriaceae bacterium, UMGS1519",ff29f5facedfef39fc2c7dae992f6962,0.03565970453387672,56000,278,84182000,/nfs3_ib/nfs-ip34/home/def-ilafores/analysis/MethodsComparison/Feces_RA/preproc/SRR5091474/SRR5091474_unmatched_2.fastq,SRR5091474,c05751dbcea27bc40a766fc5dc8e185a,204439000,31,DNA,1000,204439,true,0.7730556944825644,0.8980407753066185,0.8355482348945915,0.8980407753066185,65,774548,1066288
344000,0.0016826535054466124,0.022812111157196183,0.00026902890348710375,0.00006283480635625647,1.2181818181818183,1.0,0.5288378026272359,signatures/47cc45aca0e1d51eab8be73a4c10f519.sig.gz,"GCF_902364945.1 Collinsella aerofaciens, MGYG-HGUT-00266",47cc45aca0e1d51eab8be73a4c10f519,0.14267938614682704,55000,279,84127000,/nfs3_ib/nfs-ip34/home/def-ilafores/analysis/MethodsComparison/Feces_RA/preproc/SRR5091474/SRR5091474_unmatched_2.fastq,SRR5091474,c05751dbcea27bc40a766fc5dc8e185a,204439000,31,DNA,1000,204439,true,0.8137967627038646,0.9391205199684766,0.8764586413361706,0.9391205199684766,67,774615,1066288
120000,0.0005869721530627718,0.014782370654256775,0.0002641374688782473,0.00006095914049487568,1.2037037037037037,1.0,0.5227997856849299,signatures/00191848f4049b7a1cb875559983f7c7.sig.gz,GCF_025145845.1 Alistipes shahii WAL 8301 strain=WAL 8301 ASM2514584v1,00191848f4049b7a1cb875559983f7c7,0.03284971256501506,54000,280,84073000,/nfs3_ib/nfs-ip34/home/def-ilafores/analysis/MethodsComparison/Feces_RA/preproc/SRR5091474/SRR5091474_unmatched_2.fastq,SRR5091474,c05751dbcea27bc40a766fc5dc8e185a,204439000,31,DNA,1000,204439,true,0.7866143317247509,0.8956661883826488,0.8411402600536999,0.8956661883826488,65,774680,1066288
219000,0.0010712241793395586,0.0410958904109589,0.0002641374688782473,0.00007315096859385081,1.4444444444444444,1.0,0.7370277311900888,signatures/ce5fd16cab4be6ae8f33f66c7cf8a519.sig.gz,"GCA_934131055.1 uncultured Clostridia bacterium, ERR7738270_bin.5",ce5fd16cab4be6ae8f33f66c7cf8a519,0.16666666666666666,54000,281,84019000,/nfs3_ib/nfs-ip34/home/def-ilafores/analysis/MethodsComparison/Feces_RA/preproc/SRR5091474/SRR5091474_unmatched_2.fastq,SRR5091474,c05751dbcea27bc40a766fc5dc8e185a,204439000,31,DNA,1000,204439,true,0.8020282933241855,0.9438399303178321,0.8729341118210088,0.9438399303178321,78,774758,1066288
471000,0.0023038657007713793,0.02258469259723965,0.0002641374688782473,0.0002879147097219513,5.685185185185185,4.5,4.573774169205518,signatures/61144900a261055f13244d60f6438a55.sig.gz,"GCA_900765105.1 uncultured Faecalibacterium sp., SRS259559_29",61144900a261055f13244d60f6438a55,0.19698870765370138,54000,282,83965000,/nfs3_ib/nfs-ip34/home/def-ilafores/analysis/MethodsComparison/Feces_RA/preproc/SRR5091474/SRR5091474_unmatched_2.fastq,SRR5091474,c05751dbcea27bc40a766fc5dc8e185a,204439000,31,DNA,1000,204439,true,0.8220873639985165,0.9489428173736207,0.8855150906860686,0.9489428173736207,307,775065,1066288
308000,0.001506561859527781,0.016738995660260384,0.0002641374688782473,0.00014255060546494006,2.814814814814815,1.5,2.502399397275388,signatures/ee3ee74bb22a2bc5e87b48390e19918a.sig.gz,"GCA_018223365.1 Clostridiaceae bacterium Marseille-Q4145 strain=Marseille-Q4145, ASM1822336v1",ee3ee74bb22a2bc5e87b48390e19918a,0.09547427154370738,54000,283,83911000,/nfs3_ib/nfs-ip34/home/def-ilafores/analysis/MethodsComparison/Feces_RA/preproc/SRR5091474/SRR5091474_unmatched_2.fastq,SRR5091474,c05751dbcea27bc40a766fc5dc8e185a,204439000,31,DNA,1000,204439,true,0.8109000394854526,0.927028547260812,0.8689642933731323,0.927028547260812,152,775217,1066288
409000,0.0020005967550222807,0.020368946963873945,0.00025924603426939085,0.00011347778461353781,2.2830188679245285,2.0,1.8670666983929027,signatures/d4a7f08c9e22a9d508115b1cbbc1fe89.sig.gz,"GCA_934365945.1 uncultured Agathobacter sp., ERR7737619_bin.21",d4a7f08c9e22a9d508115b1cbbc1fe89,0.1571867794004612,53000,284,83858000,/nfs3_ib/nfs-ip34/home/def-ilafores/analysis/MethodsComparison/Feces_RA/preproc/SRR5091474/SRR5091474_unmatched_2.fastq,SRR5091474,c05751dbcea27bc40a766fc5dc8e185a,204439000,31,DNA,1000,204439,true,0.8183529098075376,0.9420586377863747,0.8802057737969562,0.9420586377863747,121,775338,1066288
52000,0.00025435459966053443,0.022540095361941917,0.00025435459966053443,0.00005251864411866212,1.0769230769230769,1.0,0.26646935501059643,signatures/1b83affa9ca3dd959ae0b5a89e34051c.sig.gz,"GCA_934255545.1 uncultured Clostridia bacterium, ERR7745975_bin.231",1b83affa9ca3dd959ae0b5a89e34051c,0.022540095361941917,52000,285,83806000,/nfs3_ib/nfs-ip34/home/def-ilafores/analysis/MethodsComparison/Feces_RA/preproc/SRR5091474/SRR5091474_unmatched_2.fastq,SRR5091474,c05751dbcea27bc40a766fc5dc8e185a,204439000,31,DNA,1000,204439,true,0.765678475583294,0.8848497658350656,0.8252641207091798,0.8848497658350656,56,775394,1066288
144000,0.0007043665836753262,0.016910569105691057,0.00025435459966053443,0.00006002130756418529,1.2307692307692308,1.0,0.6389710663783136,signatures/ee1390ed789a708cf11cbf53485395f1.sig.gz,"GCF_003478995.1 Pseudoflavonifractor sp. AF19-9AC strain=AF19-9AC, ASM347899v1",ee1390ed789a708cf11cbf53485395f1,0.04682926829268293,52000,286,83754000,/nfs3_ib/nfs-ip34/home/def-ilafores/analysis/MethodsComparison/Feces_RA/preproc/SRR5091474/SRR5091474_unmatched_2.fastq,SRR5091474,c05751dbcea27bc40a766fc5dc8e185a,204439000,31,DNA,1000,204439,true,0.7912543097552963,0.9059692631693675,0.8486117864623319,0.9059692631693675,64,775458,1066288
488000,0.0023870200891219387,0.014158800666296502,0.000249463165051678,0.00006189697342556607,1.2941176470588236,1.0,0.6655122646461624,signatures/ae3113259fd1a32557f288c504d24250.sig.gz,"GCF_014297245.1 Blautia sp. M29 strain=M29, ASM1429724v1",ae3113259fd1a32557f288c504d24250,0.13548028872848417,51000,287,83703000,/nfs3_ib/nfs-ip34/home/def-ilafores/analysis/MethodsComparison/Feces_RA/preproc/SRR5091474/SRR5091474_unmatched_2.fastq,SRR5091474,c05751dbcea27bc40a766fc5dc8e185a,204439000,31,DNA,1000,204439,true,0.8230281925297419,0.9375533796057607,0.8802907860677514,0.9375533796057607,66,775524,1066288
353000,0.0017266764169263204,0.017726798748696558,0.000249463165051678,0.00008628062962351635,1.803921568627451,1.0,1.1718864939203086,signatures/ea17219c3969bf830078515e407dfc37.sig.gz,"GCF_024462815.1 Gemmiger formicilis strain=DFI.6.10, ASM2446281v1",ea17219c3969bf830078515e407dfc37,0.1226972540841154,51000,288,83652000,/nfs3_ib/nfs-ip34/home/def-ilafores/analysis/MethodsComparison/Feces_RA/preproc/SRR5091474/SRR5091474_unmatched_2.fastq,SRR5091474,c05751dbcea27bc40a766fc5dc8e185a,204439000,31,DNA,1000,204439,true,0.8144750271458725,0.9345608321439304,0.8745179296449015,0.9345608321439304,92,775616,1066288
59000,0.00028859464192252944,0.0395655546935609,0.000249463165051678,0.000050642978257281334,1.0588235294117647,1.0,0.2352941176470588,signatures/61d674fea1c4da7d6bf04fd08f831e00.sig.gz,"GCA_000434195.1 Clostridium sp. CAG:780, MGS780",61d674fea1c4da7d6bf04fd08f831e00,0.045771916214119475,51000,289,83601000,/nfs3_ib/nfs-ip34/home/def-ilafores/analysis/MethodsComparison/Feces_RA/preproc/SRR5091474/SRR5091474_unmatched_2.fastq,SRR5091474,c05751dbcea27bc40a766fc5dc8e185a,204439000,31,DNA,1000,204439,true,0.7688042056836385,0.9053020820314711,0.8370531438575548,0.9053020820314711,54,775670,1066288
52000,0.00025435459966053443,0.015342960288808664,0.000249463165051678,0.000049705145326590937,1.0392156862745099,1.0,0.1941077438551307,signatures/0226c25b0951bb17f22f0c84abcf0ba1.sig.gz,"GCA_001305055.1 Clostridia bacterium UC5.1-1C12 strain=UC5.1-1C12, ASM130505v1",0226c25b0951bb17f22f0c84abcf0ba1,0.015643802647412757,51000,290,83550000,/nfs3_ib/nfs-ip34/home/def-ilafores/analysis/MethodsComparison/Feces_RA/preproc/SRR5091474/SRR5091474_unmatched_2.fastq,SRR5091474,c05751dbcea27bc40a766fc5dc8e185a,204439000,31,DNA,1000,204439,true,0.765678475583294,0.8744862361224561,0.8200823558528751,0.8744862361224561,53,775723,1066288
161000,0.0007875209720258854,0.009554748710108925,0.0002445717304428216,0.00012660744564320335,2.7,1.5,3.6455452267116364,signatures/b2cbac57be5c0c916d2cfb33f36e2122.sig.gz,GCA_902463835.1 uncultured Lachnospiraceae bacterium UHGG-TPA_MGYG-HGUT-00574,b2cbac57be5c0c916d2cfb33f36e2122,0.030766290846550734,50000,291,83500000,/nfs3_ib/nfs-ip34/home/def-ilafores/analysis/MethodsComparison/Feces_RA/preproc/SRR5091474/SRR5091474_unmatched_2.fastq,SRR5091474,c05751dbcea27bc40a766fc5dc8e185a,204439000,31,DNA,1000,204439,true,0.7941077298847671,0.8937750568574736,0.8439413933711204,0.8937750568574736,135,775858,1066288
341000,0.0016679792016200431,0.02275830678197542,0.0002445717304428216,0.00005908347463349489,1.26,1.0,0.5589275444992846,signatures/7007ea1781d79f21c762b60f51b92a5b.sig.gz,"GCF_001069785.1 Streptococcus parasanguinis strain=139.rep2_SPAR, ASM106978v1",7007ea1781d79f21c762b60f51b92a5b,0.15521165225307237,50000,292,83450000,/nfs3_ib/nfs-ip34/home/def-ilafores/analysis/MethodsComparison/Feces_RA/preproc/SRR5091474/SRR5091474_unmatched_2.fastq,SRR5091474,c05751dbcea27bc40a766fc5dc8e185a,204439000,31,DNA,1000,204439,true,0.8135668534959424,0.9416744445938836,0.877620649044913,0.9416744445938836,63,775921,1066288
179000,0.0008755667949853013,0.017439832577607256,0.0002445717304428216,0.00006939963687108924,1.48,1.0,0.8304215796810679,signatures/8e501eec9371799ddb40f724f45122ba.sig.gz,"GCA_002633275.1 Bacteroidales bacterium Phil12, ASM263327v1",8e501eec9371799ddb40f724f45122ba,0.06243460062783397,50000,293,83400000,/nfs3_ib/nfs-ip34/home/def-ilafores/analysis/MethodsComparison/Feces_RA/preproc/SRR5091474/SRR5091474_unmatched_2.fastq,SRR5091474,c05751dbcea27bc40a766fc5dc8e185a,204439000,31,DNA,1000,204439,true,0.7968272365917315,0.9144137603930901,0.8556204984924107,0.9144137603930901,74,775995,1066288
58000,0.000283703207313673,0.02281021897810219,0.0002445717304428216,0.000048767312395900546,1.04,1.0,0.19595917942265428,signatures/eb4f58e1a81c7b32929b1ae48cd7ae5d.sig.gz,GCF_934476515.1 uncultured Ruminococcus sp. ERR7738204_bin.147,eb4f58e1a81c7b32929b1ae48cd7ae5d,0.02645985401459854,50000,294,83350000,/nfs3_ib/nfs-ip34/home/def-ilafores/analysis/MethodsComparison/Feces_RA/preproc/SRR5091474/SRR5091474_unmatched_2.fastq,SRR5091474,c05751dbcea27bc40a766fc5dc8e185a,204439000,31,DNA,1000,204439,true,0.7683803782841915,0.8894380898167445,0.828909234050468,0.8894380898167445,52,776047,1066288
