intersect_bp,f_orig_query,f_match,f_unique_to_query,f_unique_weighted,average_abund,median_abund,std_abund,match_filename,match_name,match_md5,f_match_orig,unique_intersect_bp,gather_result_rank,remaining_bp,query_filename,query_name,query_md5,query_bp,ksize,moltype,scaled,query_n_hashes,query_abundance,query_containment_ani,match_containment_ani,average_containment_ani,max_containment_ani,n_unique_weighted_found,sum_weighted_found,total_weighted_hashes
4416000,0.018123614873183945,0.6677755935278996,0.018123614873183945,0.01711815214451223,7.007925724637682,4.0,43.64989770239184,signatures/4e1788a417277623d5d9145c388358e7.sig.gz,GCF_028539415.1 Bacteroides cellulosilyticus DSM 14838 strain=DSM 14838 ASM2853941v1,4e1788a417277623d5d9145c388358e7,0.6677755935278996,4416000,0,239244000,/nfs3_ib/nfs-ip34/home/def-ilafores/analysis/MethodsComparison/Feces_RA/preproc/SRR5091594/SRR5091594_unmatched_2.fastq,SRR5091594,16a301542785a7ddfde0b6494debb26e,243660000,31,DNA,1000,243660,true,0.8786468354096418,0.9870585635131285,0.9328526994613852,0.9870585635131285,30947,30947,1807847
3980000,0.01633423623081343,0.6277777777777778,0.01623163424443897,0.018394808852740304,8.40834386852086,6.0,17.564844821866988,signatures/df098e390010d8add7b59e4ff0574d30.sig.gz,"GCF_000011065.1 Bacteroides thetaiotaomicron VPI-5482 strain=VPI-5482, ASM1106v1",df098e390010d8add7b59e4ff0574d30,0.6317460317460317,3955000,1,235289000,/nfs3_ib/nfs-ip34/home/def-ilafores/analysis/MethodsComparison/Feces_RA/preproc/SRR5091594/SRR5091594_unmatched_2.fastq,SRR5091594,16a301542785a7ddfde0b6494debb26e,243660000,31,DNA,1000,243660,true,0.87570539812643,0.9852941127281597,0.9304997554272949,0.9852941127281597,33255,64202,1807847
3847000,0.01578839366330132,0.7508854781582054,0.015661167200196995,0.015785074732540972,7.478249475890985,5.0,17.578367467022808,signatures/dec6823a28f0aea55b13c3be158528c4.sig.gz,"GCF_000025985.1 Bacteroides fragilis NCTC 9343, ASM2598v1",dec6823a28f0aea55b13c3be158528c4,0.7569854388036206,3816000,2,231473000,/nfs3_ib/nfs-ip34/home/def-ilafores/analysis/MethodsComparison/Feces_RA/preproc/SRR5091594/SRR5091594_unmatched_2.fastq,SRR5091594,16a301542785a7ddfde0b6494debb26e,243660000,31,DNA,1000,243660,true,0.8747458066450259,0.991059200370799,0.9329025035079124,0.991059200370799,28537,92739,1807847
3834000,0.015735040630386603,0.759,0.015574981531642452,0.10410615500094864,49.59367588932806,49.0,31.586697923292363,signatures/960cc77fc7b96d595712107aaa1524b5.sig.gz,"GCF_000012825.1 Bacteroides vulgatus ATCC 8482 strain=ATCC 8482, ASM1282v1",960cc77fc7b96d595712107aaa1524b5,0.7668,3795000,3,227678000,/nfs3_ib/nfs-ip34/home/def-ilafores/analysis/MethodsComparison/Feces_RA/preproc/SRR5091594/SRR5091594_unmatched_2.fastq,SRR5091594,16a301542785a7ddfde0b6494debb26e,243660000,31,DNA,1000,243660,true,0.8746502958495358,0.991471118789428,0.9330607073194819,0.991471118789428,188208,280947,1807847
3791000,0.01555856521382254,0.5699322242760321,0.01518509398341952,0.013620068512434956,6.654864864864865,5.0,8.3445444620444,signatures/514bdd6aa640f40cc6414be0e11ec2f6.sig.gz,"GCF_001314995.1 Bacteroides ovatus strain=ATCC 8483, ASM131499v1",514bdd6aa640f40cc6414be0e11ec2f6,0.5839494762784966,3700000,4,223978000,/nfs3_ib/nfs-ip34/home/def-ilafores/analysis/MethodsComparison/Feces_RA/preproc/SRR5091594/SRR5091594_unmatched_2.fastq,SRR5091594,16a301542785a7ddfde0b6494debb26e,243660000,31,DNA,1000,243660,true,0.874332127512649,0.9827967654922808,0.928564446502465,0.9827967654922808,24623,305570,1807847
3712000,0.015234342936879258,0.7884191985909291,0.014696708528277107,0.08704497670433393,43.944149678860654,43.0,29.829436150928434,signatures/2fc80b3803e2d9af5d93edb14dd1cc3b.sig.gz,GCF_025147485.1 Bacteroides uniformis strain=ATCC 8492 ASM2514748v1,2fc80b3803e2d9af5d93edb14dd1cc3b,0.817261118450022,3581000,5,220397000,/nfs3_ib/nfs-ip34/home/def-ilafores/analysis/MethodsComparison/Feces_RA/preproc/SRR5091594/SRR5091594_unmatched_2.fastq,SRR5091594,16a301542785a7ddfde0b6494debb26e,243660000,31,DNA,1000,243660,true,0.8737383750437157,0.9935115726739241,0.9336249738588198,0.9935115726739241,157364,462934,1807847
3630000,0.014897808421571042,0.7604949182501105,0.014126241484035131,0.00878337602684298,4.613306217315515,4.0,3.1885504136879463,signatures/47030cb09435e5a03e1ce6a49f0753a5.sig.gz,"GCF_002222615.2 Bacteroides caccae strain=ATCC 43185, ASM222261v2",47030cb09435e5a03e1ce6a49f0753a5,0.8020326999558108,3442000,6,216955000,/nfs3_ib/nfs-ip34/home/def-ilafores/analysis/MethodsComparison/Feces_RA/preproc/SRR5091594/SRR5091594_unmatched_2.fastq,SRR5091594,16a301542785a7ddfde0b6494debb26e,243660000,31,DNA,1000,243660,true,0.8731089981720762,0.9929089417224639,0.9330089699472701,0.9929089417224639,15879,478813,1807847
2997000,0.012299926126569811,0.627956081081081,0.012205532299105312,0.013041479726990171,7.927706792199059,2.0,31.80931256975165,signatures/02081adae2cbefe2ee8ca3ea6ec78648.sig.gz,GCF_025151045.1 Parabacteroides johnsonii DSM 18315 strain=DSM 18315 ASM2515104v1,02081adae2cbefe2ee8ca3ea6ec78648,0.6328125,2974000,7,213981000,/nfs3_ib/nfs-ip34/home/def-ilafores/analysis/MethodsComparison/Feces_RA/preproc/SRR5091594/SRR5091594_unmatched_2.fastq,SRR5091594,16a301542785a7ddfde0b6494debb26e,243660000,31,DNA,1000,243660,true,0.8677286796123926,0.9853477238757469,0.9265382017440698,0.9853477238757469,23577,502390,1807847
2978000,0.012221948616925224,0.6032820512820513,0.01207009767709103,0.0050955639498254,3.1322679360761647,2.0,5.7909738702118485,signatures/5feebdfe795727335c87e462e7a7cc14.sig.gz,"GCF_000012845.1 Parabacteroides distasonis ATCC 8503 strain=ATCC 8503, ASM1284v1",5feebdfe795727335c87e462e7a7cc14,0.6108717948717949,2941000,8,211040000,/nfs3_ib/nfs-ip34/home/def-ilafores/analysis/MethodsComparison/Feces_RA/preproc/SRR5091594/SRR5091594_unmatched_2.fastq,SRR5091594,16a301542785a7ddfde0b6494debb26e,243660000,31,DNA,1000,243660,true,0.8675506776212848,0.9842267482802296,0.9258887129507571,0.9842267482802296,9212,511602,1807847
2897000,0.011889518181071985,0.669162377164249,0.01173766724123779,0.005248231736424598,3.3174825174825173,2.0,6.230360075410939,signatures/b37a0141517537faad74a6d2ac4d5c41.sig.gz,"GCF_000190535.1 Odoribacter splanchnicus DSM 20712 strain=DSM 220712, ASM19053v1",b37a0141517537faad74a6d2ac4d5c41,0.6778193729527375,2860000,9,208180000,/nfs3_ib/nfs-ip34/home/def-ilafores/analysis/MethodsComparison/Feces_RA/preproc/SRR5091594/SRR5091594_unmatched_2.fastq,SRR5091594,16a301542785a7ddfde0b6494debb26e,243660000,31,DNA,1000,243660,true,0.8667792864335581,0.9875340155108092,0.9271566509721836,0.9875340155108092,9488,521090,1807847
3115000,0.012784207502257243,0.5656309448319594,0.010982516621521792,0.015726994596334757,10.624813153961137,5.0,34.24627958368373,signatures/3a64fac11588ca9ed657a3aafee42bb8.sig.gz,GCA_030295565.1 Bacteroides finegoldii DSM 17565 strain=JCM 13345 ASM3029556v1,3a64fac11588ca9ed657a3aafee42bb8,0.658423166349609,2676000,10,205504000,/nfs3_ib/nfs-ip34/home/def-ilafores/analysis/MethodsComparison/Feces_RA/preproc/SRR5091594/SRR5091594_unmatched_2.fastq,SRR5091594,16a301542785a7ddfde0b6494debb26e,243660000,31,DNA,1000,243660,true,0.8688103013719334,0.9866095748800472,0.9277099381259903,0.9866095748800472,28432,549522,1807847
2496000,0.010243782319625708,0.6723241171639748,0.010079619141426579,0.0069884232459937155,5.144136807817589,3.0,13.151506514594947,signatures/00191848f4049b7a1cb875559983f7c7.sig.gz,GCF_025145845.1 Alistipes shahii WAL 8301 strain=WAL 8301 ASM2514584v1,00191848f4049b7a1cb875559983f7c7,0.6832740213523132,2456000,11,203048000,/nfs3_ib/nfs-ip34/home/def-ilafores/analysis/MethodsComparison/Feces_RA/preproc/SRR5091594/SRR5091594_unmatched_2.fastq,SRR5091594,16a301542785a7ddfde0b6494debb26e,243660000,31,DNA,1000,243660,true,0.8626235319766584,0.9877893783341394,0.9252064551553989,0.9877893783341394,12634,562156,1807847
2571000,0.010551588278749077,0.617299794661191,0.009870311089222688,0.12701517329729783,95.47775467775467,95.0,28.189543038979366,signatures/0878062848e44bf823b15b8a5d1eba75.sig.gz,GCF_025147325.1 Bacteroides stercoris ATCC 43183 strain=ATCC 43183 ASM2514732v1,0878062848e44bf823b15b8a5d1eba75,0.6599075975359343,2405000,12,200643000,/nfs3_ib/nfs-ip34/home/def-ilafores/analysis/MethodsComparison/Feces_RA/preproc/SRR5091594/SRR5091594_unmatched_2.fastq,SRR5091594,16a301542785a7ddfde0b6494debb26e,243660000,31,DNA,1000,243660,true,0.8634477442496451,0.9866812494785981,0.9250644968641216,0.9866812494785981,229624,791780,1807847
2293000,0.009410654190265124,0.5436432637571158,0.009406550110810145,0.004317843268816443,3.405759162303665,2.0,5.325473210178488,signatures/e869cf0b15c41500b90acfad5f73aa6d.sig.gz,"GCF_900537995.1 Roseburia intestinalis L1-82 strain=L1-82, Roseburia intestinalis strain L1-82",e869cf0b15c41500b90acfad5f73aa6d,0.5438804554079696,2292000,13,198351000,/nfs3_ib/nfs-ip34/home/def-ilafores/analysis/MethodsComparison/Feces_RA/preproc/SRR5091594/SRR5091594_unmatched_2.fastq,SRR5091594,16a301542785a7ddfde0b6494debb26e,243660000,31,DNA,1000,243660,true,0.8602662743187734,0.980545731154839,0.9204060027368062,0.980545731154839,7806,799586,1807847
2965000,0.012168595584010506,0.3844731977818854,0.009390133792990233,0.006331841134786295,5.003059440559441,2.0,42.619725329280584,signatures/ddc3bbfa80864ba686c6a00380ae271a.sig.gz,"GCF_000172175.1 Bacteroides intestinalis DSM 17393 strain=DSM 17393, ASM17217v1",ddc3bbfa80864ba686c6a00380ae271a,0.49823559065703243,2288000,14,196063000,/nfs3_ib/nfs-ip34/home/def-ilafores/analysis/MethodsComparison/Feces_RA/preproc/SRR5091594/SRR5091594_unmatched_2.fastq,SRR5091594,16a301542785a7ddfde0b6494debb26e,243660000,31,DNA,1000,243660,true,0.867428252420439,0.9777770299736442,0.9226026411970416,0.9777770299736442,11447,811033,1807847
2606000,0.010695231059673316,0.47146458858583545,0.008442091438890256,0.006523782156343983,5.733592610597958,5.0,4.8190398161802666,signatures/a8c995daf67b413b45a7f31c15f510d6.sig.gz,GCF_025151215.1 Parabacteroides merdae ATCC 43184 strain=ATCC 43184 ASM2515121v1,a8c995daf67b413b45a7f31c15f510d6,0.5972954389181756,2057000,15,194006000,/nfs3_ib/nfs-ip34/home/def-ilafores/analysis/MethodsComparison/Feces_RA/preproc/SRR5091594/SRR5091594_unmatched_2.fastq,SRR5091594,16a301542785a7ddfde0b6494debb26e,243660000,31,DNA,1000,243660,true,0.8638244442111476,0.9835134347114323,0.9236689394612899,0.9835134347114323,11794,822827,1807847
2077000,0.008524173027989822,0.528258064516129,0.008401050644340475,0.00313245534605528,2.766487542745481,2.0,3.547870760028379,signatures/873a8b7cc5e0a6e07152a8bfd5c774b1.sig.gz,"GCF_003473545.1 Clostridium sp. AM22-11AC strain=AM22-11AC, ASM347354v1",873a8b7cc5e0a6e07152a8bfd5c774b1,0.536,2047000,16,191959000,/nfs3_ib/nfs-ip34/home/def-ilafores/analysis/MethodsComparison/Feces_RA/preproc/SRR5091594/SRR5091594_unmatched_2.fastq,SRR5091594,16a301542785a7ddfde0b6494debb26e,243660000,31,DNA,1000,243660,true,0.8575251121769488,0.980084182736542,0.9188046474567454,0.980084182736542,5663,828490,1807847
2074000,0.008511860789624888,0.587260034904014,0.008286136419601084,0.010376431191356348,9.291233283803864,3.0,22.22014617196472,signatures/1275c6492572d77c9e61dd4c70260ff4.sig.gz,"GCF_000296465.1 Barnesiella intestinihominis YIT 11860 strain=YIT 11860, Barn_inte_YIT_11860_V1",1275c6492572d77c9e61dd4c70260ff4,0.6032577079697499,2019000,17,189940000,/nfs3_ib/nfs-ip34/home/def-ilafores/analysis/MethodsComparison/Feces_RA/preproc/SRR5091594/SRR5091594_unmatched_2.fastq,SRR5091594,16a301542785a7ddfde0b6494debb26e,243660000,31,DNA,1000,243660,true,0.8574851293386169,0.9838286098307593,0.9206568695846881,0.9838286098307593,18759,847249,1807847
2021000,0.00829434457851104,0.7554179566563467,0.008011163096117541,0.02028766814890862,18.789446721311474,18.0,16.70532429915039,signatures/db9feafdd9d3e3f2fb5caf52a730ce6a.sig.gz,"GCF_000154465.1 Alistipes putredinis DSM 17216 strain=DSM 17216, ASM15446v1",db9feafdd9d3e3f2fb5caf52a730ce6a,0.7821207430340558,1952000,18,187988000,/nfs3_ib/nfs-ip34/home/def-ilafores/analysis/MethodsComparison/Feces_RA/preproc/SRR5091594/SRR5091594_unmatched_2.fastq,SRR5091594,16a301542785a7ddfde0b6494debb26e,243660000,31,DNA,1000,243660,true,0.8567693819091702,0.992104043059469,0.9244367124843196,0.992104043059469,36677,883926,1807847
1793000,0.007358614462775999,0.5903532608695652,0.007132890092752196,0.003327715232539037,3.461449942462601,3.0,2.94306514030975,signatures/37519ff08fa08b5bc2ed2e92c46c0d51.sig.gz,"GCF_014337155.1 Wujia chipingensis strain=NSJ-4, ASM1433715v1",37519ff08fa08b5bc2ed2e92c46c0d51,0.6090353260869565,1738000,19,186250000,/nfs3_ib/nfs-ip34/home/def-ilafores/analysis/MethodsComparison/Feces_RA/preproc/SRR5091594/SRR5091594_unmatched_2.fastq,SRR5091594,16a301542785a7ddfde0b6494debb26e,243660000,31,DNA,1000,243660,true,0.8534674636273591,0.9841311611357229,0.918799312381541,0.9841311611357229,6016,889942,1807847
1885000,0.0077361897726339985,0.42645607107601186,0.007091849298202413,0.0031147547331162426,3.2586805555555554,2.0,3.4394034958426256,signatures/2297ea50ecdd1c8050ea75a720bbf9de.sig.gz,"GCF_000174195.1 Roseburia inulinivorans DSM 16841 strain=DSM 16841, ASM17419v1",2297ea50ecdd1c8050ea75a720bbf9de,0.46520236920039487,1728000,20,184522000,/nfs3_ib/nfs-ip34/home/def-ilafores/analysis/MethodsComparison/Feces_RA/preproc/SRR5091594/SRR5091594_unmatched_2.fastq,SRR5091594,16a301542785a7ddfde0b6494debb26e,243660000,31,DNA,1000,243660,true,0.8548461723486802,0.9756156797918641,0.9152309260702722,0.9756156797918641,5631,895573,1807847
1678000,0.0068866453254535,0.5292981326464906,0.00674710662398424,0.012597304971051201,13.85279805352798,13.0,10.523302179666358,signatures/b7fbb7c245964c8787ceff9b2ee964a0.sig.gz,"GCF_003324185.1 Faecalibacterium prausnitzii strain=ATCC 27768, ASM332418v1",b7fbb7c245964c8787ceff9b2ee964a0,0.5402446877012235,1644000,21,182878000,/nfs3_ib/nfs-ip34/home/def-ilafores/analysis/MethodsComparison/Feces_RA/preproc/SRR5091594/SRR5091594_unmatched_2.fastq,SRR5091594,16a301542785a7ddfde0b6494debb26e,243660000,31,DNA,1000,243660,true,0.8516444360530333,0.9803335985072845,0.9159890172801589,0.9803335985072845,22774,918347,1807847
1583000,0.006496757777230567,0.7073279714030384,0.006496757777230567,0.003516890533324999,4.016424510423247,3.0,2.803478229792486,signatures/d6ec1bf8f193a3a0129b996a97606afd.sig.gz,"GCF_003269275.1 Phascolarctobacterium faecium DSM 14760 strain=DSM 14760, ASM326927v1",d6ec1bf8f193a3a0129b996a97606afd,0.7073279714030384,1583000,22,181295000,/nfs3_ib/nfs-ip34/home/def-ilafores/analysis/MethodsComparison/Feces_RA/preproc/SRR5091594/SRR5091594_unmatched_2.fastq,SRR5091594,16a301542785a7ddfde0b6494debb26e,243660000,31,DNA,1000,243660,true,0.8500448259155846,0.9888924453720015,0.9194686356437931,0.9888924453720015,6358,924705,1807847
1541000,0.0063243864401214805,0.3532555879494655,0.005967331527538373,0.0016373066968609622,2.0357634112792296,1.0,2.4598761309289734,signatures/06f53d8a347ef84d19961ba77261cd81.sig.gz,GCA_003471165.1 Ruminococcus sp. AM22-13 strain=AM22-13 ASM347116v1,06f53d8a347ef84d19961ba77261cd81,0.37439261418853254,1454000,23,179841000,/nfs3_ib/nfs-ip34/home/def-ilafores/analysis/MethodsComparison/Feces_RA/preproc/SRR5091594/SRR5091594_unmatched_2.fastq,SRR5091594,16a301542785a7ddfde0b6494debb26e,243660000,31,DNA,1000,243660,true,0.8493077941301663,0.9688049823764235,0.9090563882532949,0.9688049823764235,2960,927665,1807847
1444000,0.005926290732988591,0.2620777333817653,0.005922186653533612,0.0012755504199193847,1.598059598059598,1.0,1.197385279922708,signatures/2e21b560563bbc94b08ae516434585ff.sig.gz,"GCF_009695545.1 Victivallaceae bacterium BBE-744-WT-12 strain=BBE-744-WT-12, ASM969554v1",2e21b560563bbc94b08ae516434585ff,0.26225935343261897,1443000,24,178398000,/nfs3_ib/nfs-ip34/home/def-ilafores/analysis/MethodsComparison/Feces_RA/preproc/SRR5091594/SRR5091594_unmatched_2.fastq,SRR5091594,16a301542785a7ddfde0b6494debb26e,243660000,31,DNA,1000,243660,true,0.8475284562770925,0.9577438825055069,0.9026361693912996,0.9577438825055069,2306,929971,1807847
1603000,0.006578839366330132,0.43461781427668983,0.00564721333005007,0.0037176818613522053,4.884447674418604,4.0,4.710100723216379,signatures/1536305f1db2c6485876fc17c9a7e45f.sig.gz,"GCF_010509575.1 Faecalibacterium prausnitzii A2-165 strain=JCM 31915, ASM1050957v1",1536305f1db2c6485876fc17c9a7e45f,0.5063171193935565,1376000,25,177022000,/nfs3_ib/nfs-ip34/home/def-ilafores/analysis/MethodsComparison/Feces_RA/preproc/SRR5091594/SRR5091594_unmatched_2.fastq,SRR5091594,16a301542785a7ddfde0b6494debb26e,243660000,31,DNA,1000,243660,true,0.8503891663375149,0.9782846643288475,0.9143369153331813,0.9782846643288475,6721,936692,1807847
1621000,0.006652712796519741,0.36363636363636365,0.005565131740950505,0.0025040835867194515,3.338495575221239,3.0,3.5623016459786307,signatures/f22e85c6befcb1bccc2db3184aa9ec05.sig.gz,GCF_025145285.1 Alistipes onderdonkii strain=DSM 19147 ASM2514528v1,f22e85c6befcb1bccc2db3184aa9ec05,0.4347009922231161,1356000,26,175666000,/nfs3_ib/nfs-ip34/home/def-ilafores/analysis/MethodsComparison/Feces_RA/preproc/SRR5091594/SRR5091594_unmatched_2.fastq,SRR5091594,16a301542785a7ddfde0b6494debb26e,243660000,31,DNA,1000,243660,true,0.8506955363294407,0.9734838030047888,0.9120896696671148,0.9734838030047888,4527,941219,1807847
1331000,0.005462529754576048,0.44219750589821366,0.005384552244931462,0.006538163904356951,9.009146341463415,8.0,4.788983980339673,signatures/a6be66ce83fd1772452d8972fe7fcb22.sig.gz,"GCF_009695995.1 Lachnospiraceae bacterium WCA3-601-WT-6H strain=WCA3-601-WT-6H, ASM969599v1",a6be66ce83fd1772452d8972fe7fcb22,0.44860128075497135,1312000,27,174354000,/nfs3_ib/nfs-ip34/home/def-ilafores/analysis/MethodsComparison/Feces_RA/preproc/SRR5091594/SRR5091594_unmatched_2.fastq,SRR5091594,16a301542785a7ddfde0b6494debb26e,243660000,31,DNA,1000,243660,true,0.8453035711260468,0.974472738246349,0.9098881546861979,0.974472738246349,11820,953039,1807847
1323000,0.005429697118936223,0.28205128205128205,0.005372240006566527,0.0012982293302475265,1.7929717341482048,1.0,3.1893270422448547,signatures/d4b0f7a75de0de86779fc9973ed01479.sig.gz,GCF_025148635.1 Butyricimonas virosa strain=DSM 23226 ASM2514863v1,d4b0f7a75de0de86779fc9973ed01479,0.2850678733031674,1309000,28,173045000,/nfs3_ib/nfs-ip34/home/def-ilafores/analysis/MethodsComparison/Feces_RA/preproc/SRR5091594/SRR5091594_unmatched_2.fastq,SRR5091594,16a301542785a7ddfde0b6494debb26e,243660000,31,DNA,1000,243660,true,0.8451391986259322,0.9603237868747426,0.9027314927503374,0.9603237868747426,2347,955386,1807847
1266000,0.005195764590002462,0.44057162774485886,0.005187556431092506,0.0017645298523602938,2.5237341772151898,2.0,2.2128236684304734,signatures/c2cae97ed5c2f955adaadd6c5da64434.sig.gz,"GCF_000205025.1 Parasutterella excrementihominis YIT 11859 strain=YIT 11859, ASM20502v1",c2cae97ed5c2f955adaadd6c5da64434,0.44126873475078426,1264000,29,171781000,/nfs3_ib/nfs-ip34/home/def-ilafores/analysis/MethodsComparison/Feces_RA/preproc/SRR5091594/SRR5091594_unmatched_2.fastq,SRR5091594,16a301542785a7ddfde0b6494debb26e,243660000,31,DNA,1000,243660,true,0.8439394200929271,0.9739548207146955,0.9089471204038113,0.9739548207146955,3190,958576,1807847
1276000,0.005236805384552245,0.3621881574992486,0.00494541574324879,0.0015482504880114302,2.3228215767634857,2.0,2.5784653042093924,signatures/a0e45b07597836dbbf25c50a48739743.sig.gz,"GCA_020687125.1 Oscillospiraceae bacterium CLA-AA-H269 strain=CLA-AA-H269, ASM2068712v1",a0e45b07597836dbbf25c50a48739743,0.38352870453862337,1205000,30,170576000,/nfs3_ib/nfs-ip34/home/def-ilafores/analysis/MethodsComparison/Feces_RA/preproc/SRR5091594/SRR5091594_unmatched_2.fastq,SRR5091594,16a301542785a7ddfde0b6494debb26e,243660000,31,DNA,1000,243660,true,0.8441536407675283,0.9695587385042393,0.9068561896358838,0.9695587385042393,2799,961375,1807847
1227000,0.005035705491258311,0.3234806629834254,0.004805877041779529,0.0012528715095912431,1.9342442356959864,1.0,1.974633500277265,signatures/74059216b7cd65a7ff314267c1b83b8e.sig.gz,"GCF_005121165.3 Dysosmobacter welbionis strain=J115, ASM512116v3",74059216b7cd65a7ff314267c1b83b8e,0.33895027624309393,1171000,31,169405000,/nfs3_ib/nfs-ip34/home/def-ilafores/analysis/MethodsComparison/Feces_RA/preproc/SRR5091594/SRR5091594_unmatched_2.fastq,SRR5091594,16a301542785a7ddfde0b6494debb26e,243660000,31,DNA,1000,243660,true,0.8430880112157844,0.9657019236818705,0.9043949674488274,0.9657019236818705,2265,963640,1807847
1393000,0.0057169826807847,0.37848876786929886,0.004563736353935813,0.002250743564029478,3.6591726618705036,2.0,4.79393974809002,signatures/c7d4730d7ef725fd5e285130d735d8de.sig.gz,"GCF_020687245.1 Faecalibacterium longum CLA-AA-H243 strain=CLA-AA-H243, ASM2068724v1",c7d4730d7ef725fd5e285130d735d8de,0.47413206262763785,1112000,32,168293000,/nfs3_ib/nfs-ip34/home/def-ilafores/analysis/MethodsComparison/Feces_RA/preproc/SRR5091594/SRR5091594_unmatched_2.fastq,SRR5091594,16a301542785a7ddfde0b6494debb26e,243660000,31,DNA,1000,243660,true,0.8465459657487218,0.9762142424981127,0.9113801041234173,0.9762142424981127,4069,967709,1807847
1183000,0.004855125995239268,0.3702213279678068,0.004530903718295986,0.001486298342724799,2.433876811594203,2.0,1.842821218348547,signatures/202b4a96ab763ae8b9d9aa34459e999a.sig.gz,"GCF_009680455.1 Lachnospira eligens strain=BIOML-A1, ASM968045v1",202b4a96ab763ae8b9d9aa34459e999a,0.3967136150234742,1104000,33,167189000,/nfs3_ib/nfs-ip34/home/def-ilafores/analysis/MethodsComparison/Feces_RA/preproc/SRR5091594/SRR5091594_unmatched_2.fastq,SRR5091594,16a301542785a7ddfde0b6494debb26e,243660000,31,DNA,1000,243660,true,0.8420954225035812,0.9706164524667978,0.9063559374851895,0.9706164524667978,2687,970396,1807847
1131000,0.004641713863580399,0.17245205262323665,0.004465238447016334,0.0011754313279829544,1.953125,1.0,4.643010379208067,signatures/227298ab041a61f361813f05281bd736.sig.gz,"GCF_000969835.1 Parabacteroides goldsteinii DSM 19448 = WAL 12034 strain=DSM 19448, Para_gold_DSM_19448_V1",227298ab041a61f361813f05281bd736,0.1792677127912506,1088000,34,166101000,/nfs3_ib/nfs-ip34/home/def-ilafores/analysis/MethodsComparison/Feces_RA/preproc/SRR5091594/SRR5091594_unmatched_2.fastq,SRR5091594,16a301542785a7ddfde0b6494debb26e,243660000,31,DNA,1000,243660,true,0.8408752313202715,0.9460616146685732,0.8934684229944223,0.9460616146685732,2125,972521,1807847
1194000,0.004900270869244028,0.31689088191330345,0.004350324222276943,0.001288825879623663,2.19811320754717,2.0,2.1209636974856445,signatures/2761b9bfb8ee41b7d2e36ef75953884e.sig.gz,"GCF_001406815.1 Roseburia faecis strain=M72, M72",2761b9bfb8ee41b7d2e36ef75953884e,0.35695067264573993,1060000,35,165041000,/nfs3_ib/nfs-ip34/home/def-ilafores/analysis/MethodsComparison/Feces_RA/preproc/SRR5091594/SRR5091594_unmatched_2.fastq,SRR5091594,16a301542785a7ddfde0b6494debb26e,243660000,31,DNA,1000,243660,true,0.8423468779494125,0.9673151876339026,0.9048310327916576,0.9673151876339026,2330,974851,1807847
1102000,0.00452269555938603,0.432712215320911,0.004288763030452269,0.0021959822927493313,3.799043062200957,3.0,2.4337733404708817,signatures/0c27e38f5990e49c33434011e5c9e03c.sig.gz,"GCF_002834235.1 Ruminococcus bromii strain=5AMG, ASM283423v1",0c27e38f5990e49c33434011e5c9e03c,0.4563146997929607,1045000,36,163996000,/nfs3_ib/nfs-ip34/home/def-ilafores/analysis/MethodsComparison/Feces_RA/preproc/SRR5091594/SRR5091594_unmatched_2.fastq,SRR5091594,16a301542785a7ddfde0b6494debb26e,243660000,31,DNA,1000,243660,true,0.8401709411679833,0.975008789857708,0.9075898655128456,0.975008789857708,3970,978821,1807847
1049000,0.004305179348272183,0.4371838111298482,0.004255930394812444,0.0011864942110698527,2.068466730954677,2.0,1.3241102476853215,signatures/667d0501b9c8706946a15f6814b63f86.sig.gz,"GCA_900550745.1 uncultured Desulfovibrio sp., UMGS1330",667d0501b9c8706946a15f6814b63f86,0.4422428330522766,1037000,37,162959000,/nfs3_ib/nfs-ip34/home/def-ilafores/analysis/MethodsComparison/Feces_RA/preproc/SRR5091594/SRR5091594_unmatched_2.fastq,SRR5091594,16a301542785a7ddfde0b6494debb26e,243660000,31,DNA,1000,243660,true,0.8388361475680561,0.9740241015764937,0.9064301245722749,0.9740241015764937,2145,980966,1807847
1191000,0.004887958630879094,0.27275125296755476,0.004243618156447509,0.0011350518047157751,1.9845261121856868,1.0,1.7185281188717765,signatures/0c12e5258167a95b3340bc8d07d5f489.sig.gz,GCF_027667425.1 Fusicatenibacter saccharivorans strain=AM67-22ACA ASM2766742v1,0c12e5258167a95b3340bc8d07d5f489,0.3141651279345819,1034000,38,161925000,/nfs3_ib/nfs-ip34/home/def-ilafores/analysis/MethodsComparison/Feces_RA/preproc/SRR5091594/SRR5091594_unmatched_2.fastq,SRR5091594,16a301542785a7ddfde0b6494debb26e,243660000,31,DNA,1000,243660,true,0.8422785222469271,0.9633393258041314,0.9028089240255293,0.9633393258041314,2052,983018,1807847
1150000,0.0047196913732249855,0.30198915009041594,0.004112287613888205,0.0014354090805250666,2.589820359281437,2.0,2.0085685133246614,signatures/c7f0f63b1e20051e05be14074e3f6057.sig.gz,GCF_000020605.1 Agathobacter rectalis ATCC 33656 strain=ATCC 33656 ASM2060v1,c7f0f63b1e20051e05be14074e3f6057,0.3465943339361061,1002000,39,160923000,/nfs3_ib/nfs-ip34/home/def-ilafores/analysis/MethodsComparison/Feces_RA/preproc/SRR5091594/SRR5091594_unmatched_2.fastq,SRR5091594,16a301542785a7ddfde0b6494debb26e,243660000,31,DNA,1000,243660,true,0.8413272484829022,0.966396906167506,0.9038620773252041,0.966396906167506,2595,985613,1807847
1068000,0.004383156857916769,0.28750372800477186,0.003956332594599031,0.0010150195232229277,1.9035269709543567,1.0,1.700020749293301,signatures/7ce01a2b906489a12149e88195eade6e.sig.gz,"GCF_020687205.1 Hominisplanchenecus faecis strain=CLA-AA-H246, ASM2068720v1",7ce01a2b906489a12149e88195eade6e,0.31852072770653145,964000,40,159959000,/nfs3_ib/nfs-ip34/home/def-ilafores/analysis/MethodsComparison/Feces_RA/preproc/SRR5091594/SRR5091594_unmatched_2.fastq,SRR5091594,16a301542785a7ddfde0b6494debb26e,243660000,31,DNA,1000,243660,true,0.8393220125368146,0.9637672932591249,0.9015446528979698,0.9637672932591249,1835,987448,1807847
1126000,0.004621193466305508,0.2898069963811821,0.003944020356234096,0.001053186469872727,1.9812695109261187,1.0,1.6692302746721523,signatures/fc95d81881dbf484815547131bbb9759.sig.gz,"GCA_003480725.1 Clostridiaceae bacterium AM27-36LB strain=AM27-36LB, ASM348072v1",fc95d81881dbf484815547131bbb9759,0.3395657418576598,961000,41,158998000,/nfs3_ib/nfs-ip34/home/def-ilafores/analysis/MethodsComparison/Feces_RA/preproc/SRR5091594/SRR5091594_unmatched_2.fastq,SRR5091594,16a301542785a7ddfde0b6494debb26e,243660000,31,DNA,1000,243660,true,0.8407550580216122,0.9657584392261943,0.9032567486239033,0.9657584392261943,1904,989352,1807847
956000,0.003923499958959206,0.3121292023731048,0.0038865632438644013,0.0012379366174239302,2.3632523759239703,2.0,7.82106118637195,signatures/0bb11941ed36712afd3815acccb89572.sig.gz,"GCA_900544305.1 uncultured Porphyromonadaceae bacterium, UMGS659",0bb11941ed36712afd3815acccb89572,0.3150955833882663,947000,42,158051000,/nfs3_ib/nfs-ip34/home/def-ilafores/analysis/MethodsComparison/Feces_RA/preproc/SRR5091594/SRR5091594_unmatched_2.fastq,SRR5091594,16a301542785a7ddfde0b6494debb26e,243660000,31,DNA,1000,243660,true,0.8363278697458073,0.9634312296302305,0.899879549688019,0.9634312296302305,2238,991590,1807847
2180000,0.008946893211852582,0.16434782608695653,0.0038783550849544445,0.002119648399449732,4.055026455026455,2.0,5.447113562550473,signatures/c08f8e47dd318b08d89c36c36e6da9e1.sig.gz,"GCF_000210075.1 Bacteroides xylanisolvens XB1A strain=XB1A, ASM21007v1",c08f8e47dd318b08d89c36c36e6da9e1,0.3791304347826087,945000,43,157106000,/nfs3_ib/nfs-ip34/home/def-ilafores/analysis/MethodsComparison/Feces_RA/preproc/SRR5091594/SRR5091594_unmatched_2.fastq,SRR5091594,16a301542785a7ddfde0b6494debb26e,243660000,31,DNA,1000,243660,true,0.8588650127390841,0.969198062015395,0.9140315373772396,0.969198062015395,3832,995422,1807847
923000,0.003788065336944923,0.5182686902754357,0.003783961257489945,0.0013850729624796789,2.715835140997831,2.0,1.7586318900399052,signatures/47cadd337e10f15764f908c2ed756177.sig.gz,"GCA_000432435.1 Eubacterium sp. CAG:180, MGS180",47cadd337e10f15764f908c2ed756177,0.5188308038223721,922000,44,156184000,/nfs3_ib/nfs-ip34/home/def-ilafores/analysis/MethodsComparison/Feces_RA/preproc/SRR5091594/SRR5091594_unmatched_2.fastq,SRR5091594,16a301542785a7ddfde0b6494debb26e,243660000,31,DNA,1000,243660,true,0.8353806938349555,0.9790554343443454,0.9072180640896504,0.9790554343443454,2504,997926,1807847
1211000,0.004970040219978659,0.29259501965923984,0.0036649429532955758,0.001350224880755949,2.7334826427771555,2.0,3.4928448489499875,signatures/58b144de4acaed89ce9d8071641d7213.sig.gz,"GCF_023347255.1 Faecalibacterium sp. I4384 strain=I4384, ASM2334725v1",58b144de4acaed89ce9d8071641d7213,0.3967889908256881,893000,45,155291000,/nfs3_ib/nfs-ip34/home/def-ilafores/analysis/MethodsComparison/Feces_RA/preproc/SRR5091594/SRR5091594_unmatched_2.fastq,SRR5091594,16a301542785a7ddfde0b6494debb26e,243660000,31,DNA,1000,243660,true,0.8427311151233992,0.9706224008764887,0.906676757999944,0.9706224008764887,2441,1000367,1807847
1013000,0.004157432487892966,0.2604964756359179,0.003488467536731511,0.0008197596367391709,1.7435294117647058,1.0,1.272371297901357,signatures/05fdfb341baa3ac1ba3aa5b66467573e.sig.gz,"GCF_003024715.1 Lachnoclostridium sp. SNUG30386 strain=SNUG30386, ASM302471v1",05fdfb341baa3ac1ba3aa5b66467573e,0.3104505056696292,850000,46,154441000,/nfs3_ib/nfs-ip34/home/def-ilafores/analysis/MethodsComparison/Feces_RA/preproc/SRR5091594/SRR5091594_unmatched_2.fastq,SRR5091594,16a301542785a7ddfde0b6494debb26e,243660000,31,DNA,1000,243660,true,0.8378917413899006,0.962969777507044,0.9004307594484724,0.962969777507044,1482,1001849,1807847
993000,0.004075350898793401,0.15306492564381574,0.0034638430600016415,0.002195429148594986,4.70260663507109,1.0,17.822597159470646,signatures/e1a6b1808735b4a3230b660a9d899fa2.sig.gz,"GCA_000613465.1 Bacteroides nordii WAL 11050 = JCM 12987 strain=JCM 12987, ASM61346v1",e1a6b1808735b4a3230b660a9d899fa2,0.18008705114254625,844000,47,153597000,/nfs3_ib/nfs-ip34/home/def-ilafores/analysis/MethodsComparison/Feces_RA/preproc/SRR5091594/SRR5091594_unmatched_2.fastq,SRR5091594,16a301542785a7ddfde0b6494debb26e,243660000,31,DNA,1000,243660,true,0.8373529384010358,0.946200789369181,0.8917768638851084,0.946200789369181,3969,1005818,1807847
868000,0.0035623409669211198,0.16433021806853582,0.0034638430600016415,0.0007251719863461897,1.5533175355450237,1.0,1.0329871507785315,signatures/8e0a7d74bbe4d1ab66891863c076ae96.sig.gz,"GCF_003096415.1 Victivallis vadensis strain=DSM 14823, ASM309641v1",8e0a7d74bbe4d1ab66891863c076ae96,0.1690031152647975,844000,48,152753000,/nfs3_ib/nfs-ip34/home/def-ilafores/analysis/MethodsComparison/Feces_RA/preproc/SRR5091594/SRR5091594_unmatched_2.fastq,SRR5091594,16a301542785a7ddfde0b6494debb26e,243660000,31,DNA,1000,243660,true,0.8337267295304757,0.9442638808318894,0.8889953051811825,0.9442638808318894,1311,1007129,1807847
1065000,0.004370844619551835,0.4691151919866444,0.0034597389805466634,0.0011284140748636362,2.419928825622776,2.0,1.6954846165885489,signatures/db87a3b1962a5c2c11fa11423e499893.sig.gz,"GCA_019113195.1 Candidatus Parasutterella gallistercoris, ASM1911319v1",db87a3b1962a5c2c11fa11423e499893,0.5926544240400667,843000,49,151910000,/nfs3_ib/nfs-ip34/home/def-ilafores/analysis/MethodsComparison/Feces_RA/preproc/SRR5091594/SRR5091594_unmatched_2.fastq,SRR5091594,16a301542785a7ddfde0b6494debb26e,243660000,31,DNA,1000,243660,true,0.839245855875407,0.9832659886991465,0.9112559222872767,0.9832659886991465,2040,1009169,1807847
807000,0.0033119921201674465,0.29785604900459417,0.0031929738159730773,0.0007074713734071523,1.6439588688946016,1.0,1.029373612590661,signatures/09a733b1bc16d57b28af752939010678.sig.gz,"GCF_000153925.1 [Ruminococcus] torques ATCC 27756 strain=ATCC 27756, ASM15392v1",09a733b1bc16d57b28af752939010678,0.30895865237366005,778000,50,151132000,/nfs3_ib/nfs-ip34/home/def-ilafores/analysis/MethodsComparison/Feces_RA/preproc/SRR5091594/SRR5091594_unmatched_2.fastq,SRR5091594,16a301542785a7ddfde0b6494debb26e,243660000,31,DNA,1000,243660,true,0.8317692878340699,0.9628201551289761,0.897294721481523,0.9628201551289761,1279,1010448,1807847
866000,0.003554132808011163,0.24849498327759198,0.0030493310350488386,0.0006997273552463234,1.702557200538358,1.0,1.2544752412786513,signatures/dfa3dbf060ad74d93551cac84a908cf9.sig.gz,GCA_025758045.1 Oscillospiraceae bacterium ASM2575804v1,dfa3dbf060ad74d93551cac84a908cf9,0.28963210702341136,743000,51,150389000,/nfs3_ib/nfs-ip34/home/def-ilafores/analysis/MethodsComparison/Feces_RA/preproc/SRR5091594/SRR5091594_unmatched_2.fastq,SRR5091594,16a301542785a7ddfde0b6494debb26e,243660000,31,DNA,1000,243660,true,0.8336646916482786,0.9608159772104892,0.8972403344293839,0.9608159772104892,1265,1011713,1807847
746000,0.003061643273413773,0.2698170731707317,0.0029056882541246,0.0006659855618312833,1.7005649717514124,1.0,1.0593408661226233,signatures/9d842f452bc2873386caa06583d801ad.sig.gz,GCF_030296915.1 Anaerostipes hadrus ATCC 29173 = JCM 17467 strain=JCM 17467 ASM3029691v1,9d842f452bc2873386caa06583d801ad,0.2842987804878049,708000,52,149681000,/nfs3_ib/nfs-ip34/home/def-ilafores/analysis/MethodsComparison/Feces_RA/preproc/SRR5091594/SRR5091594_unmatched_2.fastq,SRR5091594,16a301542785a7ddfde0b6494debb26e,243660000,31,DNA,1000,243660,true,0.8296630732558411,0.9602401006349001,0.8949515869453706,0.9602401006349001,1204,1012917,1807847
698000,0.0028646474595748176,0.2613423322084739,0.002860543380119839,0.0006632198410595587,1.7202295552367288,1.0,1.139133529653321,signatures/80f26dd40c8004952f43028785be154b.sig.gz,"GCA_003531585.1 Ruminococcaceae bacterium, ASM353158v1",80f26dd40c8004952f43028785be154b,0.2617172853393326,697000,53,148984000,/nfs3_ib/nfs-ip34/home/def-ilafores/analysis/MethodsComparison/Feces_RA/preproc/SRR5091594/SRR5091594_unmatched_2.fastq,SRR5091594,16a301542785a7ddfde0b6494debb26e,243660000,31,DNA,1000,243660,true,0.8278850461996518,0.9576799612538145,0.8927825037267332,0.9576799612538145,1199,1014116,1807847
727000,0.0029836657637691867,0.20142768466790814,0.0026635475662808833,0.0013883918274057484,3.86748844375963,1.0,9.715887264721404,signatures/56a187d0b325a22e72d7369e11bd76b9.sig.gz,"GCF_006542665.1 Alistipes communis strain=5CBH24, Acom_1.0",56a187d0b325a22e72d7369e11bd76b9,0.2256362507759156,649000,54,148335000,/nfs3_ib/nfs-ip34/home/def-ilafores/analysis/MethodsComparison/Feces_RA/preproc/SRR5091594/SRR5091594_unmatched_2.fastq,SRR5091594,16a301542785a7ddfde0b6494debb26e,243660000,31,DNA,1000,243660,true,0.8289728901878353,0.9531082346348516,0.8910405624113434,0.9531082346348516,2510,1016626,1807847
859000,0.0035254042518263152,0.1736413043478261,0.0026225067717311006,0.0006549226787443849,1.8528951486697967,1.0,1.7639105722805413,signatures/c2d8b6207a026871224ccd15d94fc35d.sig.gz,"GCF_003435375.1 Clostridium sp. AM34-11AC strain=AM34-11AC, ASM343537v1",c2d8b6207a026871224ccd15d94fc35d,0.23342391304347826,639000,55,147696000,/nfs3_ib/nfs-ip34/home/def-ilafores/analysis/MethodsComparison/Feces_RA/preproc/SRR5091594/SRR5091594_unmatched_2.fastq,SRR5091594,16a301542785a7ddfde0b6494debb26e,243660000,31,DNA,1000,243660,true,0.833446461782661,0.9541520589251689,0.8937992603539149,0.9541520589251689,1184,1017810,1807847
3295000,0.013522941804153329,0.12814173877214668,0.0025527374209964706,0.003835501566227673,11.14790996784566,6.0,16.877580416403045,signatures/20f6f4671cb02947dd549a7f52b244a0.sig.gz,GCA_947646015.1 uncultured Bacteroides sp. SRR17794261_bin.38_metawrap_v1.3_MAG,20f6f4671cb02947dd549a7f52b244a0,0.6788215904408735,622000,56,147074000,/nfs3_ib/nfs-ip34/home/def-ilafores/analysis/MethodsComparison/Feces_RA/preproc/SRR5091594/SRR5091594_unmatched_2.fastq,SRR5091594,16a301542785a7ddfde0b6494debb26e,243660000,31,DNA,1000,243660,true,0.8703861536275243,0.9875810837383747,0.9289836186829494,0.9875810837383747,6934,1024744,1807847
659000,0.0027045883608306657,0.23644933228593873,0.0024706558318969055,0.0005348903972515373,1.606312292358804,1.0,1.1365974848963982,signatures/6febeb764d7d5f08ed9a060afaab0854.sig.gz,"GCF_014287435.1 Roseburia sp. NSJ-9 strain=NSJ-9, ASM1428743v1",6febeb764d7d5f08ed9a060afaab0854,0.2588373919874313,602000,57,146472000,/nfs3_ib/nfs-ip34/home/def-ilafores/analysis/MethodsComparison/Feces_RA/preproc/SRR5091594/SRR5091594_unmatched_2.fastq,SRR5091594,16a301542785a7ddfde0b6494debb26e,243660000,31,DNA,1000,243660,true,0.8263509943621734,0.9573381977518783,0.8918445960570258,0.9573381977518783,967,1025711,1807847
2641000,0.010838873840597554,0.10721424677448664,0.0024214068784371664,0.002147305607166978,6.579661016949153,5.0,8.67294213683103,signatures/48ac22e23336bd18ad59549f5bb90daa.sig.gz,GCF_958387885.1 uncultured Bacteroides sp. SRR17798034_bin.10_MetaWRAP_v1.3_MAG,48ac22e23336bd18ad59549f5bb90daa,0.47992004361257495,590000,58,145882000,/nfs3_ib/nfs-ip34/home/def-ilafores/analysis/MethodsComparison/Feces_RA/preproc/SRR5091594/SRR5091594_unmatched_2.fastq,SRR5091594,16a301542785a7ddfde0b6494debb26e,243660000,31,DNA,1000,243660,true,0.8641962795545876,0.9765964144111533,0.9203963469828704,0.9765964144111533,3882,1029593,1807847
1002000,0.004112287613888205,0.12993971868720697,0.0023885742427973405,0.0005902048126860292,1.8333333333333333,1.0,1.6037077600393836,signatures/20e22b7a195404638366fe78b372a400.sig.gz,GCF_025148125.1 Blautia wexlerae DSM 19850 strain=DSM 19850 ASM2514812v1,20e22b7a195404638366fe78b372a400,0.22371064969859344,582000,59,145300000,/nfs3_ib/nfs-ip34/home/def-ilafores/analysis/MethodsComparison/Feces_RA/preproc/SRR5091594/SRR5091594_unmatched_2.fastq,SRR5091594,16a301542785a7ddfde0b6494debb26e,243660000,31,DNA,1000,243660,true,0.8375966872698164,0.9528447606634918,0.8952207239666541,0.9528447606634918,1067,1030660,1807847
1122000,0.0046047771484855945,0.1316208229142987,0.002376262004432406,0.0011472209761113634,3.5820379965457687,1.0,11.494299345132637,signatures/6bae471e5a4f273d83204d975d3e2077.sig.gz,"GCA_019417795.1 Clostridiales bacterium, ASM1941779v1",6bae471e5a4f273d83204d975d3e2077,0.25505796771993633,579000,60,144721000,/nfs3_ib/nfs-ip34/home/def-ilafores/analysis/MethodsComparison/Feces_RA/preproc/SRR5091594/SRR5091594_unmatched_2.fastq,SRR5091594,16a301542785a7ddfde0b6494debb26e,243660000,31,DNA,1000,243660,true,0.8406585469793854,0.9568840580812071,0.8987713025302962,0.9568840580812071,2074,1032734,1807847
822000,0.00337355331199212,0.163049685893775,0.00234342936879258,0.0005465064244927806,1.7302977232924694,1.0,1.629664717586451,signatures/2c4be6d3f461c9f71df87a5d7ae22e2f.sig.gz,"GCF_000225345.1 Roseburia hominis A2-183 strain=A2-183, ASM22534v1",2c4be6d3f461c9f71df87a5d7ae22e2f,0.23472301541976015,571000,61,144150000,/nfs3_ib/nfs-ip34/home/def-ilafores/analysis/MethodsComparison/Feces_RA/preproc/SRR5091594/SRR5091594_unmatched_2.fastq,SRR5091594,16a301542785a7ddfde0b6494debb26e,243660000,31,DNA,1000,243660,true,0.8322635787657816,0.9543228979501477,0.8932932383579646,0.9543228979501477,988,1033722,1807847
790000,0.0032422227694328164,0.16330114135206322,0.0022900763358778627,0.0005028080362995319,1.6290322580645162,1.0,1.2153510912263505,signatures/c46ef26c3dda193f461131a83430ee5d.sig.gz,"GCA_003481745.1 Firmicutes bacterium OM04-13BH strain=OM04-13BH, ASM348174v1",c46ef26c3dda193f461131a83430ee5d,0.2311969563944981,558000,62,143592000,/nfs3_ib/nfs-ip34/home/def-ilafores/analysis/MethodsComparison/Feces_RA/preproc/SRR5091594/SRR5091594_unmatched_2.fastq,SRR5091594,16a301542785a7ddfde0b6494debb26e,243660000,31,DNA,1000,243660,true,0.8311982268823878,0.9538570500226257,0.8925276384525067,0.9538570500226257,909,1034631,1807847
731000,0.0030000820815890995,0.14950166112956811,0.002216202905688254,0.0019382171168245985,6.488888888888889,1.0,20.724334119371786,signatures/9415667d246ab94c4a69e48468fb50b3.sig.gz,"GCF_900129655.1 Bacteroides clarus YIT 12056 strain=YIT 12056, IMG-taxon 2695420967 annotated assembly",9415667d246ab94c4a69e48468fb50b3,0.20238095238095238,540000,63,143052000,/nfs3_ib/nfs-ip34/home/def-ilafores/analysis/MethodsComparison/Feces_RA/preproc/SRR5091594/SRR5091594_unmatched_2.fastq,SRR5091594,16a301542785a7ddfde0b6494debb26e,243660000,31,DNA,1000,243660,true,0.8291196308999703,0.94976984200312,0.8894447364515452,0.94976984200312,3504,1038135,1807847
535000,0.002195682508413363,0.198074787115883,0.002195682508413363,0.0004508124857911095,1.5233644859813085,1.0,0.8488121925243581,signatures/f3a90d4e5528864a5bcc8434b0d0c3b1.sig.gz,"GCF_000020225.1 Akkermansia muciniphila ATCC BAA-835 strain=ATCC BAA-835, ASM2022v1",f3a90d4e5528864a5bcc8434b0d0c3b1,0.198074787115883,535000,64,142517000,/nfs3_ib/nfs-ip34/home/def-ilafores/analysis/MethodsComparison/Feces_RA/preproc/SRR5091594/SRR5091594_unmatched_2.fastq,SRR5091594,16a301542785a7ddfde0b6494debb26e,243660000,31,DNA,1000,243660,true,0.8208129104520829,0.9491111400598784,0.8849620252559807,0.9491111400598784,815,1038950,1807847
564000,0.0023147008126077322,0.17008985879332478,0.0021751621111384717,0.0005116583427690507,1.7452830188679245,1.0,1.1948104827593533,signatures/bff3e8a1ff2f46748997b855d46008f9.sig.gz,"GCF_000468015.1 Ruminococcus callidus ATCC 27760 strain=ATCC 27760, ASM46801v1",bff3e8a1ff2f46748997b855d46008f9,0.1810012836970475,530000,65,141987000,/nfs3_ib/nfs-ip34/home/def-ilafores/analysis/MethodsComparison/Feces_RA/preproc/SRR5091594/SRR5091594_unmatched_2.fastq,SRR5091594,16a301542785a7ddfde0b6494debb26e,243660000,31,DNA,1000,243660,true,0.8222118000247992,0.9463553615129067,0.8842835807688529,0.9463553615129067,925,1039875,1807847
974000,0.003997373389148814,0.1248768472906404,0.002080768283673972,0.0015515693529374998,5.5325443786982245,3.0,5.491649213157892,signatures/659be16e24434afee44065c0476f013e.sig.gz,GCF_025567015.1 Waltera acetigignens strain=f_CXY ASM2556701v1,659be16e24434afee44065c0476f013e,0.2399014778325123,507000,66,141480000,/nfs3_ib/nfs-ip34/home/def-ilafores/analysis/MethodsComparison/Feces_RA/preproc/SRR5091594/SRR5091594_unmatched_2.fastq,SRR5091594,16a301542785a7ddfde0b6494debb26e,243660000,31,DNA,1000,243660,true,0.8368312582908832,0.9549949214033038,0.8959130898470935,0.9549949214033038,2805,1042680,1807847
589000,0.002417302798982188,0.18684422921711058,0.001900188787654929,0.0004297930079260026,1.6781857451403888,1.0,1.1298518376326965,signatures/0fa52b16ef37ab178f2b54115192a175.sig.gz,"GCF_003865035.1 Anaerotignum faecicola strain=KCTC 15736, ASM386503v1",0fa52b16ef37ab178f2b54115192a175,0.23769168684422923,463000,67,141017000,/nfs3_ib/nfs-ip34/home/def-ilafores/analysis/MethodsComparison/Feces_RA/preproc/SRR5091594/SRR5091594_unmatched_2.fastq,SRR5091594,16a301542785a7ddfde0b6494debb26e,243660000,31,DNA,1000,243660,true,0.8233629572035372,0.9547098847311836,0.8890364209673605,0.9547098847311836,777,1043457,1807847
461000,0.0018919806287449725,0.13387000596302923,0.0018427316752852336,0.0005603350283514036,2.2561247216035634,1.0,10.928961305961613,signatures/291e68c00c79fc78c6a795fcc0b4b014.sig.gz,GCF_030296935.1 Coprobacter fastidiosus strain=JCM 33896 ASM3029693v1,291e68c00c79fc78c6a795fcc0b4b014,0.13744782349433513,449000,68,140568000,/nfs3_ib/nfs-ip34/home/def-ilafores/analysis/MethodsComparison/Feces_RA/preproc/SRR5091594/SRR5091594_unmatched_2.fastq,SRR5091594,16a301542785a7ddfde0b6494debb26e,243660000,31,DNA,1000,243660,true,0.816880638717898,0.9379895407491216,0.8774350897335097,0.9379895407491216,1013,1044470,1807847
2082000,0.008544693425264713,0.0809437386569873,0.0018304194369202988,0.005356094846521857,21.710762331838566,15.0,22.013738491644062,signatures/f906f0ea3324bc6db880a742f3f0b0ba.sig.gz,"GCF_013009555.1 Bacteroides dorei strain=DSM 17855, ASM1300955v1",f906f0ea3324bc6db880a742f3f0b0ba,0.3778584392014519,446000,69,140122000,/nfs3_ib/nfs-ip34/home/def-ilafores/analysis/MethodsComparison/Feces_RA/preproc/SRR5091594/SRR5091594_unmatched_2.fastq,SRR5091594,16a301542785a7ddfde0b6494debb26e,243660000,31,DNA,1000,243660,true,0.8575916262104022,0.9690929980439162,0.9133423121271592,0.9690929980439162,9683,1054153,1807847
648000,0.002659443486825905,0.12932604735883424,0.0017483378478207337,0.00037835060157192504,1.6056338028169015,1.0,1.2925812865470192,signatures/41ced143ca0b5e61a031abb93ac88d51.sig.gz,GCF_020687045.1 Brotocaccenecus cirricatena strain=CLA-AA-H272 ASM2068704v1,41ced143ca0b5e61a031abb93ac88d51,0.19672131147540983,426000,70,139696000,/nfs3_ib/nfs-ip34/home/def-ilafores/analysis/MethodsComparison/Feces_RA/preproc/SRR5091594/SRR5091594_unmatched_2.fastq,SRR5091594,16a301542785a7ddfde0b6494debb26e,243660000,31,DNA,1000,243660,true,0.8259024118865733,0.9489012380303267,0.88740182495845,0.9489012380303267,684,1054837,1807847
415000,0.001703192973815973,0.31203007518796994,0.001703192973815973,0.00040324208851744646,1.7566265060240964,1.0,1.2108140019215334,signatures/054c39d883b2aa6def1a6146cc7f7f68.sig.gz,"GCA_003343815.1 Clostridiales bacterium, ASM334381v1",054c39d883b2aa6def1a6146cc7f7f68,0.31203007518796994,415000,71,139281000,/nfs3_ib/nfs-ip34/home/def-ilafores/analysis/MethodsComparison/Feces_RA/preproc/SRR5091594/SRR5091594_unmatched_2.fastq,SRR5091594,16a301542785a7ddfde0b6494debb26e,243660000,31,DNA,1000,243660,true,0.8141153265692016,0.9631274407220122,0.8886213836456069,0.9631274407220122,729,1055566,1807847
450000,0.0018468357547402117,0.09746865389164892,0.0016908807354510383,0.0005973956866925132,2.621359223300971,1.0,8.729613148664011,signatures/d514a5392eaf202adc6934a4db7121cf.sig.gz,"GCA_000803105.1 Coprobacter secundus strain=177, ASM80310v1",d514a5392eaf202adc6934a4db7121cf,0.10645848119233499,412000,72,138869000,/nfs3_ib/nfs-ip34/home/def-ilafores/analysis/MethodsComparison/Feces_RA/preproc/SRR5091594/SRR5091594_unmatched_2.fastq,SRR5091594,16a301542785a7ddfde0b6494debb26e,243660000,31,DNA,1000,243660,true,0.8162444980457207,0.9302907832524742,0.8732676406490975,0.9302907832524742,1080,1056646,1807847
506000,0.0020766642042189935,0.10539845758354756,0.0016826725765410819,0.0005868859477599598,2.5878048780487806,1.0,6.710264984115707,signatures/0af939165079e9d7e74d2ed29256e457.sig.gz,"GCF_003437535.1 Bacteroides plebeius strain=TF10-3AC, ASM343753v1",0af939165079e9d7e74d2ed29256e457,0.1300771208226221,410000,73,138459000,/nfs3_ib/nfs-ip34/home/def-ilafores/analysis/MethodsComparison/Feces_RA/preproc/SRR5091594/SRR5091594_unmatched_2.fastq,SRR5091594,16a301542785a7ddfde0b6494debb26e,243660000,31,DNA,1000,243660,true,0.8193386241988874,0.9363233112857801,0.8778309677423337,0.9363233112857801,1061,1057707,1807847
750000,0.0030780595912336863,0.13958262059527882,0.0016744644176311253,0.0008767334846366977,3.8848039215686274,1.0,6.896927737511483,signatures/df3b4f1c13844c81b29c16b0c900e1c5.sig.gz,GCA_025757845.1 Oscillospiraceae bacterium ASM2575784v1,df3b4f1c13844c81b29c16b0c900e1c5,0.25658569962367433,408000,74,138051000,/nfs3_ib/nfs-ip34/home/def-ilafores/analysis/MethodsComparison/Feces_RA/preproc/SRR5091594/SRR5091594_unmatched_2.fastq,SRR5091594,16a301542785a7ddfde0b6494debb26e,243660000,31,DNA,1000,243660,true,0.8298062053266626,0.9570684111149491,0.8934373082208058,0.9570684111149491,1585,1059292,1807847
724000,0.0029713535254042517,0.09816247582205029,0.001666256258721169,0.0004308992962346924,1.9187192118226601,1.0,1.8019678173469302,signatures/0406dc9599017bcdf1976c899edbe0f3.sig.gz,"GCA_003478355.1 Lachnospiraceae bacterium AM48-27BH strain=AM48-27BH, ASM347835v1",0406dc9599017bcdf1976c899edbe0f3,0.17504835589941972,406000,75,137645000,/nfs3_ib/nfs-ip34/home/def-ilafores/analysis/MethodsComparison/Feces_RA/preproc/SRR5091594/SRR5091594_unmatched_2.fastq,SRR5091594,16a301542785a7ddfde0b6494debb26e,243660000,31,DNA,1000,243660,true,0.8288623209983335,0.9453350122511709,0.8870986666247522,0.9453350122511709,779,1060071,1807847
622000,0.0025527374209964706,0.09912609238451935,0.0016293195436263646,0.0003296739159895721,1.5012594458438286,1.0,0.9670247943248339,signatures/2a410b832a719fa88b97ddf5d0e066c5.sig.gz,"GCF_003461245.1 Blautia sp. AF19-10LB strain=AF19-10LB, ASM346124v1",2a410b832a719fa88b97ddf5d0e066c5,0.15530586766541823,397000,76,137248000,/nfs3_ib/nfs-ip34/home/def-ilafores/analysis/MethodsComparison/Feces_RA/preproc/SRR5091594/SRR5091594_unmatched_2.fastq,SRR5091594,16a301542785a7ddfde0b6494debb26e,243660000,31,DNA,1000,243660,true,0.8248121256466537,0.9416928781529469,0.8832525018998003,0.9416928781529469,596,1060667,1807847
415000,0.001703192973815973,0.16131687242798354,0.0016087991463514734,0.0002931664018028074,1.3520408163265305,1.0,0.8382111165363104,signatures/4a7e38e0e3592b1aa463e455740ac3a1.sig.gz,"GCA_004000625.1 Candidatus Cibiobacter qucibialis, ASM400062v1",4a7e38e0e3592b1aa463e455740ac3a1,0.17078189300411523,392000,77,136856000,/nfs3_ib/nfs-ip34/home/def-ilafores/analysis/MethodsComparison/Feces_RA/preproc/SRR5091594/SRR5091594_unmatched_2.fastq,SRR5091594,16a301542785a7ddfde0b6494debb26e,243660000,31,DNA,1000,243660,true,0.8141153265692016,0.9445828556966601,0.8793490911329309,0.9445828556966601,530,1061197,1807847
2160000,0.008864811622753016,0.07561214495592557,0.0015841746696216039,0.005579565084877205,26.132124352331605,7.0,56.00717620697225,signatures/20d3ad2db691676c0843017fd7066d73.sig.gz,"GCF_009193325.2 Bacteroides sp. HF-5287 strain=HF-5287, ASM919332v2",20d3ad2db691676c0843017fd7066d73,0.42311459353574926,386000,78,136470000,/nfs3_ib/nfs-ip34/home/def-ilafores/analysis/MethodsComparison/Feces_RA/preproc/SRR5091594/SRR5091594_unmatched_2.fastq,SRR5091594,16a301542785a7ddfde0b6494debb26e,243660000,31,DNA,1000,243660,true,0.858609700288039,0.9726358168573257,0.9156227585726824,0.9726358168573257,10087,1071284,1807847
548000,0.00224903554132808,0.11662606577344702,0.001571862431256669,0.0004181769806847593,1.9738903394255876,1.0,2.4440148577801812,signatures/c9db8a0f1ca1dc314b40e6758f8144cd.sig.gz,"GCA_001312505.1 [Ruminococcus] faecis JCM 15917 strain=JCM 15917, ASM131250v1",c9db8a0f1ca1dc314b40e6758f8144cd,0.1668696711327649,383000,79,136087000,/nfs3_ib/nfs-ip34/home/def-ilafores/analysis/MethodsComparison/Feces_RA/preproc/SRR5091594/SRR5091594_unmatched_2.fastq,SRR5091594,16a301542785a7ddfde0b6494debb26e,243660000,31,DNA,1000,243660,true,0.8214488508601729,0.9438769930700015,0.8826629219650872,0.9438769930700015,756,1072040,1807847
513000,0.0021053927604038412,0.11117936117936118,0.0014856767627021259,0.000309760726433155,1.5469613259668509,1.0,1.2096545982730371,signatures/475be866757b5ae72a1570438ae17b63.sig.gz,"GCF_003478335.1 Clostridium sp. AM49-4BH strain=AM49-4BH, ASM347833v1",475be866757b5ae72a1570438ae17b63,0.15755528255528256,362000,80,135725000,/nfs3_ib/nfs-ip34/home/def-ilafores/analysis/MethodsComparison/Feces_RA/preproc/SRR5091594/SRR5091594_unmatched_2.fastq,SRR5091594,16a301542785a7ddfde0b6494debb26e,243660000,31,DNA,1000,243660,true,0.8197018349211307,0.9421297999695788,0.8809158174453547,0.9421297999695788,560,1072600,1807847
398000,0.0016334236230813428,0.12720225510923186,0.0014815726832471477,0.0003103138705874999,1.554016620498615,1.0,1.005795774995102,signatures/626721b74388407d32907567679c1ac3.sig.gz,"GCF_003024685.1 Faecalibacillus intestinalis strain=SNUG30099, ASM302468v1",626721b74388407d32907567679c1ac3,0.14023960535588442,361000,81,135364000,/nfs3_ib/nfs-ip34/home/def-ilafores/analysis/MethodsComparison/Feces_RA/preproc/SRR5091594/SRR5091594_unmatched_2.fastq,SRR5091594,16a301542785a7ddfde0b6494debb26e,243660000,31,DNA,1000,243660,true,0.8130176283347944,0.9385981619154073,0.8758078951251009,0.9385981619154073,561,1073161,1807847
357000,0.0014651563654272347,0.16296296296296298,0.0014446359681523433,0.0003202704653657085,1.6448863636363635,1.0,1.3553458920462989,signatures/87c024897b236fa04a28cc44a019b791.sig.gz,"GCA_000432155.1 Eubacterium sp. CAG:274, MGS274",87c024897b236fa04a28cc44a019b791,0.16527777777777777,352000,82,135012000,/nfs3_ib/nfs-ip34/home/def-ilafores/analysis/MethodsComparison/Feces_RA/preproc/SRR5091594/SRR5091594_unmatched_2.fastq,SRR5091594,16a301542785a7ddfde0b6494debb26e,243660000,31,DNA,1000,243660,true,0.8101713896379139,0.9435851812134485,0.8768782854256811,0.9435851812134485,579,1073740,1807847
430000,0.0017647541656406467,0.13123561013046814,0.001403595173602561,0.0002749126447094251,1.4532163742690059,1.0,0.8106590019913809,signatures/d3662e3e25bc6f3df72d2f3b05edc233.sig.gz,GCF_029218125.1 Neopoerus faecalis strain=CMD_1836 ASM2921812v1,d3662e3e25bc6f3df72d2f3b05edc233,0.16500383729854182,342000,83,134670000,/nfs3_ib/nfs-ip34/home/def-ilafores/analysis/MethodsComparison/Feces_RA/preproc/SRR5091594/SRR5091594_unmatched_2.fastq,SRR5091594,16a301542785a7ddfde0b6494debb26e,243660000,31,DNA,1000,243660,true,0.8150483297961032,0.9435346907095374,0.8792915102528203,0.9435346907095374,497,1074237,1807847
1288000,0.005286054338011984,0.10775047258979206,0.001403595173602561,0.0021500713279387026,11.365497076023392,12.0,8.089649886072399,signatures/463a8ff2f26f37a3c67c2a86a64398f8.sig.gz,"GCF_023347235.1 Faecalibacterium sp. I4179 strain=I4179, ASM2334723v1",463a8ff2f26f37a3c67c2a86a64398f8,0.4057971014492754,342000,84,134328000,/nfs3_ib/nfs-ip34/home/def-ilafores/analysis/MethodsComparison/Feces_RA/preproc/SRR5091594/SRR5091594_unmatched_2.fastq,SRR5091594,16a301542785a7ddfde0b6494debb26e,243660000,31,DNA,1000,243660,true,0.8444085712483581,0.9713255317822098,0.907867051515284,0.9713255317822098,3887,1078124,1807847
395000,0.0016211113847164082,0.08824292758889177,0.0013953870146926044,0.000247808581146524,1.3176470588235294,1.0,0.7469430202047043,signatures/2de6b86d95365c349243cb609e5c2a62.sig.gz,"GCF_000239295.1 Flavonifractor plautii ATCC 29863 strain=ATCC 29863, ASM23929v1",2de6b86d95365c349243cb609e5c2a62,0.10251751881650661,340000,85,133988000,/nfs3_ib/nfs-ip34/home/def-ilafores/analysis/MethodsComparison/Feces_RA/preproc/SRR5091594/SRR5091594_unmatched_2.fastq,SRR5091594,16a301542785a7ddfde0b6494debb26e,243660000,31,DNA,1000,243660,true,0.8128192174906251,0.9291594770010287,0.870989347245827,0.9291594770010287,448,1078572,1807847
576000,0.002363949766067471,0.0724191063174114,0.0013502421406878437,0.0002975915550375668,1.635258358662614,1.0,1.1827419112771527,signatures/aa387c39ac911f35b9a9d7259ce43062.sig.gz,"GCF_000701705.1 Bilophila wadsworthia ATCC 49260 strain=ATCC 49260, ASM70170v1",aa387c39ac911f35b9a9d7259ce43062,0.12678846577151662,329000,86,133659000,/nfs3_ib/nfs-ip34/home/def-ilafores/analysis/MethodsComparison/Feces_RA/preproc/SRR5091594/SRR5091594_unmatched_2.fastq,SRR5091594,16a301542785a7ddfde0b6494debb26e,243660000,31,DNA,1000,243660,true,0.8227703884410215,0.9355501841686265,0.879160286304824,0.9355501841686265,538,1079110,1807847
2295000,0.00941886234917508,0.10892081523554961,0.001337929902322909,0.013107303881357217,72.68711656441718,77.0,42.72784777076166,signatures/2bdcf0afcec6237c34322e5ef95e16d9.sig.gz,GCA_958432865.1 Bacteroides stercoris SRR17798025_bin.17_MetaWRAP_v1.3_MAG,2bdcf0afcec6237c34322e5ef95e16d9,0.7667891747410625,326000,87,133333000,/nfs3_ib/nfs-ip34/home/def-ilafores/analysis/MethodsComparison/Feces_RA/preproc/SRR5091594/SRR5091594_unmatched_2.fastq,SRR5091594,16a301542785a7ddfde0b6494debb26e,243660000,31,DNA,1000,243660,true,0.8602904686666073,0.9914706672688688,0.925880567967738,0.9914706672688688,23696,1102806,1807847
642000,0.0026348190100960356,0.08589607635206786,0.0013297217434129526,0.00028708181610501333,1.6018518518518519,1.0,1.116153681076455,signatures/47a8a8805c519f2455918c9990c029e5.sig.gz,"GCF_003481985.1 Clostridium sp. OF09-36 strain=OF09-36, ASM348198v1",47a8a8805c519f2455918c9990c029e5,0.1702014846235419,324000,88,133009000,/nfs3_ib/nfs-ip34/home/def-ilafores/analysis/MethodsComparison/Feces_RA/preproc/SRR5091594/SRR5091594_unmatched_2.fastq,SRR5091594,16a301542785a7ddfde0b6494debb26e,243660000,31,DNA,1000,243660,true,0.8256546145986816,0.9444791302293506,0.885066872414016,0.9444791302293506,519,1103325,1807847
1992000,0.00817532627431667,0.05606326889279438,0.0013092013461380612,0.0009259633143733955,5.247648902821316,5.0,4.372698046143773,signatures/a94161bf1ccd67b3c66d45adbcfe7953.sig.gz,"GCA_019117555.1 Candidatus Bacteroides intestinigallinarum, ASM1911755v1",a94161bf1ccd67b3c66d45adbcfe7953,0.3500878734622144,319000,89,132690000,/nfs3_ib/nfs-ip34/home/def-ilafores/analysis/MethodsComparison/Feces_RA/preproc/SRR5091594/SRR5091594_unmatched_2.fastq,SRR5091594,16a301542785a7ddfde0b6494debb26e,243660000,31,DNA,1000,243660,true,0.8563700193006719,0.9667096067344809,0.9115398130175765,0.9667096067344809,1674,1104999,1807847
438000,0.0017975868012804729,0.0825346112886049,0.001272264631043257,0.0002638497616225267,1.538709677419355,1.0,1.1736838666943517,signatures/981003820b07cf0506a203ee425a0184.sig.gz,GCF_025567095.1 Anthropogastromicrobium aceti strain=H6_35 ASM2556709v1,981003820b07cf0506a203ee425a0184,0.11661341853035144,310000,90,132380000,/nfs3_ib/nfs-ip34/home/def-ilafores/analysis/MethodsComparison/Feces_RA/preproc/SRR5091594/SRR5091594_unmatched_2.fastq,SRR5091594,16a301542785a7ddfde0b6494debb26e,243660000,31,DNA,1000,243660,true,0.815533130624088,0.9330289382632119,0.87428103444365,0.9330289382632119,477,1105476,1807847
310000,0.001272264631043257,0.1211410707307542,0.001272264631043257,0.00023729884221397054,1.3838709677419354,1.0,0.6655566548161254,signatures/1a7cafe23821babf9b9627f5efea44df.sig.gz,"GCF_004134775.1 Candidatus Borkfalkia ceftriaxoniphila strain=HDS1380, ASM413477v1",1a7cafe23821babf9b9627f5efea44df,0.1211410707307542,310000,91,132070000,/nfs3_ib/nfs-ip34/home/def-ilafores/analysis/MethodsComparison/Feces_RA/preproc/SRR5091594/SRR5091594_unmatched_2.fastq,SRR5091594,16a301542785a7ddfde0b6494debb26e,243660000,31,DNA,1000,243660,true,0.8064905310039684,0.9341761064727855,0.8703333187383769,0.9341761064727855,429,1105905,1807847
1964000,0.00806041204957728,0.045636390576381684,0.0012640564721333005,0.0010769716685095586,6.321428571428571,6.0,3.5835023187204156,signatures/d0bde3e6526ca3c12f402123a43ebfc0.sig.gz,"GCA_019412825.1 Bacteroides thetaiotaomicron, ASM1941282v1",d0bde3e6526ca3c12f402123a43ebfc0,0.2910060749740702,308000,92,131762000,/nfs3_ib/nfs-ip34/home/def-ilafores/analysis/MethodsComparison/Feces_RA/preproc/SRR5091594/SRR5091594_unmatched_2.fastq,SRR5091594,16a301542785a7ddfde0b6494debb26e,243660000,31,DNA,1000,243660,true,0.855979052750559,0.9609626715956816,0.9084708621731203,0.9609626715956816,1947,1107852,1807847
304000,0.0012476401543133875,0.16749585406301823,0.0012435360748584093,0.0002599777525421122,1.551155115511551,1.0,0.9315820953419078,signatures/dc79372924876388a378ce5ece5a05d9.sig.gz,"GCA_000436835.1 Eubacterium sp. CAG:251, MGS251",dc79372924876388a378ce5ece5a05d9,0.16804864566058597,303000,93,131459000,/nfs3_ib/nfs-ip34/home/def-ilafores/analysis/MethodsComparison/Feces_RA/preproc/SRR5091594/SRR5091594_unmatched_2.fastq,SRR5091594,16a301542785a7ddfde0b6494debb26e,243660000,31,DNA,1000,243660,true,0.8059822224942608,0.9440913810021792,0.87503680174822,0.9440913810021792,470,1108322,1807847
397000,0.0016293195436263646,0.0767656090071648,0.0012312238364934746,0.00023508626559659085,1.4166666666666667,1.0,0.7722621892135394,signatures/7e6d64aeed16ed31733900b0e7434256.sig.gz,"GCA_003112755.1 Lawsonibacter asaccharolyticus strain=3BBH22, ASM311275v1",7e6d64aeed16ed31733900b0e7434256,0.10158648925281474,300000,94,131159000,/nfs3_ib/nfs-ip34/home/def-ilafores/analysis/MethodsComparison/Feces_RA/preproc/SRR5091594/SRR5091594_unmatched_2.fastq,SRR5091594,16a301542785a7ddfde0b6494debb26e,243660000,31,DNA,1000,243660,true,0.8129516526749176,0.9288860700136036,0.8709188613442607,0.9288860700136036,425,1108747,1807847
758000,0.0031108922268735122,0.07843680709534367,0.0011614544857588443,0.0002455960045291443,1.568904593639576,1.0,0.9537101818891149,signatures/48227f0b50ffcdb8b37511d627bd1277.sig.gz,"GCF_014297285.1 Dysosmobacter sp. BX15 strain=BX15, ASM1429728v1",48227f0b50ffcdb8b37511d627bd1277,0.21008869179600886,283000,95,130876000,/nfs3_ib/nfs-ip34/home/def-ilafores/analysis/MethodsComparison/Feces_RA/preproc/SRR5091594/SRR5091594_unmatched_2.fastq,SRR5091594,16a301542785a7ddfde0b6494debb26e,243660000,31,DNA,1000,243660,true,0.830090266596059,0.95091570875232,0.8905029876741895,0.95091570875232,444,1109191,1807847
1237000,0.005076746285808093,0.06524757056918093,0.0011573504063038661,0.0010990974346833553,7.046099290780142,2.0,15.035230578322803,signatures/284259e70e0364cec13b6b5c7e16db9f.sig.gz,"GCF_004793765.1 Parabacteroides distasonis strain=NM39_I3, ASM479376v1",284259e70e0364cec13b6b5c7e16db9f,0.2862100879222582,282000,96,130594000,/nfs3_ib/nfs-ip34/home/def-ilafores/analysis/MethodsComparison/Feces_RA/preproc/SRR5091594/SRR5091594_unmatched_2.fastq,SRR5091594,16a301542785a7ddfde0b6494debb26e,243660000,31,DNA,1000,243660,true,0.8433087912288437,0.9604476707613525,0.9018782309950981,0.9604476707613525,1987,1111178,1807847
2350000,0.009644586719198883,0.05896027049873204,0.0011450381679389313,0.0019221759363485958,12.455197132616487,4.0,21.56187977356661,signatures/74682f4f7d98823d43fc073dc9b6e96e.sig.gz,GCA_959606905.1 uncultured Bacteroides sp. SRR16244388_bin.36_MetaWRAP_v1.3_MAG,74682f4f7d98823d43fc073dc9b6e96e,0.49661876584953507,279000,97,130315000,/nfs3_ib/nfs-ip34/home/def-ilafores/analysis/MethodsComparison/Feces_RA/preproc/SRR5091594/SRR5091594_unmatched_2.fastq,SRR5091594,16a301542785a7ddfde0b6494debb26e,243660000,31,DNA,1000,243660,true,0.8609479396374144,0.9776745145513873,0.9193112270944008,0.9776745145513873,3475,1114653,1807847
433000,0.0017770664040055815,0.07841483979763912,0.0011450381679389313,0.0002555525993073529,1.6559139784946237,1.0,1.6601676966893335,signatures/414bbe2ea74e8b8695fa300df29056f9.sig.gz,GCF_020686965.1 Hominiventricola filiformis strain=CLA-AA-H276 ASM2068696v1,414bbe2ea74e8b8695fa300df29056f9,0.12169758291174818,279000,98,130036000,/nfs3_ib/nfs-ip34/home/def-ilafores/analysis/MethodsComparison/Feces_RA/preproc/SRR5091594/SRR5091594_unmatched_2.fastq,SRR5091594,16a301542785a7ddfde0b6494debb26e,243660000,31,DNA,1000,243660,true,0.815231145110465,0.9343142360814622,0.8747726905959636,0.9343142360814622,462,1115115,1807847
1411000,0.005790856110974308,0.09766214177978884,0.0010629565788393663,0.0003645219977133021,2.5444015444015444,2.0,1.7860888681528986,signatures/a202d6e19a5a61416204946db31cfb35.sig.gz,"GCA_019411365.1 Roseburia sp., ASM1941136v1",a202d6e19a5a61416204946db31cfb35,0.532051282051282,259000,99,129777000,/nfs3_ib/nfs-ip34/home/def-ilafores/analysis/MethodsComparison/Feces_RA/preproc/SRR5091594/SRR5091594_unmatched_2.fastq,SRR5091594,16a301542785a7ddfde0b6494debb26e,243660000,31,DNA,1000,243660,true,0.8468966443330436,0.9798504358284114,0.9133735400807275,0.9798504358284114,659,1115774,1807847
1585000,0.006504965936140523,0.07937480845847379,0.0010629565788393663,0.006071863382244184,42.38223938223938,42.0,29.698560103231337,signatures/13b91a3b95e974816cbdb5352e0e95f7.sig.gz,GCA_948579315.1 uncultured Phocaeicola sp. MGBC144851,13b91a3b95e974816cbdb5352e0e95f7,0.4857493104505057,259000,100,129518000,/nfs3_ib/nfs-ip34/home/def-ilafores/analysis/MethodsComparison/Feces_RA/preproc/SRR5091594/SRR5091594_unmatched_2.fastq,SRR5091594,16a301542785a7ddfde0b6494debb26e,243660000,31,DNA,1000,243660,true,0.8500794488485512,0.9769768303994729,0.913528139624012,0.9769768303994729,10977,1126751,1807847
521000,0.0021382253960436676,0.03886284590957206,0.00105474841992941,0.000653816390435695,4.599221789883268,1.0,12.867435421871106,signatures/853e9a59589712e17ad2229ad2b25a87.sig.gz,"GCF_000969825.1 Parabacteroides gordonii MS-1 = DSM 23371 strain=MS-1, Para_gord_MS-1_V1",853e9a59589712e17ad2229ad2b25a87,0.07878421291395736,257000,101,129261000,/nfs3_ib/nfs-ip34/home/def-ilafores/analysis/MethodsComparison/Feces_RA/preproc/SRR5091594/SRR5091594_unmatched_2.fastq,SRR5091594,16a301542785a7ddfde0b6494debb26e,243660000,31,DNA,1000,243660,true,0.8201111056836262,0.9213004102152607,0.8707057579494435,0.9213004102152607,1182,1127933,1807847
257000,0.00105474841992941,0.09045936395759717,0.0010506443404744315,0.00018917530078596252,1.3359375,1.0,0.6588026989120114,signatures/02b170c1c65259d332d2411d92d0f08f.sig.gz,"GCF_000478885.1 Adlercreutzia equolifaciens DSM 19450 strain=DSM 19450, ASM47888v1",02b170c1c65259d332d2411d92d0f08f,0.09081272084805654,256000,102,129005000,/nfs3_ib/nfs-ip34/home/def-ilafores/analysis/MethodsComparison/Feces_RA/preproc/SRR5091594/SRR5091594_unmatched_2.fastq,SRR5091594,16a301542785a7ddfde0b6494debb26e,243660000,31,DNA,1000,243660,true,0.8016273842404058,0.9255328304641552,0.8635801073522805,0.9255328304641552,342,1128275,1807847
1511000,0.006201264056472133,0.05133974227858458,0.0010301239431995404,0.0028536706922654407,20.55378486055777,6.0,23.02173093484901,signatures/710cdbb1b39af4ff433ed7fbad6c78ce.sig.gz,"GCF_000614125.1 Bacteroides rodentium JCM 16496 strain=JCM 16496, ASM61412v1",710cdbb1b39af4ff433ed7fbad6c78ce,0.3090611577009613,251000,103,128754000,/nfs3_ib/nfs-ip34/home/def-ilafores/analysis/MethodsComparison/Feces_RA/preproc/SRR5091594/SRR5091594_unmatched_2.fastq,SRR5091594,16a301542785a7ddfde0b6494debb26e,243660000,31,DNA,1000,243660,true,0.8487693428427691,0.9628304580374757,0.9057999004401224,0.9628304580374757,5159,1133434,1807847
1991000,0.008171222194861693,0.053636558678395195,0.0010260198637445622,0.0005487190011101603,3.968,2.0,5.133320173143304,signatures/c7357052beed930961bb4cc339dd0845.sig.gz,GCA_948436425.1 uncultured Bacteroides sp. SRR17684645_bin.52_metawrap_v1.3_MAG,c7357052beed930961bb4cc339dd0845,0.4271615533147393,250000,104,128504000,/nfs3_ib/nfs-ip34/home/def-ilafores/analysis/MethodsComparison/Feces_RA/preproc/SRR5091594/SRR5091594_unmatched_2.fastq,SRR5091594,16a301542785a7ddfde0b6494debb26e,243660000,31,DNA,1000,243660,true,0.8563561480397218,0.9729345321201849,0.9146453400799534,0.9729345321201849,992,1134426,1807847
307000,0.0012599523926783223,0.07857142857142857,0.000993187228104736,0.00017645298523602938,1.3181818181818181,1.0,0.8636363636363638,signatures/7ea1b3c55be6e308fa316078f05fe4e8.sig.gz,GCF_025567565.1 Muriventricola aceti strain=H5_61 ASM2556756v1,7ea1b3c55be6e308fa316078f05fe4e8,0.09967532467532468,242000,105,128262000,/nfs3_ib/nfs-ip34/home/def-ilafores/analysis/MethodsComparison/Feces_RA/preproc/SRR5091594/SRR5091594_unmatched_2.fastq,SRR5091594,16a301542785a7ddfde0b6494debb26e,243660000,31,DNA,1000,243660,true,0.8062375785066369,0.9283171548874753,0.8672773666970561,0.9283171548874753,319,1134745,1807847
571000,0.00234342936879258,0.059074912016088485,0.0009644586719198884,0.0033581381610280074,25.83404255319149,3.0,153.67731497842135,signatures/21dcfee3f1e24fb9aebbbe6b8ae42cad.sig.gz,"GCF_000154845.1 Bacteroides coprocola DSM 17136 strain=DSM 17136, ASM15484v1",21dcfee3f1e24fb9aebbbe6b8ae42cad,0.14353946706887882,235000,106,128027000,/nfs3_ib/nfs-ip34/home/def-ilafores/analysis/MethodsComparison/Feces_RA/preproc/SRR5091594/SRR5091594_unmatched_2.fastq,SRR5091594,16a301542785a7ddfde0b6494debb26e,243660000,31,DNA,1000,243660,true,0.8225390247398968,0.9393026049453277,0.8809208148426122,0.9393026049453277,6071,1140816,1807847
453000,0.0018591479931051465,0.0692918192918193,0.0009316260362800624,0.00020632276957065503,1.6431718061674008,1.0,1.3571428206643836,signatures/9e471117913907283503d1bbd660072a.sig.gz,"GCF_003480315.1 Clostridium sp. AM33-3 strain=AM33-3, ASM348031v1",9e471117913907283503d1bbd660072a,0.1382783882783883,227000,107,127800000,/nfs3_ib/nfs-ip34/home/def-ilafores/analysis/MethodsComparison/Feces_RA/preproc/SRR5091594/SRR5091594_unmatched_2.fastq,SRR5091594,16a301542785a7ddfde0b6494debb26e,243660000,31,DNA,1000,243660,true,0.8164194707141743,0.9381718485580438,0.877295659636109,0.9381718485580438,373,1141189,1807847
2242000,0.009201346138061233,0.06311086288746161,0.0009275219568250842,0.0007843584108610961,6.274336283185841,6.0,3.7386945514257413,signatures/300d2de3c2c21f7c37b9a66b2c49f0e7.sig.gz,"GCA_900755095.1 uncultured Bacteroides sp., ERS473029_19",300d2de3c2c21f7c37b9a66b2c49f0e7,0.6260820999720749,226000,108,127574000,/nfs3_ib/nfs-ip34/home/def-ilafores/analysis/MethodsComparison/Feces_RA/preproc/SRR5091594/SRR5091594_unmatched_2.fastq,SRR5091594,16a301542785a7ddfde0b6494debb26e,243660000,31,DNA,1000,243660,true,0.8596423170518988,0.9850079119885178,0.9223251145202083,0.9850079119885178,1418,1142607,1807847
2050000,0.00841336288270541,0.032046716991881496,0.0009234178773701059,0.0005868859477599598,4.7155555555555555,4.0,5.02959930171405,signatures/6567e1e09256d8c7a31fd1e8d0b378f2.sig.gz,"GCF_020091405.1 Bacteroides cellulosilyticus strain=BFG-250, ASM2009140v1",6567e1e09256d8c7a31fd1e8d0b378f2,0.2919811992593648,225000,109,127349000,/nfs3_ib/nfs-ip34/home/def-ilafores/analysis/MethodsComparison/Feces_RA/preproc/SRR5091594/SRR5091594_unmatched_2.fastq,SRR5091594,16a301542785a7ddfde0b6494debb26e,243660000,31,DNA,1000,243660,true,0.8571632368377311,0.9610663765621731,0.9091148066999521,0.9610663765621731,1061,1143668,1807847
400000,0.0016416317819912994,0.05403422982885086,0.0009070015595501929,0.00020742905787934487,1.6968325791855203,1.0,1.8795009720925853,signatures/9339949239b5932e2aee9a8671988c41.sig.gz,GCF_025566865.1 Blautia acetigignens strain=Sanger_28 ASM2556686v1,9339949239b5932e2aee9a8671988c41,0.097799511002445,221000,110,127128000,/nfs3_ib/nfs-ip34/home/def-ilafores/analysis/MethodsComparison/Feces_RA/preproc/SRR5091594/SRR5091594_unmatched_2.fastq,SRR5091594,16a301542785a7ddfde0b6494debb26e,243660000,31,DNA,1000,243660,true,0.8131490997657445,0.9277484033243347,0.8704487515450396,0.9277484033243347,375,1144043,1807847
317000,0.0013009931872281048,0.06596701649175413,0.0009028974800952146,0.00021240735526844917,1.7454545454545454,1.0,1.7859877004379672,signatures/853f171c0393206ce274892b71b6f556.sig.gz,"GCF_900209925.1 Anaerobutyricum hallii, EH1",853f171c0393206ce274892b71b6f556,0.09505247376311844,220000,111,126908000,/nfs3_ib/nfs-ip34/home/def-ilafores/analysis/MethodsComparison/Feces_RA/preproc/SRR5091594/SRR5091594_unmatched_2.fastq,SRR5091594,16a301542785a7ddfde0b6494debb26e,243660000,31,DNA,1000,243660,true,0.8070716599927247,0.9268961498638847,0.8669839049283047,0.9268961498638847,384,1144427,1807847
322000,0.001321513584502996,0.07444598337950138,0.0008823770828203234,0.00018585643585989302,1.5627906976744186,1.0,1.2811737452410044,signatures/f264b62f2a1798cf106db911e66dcf25.sig.gz,GCF_025150745.1 Eubacterium ventriosum strain=ATCC 27560 ASM2515074v1,f264b62f2a1798cf106db911e66dcf25,0.11149584487534626,215000,112,126693000,/nfs3_ib/nfs-ip34/home/def-ilafores/analysis/MethodsComparison/Feces_RA/preproc/SRR5091594/SRR5091594_unmatched_2.fastq,SRR5091594,16a301542785a7ddfde0b6494debb26e,243660000,31,DNA,1000,243660,true,0.8074791979239301,0.9316792198903819,0.869579208907156,0.9316792198903819,336,1144763,1807847
230000,0.0009439382746449971,0.05758880516684607,0.0008782730033653452,0.00014768948921009355,1.2476635514018692,1.0,0.7909353027634316,signatures/988b2ef58a54374a65546dbc194ca3be.sig.gz,GCA_015074785.1 Segatella copri strain=YF2 ASM1507478v1,988b2ef58a54374a65546dbc194ca3be,0.06189451022604951,214000,113,126479000,/nfs3_ib/nfs-ip34/home/def-ilafores/analysis/MethodsComparison/Feces_RA/preproc/SRR5091594/SRR5091594_unmatched_2.fastq,SRR5091594,16a301542785a7ddfde0b6494debb26e,243660000,31,DNA,1000,243660,true,0.7987622568101619,0.9141575206080977,0.8564598887091298,0.9141575206080977,267,1145030,1807847
235000,0.0009644586719198884,0.07478632478632478,0.0008618566855454322,0.00018198442677947856,1.5666666666666667,1.0,2.106188915086144,signatures/2d77af5e2b527f2c7c365b017a670f58.sig.gz,"GCA_900539115.1 uncultured Roseburia sp., UMGS89",2d77af5e2b527f2c7c365b017a670f58,0.08368945868945869,210000,114,126269000,/nfs3_ib/nfs-ip34/home/def-ilafores/analysis/MethodsComparison/Feces_RA/preproc/SRR5091594/SRR5091594_unmatched_2.fastq,SRR5091594,16a301542785a7ddfde0b6494debb26e,243660000,31,DNA,1000,243660,true,0.7993165892334501,0.9230972216686825,0.8612069054510663,0.9230972216686825,329,1145359,1807847
412000,0.0016908807354510383,0.08303535955502582,0.0008577526060904539,0.00015543350737092242,1.3444976076555024,1.0,0.7161706121365611,signatures/be471ee2a9a4d83e479673ce2822bf12.sig.gz,"GCF_018408575.1 Oscillibacter sp. MM50 strain=MM50, ASM1840857v1",be471ee2a9a4d83e479673ce2822bf12,0.16368692888359157,209000,115,126060000,/nfs3_ib/nfs-ip34/home/def-ilafores/analysis/MethodsComparison/Feces_RA/preproc/SRR5091594/SRR5091594_unmatched_2.fastq,SRR5091594,16a301542785a7ddfde0b6494debb26e,243660000,31,DNA,1000,243660,true,0.8139248151276612,0.9432908307830414,0.8786078229553513,0.9432908307830414,281,1145640,1807847
217000,0.0008905852417302799,0.10283159463487332,0.0008495444471804974,0.00016649639045782083,1.4541062801932367,1.0,0.7842471070628213,signatures/d6880ec836f031125e9ef4429246f8c4.sig.gz,"GCA_900543625.1 uncultured Clostridiales bacterium, UMGS596",d6880ec836f031125e9ef4429246f8c4,0.107799304520616,207000,116,125853000,/nfs3_ib/nfs-ip34/home/def-ilafores/analysis/MethodsComparison/Feces_RA/preproc/SRR5091594/SRR5091594_unmatched_2.fastq,SRR5091594,16a301542785a7ddfde0b6494debb26e,243660000,31,DNA,1000,243660,true,0.7972645159839368,0.9306664608605086,0.8639654884222228,0.9306664608605086,301,1145941,1807847
661000,0.002712796519740622,0.047156726768377254,0.0008372322088155626,0.00018640958001423793,1.6519607843137254,1.0,1.4922827882243883,signatures/9f8ee440e15d203543396b77b2bae2e7.sig.gz,GCA_003477525.1 Ruminococcus sp. AF41-9 strain=AF41-9 ASM347752v1,9f8ee440e15d203543396b77b2bae2e7,0.1527970411465557,204000,117,125649000,/nfs3_ib/nfs-ip34/home/def-ilafores/analysis/MethodsComparison/Feces_RA/preproc/SRR5091594/SRR5091594_unmatched_2.fastq,SRR5091594,16a301542785a7ddfde0b6494debb26e,243660000,31,DNA,1000,243660,true,0.8264317755954773,0.9411982851757097,0.8838150303855935,0.9411982851757097,337,1146278,1807847
200000,0.0008208158909956497,0.10112359550561797,0.0008126077320856932,0.00015156149829050798,1.3838383838383839,1.0,0.6229138226479429,signatures/5829d46b7921c18901a080b82380443c.sig.gz,"GCA_904394705.1 Candidatus Avimicrobium caecorum, Coassembly_mag_137",5829d46b7921c18901a080b82380443c,0.10214504596527069,198000,118,125451000,/nfs3_ib/nfs-ip34/home/def-ilafores/analysis/MethodsComparison/Feces_RA/preproc/SRR5091594/SRR5091594_unmatched_2.fastq,SRR5091594,16a301542785a7ddfde0b6494debb26e,243660000,31,DNA,1000,243660,true,0.7951691829923986,0.9290503857914538,0.8621097843919262,0.9290503857914538,274,1146552,1807847
363000,0.0014897808421571043,0.05698582586057275,0.0008085036526307149,0.00015875237229699194,1.4568527918781726,1.0,0.8150962969205703,signatures/4d1fd4a988e75787682a232c846bb78e.sig.gz,GCF_025567265.1 Dorea amylophila strain=H5_25 ASM2556726v1,4d1fd4a988e75787682a232c846bb78e,0.10500433902227364,197000,119,125254000,/nfs3_ib/nfs-ip34/home/def-ilafores/analysis/MethodsComparison/Feces_RA/preproc/SRR5091594/SRR5091594_unmatched_2.fastq,SRR5091594,16a301542785a7ddfde0b6494debb26e,243660000,31,DNA,1000,243660,true,0.8106070928537829,0.9298781441506427,0.8702426185022127,0.9298781441506427,287,1146839,1807847
377000,0.0015472379545267995,0.06793760831889081,0.0008043995731757367,0.00026274347331383687,2.423469387755102,1.0,6.646255674736029,signatures/68f0797ae6b584c9128db7eba1ec6c3c.sig.gz,"GCF_006542685.1 Alistipes dispar strain=5CPEGH6, Adis_1.0",68f0797ae6b584c9128db7eba1ec6c3c,0.13067590987868286,196000,120,125058000,/nfs3_ib/nfs-ip34/home/def-ilafores/analysis/MethodsComparison/Feces_RA/preproc/SRR5091594/SRR5091594_unmatched_2.fastq,SRR5091594,16a301542785a7ddfde0b6494debb26e,243660000,31,DNA,1000,243660,true,0.8115972222248036,0.9364620416614192,0.8740296319431113,0.9364620416614192,475,1147314,1807847
192000,0.0007879832553558236,0.06173238526179703,0.0007838791759008455,0.00014160490351229944,1.3403141361256545,1.0,0.6091775467935824,signatures/0577121652a91194533e84a2dee7741c.sig.gz,"GCA_905209085.1 uncultured Clostridiales bacterium, ERR1600743-mag-bin.83",0577121652a91194533e84a2dee7741c,0.062055591467356175,191000,121,124867000,/nfs3_ib/nfs-ip34/home/def-ilafores/analysis/MethodsComparison/Feces_RA/preproc/SRR5091594/SRR5091594_unmatched_2.fastq,SRR5091594,16a301542785a7ddfde0b6494debb26e,243660000,31,DNA,1000,243660,true,0.7941227627065408,0.9142341694980068,0.8541784661022738,0.9142341694980068,256,1147570,1807847
561000,0.0023023885742427972,0.0775257731958763,0.0007715669375359107,0.0008811586378714571,8.47340425531915,8.0,4.215515302084617,signatures/f6429d724d5b86af3c741638eedd8b73.sig.gz,"GCA_003447295.1 Lachnospiraceae bacterium, ASM344729v1",f6429d724d5b86af3c741638eedd8b73,0.231340206185567,188000,122,124679000,/nfs3_ib/nfs-ip34/home/def-ilafores/analysis/MethodsComparison/Feces_RA/preproc/SRR5091594/SRR5091594_unmatched_2.fastq,SRR5091594,16a301542785a7ddfde0b6494debb26e,243660000,31,DNA,1000,243660,true,0.8220703560635427,0.9538761091632223,0.8879732326133825,0.9538761091632223,1593,1149163,1807847
1742000,0.007149306410572109,0.038343243797416444,0.0007674628580809325,0.0008872432235692511,8.577540106951872,2.0,23.939945548797887,signatures/9f833edc009ae582f777a22b3796d1ff.sig.gz,GCF_959601035.1 Bacteroides intestinalis SRR16279995_bin.30_MetaWRAP_v1.3_MAG,9f833edc009ae582f777a22b3796d1ff,0.3571867951609596,187000,123,124492000,/nfs3_ib/nfs-ip34/home/def-ilafores/analysis/MethodsComparison/Feces_RA/preproc/SRR5091594/SRR5091594_unmatched_2.fastq,SRR5091594,16a301542785a7ddfde0b6494debb26e,243660000,31,DNA,1000,243660,true,0.8526733840110081,0.9673358222568659,0.910004603133937,0.9673358222568659,1604,1150767,1807847
1891000,0.007760814249363868,0.04601150287571893,0.0007551506197159977,0.0037281916002847586,36.630434782608695,40.5,23.282162135935902,signatures/368314a9cda1fb73c39f56f1ff8da594.sig.gz,"GCA_900760795.1 Bacteroidaceae bacterium, SRS021948_34",368314a9cda1fb73c39f56f1ff8da594,0.4728682170542636,184000,124,124308000,/nfs3_ib/nfs-ip34/home/def-ilafores/analysis/MethodsComparison/Feces_RA/preproc/SRR5091594/SRR5091594_unmatched_2.fastq,SRR5091594,16a301542785a7ddfde0b6494debb26e,243660000,31,DNA,1000,243660,true,0.8549338115002663,0.9761301922679713,0.9155320018841188,0.9761301922679713,6740,1157507,1807847
541000,0.002220306985143232,0.05076708507670851,0.0007469424608060412,0.00015100835413616308,1.5,1.0,1.0311095059142914,signatures/b2cb449359263424b624c31f539ed929.sig.gz,"GCF_003478035.1 Clostridium sp. OF03-18AA strain=OF03-18AA, ASM347803v1",b2cb449359263424b624c31f539ed929,0.1509065550906555,182000,125,124126000,/nfs3_ib/nfs-ip34/home/def-ilafores/analysis/MethodsComparison/Feces_RA/preproc/SRR5091594/SRR5091594_unmatched_2.fastq,SRR5091594,16a301542785a7ddfde0b6494debb26e,243660000,31,DNA,1000,243660,true,0.8211082584859417,0.9408203725703492,0.8809643155281455,0.9408203725703492,273,1157780,1807847
401000,0.0016457358614462775,0.05487012987012987,0.0006935894278913239,0.00012722315549933152,1.3609467455621302,1.0,1.0850851370101864,signatures/1a61bc75384814965146b3c8fd1a27a5.sig.gz,GCF_025150245.1 Dorea formicigenerans strain=ATCC 27755 ASM2515024v1,1a61bc75384814965146b3c8fd1a27a5,0.1301948051948052,169000,126,123957000,/nfs3_ib/nfs-ip34/home/def-ilafores/analysis/MethodsComparison/Feces_RA/preproc/SRR5091594/SRR5091594_unmatched_2.fastq,SRR5091594,16a301542785a7ddfde0b6494debb26e,243660000,31,DNA,1000,243660,true,0.8132145971094257,0.9363506257050161,0.8747826114072209,0.9363506257050161,230,1158010,1807847
168000,0.0006894853484363457,0.06979642708766098,0.0006894853484363457,0.00013109516457974595,1.4107142857142858,1.0,0.8261381553352198,signatures/45ce353ccb6f088adf7ef2ef2662a5a9.sig.gz,"GCA_019117045.1 Candidatus Mailhella merdigallinarum, ASM1911704v1",45ce353ccb6f088adf7ef2ef2662a5a9,0.06979642708766098,168000,127,123789000,/nfs3_ib/nfs-ip34/home/def-ilafores/analysis/MethodsComparison/Feces_RA/preproc/SRR5091594/SRR5091594_unmatched_2.fastq,SRR5091594,16a301542785a7ddfde0b6494debb26e,243660000,31,DNA,1000,243660,true,0.790709463882644,0.9177075327343157,0.8542084983084799,0.9177075327343157,237,1158247,1807847
438000,0.0017975868012804729,0.04670558798999166,0.0006894853484363457,0.0003291207718352272,3.5416666666666665,3.0,3.0096158722356425,signatures/79a393fb99d8977a1fe96a36cabdd09c.sig.gz,"GCF_000265365.1 Alistipes finegoldii DSM 17242 strain=DSM 17242, ASM26536v1",79a393fb99d8977a1fe96a36cabdd09c,0.12176814011676397,168000,128,123621000,/nfs3_ib/nfs-ip34/home/def-ilafores/analysis/MethodsComparison/Feces_RA/preproc/SRR5091594/SRR5091594_unmatched_2.fastq,SRR5091594,16a301542785a7ddfde0b6494debb26e,243660000,31,DNA,1000,243660,true,0.815533130624088,0.934331705115153,0.8749324178696205,0.934331705115153,595,1158842,1807847
846000,0.003472051218911598,0.06666666666666667,0.000677173110071411,0.0002278953915901069,2.496969696969697,2.0,2.2552947598101634,signatures/363d223ee3759cea7ec9a3f62c7a0463.sig.gz,"GCA_934514285.1 uncultured Faecalibacterium sp., ERR7738148_bin.55",363d223ee3759cea7ec9a3f62c7a0463,0.3418181818181818,165000,129,123456000,/nfs3_ib/nfs-ip34/home/def-ilafores/analysis/MethodsComparison/Feces_RA/preproc/SRR5091594/SRR5091594_unmatched_2.fastq,SRR5091594,16a301542785a7ddfde0b6494debb26e,243660000,31,DNA,1000,243660,true,0.8330365724847493,0.9659644291838899,0.8995005008343195,0.9659644291838899,412,1159254,1807847
907000,0.0037224000656652712,0.020297029702970298,0.0006730690306164328,0.0019525988648375664,21.524390243902438,6.0,36.97204798148556,signatures/6672ed00a5e62028f3d25099a8b409db.sig.gz,GCF_900761785.1 uncultured Bacteroides sp. SRS098827_17,6672ed00a5e62028f3d25099a8b409db,0.11225247524752476,164000,130,123292000,/nfs3_ib/nfs-ip34/home/def-ilafores/analysis/MethodsComparison/Feces_RA/preproc/SRR5091594/SRR5091594_unmatched_2.fastq,SRR5091594,16a301542785a7ddfde0b6494debb26e,243660000,31,DNA,1000,243660,true,0.8349095969735721,0.931882506011522,0.8833960514925471,0.931882506011522,3530,1162784,1807847
1593000,0.00653779857178035,0.03414634146341464,0.000660756792251498,0.000454684494871524,5.105590062111801,4.0,3.41280468705007,signatures/a979b53ddcfd88958a35250270db69a6.sig.gz,"GCA_900759525.1 uncultured Bacteroides sp., ERS608613_38",a979b53ddcfd88958a35250270db69a6,0.3378579003181336,161000,131,123131000,/nfs3_ib/nfs-ip34/home/def-ilafores/analysis/MethodsComparison/Feces_RA/preproc/SRR5091594/SRR5091594_unmatched_2.fastq,SRR5091594,16a301542785a7ddfde0b6494debb26e,243660000,31,DNA,1000,243660,true,0.8502175190940469,0.9656013705301845,0.9079094448121157,0.9656013705301845,822,1163606,1807847
2226000,0.00913568086678158,0.054081289889150154,0.000660756792251498,0.0004911920090582886,5.515527950310559,4.0,6.272394007444247,signatures/78f6a266a0fffd08c8145495b700d709.sig.gz,"GCA_900556625.1 uncultured Bacteroides sp., UMGS1954",78f6a266a0fffd08c8145495b700d709,0.7477326167282499,161000,132,122970000,/nfs3_ib/nfs-ip34/home/def-ilafores/analysis/MethodsComparison/Feces_RA/preproc/SRR5091594/SRR5091594_unmatched_2.fastq,SRR5091594,16a301542785a7ddfde0b6494debb26e,243660000,31,DNA,1000,243660,true,0.8594437328961001,0.9906660974173074,0.9250549151567038,0.9906660974173074,888,1164494,1807847
340000,0.0013953870146926044,0.04880266747499242,0.000660756792251498,0.0001288825879623663,1.4472049689440993,1.0,0.8480933758359394,signatures/3e682b689eef8f4d4ab760d3a9715911.sig.gz,"GCA_900543885.1 uncultured Clostridium sp., UMGS615",3e682b689eef8f4d4ab760d3a9715911,0.10306153379812064,161000,133,122809000,/nfs3_ib/nfs-ip34/home/def-ilafores/analysis/MethodsComparison/Feces_RA/preproc/SRR5091594/SRR5091594_unmatched_2.fastq,SRR5091594,16a301542785a7ddfde0b6494debb26e,243660000,31,DNA,1000,243660,true,0.8088972830244557,0.9293181228267036,0.8691077029255796,0.9293181228267036,233,1164727,1807847
1081000,0.004436509890831487,0.05415531335149864,0.0006525486333415415,0.0007511697616004009,8.540880503144654,5.0,8.172466536340623,signatures/78db35fa6d9edc0fa99c8623efbe174d.sig.gz,"GCF_023347295.1 Faecalibacterium sp. I3333 strain=I3333, ASM2334729v1",78db35fa6d9edc0fa99c8623efbe174d,0.36818801089918257,159000,134,122650000,/nfs3_ib/nfs-ip34/home/def-ilafores/analysis/MethodsComparison/Feces_RA/preproc/SRR5091594/SRR5091594_unmatched_2.fastq,SRR5091594,16a301542785a7ddfde0b6494debb26e,243660000,31,DNA,1000,243660,true,0.8396496502616209,0.9682828650276333,0.903966257644627,0.9682828650276333,1358,1166085,1807847
725000,0.00297545760485923,0.040827008636482594,0.0006402363949766067,0.00023121425651617642,2.6794871794871793,2.0,1.9480008802161297,signatures/ba44e405458705e9ab11b89381454753.sig.gz,"GCF_014287515.2 Roseburia sp. NSJ-69 strain=NSJ-69, ASM1428751v2",ba44e405458705e9ab11b89381454753,0.18974090552211462,156000,135,122494000,/nfs3_ib/nfs-ip34/home/def-ilafores/analysis/MethodsComparison/Feces_RA/preproc/SRR5091594/SRR5091594_unmatched_2.fastq,SRR5091594,16a301542785a7ddfde0b6494debb26e,243660000,31,DNA,1000,243660,true,0.8288992265797241,0.9477959966332099,0.888347611606467,0.9477959966332099,418,1166503,1807847
465000,0.0019083969465648854,0.042746828461114175,0.0006361323155216285,0.00012224485811022725,1.4258064516129032,1.0,1.1469363798019556,signatures/c7c1a160793d1ec9d73e128c1ab0fc90.sig.gz,"GCF_003478505.1 Clostridium sp. AF27-2AA strain=AF27-2AA, ASM347850v1",c7c1a160793d1ec9d73e128c1ab0fc90,0.12824048538334254,155000,136,122339000,/nfs3_ib/nfs-ip34/home/def-ilafores/analysis/MethodsComparison/Feces_RA/preproc/SRR5091594/SRR5091594_unmatched_2.fastq,SRR5091594,16a301542785a7ddfde0b6494debb26e,243660000,31,DNA,1000,243660,true,0.8171083261863763,0.9358939026210756,0.876501114403726,0.9358939026210756,221,1166724,1807847
209000,0.0008577526060904539,0.052667346245327894,0.0006361323155216285,0.0001487957775187834,1.735483870967742,1.0,1.8805538626652027,signatures/5a0b5e0a07aed23520f18cb9b671cee1.sig.gz,GCF_025567345.1 Coprococcus ammoniilyticus strain=H1_22 ASM2556734v1,5a0b5e0a07aed23520f18cb9b671cee1,0.07101597009853891,155000,137,122184000,/nfs3_ib/nfs-ip34/home/def-ilafores/analysis/MethodsComparison/Feces_RA/preproc/SRR5091594/SRR5091594_unmatched_2.fastq,SRR5091594,16a301542785a7ddfde0b6494debb26e,243660000,31,DNA,1000,243660,true,0.7962990452969104,0.9182204661925215,0.8572597557447159,0.9182204661925215,269,1166993,1807847
161000,0.000660756792251498,0.09610552763819095,0.000627924156611672,0.00012003228149284756,1.4183006535947713,1.0,0.9742728415275337,signatures/11de1dec9cbcd0040d603168aea2e3ac.sig.gz,"GCA_000435555.1 Firmicutes bacterium CAG:176, MGS176",11de1dec9cbcd0040d603168aea2e3ac,0.10113065326633165,153000,138,122031000,/nfs3_ib/nfs-ip34/home/def-ilafores/analysis/MethodsComparison/Feces_RA/preproc/SRR5091594/SRR5091594_unmatched_2.fastq,SRR5091594,16a301542785a7ddfde0b6494debb26e,243660000,31,DNA,1000,243660,true,0.7896246509791411,0.9287513233209533,0.8591879871500472,0.9287513233209533,217,1167210,1807847
373000,0.0015308216367068866,0.04339080459770115,0.0006197159977017155,0.00012445743472760693,1.490066225165563,1.0,1.2117938630291685,signatures/973528e45f46317bdf684a7aee9fd592.sig.gz,"GCF_003122485.1 Eubacterium ramulus strain=21, ASM312248v1",973528e45f46317bdf684a7aee9fd592,0.10718390804597701,151000,139,121880000,/nfs3_ib/nfs-ip34/home/def-ilafores/analysis/MethodsComparison/Feces_RA/preproc/SRR5091594/SRR5091594_unmatched_2.fastq,SRR5091594,16a301542785a7ddfde0b6494debb26e,243660000,31,DNA,1000,243660,true,0.8113180083577114,0.9304946012177444,0.8709063047877279,0.9304946012177444,225,1167435,1807847
548000,0.00224903554132808,0.07414730598121602,0.0006156119182467373,0.0003506933938546791,4.226666666666667,4.0,2.6985098768682607,signatures/67ff6aa4aefa5332d75476550be7a291.sig.gz,"GCA_905215855.1 uncultured bacterium, SRR413702-mag-bin.4",67ff6aa4aefa5332d75476550be7a291,0.2708848245180425,150000,140,121730000,/nfs3_ib/nfs-ip34/home/def-ilafores/analysis/MethodsComparison/Feces_RA/preproc/SRR5091594/SRR5091594_unmatched_2.fastq,SRR5091594,16a301542785a7ddfde0b6494debb26e,243660000,31,DNA,1000,243660,true,0.8214488508601729,0.9587441598416796,0.8900965053509262,0.9587441598416796,634,1168069,1807847
174000,0.0007141098251662152,0.0687757909215956,0.0006156119182467373,0.00011892599318415774,1.4333333333333333,1.0,0.8279828232249481,signatures/7b84dbbb3f681c53d36cf76d788fd1fa.sig.gz,"GCA_020555865.1 bacterium 210917-DFI.7.65 strain=DFI.7.65, ASM2055586v1",7b84dbbb3f681c53d36cf76d788fd1fa,0.07977991746905089,150000,141,121580000,/nfs3_ib/nfs-ip34/home/def-ilafores/analysis/MethodsComparison/Feces_RA/preproc/SRR5091594/SRR5091594_unmatched_2.fastq,SRR5091594,16a301542785a7ddfde0b6494debb26e,243660000,31,DNA,1000,243660,true,0.7916050364349597,0.9216737366953502,0.8566393865651549,0.9216737366953502,215,1168284,1807847
947000,0.0038865632438644013,0.056862745098039215,0.000595091520971846,0.00020632276957065503,2.5724137931034483,2.0,2.34225010468848,signatures/30722b2c2fd9cb373ad391f527e6453d.sig.gz,"GCA_002492145.1 Sutterellaceae bacterium UBA7131, ASM249214v1",30722b2c2fd9cb373ad391f527e6453d,0.37137254901960787,145000,142,121435000,/nfs3_ib/nfs-ip34/home/def-ilafores/analysis/MethodsComparison/Feces_RA/preproc/SRR5091594/SRR5091594_unmatched_2.fastq,SRR5091594,16a301542785a7ddfde0b6494debb26e,243660000,31,DNA,1000,243660,true,0.8360727256191705,0.968551898469891,0.9023123120445307,0.968551898469891,373,1168657,1807847
604000,0.002478863990806862,0.028232971372161894,0.0005868833620618895,0.0026954714641227936,34.07692307692308,21.0,44.10097709509772,signatures/894ebfeac80d6a527fbc03d1d52101ee.sig.gz,"GCA_900762515.1 uncultured Odoribacter sp., SRS144506_36",894ebfeac80d6a527fbc03d1d52101ee,0.1192497532082922,143000,143,121292000,/nfs3_ib/nfs-ip34/home/def-ilafores/analysis/MethodsComparison/Feces_RA/preproc/SRR5091594/SRR5091594_unmatched_2.fastq,SRR5091594,16a301542785a7ddfde0b6494debb26e,243660000,31,DNA,1000,243660,true,0.8240311618577998,0.9337020365980582,0.878866599227929,0.9337020365980582,4873,1173530,1807847
157000,0.000644340474431585,0.04697766097240473,0.0005868833620618895,0.0001039911010168449,1.3146853146853146,1.0,0.6522642694467704,signatures/245cce7c17ed189565ed35f57884004e.sig.gz,GCF_025567495.1 Hominimerdicola aceti strain=Sanger_31 ASM2556749v1,245cce7c17ed189565ed35f57884004e,0.051576872536136666,143000,144,121149000,/nfs3_ib/nfs-ip34/home/def-ilafores/analysis/MethodsComparison/Feces_RA/preproc/SRR5091594/SRR5091594_unmatched_2.fastq,SRR5091594,16a301542785a7ddfde0b6494debb26e,243660000,31,DNA,1000,243660,true,0.7889840780811997,0.9087957564368921,0.848889917259046,0.9087957564368921,188,1173718,1807847
706000,0.0028974800952146435,0.05117117117117117,0.0005827792826069112,0.00018585643585989302,2.3661971830985915,2.0,1.5810447305475155,signatures/1c86d14b5e74b8fcf07a707c63c50911.sig.gz,GCF_003458705.1 Eubacterium sp. AF22-9 strain=AF22-9 ASM345870v1,1c86d14b5e74b8fcf07a707c63c50911,0.2544144144144144,142000,145,121007000,/nfs3_ib/nfs-ip34/home/def-ilafores/analysis/MethodsComparison/Feces_RA/preproc/SRR5091594/SRR5091594_unmatched_2.fastq,SRR5091594,16a301542785a7ddfde0b6494debb26e,243660000,31,DNA,1000,243660,true,0.8281894469712,0.9568060797324307,0.8924977633518154,0.9568060797324307,336,1174054,1807847
1863000,0.007645900024624477,0.021250941974378296,0.0005786752031519331,0.0007788269693176469,9.98581560283688,3.0,21.9108399014245,signatures/0e5019418175331bfe955e92113bfc1f.sig.gz,"GCF_003464595.1 Bacteroides intestinalis strain=AF14-32, ASM346459v1",0e5019418175331bfe955e92113bfc1f,0.28078372268274304,141000,146,120866000,/nfs3_ib/nfs-ip34/home/def-ilafores/analysis/MethodsComparison/Feces_RA/preproc/SRR5091594/SRR5091594_unmatched_2.fastq,SRR5091594,16a301542785a7ddfde0b6494debb26e,243660000,31,DNA,1000,243660,true,0.854522502586672,0.9598548111029089,0.9071886568447904,0.9598548111029089,1408,1175462,1807847
845000,0.0034679471394566197,0.03192466697289848,0.0005704670442419766,0.0013673723495406414,17.784172661870503,6.0,20.10145582971007,signatures/aa21d6a4e240d950eb3b686e2a4fae57.sig.gz,"GCF_004793475.1 Bacteroides sp. NM69_E16B strain=NM69_E16B, ASM479347v1",aa21d6a4e240d950eb3b686e2a4fae57,0.19407441433164907,139000,147,120727000,/nfs3_ib/nfs-ip34/home/def-ilafores/analysis/MethodsComparison/Feces_RA/preproc/SRR5091594/SRR5091594_unmatched_2.fastq,SRR5091594,16a301542785a7ddfde0b6494debb26e,243660000,31,DNA,1000,243660,true,0.8330047905355872,0.9484866771376861,0.8907457338366367,0.9484866771376861,2472,1177934,1807847
164000,0.0006730690306164328,0.046773642881529534,0.00056225888533202,0.00009901280362774063,1.3065693430656935,1.0,0.5610475576810403,signatures/423e927cb11bff8ed2bc0d1c431fc5ce.sig.gz,GCA_937967235.1 uncultured Clostridia bacterium ERR1600602_bin.57_CONCOCT_v1.1_MAG,423e927cb11bff8ed2bc0d1c431fc5ce,0.05599180607715944,137000,148,120590000,/nfs3_ib/nfs-ip34/home/def-ilafores/analysis/MethodsComparison/Feces_RA/preproc/SRR5091594/SRR5091594_unmatched_2.fastq,SRR5091594,16a301542785a7ddfde0b6494debb26e,243660000,31,DNA,1000,243660,true,0.7900950523270378,0.9112067297753582,0.8506508910511981,0.9112067297753582,179,1178113,1807847
551000,0.002261347779693015,0.047401685393258425,0.0005540507264220635,0.00017645298523602938,2.362962962962963,2.0,1.671581231482058,signatures/3784007bacdb5e1a673c9a775abe80cf.sig.gz,GCA_937935345.1 uncultured Lachnobacterium sp. SRR1761720_bin.57_CONCOCT_v1.1_MAG,3784007bacdb5e1a673c9a775abe80cf,0.1934691011235955,135000,149,120455000,/nfs3_ib/nfs-ip34/home/def-ilafores/analysis/MethodsComparison/Feces_RA/preproc/SRR5091594/SRR5091594_unmatched_2.fastq,SRR5091594,16a301542785a7ddfde0b6494debb26e,243660000,31,DNA,1000,243660,true,0.8215935319303221,0.9483911035950614,0.8849923177626917,0.9483911035950614,319,1178432,1807847
138000,0.0005663629647869983,0.025616145934407142,0.0005417384880571288,0.00009458765039298126,1.2954545454545454,1.0,0.5739105141369294,signatures/0e9fc0ea42d2cb5d3d5563304ec7b014.sig.gz,"GCA_003526375.1 Lentisphaeria bacterium, ASM352637v1",0e9fc0ea42d2cb5d3d5563304ec7b014,0.02678051620415292,132000,150,120323000,/nfs3_ib/nfs-ip34/home/def-ilafores/analysis/MethodsComparison/Feces_RA/preproc/SRR5091594/SRR5091594_unmatched_2.fastq,SRR5091594,16a301542785a7ddfde0b6494debb26e,243660000,31,DNA,1000,243660,true,0.7857079076809462,0.88978377466632,0.8377458411736332,0.88978377466632,171,1178603,1807847
144000,0.0005909874415168677,0.046214006398862424,0.0005335303291471722,0.00009514079454732618,1.323076923076923,1.0,0.5976284492170778,signatures/b69c557c70b05f221753839e76da2c17.sig.gz,GCF_025144665.1 Alistipes ihumii AP11 strain=AP11 ASM2514466v1,b69c557c70b05f221753839e76da2c17,0.05119089939566299,130000,151,120193000,/nfs3_ib/nfs-ip34/home/def-ilafores/analysis/MethodsComparison/Feces_RA/preproc/SRR5091594/SRR5091594_unmatched_2.fastq,SRR5091594,16a301542785a7ddfde0b6494debb26e,243660000,31,DNA,1000,243660,true,0.7867873396307714,0.9085755732459837,0.8476814564383776,0.9085755732459837,172,1178775,1807847
616000,0.002528112944266601,0.05938784833257195,0.0005335303291471722,0.00013441402950581548,1.8692307692307693,1.0,1.2365489292534568,signatures/c0340cc532c0a9a2b4e1c7e77225d4c1.sig.gz,"GCA_934835795.1 Oscillibacter sp. ER4, MTG222_bin.50.fa",c0340cc532c0a9a2b4e1c7e77225d4c1,0.2814070351758794,130000,152,120063000,/nfs3_ib/nfs-ip34/home/def-ilafores/analysis/MethodsComparison/Feces_RA/preproc/SRR5091594/SRR5091594_unmatched_2.fastq,SRR5091594,16a301542785a7ddfde0b6494debb26e,243660000,31,DNA,1000,243660,true,0.824554262398645,0.9599234723501877,0.8922388673744164,0.9599234723501877,243,1179018,1807847
1445000,0.005930394812443569,0.03881418092909535,0.0005212180907822376,0.007363454982639571,104.81889763779527,41.0,135.7210790423602,signatures/b0a316f942f0beea5fd102847b2e7868.sig.gz,"GCA_019414725.1 Bacteroides sp., ASM1941472v1",b0a316f942f0beea5fd102847b2e7868,0.44162591687041564,127000,153,119936000,/nfs3_ib/nfs-ip34/home/def-ilafores/analysis/MethodsComparison/Feces_RA/preproc/SRR5091594/SRR5091594_unmatched_2.fastq,SRR5091594,16a301542785a7ddfde0b6494debb26e,243660000,31,DNA,1000,243660,true,0.8475473831957394,0.97398024177313,0.9107638124844347,0.97398024177313,13312,1192330,1807847
180000,0.0007387343018960847,0.048640367675220224,0.0005212180907822376,0.00008905620884953207,1.2677165354330708,1.0,0.5089563027147187,signatures/ff319075e0e50fcb7f8fec8840a453c8.sig.gz,"GCF_003425665.1 Evtepia gabavorous strain=KLE1738, ASM342566v1",ff319075e0e50fcb7f8fec8840a453c8,0.0689391037916507,127000,154,119809000,/nfs3_ib/nfs-ip34/home/def-ilafores/analysis/MethodsComparison/Feces_RA/preproc/SRR5091594/SRR5091594_unmatched_2.fastq,SRR5091594,16a301542785a7ddfde0b6494debb26e,243660000,31,DNA,1000,243660,true,0.7924712080044259,0.9173417287087198,0.8549064683565728,0.9173417287087198,161,1192491,1807847
1024000,0.004202577361897726,0.040377727124715074,0.0005089058524173028,0.0007069182292528073,10.306451612903226,10.0,7.6212536215367965,signatures/b11818d1b4bf0d22ae3d2662e33873ee.sig.gz,"GCF_003287405.1 Faecalibacterium prausnitzii strain=APC923/51-1, ASM328740v1",b11818d1b4bf0d22ae3d2662e33873ee,0.33344187561055033,124000,155,119685000,/nfs3_ib/nfs-ip34/home/def-ilafores/analysis/MethodsComparison/Feces_RA/preproc/SRR5091594/SRR5091594_unmatched_2.fastq,SRR5091594,16a301542785a7ddfde0b6494debb26e,243660000,31,DNA,1000,243660,true,0.8381837110639333,0.9651916428777509,0.9016876769708422,0.9651916428777509,1278,1193769,1807847
557000,0.0022859722564228845,0.03926535782140595,0.0005089058524173028,0.000199685039718516,2.911290322580645,2.0,1.8708808378037303,signatures/9395a6c49ddeded3ae11fb356cafc064.sig.gz,"GCA_900542495.1 uncultured Roseburia sp., UMGS472",9395a6c49ddeded3ae11fb356cafc064,0.17637745408486383,124000,156,119561000,/nfs3_ib/nfs-ip34/home/def-ilafores/analysis/MethodsComparison/Feces_RA/preproc/SRR5091594/SRR5091594_unmatched_2.fastq,SRR5091594,16a301542785a7ddfde0b6494debb26e,243660000,31,DNA,1000,243660,true,0.8218806211700572,0.9455657042392123,0.8837231627046347,0.9455657042392123,361,1194130,1807847
171000,0.0007017975868012805,0.046218487394957986,0.000496593614052368,0.00009790651531905079,1.462809917355372,1.0,0.8236315704661812,signatures/495a6434f7a904cfbf64e101b857c18c.sig.gz,"GCF_018918025.1 Oscillibacter sp. MSJ-31 strain=MSJ-31, ASM1891802v1",495a6434f7a904cfbf64e101b857c18c,0.0653170359052712,121000,157,119440000,/nfs3_ib/nfs-ip34/home/def-ilafores/analysis/MethodsComparison/Feces_RA/preproc/SRR5091594/SRR5091594_unmatched_2.fastq,SRR5091594,16a301542785a7ddfde0b6494debb26e,243660000,31,DNA,1000,243660,true,0.7911610515986025,0.9157460359056205,0.8534535437521116,0.9157460359056205,177,1194307,1807847
1150000,0.0047196913732249855,0.03051702395964691,0.000496593614052368,0.0004159644040673796,6.214876033057851,5.0,3.5190311673148087,signatures/e9ec7274e8258dd4be5e60bc6fb66cda.sig.gz,GCA_948847595.1 uncultured Bacteroides sp. MGBC156522,e9ec7274e8258dd4be5e60bc6fb66cda,0.2900378310214376,121000,158,119319000,/nfs3_ib/nfs-ip34/home/def-ilafores/analysis/MethodsComparison/Feces_RA/preproc/SRR5091594/SRR5091594_unmatched_2.fastq,SRR5091594,16a301542785a7ddfde0b6494debb26e,243660000,31,DNA,1000,243660,true,0.8413272484829022,0.9608593650787423,0.9010933067808222,0.9608593650787423,752,1195059,1807847
316000,0.0012968891077731264,0.02919179734620024,0.000496593614052368,0.00009624708285601602,1.43801652892562,1.0,0.9866259557635298,signatures/928b2d7b80c57c283b973481c1cf1d26.sig.gz,"GCF_020554845.1 Blautia faecis strain=DFI.3.66, ASM2055484v1",928b2d7b80c57c283b973481c1cf1d26,0.07623642943305187,121000,159,119198000,/nfs3_ib/nfs-ip34/home/def-ilafores/analysis/MethodsComparison/Feces_RA/preproc/SRR5091594/SRR5091594_unmatched_2.fastq,SRR5091594,16a301542785a7ddfde0b6494debb26e,243660000,31,DNA,1000,243660,true,0.8069894063919639,0.9203239570648893,0.8636566817284266,0.9203239570648893,174,1195233,1807847
202000,0.0008290240499056062,0.028925619834710745,0.0004883854551424115,0.0000984596594733957,1.495798319327731,1.0,1.099074856029761,signatures/4edd699389284f85ac20f9344f953c5f.sig.gz,"GCF_000949455.1 Ruthenibacterium lactatiformans strain=585-1, ASM94945v1",4edd699389284f85ac20f9344f953c5f,0.049100631988332526,119000,160,119079000,/nfs3_ib/nfs-ip34/home/def-ilafores/analysis/MethodsComparison/Feces_RA/preproc/SRR5091594/SRR5091594_unmatched_2.fastq,SRR5091594,16a301542785a7ddfde0b6494debb26e,243660000,31,DNA,1000,243660,true,0.7954244561024962,0.9073545108807379,0.8513894834916171,0.9073545108807379,178,1195411,1807847
541000,0.002220306985143232,0.02227676043043232,0.0004842813756874333,0.002018976163358957,30.93220338983051,6.0,40.37614012947798,signatures/e98f7803904fe26755ff11a8c31dc48a.sig.gz,"GCF_003865075.1 Bacteroides sp. KCTC 15687 strain=KCTC 15687, ASM386507v1",e98f7803904fe26755ff11a8c31dc48a,0.10213328299037192,118000,161,118961000,/nfs3_ib/nfs-ip34/home/def-ilafores/analysis/MethodsComparison/Feces_RA/preproc/SRR5091594/SRR5091594_unmatched_2.fastq,SRR5091594,16a301542785a7ddfde0b6494debb26e,243660000,31,DNA,1000,243660,true,0.8211082584859417,0.9290469343410483,0.875077596413495,0.9290469343410483,3650,1199061,1807847
568000,0.002331117130427645,0.03528347406513872,0.00048017729623245505,0.00011007568671463902,1.7008547008547008,1.0,1.1713456157504205,signatures/2023c0f479da06b35c0c857a2d652a0d.sig.gz,"GCF_003480435.1 Clostridium sp. AM30-24 strain=AM30-24, ASM348043v1",2023c0f479da06b35c0c857a2d652a0d,0.1712907117008444,117000,162,118844000,/nfs3_ib/nfs-ip34/home/def-ilafores/analysis/MethodsComparison/Feces_RA/preproc/SRR5091594/SRR5091594_unmatched_2.fastq,SRR5091594,16a301542785a7ddfde0b6494debb26e,243660000,31,DNA,1000,243660,true,0.8223992635950124,0.9446735070487963,0.8835363853219043,0.9446735070487963,199,1199260,1807847
276000,0.0011327259295739966,0.03373702422145329,0.00048017729623245505,0.00009514079454732618,1.4700854700854702,1.0,0.8530753774037035,signatures/05df2d9cef43af2f34e1eb0c217ff27b.sig.gz,"GCF_020687435.1 Blautia sp. CLA-AA-H217 strain=CLA-AA-H217, ASM2068743v1",05df2d9cef43af2f34e1eb0c217ff27b,0.07958477508650519,117000,163,118727000,/nfs3_ib/nfs-ip34/home/def-ilafores/analysis/MethodsComparison/Feces_RA/preproc/SRR5091594/SRR5091594_unmatched_2.fastq,SRR5091594,16a301542785a7ddfde0b6494debb26e,243660000,31,DNA,1000,243660,true,0.8034738914368813,0.9216009271916809,0.862537409314281,0.9216009271916809,172,1199432,1807847
516000,0.0021177049987687762,0.04147300679299249,0.0004760732167774768,0.0003689471509480614,5.75,2.0,7.354186000104834,signatures/b9efc27b039945043d519688f02fc3e8.sig.gz,"GCF_019967995.1 Faecalibacterium prausnitzii strain=Fp77, ASM1996799v1",b9efc27b039945043d519688f02fc3e8,0.18448337504469073,116000,164,118611000,/nfs3_ib/nfs-ip34/home/def-ilafores/analysis/MethodsComparison/Feces_RA/preproc/SRR5091594/SRR5091594_unmatched_2.fastq,SRR5091594,16a301542785a7ddfde0b6494debb26e,243660000,31,DNA,1000,243660,true,0.8198560305861391,0.946937250558495,0.883396640572317,0.946937250558495,667,1200099,1807847
1638000,0.006722482147254371,0.018138801261829655,0.00047196913732249857,0.0003800100340349598,5.973913043478261,4.0,10.908680922581768,signatures/8182caaf670814ebbeb9046e1a4982b9.sig.gz,"GCA_902362375.1 Bacteroidaceae bacterium, MGYG-HGUT-00013",8182caaf670814ebbeb9046e1a4982b9,0.2583596214511041,115000,165,118496000,/nfs3_ib/nfs-ip34/home/def-ilafores/analysis/MethodsComparison/Feces_RA/preproc/SRR5091594/SRR5091594_unmatched_2.fastq,SRR5091594,16a301542785a7ddfde0b6494debb26e,243660000,31,DNA,1000,243660,true,0.8509818776586733,0.9572811439976726,0.9041315108281729,0.9572811439976726,687,1200786,1807847
159000,0.0006525486333415415,0.05185185185185185,0.00045965689895756384,0.00007578074914525399,1.2232142857142858,1.0,0.6226358347003977,signatures/4a1943cef878ce8b6d6625ec2358cbd9.sig.gz,"GCA_003525905.1 Clostridiales bacterium, ASM352590v1",4a1943cef878ce8b6d6625ec2358cbd9,0.07361111111111111,112000,166,118384000,/nfs3_ib/nfs-ip34/home/def-ilafores/analysis/MethodsComparison/Feces_RA/preproc/SRR5091594/SRR5091594_unmatched_2.fastq,SRR5091594,16a301542785a7ddfde0b6494debb26e,243660000,31,DNA,1000,243660,true,0.7893063139825592,0.9192841796659991,0.8542952468242792,0.9192841796659991,137,1200923,1807847
355000,0.0014569482065172781,0.03132867132867133,0.00045965689895756384,0.0000956939387016711,1.5446428571428572,1.0,1.0847020069482454,signatures/6fb5d9fae55cc8ecb2a67f82352fb7a7.sig.gz,GCF_025147765.1 Blautia obeum ATCC 29174 strain=ATCC 29174 ASM2514776v1,6fb5d9fae55cc8ecb2a67f82352fb7a7,0.0993006993006993,112000,167,118272000,/nfs3_ib/nfs-ip34/home/def-ilafores/analysis/MethodsComparison/Feces_RA/preproc/SRR5091594/SRR5091594_unmatched_2.fastq,SRR5091594,16a301542785a7ddfde0b6494debb26e,243660000,31,DNA,1000,243660,true,0.810024579178894,0.9282044000309718,0.869114489604933,0.9282044000309718,173,1201096,1807847
150000,0.0006156119182467373,0.049079754601226995,0.00045965689895756384,0.0000873967763864973,1.4107142857142858,1.0,0.6755100114063479,signatures/1f6e6294c82260816b4a5d811adbeeac.sig.gz,"GCF_018918145.1 Anaerotignum sp. MSJ-24 strain=MSJ-24, ASM1891814v1",1f6e6294c82260816b4a5d811adbeeac,0.06573181419807186,112000,168,118160000,/nfs3_ib/nfs-ip34/home/def-ilafores/analysis/MethodsComparison/Feces_RA/preproc/SRR5091594/SRR5091594_unmatched_2.fastq,SRR5091594,16a301542785a7ddfde0b6494debb26e,243660000,31,DNA,1000,243660,true,0.7878240939860297,0.9159330489699552,0.8518785714779924,0.9159330489699552,158,1201254,1807847
123000,0.0005048017729623245,0.04565837749694252,0.00045965689895756384,0.00008020590238001336,1.2946428571428572,1.0,0.5921871213853726,signatures/3ece67df26d477b09646ada3cbbd0a5e.sig.gz,GCA_902490355.1 uncultured Oscillibacter sp. UHGG-TPA_MGYG-HGUT-03910,3ece67df26d477b09646ada3cbbd0a5e,0.05014268242967795,112000,169,118048000,/nfs3_ib/nfs-ip34/home/def-ilafores/analysis/MethodsComparison/Feces_RA/preproc/SRR5091594/SRR5091594_unmatched_2.fastq,SRR5091594,16a301542785a7ddfde0b6494debb26e,243660000,31,DNA,1000,243660,true,0.7827968337756163,0.907969398657978,0.8453831162167971,0.907969398657978,145,1201399,1807847
117000,0.00048017729623245505,0.037917959324370906,0.0004514487400476073,0.00007688703745394383,1.2636363636363637,1.0,0.5669258846425043,signatures/80a0c7df05d28f92f6b93af8a523bc03.sig.gz,GCF_025144995.1 Alistipes indistinctus YIT 12060 strain=YIT 12060 ASM2514499v1,80a0c7df05d28f92f6b93af8a523bc03,0.04033092037228542,110000,170,117938000,/nfs3_ib/nfs-ip34/home/def-ilafores/analysis/MethodsComparison/Feces_RA/preproc/SRR5091594/SRR5091594_unmatched_2.fastq,SRR5091594,16a301542785a7ddfde0b6494debb26e,243660000,31,DNA,1000,243660,true,0.7815350131850063,0.9016138717936304,0.8415744424893183,0.9016138717936304,139,1201538,1807847
583000,0.0023926783222523187,0.03486120077469335,0.0004432405811376508,0.0003152921679766042,5.277777777777778,5.0,3.078700222777203,signatures/2e67b52edc8f620ff93c93c35ebb67ae.sig.gz,"GCA_019411205.1 Parabacteroides sp., ASM1941120v1",2e67b52edc8f620ff93c93c35ebb67ae,0.1881859264041317,108000,171,117830000,/nfs3_ib/nfs-ip34/home/def-ilafores/analysis/MethodsComparison/Feces_RA/preproc/SRR5091594/SRR5091594_unmatched_2.fastq,SRR5091594,16a301542785a7ddfde0b6494debb26e,243660000,31,DNA,1000,243660,true,0.823091053364548,0.9475444347624472,0.8853177440634976,0.9475444347624472,570,1202108,1807847
160000,0.0006566527127965197,0.04100580270793037,0.00043503242222769434,0.00007909961407132352,1.349056603773585,1.0,0.8014427183263177,signatures/c4df3cb13bb82c8cbde38dc68faea211.sig.gz,"GCF_014288055.1 Agathobaculum sp. M2 strain=M2, ASM1428805v1",c4df3cb13bb82c8cbde38dc68faea211,0.061895551257253385,106000,172,117724000,/nfs3_ib/nfs-ip34/home/def-ilafores/analysis/MethodsComparison/Feces_RA/preproc/SRR5091594/SRR5091594_unmatched_2.fastq,SRR5091594,16a301542785a7ddfde0b6494debb26e,243660000,31,DNA,1000,243660,true,0.7894659638403787,0.9141580165918213,0.8518119902161,0.9141580165918213,143,1202251,1807847
351000,0.0014405318886973651,0.032238065716057036,0.00042682426331773786,0.0000984596594733957,1.7115384615384615,1.0,1.1740223176613227,signatures/ee3ee74bb22a2bc5e87b48390e19918a.sig.gz,"GCA_018223365.1 Clostridiaceae bacterium Marseille-Q4145 strain=Marseille-Q4145, ASM1822336v1",ee3ee74bb22a2bc5e87b48390e19918a,0.1088034717916925,104000,173,117620000,/nfs3_ib/nfs-ip34/home/def-ilafores/analysis/MethodsComparison/Feces_RA/preproc/SRR5091594/SRR5091594_unmatched_2.fastq,SRR5091594,16a301542785a7ddfde0b6494debb26e,243660000,31,DNA,1000,243660,true,0.8097285414498423,0.9309448629366679,0.8703367021932551,0.9309448629366679,178,1202429,1807847
314000,0.00128868094886317,0.037450486136118115,0.00042682426331773786,0.00011284140748636361,1.9615384615384615,1.0,4.980583602124502,signatures/0a3c4c5b5d699368003a2d33414561bc.sig.gz,"GCA_905200945.1 uncultured Akkermansia sp., ERR414247-mag-bin.14",0a3c4c5b5d699368003a2d33414561bc,0.11307166006481816,104000,174,117516000,/nfs3_ib/nfs-ip34/home/def-ilafores/analysis/MethodsComparison/Feces_RA/preproc/SRR5091594/SRR5091594_unmatched_2.fastq,SRR5091594,16a301542785a7ddfde0b6494debb26e,243660000,31,DNA,1000,243660,true,0.806824140753159,0.9321011091986752,0.8694626249759171,0.9321011091986752,204,1202633,1807847
614000,0.0025199047853566446,0.014121195503153277,0.00042272018386275956,0.00008960935300387699,1.5728155339805825,1.0,1.1791221166496235,signatures/87b122dd4cd45812f686d8deed4e54b5.sig.gz,"GCF_014287545.1 Parabacteroides sp. BX2 strain=BX2, ASM1428754v1",87b122dd4cd45812f686d8deed4e54b5,0.08417877707704963,103000,175,117413000,/nfs3_ib/nfs-ip34/home/def-ilafores/analysis/MethodsComparison/Feces_RA/preproc/SRR5091594/SRR5091594_unmatched_2.fastq,SRR5091594,16a301542785a7ddfde0b6494debb26e,243660000,31,DNA,1000,243660,true,0.8244677675923623,0.9232708341013383,0.8738693008468503,0.9232708341013383,162,1202795,1807847
604000,0.002478863990806862,0.03853348297792742,0.00042272018386275956,0.00013330774119712564,2.3398058252427183,2.0,1.7040978483817386,signatures/baf0265542e4c5fd56de62f0b42ebc97.sig.gz,"GCA_902786155.1 uncultured Lachnospiraceae bacterium, Rumen uncultured genome RUG13138",baf0265542e4c5fd56de62f0b42ebc97,0.22596333707444818,103000,176,117310000,/nfs3_ib/nfs-ip34/home/def-ilafores/analysis/MethodsComparison/Feces_RA/preproc/SRR5091594/SRR5091594_unmatched_2.fastq,SRR5091594,16a301542785a7ddfde0b6494debb26e,243660000,31,DNA,1000,243660,true,0.8240311618577998,0.953152772516993,0.8885919671873964,0.953152772516993,241,1203036,1807847
176000,0.0007223179840761717,0.04697674418604651,0.0004145120249528031,0.00006914301929311496,1.2376237623762376,1.0,0.547695710334231,signatures/d0815745ffe021a1fc84e0109d9a56a5.sig.gz,"GCA_900544615.1 uncultured Oscillibacter sp., UMGS683",d0815745ffe021a1fc84e0109d9a56a5,0.08186046511627906,101000,177,117209000,/nfs3_ib/nfs-ip34/home/def-ilafores/analysis/MethodsComparison/Feces_RA/preproc/SRR5091594/SRR5091594_unmatched_2.fastq,SRR5091594,16a301542785a7ddfde0b6494debb26e,243660000,31,DNA,1000,243660,true,0.7918969293720297,0.9224394701846103,0.85716819977832,0.9224394701846103,125,1203161,1807847
172000,0.0007059016662562587,0.019715010735896935,0.0004145120249528031,0.0011737718955199196,21.00990099009901,8.0,19.598694162149787,signatures/50d75c9bf89de291dda58f33fea4d430.sig.gz,"GCA_023398375.1 Firmicutes bacterium, ASM2339837v1",50d75c9bf89de291dda58f33fea4d430,0.03357407768885419,101000,178,117108000,/nfs3_ib/nfs-ip34/home/def-ilafores/analysis/MethodsComparison/Feces_RA/preproc/SRR5091594/SRR5091594_unmatched_2.fastq,SRR5091594,16a301542785a7ddfde0b6494debb26e,243660000,31,DNA,1000,243660,true,0.7913098784027925,0.8962965915238138,0.8438032349633031,0.8962965915238138,2122,1205283,1807847
293000,0.0012024952803086268,0.02814154360546113,0.0004145120249528031,0.00008186533484304811,1.4653465346534653,1.0,0.9498760360563534,signatures/e74ad9130b727000e44fbbf62543e5bf.sig.gz,"GCF_019734885.1 Coprococcus catus strain=VPIC661, ASM1973488v1",e74ad9130b727000e44fbbf62543e5bf,0.08163833937029813,101000,179,117007000,/nfs3_ib/nfs-ip34/home/def-ilafores/analysis/MethodsComparison/Feces_RA/preproc/SRR5091594/SRR5091594_unmatched_2.fastq,SRR5091594,16a301542785a7ddfde0b6494debb26e,243660000,31,DNA,1000,243660,true,0.8050245805979032,0.9223586217283571,0.8636916011631302,0.9223586217283571,148,1205431,1807847
636000,0.002610194533366166,0.0384172109104879,0.00041040794549782484,0.00012832944380802136,2.32,2.0,1.5223665787188052,signatures/51f4c8ab65736a50f935d316ef3ae943.sig.gz,GCF_900766055.1 uncultured Parasutterella sp. SRS294991_82,51f4c8ab65736a50f935d316ef3ae943,0.24433346139070303,100000,180,116907000,/nfs3_ib/nfs-ip34/home/def-ilafores/analysis/MethodsComparison/Feces_RA/preproc/SRR5091594/SRR5091594_unmatched_2.fastq,SRR5091594,16a301542785a7ddfde0b6494debb26e,243660000,31,DNA,1000,243660,true,0.8254045659391827,0.9555590157433089,0.8904817908412458,0.9555590157433089,232,1205663,1807847
381000,0.0015636542723467127,0.02059256146249212,0.00040219978658786836,0.0010913534165225265,20.132653061224488,6.0,34.68506640813559,signatures/139179081df196f50a8ccc12fef01ea2.sig.gz,"GCF_000374365.1 Bacteroides gallinarum DSM 18171 = JCM 13658 strain=DSM 18171, ASM37436v1",139179081df196f50a8ccc12fef01ea2,0.08005883588989283,98000,181,116809000,/nfs3_ib/nfs-ip34/home/def-ilafores/analysis/MethodsComparison/Feces_RA/preproc/SRR5091594/SRR5091594_unmatched_2.fastq,SRR5091594,16a301542785a7ddfde0b6494debb26e,243660000,31,DNA,1000,243660,true,0.8118735837637031,0.9217775051898238,0.8668255444767634,0.9217775051898238,1973,1207636,1807847
369000,0.0015144053188869736,0.028663351857268208,0.00040219978658786836,0.00008407791146042779,1.5510204081632653,1.0,1.238188678540205,signatures/8c91537000df08516afde1ea4eac7752.sig.gz,GCF_025149785.1 Coprococcus comes ATCC 27758 strain=ATCC 27758 ASM2514978v1,8c91537000df08516afde1ea4eac7752,0.10792629423808131,98000,182,116711000,/nfs3_ib/nfs-ip34/home/def-ilafores/analysis/MethodsComparison/Feces_RA/preproc/SRR5091594/SRR5091594_unmatched_2.fastq,SRR5091594,16a301542785a7ddfde0b6494debb26e,243660000,31,DNA,1000,243660,true,0.8110358816574704,0.9307018066377403,0.8708688441476053,0.9307018066377403,152,1207788,1807847
278000,0.0011409340884839532,0.03104,0.0003980957071328901,0.00007190874006483956,1.3402061855670102,1.0,1.1112043984881763,signatures/d4fd080d293594c8d9ae0a347ac64fa4.sig.gz,"GCF_900167555.1 Gemmiger formicilis strain=ATCC 27749, IMG-taxon 2590828806 annotated assembly",d4fd080d293594c8d9ae0a347ac64fa4,0.08896,97000,183,116614000,/nfs3_ib/nfs-ip34/home/def-ilafores/analysis/MethodsComparison/Feces_RA/preproc/SRR5091594/SRR5091594_unmatched_2.fastq,SRR5091594,16a301542785a7ddfde0b6494debb26e,243660000,31,DNA,1000,243660,true,0.8036610513201249,0.9249176290484199,0.8642893401842724,0.9249176290484199,130,1207918,1807847
401000,0.0016457358614462775,0.027982326951399118,0.0003898875482229336,0.00009292821792994651,1.768421052631579,1.0,1.2686721743116212,signatures/b7f720c5058766763a7cb78fd28b6290.sig.gz,"GCF_014287635.1 Roseburia sp. BX1005 strain=BX1005, ASM1428763v1",b7f720c5058766763a7cb78fd28b6290,0.11811487481590574,95000,184,116519000,/nfs3_ib/nfs-ip34/home/def-ilafores/analysis/MethodsComparison/Feces_RA/preproc/SRR5091594/SRR5091594_unmatched_2.fastq,SRR5091594,16a301542785a7ddfde0b6494debb26e,243660000,31,DNA,1000,243660,true,0.8132145971094257,0.9334140672501244,0.873314332179775,0.9334140672501244,168,1208086,1807847
768000,0.0031519330214232946,0.045739046701974,0.0003898875482229336,0.0005138709193864304,9.778947368421052,9.0,7.355884071334602,signatures/1199bb7ceeef5b5106f83b0a80c5b1c4.sig.gz,"GCA_905215595.1 uncultured bacterium, ERR1600666-mag-bin.42",1199bb7ceeef5b5106f83b0a80c5b1c4,0.3697640828117477,95000,185,116424000,/nfs3_ib/nfs-ip34/home/def-ilafores/analysis/MethodsComparison/Feces_RA/preproc/SRR5091594/SRR5091594_unmatched_2.fastq,SRR5091594,16a301542785a7ddfde0b6494debb26e,243660000,31,DNA,1000,243660,true,0.8304412908430128,0.9684162936462817,0.8994287922446472,0.9684162936462817,929,1209015,1807847
182000,0.0007469424608060412,0.03389830508474576,0.00038578346876795534,0.00015875237229699194,3.0531914893617023,2.0,3.081747988635586,signatures/8751fcd18c7374789d7ab3f8565f4701.sig.gz,"GCA_902363805.1 Eubacteriaceae bacterium, MGYG-HGUT-00139",8751fcd18c7374789d7ab3f8565f4701,0.06563288856833754,94000,186,116330000,/nfs3_ib/nfs-ip34/home/def-ilafores/analysis/MethodsComparison/Feces_RA/preproc/SRR5091594/SRR5091594_unmatched_2.fastq,SRR5091594,16a301542785a7ddfde0b6494debb26e,243660000,31,DNA,1000,243660,true,0.7927537318063346,0.9158885498215673,0.8543211408139509,0.9158885498215673,287,1209302,1807847
436000,0.0017893786423705163,0.05405405405405406,0.00038578346876795534,0.0001012253802451203,1.946808510638298,2.0,1.2148638070643152,signatures/2bc7ad025d7a7c1e9e8216130886e72e.sig.gz,"GCA_019424245.1 Clostridiales bacterium, ASM1942424v1",2bc7ad025d7a7c1e9e8216130886e72e,0.2507188039102933,94000,187,116236000,/nfs3_ib/nfs-ip34/home/def-ilafores/analysis/MethodsComparison/Feces_RA/preproc/SRR5091594/SRR5091594_unmatched_2.fastq,SRR5091594,16a301542785a7ddfde0b6494debb26e,243660000,31,DNA,1000,243660,true,0.8154127387503735,0.9563545589469932,0.8858836488486833,0.9563545589469932,183,1209485,1807847
1109000,0.004551424115570878,0.016539213942735196,0.0003816793893129771,0.00031916417705701866,6.204301075268817,3.0,11.77071191220422,signatures/b4482d10cb2488078dd11fc3de09368a.sig.gz,"GCF_009193295.2 Bacteroides sp. HF-5141 strain=HF-5141, ASM919329v2",b4482d10cb2488078dd11fc3de09368a,0.19722568024186377,93000,188,116143000,/nfs3_ib/nfs-ip34/home/def-ilafores/analysis/MethodsComparison/Feces_RA/preproc/SRR5091594/SRR5091594_unmatched_2.fastq,SRR5091594,16a301542785a7ddfde0b6494debb26e,243660000,31,DNA,1000,243660,true,0.8403425703219762,0.9489796203090298,0.894661095315503,0.9489796203090298,577,1210062,1807847
143000,0.0005868833620618895,0.04202832343535861,0.00037757530985799885,0.00007412131668221923,1.4565217391304348,1.0,0.9935995549588207,signatures/9629afb332e08f76787b0b8e98a32938.sig.gz,"GCA_900545585.1 uncultured Clostridiales bacterium, UMGS792",9629afb332e08f76787b0b8e98a32938,0.06532663316582915,92000,189,116051000,/nfs3_ib/nfs-ip34/home/def-ilafores/analysis/MethodsComparison/Feces_RA/preproc/SRR5091594/SRR5091594_unmatched_2.fastq,SRR5091594,16a301542785a7ddfde0b6494debb26e,243660000,31,DNA,1000,243660,true,0.7866104930315406,0.9157503760411952,0.8511804345363679,0.9157503760411952,134,1210196,1807847
407000,0.001670360338176147,0.032775204845030284,0.00037757530985799885,0.00007246188421918448,1.423913043478261,1.0,0.81071218894755,signatures/206d87ad2132d97a779f4544c9be4248.sig.gz,"GCF_014287875.1 Flintibacter sp. BX5 strain=BX5, ASM1428787v1",206d87ad2132d97a779f4544c9be4248,0.14499465621660135,92000,190,115959000,/nfs3_ib/nfs-ip34/home/def-ilafores/analysis/MethodsComparison/Feces_RA/preproc/SRR5091594/SRR5091594_unmatched_2.fastq,SRR5091594,16a301542785a7ddfde0b6494debb26e,243660000,31,DNA,1000,243660,true,0.8136042925968273,0.9396082873449029,0.8766062899708651,0.9396082873449029,131,1210327,1807847
216000,0.0008864811622753016,0.026825633383010434,0.00036936715094804237,0.00008131219068870319,1.6333333333333333,1.0,1.1590225767142477,signatures/baeb57fa40d7e53b4bf7a400d364774b.sig.gz,GCF_025567195.1 Alitiscatomonas aceti strain=f_CCE ASM2556719v1,baeb57fa40d7e53b4bf7a400d364774b,0.06438152011922504,90000,191,115869000,/nfs3_ib/nfs-ip34/home/def-ilafores/analysis/MethodsComparison/Feces_RA/preproc/SRR5091594/SRR5091594_unmatched_2.fastq,SRR5091594,16a301542785a7ddfde0b6494debb26e,243660000,31,DNA,1000,243660,true,0.7971457338129221,0.9153199807627379,0.8562328572878299,0.9153199807627379,147,1210474,1807847
520000,0.002134121316588689,0.020365656098125434,0.00036115899203808583,0.0001687089670752005,3.465909090909091,1.0,12.660738223159495,signatures/4fede25466357d8494c5b32e1ffd6afe.sig.gz,"GCF_000187895.1 Bacteroides plebeius DSM 17135 strain=DSM 17135, ASM18789v1",4fede25466357d8494c5b32e1ffd6afe,0.12034251330710484,88000,192,115781000,/nfs3_ib/nfs-ip34/home/def-ilafores/analysis/MethodsComparison/Feces_RA/preproc/SRR5091594/SRR5091594_unmatched_2.fastq,SRR5091594,16a301542785a7ddfde0b6494debb26e,243660000,31,DNA,1000,243660,true,0.8200602807358279,0.9339768231979515,0.8770185519668897,0.9339768231979515,305,1210779,1807847
174000,0.0007141098251662152,0.023942093541202674,0.00035295083312812935,0.0000730150283735294,1.5348837209302326,1.0,1.3442182341040396,signatures/b3b322c4f9b285ce8bc5b4d266f94fe4.sig.gz,"GCA_001414325.1 Lachnospiraceae bacterium TF01-11 strain=TF01-11, ASM141432v1",b3b322c4f9b285ce8bc5b4d266f94fe4,0.04844097995545657,86000,193,115695000,/nfs3_ib/nfs-ip34/home/def-ilafores/analysis/MethodsComparison/Feces_RA/preproc/SRR5091594/SRR5091594_unmatched_2.fastq,SRR5091594,16a301542785a7ddfde0b6494debb26e,243660000,31,DNA,1000,243660,true,0.7916050364349597,0.9069587050741281,0.849281870754544,0.9069587050741281,132,1210911,1807847
616000,0.002528112944266601,0.030018083182640144,0.00034063859476319463,0.0003352053575330213,7.301204819277109,2.0,9.798862658073332,signatures/88f1b5eec91b23fd70f1b11b9f13bd9a.sig.gz,"GCF_023347275.1 Faecalibacterium sp. I3389 strain=I3389, ASM2334727v1",88f1b5eec91b23fd70f1b11b9f13bd9a,0.22278481012658227,83000,194,115612000,/nfs3_ib/nfs-ip34/home/def-ilafores/analysis/MethodsComparison/Feces_RA/preproc/SRR5091594/SRR5091594_unmatched_2.fastq,SRR5091594,16a301542785a7ddfde0b6494debb26e,243660000,31,DNA,1000,243660,true,0.824554262398645,0.9527172986668088,0.888635780532727,0.9527172986668088,606,1211517,1807847
94000,0.00038578346876795534,0.04753623188405797,0.0003365345153082164,0.0024753200906935157,54.573170731707314,5.0,131.48328563791512,signatures/9a3ca8a6fcdfa1741beae5bba0ef5585.sig.gz,"GCA_905215145.1 uncultured bacterium, ERR321470-mag-bin.8",9a3ca8a6fcdfa1741beae5bba0ef5585,0.05449275362318841,82000,195,115530000,/nfs3_ib/nfs-ip34/home/def-ilafores/analysis/MethodsComparison/Feces_RA/preproc/SRR5091594/SRR5091594_unmatched_2.fastq,SRR5091594,16a301542785a7ddfde0b6494debb26e,243660000,31,DNA,1000,243660,true,0.7760363280419058,0.9104094017410268,0.8432228648914664,0.9104094017410268,4475,1215992,1807847
796000,0.0032668472461626855,0.029508196721311476,0.00033243043585323814,0.00020742905787934487,4.62962962962963,3.0,5.136277280995472,signatures/d5330fc8a7b2b48d024b6fb23f5b2ee5.sig.gz,"GCA_900765705.1 uncultured Faecalibacterium sp., SRS294968_37",d5330fc8a7b2b48d024b6fb23f5b2ee5,0.2899817850637523,81000,196,115449000,/nfs3_ib/nfs-ip34/home/def-ilafores/analysis/MethodsComparison/Feces_RA/preproc/SRR5091594/SRR5091594_unmatched_2.fastq,SRR5091594,16a301542785a7ddfde0b6494debb26e,243660000,31,DNA,1000,243660,true,0.8314011240805826,0.9608533750571222,0.8961272495688524,0.9608533750571222,375,1216367,1807847
107000,0.0004391365016826726,0.032066508313539195,0.00033243043585323814,0.00007135559591049464,1.5925925925925926,1.0,0.8131295703740796,signatures/6663382a467da2c71fa4aee62a9f192b.sig.gz,"GCF_015140235.1 Solibaculum mannosilyticum strain=12CBH8, ASM1514023v1",6663382a467da2c71fa4aee62a9f192b,0.042359461599366585,81000,197,115368000,/nfs3_ib/nfs-ip34/home/def-ilafores/analysis/MethodsComparison/Feces_RA/preproc/SRR5091594/SRR5091594_unmatched_2.fastq,SRR5091594,16a301542785a7ddfde0b6494debb26e,243660000,31,DNA,1000,243660,true,0.7792857939094162,0.9030422679161906,0.8411640309128035,0.9030422679161906,129,1216496,1807847
1022000,0.00419436920298777,0.016003200640128026,0.00032832635639825985,0.0003340990692243315,7.55,5.0,14.591007504624207,signatures/77a7ed2c6c963d84f505bc3ff58ba172.sig.gz,"GCF_019583405.1 Bacteroides fragilis strain=S82, ASM1958340v1",77a7ed2c6c963d84f505bc3ff58ba172,0.20444088817763553,80000,198,115288000,/nfs3_ib/nfs-ip34/home/def-ilafores/analysis/MethodsComparison/Feces_RA/preproc/SRR5091594/SRR5091594_unmatched_2.fastq,SRR5091594,16a301542785a7ddfde0b6494debb26e,243660000,31,DNA,1000,243660,true,0.8381308521386794,0.9500801627076219,0.8941055074231506,0.9500801627076219,604,1217100,1807847
1797000,0.007375030780595912,0.011414535471752637,0.0003242222769432816,0.0002251296708183823,5.151898734177215,4.0,4.553725995867717,signatures/1a29a479db0df60188246eadcb94a392.sig.gz,"GCF_000513195.1 Bacteroides timonensis, AP1",1a29a479db0df60188246eadcb94a392,0.25964456003467706,79000,199,115209000,/nfs3_ib/nfs-ip34/home/def-ilafores/analysis/MethodsComparison/Feces_RA/preproc/SRR5091594/SRR5091594_unmatched_2.fastq,SRR5091594,16a301542785a7ddfde0b6494debb26e,243660000,31,DNA,1000,243660,true,0.853528816740344,0.9574343559171586,0.9054815863287513,0.9574343559171586,407,1217507,1807847
610000,0.0025034884675367314,0.028224365844944622,0.0003242222769432816,0.00018751586832292777,4.291139240506329,2.0,5.996099784541755,signatures/1a6ea346590b713f033b7fae8ab21643.sig.gz,"GCF_023347535.1 Faecalibacterium sp. HTFF strain=HTFF, ASM2334753v1",1a6ea346590b713f033b7fae8ab21643,0.21793497677742052,79000,200,115130000,/nfs3_ib/nfs-ip34/home/def-ilafores/analysis/MethodsComparison/Feces_RA/preproc/SRR5091594/SRR5091594_unmatched_2.fastq,SRR5091594,16a301542785a7ddfde0b6494debb26e,243660000,31,DNA,1000,243660,true,0.8242939569674529,0.9520411222998265,0.8881675396336397,0.9520411222998265,339,1217846,1807847
415000,0.001703192973815973,0.0377906976744186,0.00032011819748830337,0.00007246188421918448,1.6794871794871795,1.0,0.9267200188974972,signatures/1eec876ad36c7c0dc8f80b0f76f15058.sig.gz,"GCA_019423795.1 Clostridiales bacterium, ASM1942379v1",1eec876ad36c7c0dc8f80b0f76f15058,0.2010658914728682,78000,201,115052000,/nfs3_ib/nfs-ip34/home/def-ilafores/analysis/MethodsComparison/Feces_RA/preproc/SRR5091594/SRR5091594_unmatched_2.fastq,SRR5091594,16a301542785a7ddfde0b6494debb26e,243660000,31,DNA,1000,243660,true,0.8141153265692016,0.9495701309523625,0.8818427287607821,0.9495701309523625,131,1217977,1807847
431000,0.001768858245095625,0.015679087762166564,0.0003160141180333251,0.0007196405448027405,16.896103896103895,5.0,41.83132003020853,signatures/a17817b17fc8d3307313b0166e1cb3ee.sig.gz,"GCF_900155425.1 Parabacteroides massiliensis strain=SN4, PRJEB18759",a17817b17fc8d3307313b0166e1cb3ee,0.0877621665648544,77000,202,114975000,/nfs3_ib/nfs-ip34/home/def-ilafores/analysis/MethodsComparison/Feces_RA/preproc/SRR5091594/SRR5091594_unmatched_2.fastq,SRR5091594,16a301542785a7ddfde0b6494debb26e,243660000,31,DNA,1000,243660,true,0.8151094050074867,0.9245132501741334,0.8698113275908101,0.9245132501741334,1301,1219278,1807847
77000,0.0003160141180333251,0.03620122237893747,0.0003160141180333251,0.00005476127128014705,1.2857142857142858,1.0,0.6617007378107529,signatures/8d5449685c3fe8d72bfbfdfa683e7170.sig.gz,"GCF_009696325.1 Collinsella sp. WCA1-178-WT-3 (M1) strain=WCA1-178-WT-3 (M1), ASM969632v1",8d5449685c3fe8d72bfbfdfa683e7170,0.03620122237893747,77000,203,114898000,/nfs3_ib/nfs-ip34/home/def-ilafores/analysis/MethodsComparison/Feces_RA/preproc/SRR5091594/SRR5091594_unmatched_2.fastq,SRR5091594,16a301542785a7ddfde0b6494debb26e,243660000,31,DNA,1000,243660,true,0.7710584589369293,0.898477490311246,0.8347679746240877,0.898477490311246,99,1219377,1807847
131000,0.0005376344086021505,0.026597582037996545,0.0003160141180333251,0.000053654982971457206,1.2597402597402598,1.0,0.6325088655525154,signatures/8ac40930d9d76ec404ee8c7d650add64.sig.gz,GCF_025567315.1 Agathobaculum ammoniilyticum strain=Sanger_34 ASM2556731v1,8ac40930d9d76ec404ee8c7d650add64,0.045250431778929186,77000,204,114821000,/nfs3_ib/nfs-ip34/home/def-ilafores/analysis/MethodsComparison/Feces_RA/preproc/SRR5091594/SRR5091594_unmatched_2.fastq,SRR5091594,16a301542785a7ddfde0b6494debb26e,243660000,31,DNA,1000,243660,true,0.7843896246770035,0.9049675177082014,0.8446785711926024,0.9049675177082014,97,1219474,1807847
97000,0.0003980957071328901,0.032450896669513236,0.0003119100385783469,0.000061952145286631,1.4736842105263157,1.0,1.0447070126989055,signatures/ba8feb7d981be08683268f1bdab9f4de.sig.gz,"GCA_900553635.1 uncultured Lachnospiraceae bacterium, UMGS1628",ba8feb7d981be08683268f1bdab9f4de,0.041417591801878734,76000,205,114745000,/nfs3_ib/nfs-ip34/home/def-ilafores/analysis/MethodsComparison/Feces_RA/preproc/SRR5091594/SRR5091594_unmatched_2.fastq,SRR5091594,16a301542785a7ddfde0b6494debb26e,243660000,31,DNA,1000,243660,true,0.7768231818307724,0.9023874765137485,0.8396053291722605,0.9023874765137485,112,1219586,1807847
316000,0.0012968891077731264,0.027798098024871983,0.0003119100385783469,0.000137732894431885,3.276315789473684,2.0,2.7270510591524273,signatures/7747fbde68e951bf0bc56eff534c4b9a.sig.gz,"GCA_900767585.1 Lachnospiraceae bacterium, SRS475987_127",7747fbde68e951bf0bc56eff534c4b9a,0.11558156547183614,76000,206,114669000,/nfs3_ib/nfs-ip34/home/def-ilafores/analysis/MethodsComparison/Feces_RA/preproc/SRR5091594/SRR5091594_unmatched_2.fastq,SRR5091594,16a301542785a7ddfde0b6494debb26e,243660000,31,DNA,1000,243660,true,0.8069894063919639,0.9327614719811504,0.8698754391865572,0.9327614719811504,249,1219835,1807847
190000,0.0007797750964458672,0.02674750356633381,0.00030780595912336864,0.001094672281448596,26.386666666666667,1.0,214.66655652171096,signatures/7ab97adfe1aa84492d9fd6e33d09a40b.sig.gz,"GCF_014287955.1 Lachnospira sp. NSJ-43 strain=NSJ-43, ASM1428795v1",7ab97adfe1aa84492d9fd6e33d09a40b,0.06776034236804565,75000,207,114594000,/nfs3_ib/nfs-ip34/home/def-ilafores/analysis/MethodsComparison/Feces_RA/preproc/SRR5091594/SRR5091594_unmatched_2.fastq,SRR5091594,16a301542785a7ddfde0b6494debb26e,243660000,31,DNA,1000,243660,true,0.793854566147915,0.9168315191698839,0.8553430426588995,0.9168315191698839,1979,1221814,1807847
924000,0.0037921694163999013,0.012387010378305993,0.0003037018796683904,0.00035014024970033417,8.554054054054054,6.5,11.641191881826819,signatures/723b884481420dddcbc68522388758ed.sig.gz,"GCF_900106755.1 Bacteroides faecis MAJ27 strain=MAJ27, IMG-taxon 2693429916 annotated assembly",723b884481420dddcbc68522388758ed,0.15467023769668564,74000,208,114520000,/nfs3_ib/nfs-ip34/home/def-ilafores/analysis/MethodsComparison/Feces_RA/preproc/SRR5091594/SRR5091594_unmatched_2.fastq,SRR5091594,16a301542785a7ddfde0b6494debb26e,243660000,31,DNA,1000,243660,true,0.8354098743846055,0.9415683046671383,0.8884890895258719,0.9415683046671383,633,1222447,1807847
172000,0.0007059016662562587,0.021856287425149702,0.0002995978002134121,0.00011173511917767378,2.767123287671233,2.0,2.050863820310282,signatures/05586d372d16a721bb9acde395d2f6bb.sig.gz,GCA_030844625.1 Roseburia sp. ASM3084462v1,05586d372d16a721bb9acde395d2f6bb,0.05149700598802395,73000,209,114447000,/nfs3_ib/nfs-ip34/home/def-ilafores/analysis/MethodsComparison/Feces_RA/preproc/SRR5091594/SRR5091594_unmatched_2.fastq,SRR5091594,16a301542785a7ddfde0b6494debb26e,243660000,31,DNA,1000,243660,true,0.7913098784027925,0.9087503267106152,0.8500301025567039,0.9087503267106152,202,1222649,1807847
1094000,0.0044898629237462035,0.018532622493018534,0.0002995978002134121,0.0005028080362995319,12.452054794520548,6.0,16.146623631023576,signatures/9b37ff955b2758a3120db28694fa909f.sig.gz,"GCA_019415065.1 Bacteroides sp., ASM1941506v1",9b37ff955b2758a3120db28694fa909f,0.2777354658542777,73000,210,114374000,/nfs3_ib/nfs-ip34/home/def-ilafores/analysis/MethodsComparison/Feces_RA/preproc/SRR5091594/SRR5091594_unmatched_2.fastq,SRR5091594,16a301542785a7ddfde0b6494debb26e,243660000,31,DNA,1000,243660,true,0.8399734969159113,0.9595168901212059,0.8997451935185585,0.9595168901212059,909,1223558,1807847
687000,0.0028195025855700566,0.020190689848569827,0.00029549372075843386,0.00006361157774966576,1.5972222222222223,1.0,1.220879944755492,signatures/c904d12975db86fd08a8995198b6cca6.sig.gz,"GCF_013300825.1 Blautia wexlerae strain=MSK.20.46, ASM1330082v1",c904d12975db86fd08a8995198b6cca6,0.19265283230510374,72000,211,114302000,/nfs3_ib/nfs-ip34/home/def-ilafores/analysis/MethodsComparison/Feces_RA/preproc/SRR5091594/SRR5091594_unmatched_2.fastq,SRR5091594,16a301542785a7ddfde0b6494debb26e,243660000,31,DNA,1000,243660,true,0.8274609356073317,0.9482617627962754,0.8878613492018035,0.9482617627962754,115,1223673,1807847
72000,0.00029549372075843386,0.06304728546409807,0.00029549372075843386,0.00006969616344745988,1.75,1.0,1.1395661942647788,signatures/5e5814fd5b09ba5ed795152c5e20c561.sig.gz,"GCA_934162325.1 uncultured Bacilli bacterium, ERR7747522_bin.14",5e5814fd5b09ba5ed795152c5e20c561,0.06304728546409807,72000,212,114230000,/nfs3_ib/nfs-ip34/home/def-ilafores/analysis/MethodsComparison/Feces_RA/preproc/SRR5091594/SRR5091594_unmatched_2.fastq,SRR5091594,16a301542785a7ddfde0b6494debb26e,243660000,31,DNA,1000,243660,true,0.769390319958784,0.9147018575721224,0.8420460887654533,0.9147018575721224,126,1223799,1807847
335000,0.0013748666174177133,0.021765787860208462,0.0002913896413034556,0.00012003228149284756,3.056338028169014,2.0,4.255526064180557,signatures/42c7a6dd60acf0852806104fa3abe2b4.sig.gz,"GCA_900548875.1 uncultured Porphyromonadaceae bacterium, UMGS1126",42c7a6dd60acf0852806104fa3abe2b4,0.10269773145309626,71000,213,114159000,/nfs3_ib/nfs-ip34/home/def-ilafores/analysis/MethodsComparison/Feces_RA/preproc/SRR5091594/SRR5091594_unmatched_2.fastq,SRR5091594,16a301542785a7ddfde0b6494debb26e,243660000,31,DNA,1000,243660,true,0.8085107985241065,0.9292121207229097,0.868861459623508,0.9292121207229097,217,1224016,1807847
281000,0.0011532463268488877,0.010878010878010878,0.0002872855618484774,0.00011394769579505345,2.942857142857143,1.0,5.379553126118813,signatures/fdbda2dfede13d920e72856d1947f205.sig.gz,"GCF_005845215.1 Clostridium sp. 1001271st1 H5 strain=1001271st1_H5, ASM584521v1",fdbda2dfede13d920e72856d1947f205,0.04366744366744367,70000,214,114089000,/nfs3_ib/nfs-ip34/home/def-ilafores/analysis/MethodsComparison/Feces_RA/preproc/SRR5091594/SRR5091594_unmatched_2.fastq,SRR5091594,16a301542785a7ddfde0b6494debb26e,243660000,31,DNA,1000,243660,true,0.8039393620994303,0.9039285875671031,0.8539339748332667,0.9039285875671031,206,1224222,1807847
119000,0.0004883854551424115,0.022130888397091368,0.0002872855618484774,0.00007633389329959891,1.9714285714285715,1.0,2.7773133398583427,signatures/0fd00fe0e4e8c9621563b19e910f942e.sig.gz,GCF_020687385.1 Hominilimicola fabiformis strain=CLA-AA-H232 ASM2068738v1,0fd00fe0e4e8c9621563b19e910f942e,0.03762251027505533,70000,215,114019000,/nfs3_ib/nfs-ip34/home/def-ilafores/analysis/MethodsComparison/Feces_RA/preproc/SRR5091594/SRR5091594_unmatched_2.fastq,SRR5091594,16a301542785a7ddfde0b6494debb26e,243660000,31,DNA,1000,243660,true,0.781962442066152,0.8995943149990178,0.8407783785325849,0.8995943149990178,138,1224360,1807847
630000,0.0025855700566362965,0.03307766059443912,0.00028318148239349914,0.00014768948921009355,3.869565217391304,3.0,2.536190475852447,signatures/90b92750dc8865ed4f4ab15e1fc4c9f1.sig.gz,"GCF_002834225.1 Ruminococcus bromii strain=ATCC 27255, ASM283422v1",90b92750dc8865ed4f4ab15e1fc4c9f1,0.30201342281879195,69000,216,113950000,/nfs3_ib/nfs-ip34/home/def-ilafores/analysis/MethodsComparison/Feces_RA/preproc/SRR5091594/SRR5091594_unmatched_2.fastq,SRR5091594,16a301542785a7ddfde0b6494debb26e,243660000,31,DNA,1000,243660,true,0.8251522239218982,0.9621142632657649,0.8936332435938316,0.9621142632657649,267,1224627,1807847
98000,0.00040219978658786836,0.03379040156709109,0.00028318148239349914,0.000053654982971457206,1.4057971014492754,1.0,0.6663515323230519,signatures/40f2a980a36410df5d6e45b160345e22.sig.gz,"GCA_900552475.1 uncultured Clostridiales bacterium, UMGS1515",40f2a980a36410df5d6e45b160345e22,0.047992164544564155,69000,217,113881000,/nfs3_ib/nfs-ip34/home/def-ilafores/analysis/MethodsComparison/Feces_RA/preproc/SRR5091594/SRR5091594_unmatched_2.fastq,SRR5091594,16a301542785a7ddfde0b6494debb26e,243660000,31,DNA,1000,243660,true,0.7770802400656287,0.9066864128858332,0.8418833264757309,0.9066864128858332,97,1224724,1807847
749000,0.003073955511778708,0.018712162905888827,0.0002790774029385209,0.0002079822020336898,5.529411764705882,5.0,3.9833129436337793,signatures/b6c8062e93e41571a0a6b95431f1f8fa.sig.gz,GCA_948742525.1 Bacteroides caecimuris MGBC150249,b6c8062e93e41571a0a6b95431f1f8fa,0.20610897083104018,68000,218,113813000,/nfs3_ib/nfs-ip34/home/def-ilafores/analysis/MethodsComparison/Feces_RA/preproc/SRR5091594/SRR5091594_unmatched_2.fastq,SRR5091594,16a301542785a7ddfde0b6494debb26e,243660000,31,DNA,1000,243660,true,0.8297704916908419,0.95032924308987,0.890049867390356,0.95032924308987,376,1225100,1807847
215000,0.0008823770828203234,0.0237347294938918,0.0002790774029385209,0.00006416472190401068,1.7058823529411764,1.0,1.3618631650341448,signatures/5998c1d4c3c14df80fd6cff6ba682767.sig.gz,"GCA_003096535.1 Agathobaculum butyriciproducens strain=DSM 100391, ASM309653v1",5998c1d4c3c14df80fd6cff6ba682767,0.07504363001745201,68000,219,113745000,/nfs3_ib/nfs-ip34/home/def-ilafores/analysis/MethodsComparison/Feces_RA/preproc/SRR5091594/SRR5091594_unmatched_2.fastq,SRR5091594,16a301542785a7ddfde0b6494debb26e,243660000,31,DNA,1000,243660,true,0.7970264182669504,0.9198559059307063,0.8584411620988284,0.9198559059307063,116,1225216,1807847
153000,0.000627924156611672,0.0201685731487056,0.00027497332348354266,0.00004812354142800801,1.2985074626865671,1.0,0.573414110814882,signatures/ac6ff4cab85d8673ba368b5f66dcfee5.sig.gz,"GCF_018408705.1 Oscillibacter sp. MM59 strain=MM59, ASM1840870v1",ac6ff4cab85d8673ba368b5f66dcfee5,0.04605659241420831,67000,220,113678000,/nfs3_ib/nfs-ip34/home/def-ilafores/analysis/MethodsComparison/Feces_RA/preproc/SRR5091594/SRR5091594_unmatched_2.fastq,SRR5091594,16a301542785a7ddfde0b6494debb26e,243660000,31,DNA,1000,243660,true,0.7883275124015492,0.9054831661122418,0.8469053392568955,0.9054831661122418,87,1225303,1807847
354000,0.0014528441270623,0.014598540145985401,0.0002708692440285644,0.000750616617446056,20.560606060606062,9.5,27.277545870616724,signatures/9a96d8e0de2f121979afa404181989bc.sig.gz,"GCF_013618865.1 Bacteroides sp. AGMB03916 strain=AGMB03916, ASM1361886v1",9a96d8e0de2f121979afa404181989bc,0.07830126078301261,66000,221,113612000,/nfs3_ib/nfs-ip34/home/def-ilafores/analysis/MethodsComparison/Feces_RA/preproc/SRR5091594/SRR5091594_unmatched_2.fastq,SRR5091594,16a301542785a7ddfde0b6494debb26e,243660000,31,DNA,1000,243660,true,0.809950873526871,0.9211176860761611,0.865534279801516,0.9211176860761611,1357,1226660,1807847
322000,0.001321513584502996,0.02234258632362898,0.0002708692440285644,0.00007246188421918448,1.9848484848484849,1.0,1.6831826296994472,signatures/ad7ee567c2f6cc4a2792e6c5d924f9cc.sig.gz,GCA_945923775.1 uncultured Clostridia bacterium SRR11489750_bin.39_metaWRAP_v1.3_MAG,ad7ee567c2f6cc4a2792e6c5d924f9cc,0.10900473933649289,66000,222,113546000,/nfs3_ib/nfs-ip34/home/def-ilafores/analysis/MethodsComparison/Feces_RA/preproc/SRR5091594/SRR5091594_unmatched_2.fastq,SRR5091594,16a301542785a7ddfde0b6494debb26e,243660000,31,DNA,1000,243660,true,0.8074791979239301,0.9310003644508406,0.8692397811873853,0.9310003644508406,131,1226791,1807847
604000,0.002478863990806862,0.016401590457256462,0.0002708692440285644,0.0008313756639804142,22.772727272727273,12.5,21.89700093934649,signatures/85faedb8c4e4351fbdb839abbfbf8f5e.sig.gz,GCA_947072895.1 uncultured Bacteroides sp. SRR12464007_bin.12_metawrap_v1.3_MAG,85faedb8c4e4351fbdb839abbfbf8f5e,0.15009940357852883,66000,223,113480000,/nfs3_ib/nfs-ip34/home/def-ilafores/analysis/MethodsComparison/Feces_RA/preproc/SRR5091594/SRR5091594_unmatched_2.fastq,SRR5091594,16a301542785a7ddfde0b6494debb26e,243660000,31,DNA,1000,243660,true,0.8240311618577998,0.9406576235206295,0.8823443926892147,0.9406576235206295,1503,1228294,1807847
237000,0.0009726668308298449,0.01890634089586969,0.0002667651645735861,0.00005531441543449197,1.5384615384615385,1.0,1.6555447449002592,signatures/6d52f6d5746cd08db0364ff5d7023f3e.sig.gz,"GCF_000469345.1 Eubacterium ramulus ATCC 29099 strain=ATCC 29099, ASM46934v1",6d52f6d5746cd08db0364ff5d7023f3e,0.06893542757417102,65000,224,113415000,/nfs3_ib/nfs-ip34/home/def-ilafores/analysis/MethodsComparison/Feces_RA/preproc/SRR5091594/SRR5091594_unmatched_2.fastq,SRR5091594,16a301542785a7ddfde0b6494debb26e,243660000,31,DNA,1000,243660,true,0.799535132328123,0.9173401506751991,0.858437641501661,0.9173401506751991,100,1228394,1807847
66000,0.0002708692440285644,0.050940438871473356,0.0002667651645735861,0.00005973956866925132,1.6615384615384616,1.0,1.0709725713204374,signatures/9b91a525fd1129a7bb2df979e32b0ba4.sig.gz,"GCA_900546245.1 uncultured Tenericutes bacterium, UMGS855",9b91a525fd1129a7bb2df979e32b0ba4,0.05172413793103448,65000,225,113350000,/nfs3_ib/nfs-ip34/home/def-ilafores/analysis/MethodsComparison/Feces_RA/preproc/SRR5091594/SRR5091594_unmatched_2.fastq,SRR5091594,16a301542785a7ddfde0b6494debb26e,243660000,31,DNA,1000,243660,true,0.7672338087720529,0.908879345795941,0.838056577283997,0.908879345795941,108,1228502,1807847
115000,0.00047196913732249857,0.01827896512935883,0.0002667651645735861,0.00005088926219973261,1.4153846153846155,1.0,0.9096458768673529,signatures/4c5b9c5fc61302d55e1ab631a887b803.sig.gz,"GCA_018374635.1 Clostridiales bacterium, ASM1837463v1",4c5b9c5fc61302d55e1ab631a887b803,0.03233970753655793,65000,226,113285000,/nfs3_ib/nfs-ip34/home/def-ilafores/analysis/MethodsComparison/Feces_RA/preproc/SRR5091594/SRR5091594_unmatched_2.fastq,SRR5091594,16a301542785a7ddfde0b6494debb26e,243660000,31,DNA,1000,243660,true,0.7811004541920763,0.895214216848963,0.8381573355205196,0.895214216848963,92,1228594,1807847
696000,0.0028564393006648607,0.0196319018404908,0.0002626610851186079,0.00010675682178856949,3.015625,2.0,2.6662953436134935,signatures/6f09b1e12da46f6b224751091ec7f9e0.sig.gz,"GCA_934317215.1 uncultured Roseburia sp., ERR7745427_bin.39",6f09b1e12da46f6b224751091ec7f9e0,0.2134969325153374,64000,227,113221000,/nfs3_ib/nfs-ip34/home/def-ilafores/analysis/MethodsComparison/Feces_RA/preproc/SRR5091594/SRR5091594_unmatched_2.fastq,SRR5091594,16a301542785a7ddfde0b6494debb26e,243660000,31,DNA,1000,243660,true,0.8278084185049435,0.9514094750850894,0.8896089467950165,0.9514094750850894,193,1228787,1807847
612000,0.002511696626446688,0.020401554404145077,0.00025855700566362964,0.00027104063562901064,7.777777777777778,7.0,4.90689325448748,signatures/7f0b19ba3d9f568bc744246c0c058924.sig.gz,GCA_945929965.1 uncultured Lachnospiraceae bacterium SRR11489749_bin.43_metaWRAP_v1.3_MAG,7f0b19ba3d9f568bc744246c0c058924,0.19818652849740934,63000,228,113158000,/nfs3_ib/nfs-ip34/home/def-ilafores/analysis/MethodsComparison/Feces_RA/preproc/SRR5091594/SRR5091594_unmatched_2.fastq,SRR5091594,16a301542785a7ddfde0b6494debb26e,243660000,31,DNA,1000,243660,true,0.8243809997015862,0.9491284072509272,0.8867547034762566,0.9491284072509272,490,1229277,1807847
989000,0.004058934580973487,0.016555407209612818,0.0002544529262086514,0.0008109093302696523,23.64516129032258,5.0,79.39551802865513,signatures/f90573804ef6f967c063a5e756c80b57.sig.gz,GCA_947038155.1 uncultured Bacteroides sp. ERR8099095_bin.2_metawrap_v1.3_MAG,f90573804ef6f967c063a5e756c80b57,0.26408544726301736,62000,229,113096000,/nfs3_ib/nfs-ip34/home/def-ilafores/analysis/MethodsComparison/Feces_RA/preproc/SRR5091594/SRR5091594_unmatched_2.fastq,SRR5091594,16a301542785a7ddfde0b6494debb26e,243660000,31,DNA,1000,243660,true,0.8372439185691198,0.9579582805344392,0.8976010995517796,0.9579582805344392,1466,1230743,1807847
164000,0.0006730690306164328,0.01604970230390888,0.0002544529262086514,0.000045910964810628335,1.3387096774193548,1.0,0.8413420229512886,signatures/105b1e5a96baf917fdd4f7216cdfb09b.sig.gz,"GCF_000157995.1 Holdemania filiformis DSM 12042 strain=DSM 12042, ASM15799v1",105b1e5a96baf917fdd4f7216cdfb09b,0.042454051255500905,62000,230,113034000,/nfs3_ib/nfs-ip34/home/def-ilafores/analysis/MethodsComparison/Feces_RA/preproc/SRR5091594/SRR5091594_unmatched_2.fastq,SRR5091594,16a301542785a7ddfde0b6494debb26e,243660000,31,DNA,1000,243660,true,0.7900950523270378,0.9031072465805231,0.8466011494537804,0.9031072465805231,83,1230826,1807847
114000,0.0004678650578675203,0.0188039457459926,0.00025034884675367316,0.000042592099884558816,1.2622950819672132,1.0,0.5089893343036074,signatures/f5b8118b5c8d1cd71ab0f4ec367c387c.sig.gz,"GCF_009696065.1 Lachnospiraceae bacterium BSM-380-WT-5A strain=BSM-380-WT-5A, ASM969606v1",f5b8118b5c8d1cd71ab0f4ec367c387c,0.03514180024660912,61000,231,112973000,/nfs3_ib/nfs-ip34/home/def-ilafores/analysis/MethodsComparison/Feces_RA/preproc/SRR5091594/SRR5091594_unmatched_2.fastq,SRR5091594,16a301542785a7ddfde0b6494debb26e,243660000,31,DNA,1000,243660,true,0.7808804244981801,0.8976170575671254,0.8392487410326528,0.8976170575671254,77,1230903,1807847
377000,0.0015472379545267995,0.015813454837845083,0.00024214068784371665,0.0000647178660583556,1.9830508474576272,1.0,1.7897213628765147,signatures/0e52a65e33f6ee0b7a154267a57215c3.sig.gz,"GCA_902363675.1 Lachnospiraceae bacterium, MGYG-HGUT-00136",0e52a65e33f6ee0b7a154267a57215c3,0.10104529616724739,59000,232,112914000,/nfs3_ib/nfs-ip34/home/def-ilafores/analysis/MethodsComparison/Feces_RA/preproc/SRR5091594/SRR5091594_unmatched_2.fastq,SRR5091594,16a301542785a7ddfde0b6494debb26e,243660000,31,DNA,1000,243660,true,0.8115972222248036,0.9287260261465926,0.8701616241856981,0.9287260261465926,117,1231020,1807847
304000,0.0012476401543133875,0.018948056190787325,0.0002380366083887384,0.00004812354142800801,1.5,1.0,0.7712506636670703,signatures/b4eb8ad688ad5c450d509afd79a0f910.sig.gz,"GCA_902781225.1 uncultured Lachnospiraceae bacterium, Rumen uncultured genome RUG12649",b4eb8ad688ad5c450d509afd79a0f910,0.09931394968964391,58000,233,112856000,/nfs3_ib/nfs-ip34/home/def-ilafores/analysis/MethodsComparison/Feces_RA/preproc/SRR5091594/SRR5091594_unmatched_2.fastq,SRR5091594,16a301542785a7ddfde0b6494debb26e,243660000,31,DNA,1000,243660,true,0.8059822224942608,0.9282083951544741,0.8670953088243674,0.9282083951544741,87,1231107,1807847
77000,0.0003160141180333251,0.012030699025098528,0.0002380366083887384,0.000040932667421524054,1.2758620689655173,1.0,0.6100622763087633,signatures/babe28f77636c980a3ebb2731d270864.sig.gz,"GCF_000379665.1 Butyricimonas synergistica DSM 23225 strain=DSM 23225, ASM37966v1",babe28f77636c980a3ebb2731d270864,0.015971790085044596,58000,234,112798000,/nfs3_ib/nfs-ip34/home/def-ilafores/analysis/MethodsComparison/Feces_RA/preproc/SRR5091594/SRR5091594_unmatched_2.fastq,SRR5091594,16a301542785a7ddfde0b6494debb26e,243660000,31,DNA,1000,243660,true,0.7710584589369293,0.8750717512145026,0.823065105075716,0.8750717512145026,74,1231181,1807847
144000,0.0005909874415168677,0.020763811642565813,0.00022982844947878192,0.0000365075141867647,1.1785714285714286,1.0,0.5038119992737815,signatures/c122ecbf66d016ce29333bc145978b5a.sig.gz,"GCA_900112995.1 Lactobacillus rogosae strain=ATCC 27753, IMG-taxon 2597490368 annotated assembly",c122ecbf66d016ce29333bc145978b5a,0.05339265850945495,56000,235,112742000,/nfs3_ib/nfs-ip34/home/def-ilafores/analysis/MethodsComparison/Feces_RA/preproc/SRR5091594/SRR5091594_unmatched_2.fastq,SRR5091594,16a301542785a7ddfde0b6494debb26e,243660000,31,DNA,1000,243660,true,0.7867873396307714,0.9098106528128215,0.8482989962217964,0.9098106528128215,66,1231247,1807847
581000,0.0023844701633423623,0.015426997245179064,0.00022982844947878192,0.00005310183881711229,1.7142857142857142,1.0,1.3324827218698305,signatures/33c4338e66995b8c78186e1b7bbc25e7.sig.gz,"GCA_019423345.1 Butyricimonas sp., ASM1942334v1",33c4338e66995b8c78186e1b7bbc25e7,0.16005509641873278,56000,236,112686000,/nfs3_ib/nfs-ip34/home/def-ilafores/analysis/MethodsComparison/Feces_RA/preproc/SRR5091594/SRR5091594_unmatched_2.fastq,SRR5091594,16a301542785a7ddfde0b6494debb26e,243660000,31,DNA,1000,243660,true,0.8229998166674943,0.9426083322821212,0.8828040744748078,0.9426083322821212,96,1231343,1807847
775000,0.0031806615776081423,0.023246160232461604,0.00022982844947878192,0.00032414247444612293,10.464285714285714,10.5,8.330160960789,signatures/60a9e9ca89a21d914fa4e444179f1b5d.sig.gz,"GCA_934503275.1 uncultured Faecalibacterium sp., ERR7745836_bin.91",60a9e9ca89a21d914fa4e444179f1b5d,0.32171025321710256,56000,237,112630000,/nfs3_ib/nfs-ip34/home/def-ilafores/analysis/MethodsComparison/Feces_RA/preproc/SRR5091594/SRR5091594_unmatched_2.fastq,SRR5091594,16a301542785a7ddfde0b6494debb26e,243660000,31,DNA,1000,243660,true,0.8306843857654502,0.9640771088494381,0.8973807473074442,0.9640771088494381,586,1231929,1807847
194000,0.0007961914142657802,0.013101476893758932,0.00022572437002380365,0.0014940423608856281,49.10909090909091,8.0,58.93530281041553,signatures/cd255e017b4d3015ea771faa413a355b.sig.gz,"GCF_000233955.1 Paraprevotella clara YIT 11840 strain=YIT 11840, ASM23395v1",cd255e017b4d3015ea771faa413a355b,0.04621248213434969,55000,238,112575000,/nfs3_ib/nfs-ip34/home/def-ilafores/analysis/MethodsComparison/Feces_RA/preproc/SRR5091594/SRR5091594_unmatched_2.fastq,SRR5091594,16a301542785a7ddfde0b6494debb26e,243660000,31,DNA,1000,243660,true,0.7943882691803112,0.9055818699588403,0.8499850695695758,0.9055818699588403,2701,1234630,1807847
101000,0.0004145120249528031,0.02685546875,0.00022572437002380365,0.000042038955730213896,1.3818181818181818,1.0,0.6176468273259282,signatures/a3dfec5e883625971d7d60d2b91dc61a.sig.gz,"GCA_900549405.1 uncultured Clostridiales bacterium, UMGS1178",a3dfec5e883625971d7d60d2b91dc61a,0.04931640625,55000,239,112520000,/nfs3_ib/nfs-ip34/home/def-ilafores/analysis/MethodsComparison/Feces_RA/preproc/SRR5091594/SRR5091594_unmatched_2.fastq,SRR5091594,16a301542785a7ddfde0b6494debb26e,243660000,31,DNA,1000,243660,true,0.7778364571434777,0.9074828638925382,0.8426596605180079,0.9074828638925382,76,1234706,1807847
281000,0.0011532463268488877,0.0162577593851611,0.00022572437002380365,0.00006029271282359624,1.981818181818182,1.0,2.194960418702219,signatures/ba9c097781d61e9512f594f3c5dee5f9.sig.gz,"GCA_003573975.1 Clostridiales bacterium CCNA10 strain=CCNA10, ASM357397v1",ba9c097781d61e9512f594f3c5dee5f9,0.08306237067691398,55000,240,112465000,/nfs3_ib/nfs-ip34/home/def-ilafores/analysis/MethodsComparison/Feces_RA/preproc/SRR5091594/SRR5091594_unmatched_2.fastq,SRR5091594,16a301542785a7ddfde0b6494debb26e,243660000,31,DNA,1000,243660,true,0.8039393620994303,0.9228732861405528,0.8634063241199915,0.9228732861405528,109,1234815,1807847
315000,0.0012927850283181482,0.013782542113323124,0.0002216202905688254,0.00010177852439946522,3.4074074074074074,3.0,2.883660986640257,signatures/6501011acd325617cc2e04b178f8f630.sig.gz,GCF_025145645.1 Alistipes senegalensis JC50 strain=JC50 ASM2514564v1,6501011acd325617cc2e04b178f8f630,0.08039816232771822,54000,241,112411000,/nfs3_ib/nfs-ip34/home/def-ilafores/analysis/MethodsComparison/Feces_RA/preproc/SRR5091594/SRR5091594_unmatched_2.fastq,SRR5091594,16a301542785a7ddfde0b6494debb26e,243660000,31,DNA,1000,243660,true,0.8069069005049122,0.921903277117252,0.8644050888110821,0.921903277117252,184,1234999,1807847
58000,0.0002380366083887384,0.03306797305572566,0.0002216202905688254,0.00003982637911283422,1.3333333333333333,1.0,0.693888666488711,signatures/02d11aa1092aee69bbf23dc936ef337b.sig.gz,"GCA_900548955.1 uncultured Eggerthella sp., UMGS1142",02d11aa1092aee69bbf23dc936ef337b,0.03551745254133497,54000,242,112357000,/nfs3_ib/nfs-ip34/home/def-ilafores/analysis/MethodsComparison/Feces_RA/preproc/SRR5091594/SRR5091594_unmatched_2.fastq,SRR5091594,16a301542785a7ddfde0b6494debb26e,243660000,31,DNA,1000,243660,true,0.7640425413185664,0.8979249896778774,0.830983765498222,0.8979249896778774,72,1235071,1807847
217000,0.0008905852417302799,0.014677901603696657,0.0002216202905688254,0.000042592099884558816,1.4259259259259258,1.0,0.9737642092692523,signatures/00a8594ef7630a9c5be143440e63af25.sig.gz,"GCF_014385005.1 Jingyaoa shaoxingensis strain=NSJ-46, ASM1438500v1",00a8594ef7630a9c5be143440e63af25,0.058983419407447675,54000,243,112303000,/nfs3_ib/nfs-ip34/home/def-ilafores/analysis/MethodsComparison/Feces_RA/preproc/SRR5091594/SRR5091594_unmatched_2.fastq,SRR5091594,16a301542785a7ddfde0b6494debb26e,243660000,31,DNA,1000,243660,true,0.7972645159839368,0.9127379903581201,0.8550012531710285,0.9127379903581201,77,1235148,1807847
646000,0.0026512353279159484,0.02024446142093201,0.00021751621111384717,0.00008075904653435827,2.7547169811320753,2.0,1.9319133186672008,signatures/7108e92619b903654cd875e33d69a01d.sig.gz,GCA_003464165.1 Eubacterium sp. AM49-13BH strain=AM49-13BH ASM346416v1,7108e92619b903654cd875e33d69a01d,0.24675324675324675,53000,244,112250000,/nfs3_ib/nfs-ip34/home/def-ilafores/analysis/MethodsComparison/Feces_RA/preproc/SRR5091594/SRR5091594_unmatched_2.fastq,SRR5091594,16a301542785a7ddfde0b6494debb26e,243660000,31,DNA,1000,243660,true,0.8258200603990046,0.955862836212278,0.8908414483056413,0.955862836212278,146,1235294,1807847
161000,0.000660756792251498,0.01728073035539615,0.00021751621111384717,0.00004369838819324865,1.490566037735849,1.0,1.0023113196447866,signatures/9ab671fa6983f6c9a2d4ab9bd5e10b75.sig.gz,GCA_902474825.1 uncultured Eubacteriales bacterium UHGG-TPA_MGYG-HGUT-02006,9ab671fa6983f6c9a2d4ab9bd5e10b75,0.05249429409846756,53000,245,112197000,/nfs3_ib/nfs-ip34/home/def-ilafores/analysis/MethodsComparison/Feces_RA/preproc/SRR5091594/SRR5091594_unmatched_2.fastq,SRR5091594,16a301542785a7ddfde0b6494debb26e,243660000,31,DNA,1000,243660,true,0.7896246509791411,0.9093127770638249,0.8494687140214829,0.9093127770638249,79,1235373,1807847
55000,0.00022572437002380365,0.038517441860465115,0.00021751621111384717,0.000633903200879278,21.62264150943396,22.0,10.37999966389344,signatures/04eb27c484d47429729a3ef57d6db8d3.sig.gz,"GCA_905188025.1 uncultured Clostridiales bacterium, ERR1600683-mag-bin.50",04eb27c484d47429729a3ef57d6db8d3,0.03997093023255814,53000,246,112144000,/nfs3_ib/nfs-ip34/home/def-ilafores/analysis/MethodsComparison/Feces_RA/preproc/SRR5091594/SRR5091594_unmatched_2.fastq,SRR5091594,16a301542785a7ddfde0b6494debb26e,243660000,31,DNA,1000,243660,true,0.7627346888644534,0.9013531399685656,0.8320439144165095,0.9013531399685656,1146,1236519,1807847
219000,0.0008987934006402364,0.018207282913165267,0.00021341213165886893,0.00024006456298569513,8.346153846153847,8.0,5.243621089493169,signatures/34c015d1498c124b3727c1f149c1b735.sig.gz,"GCA_934394665.1 uncultured Acetatifactor sp., ERR7738167_bin.91",34c015d1498c124b3727c1f149c1b735,0.07668067226890757,52000,247,112092000,/nfs3_ib/nfs-ip34/home/def-ilafores/analysis/MethodsComparison/Feces_RA/preproc/SRR5091594/SRR5091594_unmatched_2.fastq,SRR5091594,16a301542785a7ddfde0b6494debb26e,243660000,31,DNA,1000,243660,true,0.7975004994390428,0.9204964674822054,0.8589984834606241,0.9204964674822054,434,1236953,1807847
103000,0.00042272018386275956,0.018374558303886925,0.00021341213165886893,0.00004037952326717913,1.4038461538461537,1.0,0.7908032767289265,signatures/62f2edc0f5d9a87973abf66efac5aacb.sig.gz,GCA_958446555.1 uncultured Lachnospiraceae bacterium ERR9607163_bin.11_MetaWRAP_v1.3_MAG,62f2edc0f5d9a87973abf66efac5aacb,0.036395759717314485,52000,248,112040000,/nfs3_ib/nfs-ip34/home/def-ilafores/analysis/MethodsComparison/Feces_RA/preproc/SRR5091594/SRR5091594_unmatched_2.fastq,SRR5091594,16a301542785a7ddfde0b6494debb26e,243660000,31,DNA,1000,243660,true,0.7783286187136093,0.8986328357430795,0.8384807272283443,0.8986328357430795,73,1237026,1807847
292000,0.0011983912008536484,0.015111886079628016,0.00021341213165886893,0.00005033611804538769,1.75,1.0,1.1244656850802859,signatures/06be881168990be7285f7dac173fa8cf.sig.gz,"GCF_014287355.1 Ruminococcus sp. NSJ-13 strain=NSJ-13, ASM1428735v1",06be881168990be7285f7dac173fa8cf,0.08485905260098808,52000,249,111988000,/nfs3_ib/nfs-ip34/home/def-ilafores/analysis/MethodsComparison/Feces_RA/preproc/SRR5091594/SRR5091594_unmatched_2.fastq,SRR5091594,16a301542785a7ddfde0b6494debb26e,243660000,31,DNA,1000,243660,true,0.8049358040910827,0.9235105832544267,0.8642231936727547,0.9235105832544267,91,1237117,1807847
988000,0.00405483050151851,0.01927353595255745,0.00021341213165886893,0.0006067991373163769,21.096153846153847,13.5,20.41328716545692,signatures/eeb695a1e6e0e337d3fe9bb8e8223271.sig.gz,GCA_948956705.1 uncultured Phocaeicola sp. MGBC101826,eeb695a1e6e0e337d3fe9bb8e8223271,0.36619718309859156,52000,250,111936000,/nfs3_ib/nfs-ip34/home/def-ilafores/analysis/MethodsComparison/Feces_RA/preproc/SRR5091594/SRR5091594_unmatched_2.fastq,SRR5091594,16a301542785a7ddfde0b6494debb26e,243660000,31,DNA,1000,243660,true,0.8372165969404194,0.9681135313194408,0.9026650641299301,0.9681135313194408,1097,1238214,1807847
249000,0.0010219157842895838,0.020448289421942586,0.00021341213165886893,0.00004314524403890374,1.5,1.0,0.6933752452815364,signatures/95f8130846ee8e63441ccf30882428cf.sig.gz,GCF_030848305.1 Akkermansia muciniphila strain=MmAkk3 ASM3084830v1,95f8130846ee8e63441ccf30882428cf,0.09791584742430201,52000,251,111884000,/nfs3_ib/nfs-ip34/home/def-ilafores/analysis/MethodsComparison/Feces_RA/preproc/SRR5091594/SRR5091594_unmatched_2.fastq,SRR5091594,16a301542785a7ddfde0b6494debb26e,243660000,31,DNA,1000,243660,true,0.8008100588079011,0.927783982648202,0.8642970207280516,0.927783982648202,78,1238292,1807847
479000,0.001965854058934581,0.013677012098895318,0.00021341213165886893,0.00006305843359532084,2.1923076923076925,2.0,1.641276022565528,signatures/a8487ccc34a799adb014d58e14274aaf.sig.gz,GCA_025758065.1 Lachnospiraceae bacterium ASM2575806v1,a8487ccc34a799adb014d58e14274aaf,0.1259863229879011,52000,252,111832000,/nfs3_ib/nfs-ip34/home/def-ilafores/analysis/MethodsComparison/Feces_RA/preproc/SRR5091594/SRR5091594_unmatched_2.fastq,SRR5091594,16a301542785a7ddfde0b6494debb26e,243660000,31,DNA,1000,243660,true,0.8178905726745646,0.9353586658517082,0.8766246192631364,0.9353586658517082,114,1238406,1807847
525000,0.0021546417138635803,0.032217308907138344,0.00020930805220389066,0.00012224485811022725,4.333333333333333,2.0,5.707465584538623,signatures/3b0c0b515aeaac98f8eecc40f98418e8.sig.gz,GCA_902463235.1 uncultured Faecalibacterium sp. UHGG-TPA_MGYG-HGUT-00512,3b0c0b515aeaac98f8eecc40f98418e8,0.33164876816171823,51000,253,111781000,/nfs3_ib/nfs-ip34/home/def-ilafores/analysis/MethodsComparison/Feces_RA/preproc/SRR5091594/SRR5091594_unmatched_2.fastq,SRR5091594,16a301542785a7ddfde0b6494debb26e,243660000,31,DNA,1000,243660,true,0.8203134658340752,0.9650237738351201,0.8926686198345977,0.9650237738351201,221,1238627,1807847
432000,0.0017729623245506033,0.01781348236115962,0.00020930805220389066,0.00011892599318415774,4.215686274509804,2.0,5.277825330124312,signatures/975ff2182ed7ebf52419fe49c4a7985d.sig.gz,"GCF_002549775.1 Faecalibacterium prausnitzii strain=CNCM I 4541, ASM254977v1",975ff2182ed7ebf52419fe49c4a7985d,0.15089067411805798,51000,254,111730000,/nfs3_ib/nfs-ip34/home/def-ilafores/analysis/MethodsComparison/Feces_RA/preproc/SRR5091594/SRR5091594_unmatched_2.fastq,SRR5091594,16a301542785a7ddfde0b6494debb26e,243660000,31,DNA,1000,243660,true,0.8151703432378589,0.9408171785614176,0.8779937608996382,0.9408171785614176,215,1238842,1807847
430000,0.0017647541656406467,0.007367025195226168,0.00020520397274891242,0.00014713634505574864,5.32,4.0,5.842739083683268,signatures/6a82102a8a9caa7158b1d7ae1e0d3d95.sig.gz,"GCF_012113595.1 Bacteroides sp. CBA7301 strain=CBA7301, ASM1211359v1",6a82102a8a9caa7158b1d7ae1e0d3d95,0.06335641667894504,50000,255,111680000,/nfs3_ib/nfs-ip34/home/def-ilafores/analysis/MethodsComparison/Feces_RA/preproc/SRR5091594/SRR5091594_unmatched_2.fastq,SRR5091594,16a301542785a7ddfde0b6494debb26e,243660000,31,DNA,1000,243660,true,0.8150483297961032,0.9148461907113008,0.864947260253702,0.9148461907113008,266,1239108,1807847
