intersect_bp,f_orig_query,f_match,f_unique_to_query,f_unique_weighted,average_abund,median_abund,std_abund,match_filename,match_name,match_md5,f_match_orig,unique_intersect_bp,gather_result_rank,remaining_bp,query_filename,query_name,query_md5,query_bp,ksize,moltype,scaled,query_n_hashes,query_abundance,query_containment_ani,match_containment_ani,average_containment_ani,max_containment_ani,n_unique_weighted_found,sum_weighted_found,total_weighted_hashes
2559000,0.0020005566222411238,0.40496914068681755,0.0020005566222411238,0.0005582692278267662,1.5541227041813208,1.0,1.2811578276068596,signatures/4093647fdf36e85b43ce2ca34101892d.sig.gz,"GCA_000751155.1 Pseudomonas savastanoi pv. savastanoi, PSV1.0",4093647fdf36e85b43ce2ca34101892d,0.40496914068681755,2559000,0,1276585000,/net/nfs-ip34//fast2/def-ilafores/Olive/preproc/SRR11659625/SRR11659625_unmatched_2.fastq,SRR11659625,856e5a7614c780848487efc7e954a4ae,1279144000,31,DNA,1000,1279144,true,0.8183523802381777,0.9712615386969691,0.8948069594675734,0.9712615386969691,3977,3977,7123803
2489000,0.001945832525501429,0.011195846178809022,0.00005394232392912761,0.0000310227556826038,3.2028985507246377,1.0,5.491969658404758,signatures/fcae457471fe152967a59c0018322444.sig.gz,"GCF_001538155.1 Pseudomonas savastanoi pv. fraxini strain=CFBP 5062, ASM153815v1",fcae457471fe152967a59c0018322444,0.40386175563848775,69000,1,1276516000,/net/nfs-ip34//fast2/def-ilafores/Olive/preproc/SRR11659625/SRR11659625_unmatched_2.fastq,SRR11659625,856e5a7614c780848487efc7e954a4ae,1279144000,31,DNA,1000,1279144,true,0.8176205321902906,0.9711757507040971,0.8943981414471939,0.9711757507040971,221,4198,7123803
