intersect_bp,f_orig_query,f_match,f_unique_to_query,f_unique_weighted,average_abund,median_abund,std_abund,match_filename,match_name,match_md5,f_match_orig,unique_intersect_bp,gather_result_rank,remaining_bp,query_filename,query_name,query_md5,query_bp,ksize,moltype,scaled,query_n_hashes,query_abundance,query_containment_ani,match_containment_ani,average_containment_ani,max_containment_ani,n_unique_weighted_found,sum_weighted_found,total_weighted_hashes
133000,0.04886113152094049,0.01842870999030068,0.04886113152094049,0.035775577557755775,2.037593984962406,2.0,1.2409432201971586,signatures/ed637ce0849ed00dc0eb3a30f8e4230c.sig.gz,"GCA_021667175.1 Pseudomonas aeruginosa strain=PS07, PDT000866453.1",ed637ce0849ed00dc0eb3a30f8e4230c,0.01842870999030068,133000,0,2589000,/nfs3_ib/nfs-ip34/home/def-ilafores/analysis/MethodsComparison/AD_Skin/preproc/SRR20002381/SRR20002381_unmatched_2.fastq,SRR20002381,0c72346dcdc336e1d69bbc561d83f552,2722000,31,DNA,1000,2722,true,0.9072114036130857,0.8791201282465171,0.8931657659298013,0.9072114036130857,271,271,7575
99000,0.03637031594415871,0.02403728231542801,0.03600293901542983,0.02574257425742574,1.989795918367347,2.0,1.1111209449331134,signatures/7b2e6c817a0634c4bc2e68ca6d223d8f.sig.gz,"GCA_003331695.1 Pseudomonas sp., ASM333169v1",7b2e6c817a0634c4bc2e68ca6d223d8f,0.024282560706401765,98000,1,2491000,/nfs3_ib/nfs-ip34/home/def-ilafores/analysis/MethodsComparison/AD_Skin/preproc/SRR20002381/SRR20002381_unmatched_2.fastq,SRR20002381,0c72346dcdc336e1d69bbc561d83f552,2722000,31,DNA,1000,2722,true,0.898612563665212,0.8869777492879275,0.8927951564765697,0.898612563665212,195,466,7575
50000,0.018368846436443792,0.006038647342995169,0.018368846436443792,0.017953795379537955,2.72,2.0,1.887220177933672,signatures/783595459cf65f830f55d50d49021ca2.sig.gz,"GCA_016092185.1 Burkholderia contaminans strain=407H, ASM1609218v1",783595459cf65f830f55d50d49021ca2,0.006038647342995169,50000,2,2441000,/nfs3_ib/nfs-ip34/home/def-ilafores/analysis/MethodsComparison/AD_Skin/preproc/SRR20002381/SRR20002381_unmatched_2.fastq,SRR20002381,0c72346dcdc336e1d69bbc561d83f552,2722000,31,DNA,1000,2722,true,0.8790278631090013,0.8480420918513975,0.8635349774801994,0.8790278631090013,136,602,7575
